ISO-10303-21;
HEADER;
FILE_DESCRIPTION (( 'STEP AP214' ),
    '1' );
FILE_NAME ('3518P.STEP',
    '2009-06-04T18:07:59',
    ( 'Richard Maletta' ),
    ( '' ),
    'SwSTEP 2.0',
    'SolidWorks 2009',
    '' );
FILE_SCHEMA (( 'AUTOMOTIVE_DESIGN' ));
ENDSEC;

DATA;
#1 = APPLICATION_PROTOCOL_DEFINITION ( 'draft international standard', 'automotive_design', 1998, #2 ) ;
#2 = APPLICATION_CONTEXT ( 'automotive_design' ) ;
#3 = SHAPE_DEFINITION_REPRESENTATION ( #12, #2959 ) ;
#4 = PRODUCT ( '3518P', '3518P', '', ( #5 ) ) ;
#5 = PRODUCT_CONTEXT ( 'NONE', #11, 'mechanical' ) ;
#6 = APPLICATION_PROTOCOL_DEFINITION ( 'draft international standard', 'automotive_design', 1998, #11 ) ;
#7 = PRODUCT_DEFINITION_FORMATION_WITH_SPECIFIED_SOURCE ( 'ANY', '', #4, .NOT_KNOWN. ) ;
#8 = PRODUCT_DEFINITION ( 'UNKNOWN', '', #7, #9 ) ;
#9 = PRODUCT_DEFINITION_CONTEXT ( 'detailed design', #2, 'design' ) ;
#10 = PRODUCT_RELATED_PRODUCT_CATEGORY ( 'part', '', ( #4 ) ) ;
#11 = APPLICATION_CONTEXT ( 'automotive_design' ) ;
#12 = PRODUCT_DEFINITION_SHAPE ( 'NONE', 'NONE',  #8 ) ;
#13 = ORIENTED_EDGE ( 'NONE', *, *, #83, .F. ) ;
#14 = MANIFOLD_SOLID_BREP ( 'NONE', #925 ) ;
#15 = ADVANCED_FACE ( 'NONE', ( #1171 ), #1240, .T. ) ;
#16 = EDGE_CURVE ( 'NONE', #233, #17, #1113, .T. ) ;
#17 = VERTEX_POINT ( 'NONE', #1162 ) ;
#18 = ORIENTED_EDGE ( 'NONE', *, *, #19, .T. ) ;
#19 = EDGE_CURVE ( 'NONE', #17, #234, #1216, .T. ) ;
#20 = ORIENTED_EDGE ( 'NONE', *, *, #111, .F. ) ;
#21 = ORIENTED_EDGE ( 'NONE', *, *, #22, .T. ) ;
#22 = EDGE_CURVE ( 'NONE', #236, #55, #1129, .T. ) ;
#23 = ORIENTED_EDGE ( 'NONE', *, *, #24, .T. ) ;
#24 = EDGE_CURVE ( 'NONE', #57, #116, #1130, .T. ) ;
#25 = ORIENTED_EDGE ( 'NONE', *, *, #179, .T. ) ;
#26 = ORIENTED_EDGE ( 'NONE', *, *, #133, .F. ) ;
#27 = ORIENTED_EDGE ( 'NONE', *, *, #56, .T. ) ;
#28 = VERTEX_POINT ( 'NONE', #1234 ) ;
#29 = ORIENTED_EDGE ( 'NONE', *, *, #30, .T. ) ;
#30 = EDGE_CURVE ( 'NONE', #38, #31, #1250, .T. ) ;
#31 = VERTEX_POINT ( 'NONE', #1246 ) ;
#32 = VERTEX_POINT ( 'NONE', #1167 ) ;
#33 = ORIENTED_EDGE ( 'NONE', *, *, #34, .T. ) ;
#34 = EDGE_CURVE ( 'NONE', #32, #35, #1166, .T. ) ;
#35 = VERTEX_POINT ( 'NONE', #1201 ) ;
#36 = ORIENTED_EDGE ( 'NONE', *, *, #37, .T. ) ;
#37 = EDGE_CURVE ( 'NONE', #35, #38, #1154, .T. ) ;
#38 = VERTEX_POINT ( 'NONE', #1210 ) ;
#39 = EDGE_CURVE ( 'NONE', #159, #40, #1103, .T. ) ;
#40 = VERTEX_POINT ( 'NONE', #1200 ) ;
#41 = ORIENTED_EDGE ( 'NONE', *, *, #42, .T. ) ;
#42 = EDGE_CURVE ( 'NONE', #40, #43, #1209, .T. ) ;
#43 = VERTEX_POINT ( 'NONE', #1205 ) ;
#44 = ORIENTED_EDGE ( 'NONE', *, *, #45, .T. ) ;
#45 = EDGE_CURVE ( 'NONE', #43, #32, #1117, .T. ) ;
#46 = ORIENTED_EDGE ( 'NONE', *, *, #134, .T. ) ;
#47 = ORIENTED_EDGE ( 'NONE', *, *, #48, .T. ) ;
#48 = EDGE_CURVE ( 'NONE', #59, #49, #1179, .T. ) ;
#49 = VERTEX_POINT ( 'NONE', #1228 ) ;
#50 = ORIENTED_EDGE ( 'NONE', *, *, #51, .T. ) ;
#51 = EDGE_CURVE ( 'NONE', #49, #52, #1227, .T. ) ;
#52 = VERTEX_POINT ( 'NONE', #1148 ) ;
#53 = EDGE_LOOP ( 'NONE', ( #27, #23, #25, #21, #46, #135, #47, #50, #136, #138, #139, #41, #44, #33, #36, #29, #311, #396 ) ) ;
#54 = VERTEX_POINT ( 'NONE', #1150 ) ;
#55 = VERTEX_POINT ( 'NONE', #1149 ) ;
#56 = EDGE_CURVE ( 'NONE', #28, #57, #1147, .T. ) ;
#57 = VERTEX_POINT ( 'NONE', #1105 ) ;
#58 = EDGE_CURVE ( 'NONE', #190, #132, #1104, .T. ) ;
#59 = VERTEX_POINT ( 'NONE', #1125 ) ;
#60 = ORIENTED_EDGE ( 'NONE', *, *, #61, .F. ) ;
#61 = EDGE_CURVE ( 'NONE', #110, #59, #1160, .T. ) ;
#62 = VERTEX_POINT ( 'NONE', #1161 ) ;
#63 = ADVANCED_FACE ( 'NONE', ( #1245 ), #1244, .F. ) ;
#64 = ORIENTED_EDGE ( 'NONE', *, *, #124, .F. ) ;
#65 = VERTEX_POINT ( 'NONE', #1193 ) ;
#66 = ADVANCED_FACE ( 'NONE', ( #1189 ), #1188, .F. ) ;
#67 = EDGE_CURVE ( 'NONE', #68, #69, #1176, .T. ) ;
#68 = VERTEX_POINT ( 'NONE', #1122 ) ;
#69 = VERTEX_POINT ( 'NONE', #1121 ) ;
#70 = VERTEX_POINT ( 'NONE', #1120 ) ;
#71 = ORIENTED_EDGE ( 'NONE', *, *, #72, .F. ) ;
#72 = EDGE_CURVE ( 'NONE', #102, #65, #1119, .T. ) ;
#73 = ORIENTED_EDGE ( 'NONE', *, *, #103, .F. ) ;
#74 = EDGE_CURVE ( 'NONE', #181, #62, #1230, .T. ) ;
#75 = EDGE_CURVE ( 'NONE', #109, #97, #1222, .T. ) ;
#76 = VERTEX_POINT ( 'NONE', #1218 ) ;
#77 = EDGE_CURVE ( 'NONE', #76, #97, #1142, .T. ) ;
#78 = EDGE_LOOP ( 'NONE', ( #96, #207, #93, #203 ) ) ;
#79 = ORIENTED_EDGE ( 'NONE', *, *, #80, .T. ) ;
#80 = EDGE_CURVE ( 'NONE', #250, #146, #1143, .T. ) ;
#81 = EDGE_CURVE ( 'NONE', #188, #82, #1368, .T. ) ;
#82 = VERTEX_POINT ( 'NONE', #1335 ) ;
#83 = EDGE_CURVE ( 'NONE', #122, #242, #1299, .T. ) ;
#84 = EDGE_CURVE ( 'NONE', #102, #85, #1363, .T. ) ;
#85 = VERTEX_POINT ( 'NONE', #1290 ) ;
#86 = VERTEX_POINT ( 'NONE', #1289 ) ;
#87 = EDGE_CURVE ( 'NONE', #233, #218, #1295, .T. ) ;
#88 = EDGE_CURVE ( 'NONE', #213, #117, #1296, .T. ) ;
#89 = EDGE_LOOP ( 'NONE', ( #209, #118, #248, #247 ) ) ;
#90 = ORIENTED_EDGE ( 'NONE', *, *, #88, .F. ) ;
#91 = VERTEX_POINT ( 'NONE', #1393 ) ;
#92 = VERTEX_POINT ( 'NONE', #1353 ) ;
#93 = ORIENTED_EDGE ( 'NONE', *, *, #200, .F. ) ;
#94 = VERTEX_POINT ( 'NONE', #1302 ) ;
#95 = ADVANCED_FACE ( 'NONE', ( #1301 ), #1300, .F. ) ;
#96 = ORIENTED_EDGE ( 'NONE', *, *, #100, .T. ) ;
#97 = VERTEX_POINT ( 'NONE', #1253 ) ;
#98 = ORIENTED_EDGE ( 'NONE', *, *, #75, .F. ) ;
#99 = ORIENTED_EDGE ( 'NONE', *, *, #77, .T. ) ;
#100 = EDGE_CURVE ( 'NONE', #94, #92, #1403, .T. ) ;
#101 = ORIENTED_EDGE ( 'NONE', *, *, #84, .T. ) ;
#102 = VERTEX_POINT ( 'NONE', #1404 ) ;
#103 = EDGE_CURVE ( 'NONE', #122, #116, #1321, .T. ) ;
#104 = ORIENTED_EDGE ( 'NONE', *, *, #105, .F. ) ;
#105 = EDGE_CURVE ( 'NONE', #144, #184, #1339, .T. ) ;
#106 = EDGE_LOOP ( 'NONE', ( #169, #79, #147, #99, #98 ) ) ;
#107 = ADVANCED_FACE ( 'NONE', ( #1367 ), #1365, .T. ) ;
#108 = VERTEX_POINT ( 'NONE', #1407 ) ;
#109 = VERTEX_POINT ( 'NONE', #1292 ) ;
#110 = VERTEX_POINT ( 'NONE', #1291 ) ;
#111 = EDGE_CURVE ( 'NONE', #218, #234, #1316, .T. ) ;
#112 = ORIENTED_EDGE ( 'NONE', *, *, #240, .T. ) ;
#113 = ORIENTED_EDGE ( 'NONE', *, *, #87, .F. ) ;
#114 = EDGE_LOOP ( 'NONE', ( #127, #211, #255, #120, #90 ) ) ;
#115 = ADVANCED_FACE ( 'NONE', ( #1317 ), #1360, .T. ) ;
#116 = VERTEX_POINT ( 'NONE', #1334 ) ;
#117 = VERTEX_POINT ( 'NONE', #1333 ) ;
#118 = ORIENTED_EDGE ( 'NONE', *, *, #257, .T. ) ;
#119 = EDGE_CURVE ( 'NONE', #254, #210, #1329, .T. ) ;
#120 = ORIENTED_EDGE ( 'NONE', *, *, #256, .F. ) ;
#121 = EDGE_LOOP ( 'NONE', ( #101, #244, #64, #71 ) ) ;
#122 = VERTEX_POINT ( 'NONE', #1397 ) ;
#123 = VERTEX_POINT ( 'NONE', #1396 ) ;
#124 = EDGE_CURVE ( 'NONE', #65, #70, #1421, .T. ) ;
#125 = EDGE_CURVE ( 'NONE', #85, #70, #1380, .T. ) ;
#126 = VERTEX_POINT ( 'NONE', #1376 ) ;
#127 = ORIENTED_EDGE ( 'NONE', *, *, #212, .T. ) ;
#128 = EDGE_CURVE ( 'NONE', #123, #210, #1375, .T. ) ;
#129 = ADVANCED_FACE ( 'NONE', ( #1371 ), #1370, .T. ) ;
#130 = ORIENTED_EDGE ( 'NONE', *, *, #131, .F. ) ;
#131 = EDGE_CURVE ( 'NONE', #54, #132, #1278, .T. ) ;
#132 = VERTEX_POINT ( 'NONE', #1274 ) ;
#133 = EDGE_CURVE ( 'NONE', #167, #54, #1273, .T. ) ;
#134 = EDGE_CURVE ( 'NONE', #55, #110, #1269, .T. ) ;
#135 = ORIENTED_EDGE ( 'NONE', *, *, #61, .T. ) ;
#136 = ORIENTED_EDGE ( 'NONE', *, *, #137, .T. ) ;
#137 = EDGE_CURVE ( 'NONE', #52, #152, #1265, .T. ) ;
#138 = ORIENTED_EDGE ( 'NONE', *, *, #140, .T. ) ;
#139 = ORIENTED_EDGE ( 'NONE', *, *, #39, .T. ) ;
#140 = EDGE_CURVE ( 'NONE', #152, #159, #1261, .T. ) ;
#141 = ADVANCED_FACE ( 'NONE', ( #1257 ), #1256, .T. ) ;
#142 = EDGE_LOOP ( 'NONE', ( #192, #191, #130, #26 ) ) ;
#143 = VERTEX_POINT ( 'NONE', #1328 ) ;
#144 = VERTEX_POINT ( 'NONE', #1324 ) ;
#145 = ORIENTED_EDGE ( 'NONE', *, *, #187, .T. ) ;
#146 = VERTEX_POINT ( 'NONE', #1323 ) ;
#147 = ORIENTED_EDGE ( 'NONE', *, *, #148, .T. ) ;
#148 = EDGE_CURVE ( 'NONE', #146, #76, #1392, .T. ) ;
#149 = EDGE_CURVE ( 'NONE', #69, #217, #1387, .T. ) ;
#150 = EDGE_CURVE ( 'NONE', #108, #82, #1383, .T. ) ;
#151 = EDGE_LOOP ( 'NONE', ( #153, #155, #198, #157 ) ) ;
#152 = VERTEX_POINT ( 'NONE', #1444 ) ;
#153 = ORIENTED_EDGE ( 'NONE', *, *, #154, .T. ) ;
#154 = EDGE_CURVE ( 'NONE', #152, #194, #1443, .T. ) ;
#155 = ORIENTED_EDGE ( 'NONE', *, *, #197, .T. ) ;
#156 = EDGE_CURVE ( 'NONE', #196, #159, #1438, .T. ) ;
#157 = ORIENTED_EDGE ( 'NONE', *, *, #140, .F. ) ;
#158 = ORIENTED_EDGE ( 'NONE', *, *, #160, .F. ) ;
#159 = VERTEX_POINT ( 'NONE', #1433 ) ;
#160 = EDGE_CURVE ( 'NONE', #86, #195, #1432, .T. ) ;
#161 = ORIENTED_EDGE ( 'NONE', *, *, #193, .T. ) ;
#162 = VERTEX_POINT ( 'NONE', #1428 ) ;
#163 = ORIENTED_EDGE ( 'NONE', *, *, #164, .F. ) ;
#164 = EDGE_CURVE ( 'NONE', #195, #143, #1426, .T. ) ;
#165 = ADVANCED_FACE ( 'NONE', ( #1427 ), #1312, .T. ) ;
#166 = EDGE_CURVE ( 'NONE', #167, #190, #1307, .T. ) ;
#167 = VERTEX_POINT ( 'NONE', #1416 ) ;
#168 = EDGE_CURVE ( 'NONE', #185, #216, #1415, .T. ) ;
#169 = ORIENTED_EDGE ( 'NONE', *, *, #249, .F. ) ;
#170 = ORIENTED_EDGE ( 'NONE', *, *, #186, .T. ) ;
#171 = EDGE_CURVE ( 'NONE', #183, #108, #1411, .T. ) ;
#172 = ADVANCED_FACE ( 'NONE', ( #1350 ), #1349, .F. ) ;
#173 = EDGE_LOOP ( 'NONE', ( #252, #145, #174, #251 ) ) ;
#174 = ORIENTED_EDGE ( 'NONE', *, *, #81, .T. ) ;
#175 = ADVANCED_FACE ( 'NONE', ( #1453 ), #1462, .T. ) ;
#176 = ORIENTED_EDGE ( 'NONE', *, *, #253, .F. ) ;
#177 = ORIENTED_EDGE ( 'NONE', *, *, #168, .T. ) ;
#178 = EDGE_CURVE ( 'NONE', #242, #236, #1455, .T. ) ;
#179 = EDGE_CURVE ( 'NONE', #116, #236, #1451, .T. ) ;
#180 = ORIENTED_EDGE ( 'NONE', *, *, #74, .T. ) ;
#181 = VERTEX_POINT ( 'NONE', #1466 ) ;
#182 = EDGE_CURVE ( 'NONE', #126, #217, #1470, .T. ) ;
#183 = VERTEX_POINT ( 'NONE', #1546 ) ;
#184 = VERTEX_POINT ( 'NONE', #1545 ) ;
#185 = VERTEX_POINT ( 'NONE', #1544 ) ;
#186 = EDGE_CURVE ( 'NONE', #216, #184, #1542, .T. ) ;
#187 = EDGE_CURVE ( 'NONE', #183, #188, #1543, .T. ) ;
#188 = VERTEX_POINT ( 'NONE', #1468 ) ;
#189 = EDGE_LOOP ( 'NONE', ( #180, #112, #60, #237 ) ) ;
#190 = VERTEX_POINT ( 'NONE', #1467 ) ;
#191 = ORIENTED_EDGE ( 'NONE', *, *, #58, .T. ) ;
#192 = ORIENTED_EDGE ( 'NONE', *, *, #166, .T. ) ;
#193 = EDGE_CURVE ( 'NONE', #162, #143, #1508, .T. ) ;
#194 = VERTEX_POINT ( 'NONE', #1504 ) ;
#195 = VERTEX_POINT ( 'NONE', #1503 ) ;
#196 = VERTEX_POINT ( 'NONE', #1502 ) ;
#197 = EDGE_CURVE ( 'NONE', #194, #196, #1477, .T. ) ;
#198 = ORIENTED_EDGE ( 'NONE', *, *, #156, .T. ) ;
#199 = VERTEX_POINT ( 'NONE', #1473 ) ;
#200 = EDGE_CURVE ( 'NONE', #199, #91, #1460, .T. ) ;
#201 = EDGE_CURVE ( 'NONE', #94, #199, #1461, .T. ) ;
#202 = ADVANCED_FACE ( 'NONE', ( #1537 ), #1536, .F. ) ;
#203 = ORIENTED_EDGE ( 'NONE', *, *, #201, .F. ) ;
#204 = EDGE_LOOP ( 'NONE', ( #205, #161, #163, #158 ) ) ;
#205 = ORIENTED_EDGE ( 'NONE', *, *, #206, .T. ) ;
#206 = EDGE_CURVE ( 'NONE', #86, #162, #1491, .T. ) ;
#207 = ORIENTED_EDGE ( 'NONE', *, *, #208, .T. ) ;
#208 = EDGE_CURVE ( 'NONE', #92, #91, #1483, .T. ) ;
#209 = ORIENTED_EDGE ( 'NONE', *, *, #67, .F. ) ;
#210 = VERTEX_POINT ( 'NONE', #1479 ) ;
#211 = ORIENTED_EDGE ( 'NONE', *, *, #128, .T. ) ;
#212 = EDGE_CURVE ( 'NONE', #213, #123, #1478, .T. ) ;
#213 = VERTEX_POINT ( 'NONE', #1497 ) ;
#214 = ADVANCED_FACE ( 'NONE', ( #1496 ), #1492, .F. ) ;
#215 = EDGE_LOOP ( 'NONE', ( #176, #177, #170, #104 ) ) ;
#216 = VERTEX_POINT ( 'NONE', #1493 ) ;
#217 = VERTEX_POINT ( 'NONE', #1532 ) ;
#218 = VERTEX_POINT ( 'NONE', #1531 ) ;
#219 = ADVANCED_FACE ( 'NONE', ( #1530 ), #1529, .T. ) ;
#220 = EDGE_LOOP ( 'NONE', ( #417, #412, #398, #399 ) ) ;
#221 = EDGE_CURVE ( 'NONE', #299, #290, #1524, .T. ) ;
#222 = ORIENTED_EDGE ( 'NONE', *, *, #223, .F. ) ;
#223 = EDGE_CURVE ( 'NONE', #414, #299, #1520, .T. ) ;
#224 = ORIENTED_EDGE ( 'NONE', *, *, #225, .F. ) ;
#225 = EDGE_CURVE ( 'NONE', #415, #414, #1515, .T. ) ;
#226 = ORIENTED_EDGE ( 'NONE', *, *, #227, .F. ) ;
#227 = EDGE_CURVE ( 'NONE', #416, #415, #1511, .T. ) ;
#228 = ORIENTED_EDGE ( 'NONE', *, *, #229, .F. ) ;
#229 = EDGE_CURVE ( 'NONE', #230, #416, #1563, .T. ) ;
#230 = VERTEX_POINT ( 'NONE', #1557 ) ;
#231 = ORIENTED_EDGE ( 'NONE', *, *, #413, .T. ) ;
#232 = ORIENTED_EDGE ( 'NONE', *, *, #16, .T. ) ;
#233 = VERTEX_POINT ( 'NONE', #1556 ) ;
#234 = VERTEX_POINT ( 'NONE', #1559 ) ;
#235 = EDGE_LOOP ( 'NONE', ( #232, #18, #20, #113 ) ) ;
#236 = VERTEX_POINT ( 'NONE', #1558 ) ;
#237 = ORIENTED_EDGE ( 'NONE', *, *, #238, .F. ) ;
#238 = EDGE_CURVE ( 'NONE', #181, #110, #1573, .T. ) ;
#239 = ORIENTED_EDGE ( 'NONE', *, *, #83, .T. ) ;
#240 = EDGE_CURVE ( 'NONE', #62, #59, #1569, .T. ) ;
#241 = EDGE_LOOP ( 'NONE', ( #239, #243, #245, #73 ) ) ;
#242 = VERTEX_POINT ( 'NONE', #1593 ) ;
#243 = ORIENTED_EDGE ( 'NONE', *, *, #178, .T. ) ;
#244 = ORIENTED_EDGE ( 'NONE', *, *, #125, .T. ) ;
#245 = ORIENTED_EDGE ( 'NONE', *, *, #179, .F. ) ;
#246 = ADVANCED_FACE ( 'NONE', ( #1592 ), #1591, .F. ) ;
#247 = ORIENTED_EDGE ( 'NONE', *, *, #149, .F. ) ;
#248 = ORIENTED_EDGE ( 'NONE', *, *, #182, .T. ) ;
#249 = EDGE_CURVE ( 'NONE', #250, #109, #1586, .T. ) ;
#250 = VERTEX_POINT ( 'NONE', #1581 ) ;
#251 = ORIENTED_EDGE ( 'NONE', *, *, #150, .F. ) ;
#252 = ORIENTED_EDGE ( 'NONE', *, *, #171, .F. ) ;
#253 = EDGE_CURVE ( 'NONE', #185, #144, #1579, .T. ) ;
#254 = VERTEX_POINT ( 'NONE', #1626 ) ;
#255 = ORIENTED_EDGE ( 'NONE', *, *, #119, .F. ) ;
#256 = EDGE_CURVE ( 'NONE', #117, #254, #1648, .T. ) ;
#257 = EDGE_CURVE ( 'NONE', #68, #126, #1599, .T. ) ;
#258 = VERTEX_POINT ( 'NONE', #1649 ) ;
#259 = VERTEX_POINT ( 'NONE', #1647 ) ;
#260 = ORIENTED_EDGE ( 'NONE', *, *, #261, .F. ) ;
#261 = EDGE_CURVE ( 'NONE', #324, #181, #1627, .T. ) ;
#262 = EDGE_CURVE ( 'NONE', #341, #291, #1598, .T. ) ;
#263 = EDGE_CURVE ( 'NONE', #258, #152, #1634, .T. ) ;
#264 = ADVANCED_FACE ( 'NONE', ( #1630 ), #1671, .F. ) ;
#265 = EDGE_LOOP ( 'NONE', ( #266, #268, #404, #405, #408, #411, #353, #354, #315, #318, #321, #418, #419, #421, #422, #424 ) ) ;
#266 = ORIENTED_EDGE ( 'NONE', *, *, #267, .T. ) ;
#267 = EDGE_CURVE ( 'NONE', #230, #40, #1625, .T. ) ;
#268 = ORIENTED_EDGE ( 'NONE', *, *, #39, .F. ) ;
#269 = EDGE_LOOP ( 'NONE', ( #426, #357, #358, #392, #391 ) ) ;
#270 = EDGE_CURVE ( 'NONE', #271, #309, #1603, .T. ) ;
#271 = VERTEX_POINT ( 'NONE', #1669 ) ;
#272 = ORIENTED_EDGE ( 'NONE', *, *, #273, .F. ) ;
#273 = EDGE_CURVE ( 'NONE', #274, #271, #1668, .T. ) ;
#274 = VERTEX_POINT ( 'NONE', #1640 ) ;
#275 = ORIENTED_EDGE ( 'NONE', *, *, #276, .F. ) ;
#276 = EDGE_CURVE ( 'NONE', #277, #274, #1667, .T. ) ;
#277 = VERTEX_POINT ( 'NONE', #1663 ) ;
#278 = ORIENTED_EDGE ( 'NONE', *, *, #279, .F. ) ;
#279 = EDGE_CURVE ( 'NONE', #312, #277, #1662, .T. ) ;
#280 = EDGE_CURVE ( 'NONE', #258, #259, #1619, .T. ) ;
#281 = VERTEX_POINT ( 'NONE', #1615 ) ;
#282 = ORIENTED_EDGE ( 'NONE', *, *, #283, .F. ) ;
#283 = EDGE_CURVE ( 'NONE', #92, #281, #1614, .T. ) ;
#284 = ORIENTED_EDGE ( 'NONE', *, *, #100, .F. ) ;
#285 = ADVANCED_FACE ( 'NONE', ( #1609 ), #1761, .T. ) ;
#286 = ORIENTED_EDGE ( 'NONE', *, *, #74, .F. ) ;
#287 = EDGE_CURVE ( 'NONE', #314, #122, #1762, .T. ) ;
#288 = ORIENTED_EDGE ( 'NONE', *, *, #280, .F. ) ;
#289 = EDGE_CURVE ( 'NONE', #242, #324, #1753, .T. ) ;
#290 = VERTEX_POINT ( 'NONE', #1748 ) ;
#291 = VERTEX_POINT ( 'NONE', #1747 ) ;
#292 = ADVANCED_FACE ( 'NONE', ( #1746 ), #1745, .F. ) ;
#293 = EDGE_CURVE ( 'NONE', #323, #291, #1740, .T. ) ;
#294 = ORIENTED_EDGE ( 'NONE', *, *, #334, .T. ) ;
#295 = ORIENTED_EDGE ( 'NONE', *, *, #296, .F. ) ;
#296 = EDGE_CURVE ( 'NONE', #338, #333, #1736, .T. ) ;
#297 = ORIENTED_EDGE ( 'NONE', *, *, #325, .F. ) ;
#298 = VERTEX_POINT ( 'NONE', #1659 ) ;
#299 = VERTEX_POINT ( 'NONE', #1658 ) ;
#300 = EDGE_CURVE ( 'NONE', #31, #312, #1657, .T. ) ;
#301 = ORIENTED_EDGE ( 'NONE', *, *, #300, .F. ) ;
#302 = ADVANCED_FACE ( 'NONE', ( #1653 ), #1652, .T. ) ;
#303 = EDGE_LOOP ( 'NONE', ( #297, #326, #328, #329, #282, #284 ) ) ;
#304 = ORIENTED_EDGE ( 'NONE', *, *, #305, .F. ) ;
#305 = EDGE_CURVE ( 'NONE', #306, #347, #1733, .T. ) ;
#306 = VERTEX_POINT ( 'NONE', #1726 ) ;
#307 = ORIENTED_EDGE ( 'NONE', *, *, #308, .T. ) ;
#308 = EDGE_CURVE ( 'NONE', #306, #309, #1725, .T. ) ;
#309 = VERTEX_POINT ( 'NONE', #1721 ) ;
#310 = ORIENTED_EDGE ( 'NONE', *, *, #270, .F. ) ;
#311 = ORIENTED_EDGE ( 'NONE', *, *, #300, .T. ) ;
#312 = VERTEX_POINT ( 'NONE', #1720 ) ;
#313 = ORIENTED_EDGE ( 'NONE', *, *, #287, .F. ) ;
#314 = VERTEX_POINT ( 'NONE', #1719 ) ;
#315 = ORIENTED_EDGE ( 'NONE', *, *, #316, .T. ) ;
#316 = EDGE_CURVE ( 'NONE', #356, #317, #1718, .T. ) ;
#317 = VERTEX_POINT ( 'NONE', #1714 ) ;
#318 = ORIENTED_EDGE ( 'NONE', *, *, #319, .F. ) ;
#319 = EDGE_CURVE ( 'NONE', #320, #317, #1713, .T. ) ;
#320 = VERTEX_POINT ( 'NONE', #1709 ) ;
#321 = ORIENTED_EDGE ( 'NONE', *, *, #340, .F. ) ;
#322 = EDGE_CURVE ( 'NONE', #323, #314, #1708, .T. ) ;
#323 = VERTEX_POINT ( 'NONE', #1704 ) ;
#324 = VERTEX_POINT ( 'NONE', #1703 ) ;
#325 = EDGE_CURVE ( 'NONE', #298, #94, #1702, .T. ) ;
#326 = ORIENTED_EDGE ( 'NONE', *, *, #327, .T. ) ;
#327 = EDGE_CURVE ( 'NONE', #298, #250, #1698, .T. ) ;
#328 = ORIENTED_EDGE ( 'NONE', *, *, #249, .T. ) ;
#329 = ORIENTED_EDGE ( 'NONE', *, *, #330, .T. ) ;
#330 = EDGE_CURVE ( 'NONE', #109, #281, #1693, .T. ) ;
#331 = EDGE_CURVE ( 'NONE', #62, #338, #1689, .T. ) ;
#332 = EDGE_CURVE ( 'NONE', #333, #258, #1684, .T. ) ;
#333 = VERTEX_POINT ( 'NONE', #1680 ) ;
#334 = EDGE_CURVE ( 'NONE', #291, #290, #1679, .T. ) ;
#335 = ORIENTED_EDGE ( 'NONE', *, *, #221, .F. ) ;
#336 = EDGE_CURVE ( 'NONE', #28, #312, #1674, .T. ) ;
#337 = ORIENTED_EDGE ( 'NONE', *, *, #293, .T. ) ;
#338 = VERTEX_POINT ( 'NONE', #1763 ) ;
#339 = ORIENTED_EDGE ( 'NONE', *, *, #331, .F. ) ;
#340 = EDGE_CURVE ( 'NONE', #85, #320, #1764, .T. ) ;
#341 = VERTEX_POINT ( 'NONE', #1768 ) ;
#342 = ORIENTED_EDGE ( 'NONE', *, *, #343, .F. ) ;
#343 = EDGE_CURVE ( 'NONE', #344, #341, #1346, .T. ) ;
#344 = VERTEX_POINT ( 'NONE', #1778 ) ;
#345 = ORIENTED_EDGE ( 'NONE', *, *, #346, .F. ) ;
#346 = EDGE_CURVE ( 'NONE', #347, #344, #1777, .T. ) ;
#347 = VERTEX_POINT ( 'NONE', #1782 ) ;
#348 = ORIENTED_EDGE ( 'NONE', *, *, #349, .F. ) ;
#349 = EDGE_CURVE ( 'NONE', #333, #52, #1776, .T. ) ;
#350 = ORIENTED_EDGE ( 'NONE', *, *, #332, .T. ) ;
#351 = ORIENTED_EDGE ( 'NONE', *, *, #263, .T. ) ;
#352 = EDGE_CURVE ( 'NONE', #123, #410, #1771, .T. ) ;
#353 = ORIENTED_EDGE ( 'NONE', *, *, #212, .F. ) ;
#354 = ORIENTED_EDGE ( 'NONE', *, *, #355, .F. ) ;
#355 = EDGE_CURVE ( 'NONE', #356, #213, #1772, .T. ) ;
#356 = VERTEX_POINT ( 'NONE', #1807 ) ;
#357 = ORIENTED_EDGE ( 'NONE', *, *, #200, .T. ) ;
#358 = ORIENTED_EDGE ( 'NONE', *, *, #359, .T. ) ;
#359 = EDGE_CURVE ( 'NONE', #91, #360, #1802, .T. ) ;
#360 = VERTEX_POINT ( 'NONE', #1803 ) ;
#361 = ADVANCED_FACE ( 'NONE', ( #1797 ), #1796, .F. ) ;
#362 = ORIENTED_EDGE ( 'NONE', *, *, #363, .F. ) ;
#363 = EDGE_CURVE ( 'NONE', #290, #31, #1791, .T. ) ;
#364 = ORIENTED_EDGE ( 'NONE', *, *, #334, .F. ) ;
#365 = ORIENTED_EDGE ( 'NONE', *, *, #262, .F. ) ;
#366 = EDGE_CURVE ( 'NONE', #453, #523, #1787, .T. ) ;
#367 = ADVANCED_FACE ( 'NONE', ( #1816 ), #1842, .T. ) ;
#368 = EDGE_LOOP ( 'NONE', ( #526, #530, #564, #565, #566 ) ) ;
#369 = ORIENTED_EDGE ( 'NONE', *, *, #370, .T. ) ;
#370 = EDGE_CURVE ( 'NONE', #195, #371, #1852, .T. ) ;
#371 = VERTEX_POINT ( 'NONE', #1853 ) ;
#372 = ORIENTED_EDGE ( 'NONE', *, *, #373, .F. ) ;
#373 = EDGE_CURVE ( 'NONE', #97, #371, #1880, .T. ) ;
#374 = ADVANCED_FACE ( 'NONE', ( #1881 ), #1883, .T. ) ;
#375 = EDGE_LOOP ( 'NONE', ( #376, #379, #381, #554, #555, #450 ) ) ;
#376 = ORIENTED_EDGE ( 'NONE', *, *, #377, .F. ) ;
#377 = EDGE_CURVE ( 'NONE', #378, #144, #1885, .T. ) ;
#378 = VERTEX_POINT ( 'NONE', #1886 ) ;
#379 = ORIENTED_EDGE ( 'NONE', *, *, #380, .F. ) ;
#380 = EDGE_CURVE ( 'NONE', #162, #378, #1848, .T. ) ;
#381 = ORIENTED_EDGE ( 'NONE', *, *, #206, .F. ) ;
#382 = EDGE_CURVE ( 'NONE', #515, #383, #1864, .T. ) ;
#383 = VERTEX_POINT ( 'NONE', #1865 ) ;
#384 = ORIENTED_EDGE ( 'NONE', *, *, #385, .T. ) ;
#385 = EDGE_CURVE ( 'NONE', #383, #167, #1860, .T. ) ;
#386 = ORIENTED_EDGE ( 'NONE', *, *, #387, .F. ) ;
#387 = EDGE_CURVE ( 'NONE', #483, #167, #1840, .T. ) ;
#388 = ADVANCED_FACE ( 'NONE', ( #1856 ), #1836, .T. ) ;
#389 = EDGE_LOOP ( 'NONE', ( #598, #531, #533, #489 ) ) ;
#390 = EDGE_CURVE ( 'NONE', #360, #97, #1831, .T. ) ;
#391 = ORIENTED_EDGE ( 'NONE', *, *, #77, .F. ) ;
#392 = ORIENTED_EDGE ( 'NONE', *, *, #390, .T. ) ;
#393 = ORIENTED_EDGE ( 'NONE', *, *, #289, .F. ) ;
#394 = ORIENTED_EDGE ( 'NONE', *, *, #332, .F. ) ;
#395 = EDGE_LOOP ( 'NONE', ( #313, #428, #337, #294, #335, #222, #224, #226, #228, #231, #288, #394, #295, #339, #286, #260, #393, #13 ) ) ;
#396 = ORIENTED_EDGE ( 'NONE', *, *, #336, .F. ) ;
#397 = EDGE_CURVE ( 'NONE', #314, #57, #1827, .T. ) ;
#398 = ORIENTED_EDGE ( 'NONE', *, *, #56, .F. ) ;
#399 = ORIENTED_EDGE ( 'NONE', *, *, #400, .T. ) ;
#400 = EDGE_CURVE ( 'NONE', #28, #323, #1823, .T. ) ;
#401 = ADVANCED_FACE ( 'NONE', ( #1819 ), #1818, .T. ) ;
#402 = EDGE_LOOP ( 'NONE', ( #403, #348, #350, #351 ) ) ;
#403 = ORIENTED_EDGE ( 'NONE', *, *, #137, .F. ) ;
#404 = ORIENTED_EDGE ( 'NONE', *, *, #156, .F. ) ;
#405 = ORIENTED_EDGE ( 'NONE', *, *, #406, .F. ) ;
#406 = EDGE_CURVE ( 'NONE', #407, #196, #1873, .T. ) ;
#407 = VERTEX_POINT ( 'NONE', #1924 ) ;
#408 = ORIENTED_EDGE ( 'NONE', *, *, #409, .F. ) ;
#409 = EDGE_CURVE ( 'NONE', #410, #407, #1898, .T. ) ;
#410 = VERTEX_POINT ( 'NONE', #1891 ) ;
#411 = ORIENTED_EDGE ( 'NONE', *, *, #352, .F. ) ;
#412 = ORIENTED_EDGE ( 'NONE', *, *, #397, .T. ) ;
#413 = EDGE_CURVE ( 'NONE', #230, #259, #1893, .T. ) ;
#414 = VERTEX_POINT ( 'NONE', #1890 ) ;
#415 = VERTEX_POINT ( 'NONE', #1889 ) ;
#416 = VERTEX_POINT ( 'NONE', #1903 ) ;
#417 = ORIENTED_EDGE ( 'NONE', *, *, #322, .T. ) ;
#418 = ORIENTED_EDGE ( 'NONE', *, *, #84, .F. ) ;
#419 = ORIENTED_EDGE ( 'NONE', *, *, #420, .F. ) ;
#420 = EDGE_CURVE ( 'NONE', #82, #102, #1902, .T. ) ;
#421 = ORIENTED_EDGE ( 'NONE', *, *, #81, .F. ) ;
#422 = ORIENTED_EDGE ( 'NONE', *, *, #423, .F. ) ;
#423 = EDGE_CURVE ( 'NONE', #259, #188, #1921, .T. ) ;
#424 = ORIENTED_EDGE ( 'NONE', *, *, #413, .F. ) ;
#425 = EDGE_LOOP ( 'NONE', ( #362, #364, #365, #342, #345, #304, #307, #310, #272, #275, #278, #301 ) ) ;
#426 = ORIENTED_EDGE ( 'NONE', *, *, #427, .T. ) ;
#427 = EDGE_CURVE ( 'NONE', #76, #199, #1916, .T. ) ;
#428 = ORIENTED_EDGE ( 'NONE', *, *, #322, .F. ) ;
#429 = EDGE_CURVE ( 'NONE', #217, #254, #1912, .T. ) ;
#430 = ORIENTED_EDGE ( 'NONE', *, *, #578, .F. ) ;
#431 = ORIENTED_EDGE ( 'NONE', *, *, #432, .T. ) ;
#432 = EDGE_CURVE ( 'NONE', #576, #117, #1905, .T. ) ;
#433 = ADVANCED_FACE ( 'NONE', ( #1935 ), #1929, .F. ) ;
#434 = EDGE_LOOP ( 'NONE', ( #596, #456, #458, #461, #463, #464, #612, #435 ) ) ;
#435 = ORIENTED_EDGE ( 'NONE', *, *, #436, .F. ) ;
#436 = EDGE_CURVE ( 'NONE', #320, #613, #2096, .T. ) ;
#437 = ADVANCED_FACE ( 'NONE', ( #1928 ), #1950, .T. ) ;
#438 = EDGE_LOOP ( 'NONE', ( #439, #440, #443, #446 ) ) ;
#439 = ORIENTED_EDGE ( 'NONE', *, *, #459, .T. ) ;
#440 = ORIENTED_EDGE ( 'NONE', *, *, #441, .T. ) ;
#441 = EDGE_CURVE ( 'NONE', #597, #442, #1957, .T. ) ;
#442 = VERTEX_POINT ( 'NONE', #1965 ) ;
#443 = ORIENTED_EDGE ( 'NONE', *, *, #444, .F. ) ;
#444 = EDGE_CURVE ( 'NONE', #445, #442, #1964, .T. ) ;
#445 = VERTEX_POINT ( 'NONE', #1960 ) ;
#446 = ORIENTED_EDGE ( 'NONE', *, *, #447, .T. ) ;
#447 = EDGE_CURVE ( 'NONE', #445, #460, #2115, .T. ) ;
#448 = ORIENTED_EDGE ( 'NONE', *, *, #517, .F. ) ;
#449 = ORIENTED_EDGE ( 'NONE', *, *, #382, .T. ) ;
#450 = ORIENTED_EDGE ( 'NONE', *, *, #253, .T. ) ;
#451 = ORIENTED_EDGE ( 'NONE', *, *, #452, .T. ) ;
#452 = EDGE_CURVE ( 'NONE', #144, #453, #1959, .T. ) ;
#453 = VERTEX_POINT ( 'NONE', #1931 ) ;
#454 = VERTEX_POINT ( 'NONE', #1930 ) ;
#455 = ORIENTED_EDGE ( 'NONE', *, *, #580, .F. ) ;
#456 = ORIENTED_EDGE ( 'NONE', *, *, #457, .T. ) ;
#457 = EDGE_CURVE ( 'NONE', #317, #597, #2124, .T. ) ;
#458 = ORIENTED_EDGE ( 'NONE', *, *, #459, .F. ) ;
#459 = EDGE_CURVE ( 'NONE', #460, #597, #2120, .T. ) ;
#460 = VERTEX_POINT ( 'NONE', #2116 ) ;
#461 = ORIENTED_EDGE ( 'NONE', *, *, #462, .T. ) ;
#462 = EDGE_CURVE ( 'NONE', #460, #588, #2111, .T. ) ;
#463 = ORIENTED_EDGE ( 'NONE', *, *, #587, .F. ) ;
#464 = ORIENTED_EDGE ( 'NONE', *, *, #610, .T. ) ;
#465 = ADVANCED_FACE ( 'NONE', ( #2107 ), #2106, .T. ) ;
#466 = EDGE_LOOP ( 'NONE', ( #467, #472, #474, #475 ) ) ;
#467 = ORIENTED_EDGE ( 'NONE', *, *, #400, .F. ) ;
#468 = ORIENTED_EDGE ( 'NONE', *, *, #330, .F. ) ;
#469 = ORIENTED_EDGE ( 'NONE', *, *, #470, .T. ) ;
#470 = EDGE_CURVE ( 'NONE', #109, #605, #2101, .T. ) ;
#471 = EDGE_CURVE ( 'NONE', #541, #117, #2092, .T. ) ;
#472 = ORIENTED_EDGE ( 'NONE', *, *, #473, .F. ) ;
#473 = EDGE_CURVE ( 'NONE', #523, #28, #2088, .T. ) ;
#474 = ORIENTED_EDGE ( 'NONE', *, *, #366, .F. ) ;
#475 = ORIENTED_EDGE ( 'NONE', *, *, #476, .T. ) ;
#476 = EDGE_CURVE ( 'NONE', #453, #323, #2083, .T. ) ;
#477 = ORIENTED_EDGE ( 'NONE', *, *, #377, .T. ) ;
#478 = EDGE_LOOP ( 'NONE', ( #513, #484, #485, #516 ) ) ;
#479 = EDGE_CURVE ( 'NONE', #258, #183, #2078, .T. ) ;
#480 = ORIENTED_EDGE ( 'NONE', *, *, #171, .T. ) ;
#481 = ADVANCED_FACE ( 'NONE', ( #2073 ), #2072, .T. ) ;
#482 = EDGE_LOOP ( 'NONE', ( #448, #449, #384, #386 ) ) ;
#483 = VERTEX_POINT ( 'NONE', #2067 ) ;
#484 = ORIENTED_EDGE ( 'NONE', *, *, #560, .T. ) ;
#485 = ORIENTED_EDGE ( 'NONE', *, *, #486, .T. ) ;
#486 = EDGE_CURVE ( 'NONE', #108, #515, #2066, .T. ) ;
#487 = EDGE_CURVE ( 'NONE', #541, #591, #1998, .T. ) ;
#488 = EDGE_CURVE ( 'NONE', #54, #534, #1994, .T. ) ;
#489 = ORIENTED_EDGE ( 'NONE', *, *, #490, .F. ) ;
#490 = EDGE_CURVE ( 'NONE', #600, #534, #1990, .T. ) ;
#491 = ADVANCED_FACE ( 'NONE', ( #1985 ), #1984, .T. ) ;
#492 = EDGE_LOOP ( 'NONE', ( #493, #494, #496, #497, #500, #569 ) ) ;
#493 = ORIENTED_EDGE ( 'NONE', *, *, #385, .F. ) ;
#494 = ORIENTED_EDGE ( 'NONE', *, *, #495, .T. ) ;
#495 = EDGE_CURVE ( 'NONE', #383, #68, #1978, .T. ) ;
#496 = ORIENTED_EDGE ( 'NONE', *, *, #67, .T. ) ;
#497 = ORIENTED_EDGE ( 'NONE', *, *, #498, .T. ) ;
#498 = EDGE_CURVE ( 'NONE', #69, #499, #1974, .T. ) ;
#499 = VERTEX_POINT ( 'NONE', #1970 ) ;
#500 = ORIENTED_EDGE ( 'NONE', *, *, #568, .F. ) ;
#501 = EDGE_LOOP ( 'NONE', ( #502, #503, #505, #506, #507, #546, #552 ) ) ;
#502 = ORIENTED_EDGE ( 'NONE', *, *, #444, .T. ) ;
#503 = ORIENTED_EDGE ( 'NONE', *, *, #504, .T. ) ;
#504 = EDGE_CURVE ( 'NONE', #442, #356, #1969, .T. ) ;
#505 = ORIENTED_EDGE ( 'NONE', *, *, #355, .T. ) ;
#506 = ORIENTED_EDGE ( 'NONE', *, *, #88, .T. ) ;
#507 = ORIENTED_EDGE ( 'NONE', *, *, #471, .F. ) ;
#508 = ORIENTED_EDGE ( 'NONE', *, *, #263, .F. ) ;
#509 = ORIENTED_EDGE ( 'NONE', *, *, #479, .T. ) ;
#510 = ADVANCED_FACE ( 'NONE', ( #2062 ), #2061, .T. ) ;
#511 = ORIENTED_EDGE ( 'NONE', *, *, #512, .T. ) ;
#512 = EDGE_CURVE ( 'NONE', #360, #195, #2055, .T. ) ;
#513 = ORIENTED_EDGE ( 'NONE', *, *, #514, .F. ) ;
#514 = EDGE_CURVE ( 'NONE', #561, #483, #2051, .T. ) ;
#515 = VERTEX_POINT ( 'NONE', #2047 ) ;
#516 = ORIENTED_EDGE ( 'NONE', *, *, #517, .T. ) ;
#517 = EDGE_CURVE ( 'NONE', #515, #483, #2046, .T. ) ;
#518 = ADVANCED_FACE ( 'NONE', ( #2042 ), #2041, .T. ) ;
#519 = EDGE_LOOP ( 'NONE', ( #468, #469, #606, #608 ) ) ;
#520 = ORIENTED_EDGE ( 'NONE', *, *, #366, .T. ) ;
#521 = EDGE_LOOP ( 'NONE', ( #604, #477, #451, #520 ) ) ;
#522 = EDGE_CURVE ( 'NONE', #378, #523, #2039, .T. ) ;
#523 = VERTEX_POINT ( 'NONE', #2032 ) ;
#524 = EDGE_CURVE ( 'NONE', #194, #561, #1948, .T. ) ;
#525 = ORIENTED_EDGE ( 'NONE', *, *, #154, .F. ) ;
#526 = ORIENTED_EDGE ( 'NONE', *, *, #527, .T. ) ;
#527 = EDGE_CURVE ( 'NONE', #528, #529, #1943, .T. ) ;
#528 = VERTEX_POINT ( 'NONE', #1939 ) ;
#529 = VERTEX_POINT ( 'NONE', #1938 ) ;
#530 = ORIENTED_EDGE ( 'NONE', *, *, #563, .F. ) ;
#531 = ORIENTED_EDGE ( 'NONE', *, *, #532, .T. ) ;
#532 = EDGE_CURVE ( 'NONE', #601, #54, #2031, .T. ) ;
#533 = ORIENTED_EDGE ( 'NONE', *, *, #488, .T. ) ;
#534 = VERTEX_POINT ( 'NONE', #1937 ) ;
#535 = ORIENTED_EDGE ( 'NONE', *, *, #536, .F. ) ;
#536 = EDGE_CURVE ( 'NONE', #534, #126, #2026, .T. ) ;
#537 = ADVANCED_FACE ( 'NONE', ( #2021 ), #2020, .T. ) ;
#538 = EDGE_LOOP ( 'NONE', ( #539, #455, #581, #582 ) ) ;
#539 = ORIENTED_EDGE ( 'NONE', *, *, #540, .F. ) ;
#540 = EDGE_CURVE ( 'NONE', #541, #454, #2015, .T. ) ;
#541 = VERTEX_POINT ( 'NONE', #2011 ) ;
#542 = ORIENTED_EDGE ( 'NONE', *, *, #580, .T. ) ;
#543 = ORIENTED_EDGE ( 'NONE', *, *, #568, .T. ) ;
#544 = ADVANCED_FACE ( 'NONE', ( #2010 ), #2009, .F. ) ;
#545 = ORIENTED_EDGE ( 'NONE', *, *, #432, .F. ) ;
#546 = ORIENTED_EDGE ( 'NONE', *, *, #487, .T. ) ;
#547 = ORIENTED_EDGE ( 'NONE', *, *, #471, .T. ) ;
#548 = ORIENTED_EDGE ( 'NONE', *, *, #58, .F. ) ;
#549 = EDGE_LOOP ( 'NONE', ( #548, #543, #729, #645 ) ) ;
#550 = ADVANCED_FACE ( 'NONE', ( #2007 ), #2003, .T. ) ;
#551 = ORIENTED_EDGE ( 'NONE', *, *, #619, .F. ) ;
#552 = ORIENTED_EDGE ( 'NONE', *, *, #717, .T. ) ;
#553 = EDGE_CURVE ( 'NONE', #611, #613, #2128, .T. ) ;
#554 = ORIENTED_EDGE ( 'NONE', *, *, #607, .F. ) ;
#555 = ORIENTED_EDGE ( 'NONE', *, *, #556, .T. ) ;
#556 = EDGE_CURVE ( 'NONE', #605, #185, #2160, .T. ) ;
#557 = ADVANCED_FACE ( 'NONE', ( #2126 ), #2154, .T. ) ;
#558 = EDGE_LOOP ( 'NONE', ( #559, #562, #525, #508, #509, #480 ) ) ;
#559 = ORIENTED_EDGE ( 'NONE', *, *, #560, .F. ) ;
#560 = EDGE_CURVE ( 'NONE', #561, #108, #2148, .T. ) ;
#561 = VERTEX_POINT ( 'NONE', #2149 ) ;
#562 = ORIENTED_EDGE ( 'NONE', *, *, #524, .F. ) ;
#563 = EDGE_CURVE ( 'NONE', #371, #529, #2144, .T. ) ;
#564 = ORIENTED_EDGE ( 'NONE', *, *, #370, .F. ) ;
#565 = ORIENTED_EDGE ( 'NONE', *, *, #164, .T. ) ;
#566 = ORIENTED_EDGE ( 'NONE', *, *, #567, .T. ) ;
#567 = EDGE_CURVE ( 'NONE', #143, #528, #2139, .T. ) ;
#568 = EDGE_CURVE ( 'NONE', #190, #499, #2134, .T. ) ;
#569 = ORIENTED_EDGE ( 'NONE', *, *, #166, .F. ) ;
#570 = ADVANCED_FACE ( 'NONE', ( #2129 ), #2194, .T. ) ;
#571 = EDGE_LOOP ( 'NONE', ( #572, #573, #574, #577, #579, #535 ) ) ;
#572 = ORIENTED_EDGE ( 'NONE', *, *, #488, .F. ) ;
#573 = ORIENTED_EDGE ( 'NONE', *, *, #131, .T. ) ;
#574 = ORIENTED_EDGE ( 'NONE', *, *, #575, .T. ) ;
#575 = EDGE_CURVE ( 'NONE', #132, #576, #2189, .T. ) ;
#576 = VERTEX_POINT ( 'NONE', #2184 ) ;
#577 = ORIENTED_EDGE ( 'NONE', *, *, #578, .T. ) ;
#578 = EDGE_CURVE ( 'NONE', #576, #217, #2183, .T. ) ;
#579 = ORIENTED_EDGE ( 'NONE', *, *, #182, .F. ) ;
#580 = EDGE_CURVE ( 'NONE', #499, #541, #2179, .T. ) ;
#581 = ORIENTED_EDGE ( 'NONE', *, *, #498, .F. ) ;
#582 = ORIENTED_EDGE ( 'NONE', *, *, #583, .T. ) ;
#583 = EDGE_CURVE ( 'NONE', #69, #454, #2174, .T. ) ;
#584 = ADVANCED_FACE ( 'NONE', ( #2169 ), #2168, .T. ) ;
#585 = EDGE_LOOP ( 'NONE', ( #586, #589, #592, #614 ) ) ;
#586 = ORIENTED_EDGE ( 'NONE', *, *, #587, .T. ) ;
#587 = EDGE_CURVE ( 'NONE', #454, #588, #2202, .T. ) ;
#588 = VERTEX_POINT ( 'NONE', #2206 ) ;
#589 = ORIENTED_EDGE ( 'NONE', *, *, #590, .T. ) ;
#590 = EDGE_CURVE ( 'NONE', #588, #591, #2205, .T. ) ;
#591 = VERTEX_POINT ( 'NONE', #2199 ) ;
#592 = ORIENTED_EDGE ( 'NONE', *, *, #487, .F. ) ;
#593 = ADVANCED_FACE ( 'NONE', ( #2198 ), #2161, .T. ) ;
#594 = EDGE_LOOP ( 'NONE', ( #595, #511, #369, #372 ) ) ;
#595 = ORIENTED_EDGE ( 'NONE', *, *, #390, .F. ) ;
#596 = ORIENTED_EDGE ( 'NONE', *, *, #319, .T. ) ;
#597 = VERTEX_POINT ( 'NONE', #2227 ) ;
#598 = ORIENTED_EDGE ( 'NONE', *, *, #599, .T. ) ;
#599 = EDGE_CURVE ( 'NONE', #600, #601, #2222, .T. ) ;
#600 = VERTEX_POINT ( 'NONE', #2229 ) ;
#601 = VERTEX_POINT ( 'NONE', #2221 ) ;
#602 = ADVANCED_FACE ( 'NONE', ( #2216 ), #2217, .T. ) ;
#603 = ADVANCED_FACE ( 'NONE', ( #2208 ), #2223, .T. ) ;
#604 = ORIENTED_EDGE ( 'NONE', *, *, #522, .F. ) ;
#605 = VERTEX_POINT ( 'NONE', #2215 ) ;
#606 = ORIENTED_EDGE ( 'NONE', *, *, #607, .T. ) ;
#607 = EDGE_CURVE ( 'NONE', #605, #86, #1907, .T. ) ;
#608 = ORIENTED_EDGE ( 'NONE', *, *, #609, .F. ) ;
#609 = EDGE_CURVE ( 'NONE', #281, #86, #2246, .T. ) ;
#610 = EDGE_CURVE ( 'NONE', #454, #611, #2236, .T. ) ;
#611 = VERTEX_POINT ( 'NONE', #2232 ) ;
#612 = ORIENTED_EDGE ( 'NONE', *, *, #553, .T. ) ;
#613 = VERTEX_POINT ( 'NONE', #2233 ) ;
#614 = ORIENTED_EDGE ( 'NONE', *, *, #540, .T. ) ;
#615 = ADVANCED_FACE ( 'NONE', ( #2245 ), #2250, .T. ) ;
#616 = EDGE_LOOP ( 'NONE', ( #617, #618, #430, #431 ) ) ;
#617 = ORIENTED_EDGE ( 'NONE', *, *, #256, .T. ) ;
#618 = ORIENTED_EDGE ( 'NONE', *, *, #429, .F. ) ;
#619 = EDGE_CURVE ( 'NONE', #499, #576, #2240, .T. ) ;
#620 = EDGE_CURVE ( 'NONE', #701, #621, #2259, .T. ) ;
#621 = VERTEX_POINT ( 'NONE', #2257 ) ;
#622 = ORIENTED_EDGE ( 'NONE', *, *, #623, .T. ) ;
#623 = EDGE_CURVE ( 'NONE', #621, #94, #2261, .T. ) ;
#624 = ORIENTED_EDGE ( 'NONE', *, *, #625, .T. ) ;
#625 = EDGE_CURVE ( 'NONE', #735, #626, #2253, .T. ) ;
#626 = VERTEX_POINT ( 'NONE', #2290 ) ;
#627 = ADVANCED_FACE ( 'NONE', ( #2286 ), #2278, .T. ) ;
#628 = EDGE_LOOP ( 'NONE', ( #765, #624, #733, #764 ) ) ;
#629 = EDGE_CURVE ( 'NONE', #706, #763, #2263, .T. ) ;
#630 = EDGE_CURVE ( 'NONE', #298, #728, #2266, .T. ) ;
#631 = ORIENTED_EDGE ( 'NONE', *, *, #704, .T. ) ;
#632 = EDGE_CURVE ( 'NONE', #706, #298, #2268, .T. ) ;
#633 = ORIENTED_EDGE ( 'NONE', *, *, #327, .F. ) ;
#634 = ADVANCED_FACE ( 'NONE', ( #2274 ), #2273, .F. ) ;
#635 = ORIENTED_EDGE ( 'NONE', *, *, #636, .T. ) ;
#636 = EDGE_CURVE ( 'NONE', #184, #684, #2281, .T. ) ;
#637 = VERTEX_POINT ( 'NONE', #2382 ) ;
#638 = ORIENTED_EDGE ( 'NONE', *, *, #639, .F. ) ;
#639 = EDGE_CURVE ( 'NONE', #605, #371, #2381, .T. ) ;
#640 = ORIENTED_EDGE ( 'NONE', *, *, #473, .T. ) ;
#641 = ADVANCED_FACE ( 'NONE', ( #2377 ), #2376, .T. ) ;
#642 = EDGE_LOOP ( 'NONE', ( #643, #644, #646, #753, #755 ) ) ;
#643 = ORIENTED_EDGE ( 'NONE', *, *, #745, .T. ) ;
#644 = ORIENTED_EDGE ( 'NONE', *, *, #276, .T. ) ;
#645 = ORIENTED_EDGE ( 'NONE', *, *, #575, .F. ) ;
#646 = ORIENTED_EDGE ( 'NONE', *, *, #647, .T. ) ;
#647 = EDGE_CURVE ( 'NONE', #274, #528, #2374, .T. ) ;
#648 = ORIENTED_EDGE ( 'NONE', *, *, #160, .T. ) ;
#649 = ADVANCED_FACE ( 'NONE', ( #2367 ), #2365, .F. ) ;
#650 = EDGE_LOOP ( 'NONE', ( #759, #760, #766, #767 ) ) ;
#651 = ADVANCED_FACE ( 'NONE', ( #2366 ), #2360, .F. ) ;
#652 = EDGE_LOOP ( 'NONE', ( #653, #654, #656, #648 ) ) ;
#653 = ORIENTED_EDGE ( 'NONE', *, *, #512, .F. ) ;
#654 = ORIENTED_EDGE ( 'NONE', *, *, #655, .F. ) ;
#655 = EDGE_CURVE ( 'NONE', #281, #360, #2355, .T. ) ;
#656 = ORIENTED_EDGE ( 'NONE', *, *, #609, .T. ) ;
#657 = ADVANCED_FACE ( 'NONE', ( #2319 ), #2317, .F. ) ;
#658 = ORIENTED_EDGE ( 'NONE', *, *, #659, .T. ) ;
#659 = EDGE_CURVE ( 'NONE', #529, #216, #2318, .T. ) ;
#660 = ADVANCED_FACE ( 'NONE', ( #2308 ), #2307, .T. ) ;
#661 = ORIENTED_EDGE ( 'NONE', *, *, #80, .F. ) ;
#662 = ORIENTED_EDGE ( 'NONE', *, *, #470, .F. ) ;
#663 = ORIENTED_EDGE ( 'NONE', *, *, #75, .T. ) ;
#664 = EDGE_LOOP ( 'NONE', ( #713, #714, #715, #709, #658 ) ) ;
#665 = EDGE_LOOP ( 'NONE', ( #661, #633, #695, #690 ) ) ;
#666 = ORIENTED_EDGE ( 'NONE', *, *, #702, .T. ) ;
#667 = ORIENTED_EDGE ( 'NONE', *, *, #668, .F. ) ;
#668 = EDGE_CURVE ( 'NONE', #410, #601, #2302, .T. ) ;
#669 = ORIENTED_EDGE ( 'NONE', *, *, #409, .T. ) ;
#670 = ORIENTED_EDGE ( 'NONE', *, *, #768, .F. ) ;
#671 = ORIENTED_EDGE ( 'NONE', *, *, #1010, .T. ) ;
#672 = ADVANCED_FACE ( 'NONE', ( #2298 ), #2297, .F. ) ;
#673 = EDGE_CURVE ( 'NONE', #515, #906, #2292, .T. ) ;
#674 = EDGE_CURVE ( 'NONE', #65, #906, #2350, .T. ) ;
#675 = ADVANCED_FACE ( 'NONE', ( #2346 ), #2345, .T. ) ;
#676 = EDGE_LOOP ( 'NONE', ( #677, #894, #831, #839, #848 ) ) ;
#677 = ORIENTED_EDGE ( 'NONE', *, *, #429, .T. ) ;
#678 = EDGE_CURVE ( 'NONE', #383, #534, #2340, .T. ) ;
#679 = ORIENTED_EDGE ( 'NONE', *, *, #382, .F. ) ;
#680 = ORIENTED_EDGE ( 'NONE', *, *, #678, .F. ) ;
#681 = ORIENTED_EDGE ( 'NONE', *, *, #486, .F. ) ;
#682 = EDGE_CURVE ( 'NONE', #453, #341, #2336, .T. ) ;
#683 = ORIENTED_EDGE ( 'NONE', *, *, #452, .F. ) ;
#684 = VERTEX_POINT ( 'NONE', #2332 ) ;
#685 = ORIENTED_EDGE ( 'NONE', *, *, #686, .F. ) ;
#686 = EDGE_CURVE ( 'NONE', #344, #684, #2331, .T. ) ;
#687 = ORIENTED_EDGE ( 'NONE', *, *, #343, .T. ) ;
#688 = ORIENTED_EDGE ( 'NONE', *, *, #682, .F. ) ;
#689 = ORIENTED_EDGE ( 'NONE', *, *, #694, .T. ) ;
#690 = ORIENTED_EDGE ( 'NONE', *, *, #691, .T. ) ;
#691 = EDGE_CURVE ( 'NONE', #728, #146, #2325, .T. ) ;
#692 = EDGE_LOOP ( 'NONE', ( #705, #638, #662, #663 ) ) ;
#693 = ORIENTED_EDGE ( 'NONE', *, *, #708, .T. ) ;
#694 = EDGE_CURVE ( 'NONE', #626, #306, #2393, .T. ) ;
#695 = ORIENTED_EDGE ( 'NONE', *, *, #630, .T. ) ;
#696 = ORIENTED_EDGE ( 'NONE', *, *, #193, .F. ) ;
#697 = ORIENTED_EDGE ( 'NONE', *, *, #380, .T. ) ;
#698 = ORIENTED_EDGE ( 'NONE', *, *, #754, .T. ) ;
#699 = ORIENTED_EDGE ( 'NONE', *, *, #567, .F. ) ;
#700 = ADVANCED_FACE ( 'NONE', ( #2390 ), #2391, .T. ) ;
#701 = VERTEX_POINT ( 'NONE', #2384 ) ;
#702 = EDGE_CURVE ( 'NONE', #483, #601, #2389, .T. ) ;
#703 = ADVANCED_FACE ( 'NONE', ( #2418 ), #2417, .T. ) ;
#704 = EDGE_CURVE ( 'NONE', #347, #637, #2412, .T. ) ;
#705 = ORIENTED_EDGE ( 'NONE', *, *, #373, .T. ) ;
#706 = VERTEX_POINT ( 'NONE', #2408 ) ;
#707 = ORIENTED_EDGE ( 'NONE', *, *, #630, .F. ) ;
#708 = EDGE_CURVE ( 'NONE', #637, #728, #2407, .T. ) ;
#709 = ORIENTED_EDGE ( 'NONE', *, *, #563, .T. ) ;
#710 = EDGE_LOOP ( 'NONE', ( #635, #685, #687, #688, #683, #716 ) ) ;
#711 = ORIENTED_EDGE ( 'NONE', *, *, #629, .T. ) ;
#712 = ORIENTED_EDGE ( 'NONE', *, *, #305, .T. ) ;
#713 = ORIENTED_EDGE ( 'NONE', *, *, #168, .F. ) ;
#714 = ORIENTED_EDGE ( 'NONE', *, *, #556, .F. ) ;
#715 = ORIENTED_EDGE ( 'NONE', *, *, #639, .T. ) ;
#716 = ORIENTED_EDGE ( 'NONE', *, *, #105, .T. ) ;
#717 = EDGE_CURVE ( 'NONE', #591, #445, #2403, .T. ) ;
#718 = EDGE_LOOP ( 'NONE', ( #545, #551, #542, #547 ) ) ;
#719 = ADVANCED_FACE ( 'NONE', ( #2397 ), #2399, .F. ) ;
#720 = EDGE_LOOP ( 'NONE', ( #722, #723, #724, #725 ) ) ;
#721 = ORIENTED_EDGE ( 'NONE', *, *, #632, .F. ) ;
#722 = ORIENTED_EDGE ( 'NONE', *, *, #682, .T. ) ;
#723 = ORIENTED_EDGE ( 'NONE', *, *, #262, .T. ) ;
#724 = ORIENTED_EDGE ( 'NONE', *, *, #293, .F. ) ;
#725 = ORIENTED_EDGE ( 'NONE', *, *, #476, .F. ) ;
#726 = ADVANCED_FACE ( 'NONE', ( #2482 ), #2478, .F. ) ;
#727 = EDGE_LOOP ( 'NONE', ( #833, #864, #897, #782 ) ) ;
#728 = VERTEX_POINT ( 'NONE', #2476 ) ;
#729 = ORIENTED_EDGE ( 'NONE', *, *, #619, .T. ) ;
#730 = ORIENTED_EDGE ( 'NONE', *, *, #201, .T. ) ;
#731 = ORIENTED_EDGE ( 'NONE', *, *, #732, .F. ) ;
#732 = EDGE_CURVE ( 'NONE', #271, #199, #2472, .T. ) ;
#733 = ORIENTED_EDGE ( 'NONE', *, *, #734, .F. ) ;
#734 = EDGE_CURVE ( 'NONE', #763, #626, #2468, .T. ) ;
#735 = VERTEX_POINT ( 'NONE', #2464 ) ;
#736 = ORIENTED_EDGE ( 'NONE', *, *, #737, .F. ) ;
#737 = EDGE_CURVE ( 'NONE', #701, #735, #2463, .T. ) ;
#738 = ADVANCED_FACE ( 'NONE', ( #2459 ), #2458, .T. ) ;
#739 = EDGE_LOOP ( 'NONE', ( #666, #667, #669, #670, #769 ) ) ;
#740 = ORIENTED_EDGE ( 'NONE', *, *, #387, .T. ) ;
#741 = EDGE_LOOP ( 'NONE', ( #742, #743, #744, #640 ) ) ;
#742 = ORIENTED_EDGE ( 'NONE', *, *, #336, .T. ) ;
#743 = ORIENTED_EDGE ( 'NONE', *, *, #279, .T. ) ;
#744 = ORIENTED_EDGE ( 'NONE', *, *, #745, .F. ) ;
#745 = EDGE_CURVE ( 'NONE', #523, #277, #2453, .T. ) ;
#746 = ORIENTED_EDGE ( 'NONE', *, *, #270, .T. ) ;
#747 = ORIENTED_EDGE ( 'NONE', *, *, #748, .T. ) ;
#748 = EDGE_CURVE ( 'NONE', #309, #735, #2449, .T. ) ;
#749 = ADVANCED_FACE ( 'NONE', ( #2445 ), #2443, .T. ) ;
#750 = EDGE_LOOP ( 'NONE', ( #746, #747, #736, #762, #622, #730, #731 ) ) ;
#751 = EDGE_LOOP ( 'NONE', ( #752, #689, #712, #631, #693, #707, #721, #711 ) ) ;
#752 = ORIENTED_EDGE ( 'NONE', *, *, #734, .T. ) ;
#753 = ORIENTED_EDGE ( 'NONE', *, *, #754, .F. ) ;
#754 = EDGE_CURVE ( 'NONE', #378, #528, #2444, .T. ) ;
#755 = ORIENTED_EDGE ( 'NONE', *, *, #522, .T. ) ;
#756 = ADVANCED_FACE ( 'NONE', ( #2435 ), #2434, .F. ) ;
#757 = EDGE_LOOP ( 'NONE', ( #696, #697, #698, #699 ) ) ;
#758 = EDGE_CURVE ( 'NONE', #763, #701, #2429, .T. ) ;
#759 = ORIENTED_EDGE ( 'NONE', *, *, #208, .F. ) ;
#760 = ORIENTED_EDGE ( 'NONE', *, *, #283, .T. ) ;
#761 = ORIENTED_EDGE ( 'NONE', *, *, #702, .F. ) ;
#762 = ORIENTED_EDGE ( 'NONE', *, *, #620, .T. ) ;
#763 = VERTEX_POINT ( 'NONE', #2425 ) ;
#764 = ORIENTED_EDGE ( 'NONE', *, *, #758, .T. ) ;
#765 = ORIENTED_EDGE ( 'NONE', *, *, #737, .T. ) ;
#766 = ORIENTED_EDGE ( 'NONE', *, *, #655, .T. ) ;
#767 = ORIENTED_EDGE ( 'NONE', *, *, #359, .F. ) ;
#768 = EDGE_CURVE ( 'NONE', #561, #407, #2424, .T. ) ;
#769 = ORIENTED_EDGE ( 'NONE', *, *, #514, .T. ) ;
#770 = ADVANCED_FACE ( 'NONE', ( #2542 ), #2541, .T. ) ;
#771 = EDGE_LOOP ( 'NONE', ( #772, #773, #775, #776 ) ) ;
#772 = ORIENTED_EDGE ( 'NONE', *, *, #197, .F. ) ;
#773 = ORIENTED_EDGE ( 'NONE', *, *, #524, .T. ) ;
#774 = EDGE_LOOP ( 'NONE', ( #779, #761, #740, #780 ) ) ;
#775 = ORIENTED_EDGE ( 'NONE', *, *, #768, .T. ) ;
#776 = ORIENTED_EDGE ( 'NONE', *, *, #406, .T. ) ;
#777 = ADVANCED_FACE ( 'NONE', ( #2539 ), #2535, .T. ) ;
#778 = ADVANCED_FACE ( 'NONE', ( #2533 ), #2529, .F. ) ;
#779 = ORIENTED_EDGE ( 'NONE', *, *, #532, .F. ) ;
#780 = ORIENTED_EDGE ( 'NONE', *, *, #133, .T. ) ;
#781 = EDGE_LOOP ( 'NONE', ( #865, #891, #832, #835, #908, #681 ) ) ;
#782 = ORIENTED_EDGE ( 'NONE', *, *, #423, .T. ) ;
#783 = ORIENTED_EDGE ( 'NONE', *, *, #784, .T. ) ;
#784 = EDGE_CURVE ( 'NONE', #637, #684, #2527, .T. ) ;
#785 = ORIENTED_EDGE ( 'NONE', *, *, #678, .T. ) ;
#786 = ORIENTED_EDGE ( 'NONE', *, *, #599, .F. ) ;
#787 = ORIENTED_EDGE ( 'NONE', *, *, #732, .T. ) ;
#788 = ORIENTED_EDGE ( 'NONE', *, *, #427, .F. ) ;
#789 = ORIENTED_EDGE ( 'NONE', *, *, #802, .F. ) ;
#790 = EDGE_LOOP ( 'NONE', ( #904, #905, #840, #841 ) ) ;
#791 = EDGE_CURVE ( 'NONE', #415, #32, #2519, .T. ) ;
#792 = ORIENTED_EDGE ( 'NONE', *, *, #45, .F. ) ;
#793 = ADVANCED_FACE ( 'NONE', ( #2515 ), #2574, .F. ) ;
#794 = EDGE_LOOP ( 'NONE', ( #795, #797, #869, #871 ) ) ;
#795 = ORIENTED_EDGE ( 'NONE', *, *, #796, .F. ) ;
#796 = EDGE_CURVE ( 'NONE', #414, #35, #2569, .T. ) ;
#797 = ORIENTED_EDGE ( 'NONE', *, *, #223, .T. ) ;
#798 = ORIENTED_EDGE ( 'NONE', *, *, #363, .T. ) ;
#799 = ADVANCED_FACE ( 'NONE', ( #2565 ), #2563, .T. ) ;
#800 = EDGE_LOOP ( 'NONE', ( #801, #883, #884, #885 ) ) ;
#801 = ORIENTED_EDGE ( 'NONE', *, *, #125, .F. ) ;
#802 = EDGE_CURVE ( 'NONE', #529, #76, #2564, .T. ) ;
#803 = EDGE_LOOP ( 'NONE', ( #804, #783, #837, #823, #889, #860, #822, #851 ) ) ;
#804 = ORIENTED_EDGE ( 'NONE', *, *, #708, .F. ) ;
#805 = ORIENTED_EDGE ( 'NONE', *, *, #673, .T. ) ;
#806 = ADVANCED_FACE ( 'NONE', ( #2554 ), #2553, .T. ) ;
#807 = ORIENTED_EDGE ( 'NONE', *, *, #325, .T. ) ;
#808 = ORIENTED_EDGE ( 'NONE', *, *, #536, .T. ) ;
#809 = ORIENTED_EDGE ( 'NONE', *, *, #791, .T. ) ;
#810 = ORIENTED_EDGE ( 'NONE', *, *, #441, .F. ) ;
#811 = EDGE_LOOP ( 'NONE', ( #812, #813, #814, #916 ) ) ;
#812 = ORIENTED_EDGE ( 'NONE', *, *, #267, .F. ) ;
#813 = ORIENTED_EDGE ( 'NONE', *, *, #229, .T. ) ;
#814 = ORIENTED_EDGE ( 'NONE', *, *, #915, .T. ) ;
#815 = ORIENTED_EDGE ( 'NONE', *, *, #717, .F. ) ;
#816 = ORIENTED_EDGE ( 'NONE', *, *, #462, .F. ) ;
#817 = ORIENTED_EDGE ( 'NONE', *, *, #447, .F. ) ;
#818 = ORIENTED_EDGE ( 'NONE', *, *, #128, .F. ) ;
#819 = ORIENTED_EDGE ( 'NONE', *, *, #820, .T. ) ;
#820 = EDGE_CURVE ( 'NONE', #70, #613, #2551, .T. ) ;
#821 = ORIENTED_EDGE ( 'NONE', *, *, #553, .F. ) ;
#822 = ORIENTED_EDGE ( 'NONE', *, *, #148, .F. ) ;
#823 = ORIENTED_EDGE ( 'NONE', *, *, #186, .F. ) ;
#824 = EDGE_LOOP ( 'NONE', ( #828, #829, #809, #792 ) ) ;
#825 = ORIENTED_EDGE ( 'NONE', *, *, #590, .F. ) ;
#826 = ADVANCED_FACE ( 'NONE', ( #2547 ), #2514, .F. ) ;
#827 = EDGE_LOOP ( 'NONE', ( #815, #825, #816, #817 ) ) ;
#828 = ORIENTED_EDGE ( 'NONE', *, *, #915, .F. ) ;
#829 = ORIENTED_EDGE ( 'NONE', *, *, #227, .T. ) ;
#830 = EDGE_CURVE ( 'NONE', #906, #600, #2512, .T. ) ;
#831 = ORIENTED_EDGE ( 'NONE', *, *, #610, .F. ) ;
#832 = ORIENTED_EDGE ( 'NONE', *, *, #72, .T. ) ;
#833 = ORIENTED_EDGE ( 'NONE', *, *, #187, .F. ) ;
#834 = ORIENTED_EDGE ( 'NONE', *, *, #830, .T. ) ;
#835 = ORIENTED_EDGE ( 'NONE', *, *, #674, .T. ) ;
#836 = EDGE_LOOP ( 'NONE', ( #898, #899, #785, #808 ) ) ;
#837 = ORIENTED_EDGE ( 'NONE', *, *, #636, .F. ) ;
#838 = ORIENTED_EDGE ( 'NONE', *, *, #490, .T. ) ;
#839 = ORIENTED_EDGE ( 'NONE', *, *, #583, .F. ) ;
#840 = ORIENTED_EDGE ( 'NONE', *, *, #694, .F. ) ;
#841 = ORIENTED_EDGE ( 'NONE', *, *, #625, .F. ) ;
#842 = ADVANCED_FACE ( 'NONE', ( #2504 ), #2503, .F. ) ;
#843 = EDGE_LOOP ( 'NONE', ( #844, #914, #879, #877 ) ) ;
#844 = ORIENTED_EDGE ( 'NONE', *, *, #629, .F. ) ;
#845 = ORIENTED_EDGE ( 'NONE', *, *, #704, .F. ) ;
#846 = EDGE_LOOP ( 'NONE', ( #818, #858, #859, #786, #853 ) ) ;
#847 = ORIENTED_EDGE ( 'NONE', *, *, #674, .F. ) ;
#848 = ORIENTED_EDGE ( 'NONE', *, *, #149, .T. ) ;
#849 = ORIENTED_EDGE ( 'NONE', *, *, #632, .T. ) ;
#850 = ADVANCED_FACE ( 'NONE', ( #2501 ), #2497, .F. ) ;
#851 = ORIENTED_EDGE ( 'NONE', *, *, #691, .F. ) ;
#852 = ORIENTED_EDGE ( 'NONE', *, *, #124, .T. ) ;
#853 = ORIENTED_EDGE ( 'NONE', *, *, #862, .F. ) ;
#854 = ORIENTED_EDGE ( 'NONE', *, *, #346, .T. ) ;
#855 = ORIENTED_EDGE ( 'NONE', *, *, #686, .T. ) ;
#856 = ADVANCED_FACE ( 'NONE', ( #2495 ), #2491, .F. ) ;
#857 = EDGE_LOOP ( 'NONE', ( #880, #881, #882, #787, #788, #789 ) ) ;
#858 = ORIENTED_EDGE ( 'NONE', *, *, #352, .T. ) ;
#859 = ORIENTED_EDGE ( 'NONE', *, *, #668, .T. ) ;
#860 = ORIENTED_EDGE ( 'NONE', *, *, #802, .T. ) ;
#861 = EDGE_LOOP ( 'NONE', ( #847, #852, #819, #821, #887, #888, #890, #863 ) ) ;
#862 = EDGE_CURVE ( 'NONE', #210, #600, #2485, .T. ) ;
#863 = ORIENTED_EDGE ( 'NONE', *, *, #830, .F. ) ;
#864 = ORIENTED_EDGE ( 'NONE', *, *, #479, .F. ) ;
#865 = ORIENTED_EDGE ( 'NONE', *, *, #150, .T. ) ;
#866 = ADVANCED_FACE ( 'NONE', ( #2591 ), #2596, .T. ) ;
#867 = EDGE_LOOP ( 'NONE', ( #896, #909, #849, #807 ) ) ;
#868 = ADVANCED_FACE ( 'NONE', ( #2578 ), #2595, .T. ) ;
#869 = ORIENTED_EDGE ( 'NONE', *, *, #870, .T. ) ;
#870 = EDGE_CURVE ( 'NONE', #299, #38, #2579, .T. ) ;
#871 = ORIENTED_EDGE ( 'NONE', *, *, #37, .F. ) ;
#872 = ADVANCED_FACE ( 'NONE', ( #2597 ), #2695, .T. ) ;
#873 = EDGE_LOOP ( 'NONE', ( #874, #798, #911, #982 ) ) ;
#874 = ORIENTED_EDGE ( 'NONE', *, *, #221, .T. ) ;
#875 = ORIENTED_EDGE ( 'NONE', *, *, #457, .F. ) ;
#876 = ORIENTED_EDGE ( 'NONE', *, *, #316, .F. ) ;
#877 = ORIENTED_EDGE ( 'NONE', *, *, #758, .F. ) ;
#878 = ORIENTED_EDGE ( 'NONE', *, *, #504, .F. ) ;
#879 = ORIENTED_EDGE ( 'NONE', *, *, #620, .F. ) ;
#880 = ORIENTED_EDGE ( 'NONE', *, *, #527, .F. ) ;
#881 = ORIENTED_EDGE ( 'NONE', *, *, #647, .F. ) ;
#882 = ORIENTED_EDGE ( 'NONE', *, *, #273, .T. ) ;
#883 = ORIENTED_EDGE ( 'NONE', *, *, #340, .T. ) ;
#884 = ORIENTED_EDGE ( 'NONE', *, *, #436, .T. ) ;
#885 = ORIENTED_EDGE ( 'NONE', *, *, #820, .F. ) ;
#886 = ADVANCED_FACE ( 'NONE', ( #2696 ), #2690, .T. ) ;
#887 = ORIENTED_EDGE ( 'NONE', *, *, #895, .F. ) ;
#888 = ORIENTED_EDGE ( 'NONE', *, *, #119, .T. ) ;
#889 = ORIENTED_EDGE ( 'NONE', *, *, #659, .F. ) ;
#890 = ORIENTED_EDGE ( 'NONE', *, *, #862, .T. ) ;
#891 = ORIENTED_EDGE ( 'NONE', *, *, #420, .T. ) ;
#892 = ADVANCED_FACE ( 'NONE', ( #2688 ), #2684, .T. ) ;
#893 = ADVANCED_FACE ( 'NONE', ( #2682 ), #2678, .F. ) ;
#894 = ORIENTED_EDGE ( 'NONE', *, *, #895, .T. ) ;
#895 = EDGE_CURVE ( 'NONE', #254, #611, #2676, .T. ) ;
#896 = ORIENTED_EDGE ( 'NONE', *, *, #623, .F. ) ;
#897 = ORIENTED_EDGE ( 'NONE', *, *, #280, .T. ) ;
#898 = ORIENTED_EDGE ( 'NONE', *, *, #257, .F. ) ;
#899 = ORIENTED_EDGE ( 'NONE', *, *, #495, .F. ) ;
#900 = EDGE_LOOP ( 'NONE', ( #902, #845, #854, #855 ) ) ;
#901 = ADVANCED_FACE ( 'NONE', ( #2668 ), #2667, .T. ) ;
#902 = ORIENTED_EDGE ( 'NONE', *, *, #784, .F. ) ;
#903 = ADVANCED_FACE ( 'NONE', ( #2665 ), #2664, .T. ) ;
#904 = ORIENTED_EDGE ( 'NONE', *, *, #748, .F. ) ;
#905 = ORIENTED_EDGE ( 'NONE', *, *, #308, .F. ) ;
#906 = VERTEX_POINT ( 'NONE', #2584 ) ;
#907 = EDGE_LOOP ( 'NONE', ( #834, #838, #680, #679, #805 ) ) ;
#908 = ORIENTED_EDGE ( 'NONE', *, *, #673, .F. ) ;
#909 = ORIENTED_EDGE ( 'NONE', *, *, #910, .T. ) ;
#910 = EDGE_CURVE ( 'NONE', #621, #706, #2583, .T. ) ;
#911 = ORIENTED_EDGE ( 'NONE', *, *, #30, .F. ) ;
#912 = EDGE_LOOP ( 'NONE', ( #875, #876, #878, #810 ) ) ;
#913 = ADVANCED_FACE ( 'NONE', ( #2758 ), #2757, .T. ) ;
#914 = ORIENTED_EDGE ( 'NONE', *, *, #910, .F. ) ;
#915 = EDGE_CURVE ( 'NONE', #416, #43, #2755, .T. ) ;
#916 = ORIENTED_EDGE ( 'NONE', *, *, #42, .F. ) ;
#917 = ADVANCED_FACE ( 'NONE', ( #2748 ), #2746, .F. ) ;
#918 = EDGE_CURVE ( 'NONE', #919, #35, #2747, .T. ) ;
#919 = VERTEX_POINT ( 'NONE', #2737 ) ;
#920 = ORIENTED_EDGE ( 'NONE', *, *, #926, .T. ) ;
#921 = ADVANCED_FACE ( 'NONE', ( #2736 ), #2735, .T. ) ;
#922 = EDGE_LOOP ( 'NONE', ( #923, #1053, #947, #1081 ) ) ;
#923 = ORIENTED_EDGE ( 'NONE', *, *, #924, .F. ) ;
#924 = EDGE_CURVE ( 'NONE', #1078, #1052, #2733, .T. ) ;
#925 = CLOSED_SHELL ( 'NONE', ( #15, #214, #246, #115, #63, #66, #172, #175, #107, #95, #202, #165, #141, #129, #292, #219, #401, #264, #361, #302, #285, #518, #593, #374, #603, #367, #465, #557, #510, #481, #388, #491, #570, #537, #584, #615, #433, #437, #602, #544, #550, #778, #738, #770, #777, #641, #756, #700, #649, #749, #627, #651, #660, #657, #703, #634, #719, #726, #893, #806, #672, #675, #866, #892, #886, #850, #799, #901, #856, #903, #842, #913, #826, #868, #917, #793, #872, #1012, #959, #1000, #1050, #1086, #1057, #1083, #1073, #1069, #921, #1084, #1044, #941, #1013, #1019, #931, #938, #963, #974, #995, #984, #1032 ) ) ;
#926 = EDGE_CURVE ( 'NONE', #919, #927, #2630, .T. ) ;
#927 = VERTEX_POINT ( 'NONE', #2626 ) ;
#928 = ORIENTED_EDGE ( 'NONE', *, *, #929, .T. ) ;
#929 = EDGE_CURVE ( 'NONE', #927, #414, #2624, .T. ) ;
#930 = ORIENTED_EDGE ( 'NONE', *, *, #796, .T. ) ;
#931 = ADVANCED_FACE ( 'NONE', ( #2625 ), #2619, .T. ) ;
#932 = EDGE_LOOP ( 'NONE', ( #933, #934, #935, #937 ) ) ;
#933 = ORIENTED_EDGE ( 'NONE', *, *, #225, .T. ) ;
#934 = ORIENTED_EDGE ( 'NONE', *, *, #929, .F. ) ;
#935 = ORIENTED_EDGE ( 'NONE', *, *, #936, .T. ) ;
#936 = EDGE_CURVE ( 'NONE', #927, #954, #2614, .T. ) ;
#937 = ORIENTED_EDGE ( 'NONE', *, *, #1018, .F. ) ;
#938 = ADVANCED_FACE ( 'NONE', ( #2610 ), #2609, .F. ) ;
#939 = EDGE_LOOP ( 'NONE', ( #1038, #1039, #1040, #1042 ) ) ;
#940 = EDGE_CURVE ( 'NONE', #1052, #953, #2607, .T. ) ;
#941 = ADVANCED_FACE ( 'NONE', ( #2659 ), #2658, .T. ) ;
#942 = EDGE_LOOP ( 'NONE', ( #1079, #1092, #1093, #1051 ) ) ;
#943 = EDGE_CURVE ( 'NONE', #1049, #181, #2656, .T. ) ;
#944 = ORIENTED_EDGE ( 'NONE', *, *, #1062, .T. ) ;
#945 = EDGE_LOOP ( 'NONE', ( #1067, #1055, #1094, #1068 ) ) ;
#946 = VERTEX_POINT ( 'NONE', #2648 ) ;
#947 = ORIENTED_EDGE ( 'NONE', *, *, #948, .T. ) ;
#948 = EDGE_CURVE ( 'NONE', #1064, #949, #2647, .T. ) ;
#949 = VERTEX_POINT ( 'NONE', #2643 ) ;
#950 = EDGE_LOOP ( 'NONE', ( #1089, #1058, #989, #1043 ) ) ;
#951 = ORIENTED_EDGE ( 'NONE', *, *, #952, .F. ) ;
#952 = EDGE_CURVE ( 'NONE', #953, #946, #2642, .T. ) ;
#953 = VERTEX_POINT ( 'NONE', #2638 ) ;
#954 = VERTEX_POINT ( 'NONE', #2637 ) ;
#955 = ORIENTED_EDGE ( 'NONE', *, *, #956, .F. ) ;
#956 = EDGE_CURVE ( 'NONE', #32, #1016, #2636, .T. ) ;
#957 = ORIENTED_EDGE ( 'NONE', *, *, #791, .F. ) ;
#958 = EDGE_LOOP ( 'NONE', ( #1005, #991, #671, #979 ) ) ;
#959 = ADVANCED_FACE ( 'NONE', ( #2631 ), #2726, .F. ) ;
#960 = EDGE_CURVE ( 'NONE', #324, #55, #2721, .T. ) ;
#961 = ORIENTED_EDGE ( 'NONE', *, *, #24, .F. ) ;
#962 = ORIENTED_EDGE ( 'NONE', *, *, #287, .T. ) ;
#963 = ADVANCED_FACE ( 'NONE', ( #2717 ), #2716, .T. ) ;
#964 = EDGE_LOOP ( 'NONE', ( #965, #968, #970, #972 ) ) ;
#965 = ORIENTED_EDGE ( 'NONE', *, *, #966, .T. ) ;
#966 = EDGE_CURVE ( 'NONE', #967, #927, #2714, .T. ) ;
#967 = VERTEX_POINT ( 'NONE', #2707 ) ;
#968 = ORIENTED_EDGE ( 'NONE', *, *, #926, .F. ) ;
#969 = VERTEX_POINT ( 'NONE', #2706 ) ;
#970 = ORIENTED_EDGE ( 'NONE', *, *, #971, .F. ) ;
#971 = EDGE_CURVE ( 'NONE', #969, #919, #2705, .T. ) ;
#972 = ORIENTED_EDGE ( 'NONE', *, *, #973, .F. ) ;
#973 = EDGE_CURVE ( 'NONE', #967, #969, #2701, .T. ) ;
#974 = ADVANCED_FACE ( 'NONE', ( #2697 ), #2792, .T. ) ;
#975 = EDGE_LOOP ( 'NONE', ( #976, #978, #992, #994 ) ) ;
#976 = ORIENTED_EDGE ( 'NONE', *, *, #977, .F. ) ;
#977 = EDGE_CURVE ( 'NONE', #1016, #218, #2787, .T. ) ;
#978 = ORIENTED_EDGE ( 'NONE', *, *, #1015, .T. ) ;
#979 = ORIENTED_EDGE ( 'NONE', *, *, #48, .F. ) ;
#980 = ORIENTED_EDGE ( 'NONE', *, *, #103, .T. ) ;
#981 = ORIENTED_EDGE ( 'NONE', *, *, #397, .F. ) ;
#982 = ORIENTED_EDGE ( 'NONE', *, *, #870, .F. ) ;
#983 = ORIENTED_EDGE ( 'NONE', *, *, #993, .F. ) ;
#984 = ADVANCED_FACE ( 'NONE', ( #2783 ), #2781, .T. ) ;
#985 = EDGE_LOOP ( 'NONE', ( #986, #987, #988, #1029, #1030 ) ) ;
#986 = ORIENTED_EDGE ( 'NONE', *, *, #971, .T. ) ;
#987 = ORIENTED_EDGE ( 'NONE', *, *, #1041, .F. ) ;
#988 = ORIENTED_EDGE ( 'NONE', *, *, #977, .T. ) ;
#989 = ORIENTED_EDGE ( 'NONE', *, *, #990, .F. ) ;
#990 = EDGE_CURVE ( 'NONE', #949, #1070, #2776, .T. ) ;
#991 = ORIENTED_EDGE ( 'NONE', *, *, #331, .T. ) ;
#992 = ORIENTED_EDGE ( 'NONE', *, *, #993, .T. ) ;
#993 = EDGE_CURVE ( 'NONE', #954, #233, #2772, .T. ) ;
#994 = ORIENTED_EDGE ( 'NONE', *, *, #87, .T. ) ;
#995 = ADVANCED_FACE ( 'NONE', ( #2768 ), #2767, .F. ) ;
#996 = EDGE_LOOP ( 'NONE', ( #1027, #1028, #997, #999, #983 ) ) ;
#997 = ORIENTED_EDGE ( 'NONE', *, *, #998, .F. ) ;
#998 = EDGE_CURVE ( 'NONE', #17, #967, #2760, .T. ) ;
#999 = ORIENTED_EDGE ( 'NONE', *, *, #16, .F. ) ;
#1000 = ADVANCED_FACE ( 'NONE', ( #2803 ), #2801, .F. ) ;
#1001 = ORIENTED_EDGE ( 'NONE', *, *, #1076, .F. ) ;
#1002 = ORIENTED_EDGE ( 'NONE', *, *, #924, .T. ) ;
#1003 = ORIENTED_EDGE ( 'NONE', *, *, #940, .T. ) ;
#1004 = EDGE_LOOP ( 'NONE', ( #1022, #1023, #1024, #1025 ) ) ;
#1005 = ORIENTED_EDGE ( 'NONE', *, *, #240, .F. ) ;
#1006 = ORIENTED_EDGE ( 'NONE', *, *, #178, .F. ) ;
#1007 = ORIENTED_EDGE ( 'NONE', *, *, #960, .T. ) ;
#1008 = ORIENTED_EDGE ( 'NONE', *, *, #22, .F. ) ;
#1009 = EDGE_LOOP ( 'NONE', ( #1006, #1047, #1007, #1008 ) ) ;
#1010 = EDGE_CURVE ( 'NONE', #338, #49, #2833, .T. ) ;
#1011 = EDGE_LOOP ( 'NONE', ( #981, #962, #980, #961 ) ) ;
#1012 = ADVANCED_FACE ( 'NONE', ( #2804 ), #2794, .T. ) ;
#1013 = ADVANCED_FACE ( 'NONE', ( #2796 ), #2866, .T. ) ;
#1014 = ORIENTED_EDGE ( 'NONE', *, *, #1015, .F. ) ;
#1015 = EDGE_CURVE ( 'NONE', #1016, #954, #2861, .T. ) ;
#1016 = VERTEX_POINT ( 'NONE', #2857 ) ;
#1017 = ORIENTED_EDGE ( 'NONE', *, *, #1018, .T. ) ;
#1018 = EDGE_CURVE ( 'NONE', #415, #954, #2856, .T. ) ;
#1019 = ADVANCED_FACE ( 'NONE', ( #2851 ), #2850, .F. ) ;
#1020 = EDGE_LOOP ( 'NONE', ( #1021, #920, #928, #930 ) ) ;
#1021 = ORIENTED_EDGE ( 'NONE', *, *, #918, .F. ) ;
#1022 = ORIENTED_EDGE ( 'NONE', *, *, #940, .F. ) ;
#1023 = ORIENTED_EDGE ( 'NONE', *, *, #1082, .F. ) ;
#1024 = ORIENTED_EDGE ( 'NONE', *, *, #990, .T. ) ;
#1025 = ORIENTED_EDGE ( 'NONE', *, *, #1048, .T. ) ;
#1026 = EDGE_LOOP ( 'NONE', ( #1014, #955, #957, #1017 ) ) ;
#1027 = ORIENTED_EDGE ( 'NONE', *, *, #936, .F. ) ;
#1028 = ORIENTED_EDGE ( 'NONE', *, *, #966, .F. ) ;
#1029 = ORIENTED_EDGE ( 'NONE', *, *, #111, .T. ) ;
#1030 = ORIENTED_EDGE ( 'NONE', *, *, #1031, .T. ) ;
#1031 = EDGE_CURVE ( 'NONE', #234, #969, #2844, .T. ) ;
#1032 = ADVANCED_FACE ( 'NONE', ( #2840 ), #2839, .T. ) ;
#1033 = EDGE_LOOP ( 'NONE', ( #1034, #1035, #1036, #1037 ) ) ;
#1034 = ORIENTED_EDGE ( 'NONE', *, *, #19, .F. ) ;
#1035 = ORIENTED_EDGE ( 'NONE', *, *, #998, .T. ) ;
#1036 = ORIENTED_EDGE ( 'NONE', *, *, #973, .T. ) ;
#1037 = ORIENTED_EDGE ( 'NONE', *, *, #1031, .F. ) ;
#1038 = ORIENTED_EDGE ( 'NONE', *, *, #34, .F. ) ;
#1039 = ORIENTED_EDGE ( 'NONE', *, *, #956, .T. ) ;
#1040 = ORIENTED_EDGE ( 'NONE', *, *, #1041, .T. ) ;
#1041 = EDGE_CURVE ( 'NONE', #1016, #919, #2831, .T. ) ;
#1042 = ORIENTED_EDGE ( 'NONE', *, *, #918, .T. ) ;
#1043 = ORIENTED_EDGE ( 'NONE', *, *, #948, .F. ) ;
#1044 = ADVANCED_FACE ( 'NONE', ( #2827 ), #2825, .T. ) ;
#1045 = EDGE_LOOP ( 'NONE', ( #1046, #1001, #1002, #1003 ) ) ;
#1046 = ORIENTED_EDGE ( 'NONE', *, *, #952, .T. ) ;
#1047 = ORIENTED_EDGE ( 'NONE', *, *, #289, .T. ) ;
#1048 = EDGE_CURVE ( 'NONE', #1070, #953, #2826, .T. ) ;
#1049 = VERTEX_POINT ( 'NONE', #2817 ) ;
#1050 = ADVANCED_FACE ( 'NONE', ( #2816 ), #2815, .T. ) ;
#1051 = ORIENTED_EDGE ( 'NONE', *, *, #1062, .F. ) ;
#1052 = VERTEX_POINT ( 'NONE', #2879 ) ;
#1053 = ORIENTED_EDGE ( 'NONE', *, *, #1077, .T. ) ;
#1054 = ORIENTED_EDGE ( 'NONE', *, *, #1048, .F. ) ;
#1055 = ORIENTED_EDGE ( 'NONE', *, *, #1090, .T. ) ;
#1056 = ORIENTED_EDGE ( 'NONE', *, *, #1090, .F. ) ;
#1057 = ADVANCED_FACE ( 'NONE', ( #2888 ), #2893, .F. ) ;
#1058 = ORIENTED_EDGE ( 'NONE', *, *, #1072, .F. ) ;
#1059 = ORIENTED_EDGE ( 'NONE', *, *, #1096, .T. ) ;
#1060 = ORIENTED_EDGE ( 'NONE', *, *, #1097, .F. ) ;
#1061 = EDGE_LOOP ( 'NONE', ( #1063, #1155, #1066, #1087 ) ) ;
#1062 = EDGE_CURVE ( 'NONE', #324, #1064, #2894, .T. ) ;
#1063 = ORIENTED_EDGE ( 'NONE', *, *, #296, .T. ) ;
#1064 = VERTEX_POINT ( 'NONE', #2895 ) ;
#1065 = EDGE_LOOP ( 'NONE', ( #1071, #1056, #951, #1054 ) ) ;
#1066 = ORIENTED_EDGE ( 'NONE', *, *, #51, .F. ) ;
#1067 = ORIENTED_EDGE ( 'NONE', *, *, #1096, .F. ) ;
#1068 = ORIENTED_EDGE ( 'NONE', *, *, #238, .T. ) ;
#1069 = ADVANCED_FACE ( 'NONE', ( #2882 ), #2881, .T. ) ;
#1070 = VERTEX_POINT ( 'NONE', #2889 ) ;
#1071 = ORIENTED_EDGE ( 'NONE', *, *, #1072, .T. ) ;
#1072 = EDGE_CURVE ( 'NONE', #1070, #1049, #2908, .T. ) ;
#1073 = ADVANCED_FACE ( 'NONE', ( #2904 ), #2903, .F. ) ;
#1074 = EDGE_LOOP ( 'NONE', ( #1080, #1164, #1075, #1059 ) ) ;
#1075 = ORIENTED_EDGE ( 'NONE', *, *, #1076, .T. ) ;
#1076 = EDGE_CURVE ( 'NONE', #1078, #946, #2917, .T. ) ;
#1077 = EDGE_CURVE ( 'NONE', #1078, #1064, #2913, .T. ) ;
#1078 = VERTEX_POINT ( 'NONE', #2909 ) ;
#1079 = ORIENTED_EDGE ( 'NONE', *, *, #261, .T. ) ;
#1080 = ORIENTED_EDGE ( 'NONE', *, *, #134, .F. ) ;
#1081 = ORIENTED_EDGE ( 'NONE', *, *, #1082, .T. ) ;
#1082 = EDGE_CURVE ( 'NONE', #949, #1052, #2878, .T. ) ;
#1083 = ADVANCED_FACE ( 'NONE', ( #2874 ), #2873, .T. ) ;
#1084 = ADVANCED_FACE ( 'NONE', ( #2867 ), #2808, .F. ) ;
#1085 = ORIENTED_EDGE ( 'NONE', *, *, #960, .F. ) ;
#1086 = ADVANCED_FACE ( 'NONE', ( #2926 ), #2918, .T. ) ;
#1087 = ORIENTED_EDGE ( 'NONE', *, *, #1010, .F. ) ;
#1088 = EDGE_LOOP ( 'NONE', ( #1091, #1060, #1085, #944 ) ) ;
#1089 = ORIENTED_EDGE ( 'NONE', *, *, #1095, .F. ) ;
#1090 = EDGE_CURVE ( 'NONE', #946, #1049, #2933, .T. ) ;
#1091 = ORIENTED_EDGE ( 'NONE', *, *, #1077, .F. ) ;
#1092 = ORIENTED_EDGE ( 'NONE', *, *, #943, .F. ) ;
#1093 = ORIENTED_EDGE ( 'NONE', *, *, #1095, .T. ) ;
#1094 = ORIENTED_EDGE ( 'NONE', *, *, #943, .T. ) ;
#1095 = EDGE_CURVE ( 'NONE', #1049, #1064, #2931, .T. ) ;
#1096 = EDGE_CURVE ( 'NONE', #946, #110, #2813, .T. ) ;
#1097 = EDGE_CURVE ( 'NONE', #55, #1078, #2941, .T. ) ;
#1098 = DIRECTION ( 'NONE',  ( 3.671838701161643800E-016, -3.491483361109382900E-015, 1.000000000000000000 ) ) ;
#1099 = VECTOR ( 'NONE', #1098, 39.37007874015748100 ) ;
#1100 = DIRECTION ( 'NONE',  ( 1.000000000000000000, 0.0000000000000000000, 0.0000000000000000000 ) ) ;
#1101 = VECTOR ( 'NONE', #1100, 39.37007874015748100 ) ;
#1102 = CARTESIAN_POINT ( 'NONE',  ( -0.08000000000000000200, -1.707404996040164500E-017, -0.03200000000000000100 ) ) ;
#1103 = LINE ( 'NONE', #1102, #1101 ) ;
#1104 = LINE ( 'NONE', #1128, #1127 ) ;
#1105 = CARTESIAN_POINT ( 'NONE',  ( 0.07400000000000001000, 0.0000000000000000000, 0.2140000000000000000 ) ) ;
#1106 = DIRECTION ( 'NONE',  ( 0.0000000000000000000, 0.0000000000000000000, -1.000000000000000000 ) ) ;
#1107 = DIRECTION ( 'NONE',  ( -0.0000000000000000000, 1.000000000000000000, 0.0000000000000000000 ) ) ;
#1108 = CARTESIAN_POINT ( 'NONE',  ( -0.05199999999999997000, 0.0000000000000000000, 0.1940000000000000100 ) ) ;
#1109 = AXIS2_PLACEMENT_3D ( 'NONE', #1108, #1107, #1106 ) ;
#1110 = LENGTH_MEASURE_WITH_UNIT ( LENGTH_MEASURE( 0.02539999999999999900 ), #1194 );
#1111 = FILL_AREA_STYLE_COLOUR ( '', #1112 ) ;
#1112 = COLOUR_RGB ( '',0.8313725490196077800, 0.8392156862745098200, 0.8274509803921568100 ) ;
#1113 = CIRCLE ( 'NONE', #1198, 0.04650000000000000000 ) ;
#1114 = SURFACE_SIDE_STYLE ('',( #1156 ) ) ;
#1115 = CARTESIAN_POINT ( 'NONE',  ( -0.05824931487364264100, 0.0000000000000000000, -0.01444000000000000300 ) ) ;
#1116 = AXIS2_PLACEMENT_3D ( 'NONE', #1115, #1181, #1180 ) ;
#1117 = CIRCLE ( 'NONE', #1116, 0.01200000000000000200 ) ;
#1118 = UNCERTAINTY_MEASURE_WITH_UNIT (LENGTH_MEASURE( 1.000000000000000100E-005 ), #1165, 'distance_accuracy_value', 'NONE');
#1119 = LINE ( 'NONE', #1233, #1232 ) ;
#1120 = CARTESIAN_POINT ( 'NONE',  ( -0.04421054320589928200, 0.2140501584072958000, 0.0000000000000000000 ) ) ;
#1121 = CARTESIAN_POINT ( 'NONE',  ( -0.07698596256389934900, 0.2683318183452601500, 0.2140000000000000000 ) ) ;
#1122 = CARTESIAN_POINT ( 'NONE',  ( -0.09113397128132384700, 0.2176086130251418400, 0.2140000000000000000 ) ) ;
#1123 = DIRECTION ( 'NONE',  ( 1.000000000000000000, 0.0000000000000000000, 0.0000000000000000000 ) ) ;
#1124 = CARTESIAN_POINT ( 'NONE',  ( -0.05199999999999997000, 0.0000000000000000000, 0.1940000000000000100 ) ) ;
#1125 = CARTESIAN_POINT ( 'NONE',  ( -0.05199999999999997000, 0.0000000000000000000, 0.1720000000000000100 ) ) ;
#1126 = DIRECTION ( 'NONE',  ( -0.0000000000000000000, -0.0000000000000000000, -1.000000000000000000 ) ) ;
#1127 = VECTOR ( 'NONE', #1126, 39.37007874015748100 ) ;
#1128 = CARTESIAN_POINT ( 'NONE',  ( -0.1111339712813238500, 0.2176086130251418400, 0.2140000000000000000 ) ) ;
#1129 = CIRCLE ( 'NONE', #1185, 0.02199999999999999900 ) ;
#1130 = LINE ( 'NONE', #1237, #1236 ) ;
#1131 = DIRECTION ( 'NONE',  ( 0.0000000000000000000, -1.000000000000000000, -3.488246766103561600E-015 ) ) ;
#1132 = DIRECTION ( 'NONE',  ( 3.671838701161643800E-016, -3.491483361109382500E-015, 1.000000000000000000 ) ) ;
#1133 = DIRECTION ( 'NONE',  ( -0.0000000000000000000, -0.0000000000000000000, -1.000000000000000000 ) ) ;
#1134 = VECTOR ( 'NONE', #1133, 39.37007874015748100 ) ;
#1135 = DIRECTION ( 'NONE',  ( -0.0000000000000000000, -0.0000000000000000000, -1.000000000000000000 ) ) ;
#1136 = VECTOR ( 'NONE', #1135, 39.37007874015748100 ) ;
#1137 = CARTESIAN_POINT ( 'NONE',  ( 0.07150000000000002200, 0.2879999999999999800, 0.2140000000000000000 ) ) ;
#1138 = DIRECTION ( 'NONE',  ( 1.000000000000000000, 0.0000000000000000000, 0.0000000000000000000 ) ) ;
#1139 = DIRECTION ( 'NONE',  ( 0.0000000000000000000, 0.0000000000000000000, 1.000000000000000000 ) ) ;
#1140 = CARTESIAN_POINT ( 'NONE',  ( 0.1095000000000000000, 0.2879999999999999800, 0.0000000000000000000 ) ) ;
#1141 = AXIS2_PLACEMENT_3D ( 'NONE', #1140, #1139, #1138 ) ;
#1142 = CIRCLE ( 'NONE', #1141, 0.03799999999999997800 ) ;
#1143 = LINE ( 'NONE', #1137, #1136 ) ;
#1144 = DIRECTION ( 'NONE',  ( -1.000000000000000000, -0.0000000000000000000, -0.0000000000000000000 ) ) ;
#1145 = VECTOR ( 'NONE', #1144, 39.37007874015748100 ) ;
#1146 = CARTESIAN_POINT ( 'NONE',  ( -0.08000000000000000200, 0.0000000000000000000, 0.2140000000000000000 ) ) ;
#1147 = LINE ( 'NONE', #1146, #1145 ) ;
#1148 = CARTESIAN_POINT ( 'NONE',  ( -0.07399999999999995500, 0.0000000000000000000, 0.2140000000000000000 ) ) ;
#1149 = CARTESIAN_POINT ( 'NONE',  ( 0.03000000000000002300, 0.0000000000000000000, 0.1940000000000000100 ) ) ;
#1150 = CARTESIAN_POINT ( 'NONE',  ( -0.09179255701505059700, 0.1528746693709746300, 0.0000000000000000000 ) ) ;
#1151 = DIRECTION ( 'NONE',  ( -0.0000000000000000000, -0.0000000000000000000, 1.000000000000000000 ) ) ;
#1152 = VECTOR ( 'NONE', #1151, 39.37007874015748100 ) ;
#1153 = SURFACE_STYLE_USAGE ( .BOTH. , #1114 ) ;
#1154 = CIRCLE ( 'NONE', #1214, 0.01199999999999999700 ) ;
#1155 = ORIENTED_EDGE ( 'NONE', *, *, #349, .T. ) ;
#1156 = SURFACE_STYLE_FILL_AREA ( #1170 ) ;
#1157 = DIRECTION ( 'NONE',  ( 0.0000000000000000000, 0.0000000000000000000, -1.000000000000000000 ) ) ;
#1158 = DIRECTION ( 'NONE',  ( -0.0000000000000000000, 1.000000000000000000, 0.0000000000000000000 ) ) ;
#1159 = AXIS2_PLACEMENT_3D ( 'NONE', #1124, #1158, #1157 ) ;
#1160 = CIRCLE ( 'NONE', #1159, 0.02199999999999999900 ) ;
#1161 = CARTESIAN_POINT ( 'NONE',  ( -0.05199999999999997000, 0.02000000000000000000, 0.1720000000000000100 ) ) ;
#1162 = CARTESIAN_POINT ( 'NONE',  ( -2.524714869972110500E-017, -0.1399999999999999000, -0.05200000000000043500 ) ) ;
#1163 = STYLED_ITEM ( 'NONE', ( #1168 ), #14 ) ;
#1164 = ORIENTED_EDGE ( 'NONE', *, *, #1097, .T. ) ;
#1165 =( CONVERSION_BASED_UNIT ( 'INCH', #1110 ) LENGTH_UNIT ( ) NAMED_UNIT ( #1217 ) );
#1166 = LINE ( 'NONE', #1204, #1203 ) ;
#1167 = CARTESIAN_POINT ( 'NONE',  ( -0.04650000000000000000, 0.0000000000000000000, -0.01200000000000000200 ) ) ;
#1168 = PRESENTATION_STYLE_ASSIGNMENT (( #1153 ) ) ;
#1169 =( NAMED_UNIT ( * ) SI_UNIT ( $, .STERADIAN. ) SOLID_ANGLE_UNIT ( ) );
#1170 = FILL_AREA_STYLE ('',( #1111 ) ) ;
#1171 = FACE_OUTER_BOUND ( 'NONE', #235, .T. ) ;
#1172 =( GEOMETRIC_REPRESENTATION_CONTEXT ( 3 ) GLOBAL_UNCERTAINTY_ASSIGNED_CONTEXT ( ( #1118 ) ) GLOBAL_UNIT_ASSIGNED_CONTEXT ( ( #1165, #1199, #1169 ) ) REPRESENTATION_CONTEXT ( 'NONE', 'WORKASPACE' ) );
#1173 = DIRECTION ( 'NONE',  ( -0.0000000000000000000, -0.0000000000000000000, -1.000000000000000000 ) ) ;
#1174 = CARTESIAN_POINT ( 'NONE',  ( 0.006866028718676143500, 0.2176086130251418400, 0.2140000000000000000 ) ) ;
#1175 = AXIS2_PLACEMENT_3D ( 'NONE', #1174, #1173, #1123 ) ;
#1176 = CIRCLE ( 'NONE', #1175, 0.09799999999999999000 ) ;
#1177 = DIRECTION ( 'NONE',  ( -1.000000000000000000, 0.0000000000000000000, 0.0000000000000000000 ) ) ;
#1178 = DIRECTION ( 'NONE',  ( -0.0000000000000000000, -0.0000000000000000000, -1.000000000000000000 ) ) ;
#1179 = CIRCLE ( 'NONE', #1109, 0.02199999999999999900 ) ;
#1180 = DIRECTION ( 'NONE',  ( 0.0000000000000000000, 0.0000000000000000000, -1.000000000000000000 ) ) ;
#1181 = DIRECTION ( 'NONE',  ( -0.0000000000000000000, 1.000000000000000000, 0.0000000000000000000 ) ) ;
#1182 = DIRECTION ( 'NONE',  ( 0.0000000000000000000, 0.0000000000000000000, -1.000000000000000000 ) ) ;
#1183 = DIRECTION ( 'NONE',  ( -0.0000000000000000000, 1.000000000000000000, 0.0000000000000000000 ) ) ;
#1184 = CARTESIAN_POINT ( 'NONE',  ( 0.05200000000000001800, 0.0000000000000000000, 0.1940000000000000100 ) ) ;
#1185 = AXIS2_PLACEMENT_3D ( 'NONE', #1184, #1183, #1182 ) ;
#1186 = MECHANICAL_DESIGN_GEOMETRIC_PRESENTATION_REPRESENTATION (  '', ( #1163 ), #1172 ) ;
#1187 = PRESENTATION_LAYER_ASSIGNMENT (  '', '', ( #1163 ) ) ;
#1188 = CYLINDRICAL_SURFACE ( 'NONE', #1242, 0.09799999999999999000 ) ;
#1189 = FACE_OUTER_BOUND ( 'NONE', #89, .T. ) ;
#1190 = DIRECTION ( 'NONE',  ( 1.000000000000000000, 0.0000000000000000000, 0.0000000000000000000 ) ) ;
#1191 = DIRECTION ( 'NONE',  ( 0.0000000000000000000, 0.0000000000000000000, 1.000000000000000000 ) ) ;
#1192 = CARTESIAN_POINT ( 'NONE',  ( -0.1942105432058992800, 0.2140501584072958000, -0.03200000000000000100 ) ) ;
#1193 = CARTESIAN_POINT ( 'NONE',  ( -0.07278209898064255700, 0.1259869258239201500, 0.0000000000000000000 ) ) ;
#1194 =( LENGTH_UNIT ( ) NAMED_UNIT ( * ) SI_UNIT ( $, .METRE. ) );
#1195 = DIRECTION ( 'NONE',  ( 0.0000000000000000000, -1.000000000000000000, -3.488246766103561600E-015 ) ) ;
#1196 = DIRECTION ( 'NONE',  ( 3.671838701161643800E-016, -3.491483361109382100E-015, 1.000000000000000000 ) ) ;
#1197 = CARTESIAN_POINT ( 'NONE',  ( -2.891898740088269100E-017, -0.09349999999999990300, -0.05200000000000027500 ) ) ;
#1198 = AXIS2_PLACEMENT_3D ( 'NONE', #1197, #1196, #1195 ) ;
#1199 =( NAMED_UNIT ( * ) PLANE_ANGLE_UNIT ( ) SI_UNIT ( $, .RADIAN. ) );
#1200 = CARTESIAN_POINT ( 'NONE',  ( -0.07000000000000000700, 0.0000000000000000000, -0.03199999999999999400 ) ) ;
#1201 = CARTESIAN_POINT ( 'NONE',  ( 0.04650000000000000000, 0.0000000000000000000, -0.01200000000000003700 ) ) ;
#1202 = DIRECTION ( 'NONE',  ( 1.000000000000000000, 0.0000000000000000000, 0.0000000000000000000 ) ) ;
#1203 = VECTOR ( 'NONE', #1202, 39.37007874015748100 ) ;
#1204 = CARTESIAN_POINT ( 'NONE',  ( -0.08000000000000000200, 0.0000000000000000000, -0.01200000000000000200 ) ) ;
#1205 = CARTESIAN_POINT ( 'NONE',  ( -0.07000000000000000700, 0.0000000000000000000, -0.01200660749955874200 ) ) ;
#1206 = DIRECTION ( 'NONE',  ( -0.0000000000000000000, -0.0000000000000000000, 1.000000000000000000 ) ) ;
#1207 = VECTOR ( 'NONE', #1206, 39.37007874015748100 ) ;
#1208 = CARTESIAN_POINT ( 'NONE',  ( -0.07000000000000000700, 0.0000000000000000000, 0.2140000000000000000 ) ) ;
#1209 = LINE ( 'NONE', #1208, #1207 ) ;
#1210 = CARTESIAN_POINT ( 'NONE',  ( 0.07000000000000000700, 0.0000000000000000000, -0.01200660749955881200 ) ) ;
#1211 = DIRECTION ( 'NONE',  ( 0.0000000000000000000, 0.0000000000000000000, -1.000000000000000000 ) ) ;
#1212 = DIRECTION ( 'NONE',  ( -0.0000000000000000000, 1.000000000000000000, 0.0000000000000000000 ) ) ;
#1213 = CARTESIAN_POINT ( 'NONE',  ( 0.05824931487364263400, 0.0000000000000000000, -0.01444000000000002900 ) ) ;
#1214 = AXIS2_PLACEMENT_3D ( 'NONE', #1213, #1212, #1211 ) ;
#1215 = CARTESIAN_POINT ( 'NONE',  ( -2.891898740088269100E-017, -0.1399999999999999000, -0.05200000000000043500 ) ) ;
#1216 = LINE ( 'NONE', #1215, #1099 ) ;
#1217 = DIMENSIONAL_EXPONENTS ( 1.000000000000000000, 0.0000000000000000000, 0.0000000000000000000, 0.0000000000000000000, 0.0000000000000000000, 0.0000000000000000000, 0.0000000000000000000 ) ;
#1218 = CARTESIAN_POINT ( 'NONE',  ( 0.07648299059113002100, 0.2691883788658555000, 0.0000000000000000000 ) ) ;
#1219 = DIRECTION ( 'NONE',  ( -0.0000000000000000000, -0.0000000000000000000, -1.000000000000000000 ) ) ;
#1220 = VECTOR ( 'NONE', #1219, 39.37007874015748100 ) ;
#1221 = CARTESIAN_POINT ( 'NONE',  ( 0.07698596256389932100, 0.2683318183452602100, 0.2140000000000000000 ) ) ;
#1222 = LINE ( 'NONE', #1221, #1220 ) ;
#1223 = DIRECTION ( 'NONE',  ( 0.0000000000000000000, 0.0000000000000000000, -1.000000000000000000 ) ) ;
#1224 = DIRECTION ( 'NONE',  ( -0.0000000000000000000, 1.000000000000000000, 0.0000000000000000000 ) ) ;
#1225 = AXIS2_PLACEMENT_3D ( 'NONE', #1229, #1224, #1223 ) ;
#1226 = CARTESIAN_POINT ( 'NONE',  ( -0.07399999999999996900, 0.0000000000000000000, 0.2140000000000000000 ) ) ;
#1227 = LINE ( 'NONE', #1226, #1152 ) ;
#1228 = CARTESIAN_POINT ( 'NONE',  ( -0.07399999999999996900, 0.0000000000000000000, 0.1940000000000000300 ) ) ;
#1229 = CARTESIAN_POINT ( 'NONE',  ( -0.05199999999999997000, 0.02000000000000000000, 0.1940000000000000100 ) ) ;
#1230 = CIRCLE ( 'NONE', #1225, 0.02199999999999999900 ) ;
#1231 = DIRECTION ( 'NONE',  ( 0.0000000000000000000, 0.0000000000000000000, 1.000000000000000000 ) ) ;
#1232 = VECTOR ( 'NONE', #1231, 39.37007874015748100 ) ;
#1233 = CARTESIAN_POINT ( 'NONE',  ( -0.07278209898064255700, 0.1259869258239201500, -0.03200000000000000100 ) ) ;
#1234 = CARTESIAN_POINT ( 'NONE',  ( 0.08000000000000000200, -1.707404996040164500E-017, 0.2140000000000000000 ) ) ;
#1235 = DIRECTION ( 'NONE',  ( 0.0000000000000000000, 0.0000000000000000000, -1.000000000000000000 ) ) ;
#1236 = VECTOR ( 'NONE', #1235, 39.37007874015748100 ) ;
#1237 = CARTESIAN_POINT ( 'NONE',  ( 0.07400000000000001000, 0.0000000000000000000, 0.2140000000000000000 ) ) ;
#1238 = CARTESIAN_POINT ( 'NONE',  ( -2.891898740088269100E-017, -0.09349999999999990300, -0.05200000000000027500 ) ) ;
#1239 = AXIS2_PLACEMENT_3D ( 'NONE', #1238, #1132, #1131 ) ;
#1240 = CYLINDRICAL_SURFACE ( 'NONE', #1239, 0.04650000000000000000 ) ;
#1241 = CARTESIAN_POINT ( 'NONE',  ( 0.006866028718676143500, 0.2176086130251418400, 0.2140000000000000000 ) ) ;
#1242 = AXIS2_PLACEMENT_3D ( 'NONE', #1241, #1178, #1177 ) ;
#1243 = AXIS2_PLACEMENT_3D ( 'NONE', #1192, #1191, #1190 ) ;
#1244 = CYLINDRICAL_SURFACE ( 'NONE', #1243, 0.1300000000000000000 ) ;
#1245 = FACE_OUTER_BOUND ( 'NONE', #114, .T. ) ;
#1246 = CARTESIAN_POINT ( 'NONE',  ( 0.07000000000000000700, 0.0000000000000000000, -0.03199999999999999400 ) ) ;
#1247 = DIRECTION ( 'NONE',  ( 0.0000000000000000000, 0.0000000000000000000, -1.000000000000000000 ) ) ;
#1248 = VECTOR ( 'NONE', #1247, 39.37007874015748100 ) ;
#1249 = CARTESIAN_POINT ( 'NONE',  ( 0.07000000000000000700, 0.0000000000000000000, 0.2140000000000000000 ) ) ;
#1250 = LINE ( 'NONE', #1249, #1248 ) ;
#1251 = CARTESIAN_POINT ( 'NONE',  ( 0.1095000000000000000, 0.2879999999999999800, 0.2140000000000000000 ) ) ;
#1252 = AXIS2_PLACEMENT_3D ( 'NONE', #1251, #1356, #1364 ) ;
#1253 = CARTESIAN_POINT ( 'NONE',  ( 0.07698596256389932100, 0.2683318183452602100, 0.0000000000000000000 ) ) ;
#1254 = AXIS2_PLACEMENT_3D ( 'NONE', #1358, #1352, #1359 ) ;
#1255 = CARTESIAN_POINT ( 'NONE',  ( 0.006866028718676143500, 0.2176086130251418400, 0.2140000000000000000 ) ) ;
#1256 = CYLINDRICAL_SURFACE ( 'NONE', #1327, 0.1179999999999999900 ) ;
#1257 = FACE_OUTER_BOUND ( 'NONE', #142, .T. ) ;
#1258 = DIRECTION ( 'NONE',  ( -0.0000000000000000000, -0.0000000000000000000, -1.000000000000000000 ) ) ;
#1259 = VECTOR ( 'NONE', #1258, 39.37007874015748100 ) ;
#1260 = CARTESIAN_POINT ( 'NONE',  ( -0.08000000000000000200, 0.0000000000000000000, 0.2140000000000000000 ) ) ;
#1261 = LINE ( 'NONE', #1260, #1259 ) ;
#1262 = DIRECTION ( 'NONE',  ( -1.000000000000000000, -0.0000000000000000000, -0.0000000000000000000 ) ) ;
#1263 = VECTOR ( 'NONE', #1262, 39.37007874015748100 ) ;
#1264 = CARTESIAN_POINT ( 'NONE',  ( -0.08000000000000000200, 0.0000000000000000000, 0.2140000000000000000 ) ) ;
#1265 = LINE ( 'NONE', #1264, #1263 ) ;
#1266 = DIRECTION ( 'NONE',  ( -1.000000000000000000, -0.0000000000000000000, -0.0000000000000000000 ) ) ;
#1267 = VECTOR ( 'NONE', #1266, 39.37007874015748100 ) ;
#1268 = CARTESIAN_POINT ( 'NONE',  ( -0.08000000000000000200, 0.0000000000000000000, 0.1940000000000000100 ) ) ;
#1269 = LINE ( 'NONE', #1268, #1267 ) ;
#1270 = DIRECTION ( 'NONE',  ( -0.0000000000000000000, -0.0000000000000000000, -1.000000000000000000 ) ) ;
#1271 = VECTOR ( 'NONE', #1270, 39.37007874015748100 ) ;
#1272 = CARTESIAN_POINT ( 'NONE',  ( -0.09179255701505059700, 0.1528746693709746300, 0.2140000000000000000 ) ) ;
#1273 = LINE ( 'NONE', #1272, #1271 ) ;
#1274 = CARTESIAN_POINT ( 'NONE',  ( -0.1111339712813238500, 0.2176086130251418400, 0.0000000000000000000 ) ) ;
#1275 = DIRECTION ( 'NONE',  ( 1.000000000000000000, 0.0000000000000000000, 0.0000000000000000000 ) ) ;
#1276 = DIRECTION ( 'NONE',  ( -0.0000000000000000000, -0.0000000000000000000, -1.000000000000000000 ) ) ;
#1277 = AXIS2_PLACEMENT_3D ( 'NONE', #1282, #1276, #1275 ) ;
#1278 = CIRCLE ( 'NONE', #1277, 0.1179999999999999900 ) ;
#1279 = DIRECTION ( 'NONE',  ( 0.0000000000000000000, -0.0000000000000000000, -1.000000000000000000 ) ) ;
#1280 = DIRECTION ( 'NONE',  ( 0.0000000000000000000, -1.000000000000000000, 0.0000000000000000000 ) ) ;
#1281 = CARTESIAN_POINT ( 'NONE',  ( -0.08000000000000000200, 0.0000000000000000000, 0.2140000000000000000 ) ) ;
#1282 = CARTESIAN_POINT ( 'NONE',  ( 0.006866028718676143500, 0.2176086130251418400, 0.0000000000000000000 ) ) ;
#1283 = DIRECTION ( 'NONE',  ( -1.000000000000000000, 0.0000000000000000000, 0.0000000000000000000 ) ) ;
#1284 = DIRECTION ( 'NONE',  ( 0.0000000000000000000, 0.0000000000000000000, 1.000000000000000000 ) ) ;
#1285 = CARTESIAN_POINT ( 'NONE',  ( 0.1095000000000000000, 0.2879999999999999800, 0.2140000000000000000 ) ) ;
#1286 = AXIS2_PLACEMENT_3D ( 'NONE', #1285, #1284, #1283 ) ;
#1287 = DIRECTION ( 'NONE',  ( 0.0000000000000000000, 0.0000000000000000000, 1.000000000000000000 ) ) ;
#1288 = CARTESIAN_POINT ( 'NONE',  ( -0.09351020724307804200, 0.2962659861837947400, -0.03200000000000000100 ) ) ;
#1289 = CARTESIAN_POINT ( 'NONE',  ( 0.09179255701505056900, 0.1528746693709746300, 0.2140000000000000000 ) ) ;
#1290 = CARTESIAN_POINT ( 'NONE',  ( -0.04421054320589928200, 0.2140501584072958000, -0.03200000000000000100 ) ) ;
#1291 = CARTESIAN_POINT ( 'NONE',  ( -0.02999999999999997100, 0.0000000000000000000, 0.1940000000000000100 ) ) ;
#1292 = CARTESIAN_POINT ( 'NONE',  ( 0.07698596256389932100, 0.2683318183452602100, 0.2140000000000000000 ) ) ;
#1293 = DIRECTION ( 'NONE',  ( -1.000000000000000000, 0.0000000000000000000, 0.0000000000000000000 ) ) ;
#1294 = CARTESIAN_POINT ( 'NONE',  ( -0.04650000000000001400, -0.09349999999999990300, -0.05200000000000026100 ) ) ;
#1295 = LINE ( 'NONE', #1294, #1298 ) ;
#1296 = LINE ( 'NONE', #1288, #1394 ) ;
#1297 = DIRECTION ( 'NONE',  ( 3.671838701161643800E-016, -3.491483361109382900E-015, 1.000000000000000000 ) ) ;
#1298 = VECTOR ( 'NONE', #1297, 39.37007874015748100 ) ;
#1299 = CIRCLE ( 'NONE', #1254, 0.02199999999999999900 ) ;
#1300 = CYLINDRICAL_SURFACE ( 'NONE', #1252, 0.01799999999999998500 ) ;
#1301 = FACE_OUTER_BOUND ( 'NONE', #78, .T. ) ;
#1302 = CARTESIAN_POINT ( 'NONE',  ( 0.09351020724307804200, 0.2962659861837947400, 0.2140000000000000000 ) ) ;
#1303 = DIRECTION ( 'NONE',  ( 1.000000000000000000, 0.0000000000000000000, 0.0000000000000000000 ) ) ;
#1304 = DIRECTION ( 'NONE',  ( -0.0000000000000000000, -0.0000000000000000000, -1.000000000000000000 ) ) ;
#1305 = CARTESIAN_POINT ( 'NONE',  ( 0.006866028718676143500, 0.2176086130251418400, 0.2140000000000000000 ) ) ;
#1306 = AXIS2_PLACEMENT_3D ( 'NONE', #1305, #1304, #1303 ) ;
#1307 = CIRCLE ( 'NONE', #1306, 0.1179999999999999900 ) ;
#1308 = DIRECTION ( 'NONE',  ( -1.000000000000000000, 0.0000000000000000000, 0.0000000000000000000 ) ) ;
#1309 = DIRECTION ( 'NONE',  ( -0.0000000000000000000, -0.0000000000000000000, -1.000000000000000000 ) ) ;
#1310 = AXIS2_PLACEMENT_3D ( 'NONE', #1311, #1309, #1308 ) ;
#1311 = CARTESIAN_POINT ( 'NONE',  ( -0.08000000000000000200, 0.04499999999999997100, 0.2140000000000000000 ) ) ;
#1312 = CYLINDRICAL_SURFACE ( 'NONE', #1310, 0.04499999999999999800 ) ;
#1313 = DIRECTION ( 'NONE',  ( 3.671838701161643800E-016, -3.491483361109382100E-015, 1.000000000000000000 ) ) ;
#1314 = CARTESIAN_POINT ( 'NONE',  ( -2.157530999855940200E-017, -0.09349999999999997200, -0.03200000000000027800 ) ) ;
#1315 = AXIS2_PLACEMENT_3D ( 'NONE', #1314, #1313, #1362 ) ;
#1316 = CIRCLE ( 'NONE', #1315, 0.04650000000000000000 ) ;
#1317 = FACE_OUTER_BOUND ( 'NONE', #121, .T. ) ;
#1318 = DIRECTION ( 'NONE',  ( 0.0000000000000000000, -1.000000000000000000, -0.0000000000000000000 ) ) ;
#1319 = VECTOR ( 'NONE', #1318, 39.37007874015748100 ) ;
#1320 = CARTESIAN_POINT ( 'NONE',  ( 0.07400000000000001000, 0.02000000000000000000, 0.1940000000000000100 ) ) ;
#1321 = LINE ( 'NONE', #1320, #1319 ) ;
#1322 = DIRECTION ( 'NONE',  ( -0.0000000000000000000, -0.0000000000000000000, -1.000000000000000000 ) ) ;
#1323 = CARTESIAN_POINT ( 'NONE',  ( 0.07150000000000002200, 0.2879999999999999800, 0.0000000000000000000 ) ) ;
#1324 = CARTESIAN_POINT ( 'NONE',  ( 0.07186298735679931500, 0.1281522171174073700, 0.2140000000000000000 ) ) ;
#1325 = DIRECTION ( 'NONE',  ( -1.000000000000000000, 0.0000000000000000000, 0.0000000000000000000 ) ) ;
#1326 = DIRECTION ( 'NONE',  ( -0.0000000000000000000, -0.0000000000000000000, -1.000000000000000000 ) ) ;
#1327 = AXIS2_PLACEMENT_3D ( 'NONE', #1255, #1326, #1325 ) ;
#1328 = CARTESIAN_POINT ( 'NONE',  ( 0.08884217178799196100, 0.1429999999999999900, 0.0000000000000000000 ) ) ;
#1329 = CIRCLE ( 'NONE', #1401, 0.1300000000000000000 ) ;
#1330 = DIRECTION ( 'NONE',  ( 1.000000000000000000, 0.0000000000000000000, 0.0000000000000000000 ) ) ;
#1331 = DIRECTION ( 'NONE',  ( 0.0000000000000000000, 0.0000000000000000000, 1.000000000000000000 ) ) ;
#1332 = CARTESIAN_POINT ( 'NONE',  ( -0.1942105432058992800, 0.2140501584072958000, -0.03200000000000000100 ) ) ;
#1333 = CARTESIAN_POINT ( 'NONE',  ( -0.09351020724307804200, 0.2962659861837947400, 0.0000000000000000000 ) ) ;
#1334 = CARTESIAN_POINT ( 'NONE',  ( 0.07400000000000001000, 0.0000000000000000000, 0.1940000000000000100 ) ) ;
#1335 = CARTESIAN_POINT ( 'NONE',  ( -0.1030126213363109900, 0.05476827821223193700, -0.03200000000000000100 ) ) ;
#1336 = DIRECTION ( 'NONE',  ( -0.0000000000000000000, -0.0000000000000000000, -1.000000000000000000 ) ) ;
#1337 = VECTOR ( 'NONE', #1336, 39.37007874015748100 ) ;
#1338 = CARTESIAN_POINT ( 'NONE',  ( 0.07186298735679931500, 0.1281522171174073700, 0.2140000000000000000 ) ) ;
#1339 = LINE ( 'NONE', #1338, #1337 ) ;
#1340 = DIRECTION ( 'NONE',  ( 0.3907311284892789300, -0.9205048534524380400, -0.0000000000000000000 ) ) ;
#1341 = VECTOR ( 'NONE', #1340, 39.37007874015748900 ) ;
#1342 = DIRECTION ( 'NONE',  ( -1.000000000000000000, 0.0000000000000000000, 0.0000000000000000000 ) ) ;
#1343 = DIRECTION ( 'NONE',  ( -0.0000000000000000000, -0.0000000000000000000, -1.000000000000000000 ) ) ;
#1344 = AXIS2_PLACEMENT_3D ( 'NONE', #1348, #1343, #1342 ) ;
#1345 = CARTESIAN_POINT ( 'NONE',  ( 0.1030126213363109900, 0.05476827821223193700, -0.03200000000000000100 ) ) ;
#1346 = LINE ( 'NONE', #1345, #1341 ) ;
#1347 = CARTESIAN_POINT ( 'NONE',  ( -0.1095000000000000000, 0.2879999999999999800, 0.0000000000000000000 ) ) ;
#1348 = CARTESIAN_POINT ( 'NONE',  ( -0.08000000000000000200, 0.04499999999999997100, 0.2140000000000000000 ) ) ;
#1349 = CYLINDRICAL_SURFACE ( 'NONE', #1344, 0.02500000000000000500 ) ;
#1350 = FACE_OUTER_BOUND ( 'NONE', #173, .T. ) ;
#1351 = DIRECTION ( 'NONE',  ( 1.000000000000000000, 0.0000000000000000000, 0.0000000000000000000 ) ) ;
#1352 = DIRECTION ( 'NONE',  ( -0.0000000000000000000, 1.000000000000000000, 0.0000000000000000000 ) ) ;
#1353 = CARTESIAN_POINT ( 'NONE',  ( 0.09150000000000001200, 0.2879999999999999800, 0.2140000000000000000 ) ) ;
#1354 = CARTESIAN_POINT ( 'NONE',  ( -0.1942105432058992800, 0.2140501584072958000, -0.03200000000000000100 ) ) ;
#1355 = AXIS2_PLACEMENT_3D ( 'NONE', #1354, #1382, #1381 ) ;
#1356 = DIRECTION ( 'NONE',  ( -0.0000000000000000000, -0.0000000000000000000, -1.000000000000000000 ) ) ;
#1357 = AXIS2_PLACEMENT_3D ( 'NONE', #1402, #1322, #1395 ) ;
#1358 = CARTESIAN_POINT ( 'NONE',  ( 0.05200000000000001800, 0.02000000000000000000, 0.1940000000000000100 ) ) ;
#1359 = DIRECTION ( 'NONE',  ( 0.0000000000000000000, 0.0000000000000000000, -1.000000000000000000 ) ) ;
#1360 = CYLINDRICAL_SURFACE ( 'NONE', #1361, 0.1499999999999999900 ) ;
#1361 = AXIS2_PLACEMENT_3D ( 'NONE', #1332, #1331, #1330 ) ;
#1362 = DIRECTION ( 'NONE',  ( 0.0000000000000000000, -1.000000000000000000, -3.488246766103561600E-015 ) ) ;
#1363 = CIRCLE ( 'NONE', #1355, 0.1499999999999999900 ) ;
#1364 = DIRECTION ( 'NONE',  ( -1.000000000000000000, 0.0000000000000000000, 0.0000000000000000000 ) ) ;
#1365 = CYLINDRICAL_SURFACE ( 'NONE', #1406, 0.03799999999999997800 ) ;
#1366 = DIRECTION ( 'NONE',  ( -0.0000000000000000000, -0.0000000000000000000, -1.000000000000000000 ) ) ;
#1367 = FACE_OUTER_BOUND ( 'NONE', #106, .T. ) ;
#1368 = CIRCLE ( 'NONE', #1357, 0.02500000000000000500 ) ;
#1369 = AXIS2_PLACEMENT_3D ( 'NONE', #1281, #1280, #1279 ) ;
#1370 = PLANE ( 'NONE',  #1369 ) ;
#1371 = FACE_OUTER_BOUND ( 'NONE', #53, .T. ) ;
#1372 = DIRECTION ( 'NONE',  ( 0.0000000000000000000, 0.0000000000000000000, 1.000000000000000000 ) ) ;
#1373 = VECTOR ( 'NONE', #1372, 39.37007874015748100 ) ;
#1374 = CARTESIAN_POINT ( 'NONE',  ( -0.06421054320589927900, 0.2140501584072958000, -0.03200000000000000100 ) ) ;
#1375 = LINE ( 'NONE', #1374, #1373 ) ;
#1376 = CARTESIAN_POINT ( 'NONE',  ( -0.09113397128132384700, 0.2176086130251418400, 0.0000000000000000000 ) ) ;
#1377 = DIRECTION ( 'NONE',  ( 0.0000000000000000000, 0.0000000000000000000, 1.000000000000000000 ) ) ;
#1378 = VECTOR ( 'NONE', #1377, 39.37007874015748100 ) ;
#1379 = CARTESIAN_POINT ( 'NONE',  ( -0.04421054320589928200, 0.2140501584072958000, -0.03200000000000000100 ) ) ;
#1380 = LINE ( 'NONE', #1379, #1378 ) ;
#1381 = DIRECTION ( 'NONE',  ( -1.000000000000000000, 0.0000000000000000000, 0.0000000000000000000 ) ) ;
#1382 = DIRECTION ( 'NONE',  ( 0.0000000000000000000, 0.0000000000000000000, 1.000000000000000000 ) ) ;
#1383 = LINE ( 'NONE', #1447, #1446 ) ;
#1384 = DIRECTION ( 'NONE',  ( -0.0000000000000000000, -0.0000000000000000000, -1.000000000000000000 ) ) ;
#1385 = VECTOR ( 'NONE', #1384, 39.37007874015748100 ) ;
#1386 = CARTESIAN_POINT ( 'NONE',  ( -0.07698596256389934900, 0.2683318183452601500, 0.2140000000000000000 ) ) ;
#1387 = LINE ( 'NONE', #1386, #1385 ) ;
#1388 = DIRECTION ( 'NONE',  ( 1.000000000000000000, 0.0000000000000000000, 0.0000000000000000000 ) ) ;
#1389 = DIRECTION ( 'NONE',  ( 0.0000000000000000000, 0.0000000000000000000, 1.000000000000000000 ) ) ;
#1390 = CARTESIAN_POINT ( 'NONE',  ( 0.1095000000000000000, 0.2879999999999999800, 0.0000000000000000000 ) ) ;
#1391 = AXIS2_PLACEMENT_3D ( 'NONE', #1390, #1389, #1388 ) ;
#1392 = CIRCLE ( 'NONE', #1391, 0.03799999999999997800 ) ;
#1393 = CARTESIAN_POINT ( 'NONE',  ( 0.09150000000000001200, 0.2879999999999999800, 0.0000000000000000000 ) ) ;
#1394 = VECTOR ( 'NONE', #1287, 39.37007874015748100 ) ;
#1395 = DIRECTION ( 'NONE',  ( -1.000000000000000000, 0.0000000000000000000, 0.0000000000000000000 ) ) ;
#1396 = CARTESIAN_POINT ( 'NONE',  ( -0.06421054320589927900, 0.2140501584072958000, -0.03200000000000000100 ) ) ;
#1397 = CARTESIAN_POINT ( 'NONE',  ( 0.07400000000000001000, 0.02000000000000000000, 0.1940000000000000100 ) ) ;
#1398 = DIRECTION ( 'NONE',  ( -1.000000000000000000, 0.0000000000000000000, 0.0000000000000000000 ) ) ;
#1399 = DIRECTION ( 'NONE',  ( -0.0000000000000000000, -0.0000000000000000000, -1.000000000000000000 ) ) ;
#1400 = CARTESIAN_POINT ( 'NONE',  ( -0.1942105432058992800, 0.2140501584072958000, 0.0000000000000000000 ) ) ;
#1401 = AXIS2_PLACEMENT_3D ( 'NONE', #1400, #1399, #1398 ) ;
#1402 = CARTESIAN_POINT ( 'NONE',  ( -0.08000000000000001600, 0.04499999999999999800, -0.03200000000000000100 ) ) ;
#1403 = CIRCLE ( 'NONE', #1286, 0.01799999999999998500 ) ;
#1404 = CARTESIAN_POINT ( 'NONE',  ( -0.07278209898064255700, 0.1259869258239201500, -0.03200000000000000100 ) ) ;
#1405 = CARTESIAN_POINT ( 'NONE',  ( 0.1095000000000000000, 0.2879999999999999800, 0.2140000000000000000 ) ) ;
#1406 = AXIS2_PLACEMENT_3D ( 'NONE', #1405, #1366, #1293 ) ;
#1407 = CARTESIAN_POINT ( 'NONE',  ( -0.1030126213363109900, 0.05476827821223194400, 0.2140000000000000000 ) ) ;
#1408 = DIRECTION ( 'NONE',  ( -0.0000000000000000000, -0.0000000000000000000, -1.000000000000000000 ) ) ;
#1409 = CARTESIAN_POINT ( 'NONE',  ( -0.08000000000000000200, 0.04499999999999997100, 0.2140000000000000000 ) ) ;
#1410 = AXIS2_PLACEMENT_3D ( 'NONE', #1409, #1408, #1351 ) ;
#1411 = CIRCLE ( 'NONE', #1410, 0.02500000000000000500 ) ;
#1412 = DIRECTION ( 'NONE',  ( -0.0000000000000000000, -0.0000000000000000000, -1.000000000000000000 ) ) ;
#1413 = VECTOR ( 'NONE', #1412, 39.37007874015748100 ) ;
#1414 = CARTESIAN_POINT ( 'NONE',  ( 0.06884217178799195700, 0.1429999999999999900, 0.2140000000000000000 ) ) ;
#1415 = LINE ( 'NONE', #1414, #1413 ) ;
#1416 = CARTESIAN_POINT ( 'NONE',  ( -0.09179255701505059700, 0.1528746693709746300, 0.2140000000000000000 ) ) ;
#1417 = DIRECTION ( 'NONE',  ( -1.000000000000000000, 0.0000000000000000000, 0.0000000000000000000 ) ) ;
#1418 = DIRECTION ( 'NONE',  ( 0.0000000000000000000, 0.0000000000000000000, 1.000000000000000000 ) ) ;
#1419 = CARTESIAN_POINT ( 'NONE',  ( -0.1942105432058992800, 0.2140501584072958000, 0.0000000000000000000 ) ) ;
#1420 = AXIS2_PLACEMENT_3D ( 'NONE', #1419, #1418, #1417 ) ;
#1421 = CIRCLE ( 'NONE', #1420, 0.1499999999999999900 ) ;
#1422 = DIRECTION ( 'NONE',  ( -1.000000000000000000, 0.0000000000000000000, 0.0000000000000000000 ) ) ;
#1423 = DIRECTION ( 'NONE',  ( 0.0000000000000000000, 0.0000000000000000000, 1.000000000000000000 ) ) ;
#1424 = CARTESIAN_POINT ( 'NONE',  ( 0.1068421717879919400, 0.1429999999999999900, 0.0000000000000000000 ) ) ;
#1425 = AXIS2_PLACEMENT_3D ( 'NONE', #1424, #1423, #1422 ) ;
#1426 = CIRCLE ( 'NONE', #1425, 0.01799999999999998500 ) ;
#1427 = FACE_OUTER_BOUND ( 'NONE', #151, .T. ) ;
#1428 = CARTESIAN_POINT ( 'NONE',  ( 0.08884217178799196100, 0.1429999999999999900, 0.2140000000000000000 ) ) ;
#1429 = DIRECTION ( 'NONE',  ( -0.0000000000000000000, -0.0000000000000000000, -1.000000000000000000 ) ) ;
#1430 = VECTOR ( 'NONE', #1429, 39.37007874015748100 ) ;
#1431 = CARTESIAN_POINT ( 'NONE',  ( 0.09179255701505056900, 0.1528746693709746300, 0.2140000000000000000 ) ) ;
#1432 = LINE ( 'NONE', #1431, #1430 ) ;
#1433 = CARTESIAN_POINT ( 'NONE',  ( -0.08000000000000000200, -1.707404996040164500E-017, -0.03200000000000000100 ) ) ;
#1434 = DIRECTION ( 'NONE',  ( -1.000000000000000000, 0.0000000000000000000, 0.0000000000000000000 ) ) ;
#1435 = DIRECTION ( 'NONE',  ( 0.0000000000000000000, 0.0000000000000000000, 1.000000000000000000 ) ) ;
#1436 = CARTESIAN_POINT ( 'NONE',  ( -0.08000000000000001600, 0.04499999999999999800, -0.03200000000000000100 ) ) ;
#1437 = AXIS2_PLACEMENT_3D ( 'NONE', #1436, #1435, #1434 ) ;
#1438 = CIRCLE ( 'NONE', #1437, 0.04500000000000001200 ) ;
#1439 = DIRECTION ( 'NONE',  ( -1.000000000000000000, 0.0000000000000000000, 0.0000000000000000000 ) ) ;
#1440 = DIRECTION ( 'NONE',  ( -0.0000000000000000000, -0.0000000000000000000, -1.000000000000000000 ) ) ;
#1441 = CARTESIAN_POINT ( 'NONE',  ( -0.08000000000000000200, 0.04499999999999997100, 0.2140000000000000000 ) ) ;
#1442 = AXIS2_PLACEMENT_3D ( 'NONE', #1441, #1440, #1439 ) ;
#1443 = CIRCLE ( 'NONE', #1442, 0.04499999999999999800 ) ;
#1444 = CARTESIAN_POINT ( 'NONE',  ( -0.08000000000000000200, 0.0000000000000000000, 0.2140000000000000000 ) ) ;
#1445 = DIRECTION ( 'NONE',  ( -0.0000000000000000000, -0.0000000000000000000, -1.000000000000000000 ) ) ;
#1446 = VECTOR ( 'NONE', #1445, 39.37007874015748100 ) ;
#1447 = CARTESIAN_POINT ( 'NONE',  ( -0.1030126213363109900, 0.05476827821223194400, 0.2140000000000000000 ) ) ;
#1448 = CARTESIAN_POINT ( 'NONE',  ( 0.1068421717879919400, 0.1429999999999999900, 0.2140000000000000000 ) ) ;
#1449 = AXIS2_PLACEMENT_3D ( 'NONE', #1448, #1452, #1566 ) ;
#1450 = CARTESIAN_POINT ( 'NONE',  ( 0.05200000000000001800, 0.02000000000000000000, 0.1720000000000000100 ) ) ;
#1451 = CIRCLE ( 'NONE', #1465, 0.02199999999999999900 ) ;
#1452 = DIRECTION ( 'NONE',  ( -0.0000000000000000000, -0.0000000000000000000, -1.000000000000000000 ) ) ;
#1453 = FACE_OUTER_BOUND ( 'NONE', #215, .T. ) ;
#1454 = DIRECTION ( 'NONE',  ( -0.0000000000000000000, 1.000000000000000000, 0.0000000000000000000 ) ) ;
#1455 = LINE ( 'NONE', #1450, #1463 ) ;
#1456 = DIRECTION ( 'NONE',  ( -1.000000000000000000, 0.0000000000000000000, 0.0000000000000000000 ) ) ;
#1457 = DIRECTION ( 'NONE',  ( 0.0000000000000000000, 0.0000000000000000000, 1.000000000000000000 ) ) ;
#1458 = CARTESIAN_POINT ( 'NONE',  ( 0.1095000000000000000, 0.2879999999999999800, 0.0000000000000000000 ) ) ;
#1459 = AXIS2_PLACEMENT_3D ( 'NONE', #1458, #1457, #1456 ) ;
#1460 = CIRCLE ( 'NONE', #1459, 0.01799999999999998500 ) ;
#1461 = LINE ( 'NONE', #1540, #1539 ) ;
#1462 = CYLINDRICAL_SURFACE ( 'NONE', #1449, 0.03799999999999998500 ) ;
#1463 = VECTOR ( 'NONE', #1471, 39.37007874015748100 ) ;
#1464 = DIRECTION ( 'NONE',  ( 0.0000000000000000000, 0.0000000000000000000, -1.000000000000000000 ) ) ;
#1465 = AXIS2_PLACEMENT_3D ( 'NONE', #1472, #1454, #1464 ) ;
#1466 = CARTESIAN_POINT ( 'NONE',  ( -0.02999999999999997100, 0.02000000000000007000, 0.1940000000000000100 ) ) ;
#1467 = CARTESIAN_POINT ( 'NONE',  ( -0.1111339712813238500, 0.2176086130251418400, 0.2140000000000000000 ) ) ;
#1468 = CARTESIAN_POINT ( 'NONE',  ( -0.1050000000000000200, 0.04499999999999997100, -0.03200000000000000100 ) ) ;
#1469 = VECTOR ( 'NONE', #1551, 39.37007874015748100 ) ;
#1470 = CIRCLE ( 'NONE', #1550, 0.09799999999999999000 ) ;
#1471 = DIRECTION ( 'NONE',  ( 0.0000000000000000000, -1.000000000000000000, -0.0000000000000000000 ) ) ;
#1472 = CARTESIAN_POINT ( 'NONE',  ( 0.05200000000000001800, 0.0000000000000000000, 0.1940000000000000100 ) ) ;
#1473 = CARTESIAN_POINT ( 'NONE',  ( 0.09351020724307804200, 0.2962659861837947400, 0.0000000000000000000 ) ) ;
#1474 = DIRECTION ( 'NONE',  ( -0.0000000000000000000, -0.0000000000000000000, -1.000000000000000000 ) ) ;
#1475 = VECTOR ( 'NONE', #1474, 39.37007874015748100 ) ;
#1476 = CARTESIAN_POINT ( 'NONE',  ( -0.1250000000000000000, 0.04499999999999997100, 0.2140000000000000000 ) ) ;
#1477 = LINE ( 'NONE', #1476, #1475 ) ;
#1478 = CIRCLE ( 'NONE', #1501, 0.1300000000000000000 ) ;
#1479 = CARTESIAN_POINT ( 'NONE',  ( -0.06421054320589927900, 0.2140501584072958000, 0.0000000000000000000 ) ) ;
#1480 = DIRECTION ( 'NONE',  ( -0.0000000000000000000, -0.0000000000000000000, -1.000000000000000000 ) ) ;
#1481 = VECTOR ( 'NONE', #1480, 39.37007874015748100 ) ;
#1482 = CARTESIAN_POINT ( 'NONE',  ( 0.09150000000000001200, 0.2879999999999999800, 0.2140000000000000000 ) ) ;
#1483 = LINE ( 'NONE', #1482, #1481 ) ;
#1484 = DIRECTION ( 'NONE',  ( -1.000000000000000000, 0.0000000000000000000, 0.0000000000000000000 ) ) ;
#1485 = DIRECTION ( 'NONE',  ( 0.0000000000000000000, 0.0000000000000000000, 1.000000000000000000 ) ) ;
#1486 = CARTESIAN_POINT ( 'NONE',  ( 0.1068421717879919400, 0.1429999999999999900, 0.2140000000000000000 ) ) ;
#1487 = AXIS2_PLACEMENT_3D ( 'NONE', #1486, #1485, #1484 ) ;
#1488 = DIRECTION ( 'NONE',  ( -1.000000000000000000, 0.0000000000000000000, 0.0000000000000000000 ) ) ;
#1489 = DIRECTION ( 'NONE',  ( -0.0000000000000000000, -0.0000000000000000000, -1.000000000000000000 ) ) ;
#1490 = AXIS2_PLACEMENT_3D ( 'NONE', #1535, #1489, #1488 ) ;
#1491 = CIRCLE ( 'NONE', #1487, 0.01799999999999998500 ) ;
#1492 = CYLINDRICAL_SURFACE ( 'NONE', #1495, 0.02199999999999999900 ) ;
#1493 = CARTESIAN_POINT ( 'NONE',  ( 0.06884217178799195700, 0.1429999999999999900, 0.0000000000000000000 ) ) ;
#1494 = CARTESIAN_POINT ( 'NONE',  ( -0.05199999999999997000, 0.02000000000000000000, 0.1940000000000000100 ) ) ;
#1495 = AXIS2_PLACEMENT_3D ( 'NONE', #1494, #1534, #1533 ) ;
#1496 = FACE_OUTER_BOUND ( 'NONE', #189, .T. ) ;
#1497 = CARTESIAN_POINT ( 'NONE',  ( -0.09351020724307804200, 0.2962659861837947400, -0.03200000000000000100 ) ) ;
#1498 = DIRECTION ( 'NONE',  ( -1.000000000000000000, 0.0000000000000000000, 0.0000000000000000000 ) ) ;
#1499 = DIRECTION ( 'NONE',  ( -0.0000000000000000000, -0.0000000000000000000, -1.000000000000000000 ) ) ;
#1500 = CARTESIAN_POINT ( 'NONE',  ( -0.1942105432058992800, 0.2140501584072958000, -0.03200000000000000100 ) ) ;
#1501 = AXIS2_PLACEMENT_3D ( 'NONE', #1500, #1499, #1498 ) ;
#1502 = CARTESIAN_POINT ( 'NONE',  ( -0.1250000000000000300, 0.04499999999999997100, -0.03200000000000000100 ) ) ;
#1503 = CARTESIAN_POINT ( 'NONE',  ( 0.09179255701505056900, 0.1528746693709746300, 0.0000000000000000000 ) ) ;
#1504 = CARTESIAN_POINT ( 'NONE',  ( -0.1250000000000000000, 0.04499999999999997100, 0.2140000000000000000 ) ) ;
#1505 = DIRECTION ( 'NONE',  ( -0.0000000000000000000, -0.0000000000000000000, -1.000000000000000000 ) ) ;
#1506 = VECTOR ( 'NONE', #1505, 39.37007874015748100 ) ;
#1507 = CARTESIAN_POINT ( 'NONE',  ( 0.08884217178799196100, 0.1429999999999999900, 0.2140000000000000000 ) ) ;
#1508 = LINE ( 'NONE', #1507, #1506 ) ;
#1509 = CARTESIAN_POINT ( 'NONE',  ( -0.05824931487364264100, 0.02000000000000000000, -0.01444000000000000300 ) ) ;
#1510 = AXIS2_PLACEMENT_3D ( 'NONE', #1509, #1565, #1564 ) ;
#1511 = CIRCLE ( 'NONE', #1510, 0.01200000000000000200 ) ;
#1512 = DIRECTION ( 'NONE',  ( 1.000000000000000000, 0.0000000000000000000, -1.147449594113013400E-016 ) ) ;
#1513 = VECTOR ( 'NONE', #1512, 39.37007874015748100 ) ;
#1514 = CARTESIAN_POINT ( 'NONE',  ( -0.08000000000000002900, 0.02000000000000000000, -0.01200000000000003700 ) ) ;
#1515 = LINE ( 'NONE', #1514, #1513 ) ;
#1516 = DIRECTION ( 'NONE',  ( 0.0000000000000000000, 0.0000000000000000000, -1.000000000000000000 ) ) ;
#1517 = DIRECTION ( 'NONE',  ( -0.0000000000000000000, 1.000000000000000000, 0.0000000000000000000 ) ) ;
#1518 = CARTESIAN_POINT ( 'NONE',  ( 0.05824931487364263400, 0.02000000000000000000, -0.01444000000000002900 ) ) ;
#1519 = AXIS2_PLACEMENT_3D ( 'NONE', #1518, #1517, #1516 ) ;
#1520 = CIRCLE ( 'NONE', #1519, 0.01199999999999999700 ) ;
#1521 = DIRECTION ( 'NONE',  ( 2.587623992521610400E-016, 0.0000000000000000000, -1.000000000000000000 ) ) ;
#1522 = VECTOR ( 'NONE', #1521, 39.37007874015748100 ) ;
#1523 = CARTESIAN_POINT ( 'NONE',  ( 0.06999999999999995100, 0.02000000000000000000, 0.2140000000000000200 ) ) ;
#1524 = LINE ( 'NONE', #1523, #1522 ) ;
#1525 = DIRECTION ( 'NONE',  ( 1.000000000000000000, 0.0000000000000000000, -0.0000000000000000000 ) ) ;
#1526 = DIRECTION ( 'NONE',  ( 0.0000000000000000000, 0.0000000000000000000, 1.000000000000000000 ) ) ;
#1527 = CARTESIAN_POINT ( 'NONE',  ( 0.1030126213363109800, 0.05476827821223195100, 0.2140000000000000000 ) ) ;
#1528 = AXIS2_PLACEMENT_3D ( 'NONE', #1527, #1526, #1525 ) ;
#1529 = PLANE ( 'NONE',  #1528 ) ;
#1530 = FACE_OUTER_BOUND ( 'NONE', #220, .T. ) ;
#1531 = CARTESIAN_POINT ( 'NONE',  ( -0.04650000000000000000, -0.09349999999999997200, -0.03200000000000025700 ) ) ;
#1532 = CARTESIAN_POINT ( 'NONE',  ( -0.07698596256389934900, 0.2683318183452601500, 0.0000000000000000000 ) ) ;
#1533 = DIRECTION ( 'NONE',  ( 0.0000000000000000000, 0.0000000000000000000, -1.000000000000000000 ) ) ;
#1534 = DIRECTION ( 'NONE',  ( 0.0000000000000000000, -1.000000000000000000, -0.0000000000000000000 ) ) ;
#1535 = CARTESIAN_POINT ( 'NONE',  ( 0.1068421717879919400, 0.1429999999999999900, 0.2140000000000000000 ) ) ;
#1536 = CYLINDRICAL_SURFACE ( 'NONE', #1490, 0.01799999999999998500 ) ;
#1537 = FACE_OUTER_BOUND ( 'NONE', #204, .T. ) ;
#1538 = DIRECTION ( 'NONE',  ( -0.0000000000000000000, -0.0000000000000000000, -1.000000000000000000 ) ) ;
#1539 = VECTOR ( 'NONE', #1538, 39.37007874015748100 ) ;
#1540 = CARTESIAN_POINT ( 'NONE',  ( 0.09351020724307804200, 0.2962659861837947400, 0.2140000000000000000 ) ) ;
#1541 = AXIS2_PLACEMENT_3D ( 'NONE', #1555, #1554, #1553 ) ;
#1542 = CIRCLE ( 'NONE', #1541, 0.03799999999999997800 ) ;
#1543 = LINE ( 'NONE', #1552, #1469 ) ;
#1544 = CARTESIAN_POINT ( 'NONE',  ( 0.06884217178799195700, 0.1429999999999999900, 0.2140000000000000000 ) ) ;
#1545 = CARTESIAN_POINT ( 'NONE',  ( 0.07186298735679931500, 0.1281522171174074000, 0.0000000000000000000 ) ) ;
#1546 = CARTESIAN_POINT ( 'NONE',  ( -0.1050000000000000100, 0.04499999999999997100, 0.2140000000000000000 ) ) ;
#1547 = DIRECTION ( 'NONE',  ( 1.000000000000000000, 0.0000000000000000000, 0.0000000000000000000 ) ) ;
#1548 = DIRECTION ( 'NONE',  ( -0.0000000000000000000, -0.0000000000000000000, -1.000000000000000000 ) ) ;
#1549 = CARTESIAN_POINT ( 'NONE',  ( 0.006866028718676143500, 0.2176086130251418400, 0.0000000000000000000 ) ) ;
#1550 = AXIS2_PLACEMENT_3D ( 'NONE', #1549, #1548, #1547 ) ;
#1551 = DIRECTION ( 'NONE',  ( -0.0000000000000000000, -0.0000000000000000000, -1.000000000000000000 ) ) ;
#1552 = CARTESIAN_POINT ( 'NONE',  ( -0.1050000000000000100, 0.04499999999999997100, 0.2140000000000000000 ) ) ;
#1553 = DIRECTION ( 'NONE',  ( 1.000000000000000000, 0.0000000000000000000, 0.0000000000000000000 ) ) ;
#1554 = DIRECTION ( 'NONE',  ( 0.0000000000000000000, 0.0000000000000000000, 1.000000000000000000 ) ) ;
#1555 = CARTESIAN_POINT ( 'NONE',  ( 0.1068421717879919400, 0.1429999999999999900, 0.0000000000000000000 ) ) ;
#1556 = CARTESIAN_POINT ( 'NONE',  ( -0.04650000000000001400, -0.09349999999999990300, -0.05200000000000026100 ) ) ;
#1557 = CARTESIAN_POINT ( 'NONE',  ( -0.07000000000000000700, 0.01999999999999998700, -0.03200000000000000100 ) ) ;
#1558 = CARTESIAN_POINT ( 'NONE',  ( 0.05200000000000001800, 0.0000000000000000000, 0.1720000000000000100 ) ) ;
#1559 = CARTESIAN_POINT ( 'NONE',  ( -2.524714869972107400E-017, -0.1399999999999999900, -0.03200000000000043800 ) ) ;
#1560 = DIRECTION ( 'NONE',  ( 2.587623992521607500E-016, 0.0000000000000000000, 1.000000000000000000 ) ) ;
#1561 = VECTOR ( 'NONE', #1560, 39.37007874015748100 ) ;
#1562 = CARTESIAN_POINT ( 'NONE',  ( -0.06999999999999995100, 0.02000000000000000000, 0.2140000000000000000 ) ) ;
#1563 = LINE ( 'NONE', #1562, #1561 ) ;
#1564 = DIRECTION ( 'NONE',  ( 0.0000000000000000000, 0.0000000000000000000, -1.000000000000000000 ) ) ;
#1565 = DIRECTION ( 'NONE',  ( -0.0000000000000000000, 1.000000000000000000, 0.0000000000000000000 ) ) ;
#1566 = DIRECTION ( 'NONE',  ( -1.000000000000000000, 0.0000000000000000000, 0.0000000000000000000 ) ) ;
#1567 = VECTOR ( 'NONE', #1594, 39.37007874015748100 ) ;
#1568 = CARTESIAN_POINT ( 'NONE',  ( -0.05199999999999997000, 0.02000000000000000000, 0.1720000000000000100 ) ) ;
#1569 = LINE ( 'NONE', #1568, #1567 ) ;
#1570 = DIRECTION ( 'NONE',  ( 0.0000000000000000000, -1.000000000000000000, -0.0000000000000000000 ) ) ;
#1571 = VECTOR ( 'NONE', #1570, 39.37007874015748100 ) ;
#1572 = CARTESIAN_POINT ( 'NONE',  ( -0.02999999999999997500, 0.02000000000000000000, 0.1940000000000000100 ) ) ;
#1573 = LINE ( 'NONE', #1572, #1571 ) ;
#1574 = DIRECTION ( 'NONE',  ( 0.0000000000000000000, 0.0000000000000000000, 1.000000000000000000 ) ) ;
#1575 = DIRECTION ( 'NONE',  ( 1.000000000000000000, 0.0000000000000000000, 0.0000000000000000000 ) ) ;
#1576 = DIRECTION ( 'NONE',  ( 0.0000000000000000000, 0.0000000000000000000, 1.000000000000000000 ) ) ;
#1577 = CARTESIAN_POINT ( 'NONE',  ( 0.1068421717879919400, 0.1429999999999999900, 0.2140000000000000000 ) ) ;
#1578 = AXIS2_PLACEMENT_3D ( 'NONE', #1577, #1576, #1575 ) ;
#1579 = CIRCLE ( 'NONE', #1578, 0.03799999999999997800 ) ;
#1580 = DIRECTION ( 'NONE',  ( 1.000000000000000000, 0.0000000000000000000, 0.0000000000000000000 ) ) ;
#1581 = CARTESIAN_POINT ( 'NONE',  ( 0.07150000000000002200, 0.2879999999999999800, 0.2140000000000000000 ) ) ;
#1582 = DIRECTION ( 'NONE',  ( 1.000000000000000000, 0.0000000000000000000, 0.0000000000000000000 ) ) ;
#1583 = DIRECTION ( 'NONE',  ( 0.0000000000000000000, 0.0000000000000000000, 1.000000000000000000 ) ) ;
#1584 = CARTESIAN_POINT ( 'NONE',  ( 0.1095000000000000000, 0.2879999999999999800, 0.2140000000000000000 ) ) ;
#1585 = AXIS2_PLACEMENT_3D ( 'NONE', #1584, #1583, #1582 ) ;
#1586 = CIRCLE ( 'NONE', #1585, 0.03799999999999997800 ) ;
#1587 = DIRECTION ( 'NONE',  ( 0.0000000000000000000, 0.0000000000000000000, -1.000000000000000000 ) ) ;
#1588 = DIRECTION ( 'NONE',  ( 0.0000000000000000000, -1.000000000000000000, -0.0000000000000000000 ) ) ;
#1589 = CARTESIAN_POINT ( 'NONE',  ( 0.05200000000000001800, 0.02000000000000000000, 0.1940000000000000100 ) ) ;
#1590 = AXIS2_PLACEMENT_3D ( 'NONE', #1589, #1588, #1587 ) ;
#1591 = CYLINDRICAL_SURFACE ( 'NONE', #1590, 0.02199999999999999900 ) ;
#1592 = FACE_OUTER_BOUND ( 'NONE', #241, .T. ) ;
#1593 = CARTESIAN_POINT ( 'NONE',  ( 0.05200000000000001800, 0.02000000000000000000, 0.1720000000000000100 ) ) ;
#1594 = DIRECTION ( 'NONE',  ( 0.0000000000000000000, -1.000000000000000000, -0.0000000000000000000 ) ) ;
#1595 = DIRECTION ( 'NONE',  ( -0.0000000000000000000, -0.0000000000000000000, -1.000000000000000000 ) ) ;
#1596 = CARTESIAN_POINT ( 'NONE',  ( 0.08000000000000001600, 0.04499999999999999800, -0.03200000000000000100 ) ) ;
#1597 = AXIS2_PLACEMENT_3D ( 'NONE', #1596, #1595, #1635 ) ;
#1598 = CIRCLE ( 'NONE', #1597, 0.02500000000000000500 ) ;
#1599 = LINE ( 'NONE', #1605, #1639 ) ;
#1600 = DIRECTION ( 'NONE',  ( 0.4592214546552652000, 0.8883218198289976100, -0.0000000000000000000 ) ) ;
#1601 = VECTOR ( 'NONE', #1600, 39.37007874015748900 ) ;
#1602 = CARTESIAN_POINT ( 'NONE',  ( 0.1124999999999999900, 0.3330000000000000200, -0.03200000000000000100 ) ) ;
#1603 = LINE ( 'NONE', #1602, #1601 ) ;
#1604 = DIRECTION ( 'NONE',  ( 0.0000000000000000000, -1.000000000000000000, -0.0000000000000000000 ) ) ;
#1605 = CARTESIAN_POINT ( 'NONE',  ( -0.09113397128132384700, 0.2176086130251418400, 0.2140000000000000000 ) ) ;
#1606 = CARTESIAN_POINT ( 'NONE',  ( -0.1942105432058992800, 0.2140501584072958000, 0.0000000000000000000 ) ) ;
#1607 = VECTOR ( 'NONE', #1633, 39.37007874015748100 ) ;
#1608 = CARTESIAN_POINT ( 'NONE',  ( -0.08000000000000000200, 0.02000000000000000000, 0.1940000000000000100 ) ) ;
#1609 = FACE_OUTER_BOUND ( 'NONE', #269, .T. ) ;
#1610 = DIRECTION ( 'NONE',  ( -1.000000000000000000, 0.0000000000000000000, 0.0000000000000000000 ) ) ;
#1611 = DIRECTION ( 'NONE',  ( 0.0000000000000000000, 0.0000000000000000000, 1.000000000000000000 ) ) ;
#1612 = CARTESIAN_POINT ( 'NONE',  ( 0.1095000000000000000, 0.2879999999999999800, 0.2140000000000000000 ) ) ;
#1613 = AXIS2_PLACEMENT_3D ( 'NONE', #1612, #1611, #1610 ) ;
#1614 = CIRCLE ( 'NONE', #1613, 0.01799999999999998500 ) ;
#1615 = CARTESIAN_POINT ( 'NONE',  ( 0.09409861384605758300, 0.2786834929003864100, 0.2140000000000000000 ) ) ;
#1616 = DIRECTION ( 'NONE',  ( -0.0000000000000000000, -0.0000000000000000000, -1.000000000000000000 ) ) ;
#1617 = VECTOR ( 'NONE', #1616, 39.37007874015748100 ) ;
#1618 = CARTESIAN_POINT ( 'NONE',  ( -0.08000000000000000200, 0.01999999999999996600, 0.2140000000000000000 ) ) ;
#1619 = LINE ( 'NONE', #1618, #1617 ) ;
#1620 = DIRECTION ( 'NONE',  ( 1.000000000000000000, 0.0000000000000000000, 0.0000000000000000000 ) ) ;
#1621 = DIRECTION ( 'NONE',  ( 0.0000000000000000000, 0.0000000000000000000, 1.000000000000000000 ) ) ;
#1622 = AXIS2_PLACEMENT_3D ( 'NONE', #1661, #1621, #1620 ) ;
#1623 = VECTOR ( 'NONE', #1604, 39.37007874015748100 ) ;
#1624 = CARTESIAN_POINT ( 'NONE',  ( -0.07000000000000000700, 0.01999999999999998700, -0.03200000000000000100 ) ) ;
#1625 = LINE ( 'NONE', #1624, #1623 ) ;
#1626 = CARTESIAN_POINT ( 'NONE',  ( -0.07648299059113002100, 0.2691883788658555000, 0.0000000000000000000 ) ) ;
#1627 = LINE ( 'NONE', #1608, #1607 ) ;
#1628 = DIRECTION ( 'NONE',  ( -0.0000000000000000000, -0.0000000000000000000, -1.000000000000000000 ) ) ;
#1629 = DIRECTION ( 'NONE',  ( -1.000000000000000000, 0.0000000000000000000, 0.0000000000000000000 ) ) ;
#1630 = FACE_OUTER_BOUND ( 'NONE', #265, .T. ) ;
#1631 = DIRECTION ( 'NONE',  ( 0.0000000000000000000, -1.000000000000000000, 0.0000000000000000000 ) ) ;
#1632 = VECTOR ( 'NONE', #1631, 39.37007874015748100 ) ;
#1633 = DIRECTION ( 'NONE',  ( -1.000000000000000000, 0.0000000000000000000, 0.0000000000000000000 ) ) ;
#1634 = LINE ( 'NONE', #1646, #1632 ) ;
#1635 = DIRECTION ( 'NONE',  ( 1.000000000000000000, 0.0000000000000000000, 0.0000000000000000000 ) ) ;
#1636 = DIRECTION ( 'NONE',  ( 1.000000000000000000, 0.0000000000000000000, -0.0000000000000000000 ) ) ;
#1637 = DIRECTION ( 'NONE',  ( 0.0000000000000000000, 0.0000000000000000000, 1.000000000000000000 ) ) ;
#1638 = CARTESIAN_POINT ( 'NONE',  ( 0.08000000000000001600, 0.04499999999999999800, -0.03200000000000000100 ) ) ;
#1639 = VECTOR ( 'NONE', #1650, 39.37007874015748100 ) ;
#1640 = CARTESIAN_POINT ( 'NONE',  ( 0.09027308442584804100, 0.1359668396871930000, -0.03200000000000000100 ) ) ;
#1641 = DIRECTION ( 'NONE',  ( 1.000000000000000000, 0.0000000000000000000, 0.0000000000000000000 ) ) ;
#1642 = DIRECTION ( 'NONE',  ( -0.0000000000000000000, -0.0000000000000000000, -1.000000000000000000 ) ) ;
#1643 = CARTESIAN_POINT ( 'NONE',  ( 0.1942105432058992800, 0.2140501584072958000, -0.03200000000000000100 ) ) ;
#1644 = AXIS2_PLACEMENT_3D ( 'NONE', #1643, #1642, #1641 ) ;
#1645 = AXIS2_PLACEMENT_3D ( 'NONE', #1606, #1628, #1629 ) ;
#1646 = CARTESIAN_POINT ( 'NONE',  ( -0.08000000000000000200, 0.01999999999999996600, 0.2140000000000000000 ) ) ;
#1647 = CARTESIAN_POINT ( 'NONE',  ( -0.08000000000000001600, 0.01999999999999998700, -0.03200000000000000100 ) ) ;
#1648 = CIRCLE ( 'NONE', #1645, 0.1300000000000000000 ) ;
#1649 = CARTESIAN_POINT ( 'NONE',  ( -0.08000000000000000200, 0.01999999999999996600, 0.2140000000000000000 ) ) ;
#1650 = DIRECTION ( 'NONE',  ( -0.0000000000000000000, -0.0000000000000000000, -1.000000000000000000 ) ) ;
#1651 = AXIS2_PLACEMENT_3D ( 'NONE', #1732, #1731, #1730 ) ;
#1652 = PLANE ( 'NONE',  #1651 ) ;
#1653 = FACE_OUTER_BOUND ( 'NONE', #303, .T. ) ;
#1654 = DIRECTION ( 'NONE',  ( 1.000000000000000000, 0.0000000000000000000, 0.0000000000000000000 ) ) ;
#1655 = VECTOR ( 'NONE', #1654, 39.37007874015748100 ) ;
#1656 = CARTESIAN_POINT ( 'NONE',  ( -0.08000000000000000200, -1.707404996040164500E-017, -0.03200000000000000100 ) ) ;
#1657 = LINE ( 'NONE', #1656, #1655 ) ;
#1658 = CARTESIAN_POINT ( 'NONE',  ( 0.07000000000000000700, 0.02000000000000000000, -0.01200660749955880500 ) ) ;
#1659 = CARTESIAN_POINT ( 'NONE',  ( 0.07574377084649808200, 0.3054504152768999800, 0.2140000000000000000 ) ) ;
#1660 = DIRECTION ( 'NONE',  ( 7.786223870317770200E-016, 0.0000000000000000000, 1.000000000000000000 ) ) ;
#1661 = CARTESIAN_POINT ( 'NONE',  ( 0.08000000000000001600, 0.04499999999999999800, -0.03200000000000000100 ) ) ;
#1662 = CIRCLE ( 'NONE', #1622, 0.04500000000000001200 ) ;
#1663 = CARTESIAN_POINT ( 'NONE',  ( 0.1214227184053597600, 0.06258290078201750300, -0.03200000000000000100 ) ) ;
#1664 = DIRECTION ( 'NONE',  ( -0.3907311284892789300, 0.9205048534524380400, 0.0000000000000000000 ) ) ;
#1665 = VECTOR ( 'NONE', #1664, 39.37007874015748100 ) ;
#1666 = CARTESIAN_POINT ( 'NONE',  ( 0.1214227184053597600, 0.06258290078201750300, -0.03200000000000000100 ) ) ;
#1667 = LINE ( 'NONE', #1666, #1665 ) ;
#1668 = CIRCLE ( 'NONE', #1644, 0.1300000000000000000 ) ;
#1669 = CARTESIAN_POINT ( 'NONE',  ( 0.09351020724307804200, 0.2962659861837947400, -0.03200000000000000100 ) ) ;
#1670 = AXIS2_PLACEMENT_3D ( 'NONE', #1638, #1637, #1636 ) ;
#1671 = PLANE ( 'NONE',  #1670 ) ;
#1672 = CARTESIAN_POINT ( 'NONE',  ( 0.09409861384605758300, 0.2786834929003864100, 0.0000000000000000000 ) ) ;
#1673 = CARTESIAN_POINT ( 'NONE',  ( 0.08000000000000000200, -1.707404996040164500E-017, 0.2140000000000000000 ) ) ;
#1674 = LINE ( 'NONE', #1673, #1134 ) ;
#1675 = AXIS2_PLACEMENT_3D ( 'NONE', #1672, #1783, #1874 ) ;
#1676 = DIRECTION ( 'NONE',  ( -1.000000000000000000, -0.0000000000000000000, -0.0000000000000000000 ) ) ;
#1677 = VECTOR ( 'NONE', #1676, 39.37007874015748100 ) ;
#1678 = CARTESIAN_POINT ( 'NONE',  ( -0.08000000000000001600, 0.01999999999999998700, -0.03200000000000000100 ) ) ;
#1679 = LINE ( 'NONE', #1678, #1677 ) ;
#1680 = CARTESIAN_POINT ( 'NONE',  ( -0.07399999999999998200, 0.02000000000000000000, 0.2140000000000000000 ) ) ;
#1681 = DIRECTION ( 'NONE',  ( -1.000000000000000000, -0.0000000000000000000, 0.0000000000000000000 ) ) ;
#1682 = VECTOR ( 'NONE', #1681, 39.37007874015748100 ) ;
#1683 = CARTESIAN_POINT ( 'NONE',  ( -0.08000000000000000200, 0.02000000000000000000, 0.2140000000000000000 ) ) ;
#1684 = LINE ( 'NONE', #1683, #1682 ) ;
#1685 = DIRECTION ( 'NONE',  ( 0.0000000000000000000, 0.0000000000000000000, -1.000000000000000000 ) ) ;
#1686 = DIRECTION ( 'NONE',  ( -0.0000000000000000000, 1.000000000000000000, 0.0000000000000000000 ) ) ;
#1687 = CARTESIAN_POINT ( 'NONE',  ( -0.05199999999999997000, 0.02000000000000000000, 0.1940000000000000100 ) ) ;
#1688 = AXIS2_PLACEMENT_3D ( 'NONE', #1687, #1686, #1685 ) ;
#1689 = CIRCLE ( 'NONE', #1688, 0.02199999999999999900 ) ;
#1690 = DIRECTION ( 'NONE',  ( 0.8556325641079133300, 0.5175837277563095600, 0.0000000000000000000 ) ) ;
#1691 = VECTOR ( 'NONE', #1690, 39.37007874015748100 ) ;
#1692 = CARTESIAN_POINT ( 'NONE',  ( 0.07698596256389932100, 0.2683318183452602100, 0.2140000000000000000 ) ) ;
#1693 = LINE ( 'NONE', #1692, #1691 ) ;
#1694 = DIRECTION ( 'NONE',  ( 1.000000000000000000, 0.0000000000000000000, 0.0000000000000000000 ) ) ;
#1695 = DIRECTION ( 'NONE',  ( 0.0000000000000000000, 0.0000000000000000000, 1.000000000000000000 ) ) ;
#1696 = CARTESIAN_POINT ( 'NONE',  ( 0.1095000000000000000, 0.2879999999999999800, 0.2140000000000000000 ) ) ;
#1697 = AXIS2_PLACEMENT_3D ( 'NONE', #1696, #1695, #1694 ) ;
#1698 = CIRCLE ( 'NONE', #1697, 0.03799999999999997800 ) ;
#1699 = DIRECTION ( 'NONE',  ( 0.8883218198289983800, -0.4592214546552638700, 0.0000000000000000000 ) ) ;
#1700 = VECTOR ( 'NONE', #1699, 39.37007874015748900 ) ;
#1701 = CARTESIAN_POINT ( 'NONE',  ( 0.07574377084649808200, 0.3054504152768999800, 0.2140000000000000000 ) ) ;
#1702 = LINE ( 'NONE', #1701, #1700 ) ;
#1703 = CARTESIAN_POINT ( 'NONE',  ( 0.03000000000000002700, 0.02000000000000000000, 0.1940000000000000100 ) ) ;
#1704 = CARTESIAN_POINT ( 'NONE',  ( 0.08000000000000000200, 0.02000000000000000000, 0.2140000000000000000 ) ) ;
#1705 = DIRECTION ( 'NONE',  ( -1.000000000000000000, -0.0000000000000000000, 0.0000000000000000000 ) ) ;
#1706 = VECTOR ( 'NONE', #1705, 39.37007874015748100 ) ;
#1707 = CARTESIAN_POINT ( 'NONE',  ( -0.08000000000000000200, 0.02000000000000000000, 0.2140000000000000000 ) ) ;
#1708 = LINE ( 'NONE', #1707, #1706 ) ;
#1709 = CARTESIAN_POINT ( 'NONE',  ( -0.07666584563089053100, 0.3072340844460699200, -0.03200000000000000100 ) ) ;
#1710 = DIRECTION ( 'NONE',  ( -0.4592214546552657600, 0.8883218198289974900, 0.0000000000000000000 ) ) ;
#1711 = VECTOR ( 'NONE', #1710, 39.37007874015748900 ) ;
#1712 = CARTESIAN_POINT ( 'NONE',  ( -0.07666584563089053100, 0.3072340844460699200, -0.03200000000000000100 ) ) ;
#1713 = LINE ( 'NONE', #1712, #1711 ) ;
#1714 = CARTESIAN_POINT ( 'NONE',  ( -0.08003847705445153700, 0.3137581308585774600, -0.03200000000000000100 ) ) ;
#1715 = DIRECTION ( 'NONE',  ( 0.8883218198289974900, 0.4592214546552653200, 0.0000000000000000000 ) ) ;
#1716 = VECTOR ( 'NONE', #1715, 39.37007874015748900 ) ;
#1717 = CARTESIAN_POINT ( 'NONE',  ( -0.08003847705445155100, 0.3137581308585774600, -0.03200000000000000100 ) ) ;
#1718 = LINE ( 'NONE', #1717, #1716 ) ;
#1719 = CARTESIAN_POINT ( 'NONE',  ( 0.07400000000000001000, 0.02000000000000000000, 0.2140000000000000000 ) ) ;
#1720 = CARTESIAN_POINT ( 'NONE',  ( 0.08000000000000000200, -1.707404996040164500E-017, -0.03200000000000000100 ) ) ;
#1721 = CARTESIAN_POINT ( 'NONE',  ( 0.09780491345103149700, 0.3045737017654721000, -0.03200000000000002100 ) ) ;
#1722 = DIRECTION ( 'NONE',  ( 0.8883218198289974900, -0.4592214546552653200, 0.0000000000000000000 ) ) ;
#1723 = VECTOR ( 'NONE', #1722, 39.37007874015748900 ) ;
#1724 = CARTESIAN_POINT ( 'NONE',  ( 0.09780491345103149700, 0.3045737017654721000, -0.03200000000000000100 ) ) ;
#1725 = LINE ( 'NONE', #1724, #1723 ) ;
#1726 = CARTESIAN_POINT ( 'NONE',  ( 0.08003847705445153700, 0.3137581308585774600, -0.03200000000000000100 ) ) ;
#1727 = DIRECTION ( 'NONE',  ( -0.4592214546552657600, -0.8883218198289974900, -0.0000000000000000000 ) ) ;
#1728 = VECTOR ( 'NONE', #1727, 39.37007874015748900 ) ;
#1729 = CARTESIAN_POINT ( 'NONE',  ( 0.07666584563089053100, 0.3072340844460699200, -0.03200000000000000100 ) ) ;
#1730 = DIRECTION ( 'NONE',  ( 1.000000000000000000, 0.0000000000000000000, -0.0000000000000000000 ) ) ;
#1731 = DIRECTION ( 'NONE',  ( 0.0000000000000000000, 0.0000000000000000000, 1.000000000000000000 ) ) ;
#1732 = CARTESIAN_POINT ( 'NONE',  ( 0.07574377084649808200, 0.3054504152768999800, 0.2140000000000000000 ) ) ;
#1733 = LINE ( 'NONE', #1729, #1728 ) ;
#1734 = VECTOR ( 'NONE', #1660, 39.37007874015748100 ) ;
#1735 = CARTESIAN_POINT ( 'NONE',  ( -0.07399999999999995500, 0.02000000000000000000, 0.2140000000000000000 ) ) ;
#1736 = LINE ( 'NONE', #1735, #1734 ) ;
#1737 = DIRECTION ( 'NONE',  ( -0.0000000000000000000, -0.0000000000000000000, -1.000000000000000000 ) ) ;
#1738 = VECTOR ( 'NONE', #1737, 39.37007874015748100 ) ;
#1739 = CARTESIAN_POINT ( 'NONE',  ( 0.08000000000000000200, 0.02000000000000000000, 0.2140000000000000000 ) ) ;
#1740 = LINE ( 'NONE', #1739, #1738 ) ;
#1741 = DIRECTION ( 'NONE',  ( 0.0000000000000000000, 0.0000000000000000000, -1.000000000000000000 ) ) ;
#1742 = DIRECTION ( 'NONE',  ( 0.0000000000000000000, -1.000000000000000000, 0.0000000000000000000 ) ) ;
#1743 = CARTESIAN_POINT ( 'NONE',  ( -0.08000000000000000200, 0.02000000000000000000, 0.2140000000000000000 ) ) ;
#1744 = AXIS2_PLACEMENT_3D ( 'NONE', #1743, #1742, #1741 ) ;
#1745 = PLANE ( 'NONE',  #1744 ) ;
#1746 = FACE_OUTER_BOUND ( 'NONE', #395, .T. ) ;
#1747 = CARTESIAN_POINT ( 'NONE',  ( 0.08000000000000001600, 0.01999999999999998700, -0.03200000000000000100 ) ) ;
#1748 = CARTESIAN_POINT ( 'NONE',  ( 0.07000000000000000700, 0.01999999999999998700, -0.03200000000000000100 ) ) ;
#1749 = DIRECTION ( 'NONE',  ( 0.0000000000000000000, 0.0000000000000000000, -1.000000000000000000 ) ) ;
#1750 = DIRECTION ( 'NONE',  ( -0.0000000000000000000, 1.000000000000000000, 0.0000000000000000000 ) ) ;
#1751 = CARTESIAN_POINT ( 'NONE',  ( 0.05200000000000001800, 0.02000000000000000000, 0.1940000000000000100 ) ) ;
#1752 = AXIS2_PLACEMENT_3D ( 'NONE', #1751, #1750, #1749 ) ;
#1753 = CIRCLE ( 'NONE', #1752, 0.02199999999999999900 ) ;
#1754 = DIRECTION ( 'NONE',  ( 0.0000000000000000000, 0.0000000000000000000, -1.000000000000000000 ) ) ;
#1755 = VECTOR ( 'NONE', #1754, 39.37007874015748100 ) ;
#1756 = CARTESIAN_POINT ( 'NONE',  ( 0.07400000000000001000, 0.02000000000000000000, 0.2140000000000000000 ) ) ;
#1757 = DIRECTION ( 'NONE',  ( -1.000000000000000000, 0.0000000000000000000, 0.0000000000000000000 ) ) ;
#1758 = DIRECTION ( 'NONE',  ( -0.0000000000000000000, 0.0000000000000000000, -1.000000000000000000 ) ) ;
#1759 = CARTESIAN_POINT ( 'NONE',  ( 0.09351020724307804200, 0.2962659861837947400, 0.0000000000000000000 ) ) ;
#1760 = AXIS2_PLACEMENT_3D ( 'NONE', #1759, #1758, #1757 ) ;
#1761 = PLANE ( 'NONE',  #1760 ) ;
#1762 = LINE ( 'NONE', #1756, #1755 ) ;
#1763 = CARTESIAN_POINT ( 'NONE',  ( -0.07399999999999996900, 0.02000000000000000000, 0.1940000000000000300 ) ) ;
#1764 = CIRCLE ( 'NONE', #1769, 0.1499999999999999900 ) ;
#1765 = CARTESIAN_POINT ( 'NONE',  ( -0.1942105432058992800, 0.2140501584072958000, -0.03200000000000000100 ) ) ;
#1766 = DIRECTION ( 'NONE',  ( -1.000000000000000000, 0.0000000000000000000, 0.0000000000000000000 ) ) ;
#1767 = DIRECTION ( 'NONE',  ( 0.0000000000000000000, 0.0000000000000000000, 1.000000000000000000 ) ) ;
#1768 = CARTESIAN_POINT ( 'NONE',  ( 0.1030126213363109900, 0.05476827821223192300, -0.03200000000000000100 ) ) ;
#1769 = AXIS2_PLACEMENT_3D ( 'NONE', #1765, #1767, #1766 ) ;
#1770 = AXIS2_PLACEMENT_3D ( 'NONE', #1810, #1809, #1808 ) ;
#1771 = CIRCLE ( 'NONE', #1770, 0.1300000000000000000 ) ;
#1772 = LINE ( 'NONE', #1806, #1805 ) ;
#1773 = DIRECTION ( 'NONE',  ( 0.0000000000000000000, -1.000000000000000000, -0.0000000000000000000 ) ) ;
#1774 = VECTOR ( 'NONE', #1773, 39.37007874015748100 ) ;
#1775 = CARTESIAN_POINT ( 'NONE',  ( -0.07399999999999995500, 0.02000000000000000000, 0.2140000000000000000 ) ) ;
#1776 = LINE ( 'NONE', #1775, #1774 ) ;
#1777 = CIRCLE ( 'NONE', #1811, 0.1499999999999999900 ) ;
#1778 = CARTESIAN_POINT ( 'NONE',  ( 0.07278209898064258400, 0.1259869258239201000, -0.03200000000000000100 ) ) ;
#1779 = DIRECTION ( 'NONE',  ( 1.000000000000000000, 0.0000000000000000000, 0.0000000000000000000 ) ) ;
#1780 = DIRECTION ( 'NONE',  ( 0.0000000000000000000, 0.0000000000000000000, 1.000000000000000000 ) ) ;
#1781 = CARTESIAN_POINT ( 'NONE',  ( 0.1942105432058992800, 0.2140501584072958000, -0.03200000000000000100 ) ) ;
#1782 = CARTESIAN_POINT ( 'NONE',  ( 0.07666584563089051700, 0.3072340844460699200, -0.03200000000000000100 ) ) ;
#1783 = DIRECTION ( 'NONE',  ( -0.0000000000000000000, 0.0000000000000000000, -1.000000000000000000 ) ) ;
#1784 = DIRECTION ( 'NONE',  ( 0.9205048534524386000, 0.3907311284892777100, 0.0000000000000000000 ) ) ;
#1785 = VECTOR ( 'NONE', #1784, 39.37007874015748900 ) ;
#1786 = CARTESIAN_POINT ( 'NONE',  ( 0.1030126213363109800, 0.05476827821223195100, 0.2140000000000000000 ) ) ;
#1787 = LINE ( 'NONE', #1786, #1785 ) ;
#1788 = DIRECTION ( 'NONE',  ( 0.0000000000000000000, -1.000000000000000000, -0.0000000000000000000 ) ) ;
#1789 = VECTOR ( 'NONE', #1788, 39.37007874015748100 ) ;
#1790 = CARTESIAN_POINT ( 'NONE',  ( 0.07000000000000000700, 0.01999999999999998700, -0.03200000000000000100 ) ) ;
#1791 = LINE ( 'NONE', #1790, #1789 ) ;
#1792 = DIRECTION ( 'NONE',  ( 1.000000000000000000, 0.0000000000000000000, -0.0000000000000000000 ) ) ;
#1793 = DIRECTION ( 'NONE',  ( 0.0000000000000000000, 0.0000000000000000000, 1.000000000000000000 ) ) ;
#1794 = CARTESIAN_POINT ( 'NONE',  ( 0.08000000000000001600, 0.04499999999999999800, -0.03200000000000000100 ) ) ;
#1795 = AXIS2_PLACEMENT_3D ( 'NONE', #1794, #1793, #1792 ) ;
#1796 = PLANE ( 'NONE',  #1795 ) ;
#1797 = FACE_OUTER_BOUND ( 'NONE', #425, .T. ) ;
#1798 = DIRECTION ( 'NONE',  ( -1.000000000000000000, 0.0000000000000000000, 0.0000000000000000000 ) ) ;
#1799 = DIRECTION ( 'NONE',  ( 0.0000000000000000000, 0.0000000000000000000, 1.000000000000000000 ) ) ;
#1800 = CARTESIAN_POINT ( 'NONE',  ( 0.1095000000000000000, 0.2879999999999999800, 0.0000000000000000000 ) ) ;
#1801 = AXIS2_PLACEMENT_3D ( 'NONE', #1800, #1799, #1798 ) ;
#1802 = CIRCLE ( 'NONE', #1801, 0.01799999999999998500 ) ;
#1803 = CARTESIAN_POINT ( 'NONE',  ( 0.09409861384605758300, 0.2786834929003864100, 0.0000000000000000000 ) ) ;
#1804 = DIRECTION ( 'NONE',  ( 0.4592214546552652000, -0.8883218198289976100, 0.0000000000000000000 ) ) ;
#1805 = VECTOR ( 'NONE', #1804, 39.37007874015748900 ) ;
#1806 = CARTESIAN_POINT ( 'NONE',  ( -0.1124999999999999900, 0.3330000000000000200, -0.03200000000000000100 ) ) ;
#1807 = CARTESIAN_POINT ( 'NONE',  ( -0.09780491345103151100, 0.3045737017654721000, -0.03200000000000000100 ) ) ;
#1808 = DIRECTION ( 'NONE',  ( -1.000000000000000000, 0.0000000000000000000, 0.0000000000000000000 ) ) ;
#1809 = DIRECTION ( 'NONE',  ( -0.0000000000000000000, -0.0000000000000000000, -1.000000000000000000 ) ) ;
#1810 = CARTESIAN_POINT ( 'NONE',  ( -0.1942105432058992800, 0.2140501584072958000, -0.03200000000000000100 ) ) ;
#1811 = AXIS2_PLACEMENT_3D ( 'NONE', #1781, #1780, #1779 ) ;
#1812 = AXIS2_PLACEMENT_3D ( 'NONE', #1854, #1845, #1846 ) ;
#1813 = CARTESIAN_POINT ( 'NONE',  ( 0.09027308442584805500, 0.1359668396871929800, 0.2140000000000000000 ) ) ;
#1814 = AXIS2_PLACEMENT_3D ( 'NONE', #1813, #1888, #1887 ) ;
#1815 = CARTESIAN_POINT ( 'NONE',  ( 0.09179255701505056900, 0.1528746693709746300, 0.0000000000000000000 ) ) ;
#1816 = FACE_OUTER_BOUND ( 'NONE', #368, .T. ) ;
#1817 = CARTESIAN_POINT ( 'NONE',  ( -0.006866028718676143500, 0.2176086130251418400, 0.0000000000000000000 ) ) ;
#1818 = PLANE ( 'NONE',  #1878 ) ;
#1819 = FACE_OUTER_BOUND ( 'NONE', #402, .T. ) ;
#1820 = DIRECTION ( 'NONE',  ( 0.0000000000000000000, 1.000000000000000000, 0.0000000000000000000 ) ) ;
#1821 = VECTOR ( 'NONE', #1820, 39.37007874015748100 ) ;
#1822 = CARTESIAN_POINT ( 'NONE',  ( 0.08000000000000000200, -1.707404996040164500E-017, 0.2140000000000000000 ) ) ;
#1823 = LINE ( 'NONE', #1822, #1821 ) ;
#1824 = DIRECTION ( 'NONE',  ( 0.0000000000000000000, -1.000000000000000000, -0.0000000000000000000 ) ) ;
#1825 = VECTOR ( 'NONE', #1824, 39.37007874015748100 ) ;
#1826 = CARTESIAN_POINT ( 'NONE',  ( 0.07400000000000001000, 0.02000000000000000000, 0.2140000000000000000 ) ) ;
#1827 = LINE ( 'NONE', #1826, #1825 ) ;
#1828 = DIRECTION ( 'NONE',  ( -0.8556325641079133300, -0.5175837277563095600, 0.0000000000000000000 ) ) ;
#1829 = VECTOR ( 'NONE', #1828, 39.37007874015748100 ) ;
#1830 = CARTESIAN_POINT ( 'NONE',  ( 0.09409861384605758300, 0.2786834929003864100, 0.0000000000000000000 ) ) ;
#1831 = LINE ( 'NONE', #1830, #1829 ) ;
#1832 = DIRECTION ( 'NONE',  ( -1.000000000000000000, 0.0000000000000000000, 0.0000000000000000000 ) ) ;
#1833 = DIRECTION ( 'NONE',  ( -0.0000000000000000000, 0.0000000000000000000, -1.000000000000000000 ) ) ;
#1834 = CARTESIAN_POINT ( 'NONE',  ( -0.09027308442584806900, 0.1359668396871929800, 0.0000000000000000000 ) ) ;
#1835 = AXIS2_PLACEMENT_3D ( 'NONE', #1834, #1833, #1832 ) ;
#1836 = PLANE ( 'NONE',  #1835 ) ;
#1837 = DIRECTION ( 'NONE',  ( 1.000000000000000000, 0.0000000000000000000, 0.0000000000000000000 ) ) ;
#1838 = DIRECTION ( 'NONE',  ( 0.0000000000000000000, 0.0000000000000000000, 1.000000000000000000 ) ) ;
#1839 = AXIS2_PLACEMENT_3D ( 'NONE', #1855, #1838, #1837 ) ;
#1840 = CIRCLE ( 'NONE', #1839, 0.01799999999999998500 ) ;
#1841 = AXIS2_PLACEMENT_3D ( 'NONE', #1817, #1844, #1882 ) ;
#1842 = PLANE ( 'NONE',  #1812 ) ;
#1843 = DIRECTION ( 'NONE',  ( -0.8360897096078528900, 0.5485927428319263800, 0.0000000000000000000 ) ) ;
#1844 = DIRECTION ( 'NONE',  ( -0.0000000000000000000, -0.0000000000000000000, -1.000000000000000000 ) ) ;
#1845 = DIRECTION ( 'NONE',  ( -0.0000000000000000000, 0.0000000000000000000, -1.000000000000000000 ) ) ;
#1846 = DIRECTION ( 'NONE',  ( -1.000000000000000000, 0.0000000000000000000, 0.0000000000000000000 ) ) ;
#1847 = VECTOR ( 'NONE', #1843, 39.37007874015748100 ) ;
#1848 = CIRCLE ( 'NONE', #1869, 0.01799999999999998500 ) ;
#1849 = CARTESIAN_POINT ( 'NONE',  ( -0.1068421717879919400, 0.1429999999999999900, 0.2140000000000000000 ) ) ;
#1850 = DIRECTION ( 'NONE',  ( -0.9205048534524377100, -0.3907311284892798800, 0.0000000000000000000 ) ) ;
#1851 = VECTOR ( 'NONE', #1850, 39.37007874015748900 ) ;
#1852 = LINE ( 'NONE', #1815, #1847 ) ;
#1853 = CARTESIAN_POINT ( 'NONE',  ( 0.07507076282289353000, 0.1638465242276131700, 0.0000000000000000000 ) ) ;
#1854 = CARTESIAN_POINT ( 'NONE',  ( 0.09179255701505056900, 0.1528746693709746300, 0.0000000000000000000 ) ) ;
#1855 = CARTESIAN_POINT ( 'NONE',  ( -0.1068421717879919400, 0.1429999999999999900, 0.2140000000000000000 ) ) ;
#1856 = FACE_OUTER_BOUND ( 'NONE', #389, .T. ) ;
#1857 = DIRECTION ( 'NONE',  ( -0.8360897096078531200, -0.5485927428319261600, 0.0000000000000000000 ) ) ;
#1858 = VECTOR ( 'NONE', #1857, 39.37007874015748100 ) ;
#1859 = CARTESIAN_POINT ( 'NONE',  ( -0.07507076282289351600, 0.1638465242276131700, 0.2140000000000000000 ) ) ;
#1860 = LINE ( 'NONE', #1859, #1858 ) ;
#1861 = DIRECTION ( 'NONE',  ( 1.000000000000000000, 0.0000000000000000000, 0.0000000000000000000 ) ) ;
#1862 = DIRECTION ( 'NONE',  ( 0.0000000000000000000, 0.0000000000000000000, 1.000000000000000000 ) ) ;
#1863 = AXIS2_PLACEMENT_3D ( 'NONE', #1849, #1862, #1861 ) ;
#1864 = CIRCLE ( 'NONE', #1863, 0.03799999999999998500 ) ;
#1865 = CARTESIAN_POINT ( 'NONE',  ( -0.07507076282289351600, 0.1638465242276131700, 0.2140000000000000000 ) ) ;
#1866 = DIRECTION ( 'NONE',  ( -1.000000000000000000, 0.0000000000000000000, 0.0000000000000000000 ) ) ;
#1867 = DIRECTION ( 'NONE',  ( 0.0000000000000000000, 0.0000000000000000000, 1.000000000000000000 ) ) ;
#1868 = CARTESIAN_POINT ( 'NONE',  ( 0.1068421717879919400, 0.1429999999999999900, 0.2140000000000000000 ) ) ;
#1869 = AXIS2_PLACEMENT_3D ( 'NONE', #1868, #1867, #1866 ) ;
#1870 = DIRECTION ( 'NONE',  ( -1.000000000000000000, 0.0000000000000000000, 0.0000000000000000000 ) ) ;
#1871 = DIRECTION ( 'NONE',  ( 0.0000000000000000000, 0.0000000000000000000, 1.000000000000000000 ) ) ;
#1872 = AXIS2_PLACEMENT_3D ( 'NONE', #1879, #1871, #1870 ) ;
#1873 = CIRCLE ( 'NONE', #1872, 0.04500000000000001200 ) ;
#1874 = DIRECTION ( 'NONE',  ( -1.000000000000000000, 0.0000000000000000000, 0.0000000000000000000 ) ) ;
#1875 = DIRECTION ( 'NONE',  ( 1.000000000000000000, 0.0000000000000000000, -0.0000000000000000000 ) ) ;
#1876 = DIRECTION ( 'NONE',  ( 0.0000000000000000000, 0.0000000000000000000, 1.000000000000000000 ) ) ;
#1877 = CARTESIAN_POINT ( 'NONE',  ( 0.1030126213363109800, 0.05476827821223195100, 0.2140000000000000000 ) ) ;
#1878 = AXIS2_PLACEMENT_3D ( 'NONE', #1877, #1876, #1875 ) ;
#1879 = CARTESIAN_POINT ( 'NONE',  ( -0.08000000000000001600, 0.04499999999999999800, -0.03200000000000000100 ) ) ;
#1880 = CIRCLE ( 'NONE', #1841, 0.09799999999999999000 ) ;
#1881 = FACE_OUTER_BOUND ( 'NONE', #375, .T. ) ;
#1882 = DIRECTION ( 'NONE',  ( 1.000000000000000000, 0.0000000000000000000, 0.0000000000000000000 ) ) ;
#1883 = PLANE ( 'NONE',  #1814 ) ;
#1884 = CARTESIAN_POINT ( 'NONE',  ( 0.09027308442584805500, 0.1359668396871929800, 0.2140000000000000000 ) ) ;
#1885 = LINE ( 'NONE', #1884, #1851 ) ;
#1886 = CARTESIAN_POINT ( 'NONE',  ( 0.09027308442584805500, 0.1359668396871929800, 0.2140000000000000000 ) ) ;
#1887 = DIRECTION ( 'NONE',  ( 1.000000000000000000, 0.0000000000000000000, -0.0000000000000000000 ) ) ;
#1888 = DIRECTION ( 'NONE',  ( 0.0000000000000000000, 0.0000000000000000000, 1.000000000000000000 ) ) ;
#1889 = CARTESIAN_POINT ( 'NONE',  ( -0.04650000000000000000, 0.02000000000000000000, -0.01200000000000001600 ) ) ;
#1890 = CARTESIAN_POINT ( 'NONE',  ( 0.04650000000000000000, 0.01999999999999991000, -0.01200000000000001600 ) ) ;
#1891 = CARTESIAN_POINT ( 'NONE',  ( -0.09027308442584805500, 0.1359668396871929800, -0.03200000000000000100 ) ) ;
#1892 = VECTOR ( 'NONE', #1894, 39.37007874015748100 ) ;
#1893 = LINE ( 'NONE', #1897, #1896 ) ;
#1894 = DIRECTION ( 'NONE',  ( -0.3907311284892789300, -0.9205048534524380400, -0.0000000000000000000 ) ) ;
#1895 = DIRECTION ( 'NONE',  ( -1.000000000000000000, -0.0000000000000000000, -0.0000000000000000000 ) ) ;
#1896 = VECTOR ( 'NONE', #1895, 39.37007874015748100 ) ;
#1897 = CARTESIAN_POINT ( 'NONE',  ( -0.08000000000000001600, 0.01999999999999998700, -0.03200000000000000100 ) ) ;
#1898 = LINE ( 'NONE', #1923, #1892 ) ;
#1899 = DIRECTION ( 'NONE',  ( 0.3907311284892789300, 0.9205048534524380400, 0.0000000000000000000 ) ) ;
#1900 = VECTOR ( 'NONE', #1899, 39.37007874015748900 ) ;
#1901 = CARTESIAN_POINT ( 'NONE',  ( -0.1030126213363109900, 0.05476827821223193700, -0.03200000000000000100 ) ) ;
#1902 = LINE ( 'NONE', #1901, #1900 ) ;
#1903 = CARTESIAN_POINT ( 'NONE',  ( -0.07000000000000000700, 0.02000000000000000000, -0.01200660749955873900 ) ) ;
#1904 = AXIS2_PLACEMENT_3D ( 'NONE', #1347, #1574, #1580 ) ;
#1905 = CIRCLE ( 'NONE', #1904, 0.01799999999999998500 ) ;
#1906 = CARTESIAN_POINT ( 'NONE',  ( 0.07507076282289353000, 0.1638465242276131700, 0.2140000000000000000 ) ) ;
#1907 = LINE ( 'NONE', #1906, #2166 ) ;
#1908 = DIRECTION ( 'NONE',  ( 1.000000000000000000, 0.0000000000000000000, 0.0000000000000000000 ) ) ;
#1909 = DIRECTION ( 'NONE',  ( 0.0000000000000000000, 0.0000000000000000000, 1.000000000000000000 ) ) ;
#1910 = CARTESIAN_POINT ( 'NONE',  ( -0.1095000000000000000, 0.2879999999999999800, 0.0000000000000000000 ) ) ;
#1911 = AXIS2_PLACEMENT_3D ( 'NONE', #1910, #1909, #1908 ) ;
#1912 = CIRCLE ( 'NONE', #1911, 0.03799999999999997800 ) ;
#1913 = DIRECTION ( 'NONE',  ( 1.000000000000000000, 0.0000000000000000000, 0.0000000000000000000 ) ) ;
#1914 = DIRECTION ( 'NONE',  ( -0.0000000000000000000, -0.0000000000000000000, -1.000000000000000000 ) ) ;
#1915 = AXIS2_PLACEMENT_3D ( 'NONE', #1922, #1914, #1913 ) ;
#1916 = CIRCLE ( 'NONE', #1915, 0.1300000000000000000 ) ;
#1917 = DIRECTION ( 'NONE',  ( -1.000000000000000000, 0.0000000000000000000, 0.0000000000000000000 ) ) ;
#1918 = DIRECTION ( 'NONE',  ( -0.0000000000000000000, -0.0000000000000000000, -1.000000000000000000 ) ) ;
#1919 = CARTESIAN_POINT ( 'NONE',  ( -0.08000000000000001600, 0.04499999999999999800, -0.03200000000000000100 ) ) ;
#1920 = AXIS2_PLACEMENT_3D ( 'NONE', #1919, #1918, #1917 ) ;
#1921 = CIRCLE ( 'NONE', #1920, 0.02500000000000000500 ) ;
#1922 = CARTESIAN_POINT ( 'NONE',  ( 0.1942105432058992800, 0.2140501584072958000, 0.0000000000000000000 ) ) ;
#1923 = CARTESIAN_POINT ( 'NONE',  ( -0.1214227184053597600, 0.06258290078201750300, -0.03200000000000000100 ) ) ;
#1924 = CARTESIAN_POINT ( 'NONE',  ( -0.1214227184053597600, 0.06258290078201750300, -0.03200000000000000100 ) ) ;
#1925 = AXIS2_PLACEMENT_3D ( 'NONE', #1927, #1926, #1958 ) ;
#1926 = DIRECTION ( 'NONE',  ( -0.4592214546552654800, 0.8883218198289976100, 0.0000000000000000000 ) ) ;
#1927 = CARTESIAN_POINT ( 'NONE',  ( -0.1124999999999999900, 0.3330000000000000200, 0.2140000000000000000 ) ) ;
#1928 = FACE_OUTER_BOUND ( 'NONE', #438, .T. ) ;
#1929 = PLANE ( 'NONE',  #1936 ) ;
#1930 = CARTESIAN_POINT ( 'NONE',  ( -0.07574377084649809600, 0.3054504152769000300, 0.2140000000000000000 ) ) ;
#1931 = CARTESIAN_POINT ( 'NONE',  ( 0.1030126213363109800, 0.05476827821223195100, 0.2140000000000000000 ) ) ;
#1932 = DIRECTION ( 'NONE',  ( 0.3907311284892786600, -0.9205048534524382700, 0.0000000000000000000 ) ) ;
#1933 = VECTOR ( 'NONE', #1932, 39.37007874015748900 ) ;
#1934 = CARTESIAN_POINT ( 'NONE',  ( 0.1030126213363109900, 0.05476827821223193700, 0.2140000000000000000 ) ) ;
#1935 = FACE_OUTER_BOUND ( 'NONE', #434, .T. ) ;
#1936 = AXIS2_PLACEMENT_3D ( 'NONE', #1953, #1952, #1951 ) ;
#1937 = CARTESIAN_POINT ( 'NONE',  ( -0.07507076282289351600, 0.1638465242276131700, 0.0000000000000000000 ) ) ;
#1938 = CARTESIAN_POINT ( 'NONE',  ( 0.07460373939262869600, 0.1631167461755023700, 0.0000000000000000000 ) ) ;
#1939 = CARTESIAN_POINT ( 'NONE',  ( 0.09027308442584804100, 0.1359668396871930000, 0.0000000000000000000 ) ) ;
#1940 = DIRECTION ( 'NONE',  ( 1.000000000000000000, 0.0000000000000000000, 0.0000000000000000000 ) ) ;
#1941 = DIRECTION ( 'NONE',  ( -0.0000000000000000000, -0.0000000000000000000, -1.000000000000000000 ) ) ;
#1942 = AXIS2_PLACEMENT_3D ( 'NONE', #1949, #1941, #1940 ) ;
#1943 = CIRCLE ( 'NONE', #1942, 0.1300000000000000000 ) ;
#1944 = DIRECTION ( 'NONE',  ( -1.000000000000000000, 0.0000000000000000000, 0.0000000000000000000 ) ) ;
#1945 = DIRECTION ( 'NONE',  ( -0.0000000000000000000, -0.0000000000000000000, -1.000000000000000000 ) ) ;
#1946 = CARTESIAN_POINT ( 'NONE',  ( -0.08000000000000000200, 0.04499999999999997100, 0.2140000000000000000 ) ) ;
#1947 = AXIS2_PLACEMENT_3D ( 'NONE', #1946, #1945, #1944 ) ;
#1948 = CIRCLE ( 'NONE', #1947, 0.04499999999999999800 ) ;
#1949 = CARTESIAN_POINT ( 'NONE',  ( 0.1942105432058992800, 0.2140501584072958000, 0.0000000000000000000 ) ) ;
#1950 = PLANE ( 'NONE',  #1925 ) ;
#1951 = DIRECTION ( 'NONE',  ( 0.4592214546552653200, -0.8883218198289976100, 0.0000000000000000000 ) ) ;
#1952 = DIRECTION ( 'NONE',  ( -0.8883218198289976100, -0.4592214546552653200, 0.0000000000000000000 ) ) ;
#1953 = CARTESIAN_POINT ( 'NONE',  ( -0.07574377084649809600, 0.3054504152769000300, 0.2140000000000000000 ) ) ;
#1954 = DIRECTION ( 'NONE',  ( -0.8883218198289973800, -0.4592214546552653700, 0.0000000000000000000 ) ) ;
#1955 = VECTOR ( 'NONE', #1954, 39.37007874015748100 ) ;
#1956 = CARTESIAN_POINT ( 'NONE',  ( -0.1124999999999999900, 0.3330000000000000200, -3.414809992080330300E-017 ) ) ;
#1957 = LINE ( 'NONE', #1956, #1955 ) ;
#1958 = DIRECTION ( 'NONE',  ( -0.8883218198289976100, -0.4592214546552654800, 0.0000000000000000000 ) ) ;
#1959 = LINE ( 'NONE', #1934, #1933 ) ;
#1960 = CARTESIAN_POINT ( 'NONE',  ( -0.1124999999999999900, 0.3330000000000000200, 0.1820000000000000000 ) ) ;
#1961 = DIRECTION ( 'NONE',  ( -0.0000000000000000000, -0.0000000000000000000, -1.000000000000000000 ) ) ;
#1962 = VECTOR ( 'NONE', #1961, 39.37007874015748100 ) ;
#1963 = CARTESIAN_POINT ( 'NONE',  ( -0.1124999999999999900, 0.3330000000000000200, 0.2140000000000000000 ) ) ;
#1964 = LINE ( 'NONE', #1963, #1962 ) ;
#1965 = CARTESIAN_POINT ( 'NONE',  ( -0.1124999999999999900, 0.3330000000000000200, -7.683322482180740900E-017 ) ) ;
#1966 = DIRECTION ( 'NONE',  ( 0.3247186046530888300, -0.6281383826770590200, -0.7071067811865472400 ) ) ;
#1967 = VECTOR ( 'NONE', #1966, 39.37007874015748100 ) ;
#1968 = CARTESIAN_POINT ( 'NONE',  ( -0.1521417992696524100, 0.4096834278136001800, 0.08632392687186447900 ) ) ;
#1969 = LINE ( 'NONE', #1968, #1967 ) ;
#1970 = CARTESIAN_POINT ( 'NONE',  ( -0.09409861384605761000, 0.2786834929003864100, 0.2140000000000000000 ) ) ;
#1971 = DIRECTION ( 'NONE',  ( -0.8556325641079117700, 0.5175837277563121200, 0.0000000000000000000 ) ) ;
#1972 = VECTOR ( 'NONE', #1971, 39.37007874015748900 ) ;
#1973 = CARTESIAN_POINT ( 'NONE',  ( -0.07698596256389934900, 0.2683318183452601500, 0.2140000000000000000 ) ) ;
#1974 = LINE ( 'NONE', #1973, #1972 ) ;
#1975 = DIRECTION ( 'NONE',  ( 1.000000000000000000, 2.787599993534962800E-015, 0.0000000000000000000 ) ) ;
#1976 = DIRECTION ( 'NONE',  ( -0.0000000000000000000, -0.0000000000000000000, -1.000000000000000000 ) ) ;
#1977 = AXIS2_PLACEMENT_3D ( 'NONE', #1982, #1976, #1975 ) ;
#1978 = CIRCLE ( 'NONE', #1977, 0.09799999999999999000 ) ;
#1979 = DIRECTION ( 'NONE',  ( 1.000000000000000000, 0.0000000000000000000, -0.0000000000000000000 ) ) ;
#1980 = DIRECTION ( 'NONE',  ( 0.0000000000000000000, 0.0000000000000000000, 1.000000000000000000 ) ) ;
#1981 = CARTESIAN_POINT ( 'NONE',  ( -0.07507076282289351600, 0.1638465242276131700, 0.2140000000000000000 ) ) ;
#1982 = CARTESIAN_POINT ( 'NONE',  ( 0.006866028718676143500, 0.2176086130251418400, 0.2140000000000000000 ) ) ;
#1983 = AXIS2_PLACEMENT_3D ( 'NONE', #1981, #1980, #1979 ) ;
#1984 = PLANE ( 'NONE',  #1983 ) ;
#1985 = FACE_OUTER_BOUND ( 'NONE', #492, .T. ) ;
#1986 = DIRECTION ( 'NONE',  ( 1.000000000000000000, 0.0000000000000000000, 0.0000000000000000000 ) ) ;
#1987 = DIRECTION ( 'NONE',  ( 0.0000000000000000000, 0.0000000000000000000, 1.000000000000000000 ) ) ;
#1988 = CARTESIAN_POINT ( 'NONE',  ( -0.1068421717879919400, 0.1429999999999999900, 0.0000000000000000000 ) ) ;
#1989 = AXIS2_PLACEMENT_3D ( 'NONE', #1988, #1987, #1986 ) ;
#1990 = CIRCLE ( 'NONE', #1989, 0.03799999999999998500 ) ;
#1991 = DIRECTION ( 'NONE',  ( 0.8360897096078531200, 0.5485927428319261600, 0.0000000000000000000 ) ) ;
#1992 = VECTOR ( 'NONE', #1991, 39.37007874015748100 ) ;
#1993 = CARTESIAN_POINT ( 'NONE',  ( -0.09179255701505059700, 0.1528746693709746300, 0.0000000000000000000 ) ) ;
#1994 = LINE ( 'NONE', #1993, #1992 ) ;
#1995 = DIRECTION ( 'NONE',  ( -0.4592214546552652000, 0.8883218198289976100, 0.0000000000000000000 ) ) ;
#1996 = VECTOR ( 'NONE', #1995, 39.37007874015748900 ) ;
#1997 = CARTESIAN_POINT ( 'NONE',  ( -0.09351020724307804200, 0.2962659861837947400, 0.2140000000000000000 ) ) ;
#1998 = LINE ( 'NONE', #1997, #1996 ) ;
#1999 = DIRECTION ( 'NONE',  ( -1.000000000000000000, 0.0000000000000000000, 0.0000000000000000000 ) ) ;
#2000 = DIRECTION ( 'NONE',  ( -0.0000000000000000000, -0.0000000000000000000, -1.000000000000000000 ) ) ;
#2001 = AXIS2_PLACEMENT_3D ( 'NONE', #2002, #2000, #1999 ) ;
#2002 = CARTESIAN_POINT ( 'NONE',  ( 0.006866028718676143500, 0.2176086130251418400, 0.2140000000000000000 ) ) ;
#2003 = CYLINDRICAL_SURFACE ( 'NONE', #2001, 0.1179999999999999900 ) ;
#2004 = DIRECTION ( 'NONE',  ( -1.000000000000000000, 0.0000000000000000000, 0.0000000000000000000 ) ) ;
#2005 = DIRECTION ( 'NONE',  ( -0.0000000000000000000, -0.0000000000000000000, -1.000000000000000000 ) ) ;
#2006 = AXIS2_PLACEMENT_3D ( 'NONE', #2008, #2005, #2004 ) ;
#2007 = FACE_OUTER_BOUND ( 'NONE', #549, .T. ) ;
#2008 = CARTESIAN_POINT ( 'NONE',  ( -0.1095000000000000000, 0.2879999999999999800, 0.2140000000000000000 ) ) ;
#2009 = CYLINDRICAL_SURFACE ( 'NONE', #2006, 0.01799999999999998500 ) ;
#2010 = FACE_OUTER_BOUND ( 'NONE', #718, .T. ) ;
#2011 = CARTESIAN_POINT ( 'NONE',  ( -0.09351020724307804200, 0.2962659861837947400, 0.2140000000000000000 ) ) ;
#2012 = DIRECTION ( 'NONE',  ( 0.8883218198289974900, 0.4592214546552654300, 0.0000000000000000000 ) ) ;
#2013 = VECTOR ( 'NONE', #2012, 39.37007874015748900 ) ;
#2014 = CARTESIAN_POINT ( 'NONE',  ( -0.09351020724307804200, 0.2962659861837947400, 0.2140000000000000000 ) ) ;
#2015 = LINE ( 'NONE', #2014, #2013 ) ;
#2016 = DIRECTION ( 'NONE',  ( 1.000000000000000000, 0.0000000000000000000, -0.0000000000000000000 ) ) ;
#2017 = DIRECTION ( 'NONE',  ( 0.0000000000000000000, 0.0000000000000000000, 1.000000000000000000 ) ) ;
#2018 = CARTESIAN_POINT ( 'NONE',  ( -0.09351020724307804200, 0.2962659861837947400, 0.2140000000000000000 ) ) ;
#2019 = AXIS2_PLACEMENT_3D ( 'NONE', #2018, #2017, #2016 ) ;
#2020 = PLANE ( 'NONE',  #2019 ) ;
#2021 = FACE_OUTER_BOUND ( 'NONE', #538, .T. ) ;
#2022 = DIRECTION ( 'NONE',  ( 1.000000000000000000, 2.787599993534962800E-015, 0.0000000000000000000 ) ) ;
#2023 = DIRECTION ( 'NONE',  ( -0.0000000000000000000, -0.0000000000000000000, -1.000000000000000000 ) ) ;
#2024 = CARTESIAN_POINT ( 'NONE',  ( 0.006866028718676143500, 0.2176086130251418400, 0.0000000000000000000 ) ) ;
#2025 = AXIS2_PLACEMENT_3D ( 'NONE', #2024, #2023, #2022 ) ;
#2026 = CIRCLE ( 'NONE', #2025, 0.09799999999999999000 ) ;
#2027 = DIRECTION ( 'NONE',  ( 1.000000000000000000, 0.0000000000000000000, 0.0000000000000000000 ) ) ;
#2028 = DIRECTION ( 'NONE',  ( 0.0000000000000000000, 0.0000000000000000000, 1.000000000000000000 ) ) ;
#2029 = CARTESIAN_POINT ( 'NONE',  ( -0.1068421717879919400, 0.1429999999999999900, 0.0000000000000000000 ) ) ;
#2030 = AXIS2_PLACEMENT_3D ( 'NONE', #2029, #2028, #2027 ) ;
#2031 = CIRCLE ( 'NONE', #2030, 0.01799999999999998500 ) ;
#2032 = CARTESIAN_POINT ( 'NONE',  ( 0.1214227184053597600, 0.06258290078201750300, 0.2140000000000000000 ) ) ;
#2033 = DIRECTION ( 'NONE',  ( 0.3907311284892787700, -0.9205048534524382700, -0.0000000000000000000 ) ) ;
#2034 = VECTOR ( 'NONE', #2033, 39.37007874015748900 ) ;
#2035 = CARTESIAN_POINT ( 'NONE',  ( 0.1214227184053597600, 0.06258290078201750300, 0.2140000000000000000 ) ) ;
#2036 = DIRECTION ( 'NONE',  ( 1.000000000000000000, 0.0000000000000000000, -0.0000000000000000000 ) ) ;
#2037 = DIRECTION ( 'NONE',  ( 0.0000000000000000000, 0.0000000000000000000, 1.000000000000000000 ) ) ;
#2038 = CARTESIAN_POINT ( 'NONE',  ( 0.07698596256389932100, 0.2683318183452602100, 0.2140000000000000000 ) ) ;
#2039 = LINE ( 'NONE', #2035, #2034 ) ;
#2040 = AXIS2_PLACEMENT_3D ( 'NONE', #2038, #2037, #2036 ) ;
#2041 = PLANE ( 'NONE',  #2040 ) ;
#2042 = FACE_OUTER_BOUND ( 'NONE', #519, .T. ) ;
#2043 = DIRECTION ( 'NONE',  ( -0.9205048534524382700, 0.3907311284892787700, 0.0000000000000000000 ) ) ;
#2044 = VECTOR ( 'NONE', #2043, 39.37007874015748900 ) ;
#2045 = CARTESIAN_POINT ( 'NONE',  ( -0.07186298735679931500, 0.1281522171174074000, 0.2140000000000000000 ) ) ;
#2046 = LINE ( 'NONE', #2045, #2044 ) ;
#2047 = CARTESIAN_POINT ( 'NONE',  ( -0.07186298735679931500, 0.1281522171174074000, 0.2140000000000000000 ) ) ;
#2048 = DIRECTION ( 'NONE',  ( 0.3907311284892787700, 0.9205048534524382700, 0.0000000000000000000 ) ) ;
#2049 = VECTOR ( 'NONE', #2048, 39.37007874015748900 ) ;
#2050 = CARTESIAN_POINT ( 'NONE',  ( -0.1214227184053597600, 0.06258290078201750300, 0.2140000000000000000 ) ) ;
#2051 = LINE ( 'NONE', #2050, #2049 ) ;
#2052 = DIRECTION ( 'NONE',  ( -1.000000000000000000, 0.0000000000000000000, 0.0000000000000000000 ) ) ;
#2053 = DIRECTION ( 'NONE',  ( -0.0000000000000000000, -0.0000000000000000000, -1.000000000000000000 ) ) ;
#2054 = AXIS2_PLACEMENT_3D ( 'NONE', #2059, #2053, #2052 ) ;
#2055 = CIRCLE ( 'NONE', #2054, 0.1179999999999999900 ) ;
#2056 = DIRECTION ( 'NONE',  ( 1.000000000000000000, 0.0000000000000000000, -0.0000000000000000000 ) ) ;
#2057 = DIRECTION ( 'NONE',  ( 0.0000000000000000000, 0.0000000000000000000, 1.000000000000000000 ) ) ;
#2058 = CARTESIAN_POINT ( 'NONE',  ( -0.08000000000000000200, 0.01999999999999996600, 0.2140000000000000000 ) ) ;
#2059 = CARTESIAN_POINT ( 'NONE',  ( -0.006866028718676143500, 0.2176086130251418400, 0.0000000000000000000 ) ) ;
#2060 = AXIS2_PLACEMENT_3D ( 'NONE', #2058, #2057, #2056 ) ;
#2061 = PLANE ( 'NONE',  #2060 ) ;
#2062 = FACE_OUTER_BOUND ( 'NONE', #478, .T. ) ;
#2063 = DIRECTION ( 'NONE',  ( 0.3907311284892786600, 0.9205048534524382700, 0.0000000000000000000 ) ) ;
#2064 = VECTOR ( 'NONE', #2063, 39.37007874015748900 ) ;
#2065 = CARTESIAN_POINT ( 'NONE',  ( -0.1030126213363109900, 0.05476827821223193700, 0.2140000000000000000 ) ) ;
#2066 = LINE ( 'NONE', #2065, #2064 ) ;
#2067 = CARTESIAN_POINT ( 'NONE',  ( -0.09027308442584806900, 0.1359668396871929800, 0.2140000000000000000 ) ) ;
#2068 = DIRECTION ( 'NONE',  ( 1.000000000000000000, 0.0000000000000000000, -0.0000000000000000000 ) ) ;
#2069 = DIRECTION ( 'NONE',  ( 0.0000000000000000000, 0.0000000000000000000, 1.000000000000000000 ) ) ;
#2070 = CARTESIAN_POINT ( 'NONE',  ( -0.07186298735679931500, 0.1281522171174074000, 0.2140000000000000000 ) ) ;
#2071 = AXIS2_PLACEMENT_3D ( 'NONE', #2070, #2069, #2068 ) ;
#2072 = PLANE ( 'NONE',  #2071 ) ;
#2073 = FACE_OUTER_BOUND ( 'NONE', #482, .T. ) ;
#2074 = DIRECTION ( 'NONE',  ( 1.000000000000000000, 0.0000000000000000000, 0.0000000000000000000 ) ) ;
#2075 = DIRECTION ( 'NONE',  ( -0.0000000000000000000, -0.0000000000000000000, -1.000000000000000000 ) ) ;
#2076 = CARTESIAN_POINT ( 'NONE',  ( -0.08000000000000000200, 0.04499999999999997100, 0.2140000000000000000 ) ) ;
#2077 = AXIS2_PLACEMENT_3D ( 'NONE', #2076, #2075, #2074 ) ;
#2078 = CIRCLE ( 'NONE', #2077, 0.02500000000000000500 ) ;
#2079 = DIRECTION ( 'NONE',  ( 1.000000000000000000, 0.0000000000000000000, 0.0000000000000000000 ) ) ;
#2080 = DIRECTION ( 'NONE',  ( -0.0000000000000000000, -0.0000000000000000000, -1.000000000000000000 ) ) ;
#2081 = CARTESIAN_POINT ( 'NONE',  ( 0.08000000000000000200, 0.04499999999999999800, 0.2140000000000000000 ) ) ;
#2082 = AXIS2_PLACEMENT_3D ( 'NONE', #2081, #2080, #2079 ) ;
#2083 = CIRCLE ( 'NONE', #2082, 0.02500000000000000500 ) ;
#2084 = DIRECTION ( 'NONE',  ( 1.000000000000000000, 0.0000000000000000000, 0.0000000000000000000 ) ) ;
#2085 = DIRECTION ( 'NONE',  ( -0.0000000000000000000, -0.0000000000000000000, -1.000000000000000000 ) ) ;
#2086 = CARTESIAN_POINT ( 'NONE',  ( 0.08000000000000000200, 0.04499999999999999800, 0.2140000000000000000 ) ) ;
#2087 = AXIS2_PLACEMENT_3D ( 'NONE', #2086, #2085, #2084 ) ;
#2088 = CIRCLE ( 'NONE', #2087, 0.04500000000000001200 ) ;
#2089 = DIRECTION ( 'NONE',  ( -0.0000000000000000000, -0.0000000000000000000, -1.000000000000000000 ) ) ;
#2090 = VECTOR ( 'NONE', #2089, 39.37007874015748100 ) ;
#2091 = CARTESIAN_POINT ( 'NONE',  ( -0.09351020724307804200, 0.2962659861837947400, 0.2140000000000000000 ) ) ;
#2092 = LINE ( 'NONE', #2091, #2090 ) ;
#2093 = DIRECTION ( 'NONE',  ( 0.0000000000000000000, 0.0000000000000000000, 1.000000000000000000 ) ) ;
#2094 = VECTOR ( 'NONE', #2093, 39.37007874015748100 ) ;
#2095 = CARTESIAN_POINT ( 'NONE',  ( -0.07666584563089053100, 0.3072340844460699200, -0.03200000000000000100 ) ) ;
#2096 = LINE ( 'NONE', #2095, #2094 ) ;
#2097 = DIRECTION ( 'NONE',  ( 1.000000000000000000, 0.0000000000000000000, 0.0000000000000000000 ) ) ;
#2098 = DIRECTION ( 'NONE',  ( -0.0000000000000000000, -0.0000000000000000000, -1.000000000000000000 ) ) ;
#2099 = CARTESIAN_POINT ( 'NONE',  ( -0.006866028718676143500, 0.2176086130251418400, 0.2140000000000000000 ) ) ;
#2100 = AXIS2_PLACEMENT_3D ( 'NONE', #2099, #2098, #2097 ) ;
#2101 = CIRCLE ( 'NONE', #2100, 0.09799999999999999000 ) ;
#2102 = DIRECTION ( 'NONE',  ( 1.000000000000000000, 0.0000000000000000000, -0.0000000000000000000 ) ) ;
#2103 = DIRECTION ( 'NONE',  ( 0.0000000000000000000, 0.0000000000000000000, 1.000000000000000000 ) ) ;
#2104 = CARTESIAN_POINT ( 'NONE',  ( 0.08000000000000000200, -1.707404996040164500E-017, 0.2140000000000000000 ) ) ;
#2105 = AXIS2_PLACEMENT_3D ( 'NONE', #2104, #2103, #2102 ) ;
#2106 = PLANE ( 'NONE',  #2105 ) ;
#2107 = FACE_OUTER_BOUND ( 'NONE', #466, .T. ) ;
#2108 = DIRECTION ( 'NONE',  ( 0.3247186046530891600, -0.6281383826770594600, 0.7071067811865466800 ) ) ;
#2109 = VECTOR ( 'NONE', #2108, 39.37007874015748100 ) ;
#2110 = CARTESIAN_POINT ( 'NONE',  ( -0.09473356360342004300, 0.3421844290931053700, 0.1820000000000000200 ) ) ;
#2111 = LINE ( 'NONE', #2110, #2109 ) ;
#2112 = DIRECTION ( 'NONE',  ( 0.8883218198289973800, 0.4592214546552653700, 0.0000000000000000000 ) ) ;
#2113 = VECTOR ( 'NONE', #2112, 39.37007874015748100 ) ;
#2114 = CARTESIAN_POINT ( 'NONE',  ( -0.1124999999999999900, 0.3330000000000000200, 0.1820000000000000200 ) ) ;
#2115 = LINE ( 'NONE', #2114, #2113 ) ;
#2116 = CARTESIAN_POINT ( 'NONE',  ( -0.09473356360342004300, 0.3421844290931053700, 0.1820000000000000200 ) ) ;
#2117 = DIRECTION ( 'NONE',  ( -0.0000000000000000000, -0.0000000000000000000, -1.000000000000000000 ) ) ;
#2118 = VECTOR ( 'NONE', #2117, 39.37007874015748100 ) ;
#2119 = CARTESIAN_POINT ( 'NONE',  ( -0.09473356360342004300, 0.3421844290931053700, 0.2140000000000000000 ) ) ;
#2120 = LINE ( 'NONE', #2119, #2118 ) ;
#2121 = DIRECTION ( 'NONE',  ( -0.3247186046530888800, 0.6281383826770590200, 0.7071067811865472400 ) ) ;
#2122 = VECTOR ( 'NONE', #2121, 39.37007874015748100 ) ;
#2123 = CARTESIAN_POINT ( 'NONE',  ( -0.09473356360342004300, 0.3421844290931053700, -3.636854597005360500E-017 ) ) ;
#2124 = LINE ( 'NONE', #2123, #2122 ) ;
#2125 = VECTOR ( 'NONE', #2127, 39.37007874015748900 ) ;
#2126 = FACE_OUTER_BOUND ( 'NONE', #558, .T. ) ;
#2127 = DIRECTION ( 'NONE',  ( -0.4592214546552653200, 0.8883218198289976100, 0.0000000000000000000 ) ) ;
#2128 = LINE ( 'NONE', #2155, #2125 ) ;
#2129 = FACE_OUTER_BOUND ( 'NONE', #571, .T. ) ;
#2130 = DIRECTION ( 'NONE',  ( 1.000000000000000000, 0.0000000000000000000, 0.0000000000000000000 ) ) ;
#2131 = DIRECTION ( 'NONE',  ( -0.0000000000000000000, -0.0000000000000000000, -1.000000000000000000 ) ) ;
#2132 = CARTESIAN_POINT ( 'NONE',  ( 0.006866028718676143500, 0.2176086130251418400, 0.2140000000000000000 ) ) ;
#2133 = AXIS2_PLACEMENT_3D ( 'NONE', #2132, #2131, #2130 ) ;
#2134 = CIRCLE ( 'NONE', #2133, 0.1179999999999999900 ) ;
#2135 = DIRECTION ( 'NONE',  ( -1.000000000000000000, 0.0000000000000000000, 0.0000000000000000000 ) ) ;
#2136 = DIRECTION ( 'NONE',  ( 0.0000000000000000000, 0.0000000000000000000, 1.000000000000000000 ) ) ;
#2137 = CARTESIAN_POINT ( 'NONE',  ( 0.1068421717879919400, 0.1429999999999999900, 0.0000000000000000000 ) ) ;
#2138 = AXIS2_PLACEMENT_3D ( 'NONE', #2137, #2136, #2135 ) ;
#2139 = CIRCLE ( 'NONE', #2138, 0.01799999999999998500 ) ;
#2140 = DIRECTION ( 'NONE',  ( 1.000000000000000000, 0.0000000000000000000, 0.0000000000000000000 ) ) ;
#2141 = DIRECTION ( 'NONE',  ( 0.0000000000000000000, 0.0000000000000000000, 1.000000000000000000 ) ) ;
#2142 = CARTESIAN_POINT ( 'NONE',  ( 0.1068421717879919400, 0.1429999999999999900, 0.0000000000000000000 ) ) ;
#2143 = AXIS2_PLACEMENT_3D ( 'NONE', #2142, #2141, #2140 ) ;
#2144 = CIRCLE ( 'NONE', #2143, 0.03799999999999997800 ) ;
#2145 = DIRECTION ( 'NONE',  ( 0.9205048534524380400, -0.3907311284892789900, 0.0000000000000000000 ) ) ;
#2146 = VECTOR ( 'NONE', #2145, 39.37007874015748100 ) ;
#2147 = CARTESIAN_POINT ( 'NONE',  ( -0.1214227184053597300, 0.06258290078201750300, 0.2140000000000000000 ) ) ;
#2148 = LINE ( 'NONE', #2147, #2146 ) ;
#2149 = CARTESIAN_POINT ( 'NONE',  ( -0.1214227184053597300, 0.06258290078201750300, 0.2140000000000000000 ) ) ;
#2150 = DIRECTION ( 'NONE',  ( 1.000000000000000000, 0.0000000000000000000, -0.0000000000000000000 ) ) ;
#2151 = DIRECTION ( 'NONE',  ( 0.0000000000000000000, 0.0000000000000000000, 1.000000000000000000 ) ) ;
#2152 = CARTESIAN_POINT ( 'NONE',  ( -0.1214227184053597300, 0.06258290078201750300, 0.2140000000000000000 ) ) ;
#2153 = AXIS2_PLACEMENT_3D ( 'NONE', #2152, #2151, #2150 ) ;
#2154 = PLANE ( 'NONE',  #2153 ) ;
#2155 = CARTESIAN_POINT ( 'NONE',  ( -0.07574377084649809600, 0.3054504152769000300, 0.0000000000000000000 ) ) ;
#2156 = DIRECTION ( 'NONE',  ( 1.000000000000000000, 0.0000000000000000000, 0.0000000000000000000 ) ) ;
#2157 = DIRECTION ( 'NONE',  ( 0.0000000000000000000, 0.0000000000000000000, 1.000000000000000000 ) ) ;
#2158 = CARTESIAN_POINT ( 'NONE',  ( 0.1068421717879919400, 0.1429999999999999900, 0.2140000000000000000 ) ) ;
#2159 = AXIS2_PLACEMENT_3D ( 'NONE', #2158, #2157, #2156 ) ;
#2160 = CIRCLE ( 'NONE', #2159, 0.03799999999999997800 ) ;
#2161 = PLANE ( 'NONE',  #1675 ) ;
#2162 = DIRECTION ( 'NONE',  ( 1.000000000000000000, 0.0000000000000000000, -0.0000000000000000000 ) ) ;
#2163 = DIRECTION ( 'NONE',  ( 0.0000000000000000000, 0.0000000000000000000, 1.000000000000000000 ) ) ;
#2164 = CARTESIAN_POINT ( 'NONE',  ( -0.07698596256389934900, 0.2683318183452601500, 0.2140000000000000000 ) ) ;
#2165 = DIRECTION ( 'NONE',  ( 0.8360897096078528900, -0.5485927428319263800, 0.0000000000000000000 ) ) ;
#2166 = VECTOR ( 'NONE', #2165, 39.37007874015748100 ) ;
#2167 = AXIS2_PLACEMENT_3D ( 'NONE', #2164, #2163, #2162 ) ;
#2168 = PLANE ( 'NONE',  #2167 ) ;
#2169 = FACE_OUTER_BOUND ( 'NONE', #585, .T. ) ;
#2170 = DIRECTION ( 'NONE',  ( 1.000000000000000000, 0.0000000000000000000, 0.0000000000000000000 ) ) ;
#2171 = DIRECTION ( 'NONE',  ( 0.0000000000000000000, 0.0000000000000000000, 1.000000000000000000 ) ) ;
#2172 = CARTESIAN_POINT ( 'NONE',  ( -0.1095000000000000000, 0.2879999999999999800, 0.2140000000000000000 ) ) ;
#2173 = AXIS2_PLACEMENT_3D ( 'NONE', #2172, #2171, #2170 ) ;
#2174 = CIRCLE ( 'NONE', #2173, 0.03799999999999997800 ) ;
#2175 = DIRECTION ( 'NONE',  ( 1.000000000000000000, 0.0000000000000000000, 0.0000000000000000000 ) ) ;
#2176 = DIRECTION ( 'NONE',  ( 0.0000000000000000000, 0.0000000000000000000, 1.000000000000000000 ) ) ;
#2177 = CARTESIAN_POINT ( 'NONE',  ( -0.1095000000000000000, 0.2879999999999999800, 0.2140000000000000000 ) ) ;
#2178 = AXIS2_PLACEMENT_3D ( 'NONE', #2177, #2176, #2175 ) ;
#2179 = CIRCLE ( 'NONE', #2178, 0.01799999999999998500 ) ;
#2180 = DIRECTION ( 'NONE',  ( 0.8556325641079117700, -0.5175837277563121200, 0.0000000000000000000 ) ) ;
#2181 = VECTOR ( 'NONE', #2180, 39.37007874015748900 ) ;
#2182 = CARTESIAN_POINT ( 'NONE',  ( -0.09409861384605761000, 0.2786834929003864100, 0.0000000000000000000 ) ) ;
#2183 = LINE ( 'NONE', #2182, #2181 ) ;
#2184 = CARTESIAN_POINT ( 'NONE',  ( -0.09409861384605761000, 0.2786834929003864100, 0.0000000000000000000 ) ) ;
#2185 = DIRECTION ( 'NONE',  ( 1.000000000000000000, 0.0000000000000000000, 0.0000000000000000000 ) ) ;
#2186 = DIRECTION ( 'NONE',  ( -0.0000000000000000000, -0.0000000000000000000, -1.000000000000000000 ) ) ;
#2187 = CARTESIAN_POINT ( 'NONE',  ( 0.006866028718676143500, 0.2176086130251418400, 0.0000000000000000000 ) ) ;
#2188 = AXIS2_PLACEMENT_3D ( 'NONE', #2187, #2186, #2185 ) ;
#2189 = CIRCLE ( 'NONE', #2188, 0.1179999999999999900 ) ;
#2190 = DIRECTION ( 'NONE',  ( -1.000000000000000000, 0.0000000000000000000, 0.0000000000000000000 ) ) ;
#2191 = DIRECTION ( 'NONE',  ( -0.0000000000000000000, 0.0000000000000000000, -1.000000000000000000 ) ) ;
#2192 = CARTESIAN_POINT ( 'NONE',  ( -0.09179255701505059700, 0.1528746693709746300, 0.0000000000000000000 ) ) ;
#2193 = AXIS2_PLACEMENT_3D ( 'NONE', #2192, #2191, #2190 ) ;
#2194 = PLANE ( 'NONE',  #2193 ) ;
#2195 = CARTESIAN_POINT ( 'NONE',  ( 0.09473356360342004300, 0.3421844290931053700, -1.024442997624099300E-016 ) ) ;
#2196 = VECTOR ( 'NONE', #2204, 39.37007874015748900 ) ;
#2197 = VECTOR ( 'NONE', #2212, 39.37007874015748100 ) ;
#2198 = FACE_OUTER_BOUND ( 'NONE', #594, .T. ) ;
#2199 = CARTESIAN_POINT ( 'NONE',  ( -0.09780491345103149700, 0.3045737017654721000, 0.2140000000000000000 ) ) ;
#2200 = VECTOR ( 'NONE', #2201, 39.37007874015748900 ) ;
#2201 = DIRECTION ( 'NONE',  ( -0.8883218198289974900, -0.4592214546552653200, 0.0000000000000000000 ) ) ;
#2202 = LINE ( 'NONE', #2203, #2196 ) ;
#2203 = CARTESIAN_POINT ( 'NONE',  ( -0.07574377084649809600, 0.3054504152769000300, 0.2140000000000000000 ) ) ;
#2204 = DIRECTION ( 'NONE',  ( -0.4592214546552653200, 0.8883218198289976100, 0.0000000000000000000 ) ) ;
#2205 = LINE ( 'NONE', #2207, #2200 ) ;
#2206 = CARTESIAN_POINT ( 'NONE',  ( -0.08003847705445153700, 0.3137581308585773400, 0.2140000000000000000 ) ) ;
#2207 = CARTESIAN_POINT ( 'NONE',  ( -0.09616073821302069400, 0.3054236646141307300, 0.2140000000000000000 ) ) ;
#2208 = FACE_OUTER_BOUND ( 'NONE', #521, .T. ) ;
#2209 = CARTESIAN_POINT ( 'NONE',  ( -0.1942105432058992800, 0.2140501584072958000, 0.0000000000000000000 ) ) ;
#2210 = CARTESIAN_POINT ( 'NONE',  ( -0.09351020724307804200, 0.2962659861837947400, 0.2140000000000000000 ) ) ;
#2211 = AXIS2_PLACEMENT_3D ( 'NONE', #2210, #2224, #2228 ) ;
#2212 = DIRECTION ( 'NONE',  ( -0.8883218198289973800, 0.4592214546552653700, 0.0000000000000000000 ) ) ;
#2213 = DIRECTION ( 'NONE',  ( 1.000000000000000000, 0.0000000000000000000, -0.0000000000000000000 ) ) ;
#2214 = DIRECTION ( 'NONE',  ( 0.0000000000000000000, 0.0000000000000000000, 1.000000000000000000 ) ) ;
#2215 = CARTESIAN_POINT ( 'NONE',  ( 0.07507076282289353000, 0.1638465242276131700, 0.2140000000000000000 ) ) ;
#2216 = FACE_OUTER_BOUND ( 'NONE', #501, .T. ) ;
#2217 = PLANE ( 'NONE',  #2211 ) ;
#2218 = DIRECTION ( 'NONE',  ( -1.000000000000000000, 0.0000000000000000000, 0.0000000000000000000 ) ) ;
#2219 = CARTESIAN_POINT ( 'NONE',  ( 0.07507076282289353000, 0.1638465242276131700, 0.2140000000000000000 ) ) ;
#2220 = AXIS2_PLACEMENT_3D ( 'NONE', #2219, #2214, #2213 ) ;
#2221 = CARTESIAN_POINT ( 'NONE',  ( -0.09027308442584805500, 0.1359668396871929800, 0.0000000000000000000 ) ) ;
#2222 = CIRCLE ( 'NONE', #2226, 0.1300000000000000000 ) ;
#2223 = PLANE ( 'NONE',  #2220 ) ;
#2224 = DIRECTION ( 'NONE',  ( -0.8883218198289977200, -0.4592214546552652600, 0.0000000000000000000 ) ) ;
#2225 = DIRECTION ( 'NONE',  ( -0.0000000000000000000, -0.0000000000000000000, -1.000000000000000000 ) ) ;
#2226 = AXIS2_PLACEMENT_3D ( 'NONE', #2209, #2225, #2218 ) ;
#2227 = CARTESIAN_POINT ( 'NONE',  ( -0.09473356360342004300, 0.3421844290931053700, -9.092136492513407500E-018 ) ) ;
#2228 = DIRECTION ( 'NONE',  ( 0.4592214546552652000, -0.8883218198289976100, 0.0000000000000000000 ) ) ;
#2229 = CARTESIAN_POINT ( 'NONE',  ( -0.07460373939262868200, 0.1631167461755024000, 0.0000000000000000000 ) ) ;
#2230 = CARTESIAN_POINT ( 'NONE',  ( -0.006866028718676143500, 0.2176086130251418400, 0.2140000000000000000 ) ) ;
#2231 = VECTOR ( 'NONE', #2235, 39.37007874015748100 ) ;
#2232 = CARTESIAN_POINT ( 'NONE',  ( -0.07574377084649811000, 0.3054504152769000300, 0.0000000000000000000 ) ) ;
#2233 = CARTESIAN_POINT ( 'NONE',  ( -0.07666584563089053100, 0.3072340844460699200, 0.0000000000000000000 ) ) ;
#2234 = AXIS2_PLACEMENT_3D ( 'NONE', #2230, #2249, #2251 ) ;
#2235 = DIRECTION ( 'NONE',  ( -0.0000000000000000000, -0.0000000000000000000, -1.000000000000000000 ) ) ;
#2236 = LINE ( 'NONE', #2248, #2231 ) ;
#2237 = DIRECTION ( 'NONE',  ( -0.0000000000000000000, -0.0000000000000000000, -1.000000000000000000 ) ) ;
#2238 = VECTOR ( 'NONE', #2237, 39.37007874015748100 ) ;
#2239 = CARTESIAN_POINT ( 'NONE',  ( -0.09409861384605761000, 0.2786834929003864100, 0.2140000000000000000 ) ) ;
#2240 = LINE ( 'NONE', #2239, #2238 ) ;
#2241 = DIRECTION ( 'NONE',  ( -0.0000000000000000000, -0.0000000000000000000, -1.000000000000000000 ) ) ;
#2242 = DIRECTION ( 'NONE',  ( -1.000000000000000000, 0.0000000000000000000, 0.0000000000000000000 ) ) ;
#2243 = CARTESIAN_POINT ( 'NONE',  ( -0.09409861384605761000, 0.2786834929003864100, 0.0000000000000000000 ) ) ;
#2244 = AXIS2_PLACEMENT_3D ( 'NONE', #2243, #2247, #2242 ) ;
#2245 = FACE_OUTER_BOUND ( 'NONE', #616, .T. ) ;
#2246 = CIRCLE ( 'NONE', #2234, 0.1179999999999999900 ) ;
#2247 = DIRECTION ( 'NONE',  ( -0.0000000000000000000, 0.0000000000000000000, -1.000000000000000000 ) ) ;
#2248 = CARTESIAN_POINT ( 'NONE',  ( -0.07574377084649809600, 0.3054504152769000300, 0.2140000000000000000 ) ) ;
#2249 = DIRECTION ( 'NONE',  ( -0.0000000000000000000, -0.0000000000000000000, -1.000000000000000000 ) ) ;
#2250 = PLANE ( 'NONE',  #2244 ) ;
#2251 = DIRECTION ( 'NONE',  ( -1.000000000000000000, 0.0000000000000000000, 0.0000000000000000000 ) ) ;
#2252 = VECTOR ( 'NONE', #2256, 39.37007874015748900 ) ;
#2253 = LINE ( 'NONE', #2195, #2197 ) ;
#2254 = DIRECTION ( 'NONE',  ( -1.000000000000000000, 0.0000000000000000000, 0.0000000000000000000 ) ) ;
#2255 = VECTOR ( 'NONE', #2262, 39.37007874015748900 ) ;
#2256 = DIRECTION ( 'NONE',  ( -0.3247186046530887200, -0.6281383826770587900, 0.7071067811865473500 ) ) ;
#2257 = CARTESIAN_POINT ( 'NONE',  ( 0.09780491345103146900, 0.3045737017654720500, 0.2140000000000000000 ) ) ;
#2258 = CARTESIAN_POINT ( 'NONE',  ( 0.09565756034705476300, 0.3004198439746333900, 0.2186760731281353300 ) ) ;
#2259 = LINE ( 'NONE', #2258, #2252 ) ;
#2260 = CARTESIAN_POINT ( 'NONE',  ( 0.09351020724307804200, 0.2962659861837947400, 0.2140000000000000000 ) ) ;
#2261 = LINE ( 'NONE', #2260, #2255 ) ;
#2262 = DIRECTION ( 'NONE',  ( -0.4592214546552652000, -0.8883218198289976100, -0.0000000000000000000 ) ) ;
#2263 = LINE ( 'NONE', #2264, #2288 ) ;
#2264 = CARTESIAN_POINT ( 'NONE',  ( 0.09473356360342004300, 0.3421844290931053700, 0.1819999999999999700 ) ) ;
#2265 = DIRECTION ( 'NONE',  ( 0.3247186046530888300, 0.6281383826770589000, -0.7071067811865473500 ) ) ;
#2266 = LINE ( 'NONE', #2271, #2270 ) ;
#2267 = AXIS2_PLACEMENT_3D ( 'NONE', #2287, #2289, #2285 ) ;
#2268 = LINE ( 'NONE', #2277, #2276 ) ;
#2269 = DIRECTION ( 'NONE',  ( -0.0000000000000000000, -0.0000000000000000000, -1.000000000000000000 ) ) ;
#2270 = VECTOR ( 'NONE', #2269, 39.37007874015748100 ) ;
#2271 = CARTESIAN_POINT ( 'NONE',  ( 0.07574377084649808200, 0.3054504152768999800, 0.2140000000000000000 ) ) ;
#2272 = AXIS2_PLACEMENT_3D ( 'NONE', #2284, #2283, #2282 ) ;
#2273 = PLANE ( 'NONE',  #2272 ) ;
#2274 = FACE_OUTER_BOUND ( 'NONE', #710, .T. ) ;
#2275 = DIRECTION ( 'NONE',  ( -0.4592214546552653200, -0.8883218198289976100, 0.0000000000000000000 ) ) ;
#2276 = VECTOR ( 'NONE', #2275, 39.37007874015748900 ) ;
#2277 = CARTESIAN_POINT ( 'NONE',  ( 0.07574377084649809600, 0.3054504152769000300, 0.2140000000000000000 ) ) ;
#2278 = PLANE ( 'NONE',  #2267 ) ;
#2279 = VECTOR ( 'NONE', #2383, 39.37007874015748900 ) ;
#2280 = CARTESIAN_POINT ( 'NONE',  ( 0.1030126213363109900, 0.05476827821223193700, 0.0000000000000000000 ) ) ;
#2281 = LINE ( 'NONE', #2280, #2279 ) ;
#2282 = DIRECTION ( 'NONE',  ( -0.3907311284892787100, 0.9205048534524382700, 0.0000000000000000000 ) ) ;
#2283 = DIRECTION ( 'NONE',  ( 0.9205048534524382700, 0.3907311284892787100, -0.0000000000000000000 ) ) ;
#2284 = CARTESIAN_POINT ( 'NONE',  ( 0.1030126213363109900, 0.05476827821223193700, 0.2140000000000000000 ) ) ;
#2285 = DIRECTION ( 'NONE',  ( -0.8883218198289976100, 0.4592214546552654800, 0.0000000000000000000 ) ) ;
#2286 = FACE_OUTER_BOUND ( 'NONE', #628, .T. ) ;
#2287 = CARTESIAN_POINT ( 'NONE',  ( 0.09473356360342004300, 0.3421844290931053700, 0.2140000000000000000 ) ) ;
#2288 = VECTOR ( 'NONE', #2265, 39.37007874015748100 ) ;
#2289 = DIRECTION ( 'NONE',  ( 0.4592214546552654800, 0.8883218198289976100, -0.0000000000000000000 ) ) ;
#2290 = CARTESIAN_POINT ( 'NONE',  ( 0.09473356360342004300, 0.3421844290931053700, -2.561107494060255100E-017 ) ) ;
#2291 = CARTESIAN_POINT ( 'NONE',  ( -0.07186298735679931500, 0.1281522171174074000, 0.2140000000000000000 ) ) ;
#2292 = LINE ( 'NONE', #2291, #2352 ) ;
#2293 = DIRECTION ( 'NONE',  ( -1.000000000000000000, 0.0000000000000000000, 0.0000000000000000000 ) ) ;
#2294 = DIRECTION ( 'NONE',  ( -0.0000000000000000000, -0.0000000000000000000, -1.000000000000000000 ) ) ;
#2295 = AXIS2_PLACEMENT_3D ( 'NONE', #2296, #2294, #2293 ) ;
#2296 = CARTESIAN_POINT ( 'NONE',  ( 0.006866028718676143500, 0.2176086130251418400, 0.2140000000000000000 ) ) ;
#2297 = CYLINDRICAL_SURFACE ( 'NONE', #2295, 0.09799999999999999000 ) ;
#2298 = FACE_OUTER_BOUND ( 'NONE', #836, .T. ) ;
#2299 = DIRECTION ( 'NONE',  ( 0.0000000000000000000, 0.0000000000000000000, 1.000000000000000000 ) ) ;
#2300 = VECTOR ( 'NONE', #2299, 39.37007874015748100 ) ;
#2301 = CARTESIAN_POINT ( 'NONE',  ( -0.09027308442584805500, 0.1359668396871929800, -0.03200000000000000100 ) ) ;
#2302 = LINE ( 'NONE', #2301, #2300 ) ;
#2303 = DIRECTION ( 'NONE',  ( -1.000000000000000000, 0.0000000000000000000, 0.0000000000000000000 ) ) ;
#2304 = DIRECTION ( 'NONE',  ( -0.0000000000000000000, -0.0000000000000000000, -1.000000000000000000 ) ) ;
#2305 = AXIS2_PLACEMENT_3D ( 'NONE', #2306, #2304, #2303 ) ;
#2306 = CARTESIAN_POINT ( 'NONE',  ( 0.1095000000000000000, 0.2879999999999999800, 0.2140000000000000000 ) ) ;
#2307 = CYLINDRICAL_SURFACE ( 'NONE', #2305, 0.03799999999999997800 ) ;
#2308 = FACE_OUTER_BOUND ( 'NONE', #665, .T. ) ;
#2309 = DIRECTION ( 'NONE',  ( 1.000000000000000000, 0.0000000000000000000, 0.0000000000000000000 ) ) ;
#2310 = DIRECTION ( 'NONE',  ( 0.0000000000000000000, 0.0000000000000000000, 1.000000000000000000 ) ) ;
#2311 = CARTESIAN_POINT ( 'NONE',  ( 0.1068421717879919400, 0.1429999999999999900, 0.0000000000000000000 ) ) ;
#2312 = AXIS2_PLACEMENT_3D ( 'NONE', #2311, #2310, #2309 ) ;
#2313 = DIRECTION ( 'NONE',  ( -1.000000000000000000, 0.0000000000000000000, 0.0000000000000000000 ) ) ;
#2314 = DIRECTION ( 'NONE',  ( -0.0000000000000000000, -0.0000000000000000000, -1.000000000000000000 ) ) ;
#2315 = CARTESIAN_POINT ( 'NONE',  ( -0.006866028718676143500, 0.2176086130251418400, 0.2140000000000000000 ) ) ;
#2316 = AXIS2_PLACEMENT_3D ( 'NONE', #2315, #2314, #2313 ) ;
#2317 = CYLINDRICAL_SURFACE ( 'NONE', #2316, 0.09799999999999999000 ) ;
#2318 = CIRCLE ( 'NONE', #2312, 0.03799999999999997800 ) ;
#2319 = FACE_OUTER_BOUND ( 'NONE', #692, .T. ) ;
#2320 = VECTOR ( 'NONE', #2353, 39.37007874015748100 ) ;
#2321 = DIRECTION ( 'NONE',  ( 1.000000000000000000, 0.0000000000000000000, 0.0000000000000000000 ) ) ;
#2322 = DIRECTION ( 'NONE',  ( 0.0000000000000000000, 0.0000000000000000000, 1.000000000000000000 ) ) ;
#2323 = CARTESIAN_POINT ( 'NONE',  ( 0.1095000000000000000, 0.2879999999999999800, 0.0000000000000000000 ) ) ;
#2324 = AXIS2_PLACEMENT_3D ( 'NONE', #2323, #2322, #2321 ) ;
#2325 = CIRCLE ( 'NONE', #2324, 0.03799999999999997800 ) ;
#2326 = DIRECTION ( 'NONE',  ( 0.0000000000000000000, -1.000000000000000000, -3.488246766103561600E-015 ) ) ;
#2327 = DIRECTION ( 'NONE',  ( 3.671838701161643800E-016, -3.491483361109382100E-015, 1.000000000000000000 ) ) ;
#2328 = DIRECTION ( 'NONE',  ( 0.0000000000000000000, 0.0000000000000000000, 1.000000000000000000 ) ) ;
#2329 = VECTOR ( 'NONE', #2328, 39.37007874015748100 ) ;
#2330 = CARTESIAN_POINT ( 'NONE',  ( 0.07278209898064258400, 0.1259869258239201000, -0.03200000000000000100 ) ) ;
#2331 = LINE ( 'NONE', #2330, #2329 ) ;
#2332 = CARTESIAN_POINT ( 'NONE',  ( 0.07278209898064258400, 0.1259869258239201000, 0.0000000000000000000 ) ) ;
#2333 = DIRECTION ( 'NONE',  ( -0.0000000000000000000, -0.0000000000000000000, -1.000000000000000000 ) ) ;
#2334 = VECTOR ( 'NONE', #2333, 39.37007874015748100 ) ;
#2335 = CARTESIAN_POINT ( 'NONE',  ( 0.1030126213363109800, 0.05476827821223195100, 0.2140000000000000000 ) ) ;
#2336 = LINE ( 'NONE', #2335, #2334 ) ;
#2337 = DIRECTION ( 'NONE',  ( -0.0000000000000000000, -0.0000000000000000000, -1.000000000000000000 ) ) ;
#2338 = VECTOR ( 'NONE', #2337, 39.37007874015748100 ) ;
#2339 = CARTESIAN_POINT ( 'NONE',  ( -0.07507076282289351600, 0.1638465242276131700, 0.2140000000000000000 ) ) ;
#2340 = LINE ( 'NONE', #2339, #2338 ) ;
#2341 = DIRECTION ( 'NONE',  ( -1.000000000000000000, 0.0000000000000000000, 0.0000000000000000000 ) ) ;
#2342 = DIRECTION ( 'NONE',  ( -0.0000000000000000000, -0.0000000000000000000, -1.000000000000000000 ) ) ;
#2343 = CARTESIAN_POINT ( 'NONE',  ( -0.1095000000000000000, 0.2879999999999999800, 0.2140000000000000000 ) ) ;
#2344 = AXIS2_PLACEMENT_3D ( 'NONE', #2343, #2342, #2341 ) ;
#2345 = CYLINDRICAL_SURFACE ( 'NONE', #2344, 0.03799999999999997800 ) ;
#2346 = FACE_OUTER_BOUND ( 'NONE', #676, .T. ) ;
#2347 = DIRECTION ( 'NONE',  ( 0.3907311284892787100, 0.9205048534524382700, -0.0000000000000000000 ) ) ;
#2348 = VECTOR ( 'NONE', #2347, 39.37007874015748100 ) ;
#2349 = CARTESIAN_POINT ( 'NONE',  ( -0.1030126213363109900, 0.05476827821223193700, 0.0000000000000000000 ) ) ;
#2350 = LINE ( 'NONE', #2349, #2348 ) ;
#2351 = DIRECTION ( 'NONE',  ( -0.0000000000000000000, -0.0000000000000000000, -1.000000000000000000 ) ) ;
#2352 = VECTOR ( 'NONE', #2351, 39.37007874015748100 ) ;
#2353 = DIRECTION ( 'NONE',  ( -0.0000000000000000000, -0.0000000000000000000, -1.000000000000000000 ) ) ;
#2354 = CARTESIAN_POINT ( 'NONE',  ( 0.09409861384605758300, 0.2786834929003864100, 0.2140000000000000000 ) ) ;
#2355 = LINE ( 'NONE', #2354, #2320 ) ;
#2356 = DIRECTION ( 'NONE',  ( 0.4592214546552653200, 0.8883218198289976100, 0.0000000000000000000 ) ) ;
#2357 = DIRECTION ( 'NONE',  ( 0.8883218198289976100, -0.4592214546552653200, 0.0000000000000000000 ) ) ;
#2358 = CARTESIAN_POINT ( 'NONE',  ( 0.07574377084649809600, 0.3054504152769000300, 0.2140000000000000000 ) ) ;
#2359 = AXIS2_PLACEMENT_3D ( 'NONE', #2358, #2357, #2356 ) ;
#2360 = PLANE ( 'NONE',  #2359 ) ;
#2361 = DIRECTION ( 'NONE',  ( -1.000000000000000000, 0.0000000000000000000, 0.0000000000000000000 ) ) ;
#2362 = DIRECTION ( 'NONE',  ( -0.0000000000000000000, -0.0000000000000000000, -1.000000000000000000 ) ) ;
#2363 = CARTESIAN_POINT ( 'NONE',  ( 0.1095000000000000000, 0.2879999999999999800, 0.2140000000000000000 ) ) ;
#2364 = AXIS2_PLACEMENT_3D ( 'NONE', #2363, #2362, #2361 ) ;
#2365 = CYLINDRICAL_SURFACE ( 'NONE', #2364, 0.01799999999999998500 ) ;
#2366 = FACE_OUTER_BOUND ( 'NONE', #751, .T. ) ;
#2367 = FACE_OUTER_BOUND ( 'NONE', #650, .T. ) ;
#2368 = DIRECTION ( 'NONE',  ( 0.0000000000000000000, 0.0000000000000000000, 1.000000000000000000 ) ) ;
#2369 = VECTOR ( 'NONE', #2368, 39.37007874015748100 ) ;
#2370 = CARTESIAN_POINT ( 'NONE',  ( 0.09027308442584804100, 0.1359668396871930000, -0.03200000000000000100 ) ) ;
#2371 = DIRECTION ( 'NONE',  ( -0.3907311284892787700, 0.9205048534524382700, 0.0000000000000000000 ) ) ;
#2372 = DIRECTION ( 'NONE',  ( 0.9205048534524382700, 0.3907311284892787700, -0.0000000000000000000 ) ) ;
#2373 = CARTESIAN_POINT ( 'NONE',  ( 0.1214227184053597600, 0.06258290078201750300, 0.2140000000000000000 ) ) ;
#2374 = LINE ( 'NONE', #2370, #2369 ) ;
#2375 = AXIS2_PLACEMENT_3D ( 'NONE', #2373, #2372, #2371 ) ;
#2376 = PLANE ( 'NONE',  #2375 ) ;
#2377 = FACE_OUTER_BOUND ( 'NONE', #642, .T. ) ;
#2378 = DIRECTION ( 'NONE',  ( -0.0000000000000000000, -0.0000000000000000000, -1.000000000000000000 ) ) ;
#2379 = VECTOR ( 'NONE', #2378, 39.37007874015748100 ) ;
#2380 = CARTESIAN_POINT ( 'NONE',  ( 0.07507076282289353000, 0.1638465242276131700, 0.2140000000000000000 ) ) ;
#2381 = LINE ( 'NONE', #2380, #2379 ) ;
#2382 = CARTESIAN_POINT ( 'NONE',  ( 0.07666584563089051700, 0.3072340844460699200, 0.0000000000000000000 ) ) ;
#2383 = DIRECTION ( 'NONE',  ( 0.3907311284892786600, -0.9205048534524382700, 0.0000000000000000000 ) ) ;
#2384 = CARTESIAN_POINT ( 'NONE',  ( 0.1124999999999999900, 0.3330000000000000200, 0.1819999999999999400 ) ) ;
#2385 = DIRECTION ( 'NONE',  ( -0.0000000000000000000, -0.0000000000000000000, -1.000000000000000000 ) ) ;
#2386 = CARTESIAN_POINT ( 'NONE',  ( -0.006866028718676143500, 0.2176086130251418400, 0.2140000000000000000 ) ) ;
#2387 = AXIS2_PLACEMENT_3D ( 'NONE', #2386, #2385, #2392 ) ;
#2388 = CARTESIAN_POINT ( 'NONE',  ( -0.09027308442584806900, 0.1359668396871929800, 0.2140000000000000000 ) ) ;
#2389 = LINE ( 'NONE', #2388, #2420 ) ;
#2390 = FACE_OUTER_BOUND ( 'NONE', #652, .T. ) ;
#2391 = CYLINDRICAL_SURFACE ( 'NONE', #2387, 0.1179999999999999900 ) ;
#2392 = DIRECTION ( 'NONE',  ( -1.000000000000000000, 0.0000000000000000000, 0.0000000000000000000 ) ) ;
#2393 = LINE ( 'NONE', #2394, #2395 ) ;
#2394 = CARTESIAN_POINT ( 'NONE',  ( 0.09473356360342004300, 0.3421844290931053700, -1.024442997624098700E-016 ) ) ;
#2395 = VECTOR ( 'NONE', #2396, 39.37007874015748900 ) ;
#2396 = DIRECTION ( 'NONE',  ( -0.3247186046530893300, -0.6281383826770597900, -0.7071067811865462400 ) ) ;
#2397 = FACE_OUTER_BOUND ( 'NONE', #720, .T. ) ;
#2398 = CARTESIAN_POINT ( 'NONE',  ( 0.08000000000000000200, 0.04499999999999999800, 0.2140000000000000000 ) ) ;
#2399 = CYLINDRICAL_SURFACE ( 'NONE', #2481, 0.02500000000000001500 ) ;
#2400 = DIRECTION ( 'NONE',  ( -0.3247186046530891000, 0.6281383826770594600, -0.7071067811865466800 ) ) ;
#2401 = VECTOR ( 'NONE', #2400, 39.37007874015748900 ) ;
#2402 = CARTESIAN_POINT ( 'NONE',  ( -0.09565756034705476300, 0.3004198439746333900, 0.2186760731281353300 ) ) ;
#2403 = LINE ( 'NONE', #2402, #2401 ) ;
#2404 = DIRECTION ( 'NONE',  ( -0.4592214546552653200, -0.8883218198289976100, 0.0000000000000000000 ) ) ;
#2405 = VECTOR ( 'NONE', #2404, 39.37007874015748900 ) ;
#2406 = CARTESIAN_POINT ( 'NONE',  ( 0.07574377084649809600, 0.3054504152769000300, 0.0000000000000000000 ) ) ;
#2407 = LINE ( 'NONE', #2406, #2405 ) ;
#2408 = CARTESIAN_POINT ( 'NONE',  ( 0.08003847705445153700, 0.3137581308585773400, 0.2140000000000000000 ) ) ;
#2409 = DIRECTION ( 'NONE',  ( 0.0000000000000000000, 0.0000000000000000000, 1.000000000000000000 ) ) ;
#2410 = VECTOR ( 'NONE', #2409, 39.37007874015748100 ) ;
#2411 = CARTESIAN_POINT ( 'NONE',  ( 0.07666584563089051700, 0.3072340844460699200, -0.03200000000000000100 ) ) ;
#2412 = LINE ( 'NONE', #2411, #2410 ) ;
#2413 = DIRECTION ( 'NONE',  ( -1.000000000000000000, 0.0000000000000000000, 0.0000000000000000000 ) ) ;
#2414 = DIRECTION ( 'NONE',  ( -0.0000000000000000000, -0.0000000000000000000, -1.000000000000000000 ) ) ;
#2415 = AXIS2_PLACEMENT_3D ( 'NONE', #2416, #2414, #2413 ) ;
#2416 = CARTESIAN_POINT ( 'NONE',  ( 0.1068421717879919400, 0.1429999999999999900, 0.2140000000000000000 ) ) ;
#2417 = CYLINDRICAL_SURFACE ( 'NONE', #2415, 0.03799999999999998500 ) ;
#2418 = FACE_OUTER_BOUND ( 'NONE', #664, .T. ) ;
#2419 = DIRECTION ( 'NONE',  ( -0.0000000000000000000, -0.0000000000000000000, -1.000000000000000000 ) ) ;
#2420 = VECTOR ( 'NONE', #2419, 39.37007874015748100 ) ;
#2421 = DIRECTION ( 'NONE',  ( -0.0000000000000000000, -0.0000000000000000000, -1.000000000000000000 ) ) ;
#2422 = VECTOR ( 'NONE', #2421, 39.37007874015748100 ) ;
#2423 = CARTESIAN_POINT ( 'NONE',  ( -0.1214227184053597300, 0.06258290078201750300, 0.2140000000000000000 ) ) ;
#2424 = LINE ( 'NONE', #2423, #2422 ) ;
#2425 = CARTESIAN_POINT ( 'NONE',  ( 0.09473356360342004300, 0.3421844290931053700, 0.1819999999999999700 ) ) ;
#2426 = DIRECTION ( 'NONE',  ( 0.8883218198289973800, -0.4592214546552653700, 0.0000000000000000000 ) ) ;
#2427 = VECTOR ( 'NONE', #2426, 39.37007874015748100 ) ;
#2428 = CARTESIAN_POINT ( 'NONE',  ( 0.09473356360342004300, 0.3421844290931053700, 0.1819999999999999700 ) ) ;
#2429 = LINE ( 'NONE', #2428, #2427 ) ;
#2430 = DIRECTION ( 'NONE',  ( -1.000000000000000000, 0.0000000000000000000, 0.0000000000000000000 ) ) ;
#2431 = DIRECTION ( 'NONE',  ( -0.0000000000000000000, -0.0000000000000000000, -1.000000000000000000 ) ) ;
#2432 = CARTESIAN_POINT ( 'NONE',  ( 0.1068421717879919400, 0.1429999999999999900, 0.2140000000000000000 ) ) ;
#2433 = AXIS2_PLACEMENT_3D ( 'NONE', #2432, #2431, #2430 ) ;
#2434 = CYLINDRICAL_SURFACE ( 'NONE', #2433, 0.01799999999999998500 ) ;
#2435 = FACE_OUTER_BOUND ( 'NONE', #757, .T. ) ;
#2436 = DIRECTION ( 'NONE',  ( -0.0000000000000000000, -0.0000000000000000000, -1.000000000000000000 ) ) ;
#2437 = VECTOR ( 'NONE', #2436, 39.37007874015748100 ) ;
#2438 = CARTESIAN_POINT ( 'NONE',  ( 0.09027308442584805500, 0.1359668396871929800, 0.2140000000000000000 ) ) ;
#2439 = DIRECTION ( 'NONE',  ( 0.4592214546552652000, 0.8883218198289976100, 0.0000000000000000000 ) ) ;
#2440 = DIRECTION ( 'NONE',  ( 0.8883218198289977200, -0.4592214546552652600, 0.0000000000000000000 ) ) ;
#2441 = CARTESIAN_POINT ( 'NONE',  ( 0.09351020724307804200, 0.2962659861837947400, 0.2140000000000000000 ) ) ;
#2442 = AXIS2_PLACEMENT_3D ( 'NONE', #2441, #2440, #2439 ) ;
#2443 = PLANE ( 'NONE',  #2442 ) ;
#2444 = LINE ( 'NONE', #2438, #2437 ) ;
#2445 = FACE_OUTER_BOUND ( 'NONE', #750, .T. ) ;
#2446 = DIRECTION ( 'NONE',  ( 0.3247186046530892200, 0.6281383826770597900, 0.7071067811865462400 ) ) ;
#2447 = VECTOR ( 'NONE', #2446, 39.37007874015748900 ) ;
#2448 = CARTESIAN_POINT ( 'NONE',  ( 0.1521417992696523800, 0.4096834278136001800, 0.08632392687186418700 ) ) ;
#2449 = LINE ( 'NONE', #2448, #2447 ) ;
#2450 = DIRECTION ( 'NONE',  ( -0.0000000000000000000, -0.0000000000000000000, -1.000000000000000000 ) ) ;
#2451 = VECTOR ( 'NONE', #2450, 39.37007874015748100 ) ;
#2452 = CARTESIAN_POINT ( 'NONE',  ( 0.1214227184053597600, 0.06258290078201750300, 0.2140000000000000000 ) ) ;
#2453 = LINE ( 'NONE', #2452, #2451 ) ;
#2454 = DIRECTION ( 'NONE',  ( -0.3907311284892787700, -0.9205048534524382700, 0.0000000000000000000 ) ) ;
#2455 = DIRECTION ( 'NONE',  ( -0.9205048534524382700, 0.3907311284892787700, 0.0000000000000000000 ) ) ;
#2456 = CARTESIAN_POINT ( 'NONE',  ( -0.1214227184053597600, 0.06258290078201750300, 0.2140000000000000000 ) ) ;
#2457 = AXIS2_PLACEMENT_3D ( 'NONE', #2456, #2455, #2454 ) ;
#2458 = PLANE ( 'NONE',  #2457 ) ;
#2459 = FACE_OUTER_BOUND ( 'NONE', #739, .T. ) ;
#2460 = DIRECTION ( 'NONE',  ( -0.0000000000000000000, -0.0000000000000000000, -1.000000000000000000 ) ) ;
#2461 = VECTOR ( 'NONE', #2460, 39.37007874015748100 ) ;
#2462 = CARTESIAN_POINT ( 'NONE',  ( 0.1124999999999999900, 0.3330000000000000200, 0.2140000000000000000 ) ) ;
#2463 = LINE ( 'NONE', #2462, #2461 ) ;
#2464 = CARTESIAN_POINT ( 'NONE',  ( 0.1124999999999999800, 0.3330000000000000200, -1.451294246634139900E-016 ) ) ;
#2465 = DIRECTION ( 'NONE',  ( -0.0000000000000000000, -0.0000000000000000000, -1.000000000000000000 ) ) ;
#2466 = VECTOR ( 'NONE', #2465, 39.37007874015748100 ) ;
#2467 = CARTESIAN_POINT ( 'NONE',  ( 0.09473356360342004300, 0.3421844290931053700, 0.2140000000000000000 ) ) ;
#2468 = LINE ( 'NONE', #2467, #2466 ) ;
#2469 = DIRECTION ( 'NONE',  ( 0.0000000000000000000, 0.0000000000000000000, 1.000000000000000000 ) ) ;
#2470 = VECTOR ( 'NONE', #2469, 39.37007874015748100 ) ;
#2471 = CARTESIAN_POINT ( 'NONE',  ( 0.09351020724307804200, 0.2962659861837947400, -0.03200000000000000100 ) ) ;
#2472 = LINE ( 'NONE', #2471, #2470 ) ;
#2473 = DIRECTION ( 'NONE',  ( -1.000000000000000000, 0.0000000000000000000, 0.0000000000000000000 ) ) ;
#2474 = DIRECTION ( 'NONE',  ( -0.0000000000000000000, -0.0000000000000000000, -1.000000000000000000 ) ) ;
#2475 = AXIS2_PLACEMENT_3D ( 'NONE', #2477, #2474, #2473 ) ;
#2476 = CARTESIAN_POINT ( 'NONE',  ( 0.07574377084649809600, 0.3054504152768999800, 0.0000000000000000000 ) ) ;
#2477 = CARTESIAN_POINT ( 'NONE',  ( -0.08000000000000000200, 0.04499999999999997100, 0.2140000000000000000 ) ) ;
#2478 = CYLINDRICAL_SURFACE ( 'NONE', #2475, 0.02500000000000000500 ) ;
#2479 = DIRECTION ( 'NONE',  ( -1.000000000000000000, 0.0000000000000000000, 0.0000000000000000000 ) ) ;
#2480 = DIRECTION ( 'NONE',  ( -0.0000000000000000000, -0.0000000000000000000, -1.000000000000000000 ) ) ;
#2481 = AXIS2_PLACEMENT_3D ( 'NONE', #2398, #2480, #2479 ) ;
#2482 = FACE_OUTER_BOUND ( 'NONE', #727, .T. ) ;
#2483 = CARTESIAN_POINT ( 'NONE',  ( -0.1942105432058992800, 0.2140501584072958000, 0.0000000000000000000 ) ) ;
#2484 = AXIS2_PLACEMENT_3D ( 'NONE', #2483, #2241, #2254 ) ;
#2485 = CIRCLE ( 'NONE', #2484, 0.1300000000000000000 ) ;
#2486 = CARTESIAN_POINT ( 'NONE',  ( 3.673940397442058400E-018, -0.1100000000000000000, 0.2340000000000002900 ) ) ;
#2487 = DIRECTION ( 'NONE',  ( 1.000000000000000000, 0.0000000000000000000, 0.0000000000000000000 ) ) ;
#2488 = DIRECTION ( 'NONE',  ( 0.0000000000000000000, 0.0000000000000000000, 1.000000000000000000 ) ) ;
#2489 = AXIS2_PLACEMENT_3D ( 'NONE', #2490, #2488, #2487 ) ;
#2490 = CARTESIAN_POINT ( 'NONE',  ( 0.1942105432058992800, 0.2140501584072958000, -0.03200000000000000100 ) ) ;
#2491 = CYLINDRICAL_SURFACE ( 'NONE', #2489, 0.1300000000000000000 ) ;
#2492 = DIRECTION ( 'NONE',  ( 1.000000000000000000, 0.0000000000000000000, 0.0000000000000000000 ) ) ;
#2493 = DIRECTION ( 'NONE',  ( 0.0000000000000000000, 0.0000000000000000000, 1.000000000000000000 ) ) ;
#2494 = AXIS2_PLACEMENT_3D ( 'NONE', #2496, #2493, #2492 ) ;
#2495 = FACE_OUTER_BOUND ( 'NONE', #857, .T. ) ;
#2496 = CARTESIAN_POINT ( 'NONE',  ( -0.1942105432058992800, 0.2140501584072958000, -0.03200000000000000100 ) ) ;
#2497 = CYLINDRICAL_SURFACE ( 'NONE', #2494, 0.1300000000000000000 ) ;
#2498 = DIRECTION ( 'NONE',  ( 0.0000000000000000000, 0.7476197952858587600, -0.6641269770885162000 ) ) ;
#2499 = DIRECTION ( 'NONE',  ( -0.3247186046530888300, -0.6281383826770584600, -0.7071067811865477900 ) ) ;
#2500 = CARTESIAN_POINT ( 'NONE',  ( 0.09473356360342004300, 0.3421844290931053700, 0.1819999999999999700 ) ) ;
#2501 = FACE_OUTER_BOUND ( 'NONE', #846, .T. ) ;
#2502 = AXIS2_PLACEMENT_3D ( 'NONE', #2500, #2499, #2498 ) ;
#2503 = PLANE ( 'NONE',  #2502 ) ;
#2504 = FACE_OUTER_BOUND ( 'NONE', #843, .T. ) ;
#2505 = DIRECTION ( 'NONE',  ( 1.000000000000000000, 0.0000000000000000000, 0.0000000000000000000 ) ) ;
#2506 = DIRECTION ( 'NONE',  ( 0.0000000000000000000, 0.0000000000000000000, 1.000000000000000000 ) ) ;
#2507 = CARTESIAN_POINT ( 'NONE',  ( -0.1068421717879919400, 0.1429999999999999900, 0.0000000000000000000 ) ) ;
#2508 = AXIS2_PLACEMENT_3D ( 'NONE', #2507, #2506, #2505 ) ;
#2509 = DIRECTION ( 'NONE',  ( 0.0000000000000000000, 0.7476197952858594200, -0.6641269770885155400 ) ) ;
#2510 = DIRECTION ( 'NONE',  ( 0.3247186046530884900, -0.6281383826770579000, -0.7071067811865484600 ) ) ;
#2511 = CARTESIAN_POINT ( 'NONE',  ( -0.1124999999999999900, 0.3330000000000000200, 0.1820000000000000200 ) ) ;
#2512 = CIRCLE ( 'NONE', #2508, 0.03799999999999998500 ) ;
#2513 = AXIS2_PLACEMENT_3D ( 'NONE', #2511, #2510, #2509 ) ;
#2514 = PLANE ( 'NONE',  #2513 ) ;
#2515 = FACE_OUTER_BOUND ( 'NONE', #794, .T. ) ;
#2516 = DIRECTION ( 'NONE',  ( 0.0000000000000000000, -1.000000000000000000, -0.0000000000000000000 ) ) ;
#2517 = VECTOR ( 'NONE', #2516, 39.37007874015748100 ) ;
#2518 = CARTESIAN_POINT ( 'NONE',  ( -0.04650000000000000000, 0.02000000000000000000, -0.01200000000000001600 ) ) ;
#2519 = LINE ( 'NONE', #2518, #2517 ) ;
#2520 = DIRECTION ( 'NONE',  ( 1.000000000000000000, 0.0000000000000000000, 0.0000000000000000000 ) ) ;
#2521 = DIRECTION ( 'NONE',  ( 0.0000000000000000000, 0.0000000000000000000, 1.000000000000000000 ) ) ;
#2522 = CARTESIAN_POINT ( 'NONE',  ( 0.1942105432058992800, 0.2140501584072958000, 0.0000000000000000000 ) ) ;
#2523 = AXIS2_PLACEMENT_3D ( 'NONE', #2522, #2521, #2520 ) ;
#2524 = DIRECTION ( 'NONE',  ( -1.000000000000000000, 0.0000000000000000000, 0.0000000000000000000 ) ) ;
#2525 = DIRECTION ( 'NONE',  ( -0.0000000000000000000, -0.0000000000000000000, -1.000000000000000000 ) ) ;
#2526 = AXIS2_PLACEMENT_3D ( 'NONE', #2528, #2525, #2524 ) ;
#2527 = CIRCLE ( 'NONE', #2523, 0.1499999999999999900 ) ;
#2528 = CARTESIAN_POINT ( 'NONE',  ( -0.1068421717879919400, 0.1429999999999999900, 0.2140000000000000000 ) ) ;
#2529 = CYLINDRICAL_SURFACE ( 'NONE', #2526, 0.01799999999999998500 ) ;
#2530 = DIRECTION ( 'NONE',  ( -1.000000000000000000, 0.0000000000000000000, 0.0000000000000000000 ) ) ;
#2531 = DIRECTION ( 'NONE',  ( -0.0000000000000000000, -0.0000000000000000000, -1.000000000000000000 ) ) ;
#2532 = AXIS2_PLACEMENT_3D ( 'NONE', #2534, #2531, #2530 ) ;
#2533 = FACE_OUTER_BOUND ( 'NONE', #774, .T. ) ;
#2534 = CARTESIAN_POINT ( 'NONE',  ( 0.08000000000000000200, 0.04499999999999999800, 0.2140000000000000000 ) ) ;
#2535 = CYLINDRICAL_SURFACE ( 'NONE', #2532, 0.04500000000000001200 ) ;
#2536 = DIRECTION ( 'NONE',  ( -1.000000000000000000, 0.0000000000000000000, 0.0000000000000000000 ) ) ;
#2537 = DIRECTION ( 'NONE',  ( -0.0000000000000000000, -0.0000000000000000000, -1.000000000000000000 ) ) ;
#2538 = AXIS2_PLACEMENT_3D ( 'NONE', #2540, #2537, #2536 ) ;
#2539 = FACE_OUTER_BOUND ( 'NONE', #741, .T. ) ;
#2540 = CARTESIAN_POINT ( 'NONE',  ( -0.08000000000000000200, 0.04499999999999997100, 0.2140000000000000000 ) ) ;
#2541 = CYLINDRICAL_SURFACE ( 'NONE', #2538, 0.04499999999999999800 ) ;
#2542 = FACE_OUTER_BOUND ( 'NONE', #771, .T. ) ;
#2543 = DIRECTION ( 'NONE',  ( -1.000000000000000000, 0.0000000000000000000, 0.0000000000000000000 ) ) ;
#2544 = DIRECTION ( 'NONE',  ( 0.0000000000000000000, 0.0000000000000000000, 1.000000000000000000 ) ) ;
#2545 = CARTESIAN_POINT ( 'NONE',  ( -0.1942105432058992800, 0.2140501584072958000, 0.0000000000000000000 ) ) ;
#2546 = AXIS2_PLACEMENT_3D ( 'NONE', #2545, #2544, #2543 ) ;
#2547 = FACE_OUTER_BOUND ( 'NONE', #827, .T. ) ;
#2548 = DIRECTION ( 'NONE',  ( -1.000000000000000000, 0.0000000000000000000, 0.0000000000000000000 ) ) ;
#2549 = DIRECTION ( 'NONE',  ( -0.0000000000000000000, -0.0000000000000000000, -1.000000000000000000 ) ) ;
#2550 = AXIS2_PLACEMENT_3D ( 'NONE', #2552, #2549, #2548 ) ;
#2551 = CIRCLE ( 'NONE', #2546, 0.1499999999999999900 ) ;
#2552 = CARTESIAN_POINT ( 'NONE',  ( -0.1068421717879919400, 0.1429999999999999900, 0.2140000000000000000 ) ) ;
#2553 = CYLINDRICAL_SURFACE ( 'NONE', #2550, 0.03799999999999997800 ) ;
#2554 = FACE_OUTER_BOUND ( 'NONE', #907, .T. ) ;
#2555 = DIRECTION ( 'NONE',  ( 1.000000000000000000, 0.0000000000000000000, 0.0000000000000000000 ) ) ;
#2556 = DIRECTION ( 'NONE',  ( -0.0000000000000000000, -0.0000000000000000000, -1.000000000000000000 ) ) ;
#2557 = CARTESIAN_POINT ( 'NONE',  ( 0.1942105432058992800, 0.2140501584072958000, 0.0000000000000000000 ) ) ;
#2558 = AXIS2_PLACEMENT_3D ( 'NONE', #2557, #2556, #2555 ) ;
#2559 = DIRECTION ( 'NONE',  ( 1.000000000000000000, 0.0000000000000000000, 0.0000000000000000000 ) ) ;
#2560 = DIRECTION ( 'NONE',  ( 0.0000000000000000000, 0.0000000000000000000, 1.000000000000000000 ) ) ;
#2561 = CARTESIAN_POINT ( 'NONE',  ( -0.1942105432058992800, 0.2140501584072958000, -0.03200000000000000100 ) ) ;
#2562 = AXIS2_PLACEMENT_3D ( 'NONE', #2561, #2560, #2559 ) ;
#2563 = CYLINDRICAL_SURFACE ( 'NONE', #2562, 0.1499999999999999900 ) ;
#2564 = CIRCLE ( 'NONE', #2558, 0.1300000000000000000 ) ;
#2565 = FACE_OUTER_BOUND ( 'NONE', #800, .T. ) ;
#2566 = DIRECTION ( 'NONE',  ( 0.0000000000000000000, -1.000000000000000000, -0.0000000000000000000 ) ) ;
#2567 = VECTOR ( 'NONE', #2566, 39.37007874015748100 ) ;
#2568 = CARTESIAN_POINT ( 'NONE',  ( 0.04650000000000000000, 0.02000000000000000000, -0.01200000000000002800 ) ) ;
#2569 = LINE ( 'NONE', #2568, #2567 ) ;
#2570 = DIRECTION ( 'NONE',  ( 0.0000000000000000000, 0.0000000000000000000, -1.000000000000000000 ) ) ;
#2571 = DIRECTION ( 'NONE',  ( 0.0000000000000000000, -1.000000000000000000, -0.0000000000000000000 ) ) ;
#2572 = CARTESIAN_POINT ( 'NONE',  ( 0.05824931487364263400, 0.02000000000000000000, -0.01444000000000002900 ) ) ;
#2573 = AXIS2_PLACEMENT_3D ( 'NONE', #2572, #2571, #2570 ) ;
#2574 = CYLINDRICAL_SURFACE ( 'NONE', #2573, 0.01199999999999999700 ) ;
#2575 = CARTESIAN_POINT ( 'NONE',  ( 0.07000000000000000700, 0.02000000000000000000, -0.01200660749955880500 ) ) ;
#2576 = DIRECTION ( 'NONE',  ( 1.000000000000000000, 0.0000000000000000000, -0.0000000000000000000 ) ) ;
#2577 = AXIS2_PLACEMENT_3D ( 'NONE', #2594, #2592, #2590 ) ;
#2578 = FACE_OUTER_BOUND ( 'NONE', #811, .T. ) ;
#2579 = LINE ( 'NONE', #2575, #2599 ) ;
#2580 = DIRECTION ( 'NONE',  ( -0.8883218198289974900, 0.4592214546552653200, 0.0000000000000000000 ) ) ;
#2581 = VECTOR ( 'NONE', #2580, 39.37007874015748900 ) ;
#2582 = CARTESIAN_POINT ( 'NONE',  ( -0.05902162236500872700, 0.3856457955702281000, 0.2140000000000000000 ) ) ;
#2583 = LINE ( 'NONE', #2582, #2581 ) ;
#2584 = CARTESIAN_POINT ( 'NONE',  ( -0.07186298735679930200, 0.1281522171174074000, 0.0000000000000000000 ) ) ;
#2585 = DIRECTION ( 'NONE',  ( 0.0000000000000000000, 0.7476197952858597600, 0.6641269770885152000 ) ) ;
#2586 = DIRECTION ( 'NONE',  ( 0.3247186046530883300, 0.6281383826770575700, -0.7071067811865487900 ) ) ;
#2587 = CARTESIAN_POINT ( 'NONE',  ( 0.09473356360342004300, 0.3421844290931053700, -1.024442997624098700E-016 ) ) ;
#2588 = AXIS2_PLACEMENT_3D ( 'NONE', #2587, #2586, #2585 ) ;
#2589 = DIRECTION ( 'NONE',  ( 0.0000000000000000000, 0.0000000000000000000, 1.000000000000000000 ) ) ;
#2590 = DIRECTION ( 'NONE',  ( 2.587623992521607500E-016, 0.0000000000000000000, 1.000000000000000000 ) ) ;
#2591 = FACE_OUTER_BOUND ( 'NONE', #867, .T. ) ;
#2592 = DIRECTION ( 'NONE',  ( 1.000000000000000000, 0.0000000000000000000, -2.587623992521607500E-016 ) ) ;
#2593 = CARTESIAN_POINT ( 'NONE',  ( -0.1095000000000000000, 0.2879999999999999800, 0.2140000000000000000 ) ) ;
#2594 = CARTESIAN_POINT ( 'NONE',  ( -0.06999999999999995100, 0.02000000000000000000, 0.2140000000000000000 ) ) ;
#2595 = PLANE ( 'NONE',  #2577 ) ;
#2596 = PLANE ( 'NONE',  #2600 ) ;
#2597 = FACE_OUTER_BOUND ( 'NONE', #873, .T. ) ;
#2598 = DIRECTION ( 'NONE',  ( 0.0000000000000000000, -1.000000000000000000, -0.0000000000000000000 ) ) ;
#2599 = VECTOR ( 'NONE', #2598, 39.37007874015748100 ) ;
#2600 = AXIS2_PLACEMENT_3D ( 'NONE', #2593, #2589, #2576 ) ;
#2601 = DIRECTION ( 'NONE',  ( 0.0000000000000000000, -3.491483361109382100E-015, -1.000000000000000000 ) ) ;
#2602 = CARTESIAN_POINT ( 'NONE',  ( 3.673940397442058400E-018, -0.1100000000000000700, 0.2140000000000003000 ) ) ;
#2603 = AXIS2_PLACEMENT_3D ( 'NONE', #2602, #2601, #2660 ) ;
#2604 = DIRECTION ( 'NONE',  ( 0.0000000000000000000, 3.414809992080330700E-015, -1.000000000000000000 ) ) ;
#2605 = DIRECTION ( 'NONE',  ( 1.000000000000000000, -1.067128122525102900E-016, -2.134256245050205700E-016 ) ) ;
#2606 = AXIS2_PLACEMENT_3D ( 'NONE', #2608, #2605, #2604 ) ;
#2607 = CIRCLE ( 'NONE', #2603, 0.02999999999999998800 ) ;
#2608 = CARTESIAN_POINT ( 'NONE',  ( 0.04650000000000000000, -0.02000000000000008000, -0.01200000000000003000 ) ) ;
#2609 = CYLINDRICAL_SURFACE ( 'NONE', #2606, 0.01999999999999999000 ) ;
#2610 = FACE_OUTER_BOUND ( 'NONE', #939, .T. ) ;
#2611 = DIRECTION ( 'NONE',  ( -1.000000000000000000, 9.179596752904109500E-017, 3.671838701161647200E-016 ) ) ;
#2612 = VECTOR ( 'NONE', #2611, 39.37007874015748100 ) ;
#2613 = CARTESIAN_POINT ( 'NONE',  ( -0.04650000000000002000, -0.01999999999999979200, -0.05200000000000000500 ) ) ;
#2614 = LINE ( 'NONE', #2613, #2612 ) ;
#2615 = DIRECTION ( 'NONE',  ( -2.134256245050205900E-016, 3.521522804332839800E-015, -1.000000000000000000 ) ) ;
#2616 = DIRECTION ( 'NONE',  ( 1.000000000000000000, -1.067128122525102900E-016, -2.134256245050205700E-016 ) ) ;
#2617 = CARTESIAN_POINT ( 'NONE',  ( 0.04650000000000000000, -0.02000000000000008000, -0.01200000000000003000 ) ) ;
#2618 = AXIS2_PLACEMENT_3D ( 'NONE', #2617, #2616, #2615 ) ;
#2619 = CYLINDRICAL_SURFACE ( 'NONE', #2618, 0.03999999999999999400 ) ;
#2620 = DIRECTION ( 'NONE',  ( -2.134256245050205900E-016, 0.0000000000000000000, -1.000000000000000000 ) ) ;
#2621 = DIRECTION ( 'NONE',  ( 1.000000000000000000, -1.067128122525102900E-016, -2.134256245050205700E-016 ) ) ;
#2622 = CARTESIAN_POINT ( 'NONE',  ( 0.04649999999999999300, -0.02000000000000008000, -0.01200000000000003000 ) ) ;
#2623 = AXIS2_PLACEMENT_3D ( 'NONE', #2622, #2621, #2620 ) ;
#2624 = CIRCLE ( 'NONE', #2623, 0.03999999999999999400 ) ;
#2625 = FACE_OUTER_BOUND ( 'NONE', #932, .T. ) ;
#2626 = CARTESIAN_POINT ( 'NONE',  ( 0.04649999999999998600, -0.01999999999999979900, -0.05200000000000003900 ) ) ;
#2627 = DIRECTION ( 'NONE',  ( -3.671838701161644800E-016, 6.982966722218765700E-015, -1.000000000000000000 ) ) ;
#2628 = VECTOR ( 'NONE', #2627, 39.37007874015748100 ) ;
#2629 = CARTESIAN_POINT ( 'NONE',  ( 0.04649999999999999300, -0.01999999999999994100, -0.03200000000000003500 ) ) ;
#2630 = LINE ( 'NONE', #2629, #2628 ) ;
#2631 = FACE_OUTER_BOUND ( 'NONE', #1009, .T. ) ;
#2632 = DIRECTION ( 'NONE',  ( 0.0000000000000000000, 1.707404996040165300E-015, -1.000000000000000000 ) ) ;
#2633 = DIRECTION ( 'NONE',  ( -1.000000000000000000, 1.067128122525102900E-016, 2.134256245050205700E-016 ) ) ;
#2634 = CARTESIAN_POINT ( 'NONE',  ( -0.04650000000000000000, -0.02000000000000007300, -0.01200000000000001100 ) ) ;
#2635 = AXIS2_PLACEMENT_3D ( 'NONE', #2634, #2633, #2632 ) ;
#2636 = CIRCLE ( 'NONE', #2635, 0.01999999999999999000 ) ;
#2637 = CARTESIAN_POINT ( 'NONE',  ( -0.04650000000000001400, -0.01999999999999993100, -0.05200000000000000500 ) ) ;
#2638 = CARTESIAN_POINT ( 'NONE',  ( -0.02999999999999997800, -0.1100000000000000700, 0.2140000000000003000 ) ) ;
#2639 = DIRECTION ( 'NONE',  ( 0.0000000000000000000, 1.000000000000000000, -3.491483361109382100E-015 ) ) ;
#2640 = VECTOR ( 'NONE', #2639, 39.37007874015748100 ) ;
#2641 = CARTESIAN_POINT ( 'NONE',  ( -0.02999999999999997100, -0.1100000000000000700, 0.2140000000000003000 ) ) ;
#2642 = LINE ( 'NONE', #2641, #2640 ) ;
#2643 = CARTESIAN_POINT ( 'NONE',  ( 0.03000000000000001300, -0.1100000000000000000, 0.2340000000000002900 ) ) ;
#2644 = DIRECTION ( 'NONE',  ( -7.760931800182561100E-017, -1.000000000000000000, 3.491483361109382100E-015 ) ) ;
#2645 = VECTOR ( 'NONE', #2644, 39.37007874015748100 ) ;
#2646 = CARTESIAN_POINT ( 'NONE',  ( 0.03000000000000001300, -0.1100000000000000000, 0.2340000000000002900 ) ) ;
#2647 = LINE ( 'NONE', #2646, #2645 ) ;
#2648 = CARTESIAN_POINT ( 'NONE',  ( -0.02999999999999997100, -0.01999999999999985500, 0.2140000000000000000 ) ) ;
#2649 = DIRECTION ( 'NONE',  ( 0.0000000000000000000, 0.0000000000000000000, 1.000000000000000000 ) ) ;
#2650 = DIRECTION ( 'NONE',  ( -1.000000000000000000, -0.0000000000000000000, -0.0000000000000000000 ) ) ;
#2651 = CARTESIAN_POINT ( 'NONE',  ( -0.02999999999999997100, -0.01999999999999992400, 0.1940000000000000100 ) ) ;
#2652 = AXIS2_PLACEMENT_3D ( 'NONE', #2651, #2650, #2649 ) ;
#2653 = DIRECTION ( 'NONE',  ( 0.0000000000000000000, 1.000000000000000000, -3.414809992080330300E-015 ) ) ;
#2654 = DIRECTION ( 'NONE',  ( 0.0000000000000000000, -3.491483361109382500E-015, -1.000000000000000000 ) ) ;
#2655 = AXIS2_PLACEMENT_3D ( 'NONE', #2657, #2654, #2653 ) ;
#2656 = CIRCLE ( 'NONE', #2652, 0.03999999999999998000 ) ;
#2657 = CARTESIAN_POINT ( 'NONE',  ( 3.673940397442058400E-018, -0.1100000000000000000, 0.2340000000000002900 ) ) ;
#2658 = CYLINDRICAL_SURFACE ( 'NONE', #2655, 0.02999999999999998800 ) ;
#2659 = FACE_OUTER_BOUND ( 'NONE', #1004, .T. ) ;
#2660 = DIRECTION ( 'NONE',  ( 0.0000000000000000000, 1.000000000000000000, -3.414809992080330300E-015 ) ) ;
#2661 = DIRECTION ( 'NONE',  ( 1.000000000000000000, 0.0000000000000000000, 0.0000000000000000000 ) ) ;
#2662 = DIRECTION ( 'NONE',  ( 0.0000000000000000000, 0.0000000000000000000, 1.000000000000000000 ) ) ;
#2663 = AXIS2_PLACEMENT_3D ( 'NONE', #2666, #2662, #2661 ) ;
#2664 = PLANE ( 'NONE',  #2588 ) ;
#2665 = FACE_OUTER_BOUND ( 'NONE', #790, .T. ) ;
#2666 = CARTESIAN_POINT ( 'NONE',  ( 0.1942105432058992800, 0.2140501584072958000, -0.03200000000000000100 ) ) ;
#2667 = CYLINDRICAL_SURFACE ( 'NONE', #2663, 0.1499999999999999900 ) ;
#2668 = FACE_OUTER_BOUND ( 'NONE', #900, .T. ) ;
#2669 = DIRECTION ( 'NONE',  ( 1.000000000000000000, 0.0000000000000000000, 0.0000000000000000000 ) ) ;
#2670 = DIRECTION ( 'NONE',  ( 0.0000000000000000000, 0.0000000000000000000, 1.000000000000000000 ) ) ;
#2671 = CARTESIAN_POINT ( 'NONE',  ( -0.1095000000000000000, 0.2879999999999999800, 0.0000000000000000000 ) ) ;
#2672 = AXIS2_PLACEMENT_3D ( 'NONE', #2671, #2670, #2669 ) ;
#2673 = DIRECTION ( 'NONE',  ( -0.3907311284892787100, -0.9205048534524382700, 0.0000000000000000000 ) ) ;
#2674 = DIRECTION ( 'NONE',  ( -0.9205048534524382700, 0.3907311284892787100, 0.0000000000000000000 ) ) ;
#2675 = CARTESIAN_POINT ( 'NONE',  ( -0.1030126213363109900, 0.05476827821223193700, 0.2140000000000000000 ) ) ;
#2676 = CIRCLE ( 'NONE', #2672, 0.03799999999999997800 ) ;
#2677 = AXIS2_PLACEMENT_3D ( 'NONE', #2675, #2674, #2673 ) ;
#2678 = PLANE ( 'NONE',  #2677 ) ;
#2679 = DIRECTION ( 'NONE',  ( 1.000000000000000000, 0.0000000000000000000, -0.0000000000000000000 ) ) ;
#2680 = DIRECTION ( 'NONE',  ( 0.0000000000000000000, 0.0000000000000000000, 1.000000000000000000 ) ) ;
#2681 = CARTESIAN_POINT ( 'NONE',  ( 0.08000000000000001600, 0.04499999999999999800, 0.0000000000000000000 ) ) ;
#2682 = FACE_OUTER_BOUND ( 'NONE', #781, .T. ) ;
#2683 = AXIS2_PLACEMENT_3D ( 'NONE', #2681, #2680, #2679 ) ;
#2684 = PLANE ( 'NONE',  #2683 ) ;
#2685 = DIRECTION ( 'NONE',  ( 1.000000000000000000, 0.0000000000000000000, -0.0000000000000000000 ) ) ;
#2686 = DIRECTION ( 'NONE',  ( 0.0000000000000000000, 0.0000000000000000000, 1.000000000000000000 ) ) ;
#2687 = CARTESIAN_POINT ( 'NONE',  ( 0.08000000000000001600, 0.04499999999999999800, 0.0000000000000000000 ) ) ;
#2688 = FACE_OUTER_BOUND ( 'NONE', #803, .T. ) ;
#2689 = AXIS2_PLACEMENT_3D ( 'NONE', #2687, #2686, #2685 ) ;
#2690 = PLANE ( 'NONE',  #2689 ) ;
#2691 = DIRECTION ( 'NONE',  ( 2.587623992521610400E-016, 0.0000000000000000000, -1.000000000000000000 ) ) ;
#2692 = DIRECTION ( 'NONE',  ( -1.000000000000000000, 0.0000000000000000000, -2.587623992521610400E-016 ) ) ;
#2693 = CARTESIAN_POINT ( 'NONE',  ( 0.06999999999999995100, 0.02000000000000000000, 0.2140000000000000200 ) ) ;
#2694 = AXIS2_PLACEMENT_3D ( 'NONE', #2693, #2692, #2691 ) ;
#2695 = PLANE ( 'NONE',  #2694 ) ;
#2696 = FACE_OUTER_BOUND ( 'NONE', #861, .T. ) ;
#2697 = FACE_OUTER_BOUND ( 'NONE', #975, .T. ) ;
#2698 = DIRECTION ( 'NONE',  ( 3.671838701161643800E-016, -3.491483361109382900E-015, 1.000000000000000000 ) ) ;
#2699 = VECTOR ( 'NONE', #2698, 39.37007874015748100 ) ;
#2700 = CARTESIAN_POINT ( 'NONE',  ( 0.04649999999999996500, -0.09349999999999990300, -0.05200000000000028900 ) ) ;
#2701 = LINE ( 'NONE', #2700, #2699 ) ;
#2702 = DIRECTION ( 'NONE',  ( -3.436653660541607700E-034, 1.000000000000000000, 3.491483361109382100E-015 ) ) ;
#2703 = VECTOR ( 'NONE', #2702, 39.37007874015748100 ) ;
#2704 = CARTESIAN_POINT ( 'NONE',  ( 0.04649999999999999300, -0.09349999999999997200, -0.03200000000000029200 ) ) ;
#2705 = LINE ( 'NONE', #2704, #2703 ) ;
#2706 = CARTESIAN_POINT ( 'NONE',  ( 0.04649999999999998600, -0.09349999999999997200, -0.03200000000000029200 ) ) ;
#2707 = CARTESIAN_POINT ( 'NONE',  ( 0.04649999999999997900, -0.09349999999999990300, -0.05200000000000028900 ) ) ;
#2708 = DIRECTION ( 'NONE',  ( -3.436653660541607700E-034, 1.000000000000000000, 3.491483361109382100E-015 ) ) ;
#2709 = VECTOR ( 'NONE', #2708, 39.37007874015748100 ) ;
#2710 = CARTESIAN_POINT ( 'NONE',  ( 0.04649999999999998600, 6.982966722218764700E-017, -0.05199999999999997000 ) ) ;
#2711 = DIRECTION ( 'NONE',  ( -3.671838701161644800E-016, 0.0000000000000000000, -1.000000000000000000 ) ) ;
#2712 = DIRECTION ( 'NONE',  ( 1.000000000000000000, 1.282360038344390800E-030, -3.671838701161644800E-016 ) ) ;
#2713 = CARTESIAN_POINT ( 'NONE',  ( 0.04649999999999998600, 6.982966722218764700E-017, -0.05199999999999997000 ) ) ;
#2714 = LINE ( 'NONE', #2710, #2709 ) ;
#2715 = AXIS2_PLACEMENT_3D ( 'NONE', #2713, #2712, #2711 ) ;
#2716 = PLANE ( 'NONE',  #2715 ) ;
#2717 = FACE_OUTER_BOUND ( 'NONE', #964, .T. ) ;
#2718 = DIRECTION ( 'NONE',  ( 0.0000000000000000000, -1.000000000000000000, -0.0000000000000000000 ) ) ;
#2719 = VECTOR ( 'NONE', #2718, 39.37007874015748100 ) ;
#2720 = CARTESIAN_POINT ( 'NONE',  ( 0.03000000000000002700, 0.02000000000000000000, 0.1940000000000000100 ) ) ;
#2721 = LINE ( 'NONE', #2720, #2719 ) ;
#2722 = DIRECTION ( 'NONE',  ( 0.0000000000000000000, 0.0000000000000000000, -1.000000000000000000 ) ) ;
#2723 = DIRECTION ( 'NONE',  ( 0.0000000000000000000, -1.000000000000000000, -0.0000000000000000000 ) ) ;
#2724 = CARTESIAN_POINT ( 'NONE',  ( 0.05200000000000001800, 0.02000000000000000000, 0.1940000000000000100 ) ) ;
#2725 = AXIS2_PLACEMENT_3D ( 'NONE', #2724, #2723, #2722 ) ;
#2726 = CYLINDRICAL_SURFACE ( 'NONE', #2725, 0.02199999999999999900 ) ;
#2727 = DIRECTION ( 'NONE',  ( -7.760931800182561100E-017, -1.000000000000000000, 3.491483361109382100E-015 ) ) ;
#2728 = VECTOR ( 'NONE', #2727, 39.37007874015748100 ) ;
#2729 = CARTESIAN_POINT ( 'NONE',  ( 0.03000000000000001300, -0.1100000000000000700, 0.2140000000000003000 ) ) ;
#2730 = DIRECTION ( 'NONE',  ( 7.760931800182561100E-017, 1.000000000000000000, 0.0000000000000000000 ) ) ;
#2731 = DIRECTION ( 'NONE',  ( 1.000000000000000000, -7.760931800182561100E-017, 2.709716424704209800E-031 ) ) ;
#2732 = CARTESIAN_POINT ( 'NONE',  ( 0.03000000000000001300, -0.1100000000000000000, 0.2340000000000002900 ) ) ;
#2733 = LINE ( 'NONE', #2729, #2728 ) ;
#2734 = AXIS2_PLACEMENT_3D ( 'NONE', #2732, #2731, #2730 ) ;
#2735 = PLANE ( 'NONE',  #2734 ) ;
#2736 = FACE_OUTER_BOUND ( 'NONE', #922, .T. ) ;
#2737 = CARTESIAN_POINT ( 'NONE',  ( 0.04649999999999999300, -0.02000000000000001400, -0.03200000000000002100 ) ) ;
#2738 = DIRECTION ( 'NONE',  ( 0.0000000000000000000, 0.0000000000000000000, -1.000000000000000000 ) ) ;
#2739 = DIRECTION ( 'NONE',  ( 1.000000000000000000, -1.067128122525102900E-016, -2.134256245050205700E-016 ) ) ;
#2740 = CARTESIAN_POINT ( 'NONE',  ( 0.04649999999999999300, -0.02000000000000008000, -0.01200000000000003000 ) ) ;
#2741 = AXIS2_PLACEMENT_3D ( 'NONE', #2740, #2739, #2738 ) ;
#2742 = DIRECTION ( 'NONE',  ( 0.0000000000000000000, 0.0000000000000000000, -1.000000000000000000 ) ) ;
#2743 = DIRECTION ( 'NONE',  ( 0.0000000000000000000, -1.000000000000000000, -0.0000000000000000000 ) ) ;
#2744 = CARTESIAN_POINT ( 'NONE',  ( -0.05824931487364264100, 0.02000000000000000000, -0.01444000000000000300 ) ) ;
#2745 = AXIS2_PLACEMENT_3D ( 'NONE', #2744, #2743, #2742 ) ;
#2746 = CYLINDRICAL_SURFACE ( 'NONE', #2745, 0.01200000000000000200 ) ;
#2747 = CIRCLE ( 'NONE', #2741, 0.01999999999999999000 ) ;
#2748 = FACE_OUTER_BOUND ( 'NONE', #824, .T. ) ;
#2749 = DIRECTION ( 'NONE',  ( 0.0000000000000000000, -1.000000000000000000, -0.0000000000000000000 ) ) ;
#2750 = VECTOR ( 'NONE', #2749, 39.37007874015748100 ) ;
#2751 = CARTESIAN_POINT ( 'NONE',  ( -0.07000000000000000700, 0.02000000000000000000, -0.01200660749955873900 ) ) ;
#2752 = DIRECTION ( 'NONE',  ( 0.0000000000000000000, 0.7476197952858587600, 0.6641269770885162000 ) ) ;
#2753 = DIRECTION ( 'NONE',  ( -0.3247186046530887200, 0.6281383826770584600, -0.7071067811865477900 ) ) ;
#2754 = CARTESIAN_POINT ( 'NONE',  ( -0.1124999999999999900, 0.3330000000000000200, -3.414809992080329000E-017 ) ) ;
#2755 = LINE ( 'NONE', #2751, #2750 ) ;
#2756 = AXIS2_PLACEMENT_3D ( 'NONE', #2754, #2753, #2752 ) ;
#2757 = PLANE ( 'NONE',  #2756 ) ;
#2758 = FACE_OUTER_BOUND ( 'NONE', #912, .T. ) ;
#2759 = AXIS2_PLACEMENT_3D ( 'NONE', #2765, #2327, #2326 ) ;
#2760 = CIRCLE ( 'NONE', #2759, 0.04650000000000000000 ) ;
#2761 = DIRECTION ( 'NONE',  ( 0.0000000000000000000, -3.491483361109382100E-015, -1.000000000000000000 ) ) ;
#2762 = DIRECTION ( 'NONE',  ( 0.0000000000000000000, -1.000000000000000000, -3.491483361109382100E-015 ) ) ;
#2763 = DIRECTION ( 'NONE',  ( 3.671838701161643800E-016, -3.491483361109382100E-015, 1.000000000000000000 ) ) ;
#2764 = CARTESIAN_POINT ( 'NONE',  ( -2.891898740088269100E-017, -0.09349999999999990300, -0.05200000000000027500 ) ) ;
#2765 = CARTESIAN_POINT ( 'NONE',  ( -2.891898740088269100E-017, -0.09349999999999990300, -0.05200000000000027500 ) ) ;
#2766 = AXIS2_PLACEMENT_3D ( 'NONE', #2764, #2763, #2762 ) ;
#2767 = PLANE ( 'NONE',  #2766 ) ;
#2768 = FACE_OUTER_BOUND ( 'NONE', #996, .T. ) ;
#2769 = DIRECTION ( 'NONE',  ( 9.130508000214788000E-017, -1.000000000000000000, -3.491483361109382100E-015 ) ) ;
#2770 = VECTOR ( 'NONE', #2769, 39.37007874015748100 ) ;
#2771 = CARTESIAN_POINT ( 'NONE',  ( -0.04650000000000001400, -0.09349999999999990300, -0.05200000000000026100 ) ) ;
#2772 = LINE ( 'NONE', #2771, #2770 ) ;
#2773 = DIRECTION ( 'NONE',  ( 0.0000000000000000000, 1.000000000000000000, -3.414809992080330300E-015 ) ) ;
#2774 = DIRECTION ( 'NONE',  ( 0.0000000000000000000, -3.491483361109382100E-015, -1.000000000000000000 ) ) ;
#2775 = AXIS2_PLACEMENT_3D ( 'NONE', #2782, #2774, #2773 ) ;
#2776 = CIRCLE ( 'NONE', #2775, 0.02999999999999998800 ) ;
#2777 = DIRECTION ( 'NONE',  ( 0.0000000000000000000, -1.000000000000000000, -3.491483361109382100E-015 ) ) ;
#2778 = DIRECTION ( 'NONE',  ( 3.671838701161643800E-016, -3.491483361109382100E-015, 1.000000000000000000 ) ) ;
#2779 = CARTESIAN_POINT ( 'NONE',  ( -2.157530999855939900E-017, -0.09349999999999997200, -0.03200000000000027800 ) ) ;
#2780 = AXIS2_PLACEMENT_3D ( 'NONE', #2779, #2778, #2777 ) ;
#2781 = PLANE ( 'NONE',  #2780 ) ;
#2782 = CARTESIAN_POINT ( 'NONE',  ( 3.673940397442058400E-018, -0.1100000000000000000, 0.2340000000000002900 ) ) ;
#2783 = FACE_OUTER_BOUND ( 'NONE', #985, .T. ) ;
#2784 = DIRECTION ( 'NONE',  ( 9.130508000214788000E-017, -1.000000000000000000, -3.491483361109382100E-015 ) ) ;
#2785 = VECTOR ( 'NONE', #2784, 39.37007874015748100 ) ;
#2786 = CARTESIAN_POINT ( 'NONE',  ( -0.04650000000000000000, -0.09349999999999997200, -0.03200000000000025700 ) ) ;
#2787 = LINE ( 'NONE', #2786, #2785 ) ;
#2788 = DIRECTION ( 'NONE',  ( 3.671838701161640800E-016, 0.0000000000000000000, 1.000000000000000000 ) ) ;
#2789 = DIRECTION ( 'NONE',  ( -1.000000000000000000, -9.130508000214916200E-017, 3.671838701161640800E-016 ) ) ;
#2790 = CARTESIAN_POINT ( 'NONE',  ( -0.04650000000000001400, -0.09349999999999990300, -0.05200000000000026100 ) ) ;
#2791 = AXIS2_PLACEMENT_3D ( 'NONE', #2790, #2789, #2788 ) ;
#2792 = PLANE ( 'NONE',  #2791 ) ;
#2793 = DIRECTION ( 'NONE',  ( 0.0000000000000000000, 0.0000000000000000000, -1.000000000000000000 ) ) ;
#2794 = PLANE ( 'NONE',  #2798 ) ;
#2795 = CARTESIAN_POINT ( 'NONE',  ( -0.07399999999999996900, 0.02000000000000000000, 0.1940000000000000300 ) ) ;
#2796 = FACE_OUTER_BOUND ( 'NONE', #1026, .T. ) ;
#2797 = CARTESIAN_POINT ( 'NONE',  ( 0.07400000000000001000, 0.02000000000000000000, 0.2140000000000000000 ) ) ;
#2798 = AXIS2_PLACEMENT_3D ( 'NONE', #2797, #2832, #2802 ) ;
#2799 = VECTOR ( 'NONE', #2800, 39.37007874015748100 ) ;
#2800 = DIRECTION ( 'NONE',  ( 0.0000000000000000000, -1.000000000000000000, -0.0000000000000000000 ) ) ;
#2801 = CYLINDRICAL_SURFACE ( 'NONE', #2806, 0.02199999999999999900 ) ;
#2802 = DIRECTION ( 'NONE',  ( 0.0000000000000000000, 0.0000000000000000000, -1.000000000000000000 ) ) ;
#2803 = FACE_OUTER_BOUND ( 'NONE', #958, .T. ) ;
#2804 = FACE_OUTER_BOUND ( 'NONE', #1011, .T. ) ;
#2805 = CARTESIAN_POINT ( 'NONE',  ( -0.05199999999999997000, 0.02000000000000000000, 0.1940000000000000100 ) ) ;
#2806 = AXIS2_PLACEMENT_3D ( 'NONE', #2805, #2834, #2793 ) ;
#2807 = AXIS2_PLACEMENT_3D ( 'NONE', #2486, #2761, #2868 ) ;
#2808 = PLANE ( 'NONE',  #2807 ) ;
#2809 = DIRECTION ( 'NONE',  ( 7.786223870317770200E-016, 0.0000000000000000000, 1.000000000000000000 ) ) ;
#2810 = DIRECTION ( 'NONE',  ( 1.000000000000000000, 0.0000000000000000000, -7.786223870317770200E-016 ) ) ;
#2811 = CARTESIAN_POINT ( 'NONE',  ( -0.07399999999999995500, 0.02000000000000000000, 0.2140000000000000000 ) ) ;
#2812 = AXIS2_PLACEMENT_3D ( 'NONE', #2920, #2919, #2925 ) ;
#2813 = CIRCLE ( 'NONE', #2812, 0.01999999999999999000 ) ;
#2814 = AXIS2_PLACEMENT_3D ( 'NONE', #2811, #2810, #2809 ) ;
#2815 = PLANE ( 'NONE',  #2814 ) ;
#2816 = FACE_OUTER_BOUND ( 'NONE', #1061, .T. ) ;
#2817 = CARTESIAN_POINT ( 'NONE',  ( -0.02999999999999997100, -0.01999999999999992400, 0.2339999999999999900 ) ) ;
#2818 = DIRECTION ( 'NONE',  ( 0.0000000000000000000, -3.491483361109382900E-015, -1.000000000000000000 ) ) ;
#2819 = VECTOR ( 'NONE', #2818, 39.37007874015748100 ) ;
#2820 = CARTESIAN_POINT ( 'NONE',  ( -0.02999999999999998800, -0.1100000000000000000, 0.2340000000000002900 ) ) ;
#2821 = DIRECTION ( 'NONE',  ( 0.0000000000000000000, 1.000000000000000000, -3.491483361109382100E-015 ) ) ;
#2822 = DIRECTION ( 'NONE',  ( 0.0000000000000000000, -3.491483361109382100E-015, -1.000000000000000000 ) ) ;
#2823 = CARTESIAN_POINT ( 'NONE',  ( 3.673940397442058400E-018, -0.1100000000000000700, 0.2140000000000003000 ) ) ;
#2824 = AXIS2_PLACEMENT_3D ( 'NONE', #2823, #2822, #2821 ) ;
#2825 = PLANE ( 'NONE',  #2824 ) ;
#2826 = LINE ( 'NONE', #2820, #2819 ) ;
#2827 = FACE_OUTER_BOUND ( 'NONE', #1045, .T. ) ;
#2828 = DIRECTION ( 'NONE',  ( 1.000000000000000000, -9.179596752904109500E-017, -3.671838701161647200E-016 ) ) ;
#2829 = VECTOR ( 'NONE', #2828, 39.37007874015748100 ) ;
#2830 = CARTESIAN_POINT ( 'NONE',  ( -0.04650000000000001400, -0.01999999999999993100, -0.03200000000000000100 ) ) ;
#2831 = LINE ( 'NONE', #2830, #2829 ) ;
#2832 = DIRECTION ( 'NONE',  ( -1.000000000000000000, 0.0000000000000000000, -0.0000000000000000000 ) ) ;
#2833 = LINE ( 'NONE', #2795, #2799 ) ;
#2834 = DIRECTION ( 'NONE',  ( 0.0000000000000000000, -1.000000000000000000, -0.0000000000000000000 ) ) ;
#2835 = DIRECTION ( 'NONE',  ( 0.0000000000000000000, -1.000000000000000000, -3.488246766103561600E-015 ) ) ;
#2836 = DIRECTION ( 'NONE',  ( 3.671838701161643800E-016, -3.491483361109382500E-015, 1.000000000000000000 ) ) ;
#2837 = AXIS2_PLACEMENT_3D ( 'NONE', #2838, #2836, #2835 ) ;
#2838 = CARTESIAN_POINT ( 'NONE',  ( -2.891898740088269100E-017, -0.09349999999999990300, -0.05200000000000027500 ) ) ;
#2839 = CYLINDRICAL_SURFACE ( 'NONE', #2837, 0.04650000000000000000 ) ;
#2840 = FACE_OUTER_BOUND ( 'NONE', #1033, .T. ) ;
#2841 = DIRECTION ( 'NONE',  ( 0.0000000000000000000, -1.000000000000000000, -3.488246766103561600E-015 ) ) ;
#2842 = DIRECTION ( 'NONE',  ( 3.671838701161643800E-016, -3.491483361109382100E-015, 1.000000000000000000 ) ) ;
#2843 = AXIS2_PLACEMENT_3D ( 'NONE', #2848, #2842, #2841 ) ;
#2844 = CIRCLE ( 'NONE', #2843, 0.04650000000000000000 ) ;
#2845 = DIRECTION ( 'NONE',  ( 2.134256245050205900E-016, 0.0000000000000000000, 1.000000000000000000 ) ) ;
#2846 = DIRECTION ( 'NONE',  ( -1.000000000000000000, 1.067128122525103000E-016, 2.134256245050205900E-016 ) ) ;
#2847 = CARTESIAN_POINT ( 'NONE',  ( 0.04649999999999999300, -0.02000000000000008000, -0.01200000000000003000 ) ) ;
#2848 = CARTESIAN_POINT ( 'NONE',  ( -2.157530999855940200E-017, -0.09349999999999997200, -0.03200000000000027800 ) ) ;
#2849 = AXIS2_PLACEMENT_3D ( 'NONE', #2847, #2846, #2845 ) ;
#2850 = PLANE ( 'NONE',  #2849 ) ;
#2851 = FACE_OUTER_BOUND ( 'NONE', #1020, .T. ) ;
#2852 = DIRECTION ( 'NONE',  ( -2.134256245050205900E-016, 0.0000000000000000000, -1.000000000000000000 ) ) ;
#2853 = DIRECTION ( 'NONE',  ( -1.000000000000000000, 1.067128122525102900E-016, 2.134256245050205700E-016 ) ) ;
#2854 = CARTESIAN_POINT ( 'NONE',  ( -0.04650000000000000000, -0.02000000000000007300, -0.01200000000000001100 ) ) ;
#2855 = AXIS2_PLACEMENT_3D ( 'NONE', #2854, #2853, #2852 ) ;
#2856 = CIRCLE ( 'NONE', #2855, 0.03999999999999999400 ) ;
#2857 = CARTESIAN_POINT ( 'NONE',  ( -0.04650000000000000000, -0.02000000000000000400, -0.03200000000000000100 ) ) ;
#2858 = DIRECTION ( 'NONE',  ( -3.671838701161647200E-016, 6.982966722218765700E-015, -1.000000000000000000 ) ) ;
#2859 = VECTOR ( 'NONE', #2858, 39.37007874015748100 ) ;
#2860 = CARTESIAN_POINT ( 'NONE',  ( -0.04650000000000002000, -0.01999999999999979600, -0.05199999999999974800 ) ) ;
#2861 = LINE ( 'NONE', #2860, #2859 ) ;
#2862 = DIRECTION ( 'NONE',  ( 2.134256245050205900E-016, 0.0000000000000000000, 1.000000000000000000 ) ) ;
#2863 = DIRECTION ( 'NONE',  ( -1.000000000000000000, 1.067128122525103000E-016, 2.134256245050205900E-016 ) ) ;
#2864 = CARTESIAN_POINT ( 'NONE',  ( -0.04650000000000000000, -0.02000000000000007300, -0.01200000000000001100 ) ) ;
#2865 = AXIS2_PLACEMENT_3D ( 'NONE', #2864, #2863, #2862 ) ;
#2866 = PLANE ( 'NONE',  #2865 ) ;
#2867 = FACE_OUTER_BOUND ( 'NONE', #950, .T. ) ;
#2868 = DIRECTION ( 'NONE',  ( 0.0000000000000000000, 1.000000000000000000, -3.491483361109382100E-015 ) ) ;
#2869 = DIRECTION ( 'NONE',  ( 0.0000000000000000000, 3.521522804332841000E-015, 1.000000000000000000 ) ) ;
#2870 = DIRECTION ( 'NONE',  ( -1.000000000000000000, -0.0000000000000000000, -0.0000000000000000000 ) ) ;
#2871 = AXIS2_PLACEMENT_3D ( 'NONE', #2872, #2870, #2869 ) ;
#2872 = CARTESIAN_POINT ( 'NONE',  ( -0.02999999999999997100, -0.01999999999999992400, 0.1940000000000000100 ) ) ;
#2873 = CYLINDRICAL_SURFACE ( 'NONE', #2871, 0.03999999999999998000 ) ;
#2874 = FACE_OUTER_BOUND ( 'NONE', #942, .T. ) ;
#2875 = DIRECTION ( 'NONE',  ( 0.0000000000000000000, -3.491483361109382900E-015, -1.000000000000000000 ) ) ;
#2876 = VECTOR ( 'NONE', #2875, 39.37007874015748100 ) ;
#2877 = CARTESIAN_POINT ( 'NONE',  ( 0.03000000000000001300, -0.1100000000000000000, 0.2340000000000002900 ) ) ;
#2878 = LINE ( 'NONE', #2877, #2876 ) ;
#2879 = CARTESIAN_POINT ( 'NONE',  ( 0.03000000000000001300, -0.1100000000000000700, 0.2140000000000003000 ) ) ;
#2880 = AXIS2_PLACEMENT_3D ( 'NONE', #2892, #2891, #2890 ) ;
#2881 = PLANE ( 'NONE',  #2880 ) ;
#2882 = FACE_OUTER_BOUND ( 'NONE', #1065, .T. ) ;
#2883 = DIRECTION ( 'NONE',  ( 0.0000000000000000000, 0.0000000000000000000, 1.000000000000000000 ) ) ;
#2884 = DIRECTION ( 'NONE',  ( 1.000000000000000000, 0.0000000000000000000, 0.0000000000000000000 ) ) ;
#2885 = CARTESIAN_POINT ( 'NONE',  ( 0.03000000000000002300, -0.01999999999999992400, 0.1940000000000000100 ) ) ;
#2886 = AXIS2_PLACEMENT_3D ( 'NONE', #2885, #2884, #2883 ) ;
#2887 = DIRECTION ( 'NONE',  ( 0.0000000000000000000, 0.0000000000000000000, -1.000000000000000000 ) ) ;
#2888 = FACE_OUTER_BOUND ( 'NONE', #945, .T. ) ;
#2889 = CARTESIAN_POINT ( 'NONE',  ( -0.02999999999999997800, -0.1100000000000000000, 0.2340000000000002900 ) ) ;
#2890 = DIRECTION ( 'NONE',  ( 0.0000000000000000000, 0.0000000000000000000, 1.000000000000000000 ) ) ;
#2891 = DIRECTION ( 'NONE',  ( -1.000000000000000000, -0.0000000000000000000, 0.0000000000000000000 ) ) ;
#2892 = CARTESIAN_POINT ( 'NONE',  ( -0.02999999999999997100, 6.982966722218764700E-017, 0.2339999999999999000 ) ) ;
#2893 = PLANE ( 'NONE',  #2898 ) ;
#2894 = CIRCLE ( 'NONE', #2886, 0.03999999999999998000 ) ;
#2895 = CARTESIAN_POINT ( 'NONE',  ( 0.03000000000000002300, -0.01999999999999978200, 0.2339999999999999900 ) ) ;
#2896 = DIRECTION ( 'NONE',  ( 1.000000000000000000, 0.0000000000000000000, 0.0000000000000000000 ) ) ;
#2897 = CARTESIAN_POINT ( 'NONE',  ( -0.02999999999999997100, -0.01999999999999992400, 0.1940000000000000100 ) ) ;
#2898 = AXIS2_PLACEMENT_3D ( 'NONE', #2897, #2896, #2887 ) ;
#2899 = DIRECTION ( 'NONE',  ( 0.0000000000000000000, 3.414809992080330700E-015, 1.000000000000000000 ) ) ;
#2900 = DIRECTION ( 'NONE',  ( -1.000000000000000000, -0.0000000000000000000, -0.0000000000000000000 ) ) ;
#2901 = AXIS2_PLACEMENT_3D ( 'NONE', #2902, #2900, #2899 ) ;
#2902 = CARTESIAN_POINT ( 'NONE',  ( -0.02999999999999997100, -0.01999999999999992400, 0.1940000000000000100 ) ) ;
#2903 = CYLINDRICAL_SURFACE ( 'NONE', #2901, 0.01999999999999999000 ) ;
#2904 = FACE_OUTER_BOUND ( 'NONE', #1074, .T. ) ;
#2905 = DIRECTION ( 'NONE',  ( -0.0000000000000000000, 1.000000000000000000, -3.491483361109382100E-015 ) ) ;
#2906 = VECTOR ( 'NONE', #2905, 39.37007874015748100 ) ;
#2907 = CARTESIAN_POINT ( 'NONE',  ( -0.02999999999999997100, 6.982966722218761000E-017, 0.2339999999999999000 ) ) ;
#2908 = LINE ( 'NONE', #2907, #2906 ) ;
#2909 = CARTESIAN_POINT ( 'NONE',  ( 0.03000000000000002300, -0.01999999999999985500, 0.2140000000000000000 ) ) ;
#2910 = DIRECTION ( 'NONE',  ( -2.709716424704209800E-031, 0.0000000000000000000, 1.000000000000000000 ) ) ;
#2911 = VECTOR ( 'NONE', #2910, 39.37007874015748100 ) ;
#2912 = CARTESIAN_POINT ( 'NONE',  ( 0.03000000000000002300, -0.01999999999999992400, 0.2340000000000002900 ) ) ;
#2913 = LINE ( 'NONE', #2912, #2911 ) ;
#2914 = DIRECTION ( 'NONE',  ( -1.000000000000000000, 0.0000000000000000000, 0.0000000000000000000 ) ) ;
#2915 = VECTOR ( 'NONE', #2914, 39.37007874015748100 ) ;
#2916 = CARTESIAN_POINT ( 'NONE',  ( 0.03000000000000001600, -0.01999999999999992400, 0.2140000000000000000 ) ) ;
#2917 = LINE ( 'NONE', #2916, #2915 ) ;
#2918 = PLANE ( 'NONE',  #2924 ) ;
#2919 = DIRECTION ( 'NONE',  ( -1.000000000000000000, -0.0000000000000000000, -0.0000000000000000000 ) ) ;
#2920 = CARTESIAN_POINT ( 'NONE',  ( -0.02999999999999997100, -0.01999999999999992400, 0.1940000000000000100 ) ) ;
#2921 = DIRECTION ( 'NONE',  ( 0.0000000000000000000, 0.0000000000000000000, -1.000000000000000000 ) ) ;
#2922 = DIRECTION ( 'NONE',  ( 1.000000000000000000, 0.0000000000000000000, 0.0000000000000000000 ) ) ;
#2923 = CARTESIAN_POINT ( 'NONE',  ( 0.03000000000000002300, -0.01999999999999992400, 0.1940000000000000100 ) ) ;
#2924 = AXIS2_PLACEMENT_3D ( 'NONE', #2923, #2922, #2921 ) ;
#2925 = DIRECTION ( 'NONE',  ( 0.0000000000000000000, 0.0000000000000000000, 1.000000000000000000 ) ) ;
#2926 = FACE_OUTER_BOUND ( 'NONE', #1088, .T. ) ;
#2927 = LENGTH_MEASURE_WITH_UNIT ( LENGTH_MEASURE( 0.02539999999999999900 ), #2943 );
#2928 = DIRECTION ( 'NONE',  ( 1.000000000000000000, -0.0000000000000000000, -0.0000000000000000000 ) ) ;
#2929 = VECTOR ( 'NONE', #2928, 39.37007874015748100 ) ;
#2930 = CARTESIAN_POINT ( 'NONE',  ( 0.03000000000000001600, -0.01999999999999992400, 0.2339999999999999900 ) ) ;
#2931 = LINE ( 'NONE', #2930, #2929 ) ;
#2932 = CARTESIAN_POINT ( 'NONE',  ( -0.02999999999999997500, -0.01999999999999992400, 0.2140000000000000000 ) ) ;
#2933 = LINE ( 'NONE', #2932, #2935 ) ;
#2934 = DIRECTION ( 'NONE',  ( 0.0000000000000000000, 0.0000000000000000000, 1.000000000000000000 ) ) ;
#2935 = VECTOR ( 'NONE', #2934, 39.37007874015748100 ) ;
#2936 = DIRECTION ( 'NONE',  ( 0.0000000000000000000, 8.537024980200826700E-016, 1.000000000000000000 ) ) ;
#2937 =( CONVERSION_BASED_UNIT ( 'INCH', #2954 ) LENGTH_UNIT ( ) NAMED_UNIT ( #2938 ) );
#2938 = DIMENSIONAL_EXPONENTS ( 1.000000000000000000, 0.0000000000000000000, 0.0000000000000000000, 0.0000000000000000000, 0.0000000000000000000, 0.0000000000000000000, 0.0000000000000000000 ) ;
#2939 =( NAMED_UNIT ( * ) PLANE_ANGLE_UNIT ( ) SI_UNIT ( $, .RADIAN. ) );
#2940 = AXIS2_PLACEMENT_3D ( 'NONE', #2957, #2961, #2936 ) ;
#2941 = CIRCLE ( 'NONE', #2940, 0.01999999999999999000 ) ;
#2942 = DIMENSIONAL_EXPONENTS ( 1.000000000000000000, 0.0000000000000000000, 0.0000000000000000000, 0.0000000000000000000, 0.0000000000000000000, 0.0000000000000000000, 0.0000000000000000000 ) ;
#2943 =( LENGTH_UNIT ( ) NAMED_UNIT ( * ) SI_UNIT ( $, .METRE. ) );
#2944 = MECHANICAL_DESIGN_GEOMETRIC_PRESENTATION_REPRESENTATION (  '', ( #2946 ), #2963 ) ;
#2945 = PRESENTATION_LAYER_ASSIGNMENT (  '', '', ( #2946 ) ) ;
#2946 = STYLED_ITEM ( 'NONE', ( #2947 ), #2959 ) ;
#2947 = PRESENTATION_STYLE_ASSIGNMENT (( #2948 ) ) ;
#2948 = SURFACE_STYLE_USAGE ( .BOTH. , #2949 ) ;
#2949 = SURFACE_SIDE_STYLE ('',( #2950 ) ) ;
#2950 = SURFACE_STYLE_FILL_AREA ( #2951 ) ;
#2951 = FILL_AREA_STYLE ('',( #2952 ) ) ;
#2952 = FILL_AREA_STYLE_COLOUR ( '', #2953 ) ;
#2953 = COLOUR_RGB ( '',0.8313725490196077800, 0.8392156862745098200, 0.8274509803921568100 ) ;
#2954 = LENGTH_MEASURE_WITH_UNIT ( LENGTH_MEASURE( 0.02539999999999999900 ), #2958 );
#2955 = UNCERTAINTY_MEASURE_WITH_UNIT (LENGTH_MEASURE( 1.000000000000000100E-005 ), #2937, 'distance_accuracy_value', 'NONE');
#2956 =( NAMED_UNIT ( * ) SI_UNIT ( $, .STERADIAN. ) SOLID_ANGLE_UNIT ( ) );
#2957 = CARTESIAN_POINT ( 'NONE',  ( 0.03000000000000002300, -0.01999999999999992400, 0.1940000000000000100 ) ) ;
#2958 =( LENGTH_UNIT ( ) NAMED_UNIT ( * ) SI_UNIT ( $, .METRE. ) );
#2959 = ADVANCED_BREP_SHAPE_REPRESENTATION ( '3518P', ( #14, #2969 ), #2960 ) ;
#2960 =( GEOMETRIC_REPRESENTATION_CONTEXT ( 3 ) GLOBAL_UNCERTAINTY_ASSIGNED_CONTEXT ( ( #2955 ) ) GLOBAL_UNIT_ASSIGNED_CONTEXT ( ( #2937, #2939, #2956 ) ) REPRESENTATION_CONTEXT ( 'NONE', 'WORKASPACE' ) );
#2961 = DIRECTION ( 'NONE',  ( 1.000000000000000000, 0.0000000000000000000, 0.0000000000000000000 ) ) ;
#2962 = CARTESIAN_POINT ( 'NONE',  ( 0.0000000000000000000, 0.0000000000000000000, 0.0000000000000000000 ) ) ;
#2963 =( GEOMETRIC_REPRESENTATION_CONTEXT ( 3 ) GLOBAL_UNCERTAINTY_ASSIGNED_CONTEXT ( ( #2965 ) ) GLOBAL_UNIT_ASSIGNED_CONTEXT ( ( #2964, #2967, #2970 ) ) REPRESENTATION_CONTEXT ( 'NONE', 'WORKASPACE' ) );
#2964 =( CONVERSION_BASED_UNIT ( 'INCH', #2927 ) LENGTH_UNIT ( ) NAMED_UNIT ( #2942 ) );
#2965 = UNCERTAINTY_MEASURE_WITH_UNIT (LENGTH_MEASURE( 1.000000000000000100E-005 ), #2964, 'distance_accuracy_value', 'NONE');
#2966 = DIRECTION ( 'NONE',  ( 1.000000000000000000, 0.0000000000000000000, 0.0000000000000000000 ) ) ;
#2967 =( NAMED_UNIT ( * ) PLANE_ANGLE_UNIT ( ) SI_UNIT ( $, .RADIAN. ) );
#2968 = DIRECTION ( 'NONE',  ( 0.0000000000000000000, 0.0000000000000000000, 1.000000000000000000 ) ) ;
#2969 = AXIS2_PLACEMENT_3D ( 'NONE', #2962, #2968, #2966 ) ;
#2970 =( NAMED_UNIT ( * ) SI_UNIT ( $, .STERADIAN. ) SOLID_ANGLE_UNIT ( ) );
ENDSEC;
END-ISO-10303-21;
