ISO-10303-21;
HEADER;
FILE_DESCRIPTION (( 'STEP AP214' ),
    '1' );
FILE_NAME ('hop dien 06.STEP',
    '2026-09-28T04:51:53',
    ( '' ),
    ( '' ),
    'SwSTEP 2.0',
    'SolidWorks 2022',
    '' );
FILE_SCHEMA (( 'AUTOMOTIVE_DESIGN' ));
ENDSEC;

DATA;
#1 = ADVANCED_FACE ( 'NONE', ( #626 ), #417, .T. ) ;
#2 = VERTEX_POINT ( 'NONE', #2895 ) ;
#3 = DIRECTION ( 'NONE',  ( -0.000000000000000000, -1.000000000000000000, -0.000000000000000000 ) ) ;
#4 = DIRECTION ( 'NONE',  ( 0.000000000000000000, 0.000000000000000000, 1.000000000000000000 ) ) ;
#5 = ADVANCED_FACE ( 'NONE', ( #433 ), #688, .F. ) ;
#6 = ORIENTED_EDGE ( 'NONE', *, *, #1676, .F. ) ;
#7 = CIRCLE ( 'NONE', #1264, 1.750000000000001554 ) ;
#8 = CIRCLE ( 'NONE', #60, 5.000000000000000000 ) ;
#9 = CARTESIAN_POINT ( 'NONE',  ( 181.8999999999999488, 15.00000000000000000, -181.9000000000000057 ) ) ;
#10 = CARTESIAN_POINT ( 'NONE',  ( 175.8999999999999488, 12.00000000000000000, -178.9000000000000057 ) ) ;
#11 = CIRCLE ( 'NONE', #59, 1.750000000000001554 ) ;
#12 = ORIENTED_EDGE ( 'NONE', *, *, #578, .T. ) ;
#13 = CIRCLE ( 'NONE', #1273, 5.000000000000000000 ) ;
#14 = VECTOR ( 'NONE', #2561, 1000.000000000000000 ) ;
#15 = DIRECTION ( 'NONE',  ( 0.000000000000000000, 0.7071067811865383579, 0.7071067811865567876 ) ) ;
#16 = DIRECTION ( 'NONE',  ( 0.000000000000000000, 0.7071067811865376918, 0.7071067811865574537 ) ) ;
#17 = CARTESIAN_POINT ( 'NONE',  ( 184.9000000000000057, -14.14213562373095279, -176.9000000000000057 ) ) ;
#18 = AXIS2_PLACEMENT_3D ( 'NONE', #980, #526, #1270 ) ;
#19 = VERTEX_POINT ( 'NONE', #895 ) ;
#20 = DIRECTION ( 'NONE',  ( 0.000000000000000000, 0.7071067811865703323, 0.7071067811865248132 ) ) ;
#21 = CARTESIAN_POINT ( 'NONE',  ( 6.900000000000012790, 15.00000000000000000, -8.650000000000009237 ) ) ;
#22 =( LENGTH_UNIT ( ) NAMED_UNIT ( * ) SI_UNIT ( .MILLI., .METRE. ) );
#23 = EDGE_CURVE ( 'NONE', #2662, #2207, #24, .T. ) ;
#24 = CIRCLE ( 'NONE', #1887, 1.750000000000001554 ) ;
#25 = DIRECTION ( 'NONE',  ( -0.000000000000000000, -1.000000000000000000, -0.000000000000000000 ) ) ;
#26 = ORIENTED_EDGE ( 'NONE', *, *, #971, .F. ) ;
#27 = CIRCLE ( 'NONE', #494, 1.000000000000000888 ) ;
#28 = ADVANCED_FACE ( 'NONE', ( #1960 ), #868, .T. ) ;
#29 = DIRECTION ( 'NONE',  ( 0.000000000000000000, 1.000000000000000000, 0.000000000000000000 ) ) ;
#30 = DIRECTION ( 'NONE',  ( 0.000000000000000000, 0.000000000000000000, 1.000000000000000000 ) ) ;
#31 = ORIENTED_EDGE ( 'NONE', *, *, #2385, .F. ) ;
#32 = LINE ( 'NONE', #2826, #2235 ) ;
#33 = DIRECTION ( 'NONE',  ( 0.000000000000000000, -0.000000000000000000, 1.000000000000000000 ) ) ;
#34 = LINE ( 'NONE', #634, #3150 ) ;
#35 = EDGE_LOOP ( 'NONE', ( #2908, #681, #1842, #1824 ) ) ;
#36 = LINE ( 'NONE', #2288, #1602 ) ;
#37 = CYLINDRICAL_SURFACE ( 'NONE', #1599, 2.000000000000000000 ) ;
#38 = ORIENTED_EDGE ( 'NONE', *, *, #2774, .T. ) ;
#39 = DIRECTION ( 'NONE',  ( 0.000000000000000000, 0.000000000000000000, 1.000000000000000000 ) ) ;
#40 = EDGE_CURVE ( 'NONE', #892, #1514, #2563, .T. ) ;
#41 = ORIENTED_EDGE ( 'NONE', *, *, #357, .F. ) ;
#42 = CARTESIAN_POINT ( 'NONE',  ( 181.8999999999999488, 9.999999999999998224, -6.900000000000011013 ) ) ;
#43 = DIRECTION ( 'NONE',  ( 1.000000000000000000, 0.000000000000000000, 0.000000000000000000 ) ) ;
#44 = EDGE_CURVE ( 'NONE', #1719, #612, #2183, .T. ) ;
#45 = VERTEX_POINT ( 'NONE', #1665 ) ;
#46 = DIRECTION ( 'NONE',  ( 0.000000000000000000, -1.000000000000000000, -0.000000000000000000 ) ) ;
#47 = DIRECTION ( 'NONE',  ( 1.000000000000000000, 0.000000000000000000, 0.000000000000000000 ) ) ;
#48 = EDGE_CURVE ( 'NONE', #2900, #3261, #1683, .T. ) ;
#49 = ORIENTED_EDGE ( 'NONE', *, *, #809, .T. ) ;
#50 = EDGE_LOOP ( 'NONE', ( #2326, #2943, #782, #694 ) ) ;
#51 = VERTEX_POINT ( 'NONE', #1904 ) ;
#52 = LINE ( 'NONE', #3088, #3041 ) ;
#53 = ORIENTED_EDGE ( 'NONE', *, *, #2218, .T. ) ;
#54 = CARTESIAN_POINT ( 'NONE',  ( 6.900000000000012790, 15.00000000000000000, -180.1500000000000057 ) ) ;
#55 = LINE ( 'NONE', #801, #2964 ) ;
#56 = VERTEX_POINT ( 'NONE', #2685 ) ;
#57 = EDGE_CURVE ( 'NONE', #1067, #1670, #673, .T. ) ;
#58 = CARTESIAN_POINT ( 'NONE',  ( 6.900000000000013678, 9.999999999999998224, -185.9000000000000057 ) ) ;
#59 = AXIS2_PLACEMENT_3D ( 'NONE', #1509, #2054, #1760 ) ;
#60 = AXIS2_PLACEMENT_3D ( 'NONE', #340, #1092, #2832 ) ;
#61 = PLANE ( 'NONE',  #2665 ) ;
#62 = ORIENTED_EDGE ( 'NONE', *, *, #295, .F. ) ;
#63 = VECTOR ( 'NONE', #1763, 1000.000000000000000 ) ;
#64 = VECTOR ( 'NONE', #126, 1000.000000000000000 ) ;
#65 = EDGE_CURVE ( 'NONE', #1261, #2100, #1695, .T. ) ;
#66 = ORIENTED_EDGE ( 'NONE', *, *, #140, .F. ) ;
#67 = CARTESIAN_POINT ( 'NONE',  ( 188.3000000000000114, 0.000000000000000000, -183.8000000000000114 ) ) ;
#68 = AXIS2_PLACEMENT_3D ( 'NONE', #356, #2071, #2653 ) ;
#69 = AXIS2_PLACEMENT_3D ( 'NONE', #2112, #2127, #3123 ) ;
#70 = DIRECTION ( 'NONE',  ( 0.000000000000000000, 0.000000000000000000, 1.000000000000000000 ) ) ;
#71 = CARTESIAN_POINT ( 'NONE',  ( 5.000000000000000000, 0.5000000000000281997, -188.8000000000000114 ) ) ;
#72 = LINE ( 'NONE', #1085, #1327 ) ;
#73 = VERTEX_POINT ( 'NONE', #1395 ) ;
#74 = CARTESIAN_POINT ( 'NONE',  ( 181.8999999999999488, 15.00000000000000000, -181.9000000000000057 ) ) ;
#75 = CARTESIAN_POINT ( 'NONE',  ( 186.8999999999999773, 15.00000000000000000, -1.900000000000008349 ) ) ;
#76 = ORIENTED_EDGE ( 'NONE', *, *, #2933, .F. ) ;
#77 = EDGE_CURVE ( 'NONE', #1607, #111, #394, .T. ) ;
#78 = LINE ( 'NONE', #350, #696 ) ;
#79 = ORIENTED_EDGE ( 'NONE', *, *, #1855, .F. ) ;
#80 = LINE ( 'NONE', #1886, #3016 ) ;
#81 = EDGE_CURVE ( 'NONE', #1467, #1344, #131, .T. ) ;
#82 = FACE_OUTER_BOUND ( 'NONE', #375, .T. ) ;
#83 = VERTEX_POINT ( 'NONE', #229 ) ;
#84 = CARTESIAN_POINT ( 'NONE',  ( 5.000000000000000000, 0.000000000000000000, -188.3000000000000114 ) ) ;
#85 = LINE ( 'NONE', #600, #1874 ) ;
#86 = CARTESIAN_POINT ( 'NONE',  ( 178.8999999999999488, 0.000000000000000000, -9.900000000000011013 ) ) ;
#87 = DIRECTION ( 'NONE',  ( 0.000000000000000000, 0.000000000000000000, -1.000000000000000000 ) ) ;
#88 = ORIENTED_EDGE ( 'NONE', *, *, #2939, .F. ) ;
#89 = CARTESIAN_POINT ( 'NONE',  ( 11.90000000000001279, 11.00000000000000000, -178.9000000000000057 ) ) ;
#90 = DIRECTION ( 'NONE',  ( 0.000000000000000000, 0.000000000000000000, -1.000000000000000000 ) ) ;
#91 = ORIENTED_EDGE ( 'NONE', *, *, #1012, .T. ) ;
#92 = DIRECTION ( 'NONE',  ( -1.000000000000000000, 0.000000000000000000, -0.000000000000000000 ) ) ;
#93 = EDGE_CURVE ( 'NONE', #1048, #2525, #2283, .T. ) ;
#94 = VERTEX_POINT ( 'NONE', #735 ) ;
#95 = CARTESIAN_POINT ( 'NONE',  ( 0.000000000000000000, 14.49999999999999822, -191.9000000000000057 ) ) ;
#96 = EDGE_CURVE ( 'NONE', #795, #2930, #546, .T. ) ;
#97 = DIRECTION ( 'NONE',  ( 0.000000000000000000, 1.000000000000000000, 0.000000000000000000 ) ) ;
#98 = DIRECTION ( 'NONE',  ( 0.000000000000000000, 0.000000000000000000, -1.000000000000000000 ) ) ;
#99 = EDGE_CURVE ( 'NONE', #1648, #1961, #2407, .T. ) ;
#100 = DIRECTION ( 'NONE',  ( 0.000000000000000000, 0.000000000000000000, 1.000000000000000000 ) ) ;
#101 = DIRECTION ( 'NONE',  ( 0.000000000000000000, 0.000000000000000000, 1.000000000000000000 ) ) ;
#102 = CARTESIAN_POINT ( 'NONE',  ( 1.899999999999980593, 2.999999999999999112, -191.9000000000000057 ) ) ;
#103 = ORIENTED_EDGE ( 'NONE', *, *, #2958, .T. ) ;
#104 = CARTESIAN_POINT ( 'NONE',  ( 11.90000000000001101, 0.000000000000000000, -184.9000000000000057 ) ) ;
#105 = CARTESIAN_POINT ( 'NONE',  ( 181.8999999999999488, 15.00000000000000000, -8.650000000000009237 ) ) ;
#106 = VECTOR ( 'NONE', #1749, 1000.000000000000000 ) ;
#107 = ORIENTED_EDGE ( 'NONE', *, *, #1810, .T. ) ;
#108 = CARTESIAN_POINT ( 'NONE',  ( 186.9000000000000057, 15.00000000000000000, -1.900000000000011458 ) ) ;
#109 = CIRCLE ( 'NONE', #1972, 1.000000000000000888 ) ;
#110 = CIRCLE ( 'NONE', #582, 4.000000000000001776 ) ;
#111 = VERTEX_POINT ( 'NONE', #1259 ) ;
#112 = CARTESIAN_POINT ( 'NONE',  ( 181.8999999999999488, 9.999999999999998224, -2.900000000000019007 ) ) ;
#113 = VECTOR ( 'NONE', #1365, 1000.000000000000000 ) ;
#114 = DIRECTION ( 'NONE',  ( -0.000000000000000000, 1.000000000000000000, -0.000000000000000000 ) ) ;
#115 = EDGE_LOOP ( 'NONE', ( #2343, #2504, #3121, #2226 ) ) ;
#116 = DIRECTION ( 'NONE',  ( 0.000000000000000000, 0.000000000000000000, 1.000000000000000000 ) ) ;
#117 = CIRCLE ( 'NONE', #2135, 2.000000000000001776 ) ;
#118 = AXIS2_PLACEMENT_3D ( 'NONE', #1745, #746, #2040 ) ;
#119 = ADVANCED_FACE ( 'NONE', ( #1211 ), #958, .F. ) ;
#120 = CARTESIAN_POINT ( 'NONE',  ( 6.900000000000012790, 15.00000000000000000, -2.399999999999952394 ) ) ;
#121 = AXIS2_PLACEMENT_3D ( 'NONE', #2567, #262, #1847 ) ;
#122 = CARTESIAN_POINT ( 'NONE',  ( 181.8999999999999488, 0.000000000000000000, -183.6500000000000057 ) ) ;
#123 = ORIENTED_EDGE ( 'NONE', *, *, #77, .T. ) ;
#124 = EDGE_CURVE ( 'NONE', #155, #486, #1469, .T. ) ;
#125 = VECTOR ( 'NONE', #457, 1000.000000000000000 ) ;
#126 = DIRECTION ( 'NONE',  ( -0.000000000000000000, -1.000000000000000000, 0.000000000000000000 ) ) ;
#127 = DIRECTION ( 'NONE',  ( -0.000000000000000000, 0.000000000000000000, 1.000000000000000000 ) ) ;
#128 = ORIENTED_EDGE ( 'NONE', *, *, #2247, .T. ) ;
#129 = CIRCLE ( 'NONE', #2934, 2.000000000000000000 ) ;
#130 = CARTESIAN_POINT ( 'NONE',  ( 184.9000000000000057, 12.00000000000000000, -174.9000000000000057 ) ) ;
#131 = LINE ( 'NONE', #145, #1284 ) ;
#132 = CARTESIAN_POINT ( 'NONE',  ( 6.900000000000012790, 14.49999999999995559, -6.900000000000011013 ) ) ;
#133 = DIRECTION ( 'NONE',  ( 0.000000000000000000, 0.000000000000000000, -1.000000000000000000 ) ) ;
#134 = FACE_OUTER_BOUND ( 'NONE', #2995, .T. ) ;
#135 = EDGE_CURVE ( 'NONE', #2819, #51, #1024, .T. ) ;
#136 = FACE_OUTER_BOUND ( 'NONE', #816, .T. ) ;
#137 = ORIENTED_EDGE ( 'NONE', *, *, #2593, .T. ) ;
#138 = DIRECTION ( 'NONE',  ( -0.000000000000000000, 1.000000000000000000, -0.000000000000000000 ) ) ;
#139 = DIRECTION ( 'NONE',  ( -0.000000000000000000, 1.000000000000000000, -0.000000000000000000 ) ) ;
#140 = EDGE_CURVE ( 'NONE', #1570, #826, #2880, .T. ) ;
#141 = ORIENTED_EDGE ( 'NONE', *, *, #1418, .T. ) ;
#142 = UNCERTAINTY_MEASURE_WITH_UNIT (LENGTH_MEASURE( 1.000000000000000082E-05 ), #22, 'distance_accuracy_value', 'NONE');
#143 = CARTESIAN_POINT ( 'NONE',  ( 0.000000000000000000, 15.00000000000000000, 0.000000000000000000 ) ) ;
#144 = ADVANCED_FACE ( 'NONE', ( #1780 ), #1995, .F. ) ;
#145 = CARTESIAN_POINT ( 'NONE',  ( 0.5000000000000004441, 0.000000000000000000, -5.000000000000000000 ) ) ;
#146 = ORIENTED_EDGE ( 'NONE', *, *, #1790, .F. ) ;
#147 = CARTESIAN_POINT ( 'NONE',  ( 181.8999999999999488, 15.00000000000000000, -6.900000000000011013 ) ) ;
#148 = CARTESIAN_POINT ( 'NONE',  ( 181.8999999999999488, 0.000000000000000000, -5.150000000000011902 ) ) ;
#149 = DIRECTION ( 'NONE',  ( -0.000000000000000000, 1.000000000000000000, -0.000000000000000000 ) ) ;
#150 = VERTEX_POINT ( 'NONE', #759 ) ;
#151 = CARTESIAN_POINT ( 'NONE',  ( 5.000000000000000000, 15.00000000000000000, -188.8000000000000114 ) ) ;
#152 = ORIENTED_EDGE ( 'NONE', *, *, #931, .F. ) ;
#153 = EDGE_CURVE ( 'NONE', #2427, #763, #2009, .T. ) ;
#154 = ORIENTED_EDGE ( 'NONE', *, *, #23, .F. ) ;
#155 = VERTEX_POINT ( 'NONE', #198 ) ;
#156 = EDGE_CURVE ( 'NONE', #184, #573, #27, .T. ) ;
#157 = CONICAL_SURFACE ( 'NONE', #2333, 4.500000000000003553, 0.7853981633974206344 ) ;
#158 = CIRCLE ( 'NONE', #2864, 1.000000000000000888 ) ;
#159 = FACE_OUTER_BOUND ( 'NONE', #2110, .T. ) ;
#160 = ORIENTED_EDGE ( 'NONE', *, *, #1311, .T. ) ;
#161 = PLANE ( 'NONE',  #2746 ) ;
#162 = VECTOR ( 'NONE', #2102, 1000.000000000000000 ) ;
#163 = AXIS2_PLACEMENT_3D ( 'NONE', #1110, #1382, #616 ) ;
#164 = TOROIDAL_SURFACE ( 'NONE', #1664, 3.000000000000000000, 1.000000000000000000 ) ;
#165 = PLANE ( 'NONE',  #1453 ) ;
#166 = ORIENTED_EDGE ( 'NONE', *, *, #1005, .F. ) ;
#167 = VECTOR ( 'NONE', #1860, 1000.000000000000000 ) ;
#168 = CARTESIAN_POINT ( 'NONE',  ( 6.900000000000012790, 9.999999999999998224, -177.9000000000000057 ) ) ;
#169 = FACE_OUTER_BOUND ( 'NONE', #1193, .T. ) ;
#170 = AXIS2_PLACEMENT_3D ( 'NONE', #1434, #2726, #2005 ) ;
#171 = VERTEX_POINT ( 'NONE', #1002 ) ;
#172 = ORIENTED_EDGE ( 'NONE', *, *, #2355, .F. ) ;
#173 = ORIENTED_EDGE ( 'NONE', *, *, #1590, .T. ) ;
#174 = EDGE_CURVE ( 'NONE', #1938, #1615, #1083, .T. ) ;
#175 = CIRCLE ( 'NONE', #2250, 2.000000000000001776 ) ;
#176 = DIRECTION ( 'NONE',  ( -0.000000000000000000, 0.000000000000000000, 1.000000000000000000 ) ) ;
#177 = ADVANCED_FACE ( 'NONE', ( #3218 ), #3251, .F. ) ;
#178 = VERTEX_POINT ( 'NONE', #2051 ) ;
#179 = FACE_OUTER_BOUND ( 'NONE', #2477, .T. ) ;
#180 = CARTESIAN_POINT ( 'NONE',  ( 175.8999999999999488, 12.00000000000000000, -178.9000000000000057 ) ) ;
#181 = EDGE_LOOP ( 'NONE', ( #137, #1690, #2922, #2074, #1979, #1458, #2151, #1358, #2317, #732, #1445, #1955, #1618, #2626, #2434, #2397, #991, #2716, #38, #1951, #2330, #729, #461, #1877 ) ) ;
#182 = CARTESIAN_POINT ( 'NONE',  ( 188.8000000000000114, 0.5000000000000281997, -5.000000000000000000 ) ) ;
#183 = CARTESIAN_POINT ( 'NONE',  ( 0.000000000000000000, 0.5000000000000281997, 0.000000000000000000 ) ) ;
#184 = VERTEX_POINT ( 'NONE', #263 ) ;
#185 = DIRECTION ( 'NONE',  ( 0.000000000000000000, 0.000000000000000000, -1.000000000000000000 ) ) ;
#186 = CARTESIAN_POINT ( 'NONE',  ( 11.90000000000001101, -14.14213562373095279, -184.9000000000000057 ) ) ;
#187 = DIRECTION ( 'NONE',  ( 0.000000000000000000, -1.000000000000000000, 0.000000000000000000 ) ) ;
#188 = ORIENTED_EDGE ( 'NONE', *, *, #1668, .T. ) ;
#189 = CARTESIAN_POINT ( 'NONE',  ( 181.8999999999999488, 9.999999999999998224, -6.900000000000011013 ) ) ;
#190 = EDGE_CURVE ( 'NONE', #2608, #2697, #973, .T. ) ;
#191 = CARTESIAN_POINT ( 'NONE',  ( 13.90000000000001101, 0.000000000000000000, -1.900000000000011458 ) ) ;
#192 = ORIENTED_EDGE ( 'NONE', *, *, #1771, .T. ) ;
#193 = EDGE_CURVE ( 'NONE', #1333, #2129, #2741, .T. ) ;
#194 = LINE ( 'NONE', #2737, #3225 ) ;
#195 = DIRECTION ( 'NONE',  ( -0.000000000000000000, -1.000000000000000000, -0.000000000000000000 ) ) ;
#196 = ORIENTED_EDGE ( 'NONE', *, *, #2063, .T. ) ;
#197 = CARTESIAN_POINT ( 'NONE',  ( 12.90000000000004299, 11.00000000000000000, -5.000000000000001776 ) ) ;
#198 = CARTESIAN_POINT ( 'NONE',  ( 12.90000000000001279, 12.00000000000000000, -3.900000000000011902 ) ) ;
#199 = EDGE_LOOP ( 'NONE', ( #543, #2538, #1775, #2905 ) ) ;
#200 = DIRECTION ( 'NONE',  ( 0.000000000000000000, 0.000000000000000000, -1.000000000000000000 ) ) ;
#201 = ORIENTED_EDGE ( 'NONE', *, *, #912, .F. ) ;
#202 = AXIS2_PLACEMENT_3D ( 'NONE', #86, #2342, #1652 ) ;
#203 = CARTESIAN_POINT ( 'NONE',  ( 1.899999999999980593, 15.00000000000000000, 2.599999999999963229 ) ) ;
#204 = DIRECTION ( 'NONE',  ( 0.000000000000000000, 1.000000000000000000, 0.000000000000000000 ) ) ;
#205 = DIRECTION ( 'NONE',  ( 0.000000000000000000, -1.000000000000000000, 0.000000000000000000 ) ) ;
#206 = EDGE_CURVE ( 'NONE', #305, #368, #721, .T. ) ;
#207 = TOROIDAL_SURFACE ( 'NONE', #2391, 1.000000000000000000, 1.000000000000000000 ) ;
#208 = ORIENTED_EDGE ( 'NONE', *, *, #1243, .F. ) ;
#209 = CARTESIAN_POINT ( 'NONE',  ( 174.8999999999999488, 0.000000000000000000, -1.900000000000011458 ) ) ;
#210 = CIRCLE ( 'NONE', #1978, 2.000000000000000000 ) ;
#211 = CARTESIAN_POINT ( 'NONE',  ( 9.900000000000012790, 12.00000000000000000, -12.90000000000001279 ) ) ;
#212 = ADVANCED_FACE ( 'NONE', ( #1230 ), #2254, .F. ) ;
#213 = ORIENTED_EDGE ( 'NONE', *, *, #1134, .T. ) ;
#214 = DIRECTION ( 'NONE',  ( -1.000000000000000000, 0.000000000000000000, 0.000000000000000000 ) ) ;
#215 = CARTESIAN_POINT ( 'NONE',  ( 9.900000000000012790, 11.00000000000000000, -11.90000000000001101 ) ) ;
#216 = VERTEX_POINT ( 'NONE', #3157 ) ;
#217 = DIRECTION ( 'NONE',  ( 1.000000000000000000, 0.000000000000000000, 0.000000000000000000 ) ) ;
#218 = VERTEX_POINT ( 'NONE', #3120 ) ;
#219 = CARTESIAN_POINT ( 'NONE',  ( 191.3999999999999488, 15.00000000000000000, -186.9000000000000057 ) ) ;
#220 = DIRECTION ( 'NONE',  ( 0.000000000000000000, -0.000000000000000000, 1.000000000000000000 ) ) ;
#221 = DIRECTION ( 'NONE',  ( -0.000000000000000000, -1.000000000000000000, -0.000000000000000000 ) ) ;
#222 = EDGE_LOOP ( 'NONE', ( #49, #1681 ) ) ;
#223 = LINE ( 'NONE', #2488, #1932 ) ;
#224 = DIRECTION ( 'NONE',  ( 0.000000000000000000, -1.000000000000000000, 0.000000000000000000 ) ) ;
#225 = ORIENTED_EDGE ( 'NONE', *, *, #2552, .F. ) ;
#226 = EDGE_CURVE ( 'NONE', #797, #1490, #1895, .T. ) ;
#227 = DIRECTION ( 'NONE',  ( 0.000000000000000000, 0.000000000000000000, 1.000000000000000000 ) ) ;
#228 = DIRECTION ( 'NONE',  ( 0.000000000000000000, 0.000000000000000000, -1.000000000000000000 ) ) ;
#229 = CARTESIAN_POINT ( 'NONE',  ( 174.8999999999999488, 11.00000000000000000, -1.900000000000011458 ) ) ;
#230 = ORIENTED_EDGE ( 'NONE', *, *, #57, .T. ) ;
#231 = EDGE_CURVE ( 'NONE', #674, #2376, #34, .T. ) ;
#232 = DIRECTION ( 'NONE',  ( -1.000000000000000000, 0.000000000000000000, 0.000000000000000000 ) ) ;
#233 = VERTEX_POINT ( 'NONE', #2904 ) ;
#234 = CARTESIAN_POINT ( 'NONE',  ( 176.8999999999999488, 0.000000000000000000, -3.900000000000011902 ) ) ;
#235 = LINE ( 'NONE', #2057, #1878 ) ;
#236 = CARTESIAN_POINT ( 'NONE',  ( 183.8000000000000114, 0.5000000000000281997, -188.8000000000000114 ) ) ;
#237 = ORIENTED_EDGE ( 'NONE', *, *, #3101, .T. ) ;
#238 = DIRECTION ( 'NONE',  ( 0.000000000000000000, 1.000000000000000000, 0.000000000000000000 ) ) ;
#239 = DIRECTION ( 'NONE',  ( -0.000000000000000000, 1.000000000000000000, -0.000000000000000000 ) ) ;
#240 = ORIENTED_EDGE ( 'NONE', *, *, #3234, .F. ) ;
#241 = DIRECTION ( 'NONE',  ( 1.000000000000000000, 0.000000000000000000, 0.000000000000000000 ) ) ;
#242 = LINE ( 'NONE', #1258, #758 ) ;
#243 = DIRECTION ( 'NONE',  ( 1.000000000000000000, 0.000000000000000000, 0.000000000000000000 ) ) ;
#244 = VERTEX_POINT ( 'NONE', #362 ) ;
#245 = ADVANCED_FACE ( 'NONE', ( #1367 ), #1562, .F. ) ;
#246 = DIRECTION ( 'NONE',  ( 0.000000000000000000, 0.000000000000000000, 1.000000000000000000 ) ) ;
#247 = ORIENTED_EDGE ( 'NONE', *, *, #1091, .F. ) ;
#248 = DIRECTION ( 'NONE',  ( 0.000000000000000000, 0.000000000000000000, 1.000000000000000000 ) ) ;
#249 = EDGE_CURVE ( 'NONE', #955, #1343, #175, .T. ) ;
#250 = DIRECTION ( 'NONE',  ( -0.000000000000000000, -1.000000000000000000, 0.000000000000000000 ) ) ;
#251 = DIRECTION ( 'NONE',  ( 0.000000000000000000, 0.000000000000000000, 1.000000000000000000 ) ) ;
#252 = ORIENTED_EDGE ( 'NONE', *, *, #1668, .F. ) ;
#253 = CIRCLE ( 'NONE', #1109, 4.500000000000059508 ) ;
#254 = AXIS2_PLACEMENT_3D ( 'NONE', #2798, #1542, #2553 ) ;
#255 = FACE_OUTER_BOUND ( 'NONE', #2748, .T. ) ;
#256 = FACE_OUTER_BOUND ( 'NONE', #534, .T. ) ;
#257 = AXIS2_PLACEMENT_3D ( 'NONE', #329, #384, #308 ) ;
#258 = AXIS2_PLACEMENT_3D ( 'NONE', #2192, #1433, #3192 ) ;
#259 = ORIENTED_EDGE ( 'NONE', *, *, #2398, .F. ) ;
#260 = MECHANICAL_DESIGN_GEOMETRIC_PRESENTATION_REPRESENTATION (  '', ( #3133 ), #748 ) ;
#261 = CARTESIAN_POINT ( 'NONE',  ( 13.90000000000001101, 12.00000000000000000, -185.9000000000000057 ) ) ;
#262 = DIRECTION ( 'NONE',  ( 0.000000000000000000, 1.000000000000000000, 0.000000000000000000 ) ) ;
#263 = CARTESIAN_POINT ( 'NONE',  ( 176.8999999999999488, 11.00000000000000000, -184.9000000000000057 ) ) ;
#264 = AXIS2_PLACEMENT_3D ( 'NONE', #2171, #1975, #883 ) ;
#265 = ORIENTED_EDGE ( 'NONE', *, *, #2344, .T. ) ;
#266 = CIRCLE ( 'NONE', #2558, 5.000000000000004441 ) ;
#267 = ADVANCED_FACE ( 'NONE', ( #602 ), #1405, .F. ) ;
#268 = DIRECTION ( 'NONE',  ( 0.000000000000000000, 0.000000000000000000, -1.000000000000000000 ) ) ;
#269 = DIRECTION ( 'NONE',  ( 1.000000000000000000, -0.000000000000000000, 0.000000000000000000 ) ) ;
#270 = ADVANCED_FACE ( 'NONE', ( #136 ), #330, .F. ) ;
#271 = DIRECTION ( 'NONE',  ( -0.000000000000000000, 1.000000000000000000, -0.000000000000000000 ) ) ;
#272 = LINE ( 'NONE', #2017, #1925 ) ;
#273 = EDGE_LOOP ( 'NONE', ( #996, #103, #926, #1454 ) ) ;
#274 = DIRECTION ( 'NONE',  ( -1.734723475976807094E-16, -0.000000000000000000, -1.000000000000000000 ) ) ;
#275 = ORIENTED_EDGE ( 'NONE', *, *, #193, .F. ) ;
#276 = VECTOR ( 'NONE', #1733, 1000.000000000000000 ) ;
#277 = EDGE_CURVE ( 'NONE', #73, #1333, #2409, .T. ) ;
#278 = CARTESIAN_POINT ( 'NONE',  ( 0.5000000000000004441, 0.000000000000000000, -183.8000000000000114 ) ) ;
#279 = AXIS2_PLACEMENT_3D ( 'NONE', #1601, #2869, #867 ) ;
#280 = VERTEX_POINT ( 'NONE', #2414 ) ;
#281 = CARTESIAN_POINT ( 'NONE',  ( 181.8999999999999488, 15.00000000000000000, -177.3999999999999488 ) ) ;
#282 = CARTESIAN_POINT ( 'NONE',  ( 186.8999999999999488, 0.000000000000000000, -11.90000000000001101 ) ) ;
#283 = DIRECTION ( 'NONE',  ( 0.000000000000000000, 0.000000000000000000, 1.000000000000000000 ) ) ;
#284 = ORIENTED_EDGE ( 'NONE', *, *, #3230, .T. ) ;
#285 = ORIENTED_EDGE ( 'NONE', *, *, #2169, .F. ) ;
#286 = ORIENTED_EDGE ( 'NONE', *, *, #3043, .T. ) ;
#287 = DIRECTION ( 'NONE',  ( 0.000000000000000000, 0.000000000000000000, 1.000000000000000000 ) ) ;
#288 = FACE_OUTER_BOUND ( 'NONE', #1247, .T. ) ;
#289 = FACE_OUTER_BOUND ( 'NONE', #1518, .T. ) ;
#290 = ORIENTED_EDGE ( 'NONE', *, *, #2621, .T. ) ;
#291 = ADVANCED_FACE ( 'NONE', ( #2811 ), #2921, .F. ) ;
#292 = CARTESIAN_POINT ( 'NONE',  ( 1.900000000000011458, 11.00000000000000000, -186.9000000000000057 ) ) ;
#293 = DIRECTION ( 'NONE',  ( 0.000000000000000000, -1.000000000000000000, 0.000000000000000000 ) ) ;
#294 = ORIENTED_EDGE ( 'NONE', *, *, #3056, .T. ) ;
#295 = EDGE_CURVE ( 'NONE', #233, #3125, #3141, .T. ) ;
#296 = CARTESIAN_POINT ( 'NONE',  ( 6.900000000000012790, 15.00000000000000000, -181.9000000000000057 ) ) ;
#297 = CYLINDRICAL_SURFACE ( 'NONE', #864, 4.000000000000001776 ) ;
#298 = VERTEX_POINT ( 'NONE', #122 ) ;
#299 = ORIENTED_EDGE ( 'NONE', *, *, #466, .F. ) ;
#300 = DIRECTION ( 'NONE',  ( 1.000000000000000000, 0.000000000000000000, 0.000000000000000000 ) ) ;
#301 = APPLICATION_PROTOCOL_DEFINITION ( 'draft international standard', 'automotive_design', 1998, #2203 ) ;
#302 = DIRECTION ( 'NONE',  ( 0.000000000000000000, 0.000000000000000000, 1.000000000000000000 ) ) ;
#303 = CARTESIAN_POINT ( 'NONE',  ( 186.8999999999999488, -14.14213562373095279, -176.9000000000000057 ) ) ;
#304 = FACE_OUTER_BOUND ( 'NONE', #391, .T. ) ;
#305 = VERTEX_POINT ( 'NONE', #1911 ) ;
#306 = AXIS2_PLACEMENT_3D ( 'NONE', #947, #2965, #695 ) ;
#307 = DIRECTION ( 'NONE',  ( -0.000000000000000000, -1.000000000000000000, -0.000000000000000000 ) ) ;
#308 = DIRECTION ( 'NONE',  ( 0.000000000000000000, 0.000000000000000000, 1.000000000000000000 ) ) ;
#309 = EDGE_CURVE ( 'NONE', #2533, #2239, #2619, .T. ) ;
#310 = AXIS2_PLACEMENT_3D ( 'NONE', #613, #322, #1375 ) ;
#311 = EDGE_LOOP ( 'NONE', ( #1716, #1680, #1183, #1275 ) ) ;
#312 = CARTESIAN_POINT ( 'NONE',  ( 13.90000000000001101, 12.00000000000000000, -3.900000000000011458 ) ) ;
#313 = CIRCLE ( 'NONE', #690, 4.500000000000003553 ) ;
#314 = CONICAL_SURFACE ( 'NONE', #3186, 4.499999999999976019, 0.7853981633974760346 ) ;
#315 = FACE_OUTER_BOUND ( 'NONE', #589, .T. ) ;
#316 = EDGE_CURVE ( 'NONE', #3109, #797, #1673, .T. ) ;
#317 = ORIENTED_EDGE ( 'NONE', *, *, #1116, .T. ) ;
#318 = AXIS2_PLACEMENT_3D ( 'NONE', #1849, #319, #1340 ) ;
#319 = DIRECTION ( 'NONE',  ( 0.000000000000000000, 1.000000000000000000, 0.000000000000000000 ) ) ;
#320 = AXIS2_PLACEMENT_3D ( 'NONE', #409, #441, #3187 ) ;
#321 = ORIENTED_EDGE ( 'NONE', *, *, #3184, .T. ) ;
#322 = DIRECTION ( 'NONE',  ( 0.000000000000000000, 1.000000000000000000, 0.000000000000000000 ) ) ;
#323 = VECTOR ( 'NONE', #2459, 1000.000000000000000 ) ;
#324 = CARTESIAN_POINT ( 'NONE',  ( 6.900000000000012790, 15.00000000000000000, -181.9000000000000057 ) ) ;
#325 = VERTEX_POINT ( 'NONE', #2375 ) ;
#326 = AXIS2_PLACEMENT_3D ( 'NONE', #972, #2493, #1228 ) ;
#327 = CARTESIAN_POINT ( 'NONE',  ( 3.900000000000011458, 12.00000000000000000, -12.90000000000001279 ) ) ;
#328 = LINE ( 'NONE', #2323, #2606 ) ;
#329 = CARTESIAN_POINT ( 'NONE',  ( 178.8999999999999488, -14.14213562373095279, -9.900000000000011013 ) ) ;
#330 = TOROIDAL_SURFACE ( 'NONE', #1232, 1.000000000000000000, 1.000000000000000000 ) ;
#331 = VERTEX_POINT ( 'NONE', #102 ) ;
#332 = EDGE_CURVE ( 'NONE', #415, #1863, #129, .T. ) ;
#333 = CYLINDRICAL_SURFACE ( 'NONE', #1269, 5.000000000000004441 ) ;
#334 = LINE ( 'NONE', #608, #167 ) ;
#335 = ORIENTED_EDGE ( 'NONE', *, *, #2531, .F. ) ;
#336 = ORIENTED_EDGE ( 'NONE', *, *, #2933, .T. ) ;
#337 = EDGE_CURVE ( 'NONE', #1961, #244, #2144, .T. ) ;
#338 = DIRECTION ( 'NONE',  ( 0.000000000000000000, 0.000000000000000000, -1.000000000000000000 ) ) ;
#339 = ORIENTED_EDGE ( 'NONE', *, *, #3098, .F. ) ;
#340 = CARTESIAN_POINT ( 'NONE',  ( 1.899999999999980593, 14.49999999999999822, -1.900000000000008349 ) ) ;
#341 = ADVANCED_FACE ( 'NONE', ( #1688 ), #3224, .F. ) ;
#342 = EDGE_LOOP ( 'NONE', ( #405, #1987, #2348, #1538 ) ) ;
#343 = LINE ( 'NONE', #3116, #1651 ) ;
#344 = DIRECTION ( 'NONE',  ( 0.000000000000000000, 0.000000000000000000, 1.000000000000000000 ) ) ;
#345 = CARTESIAN_POINT ( 'NONE',  ( 6.900000000000012790, 9.999999999999998224, -181.9000000000000057 ) ) ;
#346 = ORIENTED_EDGE ( 'NONE', *, *, #2169, .T. ) ;
#347 = DIRECTION ( 'NONE',  ( -0.000000000000000000, -1.000000000000000000, 0.000000000000000000 ) ) ;
#348 = CARTESIAN_POINT ( 'NONE',  ( 174.8999999999999488, 15.00000000000000000, -1.900000000000011458 ) ) ;
#349 = ORIENTED_EDGE ( 'NONE', *, *, #2101, .F. ) ;
#350 = CARTESIAN_POINT ( 'NONE',  ( -3.100000000000019185, 2.999999999999999112, -186.9000000000000057 ) ) ;
#351 = ORIENTED_EDGE ( 'NONE', *, *, #401, .F. ) ;
#352 = ADVANCED_FACE ( 'NONE', ( #1718 ), #964, .F. ) ;
#353 = DIRECTION ( 'NONE',  ( -0.000000000000000000, 1.000000000000000000, -0.000000000000000000 ) ) ;
#354 = ORIENTED_EDGE ( 'NONE', *, *, #40, .F. ) ;
#355 = PRODUCT_CONTEXT ( 'NONE', #2203, 'mechanical' ) ;
#356 = CARTESIAN_POINT ( 'NONE',  ( 6.900000000000012790, 9.999999999999998224, -6.900000000000011013 ) ) ;
#357 = EDGE_CURVE ( 'NONE', #1196, #3238, #1944, .T. ) ;
#358 = VERTEX_POINT ( 'NONE', #400 ) ;
#359 = DIRECTION ( 'NONE',  ( 0.7071067811865279218, 0.7071067811865672237, -0.000000000000000000 ) ) ;
#360 = CARTESIAN_POINT ( 'NONE',  ( 9.900000000000012790, 11.00000000000000000, -178.9000000000000057 ) ) ;
#361 = DIRECTION ( 'NONE',  ( 0.000000000000000000, 1.000000000000000000, 0.000000000000000000 ) ) ;
#362 = CARTESIAN_POINT ( 'NONE',  ( -3.100000000000019185, 14.49999999999999822, -186.9000000000000057 ) ) ;
#363 = ORIENTED_EDGE ( 'NONE', *, *, #440, .F. ) ;
#364 = DIRECTION ( 'NONE',  ( 0.000000000000000000, 0.000000000000000000, 1.000000000000000000 ) ) ;
#365 = DIRECTION ( 'NONE',  ( 1.000000000000000000, 0.000000000000000000, 0.000000000000000000 ) ) ;
#366 = AXIS2_PLACEMENT_3D ( 'NONE', #345, #361, #1148 ) ;
#367 = VECTOR ( 'NONE', #1176, 1000.000000000000000 ) ;
#368 = VERTEX_POINT ( 'NONE', #949 ) ;
#369 = DIRECTION ( 'NONE',  ( -0.000000000000000000, -1.000000000000000000, -0.000000000000000000 ) ) ;
#370 = VECTOR ( 'NONE', #2672, 1000.000000000000000 ) ;
#371 = AXIS2_PLACEMENT_3D ( 'NONE', #1510, #509, #3256 ) ;
#372 = DIRECTION ( 'NONE',  ( 0.000000000000000000, 0.000000000000000000, 1.000000000000000000 ) ) ;
#373 = AXIS2_PLACEMENT_3D ( 'NONE', #3110, #1140, #2881 ) ;
#374 = AXIS2_PLACEMENT_3D ( 'NONE', #1466, #1205, #413 ) ;
#375 = EDGE_LOOP ( 'NONE', ( #2546, #2366, #1203, #785 ) ) ;
#376 = ADVANCED_FACE ( 'NONE', ( #2473 ), #165, .F. ) ;
#377 = TOROIDAL_SURFACE ( 'NONE', #804, 1.000000000000000000, 1.000000000000000000 ) ;
#378 = CIRCLE ( 'NONE', #1765, 2.000000000000001776 ) ;
#379 = ORIENTED_EDGE ( 'NONE', *, *, #2531, .T. ) ;
#380 = CYLINDRICAL_SURFACE ( 'NONE', #1923, 2.000000000000001776 ) ;
#381 = AXIS2_PLACEMENT_3D ( 'NONE', #2536, #1798, #220 ) ;
#382 = ADVANCED_FACE ( 'NONE', ( #1464 ), #1406, .F. ) ;
#383 = AXIS2_PLACEMENT_3D ( 'NONE', #2758, #1194, #2728 ) ;
#384 = DIRECTION ( 'NONE',  ( 0.000000000000000000, 1.000000000000000000, 0.000000000000000000 ) ) ;
#385 = DIRECTION ( 'NONE',  ( 0.000000000000000000, 0.000000000000000000, -1.000000000000000000 ) ) ;
#386 = VERTEX_POINT ( 'NONE', #191 ) ;
#387 = AXIS2_PLACEMENT_3D ( 'NONE', #2988, #3193, #3247 ) ;
#388 = ADVANCED_FACE ( 'NONE', ( #1419 ), #2460, .F. ) ;
#389 = FACE_OUTER_BOUND ( 'NONE', #739, .T. ) ;
#390 = PLANE ( 'NONE',  #540 ) ;
#391 = EDGE_LOOP ( 'NONE', ( #1057, #2479, #418, #770 ) ) ;
#392 = AXIS2_PLACEMENT_3D ( 'NONE', #2162, #851, #1384 ) ;
#393 = CARTESIAN_POINT ( 'NONE',  ( 5.000000000000000000, 15.00000000000000000, -5.000000000000000000 ) ) ;
#394 = LINE ( 'NONE', #2422, #1988 ) ;
#395 = VERTEX_POINT ( 'NONE', #716 ) ;
#396 = DIRECTION ( 'NONE',  ( 8.659560562355054885E-17, 0.7071067811865376918, -0.7071067811865574537 ) ) ;
#397 = VERTEX_POINT ( 'NONE', #3189 ) ;
#398 = LINE ( 'NONE', #426, #323 ) ;
#399 = DIRECTION ( 'NONE',  ( -1.000000000000000000, 0.000000000000000000, 0.000000000000000000 ) ) ;
#400 = CARTESIAN_POINT ( 'NONE',  ( 184.9000000000000057, 0.000000000000000000, -11.90000000000001101 ) ) ;
#401 = EDGE_CURVE ( 'NONE', #2131, #2927, #410, .T. ) ;
#402 = VERTEX_POINT ( 'NONE', #454 ) ;
#403 = FACE_BOUND ( 'NONE', #498, .T. ) ;
#404 = ADVANCED_FACE ( 'NONE', ( #937 ), #3203, .F. ) ;
#405 = ORIENTED_EDGE ( 'NONE', *, *, #2689, .T. ) ;
#406 = FACE_OUTER_BOUND ( 'NONE', #1308, .T. ) ;
#407 = ORIENTED_EDGE ( 'NONE', *, *, #3056, .F. ) ;
#408 = CARTESIAN_POINT ( 'NONE',  ( 191.8999999999999773, 2.999999999999999112, 0.000000000000000000 ) ) ;
#409 = CARTESIAN_POINT ( 'NONE',  ( 9.900000000000012790, -14.14213562373095279, -178.9000000000000057 ) ) ;
#410 = LINE ( 'NONE', #666, #1617 ) ;
#411 = ORIENTED_EDGE ( 'NONE', *, *, #3173, .T. ) ;
#412 = EDGE_CURVE ( 'NONE', #2927, #2246, #1286, .T. ) ;
#413 = DIRECTION ( 'NONE',  ( 0.000000000000000000, -0.000000000000000000, -1.000000000000000000 ) ) ;
#414 = PLANE ( 'NONE',  #1079 ) ;
#415 = VERTEX_POINT ( 'NONE', #1431 ) ;
#416 = EDGE_CURVE ( 'NONE', #2131, #1279, #2156, .T. ) ;
#417 = CYLINDRICAL_SURFACE ( 'NONE', #2932, 5.000000000000004441 ) ;
#418 = ORIENTED_EDGE ( 'NONE', *, *, #1426, .F. ) ;
#419 = CIRCLE ( 'NONE', #3076, 0.9999999999999991118 ) ;
#420 = CIRCLE ( 'NONE', #1485, 1.000000000000000000 ) ;
#421 = VECTOR ( 'NONE', #1162, 1000.000000000000000 ) ;
#422 = DIRECTION ( 'NONE',  ( 0.000000000000000000, 0.000000000000000000, 1.000000000000000000 ) ) ;
#423 = VERTEX_POINT ( 'NONE', #180 ) ;
#424 = AXIS2_PLACEMENT_3D ( 'NONE', #2620, #338, #92 ) ;
#425 = CIRCLE ( 'NONE', #644, 2.000000000000000000 ) ;
#426 = CARTESIAN_POINT ( 'NONE',  ( 1.900000000000011458, 11.00000000000000000, -1.900000000000011458 ) ) ;
#427 = CIRCLE ( 'NONE', #2290, 5.000000000000000000 ) ;
#428 = DIRECTION ( 'NONE',  ( 0.000000000000000000, 1.000000000000000000, 0.000000000000000000 ) ) ;
#429 = ORIENTED_EDGE ( 'NONE', *, *, #2572, .T. ) ;
#430 = AXIS2_PLACEMENT_3D ( 'NONE', #2856, #139, #1914 ) ;
#431 = FACE_BOUND ( 'NONE', #3091, .T. ) ;
#432 = AXIS2_PLACEMENT_3D ( 'NONE', #2249, #1452, #1479 ) ;
#433 = FACE_OUTER_BOUND ( 'NONE', #3182, .T. ) ;
#434 = EDGE_LOOP ( 'NONE', ( #2311, #2364, #1853, #1967 ) ) ;
#435 = ADVANCED_FACE ( 'NONE', ( #3243 ), #981, .F. ) ;
#436 = VECTOR ( 'NONE', #2768, 1000.000000000000000 ) ;
#437 = DIRECTION ( 'NONE',  ( 0.000000000000000000, -0.000000000000000000, 1.000000000000000000 ) ) ;
#438 = VERTEX_POINT ( 'NONE', #1159 ) ;
#439 = FACE_OUTER_BOUND ( 'NONE', #1374, .T. ) ;
#440 = EDGE_CURVE ( 'NONE', #83, #1135, #1347, .T. ) ;
#441 = DIRECTION ( 'NONE',  ( 0.000000000000000000, 1.000000000000000000, 0.000000000000000000 ) ) ;
#442 = DIRECTION ( 'NONE',  ( -1.000000000000000000, -0.000000000000000000, 1.734723475976807094E-16 ) ) ;
#443 = EDGE_LOOP ( 'NONE', ( #2463, #1062, #2882, #2431 ) ) ;
#444 = DIRECTION ( 'NONE',  ( 0.000000000000000000, 0.000000000000000000, -1.000000000000000000 ) ) ;
#445 = DIRECTION ( 'NONE',  ( 0.000000000000000000, 0.000000000000000000, 1.000000000000000000 ) ) ;
#446 = ORIENTED_EDGE ( 'NONE', *, *, #1408, .F. ) ;
#447 = CARTESIAN_POINT ( 'NONE',  ( 186.8999999999999488, 0.000000000000000000, -176.9000000000000057 ) ) ;
#448 = CARTESIAN_POINT ( 'NONE',  ( 0.000000000000000000, 14.49999999999999822, -191.9000000000000057 ) ) ;
#449 = ORIENTED_EDGE ( 'NONE', *, *, #2939, .T. ) ;
#450 = EDGE_CURVE ( 'NONE', #2557, #1407, #1889, .T. ) ;
#451 = CARTESIAN_POINT ( 'NONE',  ( 1.900000000000011458, 15.00000000000000000, -1.900000000000011458 ) ) ;
#452 = DIRECTION ( 'NONE',  ( -1.000000000000000000, 0.000000000000000000, 0.000000000000000000 ) ) ;
#453 = EDGE_CURVE ( 'NONE', #2272, #999, #2458, .T. ) ;
#454 = CARTESIAN_POINT ( 'NONE',  ( 186.9000000000000057, 0.000000000000000000, -174.9000000000000057 ) ) ;
#455 = ORIENTED_EDGE ( 'NONE', *, *, #1442, .F. ) ;
#456 = CARTESIAN_POINT ( 'NONE',  ( 183.8000000000000114, 0.5000000000000281997, 0.000000000000000000 ) ) ;
#457 = DIRECTION ( 'NONE',  ( 1.000000000000000000, 0.000000000000000000, 0.000000000000000000 ) ) ;
#458 = ORIENTED_EDGE ( 'NONE', *, *, #1590, .F. ) ;
#459 = CYLINDRICAL_SURFACE ( 'NONE', #383, 3.999999999999992450 ) ;
#460 = DIRECTION ( 'NONE',  ( 1.000000000000000000, -0.000000000000000000, 0.000000000000000000 ) ) ;
#461 = ORIENTED_EDGE ( 'NONE', *, *, #1341, .T. ) ;
#462 = FACE_OUTER_BOUND ( 'NONE', #2352, .T. ) ;
#463 = ORIENTED_EDGE ( 'NONE', *, *, #2166, .T. ) ;
#464 = CARTESIAN_POINT ( 'NONE',  ( 5.000000000000000000, 0.000000000000000000, -5.000000000000000000 ) ) ;
#465 = VECTOR ( 'NONE', #3183, 1000.000000000000000 ) ;
#466 = EDGE_CURVE ( 'NONE', #2301, #823, #2559, .T. ) ;
#467 = VECTOR ( 'NONE', #528, 1000.000000000000000 ) ;
#468 = AXIS2_PLACEMENT_3D ( 'NONE', #574, #2368, #300 ) ;
#469 = CARTESIAN_POINT ( 'NONE',  ( 184.9000000000000057, 12.00000000000000000, -175.9000000000000057 ) ) ;
#470 = DIRECTION ( 'NONE',  ( 0.000000000000000000, 0.7071067811865279218, -0.7071067811865672237 ) ) ;
#471 =( GEOMETRIC_REPRESENTATION_CONTEXT ( 3 ) GLOBAL_UNCERTAINTY_ASSIGNED_CONTEXT ( ( #2598 ) ) GLOBAL_UNIT_ASSIGNED_CONTEXT ( ( #493, #1320, #2086 ) ) REPRESENTATION_CONTEXT ( 'NONE', 'WORKASPACE' ) );
#472 = CIRCLE ( 'NONE', #2548, 4.500000000000059508 ) ;
#473 = VERTEX_POINT ( 'NONE', #1821 ) ;
#474 = EDGE_CURVE ( 'NONE', #2486, #2608, #747, .T. ) ;
#475 = EDGE_CURVE ( 'NONE', #171, #2100, #1349, .T. ) ;
#476 = DIRECTION ( 'NONE',  ( 1.000000000000000000, 0.000000000000000000, 0.000000000000000000 ) ) ;
#477 = VECTOR ( 'NONE', #1871, 1000.000000000000000 ) ;
#478 = CARTESIAN_POINT ( 'NONE',  ( 5.000000000000000000, 0.5000000000000281997, 0.000000000000000000 ) ) ;
#479 = ORIENTED_EDGE ( 'NONE', *, *, #475, .T. ) ;
#480 = ADVANCED_FACE ( 'NONE', ( #2042 ), #2785, .F. ) ;
#481 = CIRCLE ( 'NONE', #2497, 1.000000000000000000 ) ;
#482 = LINE ( 'NONE', #1022, #1974 ) ;
#483 = CARTESIAN_POINT ( 'NONE',  ( 184.9000000000000057, 0.000000000000000000, -13.90000000000001101 ) ) ;
#484 = CIRCLE ( 'NONE', #1342, 0.9999999999999991118 ) ;
#485 = DIRECTION ( 'NONE',  ( 0.000000000000000000, 0.000000000000000000, -1.000000000000000000 ) ) ;
#486 = VERTEX_POINT ( 'NONE', #3052 ) ;
#487 = VECTOR ( 'NONE', #1795, 1000.000000000000000 ) ;
#488 = CIRCLE ( 'NONE', #387, 4.500000000000058620 ) ;
#489 = DIRECTION ( 'NONE',  ( 0.000000000000000000, 0.000000000000000000, 1.000000000000000000 ) ) ;
#490 = ORIENTED_EDGE ( 'NONE', *, *, #1360, .T. ) ;
#491 = PRODUCT_DEFINITION_SHAPE ( 'NONE', 'NONE',  #828 ) ;
#492 = CARTESIAN_POINT ( 'NONE',  ( 191.3999999999999488, 15.00000000000000000, -186.9000000000000057 ) ) ;
#493 =( LENGTH_UNIT ( ) NAMED_UNIT ( * ) SI_UNIT ( .MILLI., .METRE. ) );
#494 = AXIS2_PLACEMENT_3D ( 'NONE', #2494, #1505, #2545 ) ;
#495 = CARTESIAN_POINT ( 'NONE',  ( 188.8000000000000114, 0.5000000000000281997, -183.8000000000000114 ) ) ;
#496 = LINE ( 'NONE', #512, #1184 ) ;
#497 = AXIS2_PLACEMENT_3D ( 'NONE', #529, #1494, #39 ) ;
#498 = EDGE_LOOP ( 'NONE', ( #379, #2024 ) ) ;
#499 = CARTESIAN_POINT ( 'NONE',  ( 1.899999999999980593, 2.999999999999999112, -191.9000000000000057 ) ) ;
#500 = CARTESIAN_POINT ( 'NONE',  ( 0.000000000000000000, 15.00000000000000000, -188.8000000000000114 ) ) ;
#501 = EDGE_CURVE ( 'NONE', #3148, #415, #496, .T. ) ;
#502 = ORIENTED_EDGE ( 'NONE', *, *, #809, .F. ) ;
#503 = CARTESIAN_POINT ( 'NONE',  ( 1.899999999999980593, 15.00000000000000000, -186.9000000000000057 ) ) ;
#504 = FACE_OUTER_BOUND ( 'NONE', #862, .T. ) ;
#505 = EDGE_CURVE ( 'NONE', #1555, #612, #2938, .T. ) ;
#506 = DIRECTION ( 'NONE',  ( 0.000000000000000000, 1.000000000000000000, 0.000000000000000000 ) ) ;
#507 = ORIENTED_EDGE ( 'NONE', *, *, #623, .F. ) ;
#508 = DIRECTION ( 'NONE',  ( 0.000000000000000000, 1.000000000000000000, 0.000000000000000000 ) ) ;
#509 = DIRECTION ( 'NONE',  ( 0.000000000000000000, 1.000000000000000000, 0.000000000000000000 ) ) ;
#510 = DIRECTION ( 'NONE',  ( -0.000000000000000000, -1.000000000000000000, 0.000000000000000000 ) ) ;
#511 = FACE_OUTER_BOUND ( 'NONE', #1153, .T. ) ;
#512 = CARTESIAN_POINT ( 'NONE',  ( 1.900000000000012790, 0.000000000000000000, -11.90000000000001101 ) ) ;
#513 = ORIENTED_EDGE ( 'NONE', *, *, #1852, .T. ) ;
#514 = LINE ( 'NONE', #1240, #1662 ) ;
#515 = PLANE ( 'NONE',  #1811 ) ;
#516 = ORIENTED_EDGE ( 'NONE', *, *, #206, .T. ) ;
#517 = EDGE_CURVE ( 'NONE', #1465, #2332, #1272, .T. ) ;
#518 = DIRECTION ( 'NONE',  ( -0.000000000000000000, -1.000000000000000000, 0.000000000000000000 ) ) ;
#519 = FACE_OUTER_BOUND ( 'NONE', #50, .T. ) ;
#520 = DIRECTION ( 'NONE',  ( 0.000000000000000000, 1.000000000000000000, 0.000000000000000000 ) ) ;
#521 = ORIENTED_EDGE ( 'NONE', *, *, #190, .F. ) ;
#522 = ADVANCED_FACE ( 'NONE', ( #1061 ), #3095, .F. ) ;
#523 = CARTESIAN_POINT ( 'NONE',  ( 6.900000000000012790, 14.49999999999995737, -177.9000000000000057 ) ) ;
#524 = CARTESIAN_POINT ( 'NONE',  ( 178.8999999999999488, 11.00000000000000000, -175.9000000000000057 ) ) ;
#525 = ADVANCED_FACE ( 'NONE', ( #1530 ), #2801, .T. ) ;
#526 = DIRECTION ( 'NONE',  ( 0.000000000000000000, -1.000000000000000000, 0.000000000000000000 ) ) ;
#527 = AXIS2_PLACEMENT_3D ( 'NONE', #1827, #2824, #2296 ) ;
#528 = DIRECTION ( 'NONE',  ( -1.000000000000000000, 0.000000000000000000, -0.000000000000000000 ) ) ;
#529 = CARTESIAN_POINT ( 'NONE',  ( 184.9000000000000057, 11.00000000000000000, -13.90000000000001101 ) ) ;
#530 = ORIENTED_EDGE ( 'NONE', *, *, #1976, .T. ) ;
#531 = VECTOR ( 'NONE', #675, 1000.000000000000000 ) ;
#532 = AXIS2_PLACEMENT_3D ( 'NONE', #1043, #1236, #2816 ) ;
#533 = CYLINDRICAL_SURFACE ( 'NONE', #2091, 1.750000000000001554 ) ;
#534 = EDGE_LOOP ( 'NONE', ( #1305, #172, #173, #449 ) ) ;
#535 = VECTOR ( 'NONE', #2248, 1000.000000000000000 ) ;
#536 = CYLINDRICAL_SURFACE ( 'NONE', #1266, 2.000000000000001776 ) ;
#537 = DIRECTION ( 'NONE',  ( 0.000000000000000000, -0.7071067811865279218, 0.7071067811865672237 ) ) ;
#538 = DIRECTION ( 'NONE',  ( 0.000000000000000000, 0.000000000000000000, 1.000000000000000000 ) ) ;
#539 = AXIS2_PLACEMENT_3D ( 'NONE', #1346, #114, #2357 ) ;
#540 = AXIS2_PLACEMENT_3D ( 'NONE', #1354, #127, #2418 ) ;
#541 = VERTEX_POINT ( 'NONE', #236 ) ;
#542 = EDGE_CURVE ( 'NONE', #1135, #2900, #1014, .T. ) ;
#543 = ORIENTED_EDGE ( 'NONE', *, *, #1586, .F. ) ;
#544 = DIRECTION ( 'NONE',  ( 0.000000000000000000, 0.000000000000000000, -1.000000000000000000 ) ) ;
#545 = DIRECTION ( 'NONE',  ( 0.000000000000000000, 0.000000000000000000, 1.000000000000000000 ) ) ;
#546 = CIRCLE ( 'NONE', #1502, 4.000000000000003553 ) ;
#547 = ADVANCED_FACE ( 'NONE', ( #289 ), #2306, .T. ) ;
#548 = ORIENTED_EDGE ( 'NONE', *, *, #1764, .F. ) ;
#549 = DIRECTION ( 'NONE',  ( 0.000000000000000000, 1.000000000000000000, 0.000000000000000000 ) ) ;
#550 = ORIENTED_EDGE ( 'NONE', *, *, #1971, .T. ) ;
#551 = AXIS2_PLACEMENT_3D ( 'NONE', #3046, #3267, #1522 ) ;
#552 = DIRECTION ( 'NONE',  ( 1.734723475976807094E-16, -0.000000000000000000, 1.000000000000000000 ) ) ;
#553 = FACE_OUTER_BOUND ( 'NONE', #2669, .T. ) ;
#554 = ORIENTED_EDGE ( 'NONE', *, *, #2652, .T. ) ;
#555 = DIRECTION ( 'NONE',  ( -0.000000000000000000, 1.000000000000000000, -0.000000000000000000 ) ) ;
#556 = EDGE_LOOP ( 'NONE', ( #667, #866, #944, #2732 ) ) ;
#557 = ORIENTED_EDGE ( 'NONE', *, *, #835, .F. ) ;
#558 = ORIENTED_EDGE ( 'NONE', *, *, #605, .F. ) ;
#559 = CARTESIAN_POINT ( 'NONE',  ( 181.8999999999999488, 9.999999999999998224, -185.9000000000000057 ) ) ;
#560 = FACE_OUTER_BOUND ( 'NONE', #1376, .T. ) ;
#561 = EDGE_CURVE ( 'NONE', #233, #823, #2356, .T. ) ;
#562 = ORIENTED_EDGE ( 'NONE', *, *, #153, .T. ) ;
#563 = LINE ( 'NONE', #1130, #711 ) ;
#564 = ORIENTED_EDGE ( 'NONE', *, *, #412, .T. ) ;
#565 = EDGE_CURVE ( 'NONE', #541, #216, #52, .T. ) ;
#566 = DIRECTION ( 'NONE',  ( -1.000000000000000000, 0.000000000000000000, 0.000000000000000000 ) ) ;
#567 = FACE_OUTER_BOUND ( 'NONE', #2761, .T. ) ;
#568 = ORIENTED_EDGE ( 'NONE', *, *, #710, .F. ) ;
#569 = CARTESIAN_POINT ( 'NONE',  ( 6.900000000000013678, 9.999999999999998224, -10.90000000000001457 ) ) ;
#570 = CARTESIAN_POINT ( 'NONE',  ( 9.900000000000012790, -14.14213562373095279, -176.9000000000000057 ) ) ;
#571 = EDGE_LOOP ( 'NONE', ( #1734, #630 ) ) ;
#572 = LINE ( 'NONE', #3151, #2657 ) ;
#573 = VERTEX_POINT ( 'NONE', #2747 ) ;
#574 = CARTESIAN_POINT ( 'NONE',  ( 175.8999999999999488, 11.00000000000000000, -3.900000000000011902 ) ) ;
#575 = DIRECTION ( 'NONE',  ( 0.000000000000000000, 0.000000000000000000, -1.000000000000000000 ) ) ;
#576 = EDGE_LOOP ( 'NONE', ( #88, #2541 ) ) ;
#577 = FACE_OUTER_BOUND ( 'NONE', #2875, .T. ) ;
#578 = EDGE_CURVE ( 'NONE', #298, #56, #929, .T. ) ;
#579 = FACE_OUTER_BOUND ( 'NONE', #2092, .T. ) ;
#580 = DIRECTION ( 'NONE',  ( -0.000000000000000000, -1.000000000000000000, -0.000000000000000000 ) ) ;
#581 = EDGE_CURVE ( 'NONE', #2221, #2262, #2158, .T. ) ;
#582 = AXIS2_PLACEMENT_3D ( 'NONE', #1762, #2744, #287 ) ;
#583 = ORIENTED_EDGE ( 'NONE', *, *, #2419, .F. ) ;
#584 = DIRECTION ( 'NONE',  ( 0.000000000000000000, 0.000000000000000000, -1.000000000000000000 ) ) ;
#585 = CIRCLE ( 'NONE', #2547, 4.500000000000058620 ) ;
#586 = VECTOR ( 'NONE', #2206, 1000.000000000000000 ) ;
#587 = FACE_BOUND ( 'NONE', #1761, .T. ) ;
#588 = ADVANCED_FACE ( 'NONE', ( #577 ), #848, .F. ) ;
#589 = EDGE_LOOP ( 'NONE', ( #639, #2064, #2835, #41 ) ) ;
#590 = CONICAL_SURFACE ( 'NONE', #2336, 4.499999999999971578, 0.7853981633974760346 ) ;
#591 = VECTOR ( 'NONE', #566, 1000.000000000000000 ) ;
#592 = CARTESIAN_POINT ( 'NONE',  ( 1.899999999999980593, 15.00000000000000000, -191.3999999999999773 ) ) ;
#593 = AXIS2_PLACEMENT_3D ( 'NONE', #3013, #271, #4 ) ;
#594 = ORIENTED_EDGE ( 'NONE', *, *, #99, .T. ) ;
#595 = FACE_OUTER_BOUND ( 'NONE', #2915, .T. ) ;
#596 = CIRCLE ( 'NONE', #2765, 1.000000000000000888 ) ;
#597 = DIRECTION ( 'NONE',  ( 0.000000000000000000, 1.000000000000000000, 0.000000000000000000 ) ) ;
#598 = ORIENTED_EDGE ( 'NONE', *, *, #935, .T. ) ;
#599 = DIRECTION ( 'NONE',  ( 0.000000000000000000, 0.000000000000000000, 1.000000000000000000 ) ) ;
#600 = CARTESIAN_POINT ( 'NONE',  ( 188.8000000000000114, 15.00000000000000000, -5.000000000000000000 ) ) ;
#601 = DIRECTION ( 'NONE',  ( 0.000000000000000000, 0.000000000000000000, 1.000000000000000000 ) ) ;
#602 = FACE_OUTER_BOUND ( 'NONE', #199, .T. ) ;
#603 = AXIS2_PLACEMENT_3D ( 'NONE', #1954, #549, #1513 ) ;
#604 = ORIENTED_EDGE ( 'NONE', *, *, #231, .T. ) ;
#605 = EDGE_CURVE ( 'NONE', #1585, #94, #2053, .T. ) ;
#606 = AXIS2_PLACEMENT_3D ( 'NONE', #2261, #3260, #995 ) ;
#607 = DIRECTION ( 'NONE',  ( -0.000000000000000000, -1.000000000000000000, 0.000000000000000000 ) ) ;
#608 = CARTESIAN_POINT ( 'NONE',  ( 181.8999999999999488, 15.00000000000000000, -183.6500000000000057 ) ) ;
#609 = ORIENTED_EDGE ( 'NONE', *, *, #96, .F. ) ;
#610 = DIRECTION ( 'NONE',  ( 0.000000000000000000, 0.000000000000000000, -1.000000000000000000 ) ) ;
#611 = EDGE_CURVE ( 'NONE', #2451, #2613, #3103, .T. ) ;
#612 = VERTEX_POINT ( 'NONE', #84 ) ;
#613 = CARTESIAN_POINT ( 'NONE',  ( 181.8999999999999488, 9.999999999999998224, -6.900000000000011013 ) ) ;
#614 = ORIENTED_EDGE ( 'NONE', *, *, #581, .T. ) ;
#615 = CYLINDRICAL_SURFACE ( 'NONE', #2384, 1.000000000000000000 ) ;
#616 = DIRECTION ( 'NONE',  ( 0.000000000000000000, 0.000000000000000000, 1.000000000000000000 ) ) ;
#617 = CARTESIAN_POINT ( 'NONE',  ( 6.900000000000013678, 14.49999999999995737, -185.9000000000000057 ) ) ;
#618 = DIRECTION ( 'NONE',  ( 0.000000000000000000, 0.000000000000000000, 1.000000000000000000 ) ) ;
#619 = ORIENTED_EDGE ( 'NONE', *, *, #1356, .T. ) ;
#620 = FACE_OUTER_BOUND ( 'NONE', #1120, .T. ) ;
#621 = DIRECTION ( 'NONE',  ( 0.000000000000000000, -0.000000000000000000, 1.000000000000000000 ) ) ;
#622 = EDGE_LOOP ( 'NONE', ( #847, #1411, #1352, #1551 ) ) ;
#623 = EDGE_CURVE ( 'NONE', #1845, #1067, #563, .T. ) ;
#624 = ORIENTED_EDGE ( 'NONE', *, *, #2850, .F. ) ;
#625 = FACE_OUTER_BOUND ( 'NONE', #434, .T. ) ;
#626 = FACE_OUTER_BOUND ( 'NONE', #2116, .T. ) ;
#627 = ORIENTED_EDGE ( 'NONE', *, *, #2513, .T. ) ;
#628 = EDGE_CURVE ( 'NONE', #1333, #2632, #1584, .T. ) ;
#629 = DIRECTION ( 'NONE',  ( 0.000000000000000000, 0.000000000000000000, 1.000000000000000000 ) ) ;
#630 = ORIENTED_EDGE ( 'NONE', *, *, #2589, .T. ) ;
#631 = CARTESIAN_POINT ( 'NONE',  ( 1.900000000000011458, 11.00000000000000000, -185.9000000000000057 ) ) ;
#632 = EDGE_CURVE ( 'NONE', #1490, #402, #1401, .T. ) ;
#633 = CARTESIAN_POINT ( 'NONE',  ( 6.900000000000012790, 9.999999999999998224, -181.9000000000000057 ) ) ;
#634 = CARTESIAN_POINT ( 'NONE',  ( 3.900000000000011458, 11.00000000000000000, -176.9000000000000057 ) ) ;
#635 = EDGE_LOOP ( 'NONE', ( #1640, #2517, #259, #2947 ) ) ;
#636 = FACE_OUTER_BOUND ( 'NONE', #1896, .T. ) ;
#637 = DIRECTION ( 'NONE',  ( -0.000000000000000000, 1.000000000000000000, -0.000000000000000000 ) ) ;
#638 = AXIS2_PLACEMENT_3D ( 'NONE', #2476, #195, #969 ) ;
#639 = ORIENTED_EDGE ( 'NONE', *, *, #1426, .T. ) ;
#640 = DIRECTION ( 'NONE',  ( 0.000000000000000000, 0.000000000000000000, 1.000000000000000000 ) ) ;
#641 = AXIS2_PLACEMENT_3D ( 'NONE', #1448, #399, #2941 ) ;
#642 = AXIS2_PLACEMENT_3D ( 'NONE', #990, #3009, #762 ) ;
#643 = VECTOR ( 'NONE', #2126, 1000.000000000000000 ) ;
#644 = AXIS2_PLACEMENT_3D ( 'NONE', #948, #936, #2660 ) ;
#645 = ADVANCED_FACE ( 'NONE', ( #1380 ), #1233, .T. ) ;
#646 = LINE ( 'NONE', #3250, #3232 ) ;
#647 = DIRECTION ( 'NONE',  ( 0.000000000000000000, 0.000000000000000000, 1.000000000000000000 ) ) ;
#648 = ORIENTED_EDGE ( 'NONE', *, *, #2955, .T. ) ;
#649 =( NAMED_UNIT ( * ) PLANE_ANGLE_UNIT ( ) SI_UNIT ( $, .RADIAN. ) );
#650 = AXIS2_PLACEMENT_3D ( 'NONE', #324, #815, #302 ) ;
#651 = ADVANCED_FACE ( 'NONE', ( #885 ), #615, .F. ) ;
#652 = CARTESIAN_POINT ( 'NONE',  ( 181.8999999999999488, 9.999999999999998224, -6.900000000000011013 ) ) ;
#653 = ORIENTED_EDGE ( 'NONE', *, *, #1108, .F. ) ;
#654 = CARTESIAN_POINT ( 'NONE',  ( 181.8999999999999488, 0.000000000000000000, -6.900000000000011013 ) ) ;
#655 = DIRECTION ( 'NONE',  ( -0.000000000000000000, -1.000000000000000000, -0.000000000000000000 ) ) ;
#656 = AXIS2_PLACEMENT_3D ( 'NONE', #2960, #1195, #1949 ) ;
#657 = ORIENTED_EDGE ( 'NONE', *, *, #1834, .T. ) ;
#658 = ORIENTED_EDGE ( 'NONE', *, *, #1248, .F. ) ;
#659 = CARTESIAN_POINT ( 'NONE',  ( 1.899999999999980593, 15.00000000000000000, -1.900000000000008349 ) ) ;
#660 = ORIENTED_EDGE ( 'NONE', *, *, #605, .T. ) ;
#661 = ORIENTED_EDGE ( 'NONE', *, *, #1500, .T. ) ;
#662 = DIRECTION ( 'NONE',  ( 0.000000000000000000, 1.000000000000000000, 0.000000000000000000 ) ) ;
#663 = EDGE_LOOP ( 'NONE', ( #1945, #3269, #2320, #2170 ) ) ;
#664 = DIRECTION ( 'NONE',  ( 1.000000000000000000, 0.000000000000000000, -1.734723475976807094E-16 ) ) ;
#665 = ADVANCED_FACE ( 'NONE', ( #2901 ), #1325, .F. ) ;
#666 = CARTESIAN_POINT ( 'NONE',  ( 6.900000000000012790, 9.999999999999998224, -2.900000000000009237 ) ) ;
#667 = ORIENTED_EDGE ( 'NONE', *, *, #623, .T. ) ;
#668 = ADVANCED_FACE ( 'NONE', ( #134 ), #380, .F. ) ;
#669 = CYLINDRICAL_SURFACE ( 'NONE', #1332, 5.000000000000004441 ) ;
#670 = FACE_OUTER_BOUND ( 'NONE', #342, .T. ) ;
#671 = EDGE_LOOP ( 'NONE', ( #1861, #2868, #3165, #568 ) ) ;
#672 = ORIENTED_EDGE ( 'NONE', *, *, #309, .F. ) ;
#673 = LINE ( 'NONE', #2715, #2505 ) ;
#674 = VERTEX_POINT ( 'NONE', #1635 ) ;
#675 = DIRECTION ( 'NONE',  ( 1.734723475976807094E-16, 0.000000000000000000, 1.000000000000000000 ) ) ;
#676 = ORIENTED_EDGE ( 'NONE', *, *, #466, .T. ) ;
#677 =( LENGTH_UNIT ( ) NAMED_UNIT ( * ) SI_UNIT ( .MILLI., .METRE. ) );
#678 = CARTESIAN_POINT ( 'NONE',  ( 5.000000000000000000, 2.999999999999999112, -183.8000000000000114 ) ) ;
#679 = ADVANCED_FACE ( 'NONE', ( #304 ), #2359, .T. ) ;
#680 = CARTESIAN_POINT ( 'NONE',  ( 184.9000000000000057, 15.00000000000000000, -13.90000000000001101 ) ) ;
#681 = ORIENTED_EDGE ( 'NONE', *, *, #475, .F. ) ;
#682 = LINE ( 'NONE', #1702, #745 ) ;
#683 = CARTESIAN_POINT ( 'NONE',  ( 178.8999999999999488, 0.000000000000000000, -11.90000000000001101 ) ) ;
#684 = EDGE_CURVE ( 'NONE', #2632, #1371, #2390, .T. ) ;
#685 = ORIENTED_EDGE ( 'NONE', *, *, #3142, .F. ) ;
#686 = VECTOR ( 'NONE', #2310, 1000.000000000000000 ) ;
#687 = ADVANCED_FACE ( 'NONE', ( #1096, #1082 ), #3168, .T. ) ;
#688 = PLANE ( 'NONE',  #2347 ) ;
#689 = ORIENTED_EDGE ( 'NONE', *, *, #190, .T. ) ;
#690 = AXIS2_PLACEMENT_3D ( 'NONE', #2718, #187, #2225 ) ;
#691 = VECTOR ( 'NONE', #353, 1000.000000000000000 ) ;
#692 = CIRCLE ( 'NONE', #1870, 4.000000000000003553 ) ;
#693 = DIRECTION ( 'NONE',  ( -0.000000000000000000, -1.000000000000000000, -0.000000000000000000 ) ) ;
#694 = ORIENTED_EDGE ( 'NONE', *, *, #3073, .F. ) ;
#695 = DIRECTION ( 'NONE',  ( 0.000000000000000000, 0.000000000000000000, -1.000000000000000000 ) ) ;
#696 = VECTOR ( 'NONE', #369, 1000.000000000000000 ) ;
#697 = CIRCLE ( 'NONE', #2033, 1.750000000000001554 ) ;
#698 = DIRECTION ( 'NONE',  ( -1.000000000000000000, 0.000000000000000000, 0.000000000000000000 ) ) ;
#699 = ORIENTED_EDGE ( 'NONE', *, *, #65, .F. ) ;
#700 = VECTOR ( 'NONE', #2149, 1000.000000000000000 ) ;
#701 = CARTESIAN_POINT ( 'NONE',  ( 12.90000000000001279, 12.00000000000000000, -184.9000000000000057 ) ) ;
#702 = DIRECTION ( 'NONE',  ( 0.000000000000000000, 0.000000000000000000, -1.000000000000000000 ) ) ;
#703 = ORIENTED_EDGE ( 'NONE', *, *, #1477, .F. ) ;
#704 = EDGE_CURVE ( 'NONE', #1149, #2187, #343, .T. ) ;
#705 = DIRECTION ( 'NONE',  ( 0.000000000000000000, 1.000000000000000000, 0.000000000000000000 ) ) ;
#706 = CARTESIAN_POINT ( 'NONE',  ( 184.9000000000000057, 11.00000000000000000, -11.90000000000001101 ) ) ;
#707 = ORIENTED_EDGE ( 'NONE', *, *, #2694, .T. ) ;
#708 = AXIS2_PLACEMENT_3D ( 'NONE', #1699, #2985, #1986 ) ;
#709 = ORIENTED_EDGE ( 'NONE', *, *, #93, .T. ) ;
#710 = EDGE_CURVE ( 'NONE', #473, #280, #2701, .T. ) ;
#711 = VECTOR ( 'NONE', #2885, 1000.000000000000000 ) ;
#712 = LINE ( 'NONE', #1144, #744 ) ;
#713 = VERTEX_POINT ( 'NONE', #148 ) ;
#714 = DIRECTION ( 'NONE',  ( 0.000000000000000000, 0.000000000000000000, 1.000000000000000000 ) ) ;
#715 = DIRECTION ( 'NONE',  ( 1.000000000000000000, -0.000000000000000000, 0.000000000000000000 ) ) ;
#716 = CARTESIAN_POINT ( 'NONE',  ( 183.8000000000000114, 2.999999999999999112, -188.8000000000000114 ) ) ;
#717 = ORIENTED_EDGE ( 'NONE', *, *, #1463, .T. ) ;
#718 = LINE ( 'NONE', #2681, #3080 ) ;
#719 = ORIENTED_EDGE ( 'NONE', *, *, #1840, .T. ) ;
#720 = DIRECTION ( 'NONE',  ( 0.000000000000000000, 0.000000000000000000, -1.000000000000000000 ) ) ;
#721 = LINE ( 'NONE', #215, #2983 ) ;
#722 = ORIENTED_EDGE ( 'NONE', *, *, #2457, .F. ) ;
#723 = CARTESIAN_POINT ( 'NONE',  ( 186.8999999999999773, 2.999999999999999112, -191.9000000000000057 ) ) ;
#724 = EDGE_CURVE ( 'NONE', #395, #19, #1922, .T. ) ;
#725 = DIRECTION ( 'NONE',  ( 0.000000000000000000, 0.000000000000000000, -1.000000000000000000 ) ) ;
#726 = MANIFOLD_SOLID_BREP ( 'Chamfer2', #1026 ) ;
#727 = EDGE_CURVE ( 'NONE', #1279, #2246, #2188, .T. ) ;
#728 = DIRECTION ( 'NONE',  ( 1.000000000000000000, 0.000000000000000000, 0.000000000000000000 ) ) ;
#729 = ORIENTED_EDGE ( 'NONE', *, *, #2059, .T. ) ;
#730 = DIRECTION ( 'NONE',  ( 0.000000000000000000, 0.000000000000000000, 1.000000000000000000 ) ) ;
#731 = DIRECTION ( 'NONE',  ( -1.734723475976807094E-16, 0.000000000000000000, -1.000000000000000000 ) ) ;
#732 = ORIENTED_EDGE ( 'NONE', *, *, #450, .T. ) ;
#733 = DIRECTION ( 'NONE',  ( 0.000000000000000000, -1.000000000000000000, 0.000000000000000000 ) ) ;
#734 = DIRECTION ( 'NONE',  ( 0.000000000000000000, 1.000000000000000000, 0.000000000000000000 ) ) ;
#735 = CARTESIAN_POINT ( 'NONE',  ( 6.900000000000012790, 0.000000000000000000, -8.650000000000009237 ) ) ;
#736 = ORIENTED_EDGE ( 'NONE', *, *, #3084, .F. ) ;
#737 = AXIS2_PLACEMENT_3D ( 'NONE', #2372, #2174, #2836 ) ;
#738 = CARTESIAN_POINT ( 'NONE',  ( 6.900000000000012790, 14.49999999999995559, -2.900000000000009237 ) ) ;
#739 = EDGE_LOOP ( 'NONE', ( #76, #286, #2043, #3196, #2779, #2379, #2636, #1180 ) ) ;
#740 = LINE ( 'NONE', #492, #2388 ) ;
#741 = VECTOR ( 'NONE', #1630, 1000.000000000000000 ) ;
#742 = CARTESIAN_POINT ( 'NONE',  ( 186.8999999999999773, 14.49999999999999822, 3.099999999999991651 ) ) ;
#743 = EDGE_CURVE ( 'NONE', #999, #2376, #1319, .T. ) ;
#744 = VECTOR ( 'NONE', #2763, 1000.000000000000000 ) ;
#745 = VECTOR ( 'NONE', #940, 1000.000000000000000 ) ;
#746 = DIRECTION ( 'NONE',  ( 0.000000000000000000, 1.000000000000000000, 0.000000000000000000 ) ) ;
#747 = LINE ( 'NONE', #1032, #1892 ) ;
#748 =( GEOMETRIC_REPRESENTATION_CONTEXT ( 3 ) GLOBAL_UNCERTAINTY_ASSIGNED_CONTEXT ( ( #142 ) ) GLOBAL_UNIT_ASSIGNED_CONTEXT ( ( #22, #1267, #2833 ) ) REPRESENTATION_CONTEXT ( 'NONE', 'WORKASPACE' ) );
#749 = EDGE_LOOP ( 'NONE', ( #1631, #3089 ) ) ;
#750 = EDGE_CURVE ( 'NONE', #2269, #2795, #1218, .T. ) ;
#751 = DIRECTION ( 'NONE',  ( -1.000000000000000000, 0.000000000000000000, 0.000000000000000000 ) ) ;
#752 = VECTOR ( 'NONE', #552, 1000.000000000000000 ) ;
#753 = CARTESIAN_POINT ( 'NONE',  ( 186.8999999999999773, 14.49999999999999822, -191.9000000000000057 ) ) ;
#754 = ORIENTED_EDGE ( 'NONE', *, *, #1315, .T. ) ;
#755 = AXIS2_PLACEMENT_3D ( 'NONE', #1753, #705, #3005 ) ;
#756 = CARTESIAN_POINT ( 'NONE',  ( 6.900000000000012790, 14.49999999999995559, -2.900000000000009237 ) ) ;
#757 = CARTESIAN_POINT ( 'NONE',  ( 2.900000000000011458, 12.00000000000000000, -174.9000000000000057 ) ) ;
#758 = VECTOR ( 'NONE', #16, 999.9999999999998863 ) ;
#759 = CARTESIAN_POINT ( 'NONE',  ( 13.90000000000001101, 0.000000000000000000, -186.9000000000000057 ) ) ;
#760 = ORIENTED_EDGE ( 'NONE', *, *, #1586, .T. ) ;
#761 = ORIENTED_EDGE ( 'NONE', *, *, #2749, .F. ) ;
#762 = DIRECTION ( 'NONE',  ( 0.000000000000000000, 0.000000000000000000, 1.000000000000000000 ) ) ;
#763 = VERTEX_POINT ( 'NONE', #2953 ) ;
#764 = AXIS2_PLACEMENT_3D ( 'NONE', #2189, #2216, #2942 ) ;
#765 = FILL_AREA_STYLE ('',( #3257 ) ) ;
#766 = AXIS2_PLACEMENT_3D ( 'NONE', #2058, #768, #3014 ) ;
#767 = CARTESIAN_POINT ( 'NONE',  ( 6.900000000000013678, 15.00000000000000000, -11.40000000000006963 ) ) ;
#768 = DIRECTION ( 'NONE',  ( 0.000000000000000000, 1.000000000000000000, 0.000000000000000000 ) ) ;
#769 = ADVANCED_FACE ( 'NONE', ( #918 ), #2937, .F. ) ;
#770 = ORIENTED_EDGE ( 'NONE', *, *, #3101, .F. ) ;
#771 = LINE ( 'NONE', #1748, #535 ) ;
#772 = ADVANCED_FACE ( 'NONE', ( #179 ), #1964, .T. ) ;
#773 = ORIENTED_EDGE ( 'NONE', *, *, #1539, .T. ) ;
#774 = LINE ( 'NONE', #756, #2966 ) ;
#775 = DIRECTION ( 'NONE',  ( 0.000000000000000000, 0.000000000000000000, -1.000000000000000000 ) ) ;
#776 = DIRECTION ( 'NONE',  ( 0.000000000000000000, 0.000000000000000000, -1.000000000000000000 ) ) ;
#777 = EDGE_LOOP ( 'NONE', ( #1850, #3053, #2128, #188, #2420, #230, #513, #2137 ) ) ;
#778 = DIRECTION ( 'NONE',  ( 0.000000000000000000, 1.000000000000000000, 0.000000000000000000 ) ) ;
#779 = FACE_OUTER_BOUND ( 'NONE', #2815, .T. ) ;
#780 = ORIENTED_EDGE ( 'NONE', *, *, #743, .T. ) ;
#781 = DIRECTION ( 'NONE',  ( 0.000000000000000000, -1.000000000000000000, 0.000000000000000000 ) ) ;
#782 = ORIENTED_EDGE ( 'NONE', *, *, #2312, .F. ) ;
#783 = DIRECTION ( 'NONE',  ( 0.000000000000000000, -0.000000000000000000, 1.000000000000000000 ) ) ;
#784 = DIRECTION ( 'NONE',  ( 0.000000000000000000, 0.000000000000000000, 1.000000000000000000 ) ) ;
#785 = ORIENTED_EDGE ( 'NONE', *, *, #2218, .F. ) ;
#786 = ADVANCED_FACE ( 'NONE', ( #439 ), #161, .F. ) ;
#787 = DIRECTION ( 'NONE',  ( -1.734723475976807094E-16, 0.000000000000000000, 1.000000000000000000 ) ) ;
#788 = CARTESIAN_POINT ( 'NONE',  ( 2.900000000000011458, 12.00000000000000000, -13.90000000000001101 ) ) ;
#789 = CARTESIAN_POINT ( 'NONE',  ( 9.900000000000012790, 0.000000000000000000, -178.9000000000000057 ) ) ;
#790 = ORIENTED_EDGE ( 'NONE', *, *, #3081, .T. ) ;
#791 = EDGE_CURVE ( 'NONE', #2451, #368, #1597, .T. ) ;
#792 = ORIENTED_EDGE ( 'NONE', *, *, #2813, .T. ) ;
#793 = CARTESIAN_POINT ( 'NONE',  ( 186.8999999999999773, 2.999999999999999112, 3.099999999999991651 ) ) ;
#794 = CARTESIAN_POINT ( 'NONE',  ( 186.8999999999999773, 2.999999999999999112, -186.9000000000000057 ) ) ;
#795 = VERTEX_POINT ( 'NONE', #1462 ) ;
#796 = CARTESIAN_POINT ( 'NONE',  ( 5.000000000000000000, 0.000000000000000000, -183.8000000000000114 ) ) ;
#797 = VERTEX_POINT ( 'NONE', #2470 ) ;
#798 = CIRCLE ( 'NONE', #3222, 4.000000000000003553 ) ;
#799 = AXIS2_PLACEMENT_3D ( 'NONE', #2085, #3131, #2603 ) ;
#800 = DIRECTION ( 'NONE',  ( 0.000000000000000000, 1.000000000000000000, 0.000000000000000000 ) ) ;
#801 = CARTESIAN_POINT ( 'NONE',  ( 5.000000000000000000, 12.00000000000000000, -185.9000000000000057 ) ) ;
#802 = CIRCLE ( 'NONE', #1066, 4.000000000000003553 ) ;
#803 = EDGE_LOOP ( 'NONE', ( #2029, #1804 ) ) ;
#804 = AXIS2_PLACEMENT_3D ( 'NONE', #3206, #941, #1958 ) ;
#805 = LINE ( 'NONE', #1503, #1215 ) ;
#806 = FACE_OUTER_BOUND ( 'NONE', #2896, .T. ) ;
#807 = VECTOR ( 'NONE', #1237, 1000.000000000000000 ) ;
#808 = ORIENTED_EDGE ( 'NONE', *, *, #1952, .T. ) ;
#809 = EDGE_CURVE ( 'NONE', #3111, #2371, #2277, .T. ) ;
#810 = AXIS2_PLACEMENT_3D ( 'NONE', #2827, #555, #775 ) ;
#811 = ORIENTED_EDGE ( 'NONE', *, *, #1068, .T. ) ;
#812 = CARTESIAN_POINT ( 'NONE',  ( 6.900000000000012790, 14.49999999999995559, -6.900000000000011013 ) ) ;
#813 = EDGE_CURVE ( 'NONE', #2081, #1427, #1705, .T. ) ;
#814 = SURFACE_SIDE_STYLE ('',( #1288 ) ) ;
#815 = DIRECTION ( 'NONE',  ( -0.000000000000000000, -1.000000000000000000, 0.000000000000000000 ) ) ;
#816 = EDGE_LOOP ( 'NONE', ( #1095, #225, #1157, #2474 ) ) ;
#817 = DIRECTION ( 'NONE',  ( 0.000000000000000000, -0.7071067811865673347, 0.7071067811865278108 ) ) ;
#818 = ORIENTED_EDGE ( 'NONE', *, *, #2059, .F. ) ;
#819 = PRODUCT ( 'hop dien 06', 'hop dien 06', '', ( #355 ) ) ;
#820 = AXIS2_PLACEMENT_3D ( 'NONE', #1977, #506, #2237 ) ;
#821 = CARTESIAN_POINT ( 'NONE',  ( 1.900000000000011458, 15.00000000000000000, -186.9000000000000057 ) ) ;
#822 = CARTESIAN_POINT ( 'NONE',  ( 183.8000000000000114, 15.00000000000000000, 0.000000000000000000 ) ) ;
#823 = VERTEX_POINT ( 'NONE', #203 ) ;
#824 = CARTESIAN_POINT ( 'NONE',  ( 1.900000000000011458, 0.000000000000000000, -13.90000000000001101 ) ) ;
#825 = CARTESIAN_POINT ( 'NONE',  ( 6.900000000000013678, 14.49999999999995559, -10.90000000000001457 ) ) ;
#826 = VERTEX_POINT ( 'NONE', #234 ) ;
#827 = DIRECTION ( 'NONE',  ( 0.000000000000000000, 0.000000000000000000, 1.000000000000000000 ) ) ;
#828 = PRODUCT_DEFINITION ( 'UNKNOWN', '', #1546, #842 ) ;
#829 = VERTEX_POINT ( 'NONE', #1784 ) ;
#830 = DIRECTION ( 'NONE',  ( 0.000000000000000000, 0.000000000000000000, 1.000000000000000000 ) ) ;
#831 = EDGE_CURVE ( 'NONE', #1279, #2131, #110, .T. ) ;
#832 = CARTESIAN_POINT ( 'NONE',  ( 6.900000000000012790, 9.999999999999998224, -183.6500000000000057 ) ) ;
#833 = ORIENTED_EDGE ( 'NONE', *, *, #44, .T. ) ;
#834 = DIRECTION ( 'NONE',  ( 0.000000000000000000, -0.000000000000000000, 1.000000000000000000 ) ) ;
#835 = EDGE_CURVE ( 'NONE', #1060, #83, #3240, .T. ) ;
#836 = PLANE ( 'NONE',  #3023 ) ;
#837 = FACE_OUTER_BOUND ( 'NONE', #3209, .T. ) ;
#838 = ORIENTED_EDGE ( 'NONE', *, *, #1805, .F. ) ;
#839 = DIRECTION ( 'NONE',  ( 0.000000000000000000, 0.000000000000000000, 1.000000000000000000 ) ) ;
#840 = DIRECTION ( 'NONE',  ( 0.000000000000000000, 0.000000000000000000, 1.000000000000000000 ) ) ;
#841 = VERTEX_POINT ( 'NONE', #2000 ) ;
#842 = PRODUCT_DEFINITION_CONTEXT ( 'detailed design', #2529, 'design' ) ;
#843 = LINE ( 'NONE', #1102, #2234 ) ;
#844 = ORIENTED_EDGE ( 'NONE', *, *, #1571, .F. ) ;
#845 = LINE ( 'NONE', #1864, #1213 ) ;
#846 = LINE ( 'NONE', #1321, #1493 ) ;
#847 = ORIENTED_EDGE ( 'NONE', *, *, #3060, .F. ) ;
#848 = CYLINDRICAL_SURFACE ( 'NONE', #2302, 1.000000000000000888 ) ;
#849 = ADVANCED_FACE ( 'NONE', ( #2996 ), #37, .F. ) ;
#850 = LINE ( 'NONE', #54, #477 ) ;
#851 = DIRECTION ( 'NONE',  ( 0.000000000000000000, -1.000000000000000000, -0.000000000000000000 ) ) ;
#852 = ORIENTED_EDGE ( 'NONE', *, *, #1903, .F. ) ;
#853 = EDGE_CURVE ( 'NONE', #2711, #1467, #1816, .T. ) ;
#854 = LINE ( 'NONE', #2630, #2814 ) ;
#855 = VECTOR ( 'NONE', #20, 1000.000000000000000 ) ;
#856 = AXIS2_PLACEMENT_3D ( 'NONE', #654, #1678, #444 ) ;
#857 = ORIENTED_EDGE ( 'NONE', *, *, #1764, .T. ) ;
#858 = VECTOR ( 'NONE', #2380, 1000.000000000000000 ) ;
#859 = VECTOR ( 'NONE', #2439, 1000.000000000000000 ) ;
#860 = LINE ( 'NONE', #592, #1170 ) ;
#861 = AXIS2_PLACEMENT_3D ( 'NONE', #1045, #3050, #2001 ) ;
#862 = EDGE_LOOP ( 'NONE', ( #2719, #962, #1912, #1428 ) ) ;
#863 = DIRECTION ( 'NONE',  ( -0.000000000000000000, 1.000000000000000000, -0.000000000000000000 ) ) ;
#864 = AXIS2_PLACEMENT_3D ( 'NONE', #2328, #2282, #2099 ) ;
#865 = CARTESIAN_POINT ( 'NONE',  ( 181.8999999999999488, 9.999999999999998224, -6.900000000000011013 ) ) ;
#866 = ORIENTED_EDGE ( 'NONE', *, *, #2911, .F. ) ;
#867 = DIRECTION ( 'NONE',  ( 0.000000000000000000, 0.000000000000000000, -1.000000000000000000 ) ) ;
#868 = CONICAL_SURFACE ( 'NONE', #1227, 4.500000000000003553, 0.7853981633974161936 ) ;
#869 = CARTESIAN_POINT ( 'NONE',  ( 3.900000000000011458, 0.000000000000000000, -176.9000000000000057 ) ) ;
#870 = EDGE_CURVE ( 'NONE', #2525, #45, #1543, .T. ) ;
#871 = DIRECTION ( 'NONE',  ( -0.7071067811865672237, -0.7071067811865279218, 0.000000000000000000 ) ) ;
#872 = AXIS2_PLACEMENT_3D ( 'NONE', #2979, #2514, #2729 ) ;
#873 = ORIENTED_EDGE ( 'NONE', *, *, #3043, .F. ) ;
#874 = AXIS2_PLACEMENT_3D ( 'NONE', #1769, #1786, #1569 ) ;
#875 = DIRECTION ( 'NONE',  ( 0.000000000000000000, 0.000000000000000000, 1.000000000000000000 ) ) ;
#876 = CARTESIAN_POINT ( 'NONE',  ( 3.900000000000011458, 11.00000000000000000, -176.9000000000000057 ) ) ;
#877 = ADVANCED_FACE ( 'NONE', ( #2014, #3011, #1563, #2070, #3065 ), #3049, .F. ) ;
#878 = EDGE_LOOP ( 'NONE', ( #1190, #1848, #407, #1115 ) ) ;
#879 = UNCERTAINTY_MEASURE_WITH_UNIT (LENGTH_MEASURE( 1.000000000000000082E-05 ), #677, 'distance_accuracy_value', 'NONE');
#880 = LINE ( 'NONE', #2667, #2193 ) ;
#881 = EDGE_CURVE ( 'NONE', #2822, #892, #740, .T. ) ;
#882 = ORIENTED_EDGE ( 'NONE', *, *, #950, .T. ) ;
#883 = DIRECTION ( 'NONE',  ( 0.000000000000000000, 0.000000000000000000, -1.000000000000000000 ) ) ;
#884 = VERTEX_POINT ( 'NONE', #793 ) ;
#885 = FACE_OUTER_BOUND ( 'NONE', #1523, .T. ) ;
#886 = DIRECTION ( 'NONE',  ( -1.000000000000000000, 0.000000000000000000, 0.000000000000000000 ) ) ;
#887 = LINE ( 'NONE', #2374, #2387 ) ;
#888 = DIRECTION ( 'NONE',  ( 0.000000000000000000, 0.000000000000000000, -1.000000000000000000 ) ) ;
#889 = EDGE_LOOP ( 'NONE', ( #1387, #2989, #1291, #2695 ) ) ;
#890 = LINE ( 'NONE', #1657, #2140 ) ;
#891 = CARTESIAN_POINT ( 'NONE',  ( 181.8999999999999488, 14.49999999999994671, -2.900000000000019007 ) ) ;
#892 = VERTEX_POINT ( 'NONE', #219 ) ;
#893 = EDGE_CURVE ( 'NONE', #2, #674, #2860, .T. ) ;
#894 = PLANE ( 'NONE',  #424 ) ;
#895 = CARTESIAN_POINT ( 'NONE',  ( 5.000000000000000000, 2.999999999999999112, -188.8000000000000114 ) ) ;
#896 = ORIENTED_EDGE ( 'NONE', *, *, #853, .F. ) ;
#897 = EDGE_CURVE ( 'NONE', #2011, #94, #1302, .T. ) ;
#898 = CYLINDRICAL_SURFACE ( 'NONE', #1394, 1.000000000000000888 ) ;
#899 = ORIENTED_EDGE ( 'NONE', *, *, #277, .T. ) ;
#900 = CARTESIAN_POINT ( 'NONE',  ( 3.900000000000011458, 11.00000000000000000, -175.9000000000000057 ) ) ;
#901 = CARTESIAN_POINT ( 'NONE',  ( 1.900000000000011458, 0.000000000000000000, -186.9000000000000057 ) ) ;
#902 = CARTESIAN_POINT ( 'NONE',  ( 186.9000000000000057, 15.00000000000000000, -13.90000000000001101 ) ) ;
#903 = VERTEX_POINT ( 'NONE', #2782 ) ;
#904 = DIRECTION ( 'NONE',  ( 0.000000000000000000, 0.000000000000000000, 1.000000000000000000 ) ) ;
#905 = DIRECTION ( 'NONE',  ( 0.000000000000000000, 1.000000000000000000, 0.000000000000000000 ) ) ;
#906 = VECTOR ( 'NONE', #3155, 1000.000000000000000 ) ;
#907 = EDGE_LOOP ( 'NONE', ( #1077, #857, #2201, #583 ) ) ;
#908 = CARTESIAN_POINT ( 'NONE',  ( 176.8999999999999488, 0.000000000000000000, -178.9000000000000057 ) ) ;
#909 = AXIS2_PLACEMENT_3D ( 'NONE', #633, #1351, #1622 ) ;
#910 = AXIS2_PLACEMENT_3D ( 'NONE', #2534, #2289, #2055 ) ;
#911 = DIRECTION ( 'NONE',  ( 0.000000000000000000, -0.7071067811865672237, 0.7071067811865279218 ) ) ;
#912 = EDGE_CURVE ( 'NONE', #1344, #2632, #2913, .T. ) ;
#913 = AXIS2_PLACEMENT_3D ( 'NONE', #794, #250, #2766 ) ;
#914 = CIRCLE ( 'NONE', #2658, 2.000000000000001776 ) ;
#915 = AXIS2_PLACEMENT_3D ( 'NONE', #2788, #800, #730 ) ;
#916 = DIRECTION ( 'NONE',  ( 1.000000000000000000, 0.000000000000000000, 0.000000000000000000 ) ) ;
#917 = EDGE_CURVE ( 'NONE', #1106, #2822, #3180, .T. ) ;
#918 = FACE_OUTER_BOUND ( 'NONE', #2841, .T. ) ;
#919 = CIRCLE ( 'NONE', #1338, 2.000000000000000000 ) ;
#920 = CIRCLE ( 'NONE', #430, 2.000000000000001776 ) ;
#921 = DIRECTION ( 'NONE',  ( 0.000000000000000000, 1.000000000000000000, 0.000000000000000000 ) ) ;
#922 = EDGE_LOOP ( 'NONE', ( #2584, #2006 ) ) ;
#923 = CARTESIAN_POINT ( 'NONE',  ( 176.8999999999999488, 0.000000000000000000, -186.9000000000000057 ) ) ;
#924 = AXIS2_PLACEMENT_3D ( 'NONE', #1639, #3061, #618 ) ;
#925 = ORIENTED_EDGE ( 'NONE', *, *, #57, .F. ) ;
#926 = ORIENTED_EDGE ( 'NONE', *, *, #2556, .F. ) ;
#927 = AXIS2_PLACEMENT_3D ( 'NONE', #1449, #205, #2954 ) ;
#928 = CARTESIAN_POINT ( 'NONE',  ( 183.8000000000000114, 15.00000000000000000, -183.8000000000000114 ) ) ;
#929 = CIRCLE ( 'NONE', #1455, 1.750000000000001554 ) ;
#930 = ORIENTED_EDGE ( 'NONE', *, *, #401, .T. ) ;
#931 = EDGE_CURVE ( 'NONE', #423, #2971, #2809, .T. ) ;
#932 = FACE_OUTER_BOUND ( 'NONE', #1496, .T. ) ;
#933 = ORIENTED_EDGE ( 'NONE', *, *, #3159, .T. ) ;
#934 = PRESENTATION_STYLE_ASSIGNMENT (( #2916 ) ) ;
#935 = EDGE_CURVE ( 'NONE', #713, #1501, #2026, .T. ) ;
#936 = DIRECTION ( 'NONE',  ( 0.000000000000000000, 1.000000000000000000, 0.000000000000000000 ) ) ;
#937 = FACE_OUTER_BOUND ( 'NONE', #1235, .T. ) ;
#938 = ORIENTED_EDGE ( 'NONE', *, *, #2834, .F. ) ;
#939 = ADVANCED_FACE ( 'NONE', ( #779 ), #1486, .F. ) ;
#940 = DIRECTION ( 'NONE',  ( 1.000000000000000000, -0.000000000000000000, 0.000000000000000000 ) ) ;
#941 = DIRECTION ( 'NONE',  ( 0.000000000000000000, 1.000000000000000000, 0.000000000000000000 ) ) ;
#942 = ORIENTED_EDGE ( 'NONE', *, *, #416, .F. ) ;
#943 = DIRECTION ( 'NONE',  ( 1.734723475976807094E-16, 0.000000000000000000, -1.000000000000000000 ) ) ;
#944 = ORIENTED_EDGE ( 'NONE', *, *, #565, .F. ) ;
#945 = LINE ( 'NONE', #2951, #531 ) ;
#946 = ORIENTED_EDGE ( 'NONE', *, *, #2247, .F. ) ;
#947 = CARTESIAN_POINT ( 'NONE',  ( 9.900000000000012790, 11.00000000000000000, -12.90000000000001279 ) ) ;
#948 = CARTESIAN_POINT ( 'NONE',  ( 13.90000000000001101, 11.00000000000000000, -3.900000000000011458 ) ) ;
#949 = CARTESIAN_POINT ( 'NONE',  ( 9.900000000000012790, 11.00000000000000000, -11.90000000000001101 ) ) ;
#950 = EDGE_CURVE ( 'NONE', #1149, #2971, #2231, .T. ) ;
#951 = ORIENTED_EDGE ( 'NONE', *, *, #2955, .F. ) ;
#952 = FACE_OUTER_BOUND ( 'NONE', #273, .T. ) ;
#953 = DIRECTION ( 'NONE',  ( 0.000000000000000000, -1.000000000000000000, 0.000000000000000000 ) ) ;
#954 = EDGE_CURVE ( 'NONE', #884, #3238, #80, .T. ) ;
#955 = VERTEX_POINT ( 'NONE', #2334 ) ;
#956 = AXIS2_PLACEMENT_3D ( 'NONE', #2588, #2656, #599 ) ;
#957 = DIRECTION ( 'NONE',  ( 0.7071067811865279218, -0.7071067811865672237, 0.000000000000000000 ) ) ;
#958 = CYLINDRICAL_SURFACE ( 'NONE', #820, 2.000000000000001776 ) ;
#959 = AXIS2_PLACEMENT_3D ( 'NONE', #2872, #2394, #601 ) ;
#960 = AXIS2_PLACEMENT_3D ( 'NONE', #2036, #2259, #248 ) ;
#961 = CIRCLE ( 'NONE', #373, 4.000000000000003553 ) ;
#962 = ORIENTED_EDGE ( 'NONE', *, *, #517, .T. ) ;
#963 = AXIS2_PLACEMENT_3D ( 'NONE', #1295, #751, #1018 ) ;
#964 = CYLINDRICAL_SURFACE ( 'NONE', #708, 4.000000000000003553 ) ;
#965 = EDGE_LOOP ( 'NONE', ( #2707, #1526, #2406, #2858 ) ) ;
#966 = AXIS2_PLACEMENT_3D ( 'NONE', #1054, #1831, #1536 ) ;
#967 = ADVANCED_FACE ( 'NONE', ( #2863 ), #1164, .F. ) ;
#968 = DIRECTION ( 'NONE',  ( 0.000000000000000000, 1.000000000000000000, 0.000000000000000000 ) ) ;
#969 = DIRECTION ( 'NONE',  ( 0.000000000000000000, 0.000000000000000000, 1.000000000000000000 ) ) ;
#970 = EDGE_LOOP ( 'NONE', ( #2125, #502, #3175, #1992 ) ) ;
#971 = EDGE_CURVE ( 'NONE', #2930, #1098, #1345, .T. ) ;
#972 = CARTESIAN_POINT ( 'NONE',  ( 181.8999999999999488, 14.49999999999994671, -6.900000000000011013 ) ) ;
#973 = LINE ( 'NONE', #706, #1674 ) ;
#974 = ORIENTED_EDGE ( 'NONE', *, *, #96, .T. ) ;
#975 = AXIS2_PLACEMENT_3D ( 'NONE', #2440, #1202, #1966 ) ;
#976 = EDGE_CURVE ( 'NONE', #841, #795, #2354, .T. ) ;
#977 = FACE_OUTER_BOUND ( 'NONE', #2035, .T. ) ;
#978 = VERTEX_POINT ( 'NONE', #2624 ) ;
#979 = CARTESIAN_POINT ( 'NONE',  ( 1.900000000000011458, 11.00000000000000000, -1.900000000000011458 ) ) ;
#980 = CARTESIAN_POINT ( 'NONE',  ( 183.8000000000000114, 0.000000000000000000, -5.000000000000000000 ) ) ;
#981 = CYLINDRICAL_SURFACE ( 'NONE', #2048, 1.000000000000000888 ) ;
#982 = ORIENTED_EDGE ( 'NONE', *, *, #501, .F. ) ;
#983 = CARTESIAN_POINT ( 'NONE',  ( 6.900000000000012790, 0.000000000000000000, -5.150000000000011902 ) ) ;
#984 = DIRECTION ( 'NONE',  ( 0.000000000000000000, 0.000000000000000000, 1.000000000000000000 ) ) ;
#985 = ORIENTED_EDGE ( 'NONE', *, *, #2122, .T. ) ;
#986 = CARTESIAN_POINT ( 'NONE',  ( -3.100000000000019185, 14.49999999999999822, 0.000000000000000000 ) ) ;
#987 = CARTESIAN_POINT ( 'NONE',  ( 186.8999999999999488, 11.00000000000000000, -175.9000000000000057 ) ) ;
#988 = ORIENTED_EDGE ( 'NONE', *, *, #2958, .F. ) ;
#989 = ADVANCED_FACE ( 'NONE', ( #2883 ), #1757, .F. ) ;
#990 = CARTESIAN_POINT ( 'NONE',  ( 13.90000000000001101, 12.00000000000000000, -184.9000000000000057 ) ) ;
#991 = ORIENTED_EDGE ( 'NONE', *, *, #611, .T. ) ;
#992 = CARTESIAN_POINT ( 'NONE',  ( 0.000000000000000000, 15.00000000000000000, 0.000000000000000000 ) ) ;
#993 = EDGE_CURVE ( 'NONE', #2301, #3125, #8, .T. ) ;
#994 = LINE ( 'NONE', #1511, #1121 ) ;
#995 = DIRECTION ( 'NONE',  ( 1.000000000000000000, 0.000000000000000000, 0.000000000000000000 ) ) ;
#996 = ORIENTED_EDGE ( 'NONE', *, *, #2745, .F. ) ;
#997 = CARTESIAN_POINT ( 'NONE',  ( 6.900000000000013678, 15.00000000000000000, -186.4000000000000625 ) ) ;
#998 = CARTESIAN_POINT ( 'NONE',  ( 6.900000000000012790, 15.00000000000000000, -181.9000000000000057 ) ) ;
#999 = VERTEX_POINT ( 'NONE', #2117 ) ;
#1000 = DIRECTION ( 'NONE',  ( 0.000000000000000000, 0.000000000000000000, 1.000000000000000000 ) ) ;
#1001 = CARTESIAN_POINT ( 'NONE',  ( 186.8999999999999773, 2.999999999999999112, -186.9000000000000057 ) ) ;
#1002 = CARTESIAN_POINT ( 'NONE',  ( 13.90000000000001101, 11.00000000000000000, -186.9000000000000057 ) ) ;
#1003 = ORIENTED_EDGE ( 'NONE', *, *, #44, .F. ) ;
#1004 = STYLED_ITEM ( 'NONE', ( #934 ), #726 ) ;
#1005 = EDGE_CURVE ( 'NONE', #2371, #3111, #1926, .T. ) ;
#1006 = CARTESIAN_POINT ( 'NONE',  ( 6.900000000000013678, 14.49999999999995737, -185.9000000000000057 ) ) ;
#1007 = ORIENTED_EDGE ( 'NONE', *, *, #501, .T. ) ;
#1008 = DIRECTION ( 'NONE',  ( 0.000000000000000000, -1.000000000000000000, 0.000000000000000000 ) ) ;
#1009 = VECTOR ( 'NONE', #863, 1000.000000000000000 ) ;
#1010 = DIRECTION ( 'NONE',  ( 0.000000000000000000, 1.000000000000000000, 0.000000000000000000 ) ) ;
#1011 = AXIS2_PLACEMENT_3D ( 'NONE', #2266, #3265, #1000 ) ;
#1012 = EDGE_CURVE ( 'NONE', #171, #150, #1359, .T. ) ;
#1013 = DIRECTION ( 'NONE',  ( 0.000000000000000000, 1.000000000000000000, 0.000000000000000000 ) ) ;
#1014 = LINE ( 'NONE', #1549, #2829 ) ;
#1015 = AXIS2_PLACEMENT_3D ( 'NONE', #1545, #2015, #545 ) ;
#1016 = AXIS2_PLACEMENT_3D ( 'NONE', #1942, #2722, #2940 ) ;
#1017 = ORIENTED_EDGE ( 'NONE', *, *, #505, .F. ) ;
#1018 = DIRECTION ( 'NONE',  ( 0.000000000000000000, 0.000000000000000000, 1.000000000000000000 ) ) ;
#1019 = CARTESIAN_POINT ( 'NONE',  ( 0.000000000000000000, 0.5000000000000281997, -188.8000000000000114 ) ) ;
#1020 = ORIENTED_EDGE ( 'NONE', *, *, #2576, .F. ) ;
#1021 = VECTOR ( 'NONE', #2693, 1000.000000000000000 ) ;
#1022 = CARTESIAN_POINT ( 'NONE',  ( 188.8000000000000114, 0.5000000000000281997, -183.8000000000000114 ) ) ;
#1023 = LINE ( 'NONE', #570, #1223 ) ;
#1024 = LINE ( 'NONE', #1725, #1835 ) ;
#1025 = ORIENTED_EDGE ( 'NONE', *, *, #2487, .F. ) ;
#1026 = CLOSED_SHELL ( 'NONE', ( #1381, #2854, #2078, #2976, #388, #2787, #352, #1817, #1138, #1495, #267, #177, #1260, #480, #2596, #1993, #2993, #1727, #1897, #3113, #1294, #3213, #3199, #341, #2615, #2428, #1, #1225, #3202, #1423, #2286, #144, #2214, #772, #1271, #877, #547, #1561, #1402, #2270, #2893, #2197, #2637, #769, #2791, #5, #786, #376, #668, #2696, #1080, #119, #1741, #2013, #849, #2944, #1647, #665, #404, #2717, #1204, #2210, #651, #1936, #245, #1229, #1693, #270, #939, #3034, #435, #2483, #522, #2508, #2817, #3249, #2044, #2115, #212, #2370, #967, #588, #1731, #3216, #2641, #291, #2997, #2291, #2325, #2146, #687, #2228, #645, #1073, #679, #1155, #2367, #2082, #3012, #3210, #1289, #989, #382, #2796, #525, #28, #2161, #2633, #2273, #2838, #1627, #2453 ) ) ;
#1027 = CARTESIAN_POINT ( 'NONE',  ( 191.8999999999999773, 2.999999999999999112, 0.000000000000000000 ) ) ;
#1028 = AXIS2_PLACEMENT_3D ( 'NONE', #3236, #2268, #1537 ) ;
#1029 = DIRECTION ( 'NONE',  ( 0.000000000000000000, 0.000000000000000000, -1.000000000000000000 ) ) ;
#1030 = AXIS2_PLACEMENT_3D ( 'NONE', #796, #781, #2574 ) ;
#1031 = CYLINDRICAL_SURFACE ( 'NONE', #593, 4.000000000000003553 ) ;
#1032 = CARTESIAN_POINT ( 'NONE',  ( 178.8999999999999488, -14.14213562373095279, -11.90000000000001101 ) ) ;
#1033 = EDGE_LOOP ( 'NONE', ( #1593, #1700, #1595, #624 ) ) ;
#1034 = EDGE_CURVE ( 'NONE', #51, #3007, #419, .T. ) ;
#1035 = CARTESIAN_POINT ( 'NONE',  ( 2.900000000000011458, 11.00000000000000000, -174.9000000000000057 ) ) ;
#1036 = CARTESIAN_POINT ( 'NONE',  ( 5.000000000000000000, 11.00000000000000000, -175.9000000000000057 ) ) ;
#1037 = EDGE_LOOP ( 'NONE', ( #3255, #717 ) ) ;
#1038 = EDGE_CURVE ( 'NONE', #1863, #1465, #1580, .T. ) ;
#1039 = DIRECTION ( 'NONE',  ( 0.000000000000000000, 0.000000000000000000, -1.000000000000000000 ) ) ;
#1040 = CARTESIAN_POINT ( 'NONE',  ( 3.900000000000011458, 11.00000000000000000, -13.90000000000001101 ) ) ;
#1041 = ORIENTED_EDGE ( 'NONE', *, *, #870, .F. ) ;
#1042 = CARTESIAN_POINT ( 'NONE',  ( 178.8999999999999488, 12.00000000000000000, -175.9000000000000057 ) ) ;
#1043 = CARTESIAN_POINT ( 'NONE',  ( 186.8999999999999773, 14.49999999999999822, -186.9000000000000057 ) ) ;
#1044 = LINE ( 'NONE', #1564, #63 ) ;
#1045 = CARTESIAN_POINT ( 'NONE',  ( 184.9000000000000057, 11.00000000000000000, -175.9000000000000057 ) ) ;
#1046 = ORIENTED_EDGE ( 'NONE', *, *, #2457, .T. ) ;
#1047 = CARTESIAN_POINT ( 'NONE',  ( 186.8999999999999773, 2.999999999999999112, -1.900000000000008349 ) ) ;
#1048 = VERTEX_POINT ( 'NONE', #2635 ) ;
#1049 = DIRECTION ( 'NONE',  ( 0.000000000000000000, 0.000000000000000000, 1.000000000000000000 ) ) ;
#1050 = CARTESIAN_POINT ( 'NONE',  ( 178.8999999999999488, 11.00000000000000000, -11.90000000000001101 ) ) ;
#1051 = EDGE_CURVE ( 'NONE', #3111, #2278, #1318, .T. ) ;
#1052 = ORIENTED_EDGE ( 'NONE', *, *, #1307, .T. ) ;
#1053 = FACE_OUTER_BOUND ( 'NONE', #622, .T. ) ;
#1054 = CARTESIAN_POINT ( 'NONE',  ( 0.000000000000000000, 2.999999999999999112, -191.9000000000000057 ) ) ;
#1055 = EDGE_CURVE ( 'NONE', #1135, #178, #2600, .T. ) ;
#1056 = ORIENTED_EDGE ( 'NONE', *, *, #2181, .F. ) ;
#1057 = ORIENTED_EDGE ( 'NONE', *, *, #1105, .T. ) ;
#1058 = DIRECTION ( 'NONE',  ( 0.000000000000000000, 0.000000000000000000, 1.000000000000000000 ) ) ;
#1059 =( GEOMETRIC_REPRESENTATION_CONTEXT ( 3 ) GLOBAL_UNCERTAINTY_ASSIGNED_CONTEXT ( ( #879 ) ) GLOBAL_UNIT_ASSIGNED_CONTEXT ( ( #677, #649, #2425 ) ) REPRESENTATION_CONTEXT ( 'NONE', 'WORKASPACE' ) );
#1060 = VERTEX_POINT ( 'NONE', #1104 ) ;
#1061 = FACE_OUTER_BOUND ( 'NONE', #1396, .T. ) ;
#1062 = ORIENTED_EDGE ( 'NONE', *, *, #993, .T. ) ;
#1063 = VECTOR ( 'NONE', #1638, 1000.000000000000000 ) ;
#1064 = FACE_OUTER_BOUND ( 'NONE', #2931, .T. ) ;
#1065 = CYLINDRICAL_SURFACE ( 'NONE', #527, 1.750000000000001554 ) ;
#1066 = AXIS2_PLACEMENT_3D ( 'NONE', #2535, #2519, #1837 ) ;
#1067 = VERTEX_POINT ( 'NONE', #67 ) ;
#1068 = EDGE_CURVE ( 'NONE', #386, #1060, #845, .T. ) ;
#1069 = CIRCLE ( 'NONE', #1016, 1.000000000000000888 ) ;
#1070 = DIRECTION ( 'NONE',  ( 0.000000000000000000, 0.000000000000000000, 1.000000000000000000 ) ) ;
#1071 = PLANE ( 'NONE',  #966 ) ;
#1072 = ORIENTED_EDGE ( 'NONE', *, *, #357, .T. ) ;
#1073 = ADVANCED_FACE ( 'NONE', ( #595 ), #2104, .F. ) ;
#1074 = EDGE_CURVE ( 'NONE', #2297, #3125, #2007, .T. ) ;
#1075 = CARTESIAN_POINT ( 'NONE',  ( 191.8999999999999773, 15.00000000000000000, -186.9000000000000057 ) ) ;
#1076 = AXIS2_PLACEMENT_3D ( 'NONE', #1137, #637, #840 ) ;
#1077 = ORIENTED_EDGE ( 'NONE', *, *, #1632, .F. ) ;
#1078 = DIRECTION ( 'NONE',  ( 0.000000000000000000, 1.000000000000000000, 0.000000000000000000 ) ) ;
#1079 = AXIS2_PLACEMENT_3D ( 'NONE', #183, #1163, #702 ) ;
#1080 = ADVANCED_FACE ( 'NONE', ( #1053 ), #536, .F. ) ;
#1081 = ORIENTED_EDGE ( 'NONE', *, *, #1805, .T. ) ;
#1082 = FACE_BOUND ( 'NONE', #3086, .T. ) ;
#1083 = CIRCLE ( 'NONE', #1507, 4.500000000000058620 ) ;
#1084 = CARTESIAN_POINT ( 'NONE',  ( 13.90000000000001101, 15.00000000000000000, -3.900000000000011458 ) ) ;
#1085 = CARTESIAN_POINT ( 'NONE',  ( 6.900000000000012790, 14.49999999999995737, -177.9000000000000057 ) ) ;
#1086 = ORIENTED_EDGE ( 'NONE', *, *, #48, .T. ) ;
#1087 = DIRECTION ( 'NONE',  ( 0.000000000000000000, 1.000000000000000000, -0.000000000000000000 ) ) ;
#1088 = ORIENTED_EDGE ( 'NONE', *, *, #976, .F. ) ;
#1089 = CARTESIAN_POINT ( 'NONE',  ( 181.8999999999999488, 9.999999999999998224, -2.900000000000019007 ) ) ;
#1090 = ORIENTED_EDGE ( 'NONE', *, *, #1436, .T. ) ;
#1091 = EDGE_CURVE ( 'NONE', #2927, #1615, #774, .T. ) ;
#1092 = DIRECTION ( 'NONE',  ( 0.000000000000000000, -1.000000000000000000, 0.000000000000000000 ) ) ;
#1093 = DIRECTION ( 'NONE',  ( -1.000000000000000000, 0.000000000000000000, 0.000000000000000000 ) ) ;
#1094 = EDGE_CURVE ( 'NONE', #2239, #713, #1575, .T. ) ;
#1095 = ORIENTED_EDGE ( 'NONE', *, *, #1744, .T. ) ;
#1096 = FACE_OUTER_BOUND ( 'NONE', #749, .T. ) ;
#1097 = CARTESIAN_POINT ( 'NONE',  ( 6.900000000000012790, 9.999999999999998224, -181.9000000000000057 ) ) ;
#1098 = VERTEX_POINT ( 'NONE', #281 ) ;
#1099 = CARTESIAN_POINT ( 'NONE',  ( 1.900000000000011458, 15.00000000000000000, -1.900000000000011458 ) ) ;
#1100 = FACE_OUTER_BOUND ( 'NONE', #35, .T. ) ;
#1101 = ORIENTED_EDGE ( 'NONE', *, *, #1378, .T. ) ;
#1102 = CARTESIAN_POINT ( 'NONE',  ( 9.900000000000012790, -14.14213562373095279, -11.90000000000001101 ) ) ;
#1103 = ORIENTED_EDGE ( 'NONE', *, *, #628, .F. ) ;
#1104 = CARTESIAN_POINT ( 'NONE',  ( 13.90000000000001101, 11.00000000000000000, -1.900000000000011458 ) ) ;
#1105 = EDGE_CURVE ( 'NONE', #45, #892, #1520, .T. ) ;
#1106 = VERTEX_POINT ( 'NONE', #2299 ) ;
#1107 = DIRECTION ( 'NONE',  ( 0.000000000000000000, 1.000000000000000000, 0.000000000000000000 ) ) ;
#1108 = EDGE_CURVE ( 'NONE', #184, #1427, #1603, .T. ) ;
#1109 = AXIS2_PLACEMENT_3D ( 'NONE', #2773, #224, #2751 ) ;
#1110 = CARTESIAN_POINT ( 'NONE',  ( 3.900000000000011458, 11.00000000000000000, -174.9000000000000057 ) ) ;
#1111 = PLANE ( 'NONE',  #366 ) ;
#1112 = DIRECTION ( 'NONE',  ( 0.000000000000000000, -1.000000000000000000, 0.000000000000000000 ) ) ;
#1113 = AXIS2_PLACEMENT_3D ( 'NONE', #2643, #580, #101 ) ;
#1114 = AXIS2_PLACEMENT_3D ( 'NONE', #95, #2132, #241 ) ;
#1115 = ORIENTED_EDGE ( 'NONE', *, *, #3268, .F. ) ;
#1116 = EDGE_CURVE ( 'NONE', #1863, #218, #32, .T. ) ;
#1117 = DIRECTION ( 'NONE',  ( 0.000000000000000000, 1.000000000000000000, 0.000000000000000000 ) ) ;
#1118 = AXIS2_PLACEMENT_3D ( 'NONE', #1409, #1087, #1070 ) ;
#1119 = DIRECTION ( 'NONE',  ( 0.000000000000000000, 0.7071067811865672237, 0.7071067811865279218 ) ) ;
#1120 = EDGE_LOOP ( 'NONE', ( #2198, #1927, #2597, #838 ) ) ;
#1121 = VECTOR ( 'NONE', #1785, 1000.000000000000000 ) ;
#1122 = AXIS2_PLACEMENT_3D ( 'NONE', #2109, #1856, #2851 ) ;
#1123 = CARTESIAN_POINT ( 'NONE',  ( 184.9000000000000057, 12.00000000000000000, -175.9000000000000057 ) ) ;
#1124 = AXIS2_PLACEMENT_3D ( 'NONE', #2898, #1398, #629 ) ;
#1125 = ORIENTED_EDGE ( 'NONE', *, *, #2385, .T. ) ;
#1126 = VERTEX_POINT ( 'NONE', #261 ) ;
#1127 = CIRCLE ( 'NONE', #170, 1.999999999999999556 ) ;
#1128 = FACE_OUTER_BOUND ( 'NONE', #2649, .T. ) ;
#1129 = ORIENTED_EDGE ( 'NONE', *, *, #1956, .F. ) ;
#1130 = CARTESIAN_POINT ( 'NONE',  ( 188.8000000000000114, 0.5000000000000281997, -183.8000000000000114 ) ) ;
#1131 = VECTOR ( 'NONE', #3152, 1000.000000000000000 ) ;
#1132 = CARTESIAN_POINT ( 'NONE',  ( 188.3000000000000114, 0.000000000000000000, -5.000000000000000000 ) ) ;
#1133 = DIRECTION ( 'NONE',  ( 0.000000000000000000, 1.000000000000000000, -0.000000000000000000 ) ) ;
#1134 = EDGE_CURVE ( 'NONE', #368, #1465, #1438, .T. ) ;
#1135 = VERTEX_POINT ( 'NONE', #2313 ) ;
#1136 = CARTESIAN_POINT ( 'NONE',  ( 191.8999999999999773, 14.49999999999999822, -1.900000000000008349 ) ) ;
#1137 = CARTESIAN_POINT ( 'NONE',  ( 181.8999999999999488, 9.999999999999998224, -181.9000000000000057 ) ) ;
#1138 = ADVANCED_FACE ( 'NONE', ( #2580 ), #2792, .F. ) ;
#1139 = ORIENTED_EDGE ( 'NONE', *, *, #881, .T. ) ;
#1140 = DIRECTION ( 'NONE',  ( 0.000000000000000000, 1.000000000000000000, 0.000000000000000000 ) ) ;
#1141 = DIRECTION ( 'NONE',  ( 0.000000000000000000, 0.000000000000000000, 1.000000000000000000 ) ) ;
#1142 = ORIENTED_EDGE ( 'NONE', *, *, #704, .T. ) ;
#1143 = FACE_OUTER_BOUND ( 'NONE', #2184, .T. ) ;
#1144 = CARTESIAN_POINT ( 'NONE',  ( 1.900000000000012790, 0.000000000000000000, -176.9000000000000057 ) ) ;
#1145 = ORIENTED_EDGE ( 'NONE', *, *, #2181, .T. ) ;
#1146 = CARTESIAN_POINT ( 'NONE',  ( 191.3999999999999488, 15.00000000000000000, 0.000000000000000000 ) ) ;
#1147 = DIRECTION ( 'NONE',  ( 0.000000000000000000, -1.000000000000000000, 0.000000000000000000 ) ) ;
#1148 = DIRECTION ( 'NONE',  ( 0.000000000000000000, -0.000000000000000000, 1.000000000000000000 ) ) ;
#1149 = VERTEX_POINT ( 'NONE', #2079 ) ;
#1150 = EDGE_CURVE ( 'NONE', #1845, #111, #805, .T. ) ;
#1151 = DIRECTION ( 'NONE',  ( 0.000000000000000000, 1.000000000000000000, 0.000000000000000000 ) ) ;
#1152 = CARTESIAN_POINT ( 'NONE',  ( -3.100000000000019185, 2.999999999999999112, -1.900000000000008349 ) ) ;
#1153 = EDGE_LOOP ( 'NONE', ( #166, #411, #463, #1372 ) ) ;
#1154 = DIRECTION ( 'NONE',  ( 1.000000000000000000, -0.000000000000000000, 0.000000000000000000 ) ) ;
#1155 = ADVANCED_FACE ( 'NONE', ( #3024 ), #314, .T. ) ;
#1156 = DIRECTION ( 'NONE',  ( -0.7071067811865279218, 0.7071067811865672237, 0.000000000000000000 ) ) ;
#1157 = ORIENTED_EDGE ( 'NONE', *, *, #581, .F. ) ;
#1158 = DIRECTION ( 'NONE',  ( 0.000000000000000000, -1.000000000000000000, 0.000000000000000000 ) ) ;
#1159 = CARTESIAN_POINT ( 'NONE',  ( 181.8999999999999488, 9.999999999999998224, -177.9000000000000057 ) ) ;
#1160 = ORIENTED_EDGE ( 'NONE', *, *, #935, .F. ) ;
#1161 = AXIS2_PLACEMENT_3D ( 'NONE', #900, #2688, #714 ) ;
#1162 = DIRECTION ( 'NONE',  ( -0.000000000000000000, 1.000000000000000000, -0.000000000000000000 ) ) ;
#1163 = DIRECTION ( 'NONE',  ( -0.7071067811865672237, -0.7071067811865279218, -0.000000000000000000 ) ) ;
#1164 = TOROIDAL_SURFACE ( 'NONE', #799, 3.000000000000000000, 1.000000000000000000 ) ;
#1165 = EDGE_LOOP ( 'NONE', ( #2806, #2601, #1626, #2072 ) ) ;
#1166 = EDGE_CURVE ( 'NONE', #829, #184, #2511, .T. ) ;
#1167 = AXIS2_PLACEMENT_3D ( 'NONE', #1304, #2107, #3100 ) ;
#1168 = VECTOR ( 'NONE', #2327, 1000.000000000000000 ) ;
#1169 = DIRECTION ( 'NONE',  ( 0.000000000000000000, -1.000000000000000000, 0.000000000000000000 ) ) ;
#1170 = VECTOR ( 'NONE', #1594, 1000.000000000000000 ) ;
#1171 = AXIS2_PLACEMENT_3D ( 'NONE', #1893, #1604, #2159 ) ;
#1172 = VERTEX_POINT ( 'NONE', #58 ) ;
#1173 = EDGE_CURVE ( 'NONE', #2081, #573, #158, .T. ) ;
#1174 = CIRCLE ( 'NONE', #118, 3.999999999999992450 ) ;
#1175 = ORIENTED_EDGE ( 'NONE', *, *, #1186, .T. ) ;
#1176 = DIRECTION ( 'NONE',  ( -1.000000000000000000, 0.000000000000000000, 0.000000000000000000 ) ) ;
#1177 = EDGE_CURVE ( 'NONE', #1508, #1661, #472, .T. ) ;
#1178 = CONICAL_SURFACE ( 'NONE', #3029, 4.000000000000001776, 0.7853981633974613796 ) ;
#1179 = CARTESIAN_POINT ( 'NONE',  ( 5.000000000000000000, 11.00000000000000000, -12.90000000000001279 ) ) ;
#1180 = ORIENTED_EDGE ( 'NONE', *, *, #3268, .T. ) ;
#1181 = CARTESIAN_POINT ( 'NONE',  ( 174.8999999999999488, 11.00000000000000000, -186.9000000000000057 ) ) ;
#1182 = AXIS2_PLACEMENT_3D ( 'NONE', #2735, #698, #2485 ) ;
#1183 = ORIENTED_EDGE ( 'NONE', *, *, #2392, .F. ) ;
#1184 = VECTOR ( 'NONE', #2019, 1000.000000000000000 ) ;
#1185 = CARTESIAN_POINT ( 'NONE',  ( 181.8999999999999488, 9.999999999999998224, -181.9000000000000057 ) ) ;
#1186 = EDGE_CURVE ( 'NONE', #1432, #1845, #482, .T. ) ;
#1187 = ORIENTED_EDGE ( 'NONE', *, *, #1315, .F. ) ;
#1188 = CARTESIAN_POINT ( 'NONE',  ( 1.900000000000012790, -14.14213562373095279, -176.9000000000000057 ) ) ;
#1189 = EDGE_CURVE ( 'NONE', #1300, #978, #1778, .T. ) ;
#1190 = ORIENTED_EDGE ( 'NONE', *, *, #2118, .F. ) ;
#1191 = CARTESIAN_POINT ( 'NONE',  ( 6.900000000000012790, 14.49999999999995737, -181.9000000000000057 ) ) ;
#1192 = DIRECTION ( 'NONE',  ( -1.000000000000000000, 0.000000000000000000, 0.000000000000000000 ) ) ;
#1193 = EDGE_LOOP ( 'NONE', ( #3220, #1441, #6, #446 ) ) ;
#1194 = DIRECTION ( 'NONE',  ( -0.000000000000000000, 1.000000000000000000, -0.000000000000000000 ) ) ;
#1195 = DIRECTION ( 'NONE',  ( -0.000000000000000000, 1.000000000000000000, -0.000000000000000000 ) ) ;
#1196 = VERTEX_POINT ( 'NONE', #1136 ) ;
#1197 = CARTESIAN_POINT ( 'NONE',  ( 176.8999999999999488, 11.00000000000000000, -9.900000000000011013 ) ) ;
#1198 = ORIENTED_EDGE ( 'NONE', *, *, #2471, .T. ) ;
#1199 = DIRECTION ( 'NONE',  ( 0.000000000000000000, 1.000000000000000000, 0.000000000000000000 ) ) ;
#1200 = EDGE_CURVE ( 'NONE', #1400, #155, #1708, .T. ) ;
#1201 = CYLINDRICAL_SURFACE ( 'NONE', #320, 2.000000000000001776 ) ;
#1202 = DIRECTION ( 'NONE',  ( 0.000000000000000000, 1.000000000000000000, 0.000000000000000000 ) ) ;
#1203 = ORIENTED_EDGE ( 'NONE', *, *, #1460, .F. ) ;
#1204 = ADVANCED_FACE ( 'NONE', ( #1591 ), #207, .F. ) ;
#1205 = DIRECTION ( 'NONE',  ( 0.000000000000000000, -1.000000000000000000, 0.000000000000000000 ) ) ;
#1206 = ORIENTED_EDGE ( 'NONE', *, *, #2621, .F. ) ;
#1207 = EDGE_CURVE ( 'NONE', #150, #1261, #2337, .T. ) ;
#1208 = CIRCLE ( 'NONE', #202, 2.000000000000000000 ) ;
#1209 = MECHANICAL_DESIGN_GEOMETRIC_PRESENTATION_REPRESENTATION (  '', ( #1004 ), #1059 ) ;
#1210 = CARTESIAN_POINT ( 'NONE',  ( 6.900000000000012790, 9.999999999999998224, -2.900000000000009237 ) ) ;
#1211 = FACE_OUTER_BOUND ( 'NONE', #3207, .T. ) ;
#1212 = ORIENTED_EDGE ( 'NONE', *, *, #249, .F. ) ;
#1213 = VECTOR ( 'NONE', #1078, 1000.000000000000000 ) ;
#1214 = CIRCLE ( 'NONE', #318, 5.000000000000004441 ) ;
#1215 = VECTOR ( 'NONE', #1557, 1000.000000000000000 ) ;
#1216 = CYLINDRICAL_SURFACE ( 'NONE', #3019, 2.000000000000000000 ) ;
#1217 = ORIENTED_EDGE ( 'NONE', *, *, #2308, .T. ) ;
#1218 = LINE ( 'NONE', #2243, #1750 ) ;
#1219 = VECTOR ( 'NONE', #2360, 1000.000000000000000 ) ;
#1220 = DIRECTION ( 'NONE',  ( 1.000000000000000000, 0.000000000000000000, 0.000000000000000000 ) ) ;
#1221 = CARTESIAN_POINT ( 'NONE',  ( 6.900000000000012790, 14.49999999999995559, -6.900000000000011013 ) ) ;
#1222 = EDGE_LOOP ( 'NONE', ( #1755, #2655, #660, #3094 ) ) ;
#1223 = VECTOR ( 'NONE', #1592, 1000.000000000000000 ) ;
#1224 = DIRECTION ( 'NONE',  ( 0.000000000000000000, 0.000000000000000000, 1.000000000000000000 ) ) ;
#1225 = ADVANCED_FACE ( 'NONE', ( #620 ), #333, .T. ) ;
#1226 = VERTEX_POINT ( 'NONE', #3107 ) ;
#1227 = AXIS2_PLACEMENT_3D ( 'NONE', #2465, #1456, #1141 ) ;
#1228 = DIRECTION ( 'NONE',  ( 0.000000000000000000, 0.000000000000000000, -1.000000000000000000 ) ) ;
#1229 = ADVANCED_FACE ( 'NONE', ( #1898 ), #2098, .F. ) ;
#1230 = FACE_OUTER_BOUND ( 'NONE', #1033, .T. ) ;
#1231 = ORIENTED_EDGE ( 'NONE', *, *, #2897, .F. ) ;
#1232 = AXIS2_PLACEMENT_3D ( 'NONE', #1040, #1875, #2678 ) ;
#1233 = CONICAL_SURFACE ( 'NONE', #737, 4.499999999999976019, 0.7853981633974717047 ) ;
#1234 = PLANE ( 'NONE',  #1331 ) ;
#1235 = EDGE_LOOP ( 'NONE', ( #2691, #2455, #2077, #1579 ) ) ;
#1236 = DIRECTION ( 'NONE',  ( 0.000000000000000000, -1.000000000000000000, 0.000000000000000000 ) ) ;
#1237 = DIRECTION ( 'NONE',  ( -1.000000000000000000, 0.000000000000000000, -0.000000000000000000 ) ) ;
#1238 = DIRECTION ( 'NONE',  ( 0.000000000000000000, 0.000000000000000000, 1.000000000000000000 ) ) ;
#1239 = VERTEX_POINT ( 'NONE', #89 ) ;
#1240 = CARTESIAN_POINT ( 'NONE',  ( -2.599999999999991207, 15.00000000000000000, 0.000000000000000000 ) ) ;
#1241 = DIRECTION ( 'NONE',  ( 0.000000000000000000, 1.000000000000000000, 0.000000000000000000 ) ) ;
#1242 = ORIENTED_EDGE ( 'NONE', *, *, #1515, .F. ) ;
#1243 = EDGE_CURVE ( 'NONE', #1098, #2770, #1488, .T. ) ;
#1244 = CARTESIAN_POINT ( 'NONE',  ( 174.8999999999999488, 12.00000000000000000, -184.9000000000000057 ) ) ;
#1245 = CYLINDRICAL_SURFACE ( 'NONE', #3087, 5.000000000000004441 ) ;
#1246 = CARTESIAN_POINT ( 'NONE',  ( 1.899999999999980593, 15.00000000000000000, -186.9000000000000057 ) ) ;
#1247 = EDGE_LOOP ( 'NONE', ( #988, #2570, #1867, #2089 ) ) ;
#1248 = EDGE_CURVE ( 'NONE', #331, #3028, #3092, .T. ) ;
#1249 = FACE_BOUND ( 'NONE', #922, .T. ) ;
#1250 = DIRECTION ( 'NONE',  ( 1.000000000000000000, -0.000000000000000000, 0.000000000000000000 ) ) ;
#1251 = FACE_OUTER_BOUND ( 'NONE', #1747, .T. ) ;
#1252 = DIRECTION ( 'NONE',  ( 0.000000000000000000, 0.000000000000000000, 1.000000000000000000 ) ) ;
#1253 = ORIENTED_EDGE ( 'NONE', *, *, #954, .T. ) ;
#1254 = DIRECTION ( 'NONE',  ( 0.000000000000000000, -1.000000000000000000, 0.000000000000000000 ) ) ;
#1255 = CARTESIAN_POINT ( 'NONE',  ( 181.8999999999999488, 15.00000000000000000, -2.399999999999952394 ) ) ;
#1256 = ORIENTED_EDGE ( 'NONE', *, *, #831, .F. ) ;
#1257 = DIRECTION ( 'NONE',  ( -0.7071067811865672237, 0.7071067811865279218, 0.000000000000000000 ) ) ;
#1258 = CARTESIAN_POINT ( 'NONE',  ( 181.8999999999999488, 14.49999999999994671, -2.900000000000019007 ) ) ;
#1259 = CARTESIAN_POINT ( 'NONE',  ( 188.8000000000000114, 2.999999999999999112, -183.8000000000000114 ) ) ;
#1260 = ADVANCED_FACE ( 'NONE', ( #636 ), #3160, .F. ) ;
#1261 = VERTEX_POINT ( 'NONE', #104 ) ;
#1262 = LINE ( 'NONE', #1525, #855 ) ;
#1263 = EDGE_CURVE ( 'NONE', #826, #1135, #890, .T. ) ;
#1264 = AXIS2_PLACEMENT_3D ( 'NONE', #1554, #239, #784 ) ;
#1265 = CARTESIAN_POINT ( 'NONE',  ( 186.8999999999999773, 15.00000000000000000, -1.900000000000008349 ) ) ;
#1266 = AXIS2_PLACEMENT_3D ( 'NONE', #2566, #2527, #2542 ) ;
#1267 =( NAMED_UNIT ( * ) PLANE_ANGLE_UNIT ( ) SI_UNIT ( $, .RADIAN. ) );
#1268 = AXIS2_PLACEMENT_3D ( 'NONE', #3063, #508, #3048 ) ;
#1269 = AXIS2_PLACEMENT_3D ( 'NONE', #1879, #607, #1336 ) ;
#1270 = DIRECTION ( 'NONE',  ( 0.000000000000000000, 0.000000000000000000, -1.000000000000000000 ) ) ;
#1271 = ADVANCED_FACE ( 'NONE', ( #2663, #389 ), #1369, .F. ) ;
#1272 = LINE ( 'NONE', #1800, #436 ) ;
#1273 = AXIS2_PLACEMENT_3D ( 'NONE', #2780, #2532, #246 ) ;
#1274 = CIRCLE ( 'NONE', #2710, 4.500000000000058620 ) ;
#1275 = ORIENTED_EDGE ( 'NONE', *, *, #124, .F. ) ;
#1276 = CARTESIAN_POINT ( 'NONE',  ( 1.899999999999980593, 2.999999999999999112, -1.900000000000008349 ) ) ;
#1277 = CIRCLE ( 'NONE', #1714, 2.000000000000001776 ) ;
#1278 = CARTESIAN_POINT ( 'NONE',  ( 181.8999999999999488, 9.999999999999998224, -8.650000000000009237 ) ) ;
#1279 = VERTEX_POINT ( 'NONE', #569 ) ;
#1280 = DIRECTION ( 'NONE',  ( 0.000000000000000000, 0.000000000000000000, 1.000000000000000000 ) ) ;
#1281 = CARTESIAN_POINT ( 'NONE',  ( 11.90000000000001101, -14.14213562373095279, -1.900000000000011013 ) ) ;
#1282 = CARTESIAN_POINT ( 'NONE',  ( -2.599999999999991207, 15.00000000000000000, -1.900000000000008349 ) ) ;
#1283 = VERTEX_POINT ( 'NONE', #824 ) ;
#1284 = VECTOR ( 'NONE', #1156, 1000.000000000000000 ) ;
#1285 = FACE_OUTER_BOUND ( 'NONE', #1037, .T. ) ;
#1286 = CIRCLE ( 'NONE', #1991, 4.000000000000002665 ) ;
#1287 = DIRECTION ( 'NONE',  ( 0.000000000000000000, 1.000000000000000000, 0.000000000000000000 ) ) ;
#1288 = SURFACE_STYLE_FILL_AREA ( #765 ) ;
#1289 = ADVANCED_FACE ( 'NONE', ( #1846 ), #2706, .F. ) ;
#1290 = CARTESIAN_POINT ( 'NONE',  ( 183.8000000000000114, 0.5000000000000281997, -5.000000000000000000 ) ) ;
#1291 = ORIENTED_EDGE ( 'NONE', *, *, #743, .F. ) ;
#1292 = CARTESIAN_POINT ( 'NONE',  ( 1.899999999999980593, 14.49999999999999822, 3.099999999999991651 ) ) ;
#1293 = ORIENTED_EDGE ( 'NONE', *, *, #2039, .T. ) ;
#1294 = ADVANCED_FACE ( 'NONE', ( #2377 ), #2855, .T. ) ;
#1295 = CARTESIAN_POINT ( 'NONE',  ( 178.8999999999999488, 11.00000000000000000, -12.90000000000001279 ) ) ;
#1296 = DIRECTION ( 'NONE',  ( -1.734723475976807094E-16, -0.000000000000000000, 1.000000000000000000 ) ) ;
#1297 = EDGE_LOOP ( 'NONE', ( #614, #2318, #2828, #2411 ) ) ;
#1298 = DIRECTION ( 'NONE',  ( -1.000000000000000000, 0.000000000000000000, 0.000000000000000000 ) ) ;
#1299 = CARTESIAN_POINT ( 'NONE',  ( 174.8999999999999488, 11.00000000000000000, -3.900000000000011458 ) ) ;
#1300 = VERTEX_POINT ( 'NONE', #3122 ) ;
#1301 = EDGE_LOOP ( 'NONE', ( #530, #1231, #2754, #363 ) ) ;
#1302 = LINE ( 'NONE', #21, #2335 ) ;
#1303 = FACE_OUTER_BOUND ( 'NONE', #1480, .T. ) ;
#1304 = CARTESIAN_POINT ( 'NONE',  ( 6.900000000000012790, 14.49999999999995737, -181.9000000000000057 ) ) ;
#1305 = ORIENTED_EDGE ( 'NONE', *, *, #2294, .F. ) ;
#1306 = CARTESIAN_POINT ( 'NONE',  ( 1.899999999999980593, 15.00000000000000000, -1.900000000000008349 ) ) ;
#1307 = EDGE_CURVE ( 'NONE', #395, #541, #1353, .T. ) ;
#1308 = EDGE_LOOP ( 'NONE', ( #2469, #2307, #3031, #1206 ) ) ;
#1309 = FACE_OUTER_BOUND ( 'NONE', #1355, .T. ) ;
#1310 = PLANE ( 'NONE',  #2650 ) ;
#1311 = EDGE_CURVE ( 'NONE', #2301, #2683, #854, .T. ) ;
#1312 = ORIENTED_EDGE ( 'NONE', *, *, #1408, .T. ) ;
#1313 = DIRECTION ( 'NONE',  ( 0.000000000000000000, 0.000000000000000000, -1.000000000000000000 ) ) ;
#1314 = CARTESIAN_POINT ( 'NONE',  ( 12.90000000000001279, 11.00000000000000000, -1.900000000000010791 ) ) ;
#1315 = EDGE_CURVE ( 'NONE', #2187, #3204, #914, .T. ) ;
#1316 = ORIENTED_EDGE ( 'NONE', *, *, #2067, .T. ) ;
#1317 = ORIENTED_EDGE ( 'NONE', *, *, #1477, .T. ) ;
#1318 = LINE ( 'NONE', #112, #691 ) ;
#1319 = CIRCLE ( 'NONE', #1161, 1.000000000000000888 ) ;
#1320 =( NAMED_UNIT ( * ) PLANE_ANGLE_UNIT ( ) SI_UNIT ( $, .RADIAN. ) );
#1321 = CARTESIAN_POINT ( 'NONE',  ( 1.900000000000011458, 15.00000000000000000, -13.90000000000001101 ) ) ;
#1322 = CIRCLE ( 'NONE', #3127, 2.000000000000000000 ) ;
#1323 = AXIS2_PLACEMENT_3D ( 'NONE', #408, #1429, #2437 ) ;
#1324 = EDGE_LOOP ( 'NONE', ( #1129, #192, #722, #247 ) ) ;
#1325 = CYLINDRICAL_SURFACE ( 'NONE', #956, 2.000000000000000000 ) ;
#1326 = EDGE_LOOP ( 'NONE', ( #1317, #3037, #1198, #2233, #1139, #3172, #1915, #594 ) ) ;
#1327 = VECTOR ( 'NONE', #3105, 1000.000000000000000 ) ;
#1328 = VECTOR ( 'NONE', #1250, 1000.000000000000000 ) ;
#1329 = CYLINDRICAL_SURFACE ( 'NONE', #1122, 1.000000000000000888 ) ;
#1330 = LINE ( 'NONE', #2661, #1437 ) ;
#1331 = AXIS2_PLACEMENT_3D ( 'NONE', #2994, #3254, #232 ) ;
#1332 = AXIS2_PLACEMENT_3D ( 'NONE', #2708, #2692, #904 ) ;
#1333 = VERTEX_POINT ( 'NONE', #2972 ) ;
#1334 = CIRCLE ( 'NONE', #2238, 1.000000000000000888 ) ;
#1335 = EDGE_CURVE ( 'NONE', #325, #1427, #194, .T. ) ;
#1336 = DIRECTION ( 'NONE',  ( 0.000000000000000000, 0.000000000000000000, -1.000000000000000000 ) ) ;
#1337 = DIRECTION ( 'NONE',  ( -1.000000000000000000, 0.000000000000000000, 0.000000000000000000 ) ) ;
#1338 = AXIS2_PLACEMENT_3D ( 'NONE', #483, #2478, #3217 ) ;
#1339 = EDGE_LOOP ( 'NONE', ( #2959, #1312, #123, #1416, #1737, #1081, #290, #899 ) ) ;
#1340 = DIRECTION ( 'NONE',  ( 0.000000000000000000, 0.000000000000000000, -1.000000000000000000 ) ) ;
#1341 = EDGE_CURVE ( 'NONE', #3062, #2522, #2177, .T. ) ;
#1342 = AXIS2_PLACEMENT_3D ( 'NONE', #1899, #621, #365 ) ;
#1343 = VERTEX_POINT ( 'NONE', #2725 ) ;
#1344 = VERTEX_POINT ( 'NONE', #1989 ) ;
#1345 = LINE ( 'NONE', #3083, #2753 ) ;
#1346 = CARTESIAN_POINT ( 'NONE',  ( 174.8999999999999488, 0.000000000000000000, -184.9000000000000057 ) ) ;
#1347 = CIRCLE ( 'NONE', #764, 2.000000000000000000 ) ;
#1348 = ORIENTED_EDGE ( 'NONE', *, *, #2118, .T. ) ;
#1349 = CIRCLE ( 'NONE', #766, 2.000000000000001776 ) ;
#1350 = DIRECTION ( 'NONE',  ( -0.000000000000000000, -1.000000000000000000, -0.000000000000000000 ) ) ;
#1351 = DIRECTION ( 'NONE',  ( 0.000000000000000000, 1.000000000000000000, 0.000000000000000000 ) ) ;
#1352 = ORIENTED_EDGE ( 'NONE', *, *, #1335, .F. ) ;
#1353 = LINE ( 'NONE', #2616, #643 ) ;
#1354 = CARTESIAN_POINT ( 'NONE',  ( 0.000000000000000000, 2.999999999999999112, 3.099999999999991651 ) ) ;
#1355 = EDGE_LOOP ( 'NONE', ( #2096, #349, #2786, #2992 ) ) ;
#1356 = EDGE_CURVE ( 'NONE', #1501, #713, #2756, .T. ) ;
#1357 = DIRECTION ( 'NONE',  ( 0.000000000000000000, -1.000000000000000000, 0.000000000000000000 ) ) ;
#1358 = ORIENTED_EDGE ( 'NONE', *, *, #1034, .T. ) ;
#1359 = LINE ( 'NONE', #1851, #2654 ) ;
#1360 = EDGE_CURVE ( 'NONE', #2879, #2950, #1478, .T. ) ;
#1361 = APPLICATION_PROTOCOL_DEFINITION ( 'draft international standard', 'automotive_design', 1998, #2529 ) ;
#1362 = CYLINDRICAL_SURFACE ( 'NONE', #650, 1.750000000000001554 ) ;
#1363 = ORIENTED_EDGE ( 'NONE', *, *, #1034, .F. ) ;
#1364 = DIRECTION ( 'NONE',  ( -1.000000000000000000, 0.000000000000000000, -0.000000000000000000 ) ) ;
#1365 = DIRECTION ( 'NONE',  ( 1.000000000000000000, 0.000000000000000000, -0.000000000000000000 ) ) ;
#1366 = DIRECTION ( 'NONE',  ( -1.000000000000000000, 0.000000000000000000, 0.000000000000000000 ) ) ;
#1367 = FACE_OUTER_BOUND ( 'NONE', #1301, .T. ) ;
#1368 = ORIENTED_EDGE ( 'NONE', *, *, #1207, .T. ) ;
#1369 = PLANE ( 'NONE',  #1118 ) ;
#1370 = DIRECTION ( 'NONE',  ( 0.000000000000000000, -1.000000000000000000, 0.000000000000000000 ) ) ;
#1371 = VERTEX_POINT ( 'NONE', #456 ) ;
#1372 = ORIENTED_EDGE ( 'NONE', *, *, #1051, .F. ) ;
#1373 = CARTESIAN_POINT ( 'NONE',  ( -3.100000000000019185, 14.49999999999999822, -1.900000000000008349 ) ) ;
#1374 = EDGE_LOOP ( 'NONE', ( #1931, #604, #2258, #2436 ) ) ;
#1375 = DIRECTION ( 'NONE',  ( 0.000000000000000000, 0.000000000000000000, 1.000000000000000000 ) ) ;
#1376 = EDGE_LOOP ( 'NONE', ( #3149, #3264, #938, #818 ) ) ;
#1377 = SHAPE_DEFINITION_REPRESENTATION ( #491, #1636 ) ;
#1378 = EDGE_CURVE ( 'NONE', #2683, #884, #682, .T. ) ;
#1379 = ORIENTED_EDGE ( 'NONE', *, *, #684, .T. ) ;
#1380 = FACE_OUTER_BOUND ( 'NONE', #2975, .T. ) ;
#1381 = ADVANCED_FACE ( 'NONE', ( #952 ), #3020, .F. ) ;
#1382 = DIRECTION ( 'NONE',  ( 0.000000000000000000, 1.000000000000000000, 0.000000000000000000 ) ) ;
#1383 = DIRECTION ( 'NONE',  ( 0.000000000000000000, 1.000000000000000000, 0.000000000000000000 ) ) ;
#1384 = DIRECTION ( 'NONE',  ( 0.000000000000000000, 0.000000000000000000, -1.000000000000000000 ) ) ;
#1385 = AXIS2_PLACEMENT_3D ( 'NONE', #2435, #1696, #1685 ) ;
#1386 = AXIS2_PLACEMENT_3D ( 'NONE', #2733, #452, #2482 ) ;
#1387 = ORIENTED_EDGE ( 'NONE', *, *, #1544, .T. ) ;
#1388 = DIRECTION ( 'NONE',  ( 1.000000000000000000, -0.000000000000000000, 0.000000000000000000 ) ) ;
#1389 = VECTOR ( 'NONE', #138, 1000.000000000000000 ) ;
#1390 = CARTESIAN_POINT ( 'NONE',  ( 12.90000000000001279, 11.00000000000000000, -184.9000000000000057 ) ) ;
#1391 = ORIENTED_EDGE ( 'NONE', *, *, #897, .T. ) ;
#1392 = VECTOR ( 'NONE', #238, 1000.000000000000000 ) ;
#1393 = CARTESIAN_POINT ( 'NONE',  ( 3.900000000000011458, 0.000000000000000000, -11.90000000000001101 ) ) ;
#1394 = AXIS2_PLACEMENT_3D ( 'NONE', #197, #2464, #2155 ) ;
#1395 = CARTESIAN_POINT ( 'NONE',  ( 0.000000000000000000, 2.999999999999999112, -5.000000000000000000 ) ) ;
#1396 = EDGE_LOOP ( 'NONE', ( #2176, #1363, #1020, #844 ) ) ;
#1397 = CIRCLE ( 'NONE', #1497, 5.000000000000004441 ) ;
#1398 = DIRECTION ( 'NONE',  ( 0.000000000000000000, 1.000000000000000000, 0.000000000000000000 ) ) ;
#1399 = CARTESIAN_POINT ( 'NONE',  ( 181.8999999999999488, 9.999999999999998224, -181.9000000000000057 ) ) ;
#1400 = VERTEX_POINT ( 'NONE', #3170 ) ;
#1401 = LINE ( 'NONE', #2412, #1565 ) ;
#1402 = ADVANCED_FACE ( 'NONE', ( #1451 ), #669, .T. ) ;
#1403 = CARTESIAN_POINT ( 'NONE',  ( 6.900000000000013678, 14.49999999999995559, -10.90000000000001457 ) ) ;
#1404 = FACE_BOUND ( 'NONE', #2120, .T. ) ;
#1405 = CYLINDRICAL_SURFACE ( 'NONE', #392, 1.749999999999998890 ) ;
#1406 = CONICAL_SURFACE ( 'NONE', #975, 3.999999999999992450, 0.7853981633974621568 ) ;
#1407 = VERTEX_POINT ( 'NONE', #2957 ) ;
#1408 = EDGE_CURVE ( 'NONE', #2129, #1607, #2194, .T. ) ;
#1409 = CARTESIAN_POINT ( 'NONE',  ( 0.000000000000000000, 2.999999999999999112, 0.000000000000000000 ) ) ;
#1410 = DIRECTION ( 'NONE',  ( -0.000000000000000000, -1.000000000000000000, 0.000000000000000000 ) ) ;
#1411 = ORIENTED_EDGE ( 'NONE', *, *, #1108, .T. ) ;
#1412 = CARTESIAN_POINT ( 'NONE',  ( 186.9000000000000057, 0.000000000000000000, -13.90000000000001101 ) ) ;
#1413 = ORIENTED_EDGE ( 'NONE', *, *, #1876, .F. ) ;
#1414 = LINE ( 'NONE', #1482, #2399 ) ;
#1415 = CYLINDRICAL_SURFACE ( 'NONE', #1385, 1.000000000000000888 ) ;
#1416 = ORIENTED_EDGE ( 'NONE', *, *, #2329, .T. ) ;
#1417 = FILL_AREA_STYLE_COLOUR ( '', #1481 ) ;
#1418 = EDGE_CURVE ( 'NONE', #3204, #2583, #1928, .T. ) ;
#1419 = FACE_OUTER_BOUND ( 'NONE', #2889, .T. ) ;
#1420 = ORIENTED_EDGE ( 'NONE', *, *, #1524, .F. ) ;
#1421 = DIRECTION ( 'NONE',  ( 0.000000000000000000, 1.000000000000000000, -0.000000000000000000 ) ) ;
#1422 = DIRECTION ( 'NONE',  ( 0.000000000000000000, 0.000000000000000000, -1.000000000000000000 ) ) ;
#1423 = ADVANCED_FACE ( 'NONE', ( #2987, #431, #2462, #2924, #2475, #403 ), #2429, .T. ) ;
#1424 = ORIENTED_EDGE ( 'NONE', *, *, #2830, .F. ) ;
#1425 = PLANE ( 'NONE',  #2973 ) ;
#1426 = EDGE_CURVE ( 'NONE', #1196, #2822, #718, .T. ) ;
#1427 = VERTEX_POINT ( 'NONE', #1181 ) ;
#1428 = ORIENTED_EDGE ( 'NONE', *, *, #1116, .F. ) ;
#1429 = DIRECTION ( 'NONE',  ( 1.000000000000000000, -0.000000000000000000, 0.000000000000000000 ) ) ;
#1430 = LINE ( 'NONE', #1403, #859 ) ;
#1431 = CARTESIAN_POINT ( 'NONE',  ( 9.900000000000012790, 0.000000000000000000, -11.90000000000001101 ) ) ;
#1432 = VERTEX_POINT ( 'NONE', #182 ) ;
#1433 = DIRECTION ( 'NONE',  ( -0.000000000000000000, -1.000000000000000000, -0.000000000000000000 ) ) ;
#1434 = CARTESIAN_POINT ( 'NONE',  ( 13.90000000000001101, 0.000000000000000000, -3.900000000000011458 ) ) ;
#1435 = EDGE_LOOP ( 'NONE', ( #2212, #2825 ) ) ;
#1436 = EDGE_CURVE ( 'NONE', #1719, #19, #2219, .T. ) ;
#1437 = VECTOR ( 'NONE', #3140, 1000.000000000000000 ) ;
#1438 = CIRCLE ( 'NONE', #1011, 2.000000000000000000 ) ;
#1439 = CARTESIAN_POINT ( 'NONE',  ( 176.8999999999999488, -14.14213562373095279, -186.9000000000000057 ) ) ;
#1440 = CIRCLE ( 'NONE', #3228, 1.000000000000000000 ) ;
#1441 = ORIENTED_EDGE ( 'NONE', *, *, #1876, .T. ) ;
#1442 = EDGE_CURVE ( 'NONE', #2900, #2608, #2285, .T. ) ;
#1443 = CIRCLE ( 'NONE', #2762, 4.000000000000002665 ) ;
#1444 = FACE_OUTER_BOUND ( 'NONE', #2163, .T. ) ;
#1445 = ORIENTED_EDGE ( 'NONE', *, *, #2101, .T. ) ;
#1446 = CIRCLE ( 'NONE', #2714, 5.000000000000004441 ) ;
#1447 = DIRECTION ( 'NONE',  ( 0.000000000000000000, 0.000000000000000000, 1.000000000000000000 ) ) ;
#1448 = CARTESIAN_POINT ( 'NONE',  ( 13.90000000000001101, 11.00000000000000000, -2.900000000000011458 ) ) ;
#1449 = CARTESIAN_POINT ( 'NONE',  ( 186.8999999999999773, 14.49999999999999822, -1.900000000000008349 ) ) ;
#1450 = ORIENTED_EDGE ( 'NONE', *, *, #2256, .F. ) ;
#1451 = FACE_OUTER_BOUND ( 'NONE', #1740, .T. ) ;
#1452 = DIRECTION ( 'NONE',  ( 0.000000000000000000, 0.000000000000000000, 1.000000000000000000 ) ) ;
#1453 = AXIS2_PLACEMENT_3D ( 'NONE', #2690, #442, #2999 ) ;
#1454 = ORIENTED_EDGE ( 'NONE', *, *, #2731, .F. ) ;
#1455 = AXIS2_PLACEMENT_3D ( 'NONE', #2503, #221, #1238 ) ;
#1456 = DIRECTION ( 'NONE',  ( 0.000000000000000000, 1.000000000000000000, 0.000000000000000000 ) ) ;
#1457 = EDGE_CURVE ( 'NONE', #978, #1344, #1946, .T. ) ;
#1458 = ORIENTED_EDGE ( 'NONE', *, *, #3084, .T. ) ;
#1459 = CARTESIAN_POINT ( 'NONE',  ( 178.8999999999999488, 11.00000000000000000, -176.9000000000000057 ) ) ;
#1460 = EDGE_CURVE ( 'NONE', #3003, #1226, #3246, .T. ) ;
#1461 = ORIENTED_EDGE ( 'NONE', *, *, #1611, .T. ) ;
#1462 = CARTESIAN_POINT ( 'NONE',  ( 181.8999999999999488, 14.49999999999994671, -185.9000000000000057 ) ) ;
#1463 = EDGE_CURVE ( 'NONE', #841, #438, #2920, .T. ) ;
#1464 = FACE_OUTER_BOUND ( 'NONE', #2679, .T. ) ;
#1465 = VERTEX_POINT ( 'NONE', #3039 ) ;
#1466 = CARTESIAN_POINT ( 'NONE',  ( 0.000000000000000000, 0.000000000000000000, 0.000000000000000000 ) ) ;
#1467 = VERTEX_POINT ( 'NONE', #2045 ) ;
#1468 = FACE_OUTER_BOUND ( 'NONE', #2447, .T. ) ;
#1469 = LINE ( 'NONE', #2223, #487 ) ;
#1470 = ORIENTED_EDGE ( 'NONE', *, *, #2487, .T. ) ;
#1471 = CARTESIAN_POINT ( 'NONE',  ( 184.9000000000000057, 12.00000000000000000, -12.90000000000001279 ) ) ;
#1472 = VERTEX_POINT ( 'NONE', #2523 ) ;
#1473 = DIRECTION ( 'NONE',  ( 0.000000000000000000, 0.000000000000000000, -1.000000000000000000 ) ) ;
#1474 = EDGE_CURVE ( 'NONE', #1467, #1555, #2823, .T. ) ;
#1475 = CARTESIAN_POINT ( 'NONE',  ( 6.900000000000012790, 9.999999999999998224, -5.150000000000011902 ) ) ;
#1476 = ORIENTED_EDGE ( 'NONE', *, *, #1539, .F. ) ;
#1477 = EDGE_CURVE ( 'NONE', #1961, #233, #514, .T. ) ;
#1478 = LINE ( 'NONE', #168, #1389 ) ;
#1479 = DIRECTION ( 'NONE',  ( 1.000000000000000000, 0.000000000000000000, 0.000000000000000000 ) ) ;
#1480 = EDGE_LOOP ( 'NONE', ( #1813, #653, #1781, #3237 ) ) ;
#1481 = COLOUR_RGB ( '',0.7921568627450980005, 0.8196078431372548767, 0.9333333333333333481 ) ;
#1482 = CARTESIAN_POINT ( 'NONE',  ( 175.8999999999999488, 12.00000000000000000, -3.900000000000011902 ) ) ;
#1483 = CARTESIAN_POINT ( 'NONE',  ( 6.900000000000012790, 15.00000000000000000, -6.900000000000011013 ) ) ;
#1484 = ORIENTED_EDGE ( 'NONE', *, *, #1566, .F. ) ;
#1485 = AXIS2_PLACEMENT_3D ( 'NONE', #2962, #693, #1715 ) ;
#1486 = TOROIDAL_SURFACE ( 'NONE', #254, 3.000000000000000000, 1.000000000000000000 ) ;
#1487 = AXIS2_PLACEMENT_3D ( 'NONE', #108, #3096, #827 ) ;
#1488 = CIRCLE ( 'NONE', #2442, 4.500000000000059508 ) ;
#1489 = CARTESIAN_POINT ( 'NONE',  ( 2.900000000000011458, 11.00000000000000000, -1.900000000000011458 ) ) ;
#1490 = VERTEX_POINT ( 'NONE', #2263 ) ;
#1491 = VECTOR ( 'NONE', #3205, 1000.000000000000000 ) ;
#1492 = DIRECTION ( 'NONE',  ( 0.000000000000000000, 0.000000000000000000, -1.000000000000000000 ) ) ;
#1493 = VECTOR ( 'NONE', #2106, 1000.000000000000000 ) ;
#1494 = DIRECTION ( 'NONE',  ( 0.000000000000000000, 1.000000000000000000, 0.000000000000000000 ) ) ;
#1495 = ADVANCED_FACE ( 'NONE', ( #255 ), #533, .F. ) ;
#1496 = EDGE_LOOP ( 'NONE', ( #1980, #2781, #1476, #2700 ) ) ;
#1497 = AXIS2_PLACEMENT_3D ( 'NONE', #2363, #1410, #3171 ) ;
#1498 = DIRECTION ( 'NONE',  ( 0.000000000000000000, 0.000000000000000000, -1.000000000000000000 ) ) ;
#1499 = FACE_OUTER_BOUND ( 'NONE', #1634, .T. ) ;
#1500 = EDGE_CURVE ( 'NONE', #2100, #1239, #2772, .T. ) ;
#1501 = VERTEX_POINT ( 'NONE', #3262 ) ;
#1502 = AXIS2_PLACEMENT_3D ( 'NONE', #2794, #1754, #776 ) ;
#1503 = CARTESIAN_POINT ( 'NONE',  ( 188.8000000000000114, 15.00000000000000000, -183.8000000000000114 ) ) ;
#1504 = FACE_OUTER_BOUND ( 'NONE', #970, .T. ) ;
#1505 = DIRECTION ( 'NONE',  ( 0.000000000000000000, 0.000000000000000000, 1.000000000000000000 ) ) ;
#1506 = EDGE_LOOP ( 'NONE', ( #761, #548, #1578, #2242 ) ) ;
#1507 = AXIS2_PLACEMENT_3D ( 'NONE', #1483, #3006, #485 ) ;
#1508 = VERTEX_POINT ( 'NONE', #997 ) ;
#1509 = CARTESIAN_POINT ( 'NONE',  ( 181.8999999999999488, 0.000000000000000000, -181.9000000000000057 ) ) ;
#1510 = CARTESIAN_POINT ( 'NONE',  ( 5.000000000000000000, 0.5000000000000281997, -5.000000000000000000 ) ) ;
#1511 = CARTESIAN_POINT ( 'NONE',  ( 3.900000000000011458, -14.14213562373095279, -11.90000000000001101 ) ) ;
#1512 = DIRECTION ( 'NONE',  ( -0.000000000000000000, -1.000000000000000000, -0.000000000000000000 ) ) ;
#1513 = DIRECTION ( 'NONE',  ( 0.000000000000000000, 0.000000000000000000, 1.000000000000000000 ) ) ;
#1514 = VERTEX_POINT ( 'NONE', #1825 ) ;
#1515 = EDGE_CURVE ( 'NONE', #1514, #1648, #771, .T. ) ;
#1516 = CYLINDRICAL_SURFACE ( 'NONE', #2287, 5.000000000000000000 ) ;
#1517 = DIRECTION ( 'NONE',  ( 0.000000000000000000, 0.000000000000000000, 1.000000000000000000 ) ) ;
#1518 = EDGE_LOOP ( 'NONE', ( #2433, #1072, #1666, #873 ) ) ;
#1519 = EDGE_CURVE ( 'NONE', #2608, #2557, #3134, .T. ) ;
#1520 = LINE ( 'NONE', #1535, #3128 ) ;
#1521 = FACE_OUTER_BOUND ( 'NONE', #311, .T. ) ;
#1522 = DIRECTION ( 'NONE',  ( 0.000000000000000000, 0.000000000000000000, -1.000000000000000000 ) ) ;
#1523 = EDGE_LOOP ( 'NONE', ( #3154, #3161, #3015, #557 ) ) ;
#1524 = EDGE_CURVE ( 'NONE', #1670, #1432, #223, .T. ) ;
#1525 = CARTESIAN_POINT ( 'NONE',  ( 183.8000000000000114, 0.000000000000000000, -0.4999999999999961142 ) ) ;
#1526 = ORIENTED_EDGE ( 'NONE', *, *, #412, .F. ) ;
#1527 = DIRECTION ( 'NONE',  ( 0.000000000000000000, 0.000000000000000000, 1.000000000000000000 ) ) ;
#1528 = CARTESIAN_POINT ( 'NONE',  ( 0.000000000000000000, 0.000000000000000000, 0.000000000000000000 ) ) ;
#1529 = LINE ( 'NONE', #1766, #3027 ) ;
#1530 = FACE_OUTER_BOUND ( 'NONE', #1770, .T. ) ;
#1531 = ORIENTED_EDGE ( 'NONE', *, *, #2471, .F. ) ;
#1532 = DIRECTION ( 'NONE',  ( 0.000000000000000000, -1.000000000000000000, 0.000000000000000000 ) ) ;
#1533 = CARTESIAN_POINT ( 'NONE',  ( 186.8999999999999488, -14.14213562373095279, -11.90000000000001101 ) ) ;
#1534 = ORIENTED_EDGE ( 'NONE', *, *, #2981, .F. ) ;
#1535 = CARTESIAN_POINT ( 'NONE',  ( 191.8999999999999773, 14.49999999999999822, -186.9000000000000057 ) ) ;
#1536 = DIRECTION ( 'NONE',  ( 1.000000000000000000, 0.000000000000000000, 0.000000000000000000 ) ) ;
#1537 = DIRECTION ( 'NONE',  ( 0.000000000000000000, 0.000000000000000000, -1.000000000000000000 ) ) ;
#1538 = ORIENTED_EDGE ( 'NONE', *, *, #1457, .F. ) ;
#1539 = EDGE_CURVE ( 'NONE', #1490, #2819, #1334, .T. ) ;
#1540 = DIRECTION ( 'NONE',  ( 8.659560562355045024E-17, 0.7071067811865383579, -0.7071067811865566766 ) ) ;
#1541 = VECTOR ( 'NONE', #3181, 1000.000000000000000 ) ;
#1542 = DIRECTION ( 'NONE',  ( 0.000000000000000000, 1.000000000000000000, 0.000000000000000000 ) ) ;
#1543 = CIRCLE ( 'NONE', #532, 5.000000000000004441 ) ;
#1544 = EDGE_CURVE ( 'NONE', #2272, #1226, #1440, .T. ) ;
#1545 = CARTESIAN_POINT ( 'NONE',  ( 174.8999999999999488, 11.00000000000000000, -184.9000000000000057 ) ) ;
#1546 = PRODUCT_DEFINITION_FORMATION_WITH_SPECIFIED_SOURCE ( 'ANY', '', #819, .NOT_KNOWN. ) ;
#1547 = AXIS2_PLACEMENT_3D ( 'NONE', #1099, #584, #1609 ) ;
#1548 = ORIENTED_EDGE ( 'NONE', *, *, #1605, .T. ) ;
#1549 = CARTESIAN_POINT ( 'NONE',  ( 176.8999999999999488, 11.00000000000000000, -9.900000000000011013 ) ) ;
#1550 = AXIS2_PLACEMENT_3D ( 'NONE', #2676, #2967, #1447 ) ;
#1551 = ORIENTED_EDGE ( 'NONE', *, *, #2010, .F. ) ;
#1552 = DIRECTION ( 'NONE',  ( 0.000000000000000000, 0.000000000000000000, 1.000000000000000000 ) ) ;
#1553 = CIRCLE ( 'NONE', #68, 1.749999999999998890 ) ;
#1554 = CARTESIAN_POINT ( 'NONE',  ( 6.900000000000012790, 0.000000000000000000, -181.9000000000000057 ) ) ;
#1555 = VERTEX_POINT ( 'NONE', #2539 ) ;
#1556 = VECTOR ( 'NONE', #2300, 1000.000000000000000 ) ;
#1557 = DIRECTION ( 'NONE',  ( -0.000000000000000000, 1.000000000000000000, -0.000000000000000000 ) ) ;
#1558 = CARTESIAN_POINT ( 'NONE',  ( 178.8999999999999488, 0.000000000000000000, -176.9000000000000057 ) ) ;
#1559 = DIRECTION ( 'NONE',  ( 0.000000000000000000, 1.000000000000000000, 0.000000000000000000 ) ) ;
#1560 = ORIENTED_EDGE ( 'NONE', *, *, #3234, .T. ) ;
#1561 = ADVANCED_FACE ( 'NONE', ( #1802 ), #1516, .T. ) ;
#1562 = TOROIDAL_SURFACE ( 'NONE', #2103, 1.000000000000000000, 1.000000000000000000 ) ;
#1563 = FACE_BOUND ( 'NONE', #2956, .T. ) ;
#1564 = CARTESIAN_POINT ( 'NONE',  ( 184.9000000000000057, -14.14213562373095279, -11.90000000000001101 ) ) ;
#1565 = VECTOR ( 'NONE', #1649, 1000.000000000000000 ) ;
#1566 = EDGE_CURVE ( 'NONE', #1344, #73, #2061, .T. ) ;
#1567 = CARTESIAN_POINT ( 'NONE',  ( 6.900000000000012790, 14.49999999999995559, -6.900000000000011013 ) ) ;
#1568 = EDGE_LOOP ( 'NONE', ( #3167, #946, #1900, #1787 ) ) ;
#1569 = DIRECTION ( 'NONE',  ( 0.000000000000000000, 0.000000000000000000, -1.000000000000000000 ) ) ;
#1570 = VERTEX_POINT ( 'NONE', #209 ) ;
#1571 = EDGE_CURVE ( 'NONE', #2697, #797, #210, .T. ) ;
#1572 = LINE ( 'NONE', #292, #591 ) ;
#1573 = DIRECTION ( 'NONE',  ( 0.000000000000000000, 0.000000000000000000, 1.000000000000000000 ) ) ;
#1574 = ORIENTED_EDGE ( 'NONE', *, *, #2734, .T. ) ;
#1575 = LINE ( 'NONE', #3058, #2703 ) ;
#1576 = DIRECTION ( 'NONE',  ( 0.000000000000000000, 0.000000000000000000, 1.000000000000000000 ) ) ;
#1577 = ORIENTED_EDGE ( 'NONE', *, *, #1605, .F. ) ;
#1578 = ORIENTED_EDGE ( 'NONE', *, *, #2200, .F. ) ;
#1579 = ORIENTED_EDGE ( 'NONE', *, *, #2063, .F. ) ;
#1580 = LINE ( 'NONE', #3112, #741 ) ;
#1581 = CARTESIAN_POINT ( 'NONE',  ( 5.000000000000000000, 0.5000000000000281997, -188.8000000000000114 ) ) ;
#1582 = DIRECTION ( 'NONE',  ( -0.000000000000000000, 1.000000000000000000, -0.000000000000000000 ) ) ;
#1583 = ORIENTED_EDGE ( 'NONE', *, *, #140, .T. ) ;
#1584 = LINE ( 'NONE', #1908, #2569 ) ;
#1585 = VERTEX_POINT ( 'NONE', #983 ) ;
#1586 = EDGE_CURVE ( 'NONE', #2239, #2533, #3188, .T. ) ;
#1587 = DIRECTION ( 'NONE',  ( 1.000000000000000000, 0.000000000000000000, -0.000000000000000000 ) ) ;
#1588 = CYLINDRICAL_SURFACE ( 'NONE', #257, 2.000000000000000000 ) ;
#1589 = ORIENTED_EDGE ( 'NONE', *, *, #1701, .F. ) ;
#1590 = EDGE_CURVE ( 'NONE', #2207, #56, #3070, .T. ) ;
#1591 = FACE_OUTER_BOUND ( 'NONE', #1506, .T. ) ;
#1592 = DIRECTION ( 'NONE',  ( 0.000000000000000000, 1.000000000000000000, 0.000000000000000000 ) ) ;
#1593 = ORIENTED_EDGE ( 'NONE', *, *, #1855, .T. ) ;
#1594 = DIRECTION ( 'NONE',  ( 0.000000000000000000, -0.7071067811865279218, -0.7071067811865672237 ) ) ;
#1595 = ORIENTED_EDGE ( 'NONE', *, *, #950, .F. ) ;
#1596 = DIRECTION ( 'NONE',  ( 0.000000000000000000, 0.7071067811865376918, 0.7071067811865574537 ) ) ;
#1597 = CIRCLE ( 'NONE', #306, 1.000000000000000888 ) ;
#1598 = CARTESIAN_POINT ( 'NONE',  ( 174.8999999999999488, 11.00000000000000000, -2.900000000000011458 ) ) ;
#1599 = AXIS2_PLACEMENT_3D ( 'NONE', #1815, #1287, #2571 ) ;
#1600 = ORIENTED_EDGE ( 'NONE', *, *, #3163, .F. ) ;
#1601 = CARTESIAN_POINT ( 'NONE',  ( 6.900000000000012790, 0.000000000000000000, -6.900000000000011013 ) ) ;
#1602 = VECTOR ( 'NONE', #200, 1000.000000000000000 ) ;
#1603 = CIRCLE ( 'NONE', #2918, 2.000000000000001776 ) ;
#1604 = DIRECTION ( 'NONE',  ( 0.000000000000000000, 1.000000000000000000, 0.000000000000000000 ) ) ;
#1605 = EDGE_CURVE ( 'NONE', #331, #1048, #2506, .T. ) ;
#1606 = VECTOR ( 'NONE', #1643, 1000.000000000000000 ) ;
#1607 = VERTEX_POINT ( 'NONE', #1621 ) ;
#1608 = AXIS2_PLACEMENT_3D ( 'NONE', #678, #1698, #2704 ) ;
#1609 = DIRECTION ( 'NONE',  ( -1.000000000000000000, 0.000000000000000000, -0.000000000000000000 ) ) ;
#1610 = DIRECTION ( 'NONE',  ( 0.000000000000000000, -0.000000000000000000, 1.000000000000000000 ) ) ;
#1611 = EDGE_CURVE ( 'NONE', #1239, #955, #2611, .T. ) ;
#1612 = ORIENTED_EDGE ( 'NONE', *, *, #2878, .T. ) ;
#1613 = CARTESIAN_POINT ( 'NONE',  ( 9.900000000000012790, 12.00000000000000000, -175.9000000000000057 ) ) ;
#1614 = AXIS2_PLACEMENT_3D ( 'NONE', #1390, #2401, #2220 ) ;
#1615 = VERTEX_POINT ( 'NONE', #120 ) ;
#1616 = DIRECTION ( 'NONE',  ( -0.000000000000000000, -1.000000000000000000, -0.000000000000000000 ) ) ;
#1617 = VECTOR ( 'NONE', #2968, 1000.000000000000000 ) ;
#1618 = ORIENTED_EDGE ( 'NONE', *, *, #2769, .T. ) ;
#1619 = DIRECTION ( 'NONE',  ( 0.000000000000000000, -1.000000000000000000, 0.000000000000000000 ) ) ;
#1620 = AXIS2_PLACEMENT_3D ( 'NONE', #1306, #2321, #2090 ) ;
#1621 = CARTESIAN_POINT ( 'NONE',  ( 188.8000000000000114, 2.999999999999999112, -5.000000000000000000 ) ) ;
#1622 = DIRECTION ( 'NONE',  ( 0.000000000000000000, 0.000000000000000000, 1.000000000000000000 ) ) ;
#1623 = ORIENTED_EDGE ( 'NONE', *, *, #2139, .F. ) ;
#1624 = DIRECTION ( 'NONE',  ( -1.000000000000000000, 0.000000000000000000, -0.000000000000000000 ) ) ;
#1625 = CYLINDRICAL_SURFACE ( 'NONE', #1076, 4.000000000000003553 ) ;
#1626 = ORIENTED_EDGE ( 'NONE', *, *, #1776, .F. ) ;
#1627 = ADVANCED_FACE ( 'NONE', ( #2141 ), #2395, .T. ) ;
#1628 = LINE ( 'NONE', #2421, #1606 ) ;
#1629 = ORIENTED_EDGE ( 'NONE', *, *, #1012, .F. ) ;
#1630 = DIRECTION ( 'NONE',  ( 0.000000000000000000, 1.000000000000000000, 0.000000000000000000 ) ) ;
#1631 = ORIENTED_EDGE ( 'NONE', *, *, #416, .T. ) ;
#1632 = EDGE_CURVE ( 'NONE', #2332, #218, #328, .T. ) ;
#1633 = CARTESIAN_POINT ( 'NONE',  ( 6.900000000000012790, 9.999999999999998224, -8.650000000000009237 ) ) ;
#1634 = EDGE_LOOP ( 'NONE', ( #2293, #252, #1003, #3176 ) ) ;
#1635 = CARTESIAN_POINT ( 'NONE',  ( 9.900000000000012790, 11.00000000000000000, -176.9000000000000057 ) ) ;
#1636 = ADVANCED_BREP_SHAPE_REPRESENTATION ( 'hop dien 06', ( #726, #2605 ), #471 ) ;
#1637 = DIRECTION ( 'NONE',  ( -0.000000000000000000, -1.000000000000000000, -0.000000000000000000 ) ) ;
#1638 = DIRECTION ( 'NONE',  ( -0.000000000000000000, 1.000000000000000000, -0.000000000000000000 ) ) ;
#1639 = CARTESIAN_POINT ( 'NONE',  ( 6.900000000000012790, 9.999999999999998224, -181.9000000000000057 ) ) ;
#1640 = ORIENTED_EDGE ( 'NONE', *, *, #2834, .T. ) ;
#1641 = CARTESIAN_POINT ( 'NONE',  ( 0.000000000000000000, 2.999999999999999112, -191.9000000000000057 ) ) ;
#1642 = ORIENTED_EDGE ( 'NONE', *, *, #93, .F. ) ;
#1643 = DIRECTION ( 'NONE',  ( -1.000000000000000000, 0.000000000000000000, 0.000000000000000000 ) ) ;
#1644 = EDGE_CURVE ( 'NONE', #1999, #903, #697, .T. ) ;
#1645 = EDGE_LOOP ( 'NONE', ( #1484, #2423, #1103, #2274 ) ) ;
#1646 = LINE ( 'NONE', #447, #2147 ) ;
#1647 = ADVANCED_FACE ( 'NONE', ( #2642 ), #2373, .F. ) ;
#1648 = VERTEX_POINT ( 'NONE', #3090 ) ;
#1649 = DIRECTION ( 'NONE',  ( -0.000000000000000000, -1.000000000000000000, -0.000000000000000000 ) ) ;
#1650 = CIRCLE ( 'NONE', #2133, 4.500000000000059508 ) ;
#1651 = VECTOR ( 'NONE', #1854, 1000.000000000000000 ) ;
#1652 = DIRECTION ( 'NONE',  ( 0.000000000000000000, 0.000000000000000000, -1.000000000000000000 ) ) ;
#1653 = CARTESIAN_POINT ( 'NONE',  ( 9.900000000000012790, 0.000000000000000000, -9.900000000000011013 ) ) ;
#1654 = CONICAL_SURFACE ( 'NONE', #1756, 3.999999999999992450, 0.7853981633974621568 ) ;
#1655 = AXIS2_PLACEMENT_3D ( 'NONE', #464, #1743, #725 ) ;
#1656 = ORIENTED_EDGE ( 'NONE', *, *, #2252, .T. ) ;
#1657 = CARTESIAN_POINT ( 'NONE',  ( 176.8999999999999488, -14.14213562373095279, -3.900000000000011902 ) ) ;
#1658 = AXIS2_PLACEMENT_3D ( 'NONE', #2586, #1010, #1058 ) ;
#1659 = VECTOR ( 'NONE', #1388, 1000.000000000000000 ) ;
#1660 = PLANE ( 'NONE',  #1772 ) ;
#1661 = VERTEX_POINT ( 'NONE', #3118 ) ;
#1662 = VECTOR ( 'NONE', #3054, 1000.000000000000000 ) ;
#1663 = LINE ( 'NONE', #1075, #162 ) ;
#1664 = AXIS2_PLACEMENT_3D ( 'NONE', #2305, #1013, #1732 ) ;
#1665 = CARTESIAN_POINT ( 'NONE',  ( 191.8999999999999773, 14.49999999999999822, -186.9000000000000057 ) ) ;
#1666 = ORIENTED_EDGE ( 'NONE', *, *, #954, .F. ) ;
#1667 = VECTOR ( 'NONE', #2925, 1000.000000000000000 ) ;
#1668 = EDGE_CURVE ( 'NONE', #612, #216, #2340, .T. ) ;
#1669 = LINE ( 'NONE', #2670, #2240 ) ;
#1670 = VERTEX_POINT ( 'NONE', #1132 ) ;
#1671 = EDGE_CURVE ( 'NONE', #903, #280, #850, .T. ) ;
#1672 = EDGE_CURVE ( 'NONE', #1239, #674, #378, .T. ) ;
#1673 = LINE ( 'NONE', #902, #2509 ) ;
#1674 = VECTOR ( 'NONE', #2028, 1000.000000000000000 ) ;
#1675 = EDGE_LOOP ( 'NONE', ( #811, #3248, #1125, #2963 ) ) ;
#1676 = EDGE_CURVE ( 'NONE', #1607, #1432, #85, .T. ) ;
#1677 = VECTOR ( 'NONE', #470, 1000.000000000000000 ) ;
#1678 = DIRECTION ( 'NONE',  ( -0.000000000000000000, 1.000000000000000000, -0.000000000000000000 ) ) ;
#1679 = LINE ( 'NONE', #1970, #1021 ) ;
#1680 = ORIENTED_EDGE ( 'NONE', *, *, #517, .F. ) ;
#1681 = ORIENTED_EDGE ( 'NONE', *, *, #1005, .T. ) ;
#1682 = DIRECTION ( 'NONE',  ( 0.000000000000000000, -1.000000000000000000, 0.000000000000000000 ) ) ;
#1683 = LINE ( 'NONE', #2949, #3146 ) ;
#1684 = ORIENTED_EDGE ( 'NONE', *, *, #65, .T. ) ;
#1685 = DIRECTION ( 'NONE',  ( -1.000000000000000000, 0.000000000000000000, 0.000000000000000000 ) ) ;
#1686 = ORIENTED_EDGE ( 'NONE', *, *, #2593, .F. ) ;
#1687 = DIRECTION ( 'NONE',  ( 1.734723475976807094E-16, 0.000000000000000000, 1.000000000000000000 ) ) ;
#1688 = FACE_OUTER_BOUND ( 'NONE', #1959, .T. ) ;
#1689 = EDGE_CURVE ( 'NONE', #2376, #1226, #2143, .T. ) ;
#1690 = ORIENTED_EDGE ( 'NONE', *, *, #1173, .T. ) ;
#1691 = CARTESIAN_POINT ( 'NONE',  ( 178.8999999999999488, 0.000000000000000000, -178.9000000000000057 ) ) ;
#1692 = CARTESIAN_POINT ( 'NONE',  ( 13.90000000000001101, 11.00000000000000000, -185.9000000000000057 ) ) ;
#1693 = ADVANCED_FACE ( 'NONE', ( #1309 ), #2393, .F. ) ;
#1694 = ORIENTED_EDGE ( 'NONE', *, *, #81, .F. ) ;
#1695 = LINE ( 'NONE', #186, #1131 ) ;
#1696 = DIRECTION ( 'NONE',  ( 0.000000000000000000, 0.000000000000000000, -1.000000000000000000 ) ) ;
#1697 = ORIENTED_EDGE ( 'NONE', *, *, #2467, .T. ) ;
#1698 = DIRECTION ( 'NONE',  ( 0.000000000000000000, 1.000000000000000000, -0.000000000000000000 ) ) ;
#1699 = CARTESIAN_POINT ( 'NONE',  ( 181.8999999999999488, 9.999999999999998224, -181.9000000000000057 ) ) ;
#1700 = ORIENTED_EDGE ( 'NONE', *, *, #1881, .F. ) ;
#1701 = EDGE_CURVE ( 'NONE', #3003, #1283, #3138, .T. ) ;
#1702 = CARTESIAN_POINT ( 'NONE',  ( 0.000000000000000000, 2.999999999999999112, 3.099999999999991651 ) ) ;
#1703 = CARTESIAN_POINT ( 'NONE',  ( 178.8999999999999488, 11.00000000000000000, -178.9000000000000057 ) ) ;
#1704 = CIRCLE ( 'NONE', #2383, 1.000000000000000888 ) ;
#1705 = CIRCLE ( 'NONE', #1386, 1.000000000000000888 ) ;
#1706 = EDGE_LOOP ( 'NONE', ( #2618, #2466, #676, #2196 ) ) ;
#1707 = VECTOR ( 'NONE', #2797, 1000.000000000000000 ) ;
#1708 = CIRCLE ( 'NONE', #2190, 1.000000000000000000 ) ;
#1709 = EDGE_CURVE ( 'NONE', #1427, #171, #1572, .T. ) ;
#1710 = DIRECTION ( 'NONE',  ( -0.000000000000000000, -1.000000000000000000, -0.000000000000000000 ) ) ;
#1711 = PRESENTATION_LAYER_ASSIGNMENT (  '', '', ( #3133 ) ) ;
#1712 = VECTOR ( 'NONE', #2919, 1000.000000000000000 ) ;
#1713 = ORIENTED_EDGE ( 'NONE', *, *, #3253, .F. ) ;
#1714 = AXIS2_PLACEMENT_3D ( 'NONE', #3258, #204, #2386 ) ;
#1715 = DIRECTION ( 'NONE',  ( 0.000000000000000000, 0.000000000000000000, 1.000000000000000000 ) ) ;
#1716 = ORIENTED_EDGE ( 'NONE', *, *, #2200, .T. ) ;
#1717 = AXIS2_PLACEMENT_3D ( 'NONE', #3145, #655, #2595 ) ;
#1718 = FACE_OUTER_BOUND ( 'NONE', #1983, .T. ) ;
#1719 = VERTEX_POINT ( 'NONE', #71 ) ;
#1720 = DIRECTION ( 'NONE',  ( -1.734723475976807094E-16, 0.000000000000000000, -1.000000000000000000 ) ) ;
#1721 = LINE ( 'NONE', #2446, #125 ) ;
#1722 = VECTOR ( 'NONE', #460, 1000.000000000000000 ) ;
#1723 = ORIENTED_EDGE ( 'NONE', *, *, #3147, .F. ) ;
#1724 = CARTESIAN_POINT ( 'NONE',  ( 174.8999999999999488, 12.00000000000000000, -185.9000000000000057 ) ) ;
#1725 = CARTESIAN_POINT ( 'NONE',  ( 185.9000000000000057, 12.00000000000000000, -5.000000000000000000 ) ) ;
#1726 = ORIENTED_EDGE ( 'NONE', *, *, #791, .F. ) ;
#1727 = ADVANCED_FACE ( 'NONE', ( #1064 ), #836, .T. ) ;
#1728 = CARTESIAN_POINT ( 'NONE',  ( 181.8999999999999488, 14.49999999999994671, -177.9000000000000057 ) ) ;
#1729 = ORIENTED_EDGE ( 'NONE', *, *, #153, .F. ) ;
#1730 = DIRECTION ( 'NONE',  ( 8.659560562355054885E-17, 0.7071067811865376918, -0.7071067811865574537 ) ) ;
#1731 = ADVANCED_FACE ( 'NONE', ( #2591 ), #1329, .F. ) ;
#1732 = DIRECTION ( 'NONE',  ( 0.000000000000000000, 0.000000000000000000, 1.000000000000000000 ) ) ;
#1733 = DIRECTION ( 'NONE',  ( -0.7071067811865672237, -0.7071067811865279218, 0.000000000000000000 ) ) ;
#1734 = ORIENTED_EDGE ( 'NONE', *, *, #1243, .T. ) ;
#1735 = CARTESIAN_POINT ( 'NONE',  ( 183.8000000000000114, 2.999999999999999112, -5.000000000000000000 ) ) ;
#1736 = CYLINDRICAL_SURFACE ( 'NONE', #2150, 5.000000000000000000 ) ;
#1737 = ORIENTED_EDGE ( 'NONE', *, *, #724, .T. ) ;
#1738 = LINE ( 'NONE', #1921, #2818 ) ;
#1739 = DIRECTION ( 'NONE',  ( 1.000000000000000000, -0.000000000000000000, 0.000000000000000000 ) ) ;
#1740 = EDGE_LOOP ( 'NONE', ( #339, #2251, #1577, #2003 ) ) ;
#1741 = ADVANCED_FACE ( 'NONE', ( #579 ), #1201, .T. ) ;
#1742 = ORIENTED_EDGE ( 'NONE', *, *, #2850, .T. ) ;
#1743 = DIRECTION ( 'NONE',  ( 0.000000000000000000, -1.000000000000000000, 0.000000000000000000 ) ) ;
#1744 = EDGE_CURVE ( 'NONE', #2613, #305, #1069, .T. ) ;
#1745 = CARTESIAN_POINT ( 'NONE',  ( 181.8999999999999488, 14.49999999999994671, -6.900000000000011013 ) ) ;
#1746 = DIRECTION ( 'NONE',  ( 0.000000000000000000, 0.000000000000000000, -1.000000000000000000 ) ) ;
#1747 = EDGE_LOOP ( 'NONE', ( #3047, #2861, #1726, #1801 ) ) ;
#1748 = CARTESIAN_POINT ( 'NONE',  ( 0.000000000000000000, 15.00000000000000000, -191.3999999999999773 ) ) ;
#1749 = DIRECTION ( 'NONE',  ( 0.000000000000000000, 0.000000000000000000, 1.000000000000000000 ) ) ;
#1750 = VECTOR ( 'NONE', #1730, 999.9999999999998863 ) ;
#1751 = ORIENTED_EDGE ( 'NONE', *, *, #2878, .F. ) ;
#1752 = AXIS2_PLACEMENT_3D ( 'NONE', #992, #1008, #2500 ) ;
#1753 = CARTESIAN_POINT ( 'NONE',  ( 184.9000000000000057, 11.00000000000000000, -174.9000000000000057 ) ) ;
#1754 = DIRECTION ( 'NONE',  ( 0.000000000000000000, 1.000000000000000000, 0.000000000000000000 ) ) ;
#1755 = ORIENTED_EDGE ( 'NONE', *, *, #2491, .F. ) ;
#1756 = AXIS2_PLACEMENT_3D ( 'NONE', #2424, #662, #2199 ) ;
#1757 = CONICAL_SURFACE ( 'NONE', #2136, 4.000000000000001776, 0.7853981633974613796 ) ;
#1758 = AXIS2_PLACEMENT_3D ( 'NONE', #2114, #1357, #610 ) ;
#1759 = AXIS2_PLACEMENT_3D ( 'NONE', #1859, #1913, #2400 ) ;
#1760 = DIRECTION ( 'NONE',  ( 0.000000000000000000, 0.000000000000000000, 1.000000000000000000 ) ) ;
#1761 = EDGE_LOOP ( 'NONE', ( #2853, #760 ) ) ;
#1762 = CARTESIAN_POINT ( 'NONE',  ( 6.900000000000012790, 9.999999999999998224, -6.900000000000011013 ) ) ;
#1763 = DIRECTION ( 'NONE',  ( -0.000000000000000000, -1.000000000000000000, 0.000000000000000000 ) ) ;
#1764 = EDGE_CURVE ( 'NONE', #2332, #1060, #425, .T. ) ;
#1765 = AXIS2_PLACEMENT_3D ( 'NONE', #360, #307, #100 ) ;
#1766 = CARTESIAN_POINT ( 'NONE',  ( 1.900000000000011458, 0.000000000000000000, -1.900000000000011458 ) ) ;
#1767 = DIRECTION ( 'NONE',  ( -0.000000000000000000, -0.000000000000000000, -1.000000000000000000 ) ) ;
#1768 = VECTOR ( 'NONE', #396, 999.9999999999998863 ) ;
#1769 = CARTESIAN_POINT ( 'NONE',  ( 181.8999999999999488, 15.00000000000000000, -6.900000000000011013 ) ) ;
#1770 = EDGE_LOOP ( 'NONE', ( #1420, #925, #507, #3082 ) ) ;
#1771 = EDGE_CURVE ( 'NONE', #2246, #1938, #1430, .T. ) ;
#1772 = AXIS2_PLACEMENT_3D ( 'NONE', #2891, #905, #1610 ) ;
#1773 = DIRECTION ( 'NONE',  ( 1.000000000000000000, 0.000000000000000000, 0.000000000000000000 ) ) ;
#1774 = CARTESIAN_POINT ( 'NONE',  ( 185.9000000000000057, 11.00000000000000000, -13.90000000000001101 ) ) ;
#1775 = ORIENTED_EDGE ( 'NONE', *, *, #1356, .F. ) ;
#1776 = EDGE_CURVE ( 'NONE', #2564, #2795, #1274, .T. ) ;
#1777 = VECTOR ( 'NONE', #871, 1000.000000000000000 ) ;
#1778 = LINE ( 'NONE', #2776, #64 ) ;
#1779 = DIRECTION ( 'NONE',  ( 1.000000000000000000, 0.000000000000000000, 0.000000000000000000 ) ) ;
#1780 = FACE_OUTER_BOUND ( 'NONE', #2224, .T. ) ;
#1781 = ORIENTED_EDGE ( 'NONE', *, *, #156, .T. ) ;
#1782 = CARTESIAN_POINT ( 'NONE',  ( 1.900000000000011458, 0.000000000000000000, -174.9000000000000057 ) ) ;
#1783 = ORIENTED_EDGE ( 'NONE', *, *, #2122, .F. ) ;
#1784 = CARTESIAN_POINT ( 'NONE',  ( 176.8999999999999488, 11.00000000000000000, -178.9000000000000057 ) ) ;
#1785 = DIRECTION ( 'NONE',  ( 0.000000000000000000, 1.000000000000000000, 0.000000000000000000 ) ) ;
#1786 = DIRECTION ( 'NONE',  ( 0.000000000000000000, -1.000000000000000000, -0.000000000000000000 ) ) ;
#1787 = ORIENTED_EDGE ( 'NONE', *, *, #2589, .F. ) ;
#1788 = CARTESIAN_POINT ( 'NONE',  ( 185.9000000000000057, 11.00000000000000000, -174.9000000000000057 ) ) ;
#1789 = FACE_OUTER_BOUND ( 'NONE', #2831, .T. ) ;
#1790 = EDGE_CURVE ( 'NONE', #325, #150, #1953, .T. ) ;
#1791 = ORIENTED_EDGE ( 'NONE', *, *, #1524, .T. ) ;
#1792 = DIRECTION ( 'NONE',  ( 0.000000000000000000, 1.000000000000000000, 0.000000000000000000 ) ) ;
#1793 = DIRECTION ( 'NONE',  ( 1.734723475976807094E-16, 0.000000000000000000, -1.000000000000000000 ) ) ;
#1794 = EDGE_CURVE ( 'NONE', #486, #2451, #2974, .T. ) ;
#1795 = DIRECTION ( 'NONE',  ( 1.734723475976807094E-16, -0.000000000000000000, -1.000000000000000000 ) ) ;
#1796 = ORIENTED_EDGE ( 'NONE', *, *, #2873, .F. ) ;
#1797 = FACE_OUTER_BOUND ( 'NONE', #2530, .T. ) ;
#1798 = DIRECTION ( 'NONE',  ( 0.000000000000000000, 1.000000000000000000, 0.000000000000000000 ) ) ;
#1799 = EDGE_LOOP ( 'NONE', ( #31, #2573, #2775, #66 ) ) ;
#1800 = CARTESIAN_POINT ( 'NONE',  ( 11.90000000000001101, 11.00000000000000000, -3.900000000000011902 ) ) ;
#1801 = ORIENTED_EDGE ( 'NONE', *, *, #1794, .F. ) ;
#1802 = FACE_OUTER_BOUND ( 'NONE', #443, .T. ) ;
#1803 = CARTESIAN_POINT ( 'NONE',  ( 3.900000000000011458, 11.00000000000000000, -13.90000000000001101 ) ) ;
#1804 = ORIENTED_EDGE ( 'NONE', *, *, #2873, .T. ) ;
#1805 = EDGE_CURVE ( 'NONE', #19, #1300, #2094, .T. ) ;
#1806 = CARTESIAN_POINT ( 'NONE',  ( 6.900000000000012790, 15.00000000000000000, -181.9000000000000057 ) ) ;
#1807 = PLANE ( 'NONE',  #2926 ) ;
#1808 = DIRECTION ( 'NONE',  ( -0.000000000000000000, -1.000000000000000000, -0.000000000000000000 ) ) ;
#1809 = ORIENTED_EDGE ( 'NONE', *, *, #2308, .F. ) ;
#1810 = EDGE_CURVE ( 'NONE', #1226, #2262, #398, .T. ) ;
#1811 = AXIS2_PLACEMENT_3D ( 'NONE', #1533, #30, #1366 ) ;
#1812 = AXIS2_PLACEMENT_3D ( 'NONE', #1146, #359, #116 ) ;
#1813 = ORIENTED_EDGE ( 'NONE', *, *, #813, .T. ) ;
#1814 = AXIS2_PLACEMENT_3D ( 'NONE', #2186, #437, #916 ) ;
#1815 = CARTESIAN_POINT ( 'NONE',  ( 3.900000000000011458, -14.14213562373095279, -13.90000000000001101 ) ) ;
#1816 = CIRCLE ( 'NONE', #1655, 4.500000000000000000 ) ;
#1817 = ADVANCED_FACE ( 'NONE', ( #2215 ), #1031, .F. ) ;
#1818 = CIRCLE ( 'NONE', #1758, 5.000000000000004441 ) ;
#1819 = AXIS2_PLACEMENT_3D ( 'NONE', #1191, #1151, #3214 ) ;
#1820 = ORIENTED_EDGE ( 'NONE', *, *, #2713, .T. ) ;
#1821 = CARTESIAN_POINT ( 'NONE',  ( 6.900000000000012790, 0.000000000000000000, -183.6500000000000057 ) ) ;
#1822 = AXIS2_PLACEMENT_3D ( 'NONE', #1692, #1192, #984 ) ;
#1823 = AXIS2_PLACEMENT_3D ( 'NONE', #1084, #2628, #344 ) ;
#1824 = ORIENTED_EDGE ( 'NONE', *, *, #3038, .F. ) ;
#1825 = CARTESIAN_POINT ( 'NONE',  ( 186.8999999999999773, 15.00000000000000000, -191.3999999999999773 ) ) ;
#1826 = CIRCLE ( 'NONE', #539, 2.000000000000001776 ) ;
#1827 = CARTESIAN_POINT ( 'NONE',  ( 181.8999999999999488, 15.00000000000000000, -181.9000000000000057 ) ) ;
#1828 = EDGE_LOOP ( 'NONE', ( #2322, #201, #1694, #896 ) ) ;
#1829 = AXIS2_PLACEMENT_3D ( 'NONE', #1314, #1793, #2065 ) ;
#1830 = DIRECTION ( 'NONE',  ( 0.000000000000000000, 0.000000000000000000, 1.000000000000000000 ) ) ;
#1831 = DIRECTION ( 'NONE',  ( -0.000000000000000000, 0.000000000000000000, 1.000000000000000000 ) ) ;
#1832 = ORIENTED_EDGE ( 'NONE', *, *, #1360, .F. ) ;
#1833 = ORIENTED_EDGE ( 'NONE', *, *, #2689, .F. ) ;
#1834 = EDGE_CURVE ( 'NONE', #386, #1570, #1529, .T. ) ;
#1835 = VECTOR ( 'NONE', #3026, 1000.000000000000000 ) ;
#1836 = CARTESIAN_POINT ( 'NONE',  ( 184.9000000000000057, 12.00000000000000000, -13.90000000000001101 ) ) ;
#1837 = DIRECTION ( 'NONE',  ( 0.000000000000000000, 0.000000000000000000, 1.000000000000000000 ) ) ;
#1838 = VECTOR ( 'NONE', #1364, 1000.000000000000000 ) ;
#1839 = LINE ( 'NONE', #1581, #2555 ) ;
#1840 = EDGE_CURVE ( 'NONE', #438, #2930, #235, .T. ) ;
#1841 = CARTESIAN_POINT ( 'NONE',  ( 184.9000000000000057, -14.14213562373095279, -174.9000000000000057 ) ) ;
#1842 = ORIENTED_EDGE ( 'NONE', *, *, #2467, .F. ) ;
#1843 = DIRECTION ( 'NONE',  ( 0.000000000000000000, 0.000000000000000000, 1.000000000000000000 ) ) ;
#1844 = CARTESIAN_POINT ( 'NONE',  ( 6.900000000000012790, 15.00000000000000000, -5.150000000000011902 ) ) ;
#1845 = VERTEX_POINT ( 'NONE', #495 ) ;
#1846 = FACE_OUTER_BOUND ( 'NONE', #1568, .T. ) ;
#1847 = DIRECTION ( 'NONE',  ( 0.000000000000000000, 0.000000000000000000, -1.000000000000000000 ) ) ;
#1848 = ORIENTED_EDGE ( 'NONE', *, *, #870, .T. ) ;
#1849 = CARTESIAN_POINT ( 'NONE',  ( 5.000000000000000000, 0.5000000000000281997, -183.8000000000000114 ) ) ;
#1850 = ORIENTED_EDGE ( 'NONE', *, *, #853, .T. ) ;
#1851 = CARTESIAN_POINT ( 'NONE',  ( 13.90000000000001101, 15.00000000000000000, -186.9000000000000057 ) ) ;
#1852 = EDGE_CURVE ( 'NONE', #1670, #1472, #1934, .T. ) ;
#1853 = ORIENTED_EDGE ( 'NONE', *, *, #632, .T. ) ;
#1854 = DIRECTION ( 'NONE',  ( -0.000000000000000000, -1.000000000000000000, -0.000000000000000000 ) ) ;
#1855 = EDGE_CURVE ( 'NONE', #763, #3195, #3085, .T. ) ;
#1856 = DIRECTION ( 'NONE',  ( -1.734723475976807094E-16, 0.000000000000000000, 1.000000000000000000 ) ) ;
#1857 = LINE ( 'NONE', #1844, #2862 ) ;
#1858 = ORIENTED_EDGE ( 'NONE', *, *, #474, .F. ) ;
#1859 = CARTESIAN_POINT ( 'NONE',  ( 6.900000000000012790, 15.00000000000000000, -6.900000000000011013 ) ) ;
#1860 = DIRECTION ( 'NONE',  ( 0.000000000000000000, -1.000000000000000000, 0.000000000000000000 ) ) ;
#1861 = ORIENTED_EDGE ( 'NONE', *, *, #3081, .F. ) ;
#1862 = LINE ( 'NONE', #2168, #858 ) ;
#1863 = VERTEX_POINT ( 'NONE', #2016 ) ;
#1864 = CARTESIAN_POINT ( 'NONE',  ( 13.90000000000001101, 15.00000000000000000, -1.900000000000011458 ) ) ;
#1865 = CYLINDRICAL_SURFACE ( 'NONE', #2038, 2.000000000000001776 ) ;
#1866 = AXIS2_PLACEMENT_3D ( 'NONE', #1265, #3032, #1029 ) ;
#1867 = ORIENTED_EDGE ( 'NONE', *, *, #2731, .T. ) ;
#1868 = DIRECTION ( 'NONE',  ( -0.000000000000000000, 1.000000000000000000, -0.000000000000000000 ) ) ;
#1869 = EDGE_CURVE ( 'NONE', #2278, #2269, #1174, .T. ) ;
#1870 = AXIS2_PLACEMENT_3D ( 'NONE', #1399, #1950, #647 ) ;
#1871 = DIRECTION ( 'NONE',  ( -0.000000000000000000, -1.000000000000000000, 0.000000000000000000 ) ) ;
#1872 = DIRECTION ( 'NONE',  ( -0.000000000000000000, 1.000000000000000000, -0.000000000000000000 ) ) ;
#1873 = AXIS2_PLACEMENT_3D ( 'NONE', #1489, #2498, #217 ) ;
#1874 = VECTOR ( 'NONE', #2839, 1000.000000000000000 ) ;
#1875 = DIRECTION ( 'NONE',  ( 0.000000000000000000, 1.000000000000000000, 0.000000000000000000 ) ) ;
#1876 = EDGE_CURVE ( 'NONE', #1371, #1432, #427, .T. ) ;
#1877 = ORIENTED_EDGE ( 'NONE', *, *, #3038, .T. ) ;
#1878 = VECTOR ( 'NONE', #3242, 1000.000000000000000 ) ;
#1879 = CARTESIAN_POINT ( 'NONE',  ( 5.000000000000000000, 15.00000000000000000, -183.8000000000000114 ) ) ;
#1880 = CARTESIAN_POINT ( 'NONE',  ( 181.8999999999999488, 9.999999999999998224, -10.90000000000000391 ) ) ;
#1881 = EDGE_CURVE ( 'NONE', #2971, #3195, #2998, .T. ) ;
#1882 = CIRCLE ( 'NONE', #326, 3.999999999999992450 ) ;
#1883 = ORIENTED_EDGE ( 'NONE', *, *, #2415, .F. ) ;
#1884 = PLANE ( 'NONE',  #1487 ) ;
#1885 = ORIENTED_EDGE ( 'NONE', *, *, #1519, .T. ) ;
#1886 = CARTESIAN_POINT ( 'NONE',  ( 186.8999999999999773, 2.999999999999999112, 3.099999999999991651 ) ) ;
#1887 = AXIS2_PLACEMENT_3D ( 'NONE', #1185, #1919, #2208 ) ;
#1888 = DIRECTION ( 'NONE',  ( 1.000000000000000000, 0.000000000000000000, 0.000000000000000000 ) ) ;
#1889 = CIRCLE ( 'NONE', #603, 3.000000000000000000 ) ;
#1890 = DIRECTION ( 'NONE',  ( -1.000000000000000000, 0.000000000000000000, 0.000000000000000000 ) ) ;
#1891 = EDGE_LOOP ( 'NONE', ( #1088, #1424, #719, #128 ) ) ;
#1892 = VECTOR ( 'NONE', #3036, 1000.000000000000000 ) ;
#1893 = CARTESIAN_POINT ( 'NONE',  ( 5.000000000000000000, 0.000000000000000000, -5.000000000000000000 ) ) ;
#1894 = CARTESIAN_POINT ( 'NONE',  ( 6.900000000000012790, 14.49999999999995737, -181.9000000000000057 ) ) ;
#1895 = LINE ( 'NONE', #1924, #2721 ) ;
#1896 = EDGE_LOOP ( 'NONE', ( #3135, #2739, #1391, #2173 ) ) ;
#1897 = ADVANCED_FACE ( 'NONE', ( #2767 ), #2502, .F. ) ;
#1898 = FACE_OUTER_BOUND ( 'NONE', #2255, .T. ) ;
#1899 = CARTESIAN_POINT ( 'NONE',  ( 12.90000000000001457, 11.00000000000000000, -9.900000000000011013 ) ) ;
#1900 = ORIENTED_EDGE ( 'NONE', *, *, #971, .T. ) ;
#1901 = ORIENTED_EDGE ( 'NONE', *, *, #1644, .F. ) ;
#1902 = DIRECTION ( 'NONE',  ( 0.000000000000000000, 0.7071067811865310304, -0.7071067811865641151 ) ) ;
#1903 = EDGE_CURVE ( 'NONE', #3238, #2301, #3035, .T. ) ;
#1904 = CARTESIAN_POINT ( 'NONE',  ( 185.9000000000000057, 12.00000000000000000, -13.90000000000001101 ) ) ;
#1905 = DIRECTION ( 'NONE',  ( 0.000000000000000000, 0.000000000000000000, 1.000000000000000000 ) ) ;
#1906 = DIRECTION ( 'NONE',  ( 0.000000000000000000, 0.000000000000000000, -1.000000000000000000 ) ) ;
#1907 = EDGE_LOOP ( 'NONE', ( #240, #2980, #2790, #1832 ) ) ;
#1908 = CARTESIAN_POINT ( 'NONE',  ( 5.000000000000000000, 15.00000000000000000, 0.000000000000000000 ) ) ;
#1909 = DIRECTION ( 'NONE',  ( -0.000000000000000000, -1.000000000000000000, -0.000000000000000000 ) ) ;
#1910 = CARTESIAN_POINT ( 'NONE',  ( 5.000000000000000000, 0.000000000000000000, -0.5000000000000004441 ) ) ;
#1911 = CARTESIAN_POINT ( 'NONE',  ( 3.900000000000011458, 11.00000000000000000, -11.90000000000001101 ) ) ;
#1912 = ORIENTED_EDGE ( 'NONE', *, *, #1632, .T. ) ;
#1913 = DIRECTION ( 'NONE',  ( -0.000000000000000000, -1.000000000000000000, -0.000000000000000000 ) ) ;
#1914 = DIRECTION ( 'NONE',  ( 0.000000000000000000, 0.000000000000000000, -1.000000000000000000 ) ) ;
#1915 = ORIENTED_EDGE ( 'NONE', *, *, #1515, .T. ) ;
#1916 = PRODUCT_RELATED_PRODUCT_CATEGORY ( 'part', '', ( #819 ) ) ;
#1917 = ORIENTED_EDGE ( 'NONE', *, *, #2018, .T. ) ;
#1918 = FACE_OUTER_BOUND ( 'NONE', #1645, .T. ) ;
#1919 = DIRECTION ( 'NONE',  ( -0.000000000000000000, -1.000000000000000000, -0.000000000000000000 ) ) ;
#1920 = EDGE_CURVE ( 'NONE', #2613, #2221, #1981, .T. ) ;
#1921 = CARTESIAN_POINT ( 'NONE',  ( 186.8999999999999773, 2.999999999999999112, -191.9000000000000057 ) ) ;
#1922 = LINE ( 'NONE', #1939, #367 ) ;
#1923 = AXIS2_PLACEMENT_3D ( 'NONE', #1841, #1107, #2121 ) ;
#1924 = CARTESIAN_POINT ( 'NONE',  ( 186.9000000000000057, 11.00000000000000000, -1.900000000000011458 ) ) ;
#1925 = VECTOR ( 'NONE', #1767, 1000.000000000000000 ) ;
#1926 = CIRCLE ( 'NONE', #310, 3.999999999999992450 ) ;
#1927 = ORIENTED_EDGE ( 'NONE', *, *, #3147, .T. ) ;
#1928 = LINE ( 'NONE', #923, #586 ) ;
#1929 = CIRCLE ( 'NONE', #642, 1.000000000000000888 ) ;
#1930 = CARTESIAN_POINT ( 'NONE',  ( 11.90000000000001101, 11.00000000000000000, -3.900000000000011902 ) ) ;
#1931 = ORIENTED_EDGE ( 'NONE', *, *, #2256, .T. ) ;
#1932 = VECTOR ( 'NONE', #2750, 1000.000000000000000 ) ;
#1933 = FACE_OUTER_BOUND ( 'NONE', #1706, .T. ) ;
#1934 = CIRCLE ( 'NONE', #18, 4.500000000000004441 ) ;
#1935 = AXIS2_PLACEMENT_3D ( 'NONE', #2027, #2314, #228 ) ;
#1936 = ADVANCED_FACE ( 'NONE', ( #1251 ), #164, .F. ) ;
#1937 = CARTESIAN_POINT ( 'NONE',  ( 5.000000000000000000, 0.000000000000000000, -183.8000000000000114 ) ) ;
#1938 = VERTEX_POINT ( 'NONE', #767 ) ;
#1939 = CARTESIAN_POINT ( 'NONE',  ( 0.000000000000000000, 2.999999999999999112, -188.8000000000000114 ) ) ;
#1940 = AXIS2_PLACEMENT_3D ( 'NONE', #1246, #2759, #2778 ) ;
#1941 = EDGE_CURVE ( 'NONE', #2683, #2297, #2923, .T. ) ;
#1942 = CARTESIAN_POINT ( 'NONE',  ( 3.900000000000011458, 11.00000000000000000, -12.90000000000001279 ) ) ;
#1943 = DIRECTION ( 'NONE',  ( 0.000000000000000000, 0.000000000000000000, -1.000000000000000000 ) ) ;
#1944 = CIRCLE ( 'NONE', #927, 5.000000000000000000 ) ;
#1945 = ORIENTED_EDGE ( 'NONE', *, *, #2185, .T. ) ;
#1946 = LINE ( 'NONE', #2444, #1491 ) ;
#1947 = CARTESIAN_POINT ( 'NONE',  ( 183.8000000000000114, 0.5000000000000281997, -183.8000000000000114 ) ) ;
#1948 = VERTEX_POINT ( 'NONE', #1475 ) ;
#1949 = DIRECTION ( 'NONE',  ( 0.000000000000000000, 0.000000000000000000, -1.000000000000000000 ) ) ;
#1950 = DIRECTION ( 'NONE',  ( 0.000000000000000000, 1.000000000000000000, 0.000000000000000000 ) ) ;
#1951 = ORIENTED_EDGE ( 'NONE', *, *, #453, .T. ) ;
#1952 = EDGE_CURVE ( 'NONE', #1490, #763, #1277, .T. ) ;
#1953 = LINE ( 'NONE', #901, #1712 ) ;
#1954 = CARTESIAN_POINT ( 'NONE',  ( 178.8999999999999488, 12.00000000000000000, -9.900000000000011013 ) ) ;
#1955 = ORIENTED_EDGE ( 'NONE', *, *, #2897, .T. ) ;
#1956 = EDGE_CURVE ( 'NONE', #2246, #2927, #1443, .T. ) ;
#1957 = DIRECTION ( 'NONE',  ( 0.000000000000000000, -1.000000000000000000, 0.000000000000000000 ) ) ;
#1958 = DIRECTION ( 'NONE',  ( 0.000000000000000000, 0.000000000000000000, 1.000000000000000000 ) ) ;
#1959 = EDGE_LOOP ( 'NONE', ( #3212, #1175, #2844, #2698 ) ) ;
#1960 = FACE_OUTER_BOUND ( 'NONE', #556, .T. ) ;
#1961 = VERTEX_POINT ( 'NONE', #2625 ) ;
#1962 = CARTESIAN_POINT ( 'NONE',  ( 191.3999999999999488, 15.00000000000000000, -1.900000000000008349 ) ) ;
#1963 = ORIENTED_EDGE ( 'NONE', *, *, #2185, .F. ) ;
#1964 = PLANE ( 'NONE',  #1323 ) ;
#1965 = DIRECTION ( 'NONE',  ( 0.000000000000000000, 0.000000000000000000, -1.000000000000000000 ) ) ;
#1966 = DIRECTION ( 'NONE',  ( 0.000000000000000000, 0.000000000000000000, 1.000000000000000000 ) ) ;
#1967 = ORIENTED_EDGE ( 'NONE', *, *, #2694, .F. ) ;
#1968 = VECTOR ( 'NONE', #731, 1000.000000000000000 ) ;
#1969 = DIRECTION ( 'NONE',  ( 0.000000000000000000, 0.000000000000000000, 1.000000000000000000 ) ) ;
#1970 = CARTESIAN_POINT ( 'NONE',  ( 178.8999999999999488, 12.00000000000000000, -12.90000000000001279 ) ) ;
#1971 = EDGE_CURVE ( 'NONE', #541, #1719, #1839, .T. ) ;
#1972 = AXIS2_PLACEMENT_3D ( 'NONE', #3239, #1998, #3030 ) ;
#1973 = ORIENTED_EDGE ( 'NONE', *, *, #1418, .F. ) ;
#1974 = VECTOR ( 'NONE', #2025, 1000.000000000000000 ) ;
#1975 = DIRECTION ( 'NONE',  ( 0.000000000000000000, -1.000000000000000000, 0.000000000000000000 ) ) ;
#1976 = EDGE_CURVE ( 'NONE', #83, #397, #481, .T. ) ;
#1977 = CARTESIAN_POINT ( 'NONE',  ( 13.90000000000001101, -14.14213562373095279, -184.9000000000000057 ) ) ;
#1978 = AXIS2_PLACEMENT_3D ( 'NONE', #2021, #29, #2309 ) ;
#1979 = ORIENTED_EDGE ( 'NONE', *, *, #1881, .T. ) ;
#1980 = ORIENTED_EDGE ( 'NONE', *, *, #2576, .T. ) ;
#1981 = CIRCLE ( 'NONE', #2712, 0.9999999999999991118 ) ;
#1982 = CARTESIAN_POINT ( 'NONE',  ( 1.900000000000012790, -14.14213562373095279, -11.90000000000001101 ) ) ;
#1983 = EDGE_LOOP ( 'NONE', ( #3169, #2666, #974, #2403 ) ) ;
#1984 = CARTESIAN_POINT ( 'NONE',  ( 6.900000000000013678, 9.999999999999998224, -10.90000000000001457 ) ) ;
#1985 = CIRCLE ( 'NONE', #2501, 1.000000000000000888 ) ;
#1986 = DIRECTION ( 'NONE',  ( 0.000000000000000000, 0.000000000000000000, 1.000000000000000000 ) ) ;
#1987 = ORIENTED_EDGE ( 'NONE', *, *, #1474, .F. ) ;
#1988 = VECTOR ( 'NONE', #2405, 1000.000000000000000 ) ;
#1989 = CARTESIAN_POINT ( 'NONE',  ( 0.000000000000000000, 0.5000000000000281997, -5.000000000000000000 ) ) ;
#1990 = FACE_OUTER_BOUND ( 'NONE', #2560, .T. ) ;
#1991 = AXIS2_PLACEMENT_3D ( 'NONE', #1221, #921, #1943 ) ;
#1992 = ORIENTED_EDGE ( 'NONE', *, *, #1869, .T. ) ;
#1993 = ADVANCED_FACE ( 'NONE', ( #2607 ), #1362, .F. ) ;
#1994 = PLANE ( 'NONE',  #2612 ) ;
#1995 = PLANE ( 'NONE',  #1028 ) ;
#1996 = ORIENTED_EDGE ( 'NONE', *, *, #1094, .F. ) ;
#1997 = EDGE_CURVE ( 'NONE', #2262, #1283, #846, .T. ) ;
#1998 = DIRECTION ( 'NONE',  ( -1.000000000000000000, 0.000000000000000000, 0.000000000000000000 ) ) ;
#1999 = VERTEX_POINT ( 'NONE', #832 ) ;
#2000 = CARTESIAN_POINT ( 'NONE',  ( 181.8999999999999488, 9.999999999999998224, -185.9000000000000057 ) ) ;
#2001 = DIRECTION ( 'NONE',  ( 0.000000000000000000, 0.000000000000000000, -1.000000000000000000 ) ) ;
#2002 = DIRECTION ( 'NONE',  ( 0.000000000000000000, 0.000000000000000000, 1.000000000000000000 ) ) ;
#2003 = ORIENTED_EDGE ( 'NONE', *, *, #2349, .F. ) ;
#2004 = CARTESIAN_POINT ( 'NONE',  ( 11.90000000000001279, 11.00000000000000000, -178.9000000000000057 ) ) ;
#2005 = DIRECTION ( 'NONE',  ( 0.000000000000000000, 0.000000000000000000, -1.000000000000000000 ) ) ;
#2006 = ORIENTED_EDGE ( 'NONE', *, *, #23, .T. ) ;
#2007 = LINE ( 'NONE', #2049, #2281 ) ;
#2008 = CARTESIAN_POINT ( 'NONE',  ( 183.8000000000000114, 2.999999999999999112, 0.000000000000000000 ) ) ;
#2009 = LINE ( 'NONE', #17, #2353 ) ;
#2010 = EDGE_CURVE ( 'NONE', #2583, #325, #1826, .T. ) ;
#2011 = VERTEX_POINT ( 'NONE', #1633 ) ;
#2012 = CARTESIAN_POINT ( 'NONE',  ( 191.8999999999999773, 2.999999999999999112, -1.900000000000008349 ) ) ;
#2013 = ADVANCED_FACE ( 'NONE', ( #82 ), #1865, .F. ) ;
#2014 = FACE_OUTER_BOUND ( 'NONE', #1326, .T. ) ;
#2015 = DIRECTION ( 'NONE',  ( 0.000000000000000000, 1.000000000000000000, 0.000000000000000000 ) ) ;
#2016 = CARTESIAN_POINT ( 'NONE',  ( 11.90000000000001279, 0.000000000000000000, -9.900000000000011013 ) ) ;
#2017 = CARTESIAN_POINT ( 'NONE',  ( 2.900000000000011458, 12.00000000000000000, -5.000000000000000000 ) ) ;
#2018 = EDGE_CURVE ( 'NONE', #2011, #1948, #1553, .T. ) ;
#2019 = DIRECTION ( 'NONE',  ( 1.000000000000000000, 0.000000000000000000, 0.000000000000000000 ) ) ;
#2020 = ORIENTED_EDGE ( 'NONE', *, *, #813, .F. ) ;
#2021 = CARTESIAN_POINT ( 'NONE',  ( 184.9000000000000057, 11.00000000000000000, -13.90000000000001101 ) ) ;
#2022 = LINE ( 'NONE', #3018, #686 ) ;
#2023 = AXIS2_PLACEMENT_3D ( 'NONE', #2138, #1868, #3136 ) ;
#2024 = ORIENTED_EDGE ( 'NONE', *, *, #710, .T. ) ;
#2025 = DIRECTION ( 'NONE',  ( 0.000000000000000000, 0.000000000000000000, -1.000000000000000000 ) ) ;
#2026 = CIRCLE ( 'NONE', #910, 1.749999999999998890 ) ;
#2027 = CARTESIAN_POINT ( 'NONE',  ( 3.900000000000011458, 0.000000000000000000, -13.90000000000001101 ) ) ;
#2028 = DIRECTION ( 'NONE',  ( 1.000000000000000000, -0.000000000000000000, -0.000000000000000000 ) ) ;
#2029 = ORIENTED_EDGE ( 'NONE', *, *, #1776, .T. ) ;
#2030 = VECTOR ( 'NONE', #1540, 1000.000000000000000 ) ;
#2031 = AXIS2_PLACEMENT_3D ( 'NONE', #2842, #2111, #839 ) ;
#2032 = TOROIDAL_SURFACE ( 'NONE', #1015, 1.000000000000000000, 1.000000000000000000 ) ;
#2033 = AXIS2_PLACEMENT_3D ( 'NONE', #1097, #1909, #2577 ) ;
#2034 = PLANE ( 'NONE',  #2543 ) ;
#2035 = EDGE_LOOP ( 'NONE', ( #321, #1531, #299, #852 ) ) ;
#2036 = CARTESIAN_POINT ( 'NONE',  ( 9.900000000000012790, 11.00000000000000000, -175.9000000000000057 ) ) ;
#2037 = CARTESIAN_POINT ( 'NONE',  ( 176.8999999999999488, 0.000000000000000000, -9.900000000000011013 ) ) ;
#2038 = AXIS2_PLACEMENT_3D ( 'NONE', #2369, #97, #2134 ) ;
#2039 = EDGE_CURVE ( 'NONE', #795, #2770, #2222, .T. ) ;
#2040 = DIRECTION ( 'NONE',  ( 0.000000000000000000, 0.000000000000000000, -1.000000000000000000 ) ) ;
#2041 = CIRCLE ( 'NONE', #1935, 2.000000000000000000 ) ;
#2042 = FACE_OUTER_BOUND ( 'NONE', #2644, .T. ) ;
#2043 = ORIENTED_EDGE ( 'NONE', *, *, #1378, .F. ) ;
#2044 = ADVANCED_FACE ( 'NONE', ( #1128 ), #2449, .F. ) ;
#2045 = CARTESIAN_POINT ( 'NONE',  ( 0.5000000000000004441, 0.000000000000000000, -5.000000000000000000 ) ) ;
#2046 = DIRECTION ( 'NONE',  ( 0.000000000000000000, -0.7071067811865279218, -0.7071067811865672237 ) ) ;
#2047 = ORIENTED_EDGE ( 'NONE', *, *, #2448, .T. ) ;
#2048 = AXIS2_PLACEMENT_3D ( 'NONE', #1179, #728, #1746 ) ;
#2049 = CARTESIAN_POINT ( 'NONE',  ( -3.100000000000019185, 15.00000000000000000, -1.900000000000008349 ) ) ;
#2050 = CARTESIAN_POINT ( 'NONE',  ( 181.8999999999999488, 14.49999999999994671, -10.90000000000000391 ) ) ;
#2051 = CARTESIAN_POINT ( 'NONE',  ( 175.8999999999999488, 12.00000000000000000, -3.900000000000011902 ) ) ;
#2052 = ORIENTED_EDGE ( 'NONE', *, *, #3008, .F. ) ;
#2053 = CIRCLE ( 'NONE', #279, 1.749999999999998890 ) ;
#2054 = DIRECTION ( 'NONE',  ( -0.000000000000000000, -1.000000000000000000, -0.000000000000000000 ) ) ;
#2055 = DIRECTION ( 'NONE',  ( 0.000000000000000000, 0.000000000000000000, -1.000000000000000000 ) ) ;
#2056 = SURFACE_STYLE_USAGE ( .BOTH. , #814 ) ;
#2057 = CARTESIAN_POINT ( 'NONE',  ( 181.8999999999999488, 9.999999999999998224, -177.9000000000000057 ) ) ;
#2058 = CARTESIAN_POINT ( 'NONE',  ( 13.90000000000001101, 11.00000000000000000, -184.9000000000000057 ) ) ;
#2059 = EDGE_CURVE ( 'NONE', #2, #3062, #2341, .T. ) ;
#2060 = ORIENTED_EDGE ( 'NONE', *, *, #2914, .F. ) ;
#2061 = LINE ( 'NONE', #2803, #14 ) ;
#2062 = CARTESIAN_POINT ( 'NONE',  ( 176.8999999999999488, 0.000000000000000000, -184.9000000000000057 ) ) ;
#2063 = EDGE_CURVE ( 'NONE', #358, #3109, #919, .T. ) ;
#2064 = ORIENTED_EDGE ( 'NONE', *, *, #917, .F. ) ;
#2065 = DIRECTION ( 'NONE',  ( -1.000000000000000000, 0.000000000000000000, -2.168404344971006896E-16 ) ) ;
#2066 = DIRECTION ( 'NONE',  ( 0.000000000000000000, -1.000000000000000000, 0.000000000000000000 ) ) ;
#2067 = EDGE_CURVE ( 'NONE', #2427, #2187, #1646, .T. ) ;
#2068 = EDGE_LOOP ( 'NONE', ( #1820, #1560 ) ) ;
#2069 = FACE_OUTER_BOUND ( 'NONE', #2579, .T. ) ;
#2070 = FACE_BOUND ( 'NONE', #803, .T. ) ;
#2071 = DIRECTION ( 'NONE',  ( -0.000000000000000000, -1.000000000000000000, -0.000000000000000000 ) ) ;
#2072 = ORIENTED_EDGE ( 'NONE', *, *, #2252, .F. ) ;
#2073 = CARTESIAN_POINT ( 'NONE',  ( 3.900000000000011458, 12.00000000000000000, -174.9000000000000057 ) ) ;
#2074 = ORIENTED_EDGE ( 'NONE', *, *, #931, .T. ) ;
#2075 = CARTESIAN_POINT ( 'NONE',  ( 181.8999999999999488, 15.00000000000000000, -180.1500000000000057 ) ) ;
#2076 = CARTESIAN_POINT ( 'NONE',  ( 11.90000000000001101, 0.000000000000000000, -186.9000000000000057 ) ) ;
#2077 = ORIENTED_EDGE ( 'NONE', *, *, #316, .F. ) ;
#2078 = ADVANCED_FACE ( 'NONE', ( #2253 ), #1178, .F. ) ;
#2079 = CARTESIAN_POINT ( 'NONE',  ( 178.8999999999999488, 11.00000000000000000, -176.9000000000000057 ) ) ;
#2080 = CARTESIAN_POINT ( 'NONE',  ( 175.8999999999999488, 11.00000000000000000, -178.9000000000000057 ) ) ;
#2081 = VERTEX_POINT ( 'NONE', #1724 ) ;
#2082 = ADVANCED_FACE ( 'NONE', ( #1143 ), #1994, .F. ) ;
#2083 = EDGE_LOOP ( 'NONE', ( #2179, #2582, #1713, #1056 ) ) ;
#2084 = AXIS2_PLACEMENT_3D ( 'NONE', #1982, #176, #2468 ) ;
#2085 = CARTESIAN_POINT ( 'NONE',  ( 178.8999999999999488, 11.00000000000000000, -178.9000000000000057 ) ) ;
#2086 =( NAMED_UNIT ( * ) SI_UNIT ( $, .STERADIAN. ) SOLID_ANGLE_UNIT ( ) );
#2087 = AXIS2_PLACEMENT_3D ( 'NONE', #2345, #1624, #875 ) ;
#2088 = DIRECTION ( 'NONE',  ( 0.000000000000000000, 0.000000000000000000, 1.000000000000000000 ) ) ;
#2089 = ORIENTED_EDGE ( 'NONE', *, *, #1177, .F. ) ;
#2090 = DIRECTION ( 'NONE',  ( 0.000000000000000000, 0.000000000000000000, -1.000000000000000000 ) ) ;
#2091 = AXIS2_PLACEMENT_3D ( 'NONE', #9, #1532, #1224 ) ;
#2092 = EDGE_LOOP ( 'NONE', ( #2381, #2389, #1450, #1212 ) ) ;
#2093 = DIRECTION ( 'NONE',  ( 0.000000000000000000, 1.000000000000000000, 0.000000000000000000 ) ) ;
#2094 = CIRCLE ( 'NONE', #1608, 5.000000000000004441 ) ;
#2095 = DIRECTION ( 'NONE',  ( 1.000000000000000000, 0.000000000000000000, -0.000000000000000000 ) ) ;
#2096 = ORIENTED_EDGE ( 'NONE', *, *, #1055, .T. ) ;
#2097 = CIRCLE ( 'NONE', #1717, 1.750000000000001554 ) ;
#2098 = CYLINDRICAL_SURFACE ( 'NONE', #2087, 1.000000000000000888 ) ;
#2099 = DIRECTION ( 'NONE',  ( 0.000000000000000000, 0.000000000000000000, 1.000000000000000000 ) ) ;
#2100 = VERTEX_POINT ( 'NONE', #2990 ) ;
#2101 = EDGE_CURVE ( 'NONE', #1407, #178, #1414, .T. ) ;
#2102 = DIRECTION ( 'NONE',  ( 0.000000000000000000, 1.000000000000000000, -0.000000000000000000 ) ) ;
#2103 = AXIS2_PLACEMENT_3D ( 'NONE', #1299, #1559, #283 ) ;
#2104 = PLANE ( 'NONE',  #1114 ) ;
#2105 = EDGE_CURVE ( 'NONE', #94, #1585, #3137, .T. ) ;
#2106 = DIRECTION ( 'NONE',  ( -0.000000000000000000, -1.000000000000000000, -0.000000000000000000 ) ) ;
#2107 = DIRECTION ( 'NONE',  ( 0.000000000000000000, 1.000000000000000000, 0.000000000000000000 ) ) ;
#2108 = CARTESIAN_POINT ( 'NONE',  ( 6.900000000000012790, 9.999999999999998224, -6.900000000000011013 ) ) ;
#2109 = CARTESIAN_POINT ( 'NONE',  ( 175.8999999999999488, 11.00000000000000000, -186.9000000000000057 ) ) ;
#2110 = EDGE_LOOP ( 'NONE', ( #833, #1017, #1833, #1723 ) ) ;
#2111 = DIRECTION ( 'NONE',  ( 0.000000000000000000, 1.000000000000000000, 0.000000000000000000 ) ) ;
#2112 = CARTESIAN_POINT ( 'NONE',  ( 13.90000000000001101, 11.00000000000000000, -184.9000000000000057 ) ) ;
#2113 = ORIENTED_EDGE ( 'NONE', *, *, #1460, .T. ) ;
#2114 = CARTESIAN_POINT ( 'NONE',  ( 1.899999999999980593, 14.49999999999999822, -186.9000000000000057 ) ) ;
#2115 = ADVANCED_FACE ( 'NONE', ( #3166 ), #898, .F. ) ;
#2116 = EDGE_LOOP ( 'NONE', ( #2452, #2647, #2229, #3129 ) ) ;
#2117 = CARTESIAN_POINT ( 'NONE',  ( 3.900000000000011458, 12.00000000000000000, -175.9000000000000057 ) ) ;
#2118 = EDGE_CURVE ( 'NONE', #2525, #3028, #1738, .T. ) ;
#2119 = CYLINDRICAL_SURFACE ( 'NONE', #2489, 3.999999999999992450 ) ;
#2120 = EDGE_LOOP ( 'NONE', ( #1574, #3197 ) ) ;
#2121 = DIRECTION ( 'NONE',  ( 0.000000000000000000, 0.000000000000000000, 1.000000000000000000 ) ) ;
#2122 = EDGE_CURVE ( 'NONE', #1514, #2525, #646, .T. ) ;
#2123 = LINE ( 'NONE', #2142, #1063 ) ;
#2124 = DIRECTION ( 'NONE',  ( 1.000000000000000000, -0.000000000000000000, 0.000000000000000000 ) ) ;
#2125 = ORIENTED_EDGE ( 'NONE', *, *, #3173, .F. ) ;
#2126 = DIRECTION ( 'NONE',  ( 0.000000000000000000, -1.000000000000000000, 0.000000000000000000 ) ) ;
#2127 = DIRECTION ( 'NONE',  ( 0.000000000000000000, 1.000000000000000000, 0.000000000000000000 ) ) ;
#2128 = ORIENTED_EDGE ( 'NONE', *, *, #505, .T. ) ;
#2129 = VERTEX_POINT ( 'NONE', #2008 ) ;
#2130 = DIRECTION ( 'NONE',  ( -0.000000000000000000, -1.000000000000000000, -0.000000000000000000 ) ) ;
#2131 = VERTEX_POINT ( 'NONE', #1210 ) ;
#2132 = DIRECTION ( 'NONE',  ( 0.000000000000000000, -0.7071067811865672237, 0.7071067811865279218 ) ) ;
#2133 = AXIS2_PLACEMENT_3D ( 'NONE', #998, #293, #2540 ) ;
#2134 = DIRECTION ( 'NONE',  ( 0.000000000000000000, 0.000000000000000000, 1.000000000000000000 ) ) ;
#2135 = AXIS2_PLACEMENT_3D ( 'NONE', #1703, #3229, #445 ) ;
#2136 = AXIS2_PLACEMENT_3D ( 'NONE', #812, #2319, #830 ) ;
#2137 = ORIENTED_EDGE ( 'NONE', *, *, #3073, .T. ) ;
#2138 = CARTESIAN_POINT ( 'NONE',  ( 6.900000000000012790, 0.000000000000000000, -181.9000000000000057 ) ) ;
#2139 = EDGE_CURVE ( 'NONE', #2297, #2180, #1669, .T. ) ;
#2140 = VECTOR ( 'NONE', #1117, 1000.000000000000000 ) ;
#2141 = FACE_OUTER_BOUND ( 'NONE', #1828, .T. ) ;
#2142 = CARTESIAN_POINT ( 'NONE',  ( 6.900000000000013678, 9.999999999999998224, -185.9000000000000057 ) ) ;
#2143 = CIRCLE ( 'NONE', #163, 2.000000000000001776 ) ;
#2144 = LINE ( 'NONE', #3211, #276 ) ;
#2145 = ORIENTED_EDGE ( 'NONE', *, *, #2419, .T. ) ;
#2146 = ADVANCED_FACE ( 'NONE', ( #1504 ), #459, .F. ) ;
#2147 = VECTOR ( 'NONE', #214, 1000.000000000000000 ) ;
#2148 = CARTESIAN_POINT ( 'NONE',  ( 13.90000000000001101, 0.000000000000000000, -184.9000000000000057 ) ) ;
#2149 = DIRECTION ( 'NONE',  ( -0.000000000000000000, -1.000000000000000000, -0.000000000000000000 ) ) ;
#2150 = AXIS2_PLACEMENT_3D ( 'NONE', #2738, #953, #1422 ) ;
#2151 = ORIENTED_EDGE ( 'NONE', *, *, #135, .T. ) ;
#2152 = ORIENTED_EDGE ( 'NONE', *, *, #791, .T. ) ;
#2153 = LINE ( 'NONE', #2648, #2917 ) ;
#2154 = VECTOR ( 'NONE', #243, 1000.000000000000000 ) ;
#2155 = DIRECTION ( 'NONE',  ( 1.000000000000000000, 0.000000000000000000, 0.000000000000000000 ) ) ;
#2156 = CIRCLE ( 'NONE', #3241, 4.000000000000001776 ) ;
#2157 = ORIENTED_EDGE ( 'NONE', *, *, #1852, .F. ) ;
#2158 = CIRCLE ( 'NONE', #606, 1.000000000000000000 ) ;
#2159 = DIRECTION ( 'NONE',  ( 0.000000000000000000, 0.000000000000000000, 1.000000000000000000 ) ) ;
#2160 = CYLINDRICAL_SURFACE ( 'NONE', #959, 2.000000000000001776 ) ;
#2161 = ADVANCED_FACE ( 'NONE', ( #1468 ), #2614, .T. ) ;
#2162 = CARTESIAN_POINT ( 'NONE',  ( 181.8999999999999488, 15.00000000000000000, -6.900000000000011013 ) ) ;
#2163 = EDGE_LOOP ( 'NONE', ( #2961, #516, #3067, #982 ) ) ;
#2164 = DIRECTION ( 'NONE',  ( 0.000000000000000000, 0.000000000000000000, -1.000000000000000000 ) ) ;
#2165 = LINE ( 'NONE', #2346, #3139 ) ;
#2166 = EDGE_CURVE ( 'NONE', #2269, #2278, #1882, .T. ) ;
#2167 = EDGE_LOOP ( 'NONE', ( #3078, #558 ) ) ;
#2168 = CARTESIAN_POINT ( 'NONE',  ( 181.8999999999999488, 9.999999999999998224, -10.90000000000000391 ) ) ;
#2169 = EDGE_CURVE ( 'NONE', #358, #2486, #2512, .T. ) ;
#2170 = ORIENTED_EDGE ( 'NONE', *, *, #1166, .F. ) ;
#2171 = CARTESIAN_POINT ( 'NONE',  ( 6.900000000000012790, 0.000000000000000000, -6.900000000000011013 ) ) ;
#2172 = CARTESIAN_POINT ( 'NONE',  ( 191.8999999999999773, 2.999999999999999112, -1.900000000000008349 ) ) ;
#2173 = ORIENTED_EDGE ( 'NONE', *, *, #2105, .T. ) ;
#2174 = DIRECTION ( 'NONE',  ( 0.000000000000000000, -1.000000000000000000, 0.000000000000000000 ) ) ;
#2175 = DIRECTION ( 'NONE',  ( 0.000000000000000000, 0.000000000000000000, -1.000000000000000000 ) ) ;
#2176 = ORIENTED_EDGE ( 'NONE', *, *, #3008, .T. ) ;
#2177 = LINE ( 'NONE', #701, #2492 ) ;
#2178 = LINE ( 'NONE', #105, #1667 ) ;
#2179 = ORIENTED_EDGE ( 'NONE', *, *, #1997, .F. ) ;
#2180 = VERTEX_POINT ( 'NONE', #2843 ) ;
#2181 = EDGE_CURVE ( 'NONE', #1283, #3148, #2041, .T. ) ;
#2182 = DIRECTION ( 'NONE',  ( 0.000000000000000000, 0.000000000000000000, -1.000000000000000000 ) ) ;
#2183 = LINE ( 'NONE', #2910, #2350 ) ;
#2184 = EDGE_LOOP ( 'NONE', ( #2687, #951, #62, #703 ) ) ;
#2185 = EDGE_CURVE ( 'NONE', #829, #423, #1985, .T. ) ;
#2186 = CARTESIAN_POINT ( 'NONE',  ( 12.90000000000001279, 11.00000000000000000, -178.9000000000000057 ) ) ;
#2187 = VERTEX_POINT ( 'NONE', #1558 ) ;
#2188 = LINE ( 'NONE', #1984, #465 ) ;
#2189 = CARTESIAN_POINT ( 'NONE',  ( 174.8999999999999488, 11.00000000000000000, -3.900000000000011458 ) ) ;
#2190 = AXIS2_PLACEMENT_3D ( 'NONE', #312, #2906, #2876 ) ;
#2191 = ORIENTED_EDGE ( 'NONE', *, *, #2572, .F. ) ;
#2192 = CARTESIAN_POINT ( 'NONE',  ( 178.8999999999999488, 11.00000000000000000, -9.900000000000011013 ) ) ;
#2193 = VECTOR ( 'NONE', #1902, 1000.000000000000114 ) ;
#2194 = CIRCLE ( 'NONE', #3132, 5.000000000000000000 ) ;
#2195 = FACE_OUTER_BOUND ( 'NONE', #889, .T. ) ;
#2196 = ORIENTED_EDGE ( 'NONE', *, *, #561, .F. ) ;
#2197 = ADVANCED_FACE ( 'NONE', ( #504 ), #61, .F. ) ;
#2198 = ORIENTED_EDGE ( 'NONE', *, *, #1436, .F. ) ;
#2199 = DIRECTION ( 'NONE',  ( 0.000000000000000000, 0.000000000000000000, 1.000000000000000000 ) ) ;
#2200 = EDGE_CURVE ( 'NONE', #155, #2332, #596, .T. ) ;
#2201 = ORIENTED_EDGE ( 'NONE', *, *, #1068, .F. ) ;
#2202 = AXIS2_PLACEMENT_3D ( 'NONE', #680, #2723, #2002 ) ;
#2203 = APPLICATION_CONTEXT ( 'automotive_design' ) ;
#2204 = DIRECTION ( 'NONE',  ( 0.000000000000000000, 0.000000000000000000, 1.000000000000000000 ) ) ;
#2205 = ORIENTED_EDGE ( 'NONE', *, *, #48, .F. ) ;
#2206 = DIRECTION ( 'NONE',  ( 1.734723475976807094E-16, 0.000000000000000000, -1.000000000000000000 ) ) ;
#2207 = VERTEX_POINT ( 'NONE', #3059 ) ;
#2208 = DIRECTION ( 'NONE',  ( 0.000000000000000000, 0.000000000000000000, 1.000000000000000000 ) ) ;
#2209 = ORIENTED_EDGE ( 'NONE', *, *, #542, .T. ) ;
#2210 = ADVANCED_FACE ( 'NONE', ( #1521 ), #3045, .F. ) ;
#2211 = LINE ( 'NONE', #2172, #1541 ) ;
#2212 = ORIENTED_EDGE ( 'NONE', *, *, #2556, .T. ) ;
#2213 = DIRECTION ( 'NONE',  ( 1.000000000000000000, 0.000000000000000000, 0.000000000000000000 ) ) ;
#2214 = ADVANCED_FACE ( 'NONE', ( #806 ), #1071, .F. ) ;
#2215 = FACE_OUTER_BOUND ( 'NONE', #1907, .T. ) ;
#2216 = DIRECTION ( 'NONE',  ( 0.000000000000000000, 1.000000000000000000, 0.000000000000000000 ) ) ;
#2217 = ORIENTED_EDGE ( 'NONE', *, *, #1790, .T. ) ;
#2218 = EDGE_CURVE ( 'NONE', #2742, #3003, #2292, .T. ) ;
#2219 = LINE ( 'NONE', #151, #421 ) ;
#2220 = DIRECTION ( 'NONE',  ( 1.000000000000000000, 0.000000000000000000, 0.000000000000000000 ) ) ;
#2221 = VERTEX_POINT ( 'NONE', #788 ) ;
#2222 = LINE ( 'NONE', #2977, #1768 ) ;
#2223 = CARTESIAN_POINT ( 'NONE',  ( 12.90000000000001457, 12.00000000000000000, -9.900000000000011013 ) ) ;
#2224 = EDGE_LOOP ( 'NONE', ( #3000, #648, #2568, #1623 ) ) ;
#2225 = DIRECTION ( 'NONE',  ( 0.000000000000000000, 0.000000000000000000, -1.000000000000000000 ) ) ;
#2226 = ORIENTED_EDGE ( 'NONE', *, *, #99, .F. ) ;
#2227 = CARTESIAN_POINT ( 'NONE',  ( 6.900000000000012790, 9.999999999999998224, -6.900000000000011013 ) ) ;
#2228 = ADVANCED_FACE ( 'NONE', ( #3025 ), #297, .F. ) ;
#2229 = ORIENTED_EDGE ( 'NONE', *, *, #1307, .F. ) ;
#2230 = CIRCLE ( 'NONE', #1113, 1.750000000000001554 ) ;
#2231 = CIRCLE ( 'NONE', #3178, 1.000000000000000888 ) ;
#2232 = EDGE_CURVE ( 'NONE', #2376, #2742, #3093, .T. ) ;
#2233 = ORIENTED_EDGE ( 'NONE', *, *, #917, .T. ) ;
#2234 = VECTOR ( 'NONE', #2130, 1000.000000000000000 ) ;
#2235 = VECTOR ( 'NONE', #787, 1000.000000000000000 ) ;
#2236 = CARTESIAN_POINT ( 'NONE',  ( 183.8000000000000114, 0.000000000000000000, -5.000000000000000000 ) ) ;
#2237 = DIRECTION ( 'NONE',  ( 0.000000000000000000, 0.000000000000000000, 1.000000000000000000 ) ) ;
#2238 = AXIS2_PLACEMENT_3D ( 'NONE', #1788, #1552, #476 ) ;
#2239 = VERTEX_POINT ( 'NONE', #2528 ) ;
#2240 = VECTOR ( 'NONE', #185, 1000.000000000000000 ) ;
#2241 = LINE ( 'NONE', #1006, #2030 ) ;
#2242 = ORIENTED_EDGE ( 'NONE', *, *, #1200, .F. ) ;
#2243 = CARTESIAN_POINT ( 'NONE',  ( 181.8999999999999488, 14.49999999999994671, -10.90000000000000391 ) ) ;
#2244 = CONICAL_SURFACE ( 'NONE', #2450, 4.499999999999976019, 0.7853981633974717047 ) ;
#2245 = DIRECTION ( 'NONE',  ( 0.000000000000000000, 0.000000000000000000, 1.000000000000000000 ) ) ;
#2246 = VERTEX_POINT ( 'NONE', #825 ) ;
#2247 = EDGE_CURVE ( 'NONE', #2930, #795, #2820, .T. ) ;
#2248 = DIRECTION ( 'NONE',  ( -1.000000000000000000, 0.000000000000000000, 0.000000000000000000 ) ) ;
#2249 = CARTESIAN_POINT ( 'NONE',  ( 175.8999999999999488, 11.00000000000000000, -9.900000000000011013 ) ) ;
#2250 = AXIS2_PLACEMENT_3D ( 'NONE', #789, #2066, #385 ) ;
#2251 = ORIENTED_EDGE ( 'NONE', *, *, #3117, .T. ) ;
#2252 = EDGE_CURVE ( 'NONE', #2278, #2564, #242, .T. ) ;
#2253 = FACE_OUTER_BOUND ( 'NONE', #1324, .T. ) ;
#2254 = CYLINDRICAL_SURFACE ( 'NONE', #2671, 1.000000000000000888 ) ;
#2255 = EDGE_LOOP ( 'NONE', ( #2152, #3143, #3158, #3064 ) ) ;
#2256 = EDGE_CURVE ( 'NONE', #1343, #674, #1023, .T. ) ;
#2257 = LINE ( 'NONE', #1027, #1707 ) ;
#2258 = ORIENTED_EDGE ( 'NONE', *, *, #2232, .T. ) ;
#2259 = DIRECTION ( 'NONE',  ( -1.000000000000000000, 0.000000000000000000, 0.000000000000000000 ) ) ;
#2260 = CARTESIAN_POINT ( 'NONE',  ( 3.900000000000011458, 12.00000000000000000, -13.90000000000001101 ) ) ;
#2261 = CARTESIAN_POINT ( 'NONE',  ( 2.900000000000011458, 11.00000000000000000, -13.90000000000001101 ) ) ;
#2262 = VERTEX_POINT ( 'NONE', #2267 ) ;
#2263 = CARTESIAN_POINT ( 'NONE',  ( 186.9000000000000057, 11.00000000000000000, -174.9000000000000057 ) ) ;
#2264 = DIRECTION ( 'NONE',  ( 0.000000000000000000, 0.000000000000000000, 1.000000000000000000 ) ) ;
#2265 = ORIENTED_EDGE ( 'NONE', *, *, #450, .F. ) ;
#2266 = CARTESIAN_POINT ( 'NONE',  ( 9.900000000000012790, 11.00000000000000000, -9.900000000000011013 ) ) ;
#2267 = CARTESIAN_POINT ( 'NONE',  ( 1.900000000000011458, 11.00000000000000000, -13.90000000000001101 ) ) ;
#2268 = DIRECTION ( 'NONE',  ( 1.000000000000000000, -0.000000000000000000, 0.000000000000000000 ) ) ;
#2269 = VERTEX_POINT ( 'NONE', #2050 ) ;
#2270 = ADVANCED_FACE ( 'NONE', ( #3266 ), #1245, .T. ) ;
#2271 = DIRECTION ( 'NONE',  ( 0.000000000000000000, -0.000000000000000000, 1.000000000000000000 ) ) ;
#2272 = VERTEX_POINT ( 'NONE', #757 ) ;
#2273 = ADVANCED_FACE ( 'NONE', ( #519 ), #1807, .T. ) ;
#2274 = ORIENTED_EDGE ( 'NONE', *, *, #277, .F. ) ;
#2275 = DIRECTION ( 'NONE',  ( -0.000000000000000000, -1.000000000000000000, -0.000000000000000000 ) ) ;
#2276 = PLANE ( 'NONE',  #2805 ) ;
#2277 = CIRCLE ( 'NONE', #3124, 3.999999999999992450 ) ;
#2278 = VERTEX_POINT ( 'NONE', #891 ) ;
#2279 = CARTESIAN_POINT ( 'NONE',  ( 176.8999999999999488, 11.00000000000000000, -184.9000000000000057 ) ) ;
#2280 = CIRCLE ( 'NONE', #638, 1.749999999999998890 ) ;
#2281 = VECTOR ( 'NONE', #3044, 1000.000000000000000 ) ;
#2282 = DIRECTION ( 'NONE',  ( -0.000000000000000000, 1.000000000000000000, -0.000000000000000000 ) ) ;
#2283 = LINE ( 'NONE', #448, #2154 ) ;
#2284 = EDGE_LOOP ( 'NONE', ( #619, #598 ) ) ;
#2285 = CIRCLE ( 'NONE', #258, 2.000000000000000000 ) ;
#2286 = ADVANCED_FACE ( 'NONE', ( #2646 ), #390, .T. ) ;
#2287 = AXIS2_PLACEMENT_3D ( 'NONE', #1276, #1254, #2295 ) ;
#2288 = CARTESIAN_POINT ( 'NONE',  ( -3.100000000000019185, 14.49999999999999822, 0.000000000000000000 ) ) ;
#2289 = DIRECTION ( 'NONE',  ( -0.000000000000000000, 1.000000000000000000, -0.000000000000000000 ) ) ;
#2290 = AXIS2_PLACEMENT_3D ( 'NONE', #1290, #2520, #1492 ) ;
#2291 = ADVANCED_FACE ( 'NONE', ( #2877 ), #1625, .F. ) ;
#2292 = CIRCLE ( 'NONE', #810, 2.000000000000001776 ) ;
#2293 = ORIENTED_EDGE ( 'NONE', *, *, #565, .T. ) ;
#2294 = EDGE_CURVE ( 'NONE', #2662, #298, #334, .T. ) ;
#2295 = DIRECTION ( 'NONE',  ( 0.000000000000000000, 0.000000000000000000, -1.000000000000000000 ) ) ;
#2296 = DIRECTION ( 'NONE',  ( 0.000000000000000000, 0.000000000000000000, 1.000000000000000000 ) ) ;
#2297 = VERTEX_POINT ( 'NONE', #1152 ) ;
#2298 = AXIS2_PLACEMENT_3D ( 'NONE', #2073, #25, #1252 ) ;
#2299 = CARTESIAN_POINT ( 'NONE',  ( 186.8999999999999773, 15.00000000000000000, 2.599999999999963229 ) ) ;
#2300 = DIRECTION ( 'NONE',  ( -0.000000000000000000, -1.000000000000000000, -0.000000000000000000 ) ) ;
#2301 = VERTEX_POINT ( 'NONE', #3108 ) ;
#2302 = AXIS2_PLACEMENT_3D ( 'NONE', #631, #2338, #70 ) ;
#2303 = CARTESIAN_POINT ( 'NONE',  ( 181.8999999999999488, 9.999999999999998224, -181.9000000000000057 ) ) ;
#2304 = DIRECTION ( 'NONE',  ( 0.000000000000000000, 0.000000000000000000, 1.000000000000000000 ) ) ;
#2305 = CARTESIAN_POINT ( 'NONE',  ( 9.900000000000012790, 11.00000000000000000, -9.900000000000011013 ) ) ;
#2306 = CYLINDRICAL_SURFACE ( 'NONE', #3244, 5.000000000000000000 ) ;
#2307 = ORIENTED_EDGE ( 'NONE', *, *, #1457, .T. ) ;
#2308 = EDGE_CURVE ( 'NONE', #402, #2427, #920, .T. ) ;
#2309 = DIRECTION ( 'NONE',  ( 0.000000000000000000, 0.000000000000000000, 1.000000000000000000 ) ) ;
#2310 = DIRECTION ( 'NONE',  ( -0.000000000000000000, 1.000000000000000000, 0.000000000000000000 ) ) ;
#2311 = ORIENTED_EDGE ( 'NONE', *, *, #316, .T. ) ;
#2312 = EDGE_CURVE ( 'NONE', #2711, #2632, #2165, .T. ) ;
#2313 = CARTESIAN_POINT ( 'NONE',  ( 176.8999999999999488, 11.00000000000000000, -3.900000000000011902 ) ) ;
#2314 = DIRECTION ( 'NONE',  ( -0.000000000000000000, 1.000000000000000000, -0.000000000000000000 ) ) ;
#2315 = DIRECTION ( 'NONE',  ( 0.000000000000000000, 1.000000000000000000, -0.000000000000000000 ) ) ;
#2316 = ORIENTED_EDGE ( 'NONE', *, *, #1335, .T. ) ;
#2317 = ORIENTED_EDGE ( 'NONE', *, *, #2415, .T. ) ;
#2318 = ORIENTED_EDGE ( 'NONE', *, *, #1810, .F. ) ;
#2319 = DIRECTION ( 'NONE',  ( 0.000000000000000000, 1.000000000000000000, 0.000000000000000000 ) ) ;
#2320 = ORIENTED_EDGE ( 'NONE', *, *, #156, .F. ) ;
#2321 = DIRECTION ( 'NONE',  ( -0.000000000000000000, 1.000000000000000000, -0.000000000000000000 ) ) ;
#2322 = ORIENTED_EDGE ( 'NONE', *, *, #2312, .T. ) ;
#2323 = CARTESIAN_POINT ( 'NONE',  ( 11.90000000000001101, -14.14213562373095279, -3.900000000000011902 ) ) ;
#2324 = DIRECTION ( 'NONE',  ( -1.000000000000000000, 0.000000000000000000, 0.000000000000000000 ) ) ;
#2325 = ADVANCED_FACE ( 'NONE', ( #2907, #587 ), #1660, .T. ) ;
#2326 = ORIENTED_EDGE ( 'NONE', *, *, #2981, .T. ) ;
#2327 = DIRECTION ( 'NONE',  ( 1.734723475976807094E-16, -0.000000000000000000, -1.000000000000000000 ) ) ;
#2328 = CARTESIAN_POINT ( 'NONE',  ( 6.900000000000012790, 9.999999999999998224, -6.900000000000011013 ) ) ;
#2329 = EDGE_CURVE ( 'NONE', #111, #395, #1446, .T. ) ;
#2330 = ORIENTED_EDGE ( 'NONE', *, *, #3177, .T. ) ;
#2331 = VECTOR ( 'NONE', #1296, 1000.000000000000000 ) ;
#2332 = VERTEX_POINT ( 'NONE', #1930 ) ;
#2333 = AXIS2_PLACEMENT_3D ( 'NONE', #1937, #2699, #422 ) ;
#2334 = CARTESIAN_POINT ( 'NONE',  ( 11.90000000000001279, 0.000000000000000000, -178.9000000000000057 ) ) ;
#2335 = VECTOR ( 'NONE', #3, 1000.000000000000000 ) ;
#2336 = AXIS2_PLACEMENT_3D ( 'NONE', #659, #1682, #2684 ) ;
#2337 = CIRCLE ( 'NONE', #2970, 2.000000000000001776 ) ;
#2338 = DIRECTION ( 'NONE',  ( -1.000000000000000000, 0.000000000000000000, 0.000000000000000000 ) ) ;
#2339 = ORIENTED_EDGE ( 'NONE', *, *, #704, .F. ) ;
#2340 = LINE ( 'NONE', #2871, #113 ) ;
#2341 = CIRCLE ( 'NONE', #1124, 3.000000000000002665 ) ;
#2342 = DIRECTION ( 'NONE',  ( 0.000000000000000000, -1.000000000000000000, 0.000000000000000000 ) ) ;
#2343 = ORIENTED_EDGE ( 'NONE', *, *, #3142, .T. ) ;
#2344 = EDGE_CURVE ( 'NONE', #2533, #1501, #2178, .T. ) ;
#2345 = CARTESIAN_POINT ( 'NONE',  ( 1.900000000000012790, 11.00000000000000000, -12.90000000000001279 ) ) ;
#2346 = CARTESIAN_POINT ( 'NONE',  ( 5.000000000000000000, 0.000000000000000000, -0.5000000000000004441 ) ) ;
#2347 = AXIS2_PLACEMENT_3D ( 'NONE', #1439, #2668, #943 ) ;
#2348 = ORIENTED_EDGE ( 'NONE', *, *, #81, .T. ) ;
#2349 = EDGE_CURVE ( 'NONE', #2180, #331, #1397, .T. ) ;
#2350 = VECTOR ( 'NONE', #911, 1000.000000000000000 ) ;
#2351 = DIRECTION ( 'NONE',  ( -0.000000000000000000, -1.000000000000000000, -0.000000000000000000 ) ) ;
#2352 = EDGE_LOOP ( 'NONE', ( #2113, #107, #2594, #1589 ) ) ;
#2353 = VECTOR ( 'NONE', #520, 1000.000000000000000 ) ;
#2354 = LINE ( 'NONE', #559, #1009 ) ;
#2355 = EDGE_CURVE ( 'NONE', #2207, #2662, #2097, .T. ) ;
#2356 = CIRCLE ( 'NONE', #1620, 4.499999999999971578 ) ;
#2357 = DIRECTION ( 'NONE',  ( 0.000000000000000000, 0.000000000000000000, -1.000000000000000000 ) ) ;
#2358 = ORIENTED_EDGE ( 'NONE', *, *, #1166, .T. ) ;
#2359 = PLANE ( 'NONE',  #1812 ) ;
#2360 = DIRECTION ( 'NONE',  ( -0.000000000000000000, -0.000000000000000000, 1.000000000000000000 ) ) ;
#2361 = ORIENTED_EDGE ( 'NONE', *, *, #2491, .T. ) ;
#2362 = DIRECTION ( 'NONE',  ( 0.000000000000000000, 0.000000000000000000, -1.000000000000000000 ) ) ;
#2363 = CARTESIAN_POINT ( 'NONE',  ( 1.899999999999980593, 2.999999999999999112, -186.9000000000000057 ) ) ;
#2364 = ORIENTED_EDGE ( 'NONE', *, *, #226, .T. ) ;
#2365 = DIRECTION ( 'NONE',  ( 1.000000000000000000, -0.000000000000000000, 0.000000000000000000 ) ) ;
#2366 = ORIENTED_EDGE ( 'NONE', *, *, #1689, .T. ) ;
#2367 = ADVANCED_FACE ( 'NONE', ( #315 ), #2244, .T. ) ;
#2368 = DIRECTION ( 'NONE',  ( 0.000000000000000000, 0.000000000000000000, 1.000000000000000000 ) ) ;
#2369 = CARTESIAN_POINT ( 'NONE',  ( 3.900000000000011458, 15.00000000000000000, -174.9000000000000057 ) ) ;
#2370 = ADVANCED_FACE ( 'NONE', ( #1100 ), #3235, .F. ) ;
#2371 = VERTEX_POINT ( 'NONE', #1880 ) ;
#2372 = CARTESIAN_POINT ( 'NONE',  ( 186.8999999999999773, 15.00000000000000000, -186.9000000000000057 ) ) ;
#2373 = CYLINDRICAL_SURFACE ( 'NONE', #1823, 2.000000000000000000 ) ;
#2374 = CARTESIAN_POINT ( 'NONE',  ( 186.9000000000000057, 0.000000000000000000, -1.900000000000011458 ) ) ;
#2375 = CARTESIAN_POINT ( 'NONE',  ( 174.8999999999999488, 0.000000000000000000, -186.9000000000000057 ) ) ;
#2376 = VERTEX_POINT ( 'NONE', #876 ) ;
#2377 = FACE_OUTER_BOUND ( 'NONE', #1675, .T. ) ;
#2378 = DIRECTION ( 'NONE',  ( 0.000000000000000000, 0.000000000000000000, 1.000000000000000000 ) ) ;
#2379 = ORIENTED_EDGE ( 'NONE', *, *, #2349, .T. ) ;
#2380 = DIRECTION ( 'NONE',  ( -0.000000000000000000, 1.000000000000000000, -0.000000000000000000 ) ) ;
#2381 = ORIENTED_EDGE ( 'NONE', *, *, #1611, .F. ) ;
#2382 = DIRECTION ( 'NONE',  ( 0.000000000000000000, 0.000000000000000000, 1.000000000000000000 ) ) ;
#2383 = AXIS2_PLACEMENT_3D ( 'NONE', #1774, #1573, #43 ) ;
#2384 = AXIS2_PLACEMENT_3D ( 'NONE', #2609, #2640, #98 ) ;
#2385 = EDGE_CURVE ( 'NONE', #83, #1570, #2631, .T. ) ;
#2386 = DIRECTION ( 'NONE',  ( 0.000000000000000000, 0.000000000000000000, 1.000000000000000000 ) ) ;
#2387 = VECTOR ( 'NONE', #2840, 1000.000000000000000 ) ;
#2388 = VECTOR ( 'NONE', #544, 1000.000000000000000 ) ;
#2389 = ORIENTED_EDGE ( 'NONE', *, *, #1672, .T. ) ;
#2390 = LINE ( 'NONE', #2627, #906 ) ;
#2391 = AXIS2_PLACEMENT_3D ( 'NONE', #2417, #3144, #364 ) ;
#2392 = EDGE_CURVE ( 'NONE', #486, #1465, #484, .T. ) ;
#2393 = CYLINDRICAL_SURFACE ( 'NONE', #2445, 1.000000000000000888 ) ;
#2394 = DIRECTION ( 'NONE',  ( -0.000000000000000000, 1.000000000000000000, 0.000000000000000000 ) ) ;
#2395 = CONICAL_SURFACE ( 'NONE', #1171, 4.500000000000000000, 0.7853981633974206344 ) ;
#2396 = DIRECTION ( 'NONE',  ( -1.000000000000000000, -0.000000000000000000, -0.000000000000000000 ) ) ;
#2397 = ORIENTED_EDGE ( 'NONE', *, *, #1794, .T. ) ;
#2398 = EDGE_CURVE ( 'NONE', #2522, #2100, #3194, .T. ) ;
#2399 = VECTOR ( 'NONE', #3153, 1000.000000000000000 ) ;
#2400 = DIRECTION ( 'NONE',  ( 0.000000000000000000, 0.000000000000000000, -1.000000000000000000 ) ) ;
#2401 = DIRECTION ( 'NONE',  ( 0.000000000000000000, -0.000000000000000000, 1.000000000000000000 ) ) ;
#2402 = AXIS2_PLACEMENT_3D ( 'NONE', #2236, #734, #3233 ) ;
#2403 = ORIENTED_EDGE ( 'NONE', *, *, #1840, .F. ) ;
#2404 = CARTESIAN_POINT ( 'NONE',  ( 12.90000000000001457, 12.00000000000000000, -178.9000000000000057 ) ) ;
#2405 = DIRECTION ( 'NONE',  ( 0.000000000000000000, 0.000000000000000000, -1.000000000000000000 ) ) ;
#2406 = ORIENTED_EDGE ( 'NONE', *, *, #1091, .T. ) ;
#2407 = CIRCLE ( 'NONE', #1940, 4.499999999999976019 ) ;
#2408 = DIRECTION ( 'NONE',  ( 0.000000000000000000, 1.000000000000000000, 0.000000000000000000 ) ) ;
#2409 = CIRCLE ( 'NONE', #2565, 5.000000000000000000 ) ;
#2410 = CARTESIAN_POINT ( 'NONE',  ( 6.900000000000012790, 9.999999999999998224, -177.9000000000000057 ) ) ;
#2411 = ORIENTED_EDGE ( 'NONE', *, *, #2774, .F. ) ;
#2412 = CARTESIAN_POINT ( 'NONE',  ( 186.9000000000000057, 15.00000000000000000, -174.9000000000000057 ) ) ;
#2413 = FACE_OUTER_BOUND ( 'NONE', #2068, .T. ) ;
#2414 = CARTESIAN_POINT ( 'NONE',  ( 6.900000000000012790, 0.000000000000000000, -180.1500000000000057 ) ) ;
#2415 = EDGE_CURVE ( 'NONE', #3007, #2557, #1679, .T. ) ;
#2416 = ORIENTED_EDGE ( 'NONE', *, *, #474, .T. ) ;
#2417 = CARTESIAN_POINT ( 'NONE',  ( 13.90000000000001101, 11.00000000000000000, -3.900000000000011458 ) ) ;
#2418 = DIRECTION ( 'NONE',  ( 1.000000000000000000, 0.000000000000000000, 0.000000000000000000 ) ) ;
#2419 = EDGE_CURVE ( 'NONE', #218, #386, #1127, .T. ) ;
#2420 = ORIENTED_EDGE ( 'NONE', *, *, #2911, .T. ) ;
#2421 = CARTESIAN_POINT ( 'NONE',  ( 5.000000000000000000, 0.000000000000000000, -0.5000000000000004441 ) ) ;
#2422 = CARTESIAN_POINT ( 'NONE',  ( 188.8000000000000114, 2.999999999999999112, 0.000000000000000000 ) ) ;
#2423 = ORIENTED_EDGE ( 'NONE', *, *, #912, .T. ) ;
#2424 = CARTESIAN_POINT ( 'NONE',  ( 181.8999999999999488, 14.49999999999994671, -6.900000000000011013 ) ) ;
#2425 =( NAMED_UNIT ( * ) SI_UNIT ( $, .STERADIAN. ) SOLID_ANGLE_UNIT ( ) );
#2426 = CARTESIAN_POINT ( 'NONE',  ( 6.900000000000012790, 9.999999999999998224, -6.900000000000011013 ) ) ;
#2427 = VERTEX_POINT ( 'NONE', #2682 ) ;
#2428 = ADVANCED_FACE ( 'NONE', ( #169 ), #1736, .T. ) ;
#2429 = PLANE ( 'NONE',  #374 ) ;
#2430 = DIRECTION ( 'NONE',  ( 0.000000000000000000, 0.000000000000000000, -1.000000000000000000 ) ) ;
#2431 = ORIENTED_EDGE ( 'NONE', *, *, #1941, .F. ) ;
#2432 = EDGE_CURVE ( 'NONE', #1845, #541, #266, .T. ) ;
#2433 = ORIENTED_EDGE ( 'NONE', *, *, #2813, .F. ) ;
#2434 = ORIENTED_EDGE ( 'NONE', *, *, #124, .T. ) ;
#2435 = CARTESIAN_POINT ( 'NONE',  ( 185.9000000000000057, 11.00000000000000000, -1.900000000000011458 ) ) ;
#2436 = ORIENTED_EDGE ( 'NONE', *, *, #2914, .T. ) ;
#2437 = DIRECTION ( 'NONE',  ( 0.000000000000000000, 0.000000000000000000, -1.000000000000000000 ) ) ;
#2438 = AXIS2_PLACEMENT_3D ( 'NONE', #2456, #664, #1687 ) ;
#2439 = DIRECTION ( 'NONE',  ( 8.659560562355047490E-17, 0.7071067811865383579, -0.7071067811865567876 ) ) ;
#2440 = CARTESIAN_POINT ( 'NONE',  ( 181.8999999999999488, 14.49999999999994671, -6.900000000000011013 ) ) ;
#2441 = CIRCLE ( 'NONE', #1814, 1.000000000000000888 ) ;
#2442 = AXIS2_PLACEMENT_3D ( 'NONE', #74, #2890, #2164 ) ;
#2443 = ORIENTED_EDGE ( 'NONE', *, *, #332, .T. ) ;
#2444 = CARTESIAN_POINT ( 'NONE',  ( 0.000000000000000000, 0.5000000000000281997, -5.000000000000000000 ) ) ;
#2445 = AXIS2_PLACEMENT_3D ( 'NONE', #3156, #2886, #886 ) ;
#2446 = CARTESIAN_POINT ( 'NONE',  ( 186.8999999999999773, 15.00000000000000000, 2.599999999999963229 ) ) ;
#2447 = EDGE_LOOP ( 'NONE', ( #1791, #1413, #1534, #2157 ) ) ;
#2448 = EDGE_CURVE ( 'NONE', #2900, #1407, #2978, .T. ) ;
#2449 = TOROIDAL_SURFACE ( 'NONE', #755, 1.000000000000000000, 1.000000000000000000 ) ;
#2450 = AXIS2_PLACEMENT_3D ( 'NONE', #75, #1370, #90 ) ;
#2451 = VERTEX_POINT ( 'NONE', #211 ) ;
#2452 = ORIENTED_EDGE ( 'NONE', *, *, #1150, .F. ) ;
#2453 = ADVANCED_FACE ( 'NONE', ( #670 ), #414, .T. ) ;
#2454 = PLANE ( 'NONE',  #2084 ) ;
#2455 = ORIENTED_EDGE ( 'NONE', *, *, #1571, .T. ) ;
#2456 = CARTESIAN_POINT ( 'NONE',  ( 176.8999999999999488, -14.14213562373095279, -1.900000000000011013 ) ) ;
#2457 = EDGE_CURVE ( 'NONE', #1615, #1938, #488, .T. ) ;
#2458 = CIRCLE ( 'NONE', #2298, 1.000000000000000888 ) ;
#2459 = DIRECTION ( 'NONE',  ( -0.000000000000000000, 0.000000000000000000, 1.000000000000000000 ) ) ;
#2460 = CYLINDRICAL_SURFACE ( 'NONE', #3198, 4.000000000000001776 ) ;
#2461 = EDGE_LOOP ( 'NONE', ( #1885, #1883, #2052, #521 ) ) ;
#2462 = FACE_BOUND ( 'NONE', #2167, .T. ) ;
#2463 = ORIENTED_EDGE ( 'NONE', *, *, #1311, .F. ) ;
#2464 = DIRECTION ( 'NONE',  ( 1.734723475976807094E-16, 0.000000000000000000, 1.000000000000000000 ) ) ;
#2465 = CARTESIAN_POINT ( 'NONE',  ( 183.8000000000000114, 0.000000000000000000, -183.8000000000000114 ) ) ;
#2466 = ORIENTED_EDGE ( 'NONE', *, *, #993, .F. ) ;
#2467 = EDGE_CURVE ( 'NONE', #1126, #171, #2929, .T. ) ;
#2468 = DIRECTION ( 'NONE',  ( 1.000000000000000000, 0.000000000000000000, 0.000000000000000000 ) ) ;
#2469 = ORIENTED_EDGE ( 'NONE', *, *, #1189, .T. ) ;
#2470 = CARTESIAN_POINT ( 'NONE',  ( 186.9000000000000057, 11.00000000000000000, -13.90000000000001101 ) ) ;
#2471 = EDGE_CURVE ( 'NONE', #823, #1106, #1721, .T. ) ;
#2472 = CARTESIAN_POINT ( 'NONE',  ( 181.8999999999999488, 15.00000000000000000, -6.900000000000011013 ) ) ;
#2473 = FACE_OUTER_BOUND ( 'NONE', #3072, .T. ) ;
#2474 = ORIENTED_EDGE ( 'NONE', *, *, #1920, .F. ) ;
#2475 = FACE_BOUND ( 'NONE', #576, .T. ) ;
#2476 = CARTESIAN_POINT ( 'NONE',  ( 6.900000000000012790, 9.999999999999998224, -6.900000000000011013 ) ) ;
#2477 = EDGE_LOOP ( 'NONE', ( #294, #237, #792, #336 ) ) ;
#2478 = DIRECTION ( 'NONE',  ( -0.000000000000000000, 1.000000000000000000, -0.000000000000000000 ) ) ;
#2479 = ORIENTED_EDGE ( 'NONE', *, *, #881, .F. ) ;
#2480 = CARTESIAN_POINT ( 'NONE',  ( 9.900000000000012790, -14.14213562373095279, -9.900000000000011013 ) ) ;
#2481 = ORIENTED_EDGE ( 'NONE', *, *, #3060, .T. ) ;
#2482 = DIRECTION ( 'NONE',  ( 0.000000000000000000, 0.000000000000000000, 1.000000000000000000 ) ) ;
#2483 = ADVANCED_FACE ( 'NONE', ( #2195 ), #377, .F. ) ;
#2484 = CARTESIAN_POINT ( 'NONE',  ( 1.899999999999980593, 14.49999999999999822, 3.099999999999991651 ) ) ;
#2485 = DIRECTION ( 'NONE',  ( 0.000000000000000000, 0.000000000000000000, 1.000000000000000000 ) ) ;
#2486 = VERTEX_POINT ( 'NONE', #683 ) ;
#2487 = EDGE_CURVE ( 'NONE', #1149, #829, #117, .T. ) ;
#2488 = CARTESIAN_POINT ( 'NONE',  ( 188.3000000000000114, 0.000000000000000000, -5.000000000000000000 ) ) ;
#2489 = AXIS2_PLACEMENT_3D ( 'NONE', #865, #1582, #2587 ) ;
#2490 = ORIENTED_EDGE ( 'NONE', *, *, #632, .F. ) ;
#2491 = EDGE_CURVE ( 'NONE', #1948, #2011, #2280, .T. ) ;
#2492 = VECTOR ( 'NONE', #1720, 1000.000000000000000 ) ;
#2493 = DIRECTION ( 'NONE',  ( 0.000000000000000000, 1.000000000000000000, 0.000000000000000000 ) ) ;
#2494 = CARTESIAN_POINT ( 'NONE',  ( 175.8999999999999488, 11.00000000000000000, -184.9000000000000057 ) ) ;
#2495 = VECTOR ( 'NONE', #2093, 1000.000000000000000 ) ;
#2496 = ORIENTED_EDGE ( 'NONE', *, *, #174, .T. ) ;
#2497 = AXIS2_PLACEMENT_3D ( 'NONE', #1598, #1093, #2088 ) ;
#2498 = DIRECTION ( 'NONE',  ( -0.000000000000000000, 0.000000000000000000, 1.000000000000000000 ) ) ;
#2499 = ORIENTED_EDGE ( 'NONE', *, *, #1903, .T. ) ;
#2500 = DIRECTION ( 'NONE',  ( 0.000000000000000000, -0.000000000000000000, -1.000000000000000000 ) ) ;
#2501 = AXIS2_PLACEMENT_3D ( 'NONE', #2080, #1576, #1779 ) ;
#2502 = PLANE ( 'NONE',  #381 ) ;
#2503 = CARTESIAN_POINT ( 'NONE',  ( 181.8999999999999488, 0.000000000000000000, -181.9000000000000057 ) ) ;
#2504 = ORIENTED_EDGE ( 'NONE', *, *, #3117, .F. ) ;
#2505 = VECTOR ( 'NONE', #372, 1000.000000000000000 ) ;
#2506 = LINE ( 'NONE', #499, #2495 ) ;
#2507 = DIRECTION ( 'NONE',  ( 0.000000000000000000, 0.000000000000000000, 1.000000000000000000 ) ) ;
#2508 = ADVANCED_FACE ( 'NONE', ( #1990 ), #3002, .F. ) ;
#2509 = VECTOR ( 'NONE', #1133, 1000.000000000000000 ) ;
#2510 = ORIENTED_EDGE ( 'NONE', *, *, #2675, .T. ) ;
#2511 = LINE ( 'NONE', #2279, #1168 ) ;
#2512 = LINE ( 'NONE', #282, #3033 ) ;
#2513 = EDGE_CURVE ( 'NONE', #955, #1261, #2789, .T. ) ;
#2514 = DIRECTION ( 'NONE',  ( -0.000000000000000000, -1.000000000000000000, -0.000000000000000000 ) ) ;
#2515 = ORIENTED_EDGE ( 'NONE', *, *, #1263, .T. ) ;
#2516 = PLANE ( 'NONE',  #3130 ) ;
#2517 = ORIENTED_EDGE ( 'NONE', *, *, #1500, .F. ) ;
#2518 = DIRECTION ( 'NONE',  ( 0.000000000000000000, 1.000000000000000000, 0.000000000000000000 ) ) ;
#2519 = DIRECTION ( 'NONE',  ( 0.000000000000000000, 1.000000000000000000, 0.000000000000000000 ) ) ;
#2520 = DIRECTION ( 'NONE',  ( 0.000000000000000000, 1.000000000000000000, 0.000000000000000000 ) ) ;
#2521 = DIRECTION ( 'NONE',  ( 0.7071067811865672237, -0.7071067811865279218, 0.000000000000000000 ) ) ;
#2522 = VERTEX_POINT ( 'NONE', #3263 ) ;
#2523 = CARTESIAN_POINT ( 'NONE',  ( 183.8000000000000114, 0.000000000000000000, -0.4999999999999961142 ) ) ;
#2524 = LINE ( 'NONE', #2804, #106 ) ;
#2525 = VERTEX_POINT ( 'NONE', #753 ) ;
#2526 = EDGE_CURVE ( 'NONE', #573, #423, #2578, .T. ) ;
#2527 = DIRECTION ( 'NONE',  ( 0.000000000000000000, 1.000000000000000000, 0.000000000000000000 ) ) ;
#2528 = CARTESIAN_POINT ( 'NONE',  ( 181.8999999999999488, 9.999999999999998224, -5.150000000000011902 ) ) ;
#2529 = APPLICATION_CONTEXT ( 'automotive_design' ) ;
#2530 = EDGE_LOOP ( 'NONE', ( #1600, #213, #2837, #2892 ) ) ;
#2531 = EDGE_CURVE ( 'NONE', #280, #473, #7, .T. ) ;
#2532 = DIRECTION ( 'NONE',  ( -0.000000000000000000, -1.000000000000000000, 0.000000000000000000 ) ) ;
#2533 = VERTEX_POINT ( 'NONE', #1278 ) ;
#2534 = CARTESIAN_POINT ( 'NONE',  ( 181.8999999999999488, 0.000000000000000000, -6.900000000000011013 ) ) ;
#2535 = CARTESIAN_POINT ( 'NONE',  ( 6.900000000000012790, 9.999999999999998224, -181.9000000000000057 ) ) ;
#2536 = CARTESIAN_POINT ( 'NONE',  ( 5.000000000000000000, 12.00000000000000000, -5.000000000000000000 ) ) ;
#2537 = CARTESIAN_POINT ( 'NONE',  ( 188.8000000000000114, 0.5000000000000281997, 0.000000000000000000 ) ) ;
#2538 = ORIENTED_EDGE ( 'NONE', *, *, #1094, .T. ) ;
#2539 = CARTESIAN_POINT ( 'NONE',  ( 0.4999999999999961142, 0.000000000000000000, -183.8000000000000114 ) ) ;
#2540 = DIRECTION ( 'NONE',  ( 0.000000000000000000, 0.000000000000000000, -1.000000000000000000 ) ) ;
#2541 = ORIENTED_EDGE ( 'NONE', *, *, #578, .F. ) ;
#2542 = DIRECTION ( 'NONE',  ( 0.000000000000000000, 0.000000000000000000, 1.000000000000000000 ) ) ;
#2543 = AXIS2_PLACEMENT_3D ( 'NONE', #2303, #2730, #2271 ) ;
#2544 = CARTESIAN_POINT ( 'NONE',  ( 3.900000000000011458, -14.14213562373095279, -176.9000000000000057 ) ) ;
#2545 = DIRECTION ( 'NONE',  ( 1.000000000000000000, 0.000000000000000000, 0.000000000000000000 ) ) ;
#2546 = ORIENTED_EDGE ( 'NONE', *, *, #2232, .F. ) ;
#2547 = AXIS2_PLACEMENT_3D ( 'NONE', #147, #1158, #133 ) ;
#2548 = AXIS2_PLACEMENT_3D ( 'NONE', #1806, #733, #2757 ) ;
#2549 = VECTOR ( 'NONE', #2365, 1000.000000000000000 ) ;
#2550 = AXIS2_PLACEMENT_3D ( 'NONE', #42, #2275, #1049 ) ;
#2551 = DIRECTION ( 'NONE',  ( 1.000000000000000000, -0.000000000000000000, 0.000000000000000000 ) ) ;
#2552 = EDGE_CURVE ( 'NONE', #2262, #305, #1322, .T. ) ;
#2553 = DIRECTION ( 'NONE',  ( 0.000000000000000000, 0.000000000000000000, 1.000000000000000000 ) ) ;
#2554 = CARTESIAN_POINT ( 'NONE',  ( 191.8999999999999773, 2.999999999999999112, -186.9000000000000057 ) ) ;
#2555 = VECTOR ( 'NONE', #3114, 1000.000000000000000 ) ;
#2556 = EDGE_CURVE ( 'NONE', #1661, #1508, #1650, .T. ) ;
#2557 = VERTEX_POINT ( 'NONE', #2562 ) ;
#2558 = AXIS2_PLACEMENT_3D ( 'NONE', #1947, #2946, #2430 ) ;
#2559 = LINE ( 'NONE', #1292, #1677 ) ;
#2560 = EDGE_LOOP ( 'NONE', ( #780, #2590, #3215, #3226 ) ) ;
#2561 = DIRECTION ( 'NONE',  ( 0.000000000000000000, 1.000000000000000000, -0.000000000000000000 ) ) ;
#2562 = CARTESIAN_POINT ( 'NONE',  ( 178.8999999999999488, 12.00000000000000000, -12.90000000000001279 ) ) ;
#2563 = CIRCLE ( 'NONE', #656, 4.499999999999976019 ) ;
#2564 = VERTEX_POINT ( 'NONE', #1255 ) ;
#2565 = AXIS2_PLACEMENT_3D ( 'NONE', #2888, #2315, #2874 ) ;
#2566 = CARTESIAN_POINT ( 'NONE',  ( 174.8999999999999488, 15.00000000000000000, -184.9000000000000057 ) ) ;
#2567 = CARTESIAN_POINT ( 'NONE',  ( 181.8999999999999488, 14.49999999999994671, -181.9000000000000057 ) ) ;
#2568 = ORIENTED_EDGE ( 'NONE', *, *, #3098, .T. ) ;
#2569 = VECTOR ( 'NONE', #1619, 1000.000000000000000 ) ;
#2570 = ORIENTED_EDGE ( 'NONE', *, *, #3159, .F. ) ;
#2571 = DIRECTION ( 'NONE',  ( 0.000000000000000000, 0.000000000000000000, 1.000000000000000000 ) ) ;
#2572 = EDGE_CURVE ( 'NONE', #3204, #829, #2022, .T. ) ;
#2573 = ORIENTED_EDGE ( 'NONE', *, *, #440, .T. ) ;
#2574 = DIRECTION ( 'NONE',  ( 0.000000000000000000, 0.000000000000000000, -1.000000000000000000 ) ) ;
#2575 = EDGE_LOOP ( 'NONE', ( #882, #152, #1963, #1025 ) ) ;
#2576 = EDGE_CURVE ( 'NONE', #797, #51, #1704, .T. ) ;
#2577 = DIRECTION ( 'NONE',  ( 0.000000000000000000, 0.000000000000000000, 1.000000000000000000 ) ) ;
#2578 = LINE ( 'NONE', #10, #2331 ) ;
#2579 = EDGE_LOOP ( 'NONE', ( #609, #1293, #208, #26 ) ) ;
#2580 = FACE_OUTER_BOUND ( 'NONE', #3010, .T. ) ;
#2581 = DIRECTION ( 'NONE',  ( -1.734723475976807094E-16, 0.000000000000000000, 1.000000000000000000 ) ) ;
#2582 = ORIENTED_EDGE ( 'NONE', *, *, #2552, .T. ) ;
#2583 = VERTEX_POINT ( 'NONE', #2062 ) ;
#2584 = ORIENTED_EDGE ( 'NONE', *, *, #2355, .T. ) ;
#2585 = DIRECTION ( 'NONE',  ( 0.000000000000000000, 1.000000000000000000, 0.000000000000000000 ) ) ;
#2586 = CARTESIAN_POINT ( 'NONE',  ( 9.900000000000012790, 11.00000000000000000, -178.9000000000000057 ) ) ;
#2587 = DIRECTION ( 'NONE',  ( 0.000000000000000000, 0.000000000000000000, 1.000000000000000000 ) ) ;
#2588 = CARTESIAN_POINT ( 'NONE',  ( 174.8999999999999488, -14.14213562373095279, -3.900000000000011458 ) ) ;
#2589 = EDGE_CURVE ( 'NONE', #2770, #1098, #253, .T. ) ;
#2590 = ORIENTED_EDGE ( 'NONE', *, *, #231, .F. ) ;
#2591 = FACE_OUTER_BOUND ( 'NONE', #663, .T. ) ;
#2592 = CARTESIAN_POINT ( 'NONE',  ( 181.8999999999999488, 9.999999999999998224, -183.6500000000000057 ) ) ;
#2593 = EDGE_CURVE ( 'NONE', #1126, #2081, #55, .T. ) ;
#2594 = ORIENTED_EDGE ( 'NONE', *, *, #1997, .T. ) ;
#2595 = DIRECTION ( 'NONE',  ( 0.000000000000000000, 0.000000000000000000, 1.000000000000000000 ) ) ;
#2596 = ADVANCED_FACE ( 'NONE', ( #256 ), #1065, .F. ) ;
#2597 = ORIENTED_EDGE ( 'NONE', *, *, #1189, .F. ) ;
#2598 = UNCERTAINTY_MEASURE_WITH_UNIT (LENGTH_MEASURE( 1.000000000000000082E-05 ), #493, 'distance_accuracy_value', 'NONE');
#2599 = DIRECTION ( 'NONE',  ( 0.000000000000000000, -1.000000000000000000, -0.000000000000000000 ) ) ;
#2600 = CIRCLE ( 'NONE', #468, 1.000000000000000888 ) ;
#2601 = ORIENTED_EDGE ( 'NONE', *, *, #750, .T. ) ;
#2602 = CONICAL_SURFACE ( 'NONE', #1167, 4.000000000000003553, 0.7853981633974612686 ) ;
#2603 = DIRECTION ( 'NONE',  ( 0.000000000000000000, 0.000000000000000000, 1.000000000000000000 ) ) ;
#2604 = AXIS2_PLACEMENT_3D ( 'NONE', #296, #518, #1830 ) ;
#2605 = AXIS2_PLACEMENT_3D ( 'NONE', #1528, #2304, #1888 ) ;
#2606 = VECTOR ( 'NONE', #1350, 1000.000000000000000 ) ;
#2607 = FACE_OUTER_BOUND ( 'NONE', #671, .T. ) ;
#2608 = VERTEX_POINT ( 'NONE', #1050 ) ;
#2609 = CARTESIAN_POINT ( 'NONE',  ( 1.900000000000011458, 11.00000000000000000, -2.900000000000011458 ) ) ;
#2610 = VECTOR ( 'NONE', #1637, 1000.000000000000000 ) ;
#2611 = LINE ( 'NONE', #3104, #2610 ) ;
#2612 = AXIS2_PLACEMENT_3D ( 'NONE', #986, #957, #720 ) ;
#2613 = VERTEX_POINT ( 'NONE', #3071 ) ;
#2614 = CONICAL_SURFACE ( 'NONE', #2402, 4.500000000000003553, 0.7853981633974161936 ) ;
#2615 = ADVANCED_FACE ( 'NONE', ( #553 ), #1310, .F. ) ;
#2616 = CARTESIAN_POINT ( 'NONE',  ( 183.8000000000000114, 15.00000000000000000, -188.8000000000000114 ) ) ;
#2617 = CARTESIAN_POINT ( 'NONE',  ( 183.8000000000000114, 2.999999999999999112, -183.8000000000000114 ) ) ;
#2618 = ORIENTED_EDGE ( 'NONE', *, *, #295, .T. ) ;
#2619 = CIRCLE ( 'NONE', #2771, 1.749999999999998890 ) ;
#2620 = CARTESIAN_POINT ( 'NONE',  ( 0.000000000000000000, 15.00000000000000000, 0.000000000000000000 ) ) ;
#2621 = EDGE_CURVE ( 'NONE', #1300, #73, #2524, .T. ) ;
#2622 = ORIENTED_EDGE ( 'NONE', *, *, #1671, .F. ) ;
#2623 = AXIS2_PLACEMENT_3D ( 'NONE', #2537, #2521, #251 ) ;
#2624 = CARTESIAN_POINT ( 'NONE',  ( 0.000000000000000000, 0.5000000000000281997, -183.8000000000000114 ) ) ;
#2625 = CARTESIAN_POINT ( 'NONE',  ( -2.599999999999991207, 15.00000000000000000, -186.9000000000000057 ) ) ;
#2626 = ORIENTED_EDGE ( 'NONE', *, *, #1200, .T. ) ;
#2627 = CARTESIAN_POINT ( 'NONE',  ( 183.8000000000000114, 0.5000000000000281997, 0.000000000000000000 ) ) ;
#2628 = DIRECTION ( 'NONE',  ( 0.000000000000000000, 1.000000000000000000, 0.000000000000000000 ) ) ;
#2629 = ORIENTED_EDGE ( 'NONE', *, *, #1952, .F. ) ;
#2630 = CARTESIAN_POINT ( 'NONE',  ( 1.899999999999980593, 2.999999999999999112, 3.099999999999991651 ) ) ;
#2631 = LINE ( 'NONE', #348, #700 ) ;
#2632 = VERTEX_POINT ( 'NONE', #478 ) ;
#2633 = ADVANCED_FACE ( 'NONE', ( #1499 ), #2276, .T. ) ;
#2634 = DIRECTION ( 'NONE',  ( 0.000000000000000000, 0.000000000000000000, 1.000000000000000000 ) ) ;
#2635 = CARTESIAN_POINT ( 'NONE',  ( 1.899999999999980593, 14.49999999999999822, -191.9000000000000057 ) ) ;
#2636 = ORIENTED_EDGE ( 'NONE', *, *, #1248, .T. ) ;
#2637 = ADVANCED_FACE ( 'NONE', ( #1789 ), #515, .F. ) ;
#2638 = PLANE ( 'NONE',  #2808 ) ;
#2639 = ORIENTED_EDGE ( 'NONE', *, *, #2652, .F. ) ;
#2640 = DIRECTION ( 'NONE',  ( 1.000000000000000000, -0.000000000000000000, 0.000000000000000000 ) ) ;
#2641 = ADVANCED_FACE ( 'NONE', ( #2413, #1404 ), #1111, .T. ) ;
#2642 = FACE_OUTER_BOUND ( 'NONE', #907, .T. ) ;
#2643 = CARTESIAN_POINT ( 'NONE',  ( 6.900000000000012790, 9.999999999999998224, -181.9000000000000057 ) ) ;
#2644 = EDGE_LOOP ( 'NONE', ( #1996, #672, #265, #1160 ) ) ;
#2645 = DIRECTION ( 'NONE',  ( -0.000000000000000000, 1.000000000000000000, -0.000000000000000000 ) ) ;
#2646 = FACE_OUTER_BOUND ( 'NONE', #2848, .T. ) ;
#2647 = ORIENTED_EDGE ( 'NONE', *, *, #2432, .T. ) ;
#2648 = CARTESIAN_POINT ( 'NONE',  ( 6.900000000000012790, 15.00000000000000000, -183.6500000000000057 ) ) ;
#2649 = EDGE_LOOP ( 'NONE', ( #773, #736, #79, #2629 ) ) ;
#2650 = AXIS2_PLACEMENT_3D ( 'NONE', #500, #1517, #2095 ) ;
#2651 = PRESENTATION_LAYER_ASSIGNMENT (  '', '', ( #1004 ) ) ;
#2652 = EDGE_CURVE ( 'NONE', #3261, #2486, #1208, .T. ) ;
#2653 = DIRECTION ( 'NONE',  ( 0.000000000000000000, 0.000000000000000000, 1.000000000000000000 ) ) ;
#2654 = VECTOR ( 'NONE', #3099, 1000.000000000000000 ) ;
#2655 = ORIENTED_EDGE ( 'NONE', *, *, #2659, .T. ) ;
#2656 = DIRECTION ( 'NONE',  ( 0.000000000000000000, 1.000000000000000000, 0.000000000000000000 ) ) ;
#2657 = VECTOR ( 'NONE', #2634, 1000.000000000000000 ) ;
#2658 = AXIS2_PLACEMENT_3D ( 'NONE', #1691, #1957, #3227 ) ;
#2659 = EDGE_CURVE ( 'NONE', #1948, #1585, #1857, .T. ) ;
#2660 = DIRECTION ( 'NONE',  ( 0.000000000000000000, 0.000000000000000000, 1.000000000000000000 ) ) ;
#2661 = CARTESIAN_POINT ( 'NONE',  ( 0.000000000000000000, 0.5000000000000281997, -183.8000000000000114 ) ) ;
#2662 = VERTEX_POINT ( 'NONE', #2592 ) ;
#2663 = FACE_BOUND ( 'NONE', #1339, .T. ) ;
#2664 = DIRECTION ( 'NONE',  ( 0.000000000000000000, 1.000000000000000000, -0.000000000000000000 ) ) ;
#2665 = AXIS2_PLACEMENT_3D ( 'NONE', #1281, #3077, #2581 ) ;
#2666 = ORIENTED_EDGE ( 'NONE', *, *, #976, .T. ) ;
#2667 = CARTESIAN_POINT ( 'NONE',  ( 186.8999999999999773, 14.49999999999999822, 3.099999999999991651 ) ) ;
#2668 = DIRECTION ( 'NONE',  ( 1.000000000000000000, 0.000000000000000000, 1.734723475976807094E-16 ) ) ;
#2669 = EDGE_LOOP ( 'NONE', ( #1052, #550, #1090, #2936 ) ) ;
#2670 = CARTESIAN_POINT ( 'NONE',  ( -3.100000000000019185, 2.999999999999999112, -0.000000000000000000 ) ) ;
#2671 = AXIS2_PLACEMENT_3D ( 'NONE', #987, #2124, #2175 ) ;
#2672 = DIRECTION ( 'NONE',  ( -1.000000000000000000, 0.000000000000000000, 0.000000000000000000 ) ) ;
#2673 = VERTEX_POINT ( 'NONE', #617 ) ;
#2674 = SURFACE_STYLE_FILL_AREA ( #3201 ) ;
#2675 = EDGE_CURVE ( 'NONE', #1371, #2129, #2887, .T. ) ;
#2676 = CARTESIAN_POINT ( 'NONE',  ( 9.900000000000012790, 12.00000000000000000, -9.900000000000011013 ) ) ;
#2677 = DIRECTION ( 'NONE',  ( 0.000000000000000000, 0.000000000000000000, -1.000000000000000000 ) ) ;
#2678 = DIRECTION ( 'NONE',  ( 0.000000000000000000, 0.000000000000000000, 1.000000000000000000 ) ) ;
#2679 = EDGE_LOOP ( 'NONE', ( #3057, #2952, #1656, #1796 ) ) ;
#2680 = EDGE_CURVE ( 'NONE', #1172, #2673, #2123, .T. ) ;
#2681 = CARTESIAN_POINT ( 'NONE',  ( 191.8999999999999773, 14.49999999999999822, -1.900000000000008349 ) ) ;
#2682 = CARTESIAN_POINT ( 'NONE',  ( 184.9000000000000057, 0.000000000000000000, -176.9000000000000057 ) ) ;
#2683 = VERTEX_POINT ( 'NONE', #3119 ) ;
#2684 = DIRECTION ( 'NONE',  ( 0.000000000000000000, 0.000000000000000000, -1.000000000000000000 ) ) ;
#2685 = CARTESIAN_POINT ( 'NONE',  ( 181.8999999999999488, 0.000000000000000000, -180.1500000000000057 ) ) ;
#2686 = FACE_OUTER_BOUND ( 'NONE', #1165, .T. ) ;
#2687 = ORIENTED_EDGE ( 'NONE', *, *, #337, .T. ) ;
#2688 = DIRECTION ( 'NONE',  ( -1.000000000000000000, 0.000000000000000000, 0.000000000000000000 ) ) ;
#2689 = EDGE_CURVE ( 'NONE', #978, #1555, #1330, .T. ) ;
#2690 = CARTESIAN_POINT ( 'NONE',  ( 11.90000000000001101, -14.14213562373095279, -186.9000000000000057 ) ) ;
#2691 = ORIENTED_EDGE ( 'NONE', *, *, #3230, .F. ) ;
#2692 = DIRECTION ( 'NONE',  ( 0.000000000000000000, 1.000000000000000000, 0.000000000000000000 ) ) ;
#2693 = DIRECTION ( 'NONE',  ( -1.000000000000000000, 0.000000000000000000, 0.000000000000000000 ) ) ;
#2694 = EDGE_CURVE ( 'NONE', #3109, #402, #887, .T. ) ;
#2695 = ORIENTED_EDGE ( 'NONE', *, *, #453, .F. ) ;
#2696 = ADVANCED_FACE ( 'NONE', ( #567 ), #2160, .T. ) ;
#2697 = VERTEX_POINT ( 'NONE', #2852 ) ;
#2698 = ORIENTED_EDGE ( 'NONE', *, *, #77, .F. ) ;
#2699 = DIRECTION ( 'NONE',  ( 0.000000000000000000, 1.000000000000000000, 0.000000000000000000 ) ) ;
#2700 = ORIENTED_EDGE ( 'NONE', *, *, #226, .F. ) ;
#2701 = CIRCLE ( 'NONE', #2023, 1.750000000000001554 ) ;
#2702 = AXIS2_PLACEMENT_3D ( 'NONE', #1036, #2324, #2264 ) ;
#2703 = VECTOR ( 'NONE', #46, 1000.000000000000000 ) ;
#2704 = DIRECTION ( 'NONE',  ( 0.000000000000000000, 0.000000000000000000, 1.000000000000000000 ) ) ;
#2705 = CONICAL_SURFACE ( 'NONE', #1268, 4.000000000000003553, 0.7853981633974621568 ) ;
#2706 = CONICAL_SURFACE ( 'NONE', #2031, 4.000000000000003553, 0.7853981633974621568 ) ;
#2707 = ORIENTED_EDGE ( 'NONE', *, *, #1771, .F. ) ;
#2708 = CARTESIAN_POINT ( 'NONE',  ( 1.899999999999980593, 2.999999999999999112, -186.9000000000000057 ) ) ;
#2709 = COLOUR_RGB ( '',0.7921568627450980005, 0.8196078431372548767, 0.9333333333333333481 ) ;
#2710 = AXIS2_PLACEMENT_3D ( 'NONE', #2472, #1147, #1965 ) ;
#2711 = VERTEX_POINT ( 'NONE', #1910 ) ;
#2712 = AXIS2_PLACEMENT_3D ( 'NONE', #2260, #1512, #2799 ) ;
#2713 = EDGE_CURVE ( 'NONE', #2879, #1172, #3075, .T. ) ;
#2714 = AXIS2_PLACEMENT_3D ( 'NONE', #2617, #2664, #2378 ) ;
#2715 = CARTESIAN_POINT ( 'NONE',  ( 188.3000000000000114, 0.000000000000000000, -5.000000000000000000 ) ) ;
#2716 = ORIENTED_EDGE ( 'NONE', *, *, #1920, .T. ) ;
#2717 = ADVANCED_FACE ( 'NONE', ( #837 ), #1588, .T. ) ;
#2718 = CARTESIAN_POINT ( 'NONE',  ( 183.8000000000000114, 0.000000000000000000, -183.8000000000000114 ) ) ;
#2719 = ORIENTED_EDGE ( 'NONE', *, *, #1038, .T. ) ;
#2720 = SURFACE_SIDE_STYLE ('',( #2674 ) ) ;
#2721 = VECTOR ( 'NONE', #87, 1000.000000000000000 ) ;
#2722 = DIRECTION ( 'NONE',  ( 1.000000000000000000, 0.000000000000000000, 0.000000000000000000 ) ) ;
#2723 = DIRECTION ( 'NONE',  ( 0.000000000000000000, 1.000000000000000000, -0.000000000000000000 ) ) ;
#2724 = EDGE_LOOP ( 'NONE', ( #562, #1742, #1142, #2802 ) ) ;
#2725 = CARTESIAN_POINT ( 'NONE',  ( 9.900000000000012790, 0.000000000000000000, -176.9000000000000057 ) ) ;
#2726 = DIRECTION ( 'NONE',  ( -0.000000000000000000, 1.000000000000000000, -0.000000000000000000 ) ) ;
#2727 = ORIENTED_EDGE ( 'NONE', *, *, #1709, .F. ) ;
#2728 = DIRECTION ( 'NONE',  ( 0.000000000000000000, 0.000000000000000000, 1.000000000000000000 ) ) ;
#2729 = DIRECTION ( 'NONE',  ( 0.000000000000000000, 0.000000000000000000, -1.000000000000000000 ) ) ;
#2730 = DIRECTION ( 'NONE',  ( 0.000000000000000000, 1.000000000000000000, 0.000000000000000000 ) ) ;
#2731 = EDGE_CURVE ( 'NONE', #2950, #1661, #72, .T. ) ;
#2732 = ORIENTED_EDGE ( 'NONE', *, *, #2432, .F. ) ;
#2733 = CARTESIAN_POINT ( 'NONE',  ( 174.8999999999999488, 11.00000000000000000, -185.9000000000000057 ) ) ;
#2734 = EDGE_CURVE ( 'NONE', #903, #1999, #2230, .T. ) ;
#2735 = CARTESIAN_POINT ( 'NONE',  ( 188.8000000000000114, 15.00000000000000000, 0.000000000000000000 ) ) ;
#2736 = ORIENTED_EDGE ( 'NONE', *, *, #2513, .F. ) ;
#2737 = CARTESIAN_POINT ( 'NONE',  ( 174.8999999999999488, 15.00000000000000000, -186.9000000000000057 ) ) ;
#2738 = CARTESIAN_POINT ( 'NONE',  ( 183.8000000000000114, 15.00000000000000000, -5.000000000000000000 ) ) ;
#2739 = ORIENTED_EDGE ( 'NONE', *, *, #2018, .F. ) ;
#2740 = DIRECTION ( 'NONE',  ( 0.000000000000000000, -0.7071067811865279218, -0.7071067811865672237 ) ) ;
#2741 = LINE ( 'NONE', #2991, #1722 ) ;
#2742 = VERTEX_POINT ( 'NONE', #869 ) ;
#2743 = FACE_OUTER_BOUND ( 'NONE', #1297, .T. ) ;
#2744 = DIRECTION ( 'NONE',  ( 0.000000000000000000, 1.000000000000000000, 0.000000000000000000 ) ) ;
#2745 = EDGE_CURVE ( 'NONE', #2673, #2950, #798, .T. ) ;
#2746 = AXIS2_PLACEMENT_3D ( 'NONE', #1188, #1473, #2213 ) ;
#2747 = CARTESIAN_POINT ( 'NONE',  ( 175.8999999999999488, 12.00000000000000000, -184.9000000000000057 ) ) ;
#2748 = EDGE_LOOP ( 'NONE', ( #154, #3200, #12, #458 ) ) ;
#2749 = EDGE_CURVE ( 'NONE', #1060, #1400, #3179, .T. ) ;
#2750 = DIRECTION ( 'NONE',  ( 0.7071067811865279218, 0.7071067811865672237, 0.000000000000000000 ) ) ;
#2751 = DIRECTION ( 'NONE',  ( 0.000000000000000000, 0.000000000000000000, -1.000000000000000000 ) ) ;
#2752 = VECTOR ( 'NONE', #1872, 1000.000000000000000 ) ;
#2753 = VECTOR ( 'NONE', #1596, 999.9999999999998863 ) ;
#2754 = ORIENTED_EDGE ( 'NONE', *, *, #1055, .F. ) ;
#2755 = CIRCLE ( 'NONE', #3185, 1.000000000000000888 ) ;
#2756 = CIRCLE ( 'NONE', #856, 1.749999999999998890 ) ;
#2757 = DIRECTION ( 'NONE',  ( 0.000000000000000000, 0.000000000000000000, -1.000000000000000000 ) ) ;
#2758 = CARTESIAN_POINT ( 'NONE',  ( 181.8999999999999488, 9.999999999999998224, -6.900000000000011013 ) ) ;
#2759 = DIRECTION ( 'NONE',  ( -0.000000000000000000, 1.000000000000000000, -0.000000000000000000 ) ) ;
#2760 = VECTOR ( 'NONE', #3001, 1000.000000000000000 ) ;
#2761 = EDGE_LOOP ( 'NONE', ( #2339, #1470, #2191, #1187 ) ) ;
#2762 = AXIS2_PLACEMENT_3D ( 'NONE', #1567, #597, #575 ) ;
#2763 = DIRECTION ( 'NONE',  ( 1.000000000000000000, 0.000000000000000000, 0.000000000000000000 ) ) ;
#2764 = CARTESIAN_POINT ( 'NONE',  ( 178.8999999999999488, 12.00000000000000000, -178.9000000000000057 ) ) ;
#2765 = AXIS2_PLACEMENT_3D ( 'NONE', #2777, #33, #47 ) ;
#2766 = DIRECTION ( 'NONE',  ( 0.000000000000000000, 0.000000000000000000, 1.000000000000000000 ) ) ;
#2767 = FACE_OUTER_BOUND ( 'NONE', #181, .T. ) ;
#2768 = DIRECTION ( 'NONE',  ( -1.734723475976807094E-16, 0.000000000000000000, 1.000000000000000000 ) ) ;
#2769 = EDGE_CURVE ( 'NONE', #397, #1400, #3259, .T. ) ;
#2770 = VERTEX_POINT ( 'NONE', #3051 ) ;
#2771 = AXIS2_PLACEMENT_3D ( 'NONE', #652, #1808, #538 ) ;
#2772 = LINE ( 'NONE', #2004, #752 ) ;
#2773 = CARTESIAN_POINT ( 'NONE',  ( 181.8999999999999488, 15.00000000000000000, -181.9000000000000057 ) ) ;
#2774 = EDGE_CURVE ( 'NONE', #2221, #2272, #272, .T. ) ;
#2775 = ORIENTED_EDGE ( 'NONE', *, *, #1263, .F. ) ;
#2776 = CARTESIAN_POINT ( 'NONE',  ( 0.000000000000000000, 15.00000000000000000, -183.8000000000000114 ) ) ;
#2777 = CARTESIAN_POINT ( 'NONE',  ( 12.90000000000001279, 11.00000000000000000, -3.900000000000011902 ) ) ;
#2778 = DIRECTION ( 'NONE',  ( 0.000000000000000000, 0.000000000000000000, -1.000000000000000000 ) ) ;
#2779 = ORIENTED_EDGE ( 'NONE', *, *, #2139, .T. ) ;
#2780 = CARTESIAN_POINT ( 'NONE',  ( 186.8999999999999773, 2.999999999999999112, -1.900000000000008349 ) ) ;
#2781 = ORIENTED_EDGE ( 'NONE', *, *, #135, .F. ) ;
#2782 = CARTESIAN_POINT ( 'NONE',  ( 6.900000000000012790, 9.999999999999998224, -180.1500000000000057 ) ) ;
#2783 = CARTESIAN_POINT ( 'NONE',  ( 1.899999999999980593, 2.999999999999999112, -1.900000000000008349 ) ) ;
#2784 = CARTESIAN_POINT ( 'NONE',  ( 5.000000000000000000, 12.00000000000000000, -2.900000000000011458 ) ) ;
#2785 = CYLINDRICAL_SURFACE ( 'NONE', #874, 1.749999999999998890 ) ;
#2786 = ORIENTED_EDGE ( 'NONE', *, *, #2448, .F. ) ;
#2787 = ADVANCED_FACE ( 'NONE', ( #511 ), #2119, .F. ) ;
#2788 = CARTESIAN_POINT ( 'NONE',  ( 181.8999999999999488, 9.999999999999998224, -181.9000000000000057 ) ) ;
#2789 = LINE ( 'NONE', #2076, #1968 ) ;
#2790 = ORIENTED_EDGE ( 'NONE', *, *, #2745, .T. ) ;
#2791 = ADVANCED_FACE ( 'NONE', ( #2867 ), #2638, .F. ) ;
#2792 = CYLINDRICAL_SURFACE ( 'NONE', #2604, 1.750000000000001554 ) ;
#2793 = DIRECTION ( 'NONE',  ( 0.000000000000000000, -1.000000000000000000, 0.000000000000000000 ) ) ;
#2794 = CARTESIAN_POINT ( 'NONE',  ( 181.8999999999999488, 14.49999999999994671, -181.9000000000000057 ) ) ;
#2795 = VERTEX_POINT ( 'NONE', #2899 ) ;
#2796 = ADVANCED_FACE ( 'NONE', ( #288 ), #2602, .F. ) ;
#2797 = DIRECTION ( 'NONE',  ( 0.000000000000000000, 0.000000000000000000, -1.000000000000000000 ) ) ;
#2798 = CARTESIAN_POINT ( 'NONE',  ( 178.8999999999999488, 11.00000000000000000, -9.900000000000011013 ) ) ;
#2799 = DIRECTION ( 'NONE',  ( 0.000000000000000000, 0.000000000000000000, 1.000000000000000000 ) ) ;
#2800 = EDGE_LOOP ( 'NONE', ( #3190, #1379, #2510, #275 ) ) ;
#2801 = PLANE ( 'NONE',  #2623 ) ;
#2802 = ORIENTED_EDGE ( 'NONE', *, *, #2067, .F. ) ;
#2803 = CARTESIAN_POINT ( 'NONE',  ( 0.000000000000000000, 15.00000000000000000, -5.000000000000000000 ) ) ;
#2804 = CARTESIAN_POINT ( 'NONE',  ( 0.000000000000000000, 2.999999999999999112, 0.000000000000000000 ) ) ;
#2805 = AXIS2_PLACEMENT_3D ( 'NONE', #1019, #2046, #3040 ) ;
#2806 = ORIENTED_EDGE ( 'NONE', *, *, #2166, .F. ) ;
#2807 = CARTESIAN_POINT ( 'NONE',  ( 174.8999999999999488, 11.00000000000000000, -184.9000000000000057 ) ) ;
#2808 = AXIS2_PLACEMENT_3D ( 'NONE', #303, #1906, #1890 ) ;
#2809 = CIRCLE ( 'NONE', #3223, 3.000000000000002665 ) ;
#2810 = CARTESIAN_POINT ( 'NONE',  ( 0.000000000000000000, 0.5000000000000281997, 0.000000000000000000 ) ) ;
#2811 = FACE_OUTER_BOUND ( 'NONE', #3208, .T. ) ;
#2812 = EDGE_LOOP ( 'NONE', ( #3102, #942, #930, #564 ) ) ;
#2813 = EDGE_CURVE ( 'NONE', #1196, #2948, #2211, .T. ) ;
#2814 = VECTOR ( 'NONE', #347, 1000.000000000000000 ) ;
#2815 = EDGE_LOOP ( 'NONE', ( #2047, #2265, #2986, #455 ) ) ;
#2816 = DIRECTION ( 'NONE',  ( 0.000000000000000000, 0.000000000000000000, -1.000000000000000000 ) ) ;
#2817 = ADVANCED_FACE ( 'NONE', ( #932 ), #1415, .F. ) ;
#2818 = VECTOR ( 'NONE', #2912, 1000.000000000000000 ) ;
#2819 = VERTEX_POINT ( 'NONE', #2935 ) ;
#2820 = CIRCLE ( 'NONE', #121, 4.000000000000003553 ) ;
#2821 = DIRECTION ( 'NONE',  ( 0.000000000000000000, 0.000000000000000000, 1.000000000000000000 ) ) ;
#2822 = VERTEX_POINT ( 'NONE', #1962 ) ;
#2823 = LINE ( 'NONE', #278, #2866 ) ;
#2824 = DIRECTION ( 'NONE',  ( 0.000000000000000000, -1.000000000000000000, 0.000000000000000000 ) ) ;
#2825 = ORIENTED_EDGE ( 'NONE', *, *, #1177, .T. ) ;
#2826 = CARTESIAN_POINT ( 'NONE',  ( 11.90000000000001101, 0.000000000000000000, -1.900000000000011013 ) ) ;
#2827 = CARTESIAN_POINT ( 'NONE',  ( 3.900000000000011458, 0.000000000000000000, -174.9000000000000057 ) ) ;
#2828 = ORIENTED_EDGE ( 'NONE', *, *, #1544, .F. ) ;
#2829 = VECTOR ( 'NONE', #274, 1000.000000000000000 ) ;
#2830 = EDGE_CURVE ( 'NONE', #438, #841, #692, .T. ) ;
#2831 = EDGE_LOOP ( 'NONE', ( #2416, #689, #284, #346 ) ) ;
#2832 = DIRECTION ( 'NONE',  ( 0.000000000000000000, 0.000000000000000000, -1.000000000000000000 ) ) ;
#2833 =( NAMED_UNIT ( * ) SI_UNIT ( $, .STERADIAN. ) SOLID_ANGLE_UNIT ( ) );
#2834 = EDGE_CURVE ( 'NONE', #3062, #1239, #2441, .T. ) ;
#2835 = ORIENTED_EDGE ( 'NONE', *, *, #3184, .F. ) ;
#2836 = DIRECTION ( 'NONE',  ( 0.000000000000000000, 0.000000000000000000, -1.000000000000000000 ) ) ;
#2837 = ORIENTED_EDGE ( 'NONE', *, *, #1038, .F. ) ;
#2838 = ADVANCED_FACE ( 'NONE', ( #159 ), #157, .T. ) ;
#2839 = DIRECTION ( 'NONE',  ( 0.000000000000000000, -1.000000000000000000, 0.000000000000000000 ) ) ;
#2840 = DIRECTION ( 'NONE',  ( 0.000000000000000000, 0.000000000000000000, -1.000000000000000000 ) ) ;
#2841 = EDGE_LOOP ( 'NONE', ( #2515, #2209, #1086, #1612 ) ) ;
#2842 = CARTESIAN_POINT ( 'NONE',  ( 181.8999999999999488, 14.49999999999994671, -181.9000000000000057 ) ) ;
#2843 = CARTESIAN_POINT ( 'NONE',  ( -3.100000000000019185, 2.999999999999999112, -186.9000000000000057 ) ) ;
#2844 = ORIENTED_EDGE ( 'NONE', *, *, #1150, .T. ) ;
#2845 = DIRECTION ( 'NONE',  ( -0.000000000000000000, -1.000000000000000000, 0.000000000000000000 ) ) ;
#2846 = ORIENTED_EDGE ( 'NONE', *, *, #727, .T. ) ;
#2847 = DIRECTION ( 'NONE',  ( 0.000000000000000000, 0.000000000000000000, -1.000000000000000000 ) ) ;
#2848 = EDGE_LOOP ( 'NONE', ( #1253, #2499, #160, #1101 ) ) ;
#2849 = DIRECTION ( 'NONE',  ( 0.000000000000000000, 1.000000000000000000, 0.000000000000000000 ) ) ;
#2850 = EDGE_CURVE ( 'NONE', #763, #1149, #2982, .T. ) ;
#2851 = DIRECTION ( 'NONE',  ( 1.000000000000000000, 0.000000000000000000, 0.000000000000000000 ) ) ;
#2852 = CARTESIAN_POINT ( 'NONE',  ( 184.9000000000000057, 11.00000000000000000, -11.90000000000001101 ) ) ;
#2853 = ORIENTED_EDGE ( 'NONE', *, *, #309, .T. ) ;
#2854 = ADVANCED_FACE ( 'NONE', ( #2686 ), #1654, .F. ) ;
#2855 = PLANE ( 'NONE',  #1547 ) ;
#2856 = CARTESIAN_POINT ( 'NONE',  ( 184.9000000000000057, 0.000000000000000000, -174.9000000000000057 ) ) ;
#2857 = AXIS2_PLACEMENT_3D ( 'NONE', #2108, #2849, #834 ) ;
#2858 = ORIENTED_EDGE ( 'NONE', *, *, #174, .F. ) ;
#2859 = LINE ( 'NONE', #1613, #2549 ) ;
#2860 = CIRCLE ( 'NONE', #960, 1.000000000000000888 ) ;
#2861 = ORIENTED_EDGE ( 'NONE', *, *, #1134, .F. ) ;
#2862 = VECTOR ( 'NONE', #2903, 1000.000000000000000 ) ;
#2863 = FACE_OUTER_BOUND ( 'NONE', #2575, .T. ) ;
#2864 = AXIS2_PLACEMENT_3D ( 'NONE', #1244, #3004, #1280 ) ;
#2865 = CIRCLE ( 'NONE', #913, 5.000000000000004441 ) ;
#2866 = VECTOR ( 'NONE', #1498, 1000.000000000000000 ) ;
#2867 = FACE_OUTER_BOUND ( 'NONE', #2724, .T. ) ;
#2868 = ORIENTED_EDGE ( 'NONE', *, *, #2734, .F. ) ;
#2869 = DIRECTION ( 'NONE',  ( 0.000000000000000000, -1.000000000000000000, 0.000000000000000000 ) ) ;
#2870 = AXIS2_PLACEMENT_3D ( 'NONE', #2783, #510, #2984 ) ;
#2871 = CARTESIAN_POINT ( 'NONE',  ( 183.8000000000000114, 0.000000000000000000, -188.3000000000000114 ) ) ;
#2872 = CARTESIAN_POINT ( 'NONE',  ( 178.8999999999999488, -14.14213562373095279, -178.9000000000000057 ) ) ;
#2873 = EDGE_CURVE ( 'NONE', #2795, #2564, #585, .T. ) ;
#2874 = DIRECTION ( 'NONE',  ( 0.000000000000000000, 0.000000000000000000, 1.000000000000000000 ) ) ;
#2875 = EDGE_LOOP ( 'NONE', ( #1697, #2727, #2020, #1686 ) ) ;
#2876 = DIRECTION ( 'NONE',  ( 0.000000000000000000, 0.000000000000000000, 1.000000000000000000 ) ) ;
#2877 = FACE_OUTER_BOUND ( 'NONE', #1891, .T. ) ;
#2878 = EDGE_CURVE ( 'NONE', #3261, #826, #945, .T. ) ;
#2879 = VERTEX_POINT ( 'NONE', #2410 ) ;
#2880 = CIRCLE ( 'NONE', #551, 1.999999999999999556 ) ;
#2881 = DIRECTION ( 'NONE',  ( 0.000000000000000000, 0.000000000000000000, -1.000000000000000000 ) ) ;
#2882 = ORIENTED_EDGE ( 'NONE', *, *, #1074, .F. ) ;
#2883 = FACE_OUTER_BOUND ( 'NONE', #965, .T. ) ;
#2884 = ORIENTED_EDGE ( 'NONE', *, *, #1701, .T. ) ;
#2885 = DIRECTION ( 'NONE',  ( -0.7071067811865279218, -0.7071067811865672237, 0.000000000000000000 ) ) ;
#2886 = DIRECTION ( 'NONE',  ( -1.734723475976807094E-16, 0.000000000000000000, -1.000000000000000000 ) ) ;
#2887 = LINE ( 'NONE', #822, #2752 ) ;
#2888 = CARTESIAN_POINT ( 'NONE',  ( 5.000000000000000000, 2.999999999999999112, -5.000000000000000000 ) ) ;
#2889 = EDGE_LOOP ( 'NONE', ( #1256, #2846, #3231, #351 ) ) ;
#2890 = DIRECTION ( 'NONE',  ( 0.000000000000000000, -1.000000000000000000, 0.000000000000000000 ) ) ;
#2891 = CARTESIAN_POINT ( 'NONE',  ( 181.8999999999999488, 9.999999999999998224, -6.900000000000011013 ) ) ;
#2892 = ORIENTED_EDGE ( 'NONE', *, *, #332, .F. ) ;
#2893 = ADVANCED_FACE ( 'NONE', ( #1444 ), #2454, .F. ) ;
#2894 = LINE ( 'NONE', #3126, #2969 ) ;
#2895 = CARTESIAN_POINT ( 'NONE',  ( 9.900000000000012790, 12.00000000000000000, -175.9000000000000057 ) ) ;
#2896 = EDGE_LOOP ( 'NONE', ( #1548, #709, #1348, #658 ) ) ;
#2897 = EDGE_CURVE ( 'NONE', #178, #397, #420, .T. ) ;
#2898 = CARTESIAN_POINT ( 'NONE',  ( 9.900000000000012790, 12.00000000000000000, -178.9000000000000057 ) ) ;
#2899 = CARTESIAN_POINT ( 'NONE',  ( 181.8999999999999488, 15.00000000000000000, -11.40000000000006963 ) ) ;
#2900 = VERTEX_POINT ( 'NONE', #1197 ) ;
#2901 = FACE_OUTER_BOUND ( 'NONE', #1799, .T. ) ;
#2902 = CARTESIAN_POINT ( 'NONE',  ( 1.900000000000011458, 0.000000000000000000, -1.900000000000011458 ) ) ;
#2903 = DIRECTION ( 'NONE',  ( -0.000000000000000000, -1.000000000000000000, -0.000000000000000000 ) ) ;
#2904 = CARTESIAN_POINT ( 'NONE',  ( -2.599999999999991207, 15.00000000000000000, -1.900000000000008349 ) ) ;
#2905 = ORIENTED_EDGE ( 'NONE', *, *, #2344, .F. ) ;
#2906 = DIRECTION ( 'NONE',  ( -0.000000000000000000, -1.000000000000000000, -0.000000000000000000 ) ) ;
#2907 = FACE_OUTER_BOUND ( 'NONE', #222, .T. ) ;
#2908 = ORIENTED_EDGE ( 'NONE', *, *, #2398, .T. ) ;
#2909 = CYLINDRICAL_SURFACE ( 'NONE', #3079, 5.000000000000000000 ) ;
#2910 = CARTESIAN_POINT ( 'NONE',  ( 5.000000000000000000, 0.5000000000000281997, -188.8000000000000114 ) ) ;
#2911 = EDGE_CURVE ( 'NONE', #216, #1067, #313, .T. ) ;
#2912 = DIRECTION ( 'NONE',  ( -0.000000000000000000, -1.000000000000000000, 0.000000000000000000 ) ) ;
#2913 = CIRCLE ( 'NONE', #371, 5.000000000000000000 ) ;
#2914 = EDGE_CURVE ( 'NONE', #2742, #1343, #712, .T. ) ;
#2915 = EDGE_LOOP ( 'NONE', ( #985, #1642, #685, #1242 ) ) ;
#2916 = SURFACE_STYLE_USAGE ( .BOTH. , #2720 ) ;
#2917 = VECTOR ( 'NONE', #2845, 1000.000000000000000 ) ;
#2918 = AXIS2_PLACEMENT_3D ( 'NONE', #2807, #1792, #227 ) ;
#2919 = DIRECTION ( 'NONE',  ( -1.000000000000000000, -0.000000000000000000, -0.000000000000000000 ) ) ;
#2920 = CIRCLE ( 'NONE', #915, 4.000000000000003553 ) ;
#2921 = CYLINDRICAL_SURFACE ( 'NONE', #924, 4.000000000000003553 ) ;
#2922 = ORIENTED_EDGE ( 'NONE', *, *, #2526, .T. ) ;
#2923 = CIRCLE ( 'NONE', #2870, 5.000000000000000000 ) ;
#2924 = FACE_BOUND ( 'NONE', #2284, .T. ) ;
#2925 = DIRECTION ( 'NONE',  ( 0.000000000000000000, -1.000000000000000000, -0.000000000000000000 ) ) ;
#2926 = AXIS2_PLACEMENT_3D ( 'NONE', #2810, #537, #1337 ) ;
#2927 = VERTEX_POINT ( 'NONE', #738 ) ;
#2928 = DIRECTION ( 'NONE',  ( 0.000000000000000000, -1.000000000000000000, 0.000000000000000000 ) ) ;
#2929 = CIRCLE ( 'NONE', #1822, 1.000000000000000888 ) ;
#2930 = VERTEX_POINT ( 'NONE', #1728 ) ;
#2931 = EDGE_LOOP ( 'NONE', ( #2316, #3021, #91, #146 ) ) ;
#2932 = AXIS2_PLACEMENT_3D ( 'NONE', #928, #1169, #3164 ) ;
#2933 = EDGE_CURVE ( 'NONE', #2948, #3245, #2257, .T. ) ;
#2934 = AXIS2_PLACEMENT_3D ( 'NONE', #1653, #1112, #888 ) ;
#2935 = CARTESIAN_POINT ( 'NONE',  ( 185.9000000000000057, 12.00000000000000000, -174.9000000000000057 ) ) ;
#2936 = ORIENTED_EDGE ( 'NONE', *, *, #724, .F. ) ;
#2937 = PLANE ( 'NONE',  #2438 ) ;
#2938 = CIRCLE ( 'NONE', #1030, 4.500000000000003553 ) ;
#2939 = EDGE_CURVE ( 'NONE', #56, #298, #11, .T. ) ;
#2940 = DIRECTION ( 'NONE',  ( 0.000000000000000000, 0.000000000000000000, -1.000000000000000000 ) ) ;
#2941 = DIRECTION ( 'NONE',  ( 0.000000000000000000, 0.000000000000000000, 1.000000000000000000 ) ) ;
#2942 = DIRECTION ( 'NONE',  ( 0.000000000000000000, 0.000000000000000000, 1.000000000000000000 ) ) ;
#2943 = ORIENTED_EDGE ( 'NONE', *, *, #684, .F. ) ;
#2944 = ADVANCED_FACE ( 'NONE', ( #1797 ), #1216, .T. ) ;
#2945 = DIRECTION ( 'NONE',  ( -0.7071067811865672237, 0.7071067811865279218, 0.000000000000000000 ) ) ;
#2946 = DIRECTION ( 'NONE',  ( 0.000000000000000000, 1.000000000000000000, 0.000000000000000000 ) ) ;
#2947 = ORIENTED_EDGE ( 'NONE', *, *, #1341, .F. ) ;
#2948 = VERTEX_POINT ( 'NONE', #2012 ) ;
#2949 = CARTESIAN_POINT ( 'NONE',  ( 176.8999999999999488, -14.14213562373095279, -9.900000000000011013 ) ) ;
#2950 = VERTEX_POINT ( 'NONE', #523 ) ;
#2951 = CARTESIAN_POINT ( 'NONE',  ( 176.8999999999999488, 0.000000000000000000, -1.900000000000011013 ) ) ;
#2952 = ORIENTED_EDGE ( 'NONE', *, *, #1869, .F. ) ;
#2953 = CARTESIAN_POINT ( 'NONE',  ( 184.9000000000000057, 11.00000000000000000, -176.9000000000000057 ) ) ;
#2954 = DIRECTION ( 'NONE',  ( 0.000000000000000000, 0.000000000000000000, -1.000000000000000000 ) ) ;
#2955 = EDGE_CURVE ( 'NONE', #3125, #244, #36, .T. ) ;
#2956 = EDGE_LOOP ( 'NONE', ( #1046, #2496 ) ) ;
#2957 = CARTESIAN_POINT ( 'NONE',  ( 175.8999999999999488, 12.00000000000000000, -9.900000000000011013 ) ) ;
#2958 = EDGE_CURVE ( 'NONE', #2673, #1508, #2241, .T. ) ;
#2959 = ORIENTED_EDGE ( 'NONE', *, *, #193, .T. ) ;
#2960 = CARTESIAN_POINT ( 'NONE',  ( 186.8999999999999773, 15.00000000000000000, -186.9000000000000057 ) ) ;
#2961 = ORIENTED_EDGE ( 'NONE', *, *, #3253, .T. ) ;
#2962 = CARTESIAN_POINT ( 'NONE',  ( 174.8999999999999488, 12.00000000000000000, -3.900000000000011458 ) ) ;
#2963 = ORIENTED_EDGE ( 'NONE', *, *, #1834, .F. ) ;
#2964 = VECTOR ( 'NONE', #3055, 1000.000000000000000 ) ;
#2965 = DIRECTION ( 'NONE',  ( 1.000000000000000000, 0.000000000000000000, 0.000000000000000000 ) ) ;
#2966 = VECTOR ( 'NONE', #15, 1000.000000000000000 ) ;
#2967 = DIRECTION ( 'NONE',  ( 0.000000000000000000, 1.000000000000000000, 0.000000000000000000 ) ) ;
#2968 = DIRECTION ( 'NONE',  ( -0.000000000000000000, 1.000000000000000000, -0.000000000000000000 ) ) ;
#2969 = VECTOR ( 'NONE', #2599, 1000.000000000000000 ) ;
#2970 = AXIS2_PLACEMENT_3D ( 'NONE', #2148, #2645, #2362 ) ;
#2971 = VERTEX_POINT ( 'NONE', #1042 ) ;
#2972 = CARTESIAN_POINT ( 'NONE',  ( 5.000000000000000000, 2.999999999999999112, 0.000000000000000000 ) ) ;
#2973 = AXIS2_PLACEMENT_3D ( 'NONE', #143, #1154, #2182 ) ;
#2974 = CIRCLE ( 'NONE', #1550, 3.000000000000000000 ) ;
#2975 = EDGE_LOOP ( 'NONE', ( #3115, #1041, #1783, #354 ) ) ;
#2976 = ADVANCED_FACE ( 'NONE', ( #2069 ), #2705, .F. ) ;
#2977 = CARTESIAN_POINT ( 'NONE',  ( 181.8999999999999488, 14.49999999999994671, -185.9000000000000057 ) ) ;
#2978 = CIRCLE ( 'NONE', #432, 1.000000000000000888 ) ;
#2979 = CARTESIAN_POINT ( 'NONE',  ( 6.900000000000012790, 15.00000000000000000, -6.900000000000011013 ) ) ;
#2980 = ORIENTED_EDGE ( 'NONE', *, *, #2680, .T. ) ;
#2981 = EDGE_CURVE ( 'NONE', #1472, #1371, #1262, .T. ) ;
#2982 = LINE ( 'NONE', #1459, #370 ) ;
#2983 = VECTOR ( 'NONE', #1739, 1000.000000000000000 ) ;
#2984 = DIRECTION ( 'NONE',  ( 0.000000000000000000, 0.000000000000000000, 1.000000000000000000 ) ) ;
#2985 = DIRECTION ( 'NONE',  ( -0.000000000000000000, 1.000000000000000000, -0.000000000000000000 ) ) ;
#2986 = ORIENTED_EDGE ( 'NONE', *, *, #1519, .F. ) ;
#2987 = FACE_OUTER_BOUND ( 'NONE', #777, .T. ) ;
#2988 = CARTESIAN_POINT ( 'NONE',  ( 6.900000000000012790, 15.00000000000000000, -6.900000000000011013 ) ) ;
#2989 = ORIENTED_EDGE ( 'NONE', *, *, #1689, .F. ) ;
#2990 = CARTESIAN_POINT ( 'NONE',  ( 11.90000000000001101, 11.00000000000000000, -184.9000000000000057 ) ) ;
#2991 = CARTESIAN_POINT ( 'NONE',  ( 0.000000000000000000, 2.999999999999999112, 0.000000000000000000 ) ) ;
#2992 = ORIENTED_EDGE ( 'NONE', *, *, #542, .F. ) ;
#2993 = ADVANCED_FACE ( 'NONE', ( #462 ), #2516, .T. ) ;
#2994 = CARTESIAN_POINT ( 'NONE',  ( 0.000000000000000000, 15.00000000000000000, 2.599999999999963229 ) ) ;
#2995 = EDGE_LOOP ( 'NONE', ( #2490, #808, #1729, #1809 ) ) ;
#2996 = FACE_OUTER_BOUND ( 'NONE', #2083, .T. ) ;
#2997 = ADVANCED_FACE ( 'NONE', ( #1285, #1249 ), #2034, .T. ) ;
#2998 = LINE ( 'NONE', #469, #3191 ) ;
#2999 = DIRECTION ( 'NONE',  ( -1.734723475976807094E-16, 0.000000000000000000, -1.000000000000000000 ) ) ;
#3000 = ORIENTED_EDGE ( 'NONE', *, *, #1074, .T. ) ;
#3001 = DIRECTION ( 'NONE',  ( 0.000000000000000000, -1.000000000000000000, 0.000000000000000000 ) ) ;
#3002 = CYLINDRICAL_SURFACE ( 'NONE', #2702, 1.000000000000000888 ) ;
#3003 = VERTEX_POINT ( 'NONE', #1782 ) ;
#3004 = DIRECTION ( 'NONE',  ( -0.000000000000000000, -1.000000000000000000, -0.000000000000000000 ) ) ;
#3005 = DIRECTION ( 'NONE',  ( 0.000000000000000000, 0.000000000000000000, 1.000000000000000000 ) ) ;
#3006 = DIRECTION ( 'NONE',  ( 0.000000000000000000, -1.000000000000000000, 0.000000000000000000 ) ) ;
#3007 = VERTEX_POINT ( 'NONE', #1471 ) ;
#3008 = EDGE_CURVE ( 'NONE', #2697, #3007, #109, .T. ) ;
#3009 = DIRECTION ( 'NONE',  ( -0.000000000000000000, -1.000000000000000000, -0.000000000000000000 ) ) ;
#3010 = EDGE_LOOP ( 'NONE', ( #1901, #790, #335, #2622 ) ) ;
#3011 = FACE_BOUND ( 'NONE', #571, .T. ) ;
#3012 = ADVANCED_FACE ( 'NONE', ( #977 ), #1234, .T. ) ;
#3013 = CARTESIAN_POINT ( 'NONE',  ( 6.900000000000012790, 9.999999999999998224, -181.9000000000000057 ) ) ;
#3014 = DIRECTION ( 'NONE',  ( 0.000000000000000000, 0.000000000000000000, 1.000000000000000000 ) ) ;
#3015 = ORIENTED_EDGE ( 'NONE', *, *, #1976, .F. ) ;
#3016 = VECTOR ( 'NONE', #2585, 1000.000000000000000 ) ;
#3017 = CARTESIAN_POINT ( 'NONE',  ( 1.900000000000011458, 15.00000000000000000, -174.9000000000000057 ) ) ;
#3018 = CARTESIAN_POINT ( 'NONE',  ( 176.8999999999999488, -14.14213562373095279, -178.9000000000000057 ) ) ;
#3019 = AXIS2_PLACEMENT_3D ( 'NONE', #2480, #778, #489 ) ;
#3020 = CONICAL_SURFACE ( 'NONE', #1819, 4.000000000000003553, 0.7853981633974612686 ) ;
#3021 = ORIENTED_EDGE ( 'NONE', *, *, #1709, .T. ) ;
#3022 = TOROIDAL_SURFACE ( 'NONE', #1658, 3.000000000000000000, 1.000000000000000000 ) ;
#3023 = AXIS2_PLACEMENT_3D ( 'NONE', #821, #1843, #1587 ) ;
#3024 = FACE_OUTER_BOUND ( 'NONE', #115, .T. ) ;
#3025 = FACE_OUTER_BOUND ( 'NONE', #2812, .T. ) ;
#3026 = DIRECTION ( 'NONE',  ( -0.000000000000000000, -0.000000000000000000, 1.000000000000000000 ) ) ;
#3027 = VECTOR ( 'NONE', #1220, 1000.000000000000000 ) ;
#3028 = VERTEX_POINT ( 'NONE', #723 ) ;
#3029 = AXIS2_PLACEMENT_3D ( 'NONE', #132, #2408, #1905 ) ;
#3030 = DIRECTION ( 'NONE',  ( 0.000000000000000000, 0.000000000000000000, 1.000000000000000000 ) ) ;
#3031 = ORIENTED_EDGE ( 'NONE', *, *, #1566, .T. ) ;
#3032 = DIRECTION ( 'NONE',  ( -0.000000000000000000, 1.000000000000000000, -0.000000000000000000 ) ) ;
#3033 = VECTOR ( 'NONE', #1298, 1000.000000000000000 ) ;
#3034 = ADVANCED_FACE ( 'NONE', ( #2743 ), #3270, .F. ) ;
#3035 = LINE ( 'NONE', #2484, #807 ) ;
#3036 = DIRECTION ( 'NONE',  ( 0.000000000000000000, 1.000000000000000000, 0.000000000000000000 ) ) ;
#3037 = ORIENTED_EDGE ( 'NONE', *, *, #561, .T. ) ;
#3038 = EDGE_CURVE ( 'NONE', #2522, #1126, #1929, .T. ) ;
#3039 = CARTESIAN_POINT ( 'NONE',  ( 11.90000000000001279, 11.00000000000000000, -9.900000000000011013 ) ) ;
#3040 = DIRECTION ( 'NONE',  ( 1.000000000000000000, 0.000000000000000000, -0.000000000000000000 ) ) ;
#3041 = VECTOR ( 'NONE', #817, 999.9999999999998863 ) ;
#3042 = ORIENTED_EDGE ( 'NONE', *, *, #2713, .F. ) ;
#3043 = EDGE_CURVE ( 'NONE', #2948, #884, #13, .T. ) ;
#3044 = DIRECTION ( 'NONE',  ( 0.000000000000000000, 1.000000000000000000, -0.000000000000000000 ) ) ;
#3045 = CYLINDRICAL_SURFACE ( 'NONE', #1829, 1.000000000000000888 ) ;
#3046 = CARTESIAN_POINT ( 'NONE',  ( 174.8999999999999488, 0.000000000000000000, -3.900000000000011458 ) ) ;
#3047 = ORIENTED_EDGE ( 'NONE', *, *, #2392, .T. ) ;
#3048 = DIRECTION ( 'NONE',  ( 0.000000000000000000, 0.000000000000000000, 1.000000000000000000 ) ) ;
#3049 = PLANE ( 'NONE',  #1752 ) ;
#3050 = DIRECTION ( 'NONE',  ( 1.000000000000000000, -0.000000000000000000, 0.000000000000000000 ) ) ;
#3051 = CARTESIAN_POINT ( 'NONE',  ( 181.8999999999999488, 15.00000000000000000, -186.4000000000000625 ) ) ;
#3052 = CARTESIAN_POINT ( 'NONE',  ( 12.90000000000001457, 12.00000000000000000, -9.900000000000011013 ) ) ;
#3053 = ORIENTED_EDGE ( 'NONE', *, *, #1474, .T. ) ;
#3054 = DIRECTION ( 'NONE',  ( 0.000000000000000000, 0.000000000000000000, 1.000000000000000000 ) ) ;
#3055 = DIRECTION ( 'NONE',  ( 1.000000000000000000, -0.000000000000000000, -0.000000000000000000 ) ) ;
#3056 = EDGE_CURVE ( 'NONE', #3245, #45, #1663, .T. ) ;
#3057 = ORIENTED_EDGE ( 'NONE', *, *, #750, .F. ) ;
#3058 = CARTESIAN_POINT ( 'NONE',  ( 181.8999999999999488, 15.00000000000000000, -5.150000000000011902 ) ) ;
#3059 = CARTESIAN_POINT ( 'NONE',  ( 181.8999999999999488, 9.999999999999998224, -180.1500000000000057 ) ) ;
#3060 = EDGE_CURVE ( 'NONE', #184, #2583, #2894, .T. ) ;
#3061 = DIRECTION ( 'NONE',  ( -0.000000000000000000, 1.000000000000000000, -0.000000000000000000 ) ) ;
#3062 = VERTEX_POINT ( 'NONE', #2404 ) ;
#3063 = CARTESIAN_POINT ( 'NONE',  ( 181.8999999999999488, 14.49999999999994671, -181.9000000000000057 ) ) ;
#3064 = ORIENTED_EDGE ( 'NONE', *, *, #611, .F. ) ;
#3065 = FACE_BOUND ( 'NONE', #1435, .T. ) ;
#3066 = PRESENTATION_STYLE_ASSIGNMENT (( #2056 ) ) ;
#3067 = ORIENTED_EDGE ( 'NONE', *, *, #3163, .T. ) ;
#3068 = DIRECTION ( 'NONE',  ( 0.000000000000000000, 1.000000000000000000, 0.000000000000000000 ) ) ;
#3069 = ORIENTED_EDGE ( 'NONE', *, *, #1207, .F. ) ;
#3070 = LINE ( 'NONE', #2075, #2760 ) ;
#3071 = CARTESIAN_POINT ( 'NONE',  ( 3.900000000000011458, 12.00000000000000000, -12.90000000000001279 ) ) ;
#3072 = EDGE_LOOP ( 'NONE', ( #1684, #661, #1461, #627 ) ) ;
#3073 = EDGE_CURVE ( 'NONE', #1472, #2711, #1628, .T. ) ;
#3074 = DIRECTION ( 'NONE',  ( 0.000000000000000000, -1.000000000000000000, 0.000000000000000000 ) ) ;
#3075 = CIRCLE ( 'NONE', #909, 4.000000000000003553 ) ;
#3076 = AXIS2_PLACEMENT_3D ( 'NONE', #1836, #1616, #2382 ) ;
#3077 = DIRECTION ( 'NONE',  ( -1.000000000000000000, 0.000000000000000000, -1.734723475976807094E-16 ) ) ;
#3078 = ORIENTED_EDGE ( 'NONE', *, *, #2105, .F. ) ;
#3079 = AXIS2_PLACEMENT_3D ( 'NONE', #393, #2928, #3174 ) ;
#3080 = VECTOR ( 'NONE', #2945, 1000.000000000000000 ) ;
#3081 = EDGE_CURVE ( 'NONE', #1999, #473, #2153, .T. ) ;
#3082 = ORIENTED_EDGE ( 'NONE', *, *, #1186, .F. ) ;
#3083 = CARTESIAN_POINT ( 'NONE',  ( 181.8999999999999488, 14.49999999999994671, -177.9000000000000057 ) ) ;
#3084 = EDGE_CURVE ( 'NONE', #3195, #2819, #2755, .T. ) ;
#3085 = CIRCLE ( 'NONE', #861, 1.000000000000000888 ) ;
#3086 = EDGE_LOOP ( 'NONE', ( #1917, #2361 ) ) ;
#3087 = AXIS2_PLACEMENT_3D ( 'NONE', #1001, #2793, #1039 ) ;
#3088 = CARTESIAN_POINT ( 'NONE',  ( 183.8000000000000114, 0.5000000000000283107, -188.8000000000000114 ) ) ;
#3089 = ORIENTED_EDGE ( 'NONE', *, *, #831, .T. ) ;
#3090 = CARTESIAN_POINT ( 'NONE',  ( 1.899999999999980593, 15.00000000000000000, -191.3999999999999773 ) ) ;
#3091 = EDGE_LOOP ( 'NONE', ( #1316, #754, #141, #3106, #2217, #1368, #2736, #3252, #2060, #53, #2884, #1145, #1007, #2443, #317, #2145, #657, #1583, #1751, #554, #285, #196, #707, #1217 ) ) ;
#3092 = LINE ( 'NONE', #1641, #1659 ) ;
#3093 = LINE ( 'NONE', #2544, #1556 ) ;
#3094 = ORIENTED_EDGE ( 'NONE', *, *, #897, .F. ) ;
#3095 = TOROIDAL_SURFACE ( 'NONE', #497, 1.000000000000000000, 1.000000000000000000 ) ;
#3096 = DIRECTION ( 'NONE',  ( -1.000000000000000000, 0.000000000000000000, 0.000000000000000000 ) ) ;
#3097 = ORIENTED_EDGE ( 'NONE', *, *, #2680, .F. ) ;
#3098 = EDGE_CURVE ( 'NONE', #244, #2180, #78, .T. ) ;
#3099 = DIRECTION ( 'NONE',  ( -0.000000000000000000, -1.000000000000000000, -0.000000000000000000 ) ) ;
#3100 = DIRECTION ( 'NONE',  ( 0.000000000000000000, 0.000000000000000000, 1.000000000000000000 ) ) ;
#3101 = EDGE_CURVE ( 'NONE', #45, #1196, #572, .T. ) ;
#3102 = ORIENTED_EDGE ( 'NONE', *, *, #727, .F. ) ;
#3103 = LINE ( 'NONE', #327, #1838 ) ;
#3104 = CARTESIAN_POINT ( 'NONE',  ( 11.90000000000001279, -14.14213562373095279, -178.9000000000000057 ) ) ;
#3105 = DIRECTION ( 'NONE',  ( 0.000000000000000000, 0.7071067811865383579, 0.7071067811865566766 ) ) ;
#3106 = ORIENTED_EDGE ( 'NONE', *, *, #2010, .T. ) ;
#3107 = CARTESIAN_POINT ( 'NONE',  ( 1.900000000000011458, 11.00000000000000000, -174.9000000000000057 ) ) ;
#3108 = CARTESIAN_POINT ( 'NONE',  ( 1.899999999999980593, 14.49999999999999822, 3.099999999999991651 ) ) ;
#3109 = VERTEX_POINT ( 'NONE', #1412 ) ;
#3110 = CARTESIAN_POINT ( 'NONE',  ( 6.900000000000012790, 14.49999999999995737, -181.9000000000000057 ) ) ;
#3111 = VERTEX_POINT ( 'NONE', #1089 ) ;
#3112 = CARTESIAN_POINT ( 'NONE',  ( 11.90000000000001279, -14.14213562373095279, -9.900000000000011013 ) ) ;
#3113 = ADVANCED_FACE ( 'NONE', ( #625 ), #1884, .T. ) ;
#3114 = DIRECTION ( 'NONE',  ( -1.000000000000000000, 0.000000000000000000, 0.000000000000000000 ) ) ;
#3115 = ORIENTED_EDGE ( 'NONE', *, *, #1105, .F. ) ;
#3116 = CARTESIAN_POINT ( 'NONE',  ( 178.8999999999999488, -14.14213562373095279, -176.9000000000000057 ) ) ;
#3117 = EDGE_CURVE ( 'NONE', #244, #1048, #1818, .T. ) ;
#3118 = CARTESIAN_POINT ( 'NONE',  ( 6.900000000000012790, 15.00000000000000000, -177.3999999999999488 ) ) ;
#3119 = CARTESIAN_POINT ( 'NONE',  ( 1.899999999999980593, 2.999999999999999112, 3.099999999999991651 ) ) ;
#3120 = CARTESIAN_POINT ( 'NONE',  ( 11.90000000000001101, 0.000000000000000000, -3.900000000000011902 ) ) ;
#3121 = ORIENTED_EDGE ( 'NONE', *, *, #337, .F. ) ;
#3122 = CARTESIAN_POINT ( 'NONE',  ( 0.000000000000000000, 2.999999999999999112, -183.8000000000000114 ) ) ;
#3123 = DIRECTION ( 'NONE',  ( 0.000000000000000000, 0.000000000000000000, 1.000000000000000000 ) ) ;
#3124 = AXIS2_PLACEMENT_3D ( 'NONE', #189, #1199, #3221 ) ;
#3125 = VERTEX_POINT ( 'NONE', #1373 ) ;
#3126 = CARTESIAN_POINT ( 'NONE',  ( 176.8999999999999488, -14.14213562373095279, -184.9000000000000057 ) ) ;
#3127 = AXIS2_PLACEMENT_3D ( 'NONE', #1803, #1241, #2507 ) ;
#3128 = VECTOR ( 'NONE', #1257, 1000.000000000000000 ) ;
#3129 = ORIENTED_EDGE ( 'NONE', *, *, #2329, .F. ) ;
#3130 = AXIS2_PLACEMENT_3D ( 'NONE', #451, #2551, #268 ) ;
#3131 = DIRECTION ( 'NONE',  ( 0.000000000000000000, 1.000000000000000000, 0.000000000000000000 ) ) ;
#3132 = AXIS2_PLACEMENT_3D ( 'NONE', #1735, #1421, #1969 ) ;
#3133 = STYLED_ITEM ( 'NONE', ( #3066 ), #1636 ) ;
#3134 = CIRCLE ( 'NONE', #963, 1.000000000000000888 ) ;
#3135 = ORIENTED_EDGE ( 'NONE', *, *, #2659, .F. ) ;
#3136 = DIRECTION ( 'NONE',  ( 0.000000000000000000, 0.000000000000000000, 1.000000000000000000 ) ) ;
#3137 = CIRCLE ( 'NONE', #264, 1.749999999999998890 ) ;
#3138 = LINE ( 'NONE', #2902, #1219 ) ;
#3139 = VECTOR ( 'NONE', #1119, 1000.000000000000000 ) ;
#3140 = DIRECTION ( 'NONE',  ( 0.7071067811865249242, -0.7071067811865702213, 0.000000000000000000 ) ) ;
#3141 = LINE ( 'NONE', #1282, #1777 ) ;
#3142 = EDGE_CURVE ( 'NONE', #1648, #1048, #860, .T. ) ;
#3143 = ORIENTED_EDGE ( 'NONE', *, *, #206, .F. ) ;
#3144 = DIRECTION ( 'NONE',  ( 0.000000000000000000, 1.000000000000000000, 0.000000000000000000 ) ) ;
#3145 = CARTESIAN_POINT ( 'NONE',  ( 181.8999999999999488, 9.999999999999998224, -181.9000000000000057 ) ) ;
#3146 = VECTOR ( 'NONE', #1710, 1000.000000000000000 ) ;
#3147 = EDGE_CURVE ( 'NONE', #1719, #978, #1214, .T. ) ;
#3148 = VERTEX_POINT ( 'NONE', #1393 ) ;
#3149 = ORIENTED_EDGE ( 'NONE', *, *, #893, .T. ) ;
#3150 = VECTOR ( 'NONE', #2396, 1000.000000000000000 ) ;
#3151 = CARTESIAN_POINT ( 'NONE',  ( 191.8999999999999773, 14.49999999999999822, -1.900000000000008349 ) ) ;
#3152 = DIRECTION ( 'NONE',  ( 0.000000000000000000, 1.000000000000000000, 0.000000000000000000 ) ) ;
#3153 = DIRECTION ( 'NONE',  ( 1.734723475976807094E-16, -0.000000000000000000, 1.000000000000000000 ) ) ;
#3154 = ORIENTED_EDGE ( 'NONE', *, *, #2749, .T. ) ;
#3155 = DIRECTION ( 'NONE',  ( 1.000000000000000000, 0.000000000000000000, 0.000000000000000000 ) ) ;
#3156 = CARTESIAN_POINT ( 'NONE',  ( 175.8999999999999488, 11.00000000000000000, -5.000000000000029310 ) ) ;
#3157 = CARTESIAN_POINT ( 'NONE',  ( 183.8000000000000114, 0.000000000000000000, -188.3000000000000114 ) ) ;
#3158 = ORIENTED_EDGE ( 'NONE', *, *, #1744, .F. ) ;
#3159 = EDGE_CURVE ( 'NONE', #2950, #2673, #961, .T. ) ;
#3160 = CYLINDRICAL_SURFACE ( 'NONE', #1759, 1.749999999999998890 ) ;
#3161 = ORIENTED_EDGE ( 'NONE', *, *, #2769, .F. ) ;
#3162 = FACE_OUTER_BOUND ( 'NONE', #2800, .T. ) ;
#3163 = EDGE_CURVE ( 'NONE', #368, #415, #843, .T. ) ;
#3164 = DIRECTION ( 'NONE',  ( 0.000000000000000000, 0.000000000000000000, -1.000000000000000000 ) ) ;
#3165 = ORIENTED_EDGE ( 'NONE', *, *, #1671, .T. ) ;
#3166 = FACE_OUTER_BOUND ( 'NONE', #635, .T. ) ;
#3167 = ORIENTED_EDGE ( 'NONE', *, *, #2039, .F. ) ;
#3168 = PLANE ( 'NONE',  #2857 ) ;
#3169 = ORIENTED_EDGE ( 'NONE', *, *, #1463, .F. ) ;
#3170 = CARTESIAN_POINT ( 'NONE',  ( 13.90000000000001101, 12.00000000000000000, -2.900000000000011458 ) ) ;
#3171 = DIRECTION ( 'NONE',  ( 0.000000000000000000, 0.000000000000000000, 1.000000000000000000 ) ) ;
#3172 = ORIENTED_EDGE ( 'NONE', *, *, #40, .T. ) ;
#3173 = EDGE_CURVE ( 'NONE', #2371, #2269, #1862, .T. ) ;
#3174 = DIRECTION ( 'NONE',  ( 0.000000000000000000, 0.000000000000000000, -1.000000000000000000 ) ) ;
#3175 = ORIENTED_EDGE ( 'NONE', *, *, #1051, .T. ) ;
#3176 = ORIENTED_EDGE ( 'NONE', *, *, #1971, .F. ) ;
#3177 = EDGE_CURVE ( 'NONE', #999, #2, #2859, .T. ) ;
#3178 = AXIS2_PLACEMENT_3D ( 'NONE', #524, #269, #2847 ) ;
#3179 = CIRCLE ( 'NONE', #641, 1.000000000000000000 ) ;
#3180 = CIRCLE ( 'NONE', #1866, 4.499999999999976019 ) ;
#3181 = DIRECTION ( 'NONE',  ( -0.000000000000000000, -1.000000000000000000, -0.000000000000000000 ) ) ;
#3182 = EDGE_LOOP ( 'NONE', ( #429, #2358, #2481, #1973 ) ) ;
#3183 = DIRECTION ( 'NONE',  ( -0.000000000000000000, 1.000000000000000000, -0.000000000000000000 ) ) ;
#3184 = EDGE_CURVE ( 'NONE', #3238, #1106, #880, .T. ) ;
#3185 = AXIS2_PLACEMENT_3D ( 'NONE', #130, #2351, #640 ) ;
#3186 = AXIS2_PLACEMENT_3D ( 'NONE', #503, #3074, #1313 ) ;
#3187 = DIRECTION ( 'NONE',  ( 0.000000000000000000, 0.000000000000000000, 1.000000000000000000 ) ) ;
#3188 = CIRCLE ( 'NONE', #2550, 1.749999999999998890 ) ;
#3189 = CARTESIAN_POINT ( 'NONE',  ( 174.8999999999999488, 12.00000000000000000, -2.900000000000011458 ) ) ;
#3190 = ORIENTED_EDGE ( 'NONE', *, *, #628, .T. ) ;
#3191 = VECTOR ( 'NONE', #715, 1000.000000000000000 ) ;
#3192 = DIRECTION ( 'NONE',  ( 0.000000000000000000, 0.000000000000000000, 1.000000000000000000 ) ) ;
#3193 = DIRECTION ( 'NONE',  ( 0.000000000000000000, -1.000000000000000000, 0.000000000000000000 ) ) ;
#3194 = CIRCLE ( 'NONE', #1614, 1.000000000000000888 ) ;
#3195 = VERTEX_POINT ( 'NONE', #1123 ) ;
#3196 = ORIENTED_EDGE ( 'NONE', *, *, #1941, .T. ) ;
#3197 = ORIENTED_EDGE ( 'NONE', *, *, #1644, .T. ) ;
#3198 = AXIS2_PLACEMENT_3D ( 'NONE', #2426, #149, #2204 ) ;
#3199 = ADVANCED_FACE ( 'NONE', ( #3162 ), #894, .F. ) ;
#3200 = ORIENTED_EDGE ( 'NONE', *, *, #2294, .T. ) ;
#3201 = FILL_AREA_STYLE ('',( #1417 ) ) ;
#3202 = ADVANCED_FACE ( 'NONE', ( #1918 ), #2909, .T. ) ;
#3203 = CYLINDRICAL_SURFACE ( 'NONE', #2202, 2.000000000000000000 ) ;
#3204 = VERTEX_POINT ( 'NONE', #908 ) ;
#3205 = DIRECTION ( 'NONE',  ( 0.000000000000000000, 0.000000000000000000, 1.000000000000000000 ) ) ;
#3206 = CARTESIAN_POINT ( 'NONE',  ( 3.900000000000011458, 11.00000000000000000, -174.9000000000000057 ) ) ;
#3207 = EDGE_LOOP ( 'NONE', ( #1629, #479, #699, #3069 ) ) ;
#3208 = EDGE_LOOP ( 'NONE', ( #3097, #3042, #490, #933 ) ) ;
#3209 = EDGE_LOOP ( 'NONE', ( #2205, #3219, #1858, #2639 ) ) ;
#3210 = ADVANCED_FACE ( 'NONE', ( #1933 ), #590, .T. ) ;
#3211 = CARTESIAN_POINT ( 'NONE',  ( -2.599999999999991207, 15.00000000000000000, -186.9000000000000057 ) ) ;
#3212 = ORIENTED_EDGE ( 'NONE', *, *, #1676, .T. ) ;
#3213 = ADVANCED_FACE ( 'NONE', ( #406 ), #1425, .F. ) ;
#3214 = DIRECTION ( 'NONE',  ( 0.000000000000000000, 0.000000000000000000, 1.000000000000000000 ) ) ;
#3215 = ORIENTED_EDGE ( 'NONE', *, *, #893, .F. ) ;
#3216 = ADVANCED_FACE ( 'NONE', ( #1303 ), #2032, .F. ) ;
#3217 = DIRECTION ( 'NONE',  ( 0.000000000000000000, 0.000000000000000000, -1.000000000000000000 ) ) ;
#3218 = FACE_OUTER_BOUND ( 'NONE', #1222, .T. ) ;
#3219 = ORIENTED_EDGE ( 'NONE', *, *, #1442, .T. ) ;
#3220 = ORIENTED_EDGE ( 'NONE', *, *, #2675, .F. ) ;
#3221 = DIRECTION ( 'NONE',  ( 0.000000000000000000, 0.000000000000000000, 1.000000000000000000 ) ) ;
#3222 = AXIS2_PLACEMENT_3D ( 'NONE', #1894, #1383, #2677 ) ;
#3223 = AXIS2_PLACEMENT_3D ( 'NONE', #2764, #2518, #1527 ) ;
#3224 = PLANE ( 'NONE',  #1182 ) ;
#3225 = VECTOR ( 'NONE', #968, 1000.000000000000000 ) ;
#3226 = ORIENTED_EDGE ( 'NONE', *, *, #3177, .F. ) ;
#3227 = DIRECTION ( 'NONE',  ( 0.000000000000000000, 0.000000000000000000, -1.000000000000000000 ) ) ;
#3228 = AXIS2_PLACEMENT_3D ( 'NONE', #1035, #783, #1773 ) ;
#3229 = DIRECTION ( 'NONE',  ( -0.000000000000000000, -1.000000000000000000, -0.000000000000000000 ) ) ;
#3230 = EDGE_CURVE ( 'NONE', #2697, #358, #1044, .T. ) ;
#3231 = ORIENTED_EDGE ( 'NONE', *, *, #1956, .T. ) ;
#3232 = VECTOR ( 'NONE', #2740, 1000.000000000000000 ) ;
#3233 = DIRECTION ( 'NONE',  ( 0.000000000000000000, 0.000000000000000000, 1.000000000000000000 ) ) ;
#3234 = EDGE_CURVE ( 'NONE', #1172, #2879, #802, .T. ) ;
#3235 = TOROIDAL_SURFACE ( 'NONE', #69, 1.000000000000000000, 1.000000000000000000 ) ;
#3236 = CARTESIAN_POINT ( 'NONE',  ( -3.100000000000019185, 2.999999999999999112, 0.000000000000000000 ) ) ;
#3237 = ORIENTED_EDGE ( 'NONE', *, *, #1173, .F. ) ;
#3238 = VERTEX_POINT ( 'NONE', #742 ) ;
#3239 = CARTESIAN_POINT ( 'NONE',  ( 184.9000000000000057, 11.00000000000000000, -12.90000000000001279 ) ) ;
#3240 = LINE ( 'NONE', #979, #1328 ) ;
#3241 = AXIS2_PLACEMENT_3D ( 'NONE', #2227, #428, #2245 ) ;
#3242 = DIRECTION ( 'NONE',  ( -0.000000000000000000, 1.000000000000000000, -0.000000000000000000 ) ) ;
#3243 = FACE_OUTER_BOUND ( 'NONE', #2461, .T. ) ;
#3244 = AXIS2_PLACEMENT_3D ( 'NONE', #1047, #3068, #2821 ) ;
#3245 = VERTEX_POINT ( 'NONE', #2554 ) ;
#3246 = LINE ( 'NONE', #3017, #1392 ) ;
#3247 = DIRECTION ( 'NONE',  ( 0.000000000000000000, 0.000000000000000000, -1.000000000000000000 ) ) ;
#3248 = ORIENTED_EDGE ( 'NONE', *, *, #835, .T. ) ;
#3249 = ADVANCED_FACE ( 'NONE', ( #560 ), #3022, .F. ) ;
#3250 = CARTESIAN_POINT ( 'NONE',  ( 186.8999999999999773, 15.00000000000000000, -191.3999999999999773 ) ) ;
#3251 = CYLINDRICAL_SURFACE ( 'NONE', #872, 1.749999999999998890 ) ;
#3252 = ORIENTED_EDGE ( 'NONE', *, *, #249, .T. ) ;
#3253 = EDGE_CURVE ( 'NONE', #3148, #305, #994, .T. ) ;
#3254 = DIRECTION ( 'NONE',  ( 0.000000000000000000, 0.7071067811865672237, 0.7071067811865279218 ) ) ;
#3255 = ORIENTED_EDGE ( 'NONE', *, *, #2830, .T. ) ;
#3256 = DIRECTION ( 'NONE',  ( 0.000000000000000000, 0.000000000000000000, -1.000000000000000000 ) ) ;
#3257 = FILL_AREA_STYLE_COLOUR ( '', #2709 ) ;
#3258 = CARTESIAN_POINT ( 'NONE',  ( 184.9000000000000057, 11.00000000000000000, -174.9000000000000057 ) ) ;
#3259 = LINE ( 'NONE', #2784, #467 ) ;
#3260 = DIRECTION ( 'NONE',  ( 0.000000000000000000, -0.000000000000000000, 1.000000000000000000 ) ) ;
#3261 = VERTEX_POINT ( 'NONE', #2037 ) ;
#3262 = CARTESIAN_POINT ( 'NONE',  ( 181.8999999999999488, 0.000000000000000000, -8.650000000000009237 ) ) ;
#3263 = CARTESIAN_POINT ( 'NONE',  ( 12.90000000000001279, 12.00000000000000000, -184.9000000000000057 ) ) ;
#3264 = ORIENTED_EDGE ( 'NONE', *, *, #1672, .F. ) ;
#3265 = DIRECTION ( 'NONE',  ( -0.000000000000000000, -1.000000000000000000, -0.000000000000000000 ) ) ;
#3266 = FACE_OUTER_BOUND ( 'NONE', #878, .T. ) ;
#3267 = DIRECTION ( 'NONE',  ( -0.000000000000000000, 1.000000000000000000, -0.000000000000000000 ) ) ;
#3268 = EDGE_CURVE ( 'NONE', #3028, #3245, #2865, .T. ) ;
#3269 = ORIENTED_EDGE ( 'NONE', *, *, #2526, .F. ) ;
#3270 = CYLINDRICAL_SURFACE ( 'NONE', #1873, 1.000000000000000000 ) ;
ENDSEC;
END-ISO-10303-21;
