ISO-10303-21;
HEADER;
FILE_DESCRIPTION (( 'STEP AP214' ),
    '1' );
FILE_NAME ('hop dien 02 24.3.STEP',
    '2026-10-01T04:54:20',
    ( '' ),
    ( '' ),
    'SwSTEP 2.0',
    'SolidWorks 2022',
    '' );
FILE_SCHEMA (( 'AUTOMOTIVE_DESIGN' ));
ENDSEC;

DATA;
#1 = DIRECTION ( 'NONE',  ( -0.3053415646032809350, -0.7071067811865474617, -0.6377825091091949838 ) ) ;
#2 = CARTESIAN_POINT ( 'NONE',  ( -13.21140705271405480, 21.29040094083601886, 4.632729916779029011 ) ) ;
#3 = CARTESIAN_POINT ( 'NONE',  ( 13.95335334627626445, 39.58978469756237217, 1.142720993722447398 ) ) ;
#4 = CARTESIAN_POINT ( 'NONE',  ( -13.48516943281776648, 39.46682019747778725, -0.5808991521648756429 ) ) ;
#5 = CARTESIAN_POINT ( 'NONE',  ( -12.78974625815653710, 34.86649425373720135, -5.694102590115896589 ) ) ;
#6 = AXIS2_PLACEMENT_3D ( 'NONE', #391, #4530, #5023 ) ;
#7 = CARTESIAN_POINT ( 'NONE',  ( 1.447932209777590851, 39.82002359685574788, -13.92499993276642734 ) ) ;
#8 = CARTESIAN_POINT ( 'NONE',  ( -13.32685364616839685, 19.89986538763227131, -1.959377144263534598 ) ) ;
#9 = PRODUCT_DEFINITION ( 'UNKNOWN', '', #4908, #4600 ) ;
#10 = AXIS2_PLACEMENT_3D ( 'NONE', #7106, #829, #4981 ) ;
#11 = CARTESIAN_POINT ( 'NONE',  ( -5.703703114510173755, 24.50000000000000711, 12.78545152826160169 ) ) ;
#12 = CYLINDRICAL_SURFACE ( 'NONE', #4777, 1.999999999999998224 ) ;
#13 = CARTESIAN_POINT ( 'NONE',  ( -5.426640323555181666, 22.80421737475730382, -12.90552060042682214 ) ) ;
#14 = CARTESIAN_POINT ( 'NONE',  ( -5.505018526597410755, 35.94186540216468728, -12.87227261115679156 ) ) ;
#15 = CARTESIAN_POINT ( 'NONE',  ( 4.154873143112798317, 37.28156540987286860, 12.70282834712556230 ) ) ;
#16 = CARTESIAN_POINT ( 'NONE',  ( -12.91775831000446750, 22.71974671501336829, 5.397472376908296177 ) ) ;
#17 = CARTESIAN_POINT ( 'NONE',  ( 2.295026805816165805, 20.05778365849900169, 13.26186817759250047 ) ) ;
#18 = CARTESIAN_POINT ( 'NONE',  ( 12.81927260627234233, 36.88223372039428227, 4.396027002920618543 ) ) ;
#19 = CARTESIAN_POINT ( 'NONE',  ( -4.967023529125866865, 35.07930931098253780, 12.34495114201457966 ) ) ;
#20 = VERTEX_POINT ( 'NONE', #2292 ) ;
#21 = CARTESIAN_POINT ( 'NONE',  ( -13.07983998616722943, 38.47148708904178704, 3.038730736903736851 ) ) ;
#22 = CARTESIAN_POINT ( 'NONE',  ( -5.119304911750216291, 22.04845239545492674, 13.03137399748688274 ) ) ;
#23 = EDGE_CURVE ( 'NONE', #5077, #953, #5297, .T. ) ;
#24 = CARTESIAN_POINT ( 'NONE',  ( 13.37483980480640433, 20.13183454143316098, 2.433004205934169661 ) ) ;
#25 = CARTESIAN_POINT ( 'NONE',  ( -4.885899535059086141, 23.43715393760860621, -12.38406334771337747 ) ) ;
#26 = CARTESIAN_POINT ( 'NONE',  ( 5.625134224076544065, 23.58909659572817219, -12.82021630050981997 ) ) ;
#27 = LINE ( 'NONE', #2285, #3445 ) ;
#28 = CARTESIAN_POINT ( 'NONE',  ( 13.56757654213220299, 39.38512012538444651, 1.066448113146793775 ) ) ;
#29 = CARTESIAN_POINT ( 'NONE',  ( 13.61464634015715269, 20.36622754430157300, 3.265087854129461675 ) ) ;
#30 = ORIENTED_EDGE ( 'NONE', *, *, #4494, .T. ) ;
#31 = CARTESIAN_POINT ( 'NONE',  ( 2.074578311614416304, 39.05002349343277501, -13.30597309140910234 ) ) ;
#32 = CARTESIAN_POINT ( 'NONE',  ( 1.148536051283301829, 39.36647471741392224, -13.44082727888745588 ) ) ;
#33 = CARTESIAN_POINT ( 'NONE',  ( -5.644919100639937071, 11.44393114699865066, 10.76045500824432111 ) ) ;
#34 = CARTESIAN_POINT ( 'NONE',  ( -12.77752299314138895, 21.44813080062940713, -3.961391167708271599 ) ) ;
#35 = B_SPLINE_CURVE_WITH_KNOTS ( 'NONE', 1,
 ( #2741, #5049 ),
 .UNSPECIFIED., .F., .F.,
 ( 2, 2 ),
 ( 0.000000000000000000, 1.000000000000000000 ),
 .UNSPECIFIED. ) ;
#36 = FACE_OUTER_BOUND ( 'NONE', #5863, .T. ) ;
#37 = VERTEX_POINT ( 'NONE', #3300 ) ;
#38 = CARTESIAN_POINT ( 'NONE',  ( 12.80352952457163695, 22.19697172930523976, 4.438112034010828211 ) ) ;
#39 = CARTESIAN_POINT ( 'NONE',  ( 4.559594989102304652, 22.44747763914952188, 12.53375298271571481 ) ) ;
#40 = CARTESIAN_POINT ( 'NONE',  ( -13.19245092321894930, 21.36368608662191093, 4.686389991307186698 ) ) ;
#41 = CARTESIAN_POINT ( 'NONE',  ( 12.99713951345695051, 35.74192573933770944, -5.203316305408120179 ) ) ;
#42 = CARTESIAN_POINT ( 'NONE',  ( -11.07350441368946115, 34.49999999999999289, 5.000000000000000888 ) ) ;
#43 = CARTESIAN_POINT ( 'NONE',  ( -2.106512885492525466, 39.61196188413203600, -13.84089460905201818 ) ) ;
#44 = CARTESIAN_POINT ( 'NONE',  ( -13.10674025051199898, 20.45607565235049563, -2.940803362679115907 ) ) ;
#45 = CARTESIAN_POINT ( 'NONE',  ( 4.958924597476667806, 23.83953493882879471, 12.34890162366671973 ) ) ;
#46 = DIRECTION ( 'NONE',  ( 0.000000000000000000, 0.000000000000000000, -1.000000000000000000 ) ) ;
#47 = CARTESIAN_POINT ( 'NONE',  ( 4.288362537948531283, 38.13067232239730942, 13.32761151606373673 ) ) ;
#48 = CARTESIAN_POINT ( 'NONE',  ( -5.553121606394170406, 35.75870148710846053, 12.85159385794370657 ) ) ;
#49 = CARTESIAN_POINT ( 'NONE',  ( 4.966877844265107811, 35.08040817915943421, 12.34502123843436827 ) ) ;
#50 = CARTESIAN_POINT ( 'NONE',  ( 3.361750103306877957, 13.22234141519431994, 13.59826566613505250 ) ) ;
#51 = CARTESIAN_POINT ( 'NONE',  ( -0.8179480078028351642, 19.56666578740944118, 13.47028253314188539 ) ) ;
#52 = CARTESIAN_POINT ( 'NONE',  ( 13.00813110870030975, 37.68877997707992478, 3.851194817434752782 ) ) ;
#53 = CARTESIAN_POINT ( 'NONE',  ( -11.07350441368946115, 34.49999999999999289, 5.000000000000000888 ) ) ;
#54 = CARTESIAN_POINT ( 'NONE',  ( 0.8196811705556359406, 39.43304595182738836, 13.47015723515030317 ) ) ;
#55 = CARTESIAN_POINT ( 'NONE',  ( -13.17848589095944511, 38.73225974460281407, -2.662901581465099810 ) ) ;
#56 = CARTESIAN_POINT ( 'NONE',  ( -4.288362537950792586, 20.86932767760520235, 13.32761151606301020 ) ) ;
#57 = CARTESIAN_POINT ( 'NONE',  ( 13.20844776803802034, 20.62622688797666015, -3.161327819940176642 ) ) ;
#58 = CARTESIAN_POINT ( 'NONE',  ( 5.110825507945313539, 22.05173153040814071, -13.03412276383323309 ) ) ;
#59 = CARTESIAN_POINT ( 'NONE',  ( 8.000000000000008882, 4.000000000000000000, -19.84313483298444325 ) ) ;
#60 = CARTESIAN_POINT ( 'NONE',  ( 13.61139842526655030, 39.49614898950662933, -0.2005355539274825405 ) ) ;
#61 = CARTESIAN_POINT ( 'NONE',  ( 11.69377152177056267, 38.26419912706553816, -3.306853798221492724 ) ) ;
#62 = CARTESIAN_POINT ( 'NONE',  ( 13.74050803165654244, 19.99018565685548410, 2.687517047748749555 ) ) ;
#63 = ORIENTED_EDGE ( 'NONE', *, *, #394, .F. ) ;
#64 = ADVANCED_FACE ( 'NONE', ( #2738 ), #7115, .T. ) ;
#65 = CARTESIAN_POINT ( 'NONE',  ( 3.836257343143263387, 37.70674782577005146, -12.82351753227717239 ) ) ;
#66 = CARTESIAN_POINT ( 'NONE',  ( 1.625665516082742235, 39.23119895669022839, -13.38217273889673997 ) ) ;
#67 = CARTESIAN_POINT ( 'NONE',  ( -6.493775582438861882, 10.28288166222048439, 10.27375312177201572 ) ) ;
#68 = CARTESIAN_POINT ( 'NONE',  ( 12.93429921334138655, 24.41306354861823991, 5.357602089830198366 ) ) ;
#69 = CARTESIAN_POINT ( 'NONE',  ( -13.26927361248402804, 37.92431106190271350, -4.464326232005083384 ) ) ;
#70 = CARTESIAN_POINT ( 'NONE',  ( -13.49917357653230354, 19.50184351455510168, -0.1591033311401637007 ) ) ;
#71 = DIRECTION ( 'NONE',  ( -0.000000000000000000, -1.000000000000000000, -0.000000000000000000 ) ) ;
#72 = ORIENTED_EDGE ( 'NONE', *, *, #394, .T. ) ;
#73 = CARTESIAN_POINT ( 'NONE',  ( 13.07843977356319165, 21.05646770459166817, 3.625209568240099323 ) ) ;
#74 = EDGE_CURVE ( 'NONE', #2783, #6036, #2987, .T. ) ;
#75 = CARTESIAN_POINT ( 'NONE',  ( 4.534408557256417893, 22.39268118466219093, 12.54479730380822033 ) ) ;
#76 = CARTESIAN_POINT ( 'NONE',  ( 4.110833565453517302, 21.65290092517949816, -12.72023457256156931 ) ) ;
#77 = EDGE_LOOP ( 'NONE', ( #6562, #1108, #1879, #573 ) ) ;
#78 = CARTESIAN_POINT ( 'NONE',  ( -13.56033757806795492, 20.14278269637583918, 3.481827840604013513 ) ) ;
#79 = CARTESIAN_POINT ( 'NONE',  ( 13.93150569943560591, 39.53308820865165529, -1.393454104581416608 ) ) ;
#80 = CARTESIAN_POINT ( 'NONE',  ( -13.42767872827304565, 39.33638550780645460, -1.269291353975035452 ) ) ;
#81 = CARTESIAN_POINT ( 'NONE',  ( -11.29153415845846098, 36.72812149340147414, -4.488015800938530475 ) ) ;
#82 = CARTESIAN_POINT ( 'NONE',  ( -1.303388515414742432, 39.85752263389785099, -13.94041626776709819 ) ) ;
#83 = CARTESIAN_POINT ( 'NONE',  ( -13.03374366503375192, 20.65608983831723577, -3.197575384630557682 ) ) ;
#84 = CARTESIAN_POINT ( 'NONE',  ( -4.682389296490486963, 21.35813888288910078, 13.19387144847084059 ) ) ;
#85 = CARTESIAN_POINT ( 'NONE',  ( 13.04986934571420854, 22.81450809728892182, -5.069628763948050398 ) ) ;
#86 = CARTESIAN_POINT ( 'NONE',  ( -7.499999999999991118, 4.335663632535883494, 12.60279007956305009 ) ) ;
#87 = CARTESIAN_POINT ( 'NONE',  ( 0.08702738911928298293, 40.00010927246656678, 14.00004637111815953 ) ) ;
#88 = CARTESIAN_POINT ( 'NONE',  ( 3.885576650792023301, 37.64682643832287567, 12.80554299148691477 ) ) ;
#89 = CARTESIAN_POINT ( 'NONE',  ( -12.78545357248214565, 24.31756945756938038, 5.703698532174432678 ) ) ;
#90 = CARTESIAN_POINT ( 'NONE',  ( 3.529542010681488318, 20.95846999786283149, 12.92966737449778059 ) ) ;
#91 = DIRECTION ( 'NONE',  ( 0.000000000000000000, 0.000000000000000000, 1.000000000000000000 ) ) ;
#92 = CARTESIAN_POINT ( 'NONE',  ( -0.5808991521648828593, 39.46682019747778725, 13.48516943281773983 ) ) ;
#93 = VERTEX_POINT ( 'NONE', #5516 ) ;
#94 = CARTESIAN_POINT ( 'NONE',  ( -12.94591804161325932, 38.09030909138265741, -3.480018184856521035 ) ) ;
#95 = CARTESIAN_POINT ( 'NONE',  ( -4.521178492945767680, 21.14576719542413841, 13.24999347635033864 ) ) ;
#96 = CARTESIAN_POINT ( 'NONE',  ( -3.970321905910385585, 21.44355299965167561, 11.48460241225031986 ) ) ;
#97 = CARTESIAN_POINT ( 'NONE',  ( -4.549339564448409590, 22.42391767314233064, -12.53829996367958266 ) ) ;
#98 = CARTESIAN_POINT ( 'NONE',  ( 7.836746053637589249, 3.836746053637583032, 12.98450044862149078 ) ) ;
#99 = CARTESIAN_POINT ( 'NONE',  ( 13.58086004374679412, 39.41901982972148488, -0.8999920405877079865 ) ) ;
#100 = CARTESIAN_POINT ( 'NONE',  ( 12.84426332153723394, 37.00405762758930450, -4.328553141441283891 ) ) ;
#101 = CARTESIAN_POINT ( 'NONE',  ( 12.01990309680008373, 39.17535352545322525, 1.779757956189329748 ) ) ;
#102 = CARTESIAN_POINT ( 'NONE',  ( 13.51229032932651108, 20.69665642011860385, 3.665275863637405429 ) ) ;
#103 = EDGE_LOOP ( 'NONE', ( #4153, #2624, #1898, #430, #7383, #811, #3023 ) ) ;
#104 = CARTESIAN_POINT ( 'NONE',  ( 10.36363636363635621, 0.000000000000000000, -21.64705618143756638 ) ) ;
#105 = CARTESIAN_POINT ( 'NONE',  ( 2.954374791611400486, 38.53402152937067626, -13.10305694721424352 ) ) ;
#106 = CARTESIAN_POINT ( 'NONE',  ( -2.512136218050623704, 20.16454046973600356, -11.89073670707139918 ) ) ;
#107 = CARTESIAN_POINT ( 'NONE',  ( 13.13822847558574303, 20.85118887026264289, -3.422311032728986291 ) ) ;
#108 = CARTESIAN_POINT ( 'NONE',  ( -13.49525739537456204, 19.51059107874397824, 0.3355060095337611958 ) ) ;
#109 = AXIS2_PLACEMENT_3D ( 'NONE', #4464, #6661, #3825 ) ;
#110 = DIRECTION ( 'NONE',  ( 0.000000000000000000, 0.000000000000000000, 1.000000000000000000 ) ) ;
#111 = ORIENTED_EDGE ( 'NONE', *, *, #169, .F. ) ;
#112 = CARTESIAN_POINT ( 'NONE',  ( 12.80905820819339347, 22.16892782406426932, 4.423371411693330479 ) ) ;
#113 = CARTESIAN_POINT ( 'NONE',  ( -4.498273743546612913, 36.68338917170977709, -12.56052950984283179 ) ) ;
#114 = CARTESIAN_POINT ( 'NONE',  ( 4.550670471892670932, 22.42683381169645429, -12.53772155983175374 ) ) ;
#115 = ORIENTED_EDGE ( 'NONE', *, *, #5483, .F. ) ;
#116 = CARTESIAN_POINT ( 'NONE',  ( -5.703703114510191519, 24.50000000000001421, -12.78545152826159637 ) ) ;
#117 = CARTESIAN_POINT ( 'NONE',  ( 13.11080060483950227, 36.58621113848360551, -4.910009565298486756 ) ) ;
#118 = CARTESIAN_POINT ( 'NONE',  ( -13.27703707854274029, 38.98006685220514811, -2.226058449136644857 ) ) ;
#119 = CARTESIAN_POINT ( 'NONE',  ( -12.15017074740686276, 39.50041491647708369, 0.3240451279544571683 ) ) ;
#120 = CARTESIAN_POINT ( 'NONE',  ( 1.493758939610281500, 39.80822839524546453, -13.92015731840523429 ) ) ;
#121 = CARTESIAN_POINT ( 'NONE',  ( -13.37646957864664010, 19.78221869641431141, 1.659605232066080571 ) ) ;
#122 = CARTESIAN_POINT ( 'NONE',  ( -5.190650374805596989, 22.21325350842065660, 13.00242667865682478 ) ) ;
#123 = DIRECTION ( 'NONE',  ( 0.000000000000000000, 8.673617379884041635E-17, -1.000000000000000000 ) ) ;
#124 = CARTESIAN_POINT ( 'NONE',  ( 4.464371924913104195, 37.92425400104979616, 13.26925784703298916 ) ) ;
#125 = CARTESIAN_POINT ( 'NONE',  ( 4.908007728350636256, 37.30238675200408949, 13.11152636582908926 ) ) ;
#126 = CARTESIAN_POINT ( 'NONE',  ( 4.550670471897206859, 36.57316618829357679, 12.53772155983016567 ) ) ;
#127 = CARTESIAN_POINT ( 'NONE',  ( 1.974811416669447039, 13.75233592757103729, 13.86864744115162118 ) ) ;
#128 = CARTESIAN_POINT ( 'NONE',  ( 13.04497615548826772, 37.82471079928036772, 3.734766065361047271 ) ) ;
#129 = CARTESIAN_POINT ( 'NONE',  ( -0.5110079518998879022, 14.00000000000000533, -12.15000000000000213 ) ) ;
#130 = B_SPLINE_CURVE_WITH_KNOTS ( 'NONE', 3,
 ( #6578, #3137, #3738, #901 ),
 .UNSPECIFIED., .F., .F.,
 ( 4, 4 ),
 ( 0.000000000000000000, 1.000000000000000000 ),
 .UNSPECIFIED. ) ;
#131 = ORIENTED_EDGE ( 'NONE', *, *, #3606, .T. ) ;
#132 = AXIS2_PLACEMENT_3D ( 'NONE', #3016, #3687, #4795 ) ;
#133 = CARTESIAN_POINT ( 'NONE',  ( -12.51632130457255343, 36.46217458667545230, -4.598940812181929516 ) ) ;
#134 = CARTESIAN_POINT ( 'NONE',  ( -5.551178220526827189, 23.23334634222722173, 12.85243367937157366 ) ) ;
#135 = CARTESIAN_POINT ( 'NONE',  ( 13.30356431904235315, 20.33716559308885508, -2.769692042575647939 ) ) ;
#136 = CARTESIAN_POINT ( 'NONE',  ( -1.623188266949138647, 19.75931554856501293, 12.04503245539651601 ) ) ;
#137 = CARTESIAN_POINT ( 'NONE',  ( -4.999995113876643416, 24.33290560571027683, -12.32882838044696250 ) ) ;
#138 = CARTESIAN_POINT ( 'NONE',  ( 1.621322595770460673, 39.23270885990525869, -12.04238628162927505 ) ) ;
#139 = AXIS2_PLACEMENT_3D ( 'NONE', #6116, #4971, #4009 ) ;
#140 = CARTESIAN_POINT ( 'NONE',  ( 12.85358684258238426, 37.04709131716525405, -4.302790406235987852 ) ) ;
#141 = CARTESIAN_POINT ( 'NONE',  ( 13.05017086009286054, 37.84327360016515485, -3.717869600015411002 ) ) ;
#142 = CARTESIAN_POINT ( 'NONE',  ( 13.03895962487520066, 36.10367758671009852, 5.097622730105541677 ) ) ;
#143 = CARTESIAN_POINT ( 'NONE',  ( 0.5063422316147486724, 13.99999999999999467, -13.99999999999999822 ) ) ;
#144 = ORIENTED_EDGE ( 'NONE', *, *, #2154, .T. ) ;
#145 = CARTESIAN_POINT ( 'NONE',  ( 4.894093393221170096, 35.52448788923953060, -12.38014579233122170 ) ) ;
#146 = CARTESIAN_POINT ( 'NONE',  ( 3.303421593126023570, 38.25680065245959582, -13.00253733355233976 ) ) ;
#147 = EDGE_CURVE ( 'NONE', #6509, #5077, #410, .T. ) ;
#148 = CARTESIAN_POINT ( 'NONE',  ( -1.989419182315514734, 13.74857784822807361, 11.99617043311470432 ) ) ;
#149 = DIRECTION ( 'NONE',  ( 0.000000000000000000, 0.000000000000000000, 1.000000000000000000 ) ) ;
#150 = AXIS2_PLACEMENT_3D ( 'NONE', #4122, #1844, #2243 ) ;
#151 = DIRECTION ( 'NONE',  ( -1.206107350727848108E-16, 0.000000000000000000, -1.000000000000000000 ) ) ;
#152 = VERTEX_POINT ( 'NONE', #3302 ) ;
#153 = CARTESIAN_POINT ( 'NONE',  ( 13.03865895424306309, 21.19830312243094639, 3.754947550981436954 ) ) ;
#154 = CARTESIAN_POINT ( 'NONE',  ( -4.162132685178406177, 37.27069833687841793, -12.69995325008326859 ) ) ;
#155 = EDGE_CURVE ( 'NONE', #3006, #4935, #218, .T. ) ;
#156 = CARTESIAN_POINT ( 'NONE',  ( 3.314265686239762143, 20.75603220075014121, -12.99846936746507176 ) ) ;
#157 = ORIENTED_EDGE ( 'NONE', *, *, #5571, .F. ) ;
#158 = CARTESIAN_POINT ( 'NONE',  ( -12.85159385794372611, 23.24129851289154303, 5.553121606394121557 ) ) ;
#159 = CARTESIAN_POINT ( 'NONE',  ( 13.46056061510685709, 38.12441850619725869, -3.849334241029085835 ) ) ;
#160 = CARTESIAN_POINT ( 'NONE',  ( -13.46981595863285008, 19.56771892207158103, 0.8242388446793648127 ) ) ;
#161 = CARTESIAN_POINT ( 'NONE',  ( 2.719080137555475396, 20.30318213882857492, 13.16472066193718504 ) ) ;
#162 = CARTESIAN_POINT ( 'NONE',  ( 13.24134340997886916, 21.74249555622159846, -4.546325442623015967 ) ) ;
#163 = CARTESIAN_POINT ( 'NONE',  ( -5.703698528538604151, 24.31742470736334738, -12.78545357410412286 ) ) ;
#164 = CARTESIAN_POINT ( 'NONE',  ( 1.484806420479550804, 39.81343295475130617, 13.92220683203126619 ) ) ;
#165 = CARTESIAN_POINT ( 'NONE',  ( 3.221367515941389037, 38.32404876220586232, 13.02666469749621747 ) ) ;
#166 = CARTESIAN_POINT ( 'NONE',  ( 4.395606017597245341, 12.58178010251259593, 13.29373922966072641 ) ) ;
#167 = CARTESIAN_POINT ( 'NONE',  ( 12.82266318252997372, 36.89898211409546747, 4.386909587083012596 ) ) ;
#168 = CARTESIAN_POINT ( 'NONE',  ( 0.000000000000000000, 45.00000000000000000, -14.00000000000000000 ) ) ;
#169 = EDGE_CURVE ( 'NONE', #4243, #4392, #4798, .T. ) ;
#170 = APPLICATION_CONTEXT ( 'automotive_design' ) ;
#171 = CARTESIAN_POINT ( 'NONE',  ( -12.88965255405875432, 37.91924106767307023, -3.649020368508754331 ) ) ;
#172 = CARTESIAN_POINT ( 'NONE',  ( 0.000000000000000000, 6.500000000000000888, -59.57475013247809414 ) ) ;
#173 = CARTESIAN_POINT ( 'NONE',  ( 13.53140118168141015, 19.70819597023646352, -1.428357066552702337 ) ) ;
#174 = FACE_OUTER_BOUND ( 'NONE', #5519, .T. ) ;
#175 = CARTESIAN_POINT ( 'NONE',  ( 5.550620142217417730, 23.23107714176845207, -12.85267482874187550 ) ) ;
#176 = CARTESIAN_POINT ( 'NONE',  ( 5.000000000000007994, 24.50000000000000000, -12.32882846293107626 ) ) ;
#177 = CARTESIAN_POINT ( 'NONE',  ( -4.989640111671016065, 24.16770197930878794, 12.33391031146498662 ) ) ;
#178 = CARTESIAN_POINT ( 'NONE',  ( 12.04569001182091625, 39.24235100900025941, -1.618379571330103461 ) ) ;
#179 = DIRECTION ( 'NONE',  ( -0.000000000000000000, -1.000000000000000000, -0.000000000000000000 ) ) ;
#180 = ORIENTED_EDGE ( 'NONE', *, *, #6030, .T. ) ;
#181 = CARTESIAN_POINT ( 'NONE',  ( 4.246700769311212653, 37.14047635494133459, -12.66613266079680677 ) ) ;
#182 = CARTESIAN_POINT ( 'NONE',  ( -0.4083661419883461430, 39.48347065139626011, -13.49260249347823404 ) ) ;
#183 = CARTESIAN_POINT ( 'NONE',  ( -2.295026805801780867, 20.05778365849154099, -13.26186817759747427 ) ) ;
#184 = CARTESIAN_POINT ( 'NONE',  ( -7.249503705931561903, 8.485535704903080401, 9.751039616357239481 ) ) ;
#185 = CARTESIAN_POINT ( 'NONE',  ( -12.66922898022118460, 21.84723125228979512, -4.239045969329539254 ) ) ;
#186 = CARTESIAN_POINT ( 'NONE',  ( 11.07350441368945226, 24.50000000000000000, -5.000000000000000000 ) ) ;
#187 = ORIENTED_EDGE ( 'NONE', *, *, #1514, .T. ) ;
#188 = CARTESIAN_POINT ( 'NONE',  ( -5.000000000000007105, 34.49999999999998579, -12.32882846293106915 ) ) ;
#189 = B_SPLINE_CURVE_WITH_KNOTS ( 'NONE', 3,
 ( #6447, #5734, #5302, #1176 ),
 .UNSPECIFIED., .F., .F.,
 ( 4, 4 ),
 ( 0.000000000000000000, 1.000000000000000000 ),
 .UNSPECIFIED. ) ;
#190 = CARTESIAN_POINT ( 'NONE',  ( 2.051012581366599363, 19.93971805066605185, -13.31025193675143825 ) ) ;
#191 = ORIENTED_EDGE ( 'NONE', *, *, #2551, .T. ) ;
#192 = CARTESIAN_POINT ( 'NONE',  ( -13.70408635373659045, 19.74300992945328304, 2.864371766497053162 ) ) ;
#193 = CARTESIAN_POINT ( 'NONE',  ( 13.40895443334009585, 37.93885329152275432, -4.025371649756269044 ) ) ;
#194 = CARTESIAN_POINT ( 'NONE',  ( -13.19117405387934383, 20.23523985128584002, 2.610263671796228646 ) ) ;
#195 = EDGE_CURVE ( 'NONE', #626, #7102, #7238, .T. ) ;
#196 = CARTESIAN_POINT ( 'NONE',  ( 2.440414124868607093, 20.13525936771552338, 13.23065092072204507 ) ) ;
#197 = CARTESIAN_POINT ( 'NONE',  ( 1.487945860964034377E-15, 44.74999999999998579, -12.15000000000000036 ) ) ;
#198 = CARTESIAN_POINT ( 'NONE',  ( 2.018765464496678597, 39.64477118454323090, 13.85397175711802831 ) ) ;
#199 = CARTESIAN_POINT ( 'NONE',  ( 2.940803362730754156, 38.54392434761195574, 13.10674025049842051 ) ) ;
#200 = CARTESIAN_POINT ( 'NONE',  ( -13.70459566326727163, 19.74119051866240326, 2.865612804464177543 ) ) ;
#201 = EDGE_CURVE ( 'NONE', #5340, #4438, #4210, .T. ) ;
#202 = CARTESIAN_POINT ( 'NONE',  ( 3.353641160774042174, 20.79148004146527384, 12.98619512351804239 ) ) ;
#203 = CARTESIAN_POINT ( 'NONE',  ( 8.000000000000008882, 4.000000000000000000, -12.68857754044949893 ) ) ;
#204 = CARTESIAN_POINT ( 'NONE',  ( -7.499999999999993783, 6.500000000000012434, -9.558896379812894750 ) ) ;
#205 = CARTESIAN_POINT ( 'NONE',  ( 3.419523776627219736, 38.14875980166329583, 12.96557111954839847 ) ) ;
#206 = ORIENTED_EDGE ( 'NONE', *, *, #2148, .F. ) ;
#207 = B_SPLINE_CURVE_WITH_KNOTS ( 'NONE', 3,
 ( #3808, #3961, #3884, #2676 ),
 .UNSPECIFIED., .F., .F.,
 ( 4, 4 ),
 ( 0.000000000000000000, 1.000000000000000000 ),
 .UNSPECIFIED. ) ;
#208 = CARTESIAN_POINT ( 'NONE',  ( -12.86119116926516703, 37.82926049238171373, -3.730638598957241925 ) ) ;
#209 = CARTESIAN_POINT ( 'NONE',  ( 4.492068604572359443E-13, 19.00000044620896134, 13.99999999864343359 ) ) ;
#210 = CARTESIAN_POINT ( 'NONE',  ( 13.15701093411123423, 20.79098311718362169, -3.353091598705708165 ) ) ;
#211 = LINE ( 'NONE', #3475, #6571 ) ;
#212 = CARTESIAN_POINT ( 'NONE',  ( 1.536983677115850044, 19.74138579950568229, -13.39399708042341786 ) ) ;
#213 = CARTESIAN_POINT ( 'NONE',  ( 12.93429922887929528, 45.00000000000000000, 5.357602398257307996 ) ) ;
#214 = EDGE_CURVE ( 'NONE', #5501, #4776, #2459, .T. ) ;
#215 = CARTESIAN_POINT ( 'NONE',  ( 12.87647970066205261, 37.15212926436241503, -4.239443592649569936 ) ) ;
#216 = CARTESIAN_POINT ( 'NONE',  ( 12.76039431518561962, 36.57188621964861852, -4.551255670569637424 ) ) ;
#217 = CARTESIAN_POINT ( 'NONE',  ( 11.35426811769432121, 37.01329442604080100, -4.325503508516873374 ) ) ;
#218 = B_SPLINE_CURVE_WITH_KNOTS ( 'NONE', 3,
 ( #6115, #5586, #3265, #338, #5551, #444, #2740, #5048, #6004, #3558, #1284, #1067, #2436, #6779, #5626, #2400, #4698, #3341, #6743, #516, #736, #3908, #7003, #2781, #216, #3518, #7343, #5806, #1212, #4162, #6403, #1811, #100, #5847, #2218, #2360, #4472, #2996, #1318, #1764, #694, #4512, #4046, #1887, #5256, #6440, #6327, #3596, #3480, #5767, #5884, #769, #3031, #654, #5327, #2956, #4658, #141, #1625, #6966, #1851, #4128, #6921, #6367, #253, #2537, #4344, #4773, #869, #358, #6506, #5463, #5429, #5987, #1920, #1355, #5395, #2569, #1463, #321, #6022, #4842, #2503, #2608, #3139, #5915, #6580, #4916, #7181, #3776, #2062, #6615, #3740, #3630, #1495, #4198, #286, #1390, #903, #4876, #3702, #3667, #7110, #2471, #5499, #4232, #5952, #833, #5359, #3067, #800, #1988, #6474, #4809, #7076, #6057, #4306, #7145, #1953, #2024, #3174, #3105, #4270, #942, #6540, #1426, #3209, #7039, #6650, #4985, #2798, #5534, #1087, #533, #3813, #2201, #428, #7214, #3358, #6097, #5646, #2682, #4455, #3247, #6760, #1533, #6798, #6726, #7252, #4379, #2132, #459, #2238, #2647, #6168, #5102, #4418, #7361, #3321, #3890, #2095, #7285, #1049, #4532, #6688, #1570, #6133, #2719, #3853, #1682, #5606, #982, #4491, #3966, #6242, #1123, #3395, #393, #1642, #1014, #4952, #3282, #5568, #6204, #495, #1606, #5025, #2167, #2761, #5066, #7325, #3926, #2872, #4608, #5246, #3546, #5794, #4573, #1798, #4688, #2905, #128, #6357, #5170, #2944, #6393, #52, #1308, #1199, #1717, #681, #1273, #6871, #5836, #6429, #2391, #6277, #4000, #2311, #725, #2986, #3432, #5136, #5287, #1160, #6954, #167, #18, #568, #5718, #2424, #1755, #2837, #4728, #6994, #1876, #5207, #4151, #5680, #2277, #4037, #2348, #3469, #6315, #5317, #1942, #6604, #2012, #347, #5903, #4832, #3690, #6011, #242 ),
 .UNSPECIFIED., .F., .F.,
 ( 4, 2, 2, 1, 2, 2, 1, 1, 2, 2, 2, 1, 2, 2, 2, 1, 1, 2, 2, 2, 1, 1, 2, 2, 1, 1, 2, 2, 1, 1, 1, 2, 2, 2, 1, 1, 2, 2, 2, 1, 2, 2, 2, 1, 1, 2, 2, 2, 1, 1, 2, 2, 1, 1, 2, 2, 1, 2, 2, 1, 2, 2, 2, 1, 2, 2, 2, 1, 2, 2, 1, 2, 2, 1, 2, 2, 2, 2, 2, 2, 2, 2, 1, 2, 2, 1, 1, 2, 2, 2, 1, 2, 2, 2, 1, 2, 2, 1, 2, 2, 1, 1, 2, 2, 1, 1, 1, 2, 2, 2, 1, 1, 1, 2, 2, 2, 1, 2, 2, 2, 1, 2, 2, 2, 1, 1, 2, 2, 1, 1, 2, 2, 1, 1, 2, 2, 2, 1, 1, 2, 2, 2, 1, 2, 2, 2, 2, 2, 1, 2, 2, 2, 2, 4 ),
 ( 0.000000000000000000, 0.01562499999997521774, 0.03124999999995043548, 0.04687499999992565669, 0.05468749999991327770, 0.06249999999990089872, 0.07812499999987609911, 0.08593749999986306787, 0.08984374999985657306, 0.09374999999985007826, 0.1093749999998238631, 0.1171874999998107764, 0.1210937499998048228, 0.1249999999997988831, 0.1406249999997764843, 0.1484374999997658540, 0.1523437499997610800, 0.1542968749997592759, 0.1562499999997574440, 0.1718749999997408739, 0.1796874999997321032, 0.1835937499997276345, 0.1855468749997253863, 0.1874999999997231381, 0.1953124999997156996, 0.1992187499997125077, 0.2011718749997108424, 0.2031249999997092048, 0.2109374999997012390, 0.2148437499996967981, 0.2167968749996945499, 0.2177734374996934397, 0.2187499999996923017, 0.2265624999996754541, 0.2304687499996665168, 0.2324218749996620481, 0.2333984374996602440, 0.2343749999996584121, 0.2382812499996521394, 0.2402343749996490307, 0.2412109374996474764, 0.2421874999996459221, 0.2460937499996390110, 0.2480468749996351252, 0.2490234374996325439, 0.2495117187496319888, 0.2499999999996314615, 0.2578124999996259104, 0.2617187499996231348, 0.2636718749996222466, 0.2646484374996218025, 0.2656249999996214139, 0.2734374999996198041, 0.2773437499996190270, 0.2792968749996190270, 0.2812499999996190270, 0.2890624999996184163, 0.2929687499996180278, 0.2968749999996176947, 0.3046874999996170286, 0.3085937499996171396, 0.3124999999996171951, 0.3281249999996181388, 0.3359374999996185274, 0.3398437499996190270, 0.3437499999996195266, 0.3593749999996220801, 0.3671874999996233568, 0.3710937499996240230, 0.3749999999996246891, 0.3906249999996268540, 0.3984374999996279088, 0.4062499999996289635, 0.4218749999996313504, 0.4296874999996325717, 0.4374999999996337929, 0.4531249999996359579, 0.4687499999996381783, 0.4999999999996427302, 0.5312499999996472821, 0.5468749999996495026, 0.5624999999996518341, 0.5781249999996541655, 0.5859374999996550537, 0.5937499999996560529, 0.6093749999996582734, 0.6171874999996594946, 0.6210937499996600497, 0.6249999999996606048, 0.6406249999996617150, 0.6484374999996624922, 0.6523437499996629363, 0.6562499999996632694, 0.6718749999996636024, 0.6796874999996633804, 0.6835937499996632694, 0.6874999999996631583, 0.6953124999996638245, 0.6992187499996637134, 0.7031249999996636024, 0.7109374999996636024, 0.7148437499996639355, 0.7167968749996640465, 0.7187499999996641575, 0.7265624999996637134, 0.7304687499996640465, 0.7324218749996640465, 0.7333984374996644906, 0.7343749999996649347, 0.7421874999996601607, 0.7460937499996577182, 0.7480468749996564970, 0.7490234374996562750, 0.7495117187496561639, 0.7499999999996560529, 0.7539062499996607158, 0.7558593749996630473, 0.7568359374996642686, 0.7578124999996654898, 0.7617187499996724842, 0.7636718749996760369, 0.7646484374996783684, 0.7656249999996806999, 0.7734374999996953548, 0.7773437499997025713, 0.7792968749997062350, 0.7802734374997081224, 0.7812499999997100097, 0.7890624999997213340, 0.7929687499997275513, 0.7949218749997306599, 0.7968749999997337685, 0.8046874999997442046, 0.8085937499997494227, 0.8105468749997521982, 0.8124999999997548628, 0.8281249999997739586, 0.8359374999997830624, 0.8398437499997869482, 0.8417968749997888356, 0.8437499999997907230, 0.8593749999998105960, 0.8671874999998204769, 0.8710937499998254729, 0.8749999999998303579, 0.8906249999998513411, 0.8984374999998623323, 0.9062499999998733236, 0.9218749999998941957, 0.9296874999999046318, 0.9374999999999151790, 0.9531249999999360512, 0.9687499999999568123, 1.000000000000000000 ),
 .UNSPECIFIED. ) ;
#219 = CARTESIAN_POINT ( 'NONE',  ( 2.517872742605785863, 20.16812094224945540, -11.88945402565544285 ) ) ;
#220 = ORIENTED_EDGE ( 'NONE', *, *, #3334, .T. ) ;
#221 = CARTESIAN_POINT ( 'NONE',  ( 5.703703114510183525, 34.50000000000000000, -12.78545152826159992 ) ) ;
#222 = CARTESIAN_POINT ( 'NONE',  ( -3.298747055674247086, 38.25764970753357375, -13.00324395399326960 ) ) ;
#223 = CARTESIAN_POINT ( 'NONE',  ( -0.6615497669907791645, 19.54327545544805034, -13.48066893231674968 ) ) ;
#224 = CARTESIAN_POINT ( 'NONE',  ( -5.298476366091724898, 36.53803416667172144, 12.95868952991902923 ) ) ;
#225 = CARTESIAN_POINT ( 'NONE',  ( 12.58030127295343803, 24.16788511652123006, -4.991670977193272130 ) ) ;
#226 = CARTESIAN_POINT ( 'NONE',  ( -13.66989858999155771, 39.16462772430053718, -3.023322884259277643 ) ) ;
#227 = CARTESIAN_POINT ( 'NONE',  ( -12.37305018407117352, 23.54898740657081646, -4.908900487238239130 ) ) ;
#228 = DIRECTION ( 'NONE',  ( 0.000000000000000000, -1.000000000000000000, 0.000000000000000000 ) ) ;
#229 = ORIENTED_EDGE ( 'NONE', *, *, #1275, .T. ) ;
#230 = AXIS2_PLACEMENT_3D ( 'NONE', #1756, #1877, #2425 ) ;
#231 = CARTESIAN_POINT ( 'NONE',  ( -4.820274282105867947, 35.82965515276980284, -12.41515212021476167 ) ) ;
#232 = CARTESIAN_POINT ( 'NONE',  ( 2.641920017407461518, 20.25419743700127739, -13.18372039219386949 ) ) ;
#233 = ORIENTED_EDGE ( 'NONE', *, *, #3642, .F. ) ;
#234 = CARTESIAN_POINT ( 'NONE',  ( -13.99994996193350971, 19.00011890641200196, 0.1013573958687136456 ) ) ;
#235 = CARTESIAN_POINT ( 'NONE',  ( 12.67334338361105495, 35.99985099103965069, 4.769921155417718772 ) ) ;
#236 = CARTESIAN_POINT ( 'NONE',  ( -12.95843592024415258, 36.53653222700908287, -5.299096166479428049 ) ) ;
#237 = CARTESIAN_POINT ( 'NONE',  ( -12.77291130182825363, 21.46416613319361844, 3.973706809189946565 ) ) ;
#238 = AXIS2_PLACEMENT_3D ( 'NONE', #4784, #1862, #3005 ) ;
#239 = CARTESIAN_POINT ( 'NONE',  ( -4.286561849319854289, 20.86737203976161581, -13.32818806409803081 ) ) ;
#240 = CARTESIAN_POINT ( 'NONE',  ( 4.285234809871802497, 38.13082022920990255, 13.32820183219523891 ) ) ;
#241 = CARTESIAN_POINT ( 'NONE',  ( 1.942315636641228194, 39.10736947448334888, 13.32987769278895307 ) ) ;
#242 = CARTESIAN_POINT ( 'NONE',  ( 12.57669683062193400, 34.49999999999999289, 5.000000000000000888 ) ) ;
#243 = CARTESIAN_POINT ( 'NONE',  ( 11.76202829436459929, 20.53112979524079762, -3.058587543082546656 ) ) ;
#244 = CARTESIAN_POINT ( 'NONE',  ( 2.545161257855687253, 19.56462902360629386, -13.77117960057472956 ) ) ;
#245 = EDGE_LOOP ( 'NONE', ( #4018, #5955, #6253, #761 ) ) ;
#246 = CARTESIAN_POINT ( 'NONE',  ( -2.686714996303216196, 13.50651971316182376, 13.74171041431234741 ) ) ;
#247 = DIRECTION ( 'NONE',  ( 1.000000000000000000, 2.602085213965210149E-16, 0.000000000000000000 ) ) ;
#248 = CARTESIAN_POINT ( 'NONE',  ( 12.82779047451847809, 22.07581901850073081, -4.373098782724559541 ) ) ;
#249 = CARTESIAN_POINT ( 'NONE',  ( -4.550822742738077409, 22.42241416978413682, 11.26574850964545682 ) ) ;
#250 = CARTESIAN_POINT ( 'NONE',  ( -1.389169040376142306, 19.69667620347487613, -13.41331061875201769 ) ) ;
#251 = CARTESIAN_POINT ( 'NONE',  ( 0.000000000000000000, 45.00000000000000000, -13.75000000000005862 ) ) ;
#252 = CARTESIAN_POINT ( 'NONE',  ( 12.65956555677350437, 35.89014084162166540, -4.803558062457506495 ) ) ;
#253 = CARTESIAN_POINT ( 'NONE',  ( 13.07497831787844333, 37.93139996701322758, -3.636692184133111461 ) ) ;
#254 = CARTESIAN_POINT ( 'NONE',  ( -1.890898199886872355, 39.12870792252699204, 13.33881947269082069 ) ) ;
#255 = VECTOR ( 'NONE', #3101, 1000.000000000000000 ) ;
#256 = LINE ( 'NONE', #696, #2960 ) ;
#257 = VERTEX_POINT ( 'NONE', #4904 ) ;
#258 = LINE ( 'NONE', #2508, #4555 ) ;
#259 = VECTOR ( 'NONE', #2487, 1000.000000000000000 ) ;
#260 = CARTESIAN_POINT ( 'NONE',  ( 13.00838619382464323, 35.85780322409884491, 5.175417297135412653 ) ) ;
#261 = CARTESIAN_POINT ( 'NONE',  ( -0.9355347291660591758, 39.92853993623416642, 13.96993076306623038 ) ) ;
#262 = CARTESIAN_POINT ( 'NONE',  ( 13.56043213187402863, 19.63318806111526982, -1.147105819758123424 ) ) ;
#263 = DIRECTION ( 'NONE',  ( 0.000000000000000000, 0.000000000000000000, -1.000000000000000000 ) ) ;
#264 = ORIENTED_EDGE ( 'NONE', *, *, #5761, .T. ) ;
#265 = PLANE ( 'NONE',  #6331 ) ;
#266 = CARTESIAN_POINT ( 'NONE',  ( 1.259329390602453635, 19.65997474486284347, -13.42924016620710859 ) ) ;
#267 = ORIENTED_EDGE ( 'NONE', *, *, #5991, .F. ) ;
#268 = CARTESIAN_POINT ( 'NONE',  ( -13.94041626776710707, 19.14247736610221651, -1.303388515414702908 ) ) ;
#269 = CARTESIAN_POINT ( 'NONE',  ( 12.76089466515625936, 36.57474465703619160, 4.549950475355297286 ) ) ;
#270 = CARTESIAN_POINT ( 'NONE',  ( -13.03094450935523696, 20.66388356326132936, 3.207113912890967367 ) ) ;
#271 = B_SPLINE_CURVE_WITH_KNOTS ( 'NONE', 3,
 ( #5690, #4503, #6216, #2211, #1813, #2322, #6286, #2807, #5181, #4048, #5111, #3520, #3406, #2917, #7373, #656, #506, #3482, #1250, #1172, #1099, #1214, #5218, #3938, #6883, #5656, #7336, #5769, #3367, #5729, #617, #3441, #2250, #1727, #2881, #62, #1766, #1654, #29, #6329, #102, #2362, #4660, #6923, #4091, #6369, #542, #2772, #5076, #6771, #4546, #6811, #1133, #6250, #1691, #3976, #2848, #581 ),
 .UNSPECIFIED., .F., .F.,
 ( 4, 2, 2, 2, 2, 2, 2, 2, 2, 2, 2, 2, 2, 2, 2, 2, 2, 2, 2, 2, 2, 2, 2, 2, 2, 2, 2, 2, 4 ),
 ( 0.000000000000000000, 0.03124999999999940326, 0.06249999999999880651, 0.09374999999999820977, 0.1093749999999979322, 0.1249999999999976685, 0.1874999999999978073, 0.2499999999999979461, 0.3124999999999980571, 0.3437499999999981126, 0.3749999999999981126, 0.4062499999999980571, 0.4374999999999980016, 0.4687499999999980016, 0.4999999999999978906, 0.5624999999999977796, 0.6249999999999976685, 0.6562499999999976685, 0.6874999999999976685, 0.7187499999999975575, 0.7499999999999975575, 0.7812499999999975575, 0.7968749999999972244, 0.8124999999999968914, 0.8749999999999963363, 0.9062499999999964473, 0.9218749999999966693, 0.9374999999999970024, 1.000000000000000000 ),
 .UNSPECIFIED. ) ;
#272 = CIRCLE ( 'NONE', #5278, 1.999999999999998224 ) ;
#273 = LINE ( 'NONE', #2524, #6790 ) ;
#274 = CARTESIAN_POINT ( 'NONE',  ( 5.703703114510165761, 34.50000000000000000, 12.78545152826160347 ) ) ;
#275 = CARTESIAN_POINT ( 'NONE',  ( 1.140077555603304482, 39.36845766115424539, 13.44169410524783359 ) ) ;
#276 = CARTESIAN_POINT ( 'NONE',  ( -11.94746679701664682, 20.01302959762048772, 2.230016253420330052 ) ) ;
#277 = CARTESIAN_POINT ( 'NONE',  ( -3.055663945882508337, 38.47114033577665992, 11.76279582687596204 ) ) ;
#278 = CARTESIAN_POINT ( 'NONE',  ( 0.3806013718535910528, 18.99999841047323557, -14.00000000081367624 ) ) ;
#279 = CARTESIAN_POINT ( 'NONE',  ( -5.647112208392805144, 11.45883611660345380, 12.81577686831471929 ) ) ;
#280 = DIRECTION ( 'NONE',  ( 0.8388703903806783435, -0.000000000000000000, 0.5443312118026746305 ) ) ;
#281 = CARTESIAN_POINT ( 'NONE',  ( 12.61141986520338598, 23.59874139080113764, -4.918802479900727498 ) ) ;
#282 = LINE ( 'NONE', #5391, #5962 ) ;
#283 = CARTESIAN_POINT ( 'NONE',  ( 1.999132676454193680, 19.91630153420357630, -13.31996301984296593 ) ) ;
#284 = CARTESIAN_POINT ( 'NONE',  ( -9.499999999999994671, 4.000000000000000000, -19.84313483298443970 ) ) ;
#285 = CARTESIAN_POINT ( 'NONE',  ( 12.89204722549649773, 37.22083884838632173, -4.195667855157424242 ) ) ;
#286 = CARTESIAN_POINT ( 'NONE',  ( 13.28573527615513150, 38.61004893996063458, -2.847436167567580778 ) ) ;
#287 = CARTESIAN_POINT ( 'NONE',  ( -2.184530099394085045, 38.99771892021880149, 13.28447375687680676 ) ) ;
#288 = EDGE_LOOP ( 'NONE', ( #1465, #588, #4878, #2006 ) ) ;
#289 = MANIFOLD_SOLID_BREP ( 'Chamfer4', #6209 ) ;
#290 = EDGE_CURVE ( 'NONE', #257, #3034, #3126, .T. ) ;
#291 = CARTESIAN_POINT ( 'NONE',  ( -12.50674842157371458, 36.41106392060905961, 4.620412418612924732 ) ) ;
#292 = CARTESIAN_POINT ( 'NONE',  ( 13.74001212457289434, 39.00838394263536202, 2.690056535559854023 ) ) ;
#293 = CARTESIAN_POINT ( 'NONE',  ( -3.529542010681499864, 20.95846999786283860, -12.92966737449813408 ) ) ;
#294 = CARTESIAN_POINT ( 'NONE',  ( -5.703697540710780167, 24.31619618223387036, -12.78545144272252188 ) ) ;
#295 = CARTESIAN_POINT ( 'NONE',  ( 13.59585500829311044, 19.54298922825986295, 0.6555593409221572854 ) ) ;
#296 = EDGE_CURVE ( 'NONE', #5120, #6977, #272, .T. ) ;
#297 = FACE_OUTER_BOUND ( 'NONE', #6781, .T. ) ;
#298 = ORIENTED_EDGE ( 'NONE', *, *, #7296, .F. ) ;
#299 = CARTESIAN_POINT ( 'NONE',  ( -3.314265686655097909, 38.24396779888220976, -12.99846936734144620 ) ) ;
#300 = CARTESIAN_POINT ( 'NONE',  ( 3.563797875099082635, 20.99294333257871159, -12.91828201975198631 ) ) ;
#301 = CARTESIAN_POINT ( 'NONE',  ( 13.94213574046503012, 19.43936068093742264, -1.272291801586397986 ) ) ;
#302 = VERTEX_POINT ( 'NONE', #2191 ) ;
#303 = CARTESIAN_POINT ( 'NONE',  ( -13.79863535750954817, 19.49509235997918921, 2.372282631324143409 ) ) ;
#304 = CARTESIAN_POINT ( 'NONE',  ( -13.87770253546188570, 39.70404384234494444, -1.855384530367101714 ) ) ;
#305 = EDGE_CURVE ( 'NONE', #2618, #3450, #929, .T. ) ;
#306 = CARTESIAN_POINT ( 'NONE',  ( -12.84701007857786514, 21.21619634570616597, 3.770874616818256975 ) ) ;
#307 = CARTESIAN_POINT ( 'NONE',  ( -9.499999999999994671, 0.000000000000000000, -21.84313483298443970 ) ) ;
#308 = CARTESIAN_POINT ( 'NONE',  ( -1.779421692120415344, 39.17548123977223895, 13.35839345172297854 ) ) ;
#309 = CARTESIAN_POINT ( 'NONE',  ( 2.385091477192929688, 38.89451793109668643, 13.24262678785527392 ) ) ;
#310 = SURFACE_STYLE_USAGE ( .BOTH. , #6567 ) ;
#311 = CARTESIAN_POINT ( 'NONE',  ( 11.55473930832003759, 21.19290109793115207, 3.763983788879518677 ) ) ;
#312 = CARTESIAN_POINT ( 'NONE',  ( 12.58389125957163657, 24.08358328188753461, 4.983305638121749759 ) ) ;
#313 = ORIENTED_EDGE ( 'NONE', *, *, #2179, .T. ) ;
#314 = CARTESIAN_POINT ( 'NONE',  ( 3.970706697480621994, 21.44394767546733505, 11.48447783692756019 ) ) ;
#315 = CARTESIAN_POINT ( 'NONE',  ( 5.000000000000005329, 34.50000000000000000, 11.07350441368946292 ) ) ;
#316 = CARTESIAN_POINT ( 'NONE',  ( 12.81779905190111712, 22.12507735853763435, -4.399983560781682179 ) ) ;
#317 = CARTESIAN_POINT ( 'NONE',  ( 7.499999999999994671, 3.499999999999982236, -19.84313483298443970 ) ) ;
#318 = CARTESIAN_POINT ( 'NONE',  ( 2.509765903596077763, 20.17246518316152404, -13.21567769546504678 ) ) ;
#319 = CARTESIAN_POINT ( 'NONE',  ( 0.000000000000000000, 4.000000000000003553, 0.000000000000000000 ) ) ;
#320 = CARTESIAN_POINT ( 'NONE',  ( -3.838996741886285591, 21.29637042526798041, 12.82254934690768877 ) ) ;
#321 = CARTESIAN_POINT ( 'NONE',  ( 13.14933047648624864, 38.18384817227552475, -3.380739014924207808 ) ) ;
#322 = CARTESIAN_POINT ( 'NONE',  ( -3.816796735311274613, 37.72998099645108994, 12.83055227569060719 ) ) ;
#323 = EDGE_LOOP ( 'NONE', ( #4557, #1401, #5824, #4260 ) ) ;
#324 = CARTESIAN_POINT ( 'NONE',  ( -12.88048916269692334, 37.89030992498642547, 3.675245137617703772 ) ) ;
#325 = CARTESIAN_POINT ( 'NONE',  ( -3.961391167708294248, 37.55186919937057866, -12.77752299314133566 ) ) ;
#326 = CARTESIAN_POINT ( 'NONE',  ( -4.246700769247826912, 21.85952364495671318, -12.66613266082143419 ) ) ;
#327 = CARTESIAN_POINT ( 'NONE',  ( -0.3757244175298750100, 39.99104849000747919, 13.99620971218749332 ) ) ;
#328 = CARTESIAN_POINT ( 'NONE',  ( 13.30759686413474441, 20.32526624947071525, -2.751958250773401726 ) ) ;
#329 = CARTESIAN_POINT ( 'NONE',  ( -13.76890250540220251, 39.42789538011032846, 2.534690903196553435 ) ) ;
#330 = CARTESIAN_POINT ( 'NONE',  ( -7.499999999999990230, 0.000000000000000000, 19.84313483298444325 ) ) ;
#331 = EDGE_LOOP ( 'NONE', ( #4927, #3587, #1720, #3344 ) ) ;
#332 = CARTESIAN_POINT ( 'NONE',  ( 0.3369661026798132508, 39.49129534462969815, -13.49609145640030228 ) ) ;
#333 = ADVANCED_FACE ( 'NONE', ( #1077 ), #2628, .T. ) ;
#334 = CARTESIAN_POINT ( 'NONE',  ( 2.650315789200182071, 20.25942897350060434, 13.18168814367905917 ) ) ;
#335 = CARTESIAN_POINT ( 'NONE',  ( 13.98845290418556608, 19.31993149556885569, 0.5702189998647148039 ) ) ;
#336 = ORIENTED_EDGE ( 'NONE', *, *, #6846, .F. ) ;
#337 = CARTESIAN_POINT ( 'NONE',  ( -13.47508796812853049, 20.39627562379225267, -3.797799817676465572 ) ) ;
#338 = CARTESIAN_POINT ( 'NONE',  ( 12.58115621937252904, 34.83192637156852811, -4.989663254159542483 ) ) ;
#339 = CARTESIAN_POINT ( 'NONE',  ( 7.499999999999991118, 3.499999999999982236, 13.56465996626678461 ) ) ;
#340 = CARTESIAN_POINT ( 'NONE',  ( -13.14927442024347748, 20.34361097758685233, 2.779301302207144442 ) ) ;
#341 = EDGE_CURVE ( 'NONE', #6406, #2363, #2769, .T. ) ;
#342 = VECTOR ( 'NONE', #4748, 1000.000000000000000 ) ;
#343 = LINE ( 'NONE', #2592, #728 ) ;
#344 = CARTESIAN_POINT ( 'NONE',  ( -4.827757141743367342, 35.80365497181372092, 12.41164098637412216 ) ) ;
#345 = CARTESIAN_POINT ( 'NONE',  ( -13.21270344485245829, 37.71453872341649571, 4.629023732266672297 ) ) ;
#346 = EDGE_CURVE ( 'NONE', #2973, #5482, #1788, .T. ) ;
#347 = CARTESIAN_POINT ( 'NONE',  ( 12.60539818608780749, 35.31994395857051927, 4.932993612329011235 ) ) ;
#348 = CARTESIAN_POINT ( 'NONE',  ( 4.837647005024082070, 21.58502599020025414, -13.13772417153723993 ) ) ;
#349 = ORIENTED_EDGE ( 'NONE', *, *, #1243, .F. ) ;
#350 = CARTESIAN_POINT ( 'NONE',  ( 4.333438301735684561, 21.98459148988696654, 11.35257923774804212 ) ) ;
#351 = CARTESIAN_POINT ( 'NONE',  ( 5.189616448541745974, 22.21630963866089559, 13.00268122915530355 ) ) ;
#352 = AXIS2_PLACEMENT_3D ( 'NONE', #1247, #5765, #5804 ) ;
#353 = CARTESIAN_POINT ( 'NONE',  ( 13.08582548549540903, 21.03071610904503430, -3.600572121157285643 ) ) ;
#354 = CARTESIAN_POINT ( 'NONE',  ( -3.773486493388989782, 38.63973725971729323, -13.48464418691562905 ) ) ;
#355 = CARTESIAN_POINT ( 'NONE',  ( -2.440414124868615531, 20.13525936771552338, -13.23065092072203974 ) ) ;
#356 = FACE_OUTER_BOUND ( 'NONE', #6631, .T. ) ;
#357 = CARTESIAN_POINT ( 'NONE',  ( -3.038730737254657921, 20.52851291122670219, 13.07983998606903242 ) ) ;
#358 = CARTESIAN_POINT ( 'NONE',  ( 13.09797423985335385, 38.01126729426409412, -3.559649464543434227 ) ) ;
#359 = CARTESIAN_POINT ( 'NONE',  ( -3.059771721819818158, 38.45486874229202812, 13.07379436636768943 ) ) ;
#360 = ORIENTED_EDGE ( 'NONE', *, *, #3053, .F. ) ;
#361 = CARTESIAN_POINT ( 'NONE',  ( -12.50292118951917253, 36.39026525976871085, 4.628966502463549126 ) ) ;
#362 = CARTESIAN_POINT ( 'NONE',  ( -4.997906189854696812, 34.66690789684599139, -12.32985669532616413 ) ) ;
#363 = CARTESIAN_POINT ( 'NONE',  ( -4.534408557215633628, 22.39268118457441048, -12.54479730382647240 ) ) ;
#364 = CARTESIAN_POINT ( 'NONE',  ( -3.766435450229516313, 38.63415560424554940, 13.48466012234763767 ) ) ;
#365 = CARTESIAN_POINT ( 'NONE',  ( 13.54633293040551933, 19.66929654947931994, 1.300445610738946822 ) ) ;
#366 = VECTOR ( 'NONE', #1493, 1000.000000000000000 ) ;
#367 = CARTESIAN_POINT ( 'NONE',  ( 7.499999999999994671, 0.000000000000000000, -19.84313483298444325 ) ) ;
#368 = EDGE_LOOP ( 'NONE', ( #3681, #6225, #6099, #4308, #2042, #3778 ) ) ;
#369 = AXIS2_PLACEMENT_3D ( 'NONE', #2793, #1042, #5563 ) ;
#370 = CARTESIAN_POINT ( 'NONE',  ( -2.814150084817230280, 38.63287389800740357, -13.14030203583758727 ) ) ;
#371 = CARTESIAN_POINT ( 'NONE',  ( 2.954374791611404483, 20.46597847062931308, 13.10305694721424885 ) ) ;
#372 = CARTESIAN_POINT ( 'NONE',  ( 13.95682941355264184, 19.40121399222450549, -1.099454433300144585 ) ) ;
#373 = ORIENTED_EDGE ( 'NONE', *, *, #214, .T. ) ;
#374 = CARTESIAN_POINT ( 'NONE',  ( -13.00253733355237706, 20.74319934754042549, 3.303421593126026234 ) ) ;
#375 = CARTESIAN_POINT ( 'NONE',  ( -12.79606528306288027, 37.61535957536388963, 3.911652942236480524 ) ) ;
#376 = DIRECTION ( 'NONE',  ( 0.000000000000000000, -1.000000000000000000, 0.000000000000000000 ) ) ;
#377 = CARTESIAN_POINT ( 'NONE',  ( -12.52322511533920668, 22.50175850298758817, 4.583384843340657433 ) ) ;
#378 = AXIS2_PLACEMENT_3D ( 'NONE', #6917, #689, #2952 ) ;
#379 = CARTESIAN_POINT ( 'NONE',  ( 4.162152656181743460, 20.73526091016045214, 13.36768372078118539 ) ) ;
#380 = CARTESIAN_POINT ( 'NONE',  ( -4.934553706097518422, 35.32286738664503645, 12.36075373155403412 ) ) ;
#381 = CARTESIAN_POINT ( 'NONE',  ( -13.30871208603377021, 38.06377745539964508, 4.345338910893527640 ) ) ;
#382 = DIRECTION ( 'NONE',  ( 1.000000000000000000, -0.000000000000000000, -0.000000000000000000 ) ) ;
#383 = CARTESIAN_POINT ( 'NONE',  ( -12.91828201975141432, 20.99294333257871159, -3.563797875099077306 ) ) ;
#384 = VECTOR ( 'NONE', #5909, 1000.000000000000000 ) ;
#385 = CARTESIAN_POINT ( 'NONE',  ( 12.58115621937254502, 24.16807362864549802, 4.989663254173780871 ) ) ;
#386 = CARTESIAN_POINT ( 'NONE',  ( -7.449269240907029577, 7.501819328687492572, 11.85418501369458077 ) ) ;
#387 = CARTESIAN_POINT ( 'NONE',  ( 1.584681556434806238, 19.21634428239732273, 13.91009967128694136 ) ) ;
#388 = CARTESIAN_POINT ( 'NONE',  ( 12.65838020213486814, 23.11971700730814661, -4.806437112111929366 ) ) ;
#389 = FACE_OUTER_BOUND ( 'NONE', #323, .T. ) ;
#390 = CARTESIAN_POINT ( 'NONE',  ( 5.000000000000002665, 45.00000000000000000, 11.07350441368946115 ) ) ;
#391 = CARTESIAN_POINT ( 'NONE',  ( 0.000000000000000000, 0.000000000000000000, 0.000000000000000000 ) ) ;
#392 = CARTESIAN_POINT ( 'NONE',  ( -3.270242672348937063, 20.71741736903345910, 13.01197419619437312 ) ) ;
#393 = CARTESIAN_POINT ( 'NONE',  ( 13.15560928538318919, 38.20443328656183724, 3.358152911549746378 ) ) ;
#394 = EDGE_CURVE ( 'NONE', #4438, #4888, #6693, .T. ) ;
#395 = VERTEX_POINT ( 'NONE', #6805 ) ;
#396 = CARTESIAN_POINT ( 'NONE',  ( -12.59286313943085567, 36.83200285130674700, 4.422880815314278458 ) ) ;
#397 = CARTESIAN_POINT ( 'NONE',  ( 7.499999999999991118, 7.011047517764231962, 9.558896379812903632 ) ) ;
#398 = CARTESIAN_POINT ( 'NONE',  ( -3.413462379625127774, 20.84624880381717560, -12.96736205538624453 ) ) ;
#399 = CARTESIAN_POINT ( 'NONE',  ( -0.1013573958687174620, 19.00011890641195578, -13.99994996193350616 ) ) ;
#400 = CARTESIAN_POINT ( 'NONE',  ( 13.60170568132270041, 19.52822645641848354, 0.5321587507597127509 ) ) ;
#401 = CARTESIAN_POINT ( 'NONE',  ( 13.41507925678804369, 38.98096341803570652, 2.224263641320750384 ) ) ;
#402 = DIRECTION ( 'NONE',  ( 1.000000000000000000, -0.000000000000000000, -0.000000000000000000 ) ) ;
#403 = ORIENTED_EDGE ( 'NONE', *, *, #6627, .T. ) ;
#404 = CARTESIAN_POINT ( 'NONE',  ( -1.845115717836861124, 39.14786446614745330, -13.34683969041585172 ) ) ;
#405 = CARTESIAN_POINT ( 'NONE',  ( -4.977937607998745406, 37.18524423484902286, -13.08513458396843454 ) ) ;
#406 = CARTESIAN_POINT ( 'NONE',  ( 1.027468082397413829, 19.60653381413742480, 13.45268050123681824 ) ) ;
#407 = CARTESIAN_POINT ( 'NONE',  ( 13.92089383006194758, 19.49495251368501414, -1.486792799369306195 ) ) ;
#408 = EDGE_LOOP ( 'NONE', ( #2116, #6217, #2288, #6746, #6358 ) ) ;
#409 = CARTESIAN_POINT ( 'NONE',  ( -12.66791627514803409, 21.85243103206113702, 4.242281882313519326 ) ) ;
#410 = LINE ( 'NONE', #6669, #2514 ) ;
#411 = CARTESIAN_POINT ( 'NONE',  ( -13.67108997554353245, 39.16860557763843786, 3.020979621554114924 ) ) ;
#412 = CARTESIAN_POINT ( 'NONE',  ( -7.499999999999994671, 3.499999999999985789, -13.56465996626271320 ) ) ;
#413 = ORIENTED_EDGE ( 'NONE', *, *, #6135, .F. ) ;
#414 = CARTESIAN_POINT ( 'NONE',  ( -4.395606017597247117, 12.58178010251259415, -13.29373922966072463 ) ) ;
#415 = CARTESIAN_POINT ( 'NONE',  ( 13.92974093310920836, 39.52826626622272954, 1.401484072477175546 ) ) ;
#416 = CARTESIAN_POINT ( 'NONE',  ( -12.32882838044701579, 34.66709439428969119, -4.999995113876629205 ) ) ;
#417 = CARTESIAN_POINT ( 'NONE',  ( -11.29413115610763541, 22.27409727192780764, -4.480177063389381154 ) ) ;
#418 = CARTESIAN_POINT ( 'NONE',  ( -12.59706931276802599, 22.14929476374525308, -4.412969170209837699 ) ) ;
#419 = EDGE_CURVE ( 'NONE', #2369, #1287, #2316, .T. ) ;
#420 = CARTESIAN_POINT ( 'NONE',  ( 4.689068714752435696, 22.76382866769247215, -12.47580377302159604 ) ) ;
#421 = CARTESIAN_POINT ( 'NONE',  ( 1.629900805558015753, 19.22914890673865784, 13.90487342823278638 ) ) ;
#422 = EDGE_CURVE ( 'NONE', #6977, #4141, #849, .T. ) ;
#423 = DIRECTION ( 'NONE',  ( -0.000000000000000000, -1.000000000000000000, -0.000000000000000000 ) ) ;
#424 = DIRECTION ( 'NONE',  ( 0.000000000000000000, 0.000000000000000000, 1.000000000000000000 ) ) ;
#425 = LINE ( 'NONE', #2129, #2404 ) ;
#426 = CARTESIAN_POINT ( 'NONE',  ( -7.499999999999993783, 6.500000000000012434, -9.558896379812894750 ) ) ;
#427 = CARTESIAN_POINT ( 'NONE',  ( -4.232370933690659420, 21.83726021891627056, 12.67188722121715116 ) ) ;
#428 = CARTESIAN_POINT ( 'NONE',  ( 13.55723699543410810, 39.35867131390548934, 1.185458954591967151 ) ) ;
#429 = CARTESIAN_POINT ( 'NONE',  ( -4.559594989083357142, 36.55252236089290818, 12.53375298272449356 ) ) ;
#430 = ORIENTED_EDGE ( 'NONE', *, *, #5810, .F. ) ;
#431 = CARTESIAN_POINT ( 'NONE',  ( -12.82254934710084626, 37.70362957537220439, 3.838996741359318232 ) ) ;
#432 = CARTESIAN_POINT ( 'NONE',  ( 3.802464630066469731, 12.98257072136392765, 11.54750738363638973 ) ) ;
#433 = EDGE_CURVE ( 'NONE', #708, #888, #6421, .T. ) ;
#434 = CARTESIAN_POINT ( 'NONE',  ( 13.55011479137899144, 19.65967145194479926, 1.258153762719204094 ) ) ;
#435 = CARTESIAN_POINT ( 'NONE',  ( -0.3827253343028879096, 19.01165066295894235, -13.99508151230731556 ) ) ;
#436 = CARTESIAN_POINT ( 'NONE',  ( 13.08840834982582457, 21.02132244495140867, 3.592403798274741433 ) ) ;
#437 = CARTESIAN_POINT ( 'NONE',  ( 12.62509219258608795, 35.56299281076161378, 4.886385696586523331 ) ) ;
#438 = CARTESIAN_POINT ( 'NONE',  ( -9.499999999999994671, 0.000000000000000000, -19.84313483298443970 ) ) ;
#439 = CARTESIAN_POINT ( 'NONE',  ( -5.701314620220789386, 34.68359867059581347, -12.78651784332038233 ) ) ;
#440 = CYLINDRICAL_SURFACE ( 'NONE', #5740, 7.500000000000000000 ) ;
#441 = CARTESIAN_POINT ( 'NONE',  ( 13.11080060483949872, 22.41378886151639449, 4.910009565298490308 ) ) ;
#442 = CARTESIAN_POINT ( 'NONE',  ( 7.249503705931564568, 8.485535704903078624, -9.751039616357237705 ) ) ;
#443 = CARTESIAN_POINT ( 'NONE',  ( -12.79390887205413918, 24.04238969422063832, -5.684716586081198564 ) ) ;
#444 = CARTESIAN_POINT ( 'NONE',  ( 12.59090757567630448, 35.07977031333822993, -4.966951212752474198 ) ) ;
#445 = CARTESIAN_POINT ( 'NONE',  ( 5.703703114510181749, 45.00000000000000000, -12.78545152826159814 ) ) ;
#446 = DIRECTION ( 'NONE',  ( -0.000000000000000000, -1.000000000000000000, -0.000000000000000000 ) ) ;
#447 = CARTESIAN_POINT ( 'NONE',  ( 5.694087720443546274, 24.13322124471521235, 12.78975292878239500 ) ) ;
#448 = CARTESIAN_POINT ( 'NONE',  ( 13.40862389131450350, 37.93763623883099712, 4.026473537913712875 ) ) ;
#449 = CARTESIAN_POINT ( 'NONE',  ( -12.88335488816707119, 36.03101731610155412, 5.479055640880980071 ) ) ;
#450 = CARTESIAN_POINT ( 'NONE',  ( -13.99602391816207003, 19.00939167821524833, 0.3825061805972733708 ) ) ;
#451 = CARTESIAN_POINT ( 'NONE',  ( 4.686389991307212455, 37.63631391337813170, -13.19245092321893686 ) ) ;
#452 = CARTESIAN_POINT ( 'NONE',  ( -12.63270960129265319, 21.99532929016331195, -4.328197484439757048 ) ) ;
#453 = CARTESIAN_POINT ( 'NONE',  ( 3.023322884259297627, 19.83537227569943795, 13.66989858999155416 ) ) ;
#454 = DIRECTION ( 'NONE',  ( 0.000000000000000000, -1.000000000000000000, 0.000000000000000000 ) ) ;
#455 = CARTESIAN_POINT ( 'NONE',  ( -4.839343276956334705, 37.41232561196844131, 13.13709814253309283 ) ) ;
#456 = CARTESIAN_POINT ( 'NONE',  ( 4.865803874062690326, 23.34643366512457519, -12.39365093232150095 ) ) ;
#457 = CARTESIAN_POINT ( 'NONE',  ( 0.3755329699837073876, 39.98881626106745557, -13.99527692927711264 ) ) ;
#458 = CARTESIAN_POINT ( 'NONE',  ( -3.815211616740840306, 21.26800626748579504, 12.83115048317223206 ) ) ;
#459 = CARTESIAN_POINT ( 'NONE',  ( 13.39468406165119241, 38.92382199094226536, 2.330286194788240284 ) ) ;
#460 = CARTESIAN_POINT ( 'NONE',  ( -4.676954909390454773, 36.26999091336918468, 12.48133742606169960 ) ) ;
#461 = AXIS2_PLACEMENT_3D ( 'NONE', #6438, #1281, #3029 ) ;
#462 = CARTESIAN_POINT ( 'NONE',  ( -13.24262678785746061, 38.89451793110404054, 2.385091477179219321 ) ) ;
#463 = CARTESIAN_POINT ( 'NONE',  ( 13.44333621266149414, 38.06484338716743565, -3.910619973085247558 ) ) ;
#464 = CARTESIAN_POINT ( 'NONE',  ( 13.36466600248812497, 20.16055031849086987, 2.484329570066219350 ) ) ;
#465 = CARTESIAN_POINT ( 'NONE',  ( -4.686389991307220448, 21.36368608662187896, -13.19245092321893509 ) ) ;
#466 = CARTESIAN_POINT ( 'NONE',  ( 12.57669683062197663, 24.50000000000000000, 5.000000000000000000 ) ) ;
#467 = CARTESIAN_POINT ( 'NONE',  ( 12.98793080010012702, 37.61259508895076920, 3.913866595613390231 ) ) ;
#468 =( NAMED_UNIT ( * ) PLANE_ANGLE_UNIT ( ) SI_UNIT ( $, .RADIAN. ) );
#469 = CARTESIAN_POINT ( 'NONE',  ( 2.231973047200454197, 38.98632650780229625, 11.94721069196017815 ) ) ;
#470 = ORIENTED_EDGE ( 'NONE', *, *, #7044, .T. ) ;
#471 = CARTESIAN_POINT ( 'NONE',  ( 2.724794791999412880, 38.69240731018201984, -13.16309275360147879 ) ) ;
#472 = CARTESIAN_POINT ( 'NONE',  ( 4.645523755975101032, 36.35088777233253410, -12.49554036372535215 ) ) ;
#473 = CARTESIAN_POINT ( 'NONE',  ( -1.614915759334829781, 19.76726197324116185, 13.38289089555150824 ) ) ;
#474 = CARTESIAN_POINT ( 'NONE',  ( 13.01012327912812694, 23.13371287726850056, 5.170806227080822381 ) ) ;
#475 = CARTESIAN_POINT ( 'NONE',  ( 7.448286749825470565, 7.510287340381312404, -9.600057399539755565 ) ) ;
#476 = CARTESIAN_POINT ( 'NONE',  ( -12.38396570382938222, 23.43579399587169831, 4.886122869753433129 ) ) ;
#477 = CARTESIAN_POINT ( 'NONE',  ( -12.61780855713348082, 36.94113133445880948, 4.363776925323191946 ) ) ;
#478 = CARTESIAN_POINT ( 'NONE',  ( -12.84361010163817163, 35.68066097364211231, 5.571543963430120705 ) ) ;
#479 = DIRECTION ( 'NONE',  ( 0.000000000000000000, 0.000000000000000000, -1.000000000000000000 ) ) ;
#480 = ORIENTED_EDGE ( 'NONE', *, *, #1334, .F. ) ;
#481 = VECTOR ( 'NONE', #5062, 1000.000000000000000 ) ;
#482 = CARTESIAN_POINT ( 'NONE',  ( -4.590981638777799745, 12.43557717472160995, -13.22732125183043550 ) ) ;
#483 = CARTESIAN_POINT ( 'NONE',  ( 13.44303055766123478, 38.06242046174899230, 3.910065591505454741 ) ) ;
#484 = CARTESIAN_POINT ( 'NONE',  ( -12.84358237230045852, 35.68036163323269250, 5.571607621624071527 ) ) ;
#485 = CARTESIAN_POINT ( 'NONE',  ( -12.42872420026321656, 23.07019886373292650, -4.791252955413114023 ) ) ;
#486 = CARTESIAN_POINT ( 'NONE',  ( 4.191937188881241561, 21.77447711823870691, -12.68809945276672124 ) ) ;
#487 = CARTESIAN_POINT ( 'NONE',  ( 4.632729916779052104, 21.29040094083600465, 13.21140705271405125 ) ) ;
#488 = CARTESIAN_POINT ( 'NONE',  ( 18.50000000000000000, 3.499999999999984901, 0.000000000000000000 ) ) ;
#489 = CARTESIAN_POINT ( 'NONE',  ( -4.286517685944740919, 38.12941487504222948, 13.32778963560509666 ) ) ;
#490 = CARTESIAN_POINT ( 'NONE',  ( 4.239045969329539254, 21.84723125228979512, -12.66922898022114374 ) ) ;
#491 = DIRECTION ( 'NONE',  ( 1.000000000000000000, 2.602085213965210149E-16, 0.000000000000000000 ) ) ;
#492 = VECTOR ( 'NONE', #4705, 1000.000000000000000 ) ;
#493 = CARTESIAN_POINT ( 'NONE',  ( -13.96905171694893433, 39.92635007605048258, 0.9350436090806842904 ) ) ;
#494 = CARTESIAN_POINT ( 'NONE',  ( -0.8997072180977977451, 19.58090780265352748, 13.46397707462106652 ) ) ;
#495 = CARTESIAN_POINT ( 'NONE',  ( 13.10727143139387607, 38.04307402216920053, 3.527978911996023648 ) ) ;
#496 = CARTESIAN_POINT ( 'NONE',  ( -4.399362820462335399, 36.87607233113686789, 12.60282627245509524 ) ) ;
#497 = CARTESIAN_POINT ( 'NONE',  ( 2.074142272177530888, 39.05023444236059049, 13.30606350558343820 ) ) ;
#498 = CIRCLE ( 'NONE', #2470, 2.250000000000015987 ) ;
#499 = CARTESIAN_POINT ( 'NONE',  ( -13.03869228914856393, 38.35774922571752654, 3.180847313964184409 ) ) ;
#500 = CARTESIAN_POINT ( 'NONE',  ( 7.249676243227701100, 8.484897625859392889, 9.750910596835568711 ) ) ;
#501 = CARTESIAN_POINT ( 'NONE',  ( 13.53731409827290477, 19.69279609614227056, 1.377577071631044037 ) ) ;
#502 = CARTESIAN_POINT ( 'NONE',  ( -4.757645877684610447, 22.96167395099261910, -12.44434331412345074 ) ) ;
#503 = CARTESIAN_POINT ( 'NONE',  ( 2.534690903196556544, 19.57210461988963957, -13.76890250540220251 ) ) ;
#504 = CARTESIAN_POINT ( 'NONE',  ( 12.68901351627346408, 22.87576653957651018, 4.731651128555889763 ) ) ;
#505 = CARTESIAN_POINT ( 'NONE',  ( 13.60873565678211605, 39.48946359087086222, 0.3346638630660285219 ) ) ;
#506 = CARTESIAN_POINT ( 'NONE',  ( 13.61469021172280769, 20.36349095336770532, -3.275429913626488165 ) ) ;
#507 = ADVANCED_FACE ( 'NONE', ( #6960 ), #7168, .T. ) ;
#508 = ORIENTED_EDGE ( 'NONE', *, *, #4999, .T. ) ;
#509 = CARTESIAN_POINT ( 'NONE',  ( 2.662901581334810697, 38.73225974468534361, -13.17848589098901257 ) ) ;
#510 = CARTESIAN_POINT ( 'NONE',  ( -4.908007728350669119, 37.30238675200408238, -13.11152636582907682 ) ) ;
#511 = CARTESIAN_POINT ( 'NONE',  ( -3.961391167708282701, 21.44813080062941069, 12.77752299314135165 ) ) ;
#512 = CARTESIAN_POINT ( 'NONE',  ( 13.61430884522278539, 20.36847950034497501, 3.263716100692813704 ) ) ;
#513 = EDGE_CURVE ( 'NONE', #6912, #2973, #1277, .T. ) ;
#514 = CARTESIAN_POINT ( 'NONE',  ( -12.78545144272254142, 34.68380381776611898, -5.703697540710726877 ) ) ;
#515 = CARTESIAN_POINT ( 'NONE',  ( -12.39260856760610707, 23.35572582149749365, 4.867996716262327439 ) ) ;
#516 = CARTESIAN_POINT ( 'NONE',  ( 12.71444811654762042, 36.29215340216316577, -4.668102480980811819 ) ) ;
#517 = CARTESIAN_POINT ( 'NONE',  ( -12.46225512917103728, 22.84618619533171469, 4.718749163068410191 ) ) ;
#518 = ORIENTED_EDGE ( 'NONE', *, *, #2372, .F. ) ;
#519 = CARTESIAN_POINT ( 'NONE',  ( 12.61218256799696213, 23.59166880699157787, 4.916978700934665270 ) ) ;
#520 = CARTESIAN_POINT ( 'NONE',  ( 5.000000000000002665, 24.33483624810560997, 12.32882838140000814 ) ) ;
#521 = EDGE_CURVE ( 'NONE', #3378, #4844, #1442, .T. ) ;
#522 = CARTESIAN_POINT ( 'NONE',  ( 1.304164583082640938, 19.14264016557746118, 13.94034954707620422 ) ) ;
#523 = CARTESIAN_POINT ( 'NONE',  ( 13.82280712558436164, 39.24143593865246515, 2.226309217073267455 ) ) ;
#524 = CARTESIAN_POINT ( 'NONE',  ( -13.42300906434767782, 39.32566259632099559, -1.309464140770318918 ) ) ;
#525 = CARTESIAN_POINT ( 'NONE',  ( 5.553121606394163301, 35.75870148710846053, -12.85159385794370834 ) ) ;
#526 = CARTESIAN_POINT ( 'NONE',  ( -12.69519241595428305, 21.74739444449379988, -4.174120316762317096 ) ) ;
#527 = CARTESIAN_POINT ( 'NONE',  ( -5.608628890089605967, 23.49892073961222749, 12.82744570394588024 ) ) ;
#528 = DIRECTION ( 'NONE',  ( 0.000000000000000000, -1.000000000000000000, 0.000000000000000000 ) ) ;
#529 = CARTESIAN_POINT ( 'NONE',  ( -3.768347205850518744, 38.63248035904259581, 13.48411256774210898 ) ) ;
#530 = FACE_OUTER_BOUND ( 'NONE', #368, .T. ) ;
#531 = CARTESIAN_POINT ( 'NONE',  ( 5.628941324146481406, 35.40579143193893685, -12.81860522275649394 ) ) ;
#532 = CARTESIAN_POINT ( 'NONE',  ( 1.659605232274925513, 19.78221869648801601, 13.37646957861608321 ) ) ;
#533 = CARTESIAN_POINT ( 'NONE',  ( 13.58616585654010755, 39.43249406156380132, 0.8229570500060100491 ) ) ;
#534 = LINE ( 'NONE', #3814, #1163 ) ;
#535 = CARTESIAN_POINT ( 'NONE',  ( -1.027468082397430704, 39.39346618586257165, 13.45268050123681292 ) ) ;
#536 = EDGE_LOOP ( 'NONE', ( #233, #1294, #6370, #1487 ) ) ;
#537 = CARTESIAN_POINT ( 'NONE',  ( -13.23176100205419203, 38.86738792311625446, 2.434399678991215676 ) ) ;
#538 = CARTESIAN_POINT ( 'NONE',  ( 12.93429965475706034, 34.84676519277962115, -5.357601370105152583 ) ) ;
#539 = CARTESIAN_POINT ( 'NONE',  ( -0.1953067770656641555, 19.00248125645648400, -13.99895140326644238 ) ) ;
#540 = CARTESIAN_POINT ( 'NONE',  ( 12.87647970066205083, 21.84787073563761695, 4.239443592649582371 ) ) ;
#541 = CARTESIAN_POINT ( 'NONE',  ( 13.45908283878155309, 39.10036923557191102, -1.959160181339089757 ) ) ;
#542 = CARTESIAN_POINT ( 'NONE',  ( 13.29127539966545157, 21.52407087897010740, 4.398257085592354620 ) ) ;
#543 = ORIENTED_EDGE ( 'NONE', *, *, #3249, .F. ) ;
#544 = CARTESIAN_POINT ( 'NONE',  ( 1.911454544413220713, 39.12025157038612377, -13.33527210753060110 ) ) ;
#545 = CARTESIAN_POINT ( 'NONE',  ( -5.684716586081250966, 34.95761030577937589, -12.79390887205411964 ) ) ;
#546 = CARTESIAN_POINT ( 'NONE',  ( -1.846618629337088535, 19.85276152017681994, 13.34657716478095679 ) ) ;
#547 = CARTESIAN_POINT ( 'NONE',  ( 13.46056061510685709, 20.87558149380275196, 3.849334241029084502 ) ) ;
#548 = CARTESIAN_POINT ( 'NONE',  ( -12.98747719068706274, 36.70186355746621132, -5.227517382448652050 ) ) ;
#549 = CARTESIAN_POINT ( 'NONE',  ( -13.44254448012603831, 19.62952445556073044, -1.142580959466426016 ) ) ;
#550 = CARTESIAN_POINT ( 'NONE',  ( -12.32882846293112422, 34.49999999999999289, 5.000000000000000888 ) ) ;
#551 = ORIENTED_EDGE ( 'NONE', *, *, #7227, .F. ) ;
#552 = CARTESIAN_POINT ( 'NONE',  ( 5.571999700835975844, 23.32143849497101584, -12.84341191387410674 ) ) ;
#553 = LINE ( 'NONE', #5122, #2742 ) ;
#554 = CARTESIAN_POINT ( 'NONE',  ( 7.499999999999994671, 4.999999999999997335, -11.82159041753689088 ) ) ;
#555 = CARTESIAN_POINT ( 'NONE',  ( 13.69383206404363840, 38.87293057670147078, 2.912110216443919430 ) ) ;
#556 = CARTESIAN_POINT ( 'NONE',  ( -12.77667996410932005, 37.54896656852454129, -3.963644716955033065 ) ) ;
#557 = CARTESIAN_POINT ( 'NONE',  ( -12.13641869330564482, 39.46725702586581974, 0.6591452304916375349 ) ) ;
#558 = CARTESIAN_POINT ( 'NONE',  ( 3.904491433386110710, 38.51320875408566735, -13.44519813101696215 ) ) ;
#559 = CARTESIAN_POINT ( 'NONE',  ( -13.36589894169659409, 19.80705446703971617, -1.728604064117126971 ) ) ;
#560 = ADVANCED_FACE ( 'NONE', ( #4539, #6246 ), #575, .T. ) ;
#561 = CARTESIAN_POINT ( 'NONE',  ( -4.161640446266040350, 20.73787256285864444, 13.36730899654235394 ) ) ;
#562 = CARTESIAN_POINT ( 'NONE',  ( 4.480983187410993551, 22.27573056263769757, -11.29381041414359288 ) ) ;
#563 = CARTESIAN_POINT ( 'NONE',  ( 12.57669683062198906, 24.49999999999998224, 5.000000000000000000 ) ) ;
#564 = CARTESIAN_POINT ( 'NONE',  ( -3.217941368346776354, 39.04129081328978401, 13.62521335860814808 ) ) ;
#565 = CARTESIAN_POINT ( 'NONE',  ( 4.232370933637125354, 37.16273978116824139, 12.67188722123805178 ) ) ;
#566 = CARTESIAN_POINT ( 'NONE',  ( -13.21135521839007509, 21.29059665803756118, 4.632874943525669309 ) ) ;
#567 = CARTESIAN_POINT ( 'NONE',  ( -1.942315636638978660, 19.89263052551570965, 13.32987769278923196 ) ) ;
#568 = CARTESIAN_POINT ( 'NONE',  ( 12.81779905190161095, 36.87492264146504084, 4.399983560780248659 ) ) ;
#569 = DIRECTION ( 'NONE',  ( -0.000000000000000000, -0.000000000000000000, 1.000000000000000000 ) ) ;
#570 = B_SPLINE_CURVE_WITH_KNOTS ( 'NONE', 3,
 ( #188, #2970, #3079, #1332, #1261, #1933, #810, #2518, #6516, #4821, #7090, #2448, #231, #5926, #6452, #4211, #6979, #1967, #1899, #3609, #4139, #5307, #5229, #1367, #5963, #113, #4244, #710, #5821, #3531, #3007, #1825, #5270, #6939, #1402, #6487, #5895, #154, #2482, #2412, #4750, #780, #4102, #2371, #7015, #6379, #3643, #1864, #6414, #1296, #3571, #5860, #748, #4176, #3042, #4787, #2548, #6110, #1439, #954, #3221, #1546, #5510, #299, #7228, #4854, #992, #7123, #6145, #4356, #4282, #6628, #4321, #2696, #4964, #370, #6033, #2107, #2002, #1473, #3118, #5000, #6591, #5409, #6663, #3717, #3260, #5546, #4433, #7264, #2145, #2620, #404, #3827, #1507, #4393, #4890, #6701, #7192, #3789, #3752, #3186, #6554, #1583, #3865, #5999, #880, #3152, #5441, #332, #915, #2581, #5474, #6069, #2658, #2850, #6815, #3335, #5692, #6181, #6218, #1694, #2734, #4622, #544, #4050, #31, #7299, #5621, #3443, #1062, #1730, #1174, #4466, #5149, #509, #471, #4012, #6737, #6254, #1135, #6849, #3408, #5581, #2289, #5040, #6289, #2177, #1024, #7376, #1620, #2253, #5078, #620, #4585, #5658, #3943, #5732, #3903, #6773, #3296, #2883, #7338, #2774, #5184, #2213, #4506, #65, #3978, #2324, #1656, #6885, #1101, #3370, #1768, #2809, #5113, #4549, #583, #181, #4702, #1817, #5331, #5220, #5364, #2999, #4092, #2919, #6371, #6408, #804, #1216, #4743, #4202, #2961, #1924, #1892, #5811, #698, #6444, #5888, #1359, #1251, #145, #6970, #1289, #3522, #6478, #2440, #2364, #3035 ),
 .UNSPECIFIED., .F., .F.,
 ( 4, 2, 2, 1, 2, 2, 1, 1, 2, 2, 2, 1, 2, 2, 2, 1, 1, 2, 2, 2, 1, 1, 2, 2, 2, 1, 1, 1, 2, 2, 2, 1, 2, 2, 1, 1, 2, 2, 2, 1, 1, 1, 2, 2, 2, 1, 1, 2, 2, 2, 1, 2, 2, 2, 1, 2, 2, 1, 2, 2, 1, 2, 2, 2, 2, 2, 2, 2, 2, 1, 2, 2, 1, 1, 2, 2, 2, 1, 2, 2, 2, 1, 1, 2, 2, 2, 1, 1, 2, 2, 1, 1, 1, 2, 2, 2, 1, 2, 2, 2, 1, 1, 2, 2, 2, 1, 1, 2, 2, 2, 1, 1, 2, 2, 2, 1, 2, 2, 2, 2, 2, 1, 2, 2, 2, 2, 4 ),
 ( 0.000000000000000000, 0.01562499999999315131, 0.03124999999998630262, 0.04687499999997945394, 0.05468749999997538080, 0.06249999999997130073, 0.07812499999996445899, 0.08593749999996168343, 0.08984374999996026789, 0.09374999999995886624, 0.1093749999999544670, 0.1171874999999516914, 0.1210937499999497485, 0.1249999999999478195, 0.1406249999999398814, 0.1484374999999359401, 0.1523437499999339140, 0.1542968749999328315, 0.1562499999999317490, 0.1718749999999313605, 0.1796874999999311662, 0.1835937499999305833, 0.1855468749999307221, 0.1874999999999308609, 0.2031249999999372446, 0.2109374999999399369, 0.2148437499999412692, 0.2167968749999423794, 0.2177734374999424904, 0.2187499999999425737, 0.2265624999999411859, 0.2304687499999404920, 0.2324218749999397149, 0.2343749999999389100, 0.2421874999999345246, 0.2460937499999327760, 0.2480468749999319156, 0.2499999999999310552, 0.2656249999999281131, 0.2734374999999266143, 0.2773437499999262812, 0.2792968749999261147, 0.2802734374999263922, 0.2812499999999266698, 0.2968749999999363287, 0.3046874999999411582, 0.3085937499999432121, 0.3105468749999446554, 0.3124999999999460432, 0.3281249999999567568, 0.3359374999999617528, 0.3398437499999643063, 0.3437499999999668043, 0.3593749999999750755, 0.3671874999999793499, 0.3710937499999811817, 0.3749999999999830136, 0.3906249999999888978, 0.3984374999999920619, 0.4062499999999952260, 0.4218750000000016098, 0.4296875000000049405, 0.4375000000000082712, 0.4531250000000148770, 0.4687500000000214828, 0.5000000000000347500, 0.5312500000000480727, 0.5468750000000547340, 0.5625000000000613953, 0.5781250000000681677, 0.5859375000000712763, 0.5937500000000743849, 0.6093750000000807132, 0.6171875000000840439, 0.6210937500000858202, 0.6250000000000874856, 0.6406250000000958122, 0.6484375000000999201, 0.6523437500001016964, 0.6562500000001033618, 0.6718750000001105782, 0.6796875000001143530, 0.6835937500001161293, 0.6855468750001170175, 0.6875000000001180167, 0.7031250000001199041, 0.7109375000001204592, 0.7148437500001211253, 0.7167968750001210143, 0.7187500000001209033, 0.7265625000001217915, 0.7304687500001216804, 0.7324218750001215694, 0.7333984375001215694, 0.7343750000001214584, 0.7421875000001179057, 0.7460937500001161293, 0.7480468750001157963, 0.7500000000001153522, 0.7656250000001103562, 0.7734375000001073586, 0.7773437500001059153, 0.7792968750001046940, 0.7812500000001034728, 0.7968750000000909273, 0.8046875000000851541, 0.8085937500000822675, 0.8105468750000807132, 0.8125000000000791589, 0.8281250000000621725, 0.8359375000000540679, 0.8398437500000505151, 0.8417968750000495159, 0.8437500000000484057, 0.8593750000000447420, 0.8671875000000429656, 0.8710937500000420775, 0.8750000000000410783, 0.8906250000000360822, 0.8984375000000335287, 0.9062500000000309752, 0.9218750000000259792, 0.9296875000000236478, 0.9375000000000212053, 0.9531250000000162093, 0.9687500000000112133, 1.000000000000000000 ),
 .UNSPECIFIED. ) ;
#571 = CARTESIAN_POINT ( 'NONE',  ( 3.236979588150678211, 38.31098803232406880, 13.02201317247597601 ) ) ;
#572 = AXIS2_PLACEMENT_3D ( 'NONE', #6799, #4456, #1050 ) ;
#573 = ORIENTED_EDGE ( 'NONE', *, *, #5702, .F. ) ;
#574 = CARTESIAN_POINT ( 'NONE',  ( -13.49648408309568381, 39.49216620050415827, 0.3255932167246962661 ) ) ;
#575 = CYLINDRICAL_SURFACE ( 'NONE', #619, 14.00000000000000000 ) ;
#576 = CIRCLE ( 'NONE', #4269, 1.499999999999984013 ) ;
#577 = CARTESIAN_POINT ( 'NONE',  ( 13.29331237434491975, 20.36744413501789097, 2.814671746411347542 ) ) ;
#578 = CARTESIAN_POINT ( 'NONE',  ( 5.691821390612635589, 24.13355947988194572, -12.79074651076272851 ) ) ;
#579 = CARTESIAN_POINT ( 'NONE',  ( 12.57669681551365670, 24.41655933727845351, 4.999999712159389986 ) ) ;
#580 = CARTESIAN_POINT ( 'NONE',  ( 13.03822895539698656, 37.80057407550223303, -3.756691287007057678 ) ) ;
#581 = CARTESIAN_POINT ( 'NONE',  ( 12.93429922887929528, 24.50000000000001421, 5.357602398257307108 ) ) ;
#582 = ORIENTED_EDGE ( 'NONE', *, *, #1734, .T. ) ;
#583 = CARTESIAN_POINT ( 'NONE',  ( 4.201821230821760622, 37.21150148955853609, -12.68425347629640854 ) ) ;
#584 = CARTESIAN_POINT ( 'NONE',  ( -1.769697180907786382, 39.17706511914929735, -13.35918727205276291 ) ) ;
#585 = CARTESIAN_POINT ( 'NONE',  ( -4.997906189854692371, 24.33309210315398374, 12.32985669532617834 ) ) ;
#586 = CARTESIAN_POINT ( 'NONE',  ( 13.29112398735040657, 21.52472368189819463, 4.398709034655636785 ) ) ;
#587 = CIRCLE ( 'NONE', #5363, 24.00000000000000355 ) ;
#588 = ORIENTED_EDGE ( 'NONE', *, *, #4245, .F. ) ;
#589 = CARTESIAN_POINT ( 'NONE',  ( -12.85219483607878033, 21.19925405060614310, -3.756537396704783038 ) ) ;
#590 = DIRECTION ( 'NONE',  ( -0.000000000000000000, -0.000000000000000000, 1.000000000000000000 ) ) ;
#591 = ORIENTED_EDGE ( 'NONE', *, *, #6080, .F. ) ;
#592 = CARTESIAN_POINT ( 'NONE',  ( 12.79089627680068197, 22.26219460284752572, 4.471607620203810640 ) ) ;
#593 = CARTESIAN_POINT ( 'NONE',  ( 4.991809502322574588, 24.16905293588013492, 12.33285904097949626 ) ) ;
#594 = CARTESIAN_POINT ( 'NONE',  ( -13.08422580486368325, 21.81804585745695135, 4.980485467394929699 ) ) ;
#595 = CARTESIAN_POINT ( 'NONE',  ( 13.04980949681216273, 36.19228154066973957, -5.070061086812938989 ) ) ;
#596 = CARTESIAN_POINT ( 'NONE',  ( -13.49898907600389464, 39.49774474607261965, -0.1712105040747577134 ) ) ;
#597 = CARTESIAN_POINT ( 'NONE',  ( -11.76349821955085240, 38.47315049080889082, 3.052720180829592511 ) ) ;
#598 = AXIS2_PLACEMENT_3D ( 'NONE', #6964, #6364, #652 ) ;
#599 = CARTESIAN_POINT ( 'NONE',  ( -1.027590024168333782, 39.91075805879662397, -13.96254142991348957 ) ) ;
#600 = CARTESIAN_POINT ( 'NONE',  ( -13.20832448879433052, 20.19159499052236839, -2.537575904262610038 ) ) ;
#601 = AXIS2_PLACEMENT_3D ( 'NONE', #1664, #5086, #2784 ) ;
#602 = CARTESIAN_POINT ( 'NONE',  ( 4.991646442905432579, 24.16742127044031108, 12.33293925967240057 ) ) ;
#603 = CARTESIAN_POINT ( 'NONE',  ( 7.499999999999990230, 3.499999999999982236, 19.84313483298444325 ) ) ;
#604 = CARTESIAN_POINT ( 'NONE',  ( 3.332515343651855311, 38.96714343879206410, 13.59850346710445734 ) ) ;
#605 = CARTESIAN_POINT ( 'NONE',  ( -5.227517382448707117, 36.70186355746622553, 12.98747719068704498 ) ) ;
#606 = DIRECTION ( 'NONE',  ( 0.000000000000000000, -8.673617379884041635E-17, 1.000000000000000000 ) ) ;
#607 = CARTESIAN_POINT ( 'NONE',  ( -12.78545152826161768, 24.50000000000001421, 5.703703114510133787 ) ) ;
#608 = CARTESIAN_POINT ( 'NONE',  ( 1.911454544401809397, 19.87974842960910138, 13.33527210753334558 ) ) ;
#609 = CARTESIAN_POINT ( 'NONE',  ( 0.5740952870517016526, 39.46762670294205577, 13.48552889693680967 ) ) ;
#610 = CARTESIAN_POINT ( 'NONE',  ( -13.46981595863742065, 39.43228107793757431, -0.8242388446247823630 ) ) ;
#611 = CARTESIAN_POINT ( 'NONE',  ( -5.332413182200808954, 22.54598260598811521, 12.94474931291080821 ) ) ;
#612 = CARTESIAN_POINT ( 'NONE',  ( 13.11329455785599230, 20.93643833840807389, -3.507315191025734080 ) ) ;
#613 = CARTESIAN_POINT ( 'NONE',  ( 4.682389296490485187, 21.35813888288909723, -13.19387144847084059 ) ) ;
#614 = CARTESIAN_POINT ( 'NONE',  ( 12.93429922887929528, 24.50000000000001421, 5.357602398257307108 ) ) ;
#615 = CARTESIAN_POINT ( 'NONE',  ( 13.61295163221495130, 39.50004540071319781, -0.03527815285100981829 ) ) ;
#616 = CARTESIAN_POINT ( 'NONE',  ( 12.04174882368335453, 39.23108761625775998, 1.626030820950574496 ) ) ;
#617 = CARTESIAN_POINT ( 'NONE',  ( 13.98644630222980290, 19.32469005335904910, 0.7061590029167680305 ) ) ;
#618 = VERTEX_POINT ( 'NONE', #6876 ) ;
#619 = AXIS2_PLACEMENT_3D ( 'NONE', #2843, #5175, #4613 ) ;
#620 = CARTESIAN_POINT ( 'NONE',  ( 3.353641160800157284, 38.20851995851107574, -12.98619512350984806 ) ) ;
#621 = CARTESIAN_POINT ( 'NONE',  ( -2.509765903596087089, 38.82753481683850083, -13.21567769546503612 ) ) ;
#622 = CARTESIAN_POINT ( 'NONE',  ( 8.650774836390002763E-15, 14.00000000000000000, 12.15000000000000036 ) ) ;
#623 = CARTESIAN_POINT ( 'NONE',  ( 12.93429922887929528, 24.50000000000000711, 5.357602398257307108 ) ) ;
#624 = CARTESIAN_POINT ( 'NONE',  ( -12.99383504092420338, 20.76934115238631406, -3.329240443822290896 ) ) ;
#625 = CARTESIAN_POINT ( 'NONE',  ( -7.499999999999991118, 6.500000000000012434, 11.82159041753689444 ) ) ;
#626 = VERTEX_POINT ( 'NONE', #5139 ) ;
#627 = CARTESIAN_POINT ( 'NONE',  ( 12.95165662587735511, 21.53051443743838078, 4.022718786622260900 ) ) ;
#628 = CARTESIAN_POINT ( 'NONE',  ( -7.499999999999991118, 4.999999999999997335, 11.82159041753689444 ) ) ;
#629 = CARTESIAN_POINT ( 'NONE',  ( 3.675245137617695779, 21.10969007501356032, -12.88048916269753974 ) ) ;
#630 = CARTESIAN_POINT ( 'NONE',  ( -13.38654822533802502, 20.67484212788998832, 4.099381769780369389 ) ) ;
#631 = CARTESIAN_POINT ( 'NONE',  ( 12.97423080294206699, 35.48991318307584208, -5.260173473986466064 ) ) ;
#632 = CARTESIAN_POINT ( 'NONE',  ( -12.72129217169056403, 37.35119471416602721, -4.108199442731410578 ) ) ;
#633 = CARTESIAN_POINT ( 'NONE',  ( -24.00000000000000355, 24.50000000000000000, 5.000000000000000000 ) ) ;
#634 = CARTESIAN_POINT ( 'NONE',  ( 3.481827840604009960, 38.85721730362424609, -13.56033757806795315 ) ) ;
#635 = CARTESIAN_POINT ( 'NONE',  ( -5.599782199576267772, 23.45388623802148942, 12.83131109016825633 ) ) ;
#636 = CARTESIAN_POINT ( 'NONE',  ( 13.02354128964992697, 23.01950235219539209, -5.136882775377932475 ) ) ;
#637 = CARTESIAN_POINT ( 'NONE',  ( 2.866630205061135861, 39.25823194839050245, 13.70437896336303574 ) ) ;
#638 = CARTESIAN_POINT ( 'NONE',  ( 2.366058347551265761, 39.50525745218419615, 13.79888044465191932 ) ) ;
#639 = EDGE_CURVE ( 'NONE', #5536, #3569, #6841, .T. ) ;
#640 = CARTESIAN_POINT ( 'NONE',  ( 4.908659418199211366, 35.45220075742872012, 12.37316557604397715 ) ) ;
#641 = CARTESIAN_POINT ( 'NONE',  ( 7.092525009203753505, 8.951071953716610352, 12.07076505376874742 ) ) ;
#642 = CARTESIAN_POINT ( 'NONE',  ( 3.144364604770808924, 20.61244395044274214, 13.04939739921515418 ) ) ;
#643 = DIRECTION ( 'NONE',  ( 0.000000000000000000, 0.000000000000000000, -1.000000000000000000 ) ) ;
#644 = CARTESIAN_POINT ( 'NONE',  ( 1.301616152408246574, 39.33039401446479388, 13.42498538109131445 ) ) ;
#645 = ORIENTED_EDGE ( 'NONE', *, *, #7253, .F. ) ;
#646 = ADVANCED_FACE ( 'NONE', ( #4041 ), #826, .F. ) ;
#647 = CARTESIAN_POINT ( 'NONE',  ( -13.15636920600063320, 38.67490519574539576, -2.751414200997061243 ) ) ;
#648 = CARTESIAN_POINT ( 'NONE',  ( 4.492068604572359443E-13, 19.00000044620896134, 13.99999999864343359 ) ) ;
#649 = CARTESIAN_POINT ( 'NONE',  ( 13.32756582998301553, 20.26694039391753677, -2.661631963987005189 ) ) ;
#650 = DIRECTION ( 'NONE',  ( 1.206107350727848108E-16, 0.000000000000000000, -1.000000000000000000 ) ) ;
#651 = CARTESIAN_POINT ( 'NONE',  ( -4.757387328505478408, 22.95918879032697646, -12.44448618836000264 ) ) ;
#652 = DIRECTION ( 'NONE',  ( 0.000000000000000000, 0.000000000000000000, 1.000000000000000000 ) ) ;
#653 = CARTESIAN_POINT ( 'NONE',  ( 13.36054604212864483, 38.82827330025170198, -2.508499090564386691 ) ) ;
#654 = CARTESIAN_POINT ( 'NONE',  ( 13.01971112306128298, 37.73214933111327696, -3.815080399488491203 ) ) ;
#655 = CARTESIAN_POINT ( 'NONE',  ( 12.96310737290252924, 35.35629446822839128, 5.287649552470253589 ) ) ;
#656 = CARTESIAN_POINT ( 'NONE',  ( 13.54619911203752380, 20.57928504137683134, -3.544719518399310321 ) ) ;
#657 = ORIENTED_EDGE ( 'NONE', *, *, #1930, .F. ) ;
#658 = CARTESIAN_POINT ( 'NONE',  ( 7.499999999999991118, 3.499999999999982236, 13.56465996626678461 ) ) ;
#659 = CARTESIAN_POINT ( 'NONE',  ( 3.963644716955024627, 37.54896656852456971, -12.77667996410927920 ) ) ;
#660 = CARTESIAN_POINT ( 'NONE',  ( -3.970706697480628655, 21.44394767546732794, -11.48447783692755486 ) ) ;
#661 = CARTESIAN_POINT ( 'NONE',  ( 12.83024577569590718, 22.06295853513839234, -4.366624744981721484 ) ) ;
#662 = CARTESIAN_POINT ( 'NONE',  ( -13.44519813101695860, 38.51320875408563182, -3.904491433386112931 ) ) ;
#663 = CARTESIAN_POINT ( 'NONE',  ( -13.30582717154894290, 19.95008356872576627, 2.079598625401977596 ) ) ;
#664 = LINE ( 'NONE', #5776, #3304 ) ;
#665 = ORIENTED_EDGE ( 'NONE', *, *, #7270, .T. ) ;
#666 = CARTESIAN_POINT ( 'NONE',  ( 13.01971112307029799, 21.26785066885135222, 3.815080399458508520 ) ) ;
#667 = CARTESIAN_POINT ( 'NONE',  ( 4.339379587511346337, 22.01555816802757448, 12.62800428900637684 ) ) ;
#668 = CARTESIAN_POINT ( 'NONE',  ( 4.966877844263182240, 23.91959182082131363, -12.34502123843516408 ) ) ;
#669 = ORIENTED_EDGE ( 'NONE', *, *, #924, .F. ) ;
#670 = FACE_BOUND ( 'NONE', #1827, .T. ) ;
#671 = CARTESIAN_POINT ( 'NONE',  ( 13.78287731783244396, 39.12998170889883198, -2.457315414106310936 ) ) ;
#672 = CARTESIAN_POINT ( 'NONE',  ( -13.18168814367908936, 38.74057102649938145, -2.650315789200182071 ) ) ;
#673 = CARTESIAN_POINT ( 'NONE',  ( -12.01990309680008728, 39.17535352545322525, -1.779757956189329748 ) ) ;
#674 = CARTESIAN_POINT ( 'NONE',  ( 2.029858609477905418, 39.64302891737843026, -13.85314853604837459 ) ) ;
#675 = CARTESIAN_POINT ( 'NONE',  ( -13.41347779378254579, 19.69629182498543329, 1.387849626097157785 ) ) ;
#676 = CARTESIAN_POINT ( 'NONE',  ( -3.549106390198398575, 20.19354851404206386, 13.54287147602694219 ) ) ;
#677 = CARTESIAN_POINT ( 'NONE',  ( 18.50000000000000000, 3.499999999999984901, 1.750000000000000000 ) ) ;
#678 = CARTESIAN_POINT ( 'NONE',  ( -5.703703114510191519, 24.50000000000001421, -12.78545152826159637 ) ) ;
#679 = CARTESIAN_POINT ( 'NONE',  ( 4.161640446266046567, 38.26212743714135200, 13.36730899654235394 ) ) ;
#680 = CARTESIAN_POINT ( 'NONE',  ( 3.910139247181129818, 37.61635635800293187, 12.79650896793167369 ) ) ;
#681 = CARTESIAN_POINT ( 'NONE',  ( 12.98259894866261455, 37.59170723914138534, 3.929913264076509982 ) ) ;
#682 = CARTESIAN_POINT ( 'NONE',  ( 7.499999999999994671, 4.999999999999997335, -11.82159041753689088 ) ) ;
#683 = CARTESIAN_POINT ( 'NONE',  ( 4.480269576915463681, 36.72569880190032166, 12.56861858690737854 ) ) ;
#684 = ORIENTED_EDGE ( 'NONE', *, *, #5280, .T. ) ;
#685 = EDGE_CURVE ( 'NONE', #2323, #3155, #2930, .T. ) ;
#686 = CARTESIAN_POINT ( 'NONE',  ( -12.58367752229679049, 36.79181658430885449, -4.444637833495622026 ) ) ;
#687 = CARTESIAN_POINT ( 'NONE',  ( -2.026099883426029091, 19.35555655227866367, 13.85371262557900884 ) ) ;
#688 = CARTESIAN_POINT ( 'NONE',  ( 13.09358311163006761, 21.00385169487735126, -3.574499795272334524 ) ) ;
#689 = DIRECTION ( 'NONE',  ( 0.000000000000000000, -1.000000000000000000, 0.000000000000000000 ) ) ;
#690 = CARTESIAN_POINT ( 'NONE',  ( -4.442776316276333404, 22.20471917822503016, -12.58446503268414673 ) ) ;
#691 = CARTESIAN_POINT ( 'NONE',  ( 10.14772727272725739, 4.000000000000000000, 21.19607584432427672 ) ) ;
#692 = CARTESIAN_POINT ( 'NONE',  ( 12.62244102356982012, 35.53126644383916499, -4.892668339816880874 ) ) ;
#693 = VECTOR ( 'NONE', #707, 999.9999999999998863 ) ;
#694 = CARTESIAN_POINT ( 'NONE',  ( 12.92691296257927824, 37.36874647995544763, -4.095507842348755645 ) ) ;
#695 = CARTESIAN_POINT ( 'NONE',  ( 11.94796084268723391, 38.98831967779381102, -2.228010771830646330 ) ) ;
#696 = CARTESIAN_POINT ( 'NONE',  ( 12.57669683062199617, 24.49999999999998934, -5.000000000000000000 ) ) ;
#697 = ORIENTED_EDGE ( 'NONE', *, *, #2840, .F. ) ;
#698 = CARTESIAN_POINT ( 'NONE',  ( 4.769245651922232376, 36.00201721379571751, -12.43896763249415471 ) ) ;
#699 = CARTESIAN_POINT ( 'NONE',  ( 1.067859494714878510, 39.38481190454933767, -13.44887353666779184 ) ) ;
#700 = CARTESIAN_POINT ( 'NONE',  ( -1.794436175772522457, 19.83277381407817330, -13.35503419094647626 ) ) ;
#701 = CARTESIAN_POINT ( 'NONE',  ( -7.099588002197372738, 8.966192436960344736, 9.862609850002831635 ) ) ;
#702 = CARTESIAN_POINT ( 'NONE',  ( 13.26854998471310587, 20.44136761408257286, -2.920474326936773668 ) ) ;
#703 = CARTESIAN_POINT ( 'NONE',  ( -13.59763959100849284, 38.96378586108289710, -3.332525600356652351 ) ) ;
#704 = CARTESIAN_POINT ( 'NONE',  ( -13.07747853385278347, 20.53497210765113579, -3.047153119152828271 ) ) ;
#705 = EDGE_CURVE ( 'NONE', #5268, #3720, #4309, .T. ) ;
#706 = CIRCLE ( 'NONE', #1048, 14.99999999999998757 ) ;
#707 = DIRECTION ( 'NONE',  ( 0.3053415646032786590, -0.7071067811865527908, -0.6377825091091903209 ) ) ;
#708 = VERTEX_POINT ( 'NONE', #209 ) ;
#709 = CARTESIAN_POINT ( 'NONE',  ( 12.95405839860700858, 21.52088153630632306, 4.015587053243779181 ) ) ;
#710 = CARTESIAN_POINT ( 'NONE',  ( -4.437617773965972567, 36.80398026193880412, -12.58659725603751589 ) ) ;
#711 = AXIS2_PLACEMENT_3D ( 'NONE', #4602, #719, #4072 ) ;
#712 = ORIENTED_EDGE ( 'NONE', *, *, #6895, .F. ) ;
#713 = DIRECTION ( 'NONE',  ( 0.000000000000000000, 1.000000000000000000, 0.000000000000000000 ) ) ;
#714 = CARTESIAN_POINT ( 'NONE',  ( 13.53813665716878312, 38.38768772377911631, -3.566508221829907122 ) ) ;
#715 = CARTESIAN_POINT ( 'NONE',  ( -13.34657716478097633, 39.14723847982315874, 1.846618629337094530 ) ) ;
#716 = LINE ( 'NONE', #2301, #6553 ) ;
#717 = CARTESIAN_POINT ( 'NONE',  ( -13.41481708062095279, 19.69316005454336604, -1.378850487463925800 ) ) ;
#718 = CARTESIAN_POINT ( 'NONE',  ( 3.810532272350982463, 21.26172592848600473, 12.83293348860772021 ) ) ;
#719 = DIRECTION ( 'NONE',  ( 1.000000000000000000, -0.000000000000000000, -0.000000000000000000 ) ) ;
#720 = VECTOR ( 'NONE', #5427, 1000.000000000000000 ) ;
#721 = CARTESIAN_POINT ( 'NONE',  ( 1.848680070156969002, 39.70623391328820873, 13.87858127568831890 ) ) ;
#722 = CARTESIAN_POINT ( 'NONE',  ( 0.4658398471838580135, 39.98181724076223276, 13.99232828075660962 ) ) ;
#723 = CARTESIAN_POINT ( 'NONE',  ( 4.931326442113870279, 35.32690261348179916, 12.36225651903121658 ) ) ;
#724 = CARTESIAN_POINT ( 'NONE',  ( 7.301031686265505805, 8.233994723488248013, 11.94563959726864155 ) ) ;
#725 = CARTESIAN_POINT ( 'NONE',  ( 12.91035029052857830, 37.29888523046441406, 4.143227891188505652 ) ) ;
#726 = CARTESIAN_POINT ( 'NONE',  ( 3.478209825829468915, 38.09285274116031417, 12.94665238860163647 ) ) ;
#727 = ORIENTED_EDGE ( 'NONE', *, *, #5617, .F. ) ;
#728 = VECTOR ( 'NONE', #4217, 1000.000000000000000 ) ;
#729 = CARTESIAN_POINT ( 'NONE',  ( -13.13155950005516637, 38.61002071738330699, -2.848367512149161840 ) ) ;
#730 = CARTESIAN_POINT ( 'NONE',  ( 13.54483600172629210, 19.67335290410547088, -1.305839026476358633 ) ) ;
#731 = CARTESIAN_POINT ( 'NONE',  ( -3.055594975482214259, 20.52908087909828083, 11.76274370722831364 ) ) ;
#732 = CARTESIAN_POINT ( 'NONE',  ( 5.632798964051841217, 23.63425614176649248, -12.81684968103182420 ) ) ;
#733 = CARTESIAN_POINT ( 'NONE',  ( 4.487221415181266160, 36.72975720070002836, -11.29185231098428233 ) ) ;
#734 = VECTOR ( 'NONE', #1263, 1000.000000000000000 ) ;
#735 = DIRECTION ( 'NONE',  ( -0.000000000000000000, -1.000000000000000000, -0.000000000000000000 ) ) ;
#736 = CARTESIAN_POINT ( 'NONE',  ( 12.72353082829866544, 36.35000337685186622, -4.645204067144972804 ) ) ;
#737 = CARTESIAN_POINT ( 'NONE',  ( 12.99187787863133359, 35.69088406511292533, 5.216478348648327490 ) ) ;
#738 = FACE_OUTER_BOUND ( 'NONE', #103, .T. ) ;
#739 = ORIENTED_EDGE ( 'NONE', *, *, #5820, .T. ) ;
#740 = CARTESIAN_POINT ( 'NONE',  ( -12.32882844322075222, 34.58292121951704701, 5.000000000000000888 ) ) ;
#741 = CARTESIAN_POINT ( 'NONE',  ( -0.3251165232860461773, 39.48959322986623022, -13.49534014820027927 ) ) ;
#742 = CARTESIAN_POINT ( 'NONE',  ( -3.805718796873483800, 12.98102783377117397, 11.54658724566998096 ) ) ;
#743 = CARTESIAN_POINT ( 'NONE',  ( 12.99299787136308915, 23.29973142452617907, 5.213647315672313987 ) ) ;
#744 = CARTESIAN_POINT ( 'NONE',  ( -13.54140589079208468, 38.80216104463905680, -3.554683097614816933 ) ) ;
#745 = EDGE_CURVE ( 'NONE', #4844, #3378, #5157, .T. ) ;
#746 = CARTESIAN_POINT ( 'NONE',  ( -18.50000000000000000, 0.000000000000000000, 0.000000000000000000 ) ) ;
#747 = ORIENTED_EDGE ( 'NONE', *, *, #685, .T. ) ;
#748 = CARTESIAN_POINT ( 'NONE',  ( -3.733008690275897212, 37.82637547566182690, -12.86033923420621683 ) ) ;
#749 = EDGE_CURVE ( 'NONE', #5077, #4289, #4156, .T. ) ;
#750 = CARTESIAN_POINT ( 'NONE',  ( 1.612621738467911792, 19.76701957670639942, -13.38301547417988147 ) ) ;
#751 = ORIENTED_EDGE ( 'NONE', *, *, #5037, .T. ) ;
#752 = CARTESIAN_POINT ( 'NONE',  ( -13.76877896525450495, 19.57192689028860499, 2.539355301885859006 ) ) ;
#753 = CARTESIAN_POINT ( 'NONE',  ( 13.83555582858624966, 39.27610053250180044, -2.139872951401465606 ) ) ;
#754 = CARTESIAN_POINT ( 'NONE',  ( -12.71733177543866233, 21.66414829848216783, 4.118073773586965025 ) ) ;
#755 = EDGE_CURVE ( 'NONE', #2506, #6318, #2623, .T. ) ;
#756 = CARTESIAN_POINT ( 'NONE',  ( 4.242281882313517549, 21.85243103206112281, 12.66791627514800567 ) ) ;
#757 = CARTESIAN_POINT ( 'NONE',  ( -2.861534782946364430, 19.73890450500274696, -13.70545005590170007 ) ) ;
#758 = CARTESIAN_POINT ( 'NONE',  ( -0.9411519724455067459, 39.92536150030903741, 13.96863872226158598 ) ) ;
#759 = CARTESIAN_POINT ( 'NONE',  ( 3.187519599012937910, 38.35223798968675624, 13.03672044758169513 ) ) ;
#760 = CARTESIAN_POINT ( 'NONE',  ( -13.48385952715361213, 20.36827261945494172, 3.769293151347937521 ) ) ;
#761 = ORIENTED_EDGE ( 'NONE', *, *, #1693, .F. ) ;
#762 = CARTESIAN_POINT ( 'NONE',  ( -13.14927442024843884, 38.65638902242589836, -2.779301302188156964 ) ) ;
#763 = CARTESIAN_POINT ( 'NONE',  ( 8.000000000000005329, 4.000000000000000000, 19.84313483298444325 ) ) ;
#764 = CARTESIAN_POINT ( 'NONE',  ( 13.23340717947115941, 20.54840996862080260, -3.063958246930631457 ) ) ;
#765 = DIRECTION ( 'NONE',  ( 1.206107350727848108E-16, -0.000000000000000000, 1.000000000000000000 ) ) ;
#766 = CARTESIAN_POINT ( 'NONE',  ( -2.510975509235513048, 20.17546319689839507, -13.21465491640601719 ) ) ;
#767 = CARTESIAN_POINT ( 'NONE',  ( 4.333438301735679232, 37.01540851011304767, -11.35257923774804389 ) ) ;
#768 = CARTESIAN_POINT ( 'NONE',  ( -4.803029970468915444, 23.11027366909749503, 12.42322373167486482 ) ) ;
#769 = CARTESIAN_POINT ( 'NONE',  ( 13.00419173462583977, 37.67394456493239119, -3.863430356608617888 ) ) ;
#770 = CARTESIAN_POINT ( 'NONE',  ( 11.14688233276758389, 35.81743900835034111, -4.834738894693339617 ) ) ;
#771 = DIRECTION ( 'NONE',  ( 0.000000000000000000, 0.000000000000000000, -1.000000000000000000 ) ) ;
#772 = VERTEX_POINT ( 'NONE', #4733 ) ;
#773 = FACE_OUTER_BOUND ( 'NONE', #6171, .T. ) ;
#774 = CARTESIAN_POINT ( 'NONE',  ( -3.648191677156975565, 37.92011614878272496, -12.88990531660744310 ) ) ;
#775 = CARTESIAN_POINT ( 'NONE',  ( -5.703703114510189742, 34.49999999999998579, -12.78545152826159637 ) ) ;
#776 = CARTESIAN_POINT ( 'NONE',  ( 12.65872100131005418, 23.11857087772589381, -4.805553660158676799 ) ) ;
#777 = CARTESIAN_POINT ( 'NONE',  ( -12.45674072909412544, 22.87392357095720996, -4.731022369583768317 ) ) ;
#778 = CYLINDRICAL_SURFACE ( 'NONE', #238, 5.000000000000006217 ) ;
#779 = ORIENTED_EDGE ( 'NONE', *, *, #5617, .T. ) ;
#780 = CARTESIAN_POINT ( 'NONE',  ( -3.995396005151273577, 37.50640044093869818, -12.76462762123779981 ) ) ;
#781 = CARTESIAN_POINT ( 'NONE',  ( 3.585003183396139548, 21.01453524939962136, -12.91119199856637856 ) ) ;
#782 = ORIENTED_EDGE ( 'NONE', *, *, #1833, .T. ) ;
#783 = CARTESIAN_POINT ( 'NONE',  ( -13.98027744105184134, 19.04683431506591518, -0.7487021014490623516 ) ) ;
#784 = CARTESIAN_POINT ( 'NONE',  ( 12.60470849845369479, 35.32186213927899132, 4.934716277368557336 ) ) ;
#785 = CARTESIAN_POINT ( 'NONE',  ( -13.05682688511143397, 20.59184613306571165, 3.118840111148865279 ) ) ;
#786 = CARTESIAN_POINT ( 'NONE',  ( 3.900789682978035522, 38.51363543348128360, 13.44577723533385161 ) ) ;
#787 = CARTESIAN_POINT ( 'NONE',  ( 0.6545171477902688162, 39.45766403660368127, 13.48108581575058551 ) ) ;
#788 = CARTESIAN_POINT ( 'NONE',  ( 3.413462378600936820, 20.84624880286035520, 12.96736205571166245 ) ) ;
#789 = CARTESIAN_POINT ( 'NONE',  ( 5.703703114510183525, 34.50000000000000000, -12.78545152826159992 ) ) ;
#790 = CARTESIAN_POINT ( 'NONE',  ( -5.000000000000014211, 34.83454402392672478, 11.07350441368946470 ) ) ;
#791 = CARTESIAN_POINT ( 'NONE',  ( 1.848428660546170832, 19.29369309284854594, -13.87861112513369477 ) ) ;
#792 = EDGE_CURVE ( 'NONE', #2176, #3532, #3695, .T. ) ;
#793 = CARTESIAN_POINT ( 'NONE',  ( -12.64046198785174902, 37.03609476819271862, -4.309277088795026245 ) ) ;
#794 = CARTESIAN_POINT ( 'NONE',  ( 18.50000000000000000, 3.499999999999984901, 0.000000000000000000 ) ) ;
#795 = CARTESIAN_POINT ( 'NONE',  ( 12.98259894875084264, 21.40829276051972840, -3.929913263810277613 ) ) ;
#796 = CARTESIAN_POINT ( 'NONE',  ( -4.480983187411003321, 22.27573056263769757, 11.29381041414359110 ) ) ;
#797 = CARTESIAN_POINT ( 'NONE',  ( -3.303421593126036448, 20.74319934754042549, -13.00253733355232733 ) ) ;
#798 = PLANE ( 'NONE',  #3088 ) ;
#799 = CARTESIAN_POINT ( 'NONE',  ( -4.884684129105537842, 23.42932020465543275, 12.38465242237661279 ) ) ;
#800 = CARTESIAN_POINT ( 'NONE',  ( 13.45345056115048266, 39.08515316920394156, -1.994183537046805066 ) ) ;
#801 = CARTESIAN_POINT ( 'NONE',  ( -3.649020368078200516, 37.91924106814775541, 12.88965255420425393 ) ) ;
#802 = CARTESIAN_POINT ( 'NONE',  ( 4.241667547069262412, 21.84772032097631822, -11.38595707752071107 ) ) ;
#803 = VERTEX_POINT ( 'NONE', #7070 ) ;
#804 = CARTESIAN_POINT ( 'NONE',  ( 4.583384843312217072, 36.49824149707781373, -12.52322511535351346 ) ) ;
#805 = CARTESIAN_POINT ( 'NONE',  ( -4.884201991027563139, 35.57305612334322831, -12.38488320632249362 ) ) ;
#806 = CARTESIAN_POINT ( 'NONE',  ( -9.499999999999994671, 4.000000000000000000, -19.84313483298443970 ) ) ;
#807 = CARTESIAN_POINT ( 'NONE',  ( 13.47089251292967838, 19.86789804347046129, 1.882906409314550666 ) ) ;
#808 = DIRECTION ( 'NONE',  ( -0.000000000000000000, -1.000000000000000000, -0.000000000000000000 ) ) ;
#809 = VERTEX_POINT ( 'NONE', #763 ) ;
#810 = CARTESIAN_POINT ( 'NONE',  ( -4.951491613407318582, 35.20345540459172895, -12.35251463379438341 ) ) ;
#811 = ORIENTED_EDGE ( 'NONE', *, *, #4070, .T. ) ;
#812 = CARTESIAN_POINT ( 'NONE',  ( -13.93863546651184038, 19.14687827544873500, 1.310181730566368996 ) ) ;
#813 = CARTESIAN_POINT ( 'NONE',  ( 13.28429976627721842, 38.60581824275656260, 2.853756871408727136 ) ) ;
#814 = CARTESIAN_POINT ( 'NONE',  ( -13.99990111771013446, 39.99976391443119894, -0.1967927217074448842 ) ) ;
#815 = CARTESIAN_POINT ( 'NONE',  ( -13.07379436639990899, 20.54513125761784664, 3.059771721704025005 ) ) ;
#816 = CONICAL_SURFACE ( 'NONE', #3912, 12.15000000000000036, 0.7853981633974447263 ) ;
#817 = CARTESIAN_POINT ( 'NONE',  ( -3.021082151409013150, 19.83143648290432282, -13.67107219156821785 ) ) ;
#818 = CARTESIAN_POINT ( 'NONE',  ( -4.958924597476681129, 35.16046506117118753, 12.34890162366671795 ) ) ;
#819 = CARTESIAN_POINT ( 'NONE',  ( 3.105800349168533536, 38.41941914302388028, 13.06079719102696046 ) ) ;
#820 = AXIS2_PLACEMENT_3D ( 'NONE', #4568, #6388, #3502 ) ;
#821 = CARTESIAN_POINT ( 'NONE',  ( -11.76202829436459929, 20.53112979524079407, 3.058587543082549320 ) ) ;
#822 = CARTESIAN_POINT ( 'NONE',  ( 11.08878998061427090, 23.83372450568210610, 4.966530246183456399 ) ) ;
#823 = CARTESIAN_POINT ( 'NONE',  ( 4.522388256618321556, 21.14378634065020179, -13.25002322974361846 ) ) ;
#824 = ORIENTED_EDGE ( 'NONE', *, *, #2873, .T. ) ;
#825 = CARTESIAN_POINT ( 'NONE',  ( -12.38014579233128210, 35.52448788923973666, -4.894093393221124799 ) ) ;
#826 = CYLINDRICAL_SURFACE ( 'NONE', #3705, 7.500000000000000000 ) ;
#827 = ADVANCED_FACE ( 'NONE', ( #863, #5878 ), #3025, .F. ) ;
#828 = CARTESIAN_POINT ( 'NONE',  ( 12.64459601845798353, 23.23966511409761182, -4.839766324476380888 ) ) ;
#829 = DIRECTION ( 'NONE',  ( 0.000000000000000000, 1.000000000000000000, -0.000000000000000000 ) ) ;
#830 = CARTESIAN_POINT ( 'NONE',  ( 1.769697180907759515, 19.82293488085069555, -13.35918727205276646 ) ) ;
#831 = CARTESIAN_POINT ( 'NONE',  ( -7.499999999999994671, 6.500000000000012434, -11.82159041753689088 ) ) ;
#832 = CARTESIAN_POINT ( 'NONE',  ( 12.57669683062198196, 34.49999999999999289, -4.999999999999999112 ) ) ;
#833 = CARTESIAN_POINT ( 'NONE',  ( 13.41598472499589434, 38.98300871500053688, -2.215705356025066131 ) ) ;
#834 = CARTESIAN_POINT ( 'NONE',  ( -1.794436175637460718, 39.16722618597419370, 13.35503419096512800 ) ) ;
#835 = EDGE_LOOP ( 'NONE', ( #645, #7089, #2744, #6287 ) ) ;
#836 = CARTESIAN_POINT ( 'NONE',  ( -12.59942132553526584, 36.86109737896982352, 4.407415215645451134 ) ) ;
#837 = CIRCLE ( 'NONE', #1200, 1.999999999999998224 ) ;
#838 = CARTESIAN_POINT ( 'NONE',  ( -4.675612838091390167, 36.27905720739332907, -12.48211962124501895 ) ) ;
#839 = ADVANCED_FACE ( 'NONE', ( #2463 ), #1384, .F. ) ;
#840 = CARTESIAN_POINT ( 'NONE',  ( 0.5741885885581499149, 19.53238074689418724, -13.48552442851636535 ) ) ;
#841 = CARTESIAN_POINT ( 'NONE',  ( 13.61276798953757527, 19.50041510853694149, 0.07654241132360865840 ) ) ;
#842 = CARTESIAN_POINT ( 'NONE',  ( -13.89007081705471336, 39.73447516623748044, 1.753299717222385645 ) ) ;
#843 = CARTESIAN_POINT ( 'NONE',  ( -12.38488320632254869, 23.42694387665676459, -4.884201991027546264 ) ) ;
#844 = DIRECTION ( 'NONE',  ( 1.000000000000000000, -0.000000000000000000, -0.000000000000000000 ) ) ;
#845 = CIRCLE ( 'NONE', #6925, 13.75000000000005862 ) ;
#846 = DIRECTION ( 'NONE',  ( 0.000000000000000000, -0.000000000000000000, -1.000000000000000000 ) ) ;
#847 = CARTESIAN_POINT ( 'NONE',  ( 2.434399678910496245, 20.13261207683882859, -13.23176100207521877 ) ) ;
#848 = CARTESIAN_POINT ( 'NONE',  ( 13.51179731285649233, 20.69832008717063943, -3.667076359306244537 ) ) ;
#849 = CIRCLE ( 'NONE', #4437, 1.999999999999998224 ) ;
#850 = AXIS2_PLACEMENT_3D ( 'NONE', #4372, #896, #3694 ) ;
#851 = ORIENTED_EDGE ( 'NONE', *, *, #4664, .F. ) ;
#852 = CARTESIAN_POINT ( 'NONE',  ( -13.99508151230731912, 19.01165066295897788, 0.3827253343028804156 ) ) ;
#853 = CARTESIAN_POINT ( 'NONE',  ( -14.00019226415722073, 40.00045772021938006, 0.3720904332908042678 ) ) ;
#854 = CARTESIAN_POINT ( 'NONE',  ( -12.88965255406416155, 21.08075893230775932, 3.649020368491371791 ) ) ;
#855 = AXIS2_PLACEMENT_3D ( 'NONE', #4298, #6574, #1458 ) ;
#856 = CARTESIAN_POINT ( 'NONE',  ( -9.499999999999994671, 3.499999999999985789, -21.84313483298443970 ) ) ;
#857 = CARTESIAN_POINT ( 'NONE',  ( -3.913533140117271270, 37.61301032645718578, 12.79537119470482409 ) ) ;
#858 = CARTESIAN_POINT ( 'NONE',  ( 3.178498908784099797, 38.35968590957345725, 13.03938560544463243 ) ) ;
#859 = CARTESIAN_POINT ( 'NONE',  ( -11.08864941799327930, 23.83787393300710633, 4.966823761539213677 ) ) ;
#860 = CARTESIAN_POINT ( 'NONE',  ( 12.57669681562378194, 24.41716763015935854, 5.000000000000000000 ) ) ;
#861 = EDGE_CURVE ( 'NONE', #6700, #20, #7033, .T. ) ;
#862 = CARTESIAN_POINT ( 'NONE',  ( 4.966771218623785344, 23.83734960074260556, 11.08867366358973250 ) ) ;
#863 = FACE_BOUND ( 'NONE', #2410, .T. ) ;
#864 = CARTESIAN_POINT ( 'NONE',  ( 12.96845317051434421, 21.46368364476110102, -3.972587232091751908 ) ) ;
#865 = FACE_OUTER_BOUND ( 'NONE', #3259, .T. ) ;
#866 = CARTESIAN_POINT ( 'NONE',  ( -2.226058449136662620, 20.01993314779485189, -13.27703707854270121 ) ) ;
#867 = CARTESIAN_POINT ( 'NONE',  ( -8.000000000000005329, 4.000000000000000000, 19.84313483298444325 ) ) ;
#868 = CARTESIAN_POINT ( 'NONE',  ( -3.563797875099086188, 20.99294333257870804, 12.91828201975082813 ) ) ;
#869 = CARTESIAN_POINT ( 'NONE',  ( 13.09168642000358496, 37.98961980980147501, -3.580916484897933127 ) ) ;
#870 = CARTESIAN_POINT ( 'NONE',  ( -3.333582251061596224, 38.22658438550042348, 12.99244741171063389 ) ) ;
#871 = VERTEX_POINT ( 'NONE', #5353 ) ;
#872 = CARTESIAN_POINT ( 'NONE',  ( -12.44518525709759338, 36.04529220315468763, 4.755869138109158456 ) ) ;
#873 = CARTESIAN_POINT ( 'NONE',  ( -2.850616527814594292, 38.60859452342700138, -13.13100570689686997 ) ) ;
#874 = CARTESIAN_POINT ( 'NONE',  ( -3.353641160815903355, 20.79148004150315998, -12.98619512350500571 ) ) ;
#875 = CARTESIAN_POINT ( 'NONE',  ( -5.109885510233906913, 22.05483704602119488, -13.03422064877895359 ) ) ;
#876 = CARTESIAN_POINT ( 'NONE',  ( 13.61139842526655030, 19.50385101049336711, 0.2005355539274876475 ) ) ;
#877 = CARTESIAN_POINT ( 'NONE',  ( 0.000000000000000000, 4.000000000000000000, 0.000000000000000000 ) ) ;
#878 = ORIENTED_EDGE ( 'NONE', *, *, #2464, .F. ) ;
#879 = EDGE_CURVE ( 'NONE', #2323, #1780, #4192, .T. ) ;
#880 = CARTESIAN_POINT ( 'NONE',  ( -0.3255932167228901553, 39.49216620050434301, -13.49648408309564651 ) ) ;
#881 = CARTESIAN_POINT ( 'NONE',  ( -0.07629025158930805017, 19.49990022742926499, 13.50004493787831983 ) ) ;
#882 = CARTESIAN_POINT ( 'NONE',  ( 13.99387164883247792, 19.30611349300830781, 0.4147921802564531468 ) ) ;
#883 = ORIENTED_EDGE ( 'NONE', *, *, #4390, .F. ) ;
#884 = CARTESIAN_POINT ( 'NONE',  ( -13.99634306545852880, 19.00866133487266296, -0.3234708200034845937 ) ) ;
#885 = CARTESIAN_POINT ( 'NONE',  ( -12.63468169852543177, 37.01222333411792675, 4.323240832646977339 ) ) ;
#886 = CARTESIAN_POINT ( 'NONE',  ( -13.19245101831751299, 37.63631565541901125, -4.686389691023539861 ) ) ;
#887 = CARTESIAN_POINT ( 'NONE',  ( -12.96736205549835219, 20.84624880348649612, 3.413462379271159808 ) ) ;
#888 = VERTEX_POINT ( 'NONE', #5423 ) ;
#889 = CARTESIAN_POINT ( 'NONE',  ( 7.499999999999992006, 0.000000000000000000, 9.558896379812900079 ) ) ;
#890 = CARTESIAN_POINT ( 'NONE',  ( -2.854672119489201521, 38.60518196820858350, 13.12977379352217966 ) ) ;
#891 = CARTESIAN_POINT ( 'NONE',  ( -0.3369661026770612300, 39.49129534462998237, 13.49609145639762708 ) ) ;
#892 = CARTESIAN_POINT ( 'NONE',  ( 5.000000000000005329, 34.50000000000000000, -12.32882846293108337 ) ) ;
#893 = CARTESIAN_POINT ( 'NONE',  ( -1.775246876952092379, 39.17707321254371777, 12.02057250157406720 ) ) ;
#894 = CARTESIAN_POINT ( 'NONE',  ( 5.703702577602649981, 24.31689747157403758, -12.78545176778079728 ) ) ;
#895 = ORIENTED_EDGE ( 'NONE', *, *, #195, .F. ) ;
#896 = DIRECTION ( 'NONE',  ( -0.000000000000000000, 1.000000000000000000, -0.000000000000000000 ) ) ;
#897 = CARTESIAN_POINT ( 'NONE',  ( 3.904491433386120480, 20.48679124591437528, 13.44519813101696037 ) ) ;
#898 = CARTESIAN_POINT ( 'NONE',  ( 12.91996411751673257, 21.66047756227000676, -4.115555783807943513 ) ) ;
#899 = CARTESIAN_POINT ( 'NONE',  ( -2.025124997333792365, 39.64483907613048785, -13.85386866907779968 ) ) ;
#900 = CARTESIAN_POINT ( 'NONE',  ( 0.07629025158929880757, 19.49990022742926143, -13.50004493787831272 ) ) ;
#901 = CARTESIAN_POINT ( 'NONE',  ( 12.57669683062193400, 24.50000000000000000, 5.000000000000000000 ) ) ;
#902 = CARTESIAN_POINT ( 'NONE',  ( -3.468797688032843496, 20.89773597130972860, 12.94980138867452091 ) ) ;
#903 = CARTESIAN_POINT ( 'NONE',  ( 13.29668287967353457, 38.64253384656897339, -2.799976941323714552 ) ) ;
#904 = CARTESIAN_POINT ( 'NONE',  ( -4.080777180834871842, 37.38959575856489437, 12.73191184165159662 ) ) ;
#905 = EDGE_LOOP ( 'NONE', ( #3677, #944, #7162, #2295, #4432, #1814, #2016, #144, #697, #2374, #582, #6042, #349, #1685, #984, #4354 ) ) ;
#906 = CARTESIAN_POINT ( 'NONE',  ( -12.80554299146201380, 37.64682643823376651, 3.885576650864349446 ) ) ;
#907 = CARTESIAN_POINT ( 'NONE',  ( -4.057910833832246489, 37.42230818400936698, -12.74082138930238806 ) ) ;
#908 = B_SPLINE_SURFACE_WITH_KNOTS ( 'NONE', 1, 3, ( 
 ( #7187, #294, #1502, #3783, #2510, #6064, #4816, #5333, #2575, #7084, #5402, #7117, #4277, #3710, #5995, #875, #4883, #2172, #7258, #2804, #5073, #465, #6140, #7333, #4959, #1577, #6247, #1651, #7370, #5541, #4460, #6105, #2208, #2101, #2246, #7292, #987, #7221, #3255, #3290, #5108, #5505, #1613, #1096, #2139, #6214, #6176, #6731, #2653, #4387, #1019, #3328, #4500, #1056, #6768, #3934, #3363, #3897, #435, #539, #399, #3216, #4542, #2689, #3860, #5575, #6808, #1689, #2725, #5614, #4993, #4427, #6657, #3973, #5653, #1539, #6696, #5032, #3821, #503, #2768, #2877, #5177, #4006, #1724, #6843, #6324, #5141, #6282, #2845, #2433, #2953, #6918, #3437, #5803, #4695, #5725, #4159, #4043, #3555, #613, #1280, #1130, #4125, #1884, #1808, #1168, #58, #2318, #5844, #6963, #1847, #3476, #175, #5293, #4615, #6400, #26, #732, #6363, #5687, #5253, #578, #2993, #2284, #3403 ),
 ( #4736, #137, #5764, #1209, #2397, #4579, #6878, #1762, #7000, #651, #2913, #2357, #1246, #5214, #97, #4655, #690, #4087, #3515, #6019, #3627, #4839, #2566, #3663, #5912, #7107, #4873, #4195, #3100, #2059, #797, #3062, #5356, #1917, #7036, #4770, #4229, #3028, #6471, #766, #355, #866, #1986, #1352, #3699, #7142, #250, #6437, #1950, #1461, #2499, #6577, #1315, #2021, #7177, #4266, #4806, #7073, #6503, #3737, #4301, #900, #1387, #5460, #3171, #5948, #2605, #5325, #4913, #6537, #3593, #5426, #5881, #212, #2467, #830, #5392, #283, #2534, #1422, #5984, #318, #1567, #7249, #1045, #6054, #2679, #7358, #2758, #1083, #6647, #5565, #4452, #6757, #979, #5531, #3886, #3279, #4982, #3923, #1530, #2716, #490, #3850, #3810, #5022, #5063, #2092, #1011, #7211, #3317, #3206, #3355, #456, #4376, #939, #6094, #4415, #6201, #6612, #7282, #2198, #3244, #7322, #2164, #6723 ) ),
 .UNSPECIFIED., .F., .F., .F.,
 ( 2, 2 ),
 ( 4, 2, 2, 2, 2, 2, 2, 2, 2, 2, 2, 2, 2, 2, 2, 2, 2, 2, 2, 2, 2, 2, 2, 2, 2, 2, 2, 2, 2, 2, 2, 2, 2, 2, 2, 2, 2, 2, 2, 2, 2, 2, 2, 2, 2, 2, 2, 2, 2, 2, 2, 2, 2, 2, 2, 2, 2, 2, 2, 2, 2, 2, 4 ),
 ( 0.000000000000000000, 1.000000000000000000 ),
 ( 0.000000000000000000, 0.0005430559330015056682, 0.001086111866003011336, 0.001357639832503764171, 0.001629167799004517005, 0.001900695765505269839, 0.002172223732006022673, 0.002443751698506775507, 0.002715279665007528341, 0.002986807631508281175, 0.003258335598009034009, 0.003529863564509786843, 0.003801391531010539677, 0.004072919497511292078, 0.004344447464012045346, 0.004887503397013551014, 0.005159031363514303414, 0.005294795346764680048, 0.005430559330015056682, 0.005702087296515809950, 0.005973615263016562350, 0.006516671196018068019, 0.007059727129019573687, 0.007195491112269950321, 0.007331255095520326087, 0.007467019078770702721, 0.007602783062021079355, 0.007874311028521832623, 0.008145838995022584156, 0.008417366961523337424, 0.008688894928024090691, 0.008960422894524843959, 0.009096186877775219726, 0.009231950861025597227, 0.009503478827526348760, 0.009775006794027102028, 0.01031806272702860683, 0.01058959069352936010, 0.01086111866003011336, 0.01113264662653086663, 0.01140417459303161990, 0.01194723052603312470, 0.01221875849253387797, 0.01249028645903462950, 0.01262605044228500700, 0.01276181442553538277, 0.01303334239203613604, 0.01330487035853688930, 0.01357639832503764257, 0.01384792629153839411, 0.01411945425803914737, 0.01439098222453990064, 0.01452674620779027641, 0.01466251019104065217, 0.01520556612404215871, 0.01574862205704366525, 0.01602015002354441678, 0.01629167799004516831, 0.01642744197329554581, 0.01656320595654592331, 0.01683473392304667485, 0.01710626188954742638, 0.01737778985604818138 ),
 .UNSPECIFIED. ) ;
#909 = CARTESIAN_POINT ( 'NONE',  ( -4.399362820464055801, 22.12392766886634021, -12.60282627245440246 ) ) ;
#910 = CARTESIAN_POINT ( 'NONE',  ( -5.555138609263762461, 35.76015799297423570, 12.85076088328846566 ) ) ;
#911 = CARTESIAN_POINT ( 'NONE',  ( 13.56757654213219944, 19.61487987461556060, -1.066448113146788668 ) ) ;
#912 = PRODUCT_CONTEXT ( 'NONE', #5639, 'mechanical' ) ;
#913 = CARTESIAN_POINT ( 'NONE',  ( -24.00000000000000355, 34.49999999999999289, 6.123233995736765296E-16 ) ) ;
#914 = EDGE_LOOP ( 'NONE', ( #5444, #3787, #72, #4963, #4898 ) ) ;
#915 = CARTESIAN_POINT ( 'NONE',  ( 0.5802737701385071167, 39.46688294553117515, -13.48519778726525686 ) ) ;
#916 = CARTESIAN_POINT ( 'NONE',  ( 0.1712105040747619600, 19.50225525392734482, 13.49898907600387332 ) ) ;
#917 = CARTESIAN_POINT ( 'NONE',  ( 13.21022905310216977, 21.88739841928805063, -4.635957183738090848 ) ) ;
#918 = EDGE_LOOP ( 'NONE', ( #3550, #5371, #5376, #5209 ) ) ;
#919 = CARTESIAN_POINT ( 'NONE',  ( -12.42203472655949703, 23.11701045472408111, 4.805634638705522654 ) ) ;
#920 = CARTESIAN_POINT ( 'NONE',  ( -12.85219483607877855, 37.80074594939384980, 3.756537396704788367 ) ) ;
#921 = CARTESIAN_POINT ( 'NONE',  ( 9.499999999999994671, 3.499999999999982236, -19.84313483298443970 ) ) ;
#922 = LINE ( 'NONE', #3873, #1033 ) ;
#923 = ORIENTED_EDGE ( 'NONE', *, *, #169, .T. ) ;
#924 = EDGE_CURVE ( 'NONE', #6977, #7128, #3624, .T. ) ;
#925 = CARTESIAN_POINT ( 'NONE',  ( 3.479276566529674319, 20.13811545709749495, 13.56159021610393012 ) ) ;
#926 = CARTESIAN_POINT ( 'NONE',  ( -4.867996716262347867, 35.64427417850248503, 12.39260856760605911 ) ) ;
#927 = CARTESIAN_POINT ( 'NONE',  ( -13.48484535929836525, 38.63341431954278704, 3.763014771086075960 ) ) ;
#928 = CARTESIAN_POINT ( 'NONE',  ( -11.08864941799327752, 35.16212606699287591, -4.966823761539212789 ) ) ;
#929 = LINE ( 'NONE', #5057, #2040 ) ;
#930 = CARTESIAN_POINT ( 'NONE',  ( 1.846428518427672992E-13, 39.50000000000203926, 12.15000000000083524 ) ) ;
#931 = CARTESIAN_POINT ( 'NONE',  ( 12.65956630746272182, 23.11187957251295799, 4.803494174817087625 ) ) ;
#932 = DIRECTION ( 'NONE',  ( -1.206107350727848108E-16, 0.000000000000000000, -1.000000000000000000 ) ) ;
#933 = VECTOR ( 'NONE', #4010, 1000.000000000000000 ) ;
#934 = VERTEX_POINT ( 'NONE', #315 ) ;
#935 = CARTESIAN_POINT ( 'NONE',  ( -7.104564432235931370, 8.952381872513992533, 12.06534438308774781 ) ) ;
#936 = CARTESIAN_POINT ( 'NONE',  ( 0.6626552606837842196, 19.03649825695845621, 13.98461992168038925 ) ) ;
#937 = CARTESIAN_POINT ( 'NONE',  ( 12.73880628985305385, 22.55555946619944763, -4.606473768639173016 ) ) ;
#938 = CARTESIAN_POINT ( 'NONE',  ( -4.786815722997276090, 37.49194423801036891, -13.15634317582025758 ) ) ;
#939 = CARTESIAN_POINT ( 'NONE',  ( 4.908900487238242683, 23.54898740657082001, -12.37305018407112378 ) ) ;
#940 = CYLINDRICAL_SURFACE ( 'NONE', #5594, 1.999999999999998224 ) ;
#941 = CARTESIAN_POINT ( 'NONE',  ( -4.667476213623533710, 22.70621577256917334, 12.48560775837367132 ) ) ;
#942 = CARTESIAN_POINT ( 'NONE',  ( 13.58094931320083987, 39.41924688682515665, -0.8988574579211486837 ) ) ;
#943 = CARTESIAN_POINT ( 'NONE',  ( -3.161425675340984842, 38.37369442592979851, 13.04440936236615123 ) ) ;
#944 = ORIENTED_EDGE ( 'NONE', *, *, #7079, .T. ) ;
#945 = CARTESIAN_POINT ( 'NONE',  ( -12.36925077361392233, 35.40926059255988889, 4.916807255291922196 ) ) ;
#946 = CARTESIAN_POINT ( 'NONE',  ( 13.51229032930052476, 38.30334357977292825, -3.665275863729879902 ) ) ;
#947 = CARTESIAN_POINT ( 'NONE',  ( -4.080777180660503767, 21.61040424118741399, -12.73191184172302926 ) ) ;
#948 = CARTESIAN_POINT ( 'NONE',  ( -1.850031902160097497, 39.70582088942155252, 13.87841952490497199 ) ) ;
#949 = CARTESIAN_POINT ( 'NONE',  ( 13.60697461065709568, 19.51496408749479983, 0.3871061618825873407 ) ) ;
#950 = VECTOR ( 'NONE', #5532, 1000.000000000000000 ) ;
#951 = CARTESIAN_POINT ( 'NONE',  ( 12.83024577569590896, 36.93704146486160766, 4.366624744981725037 ) ) ;
#952 = CARTESIAN_POINT ( 'NONE',  ( 3.055594975482208486, 38.47091912090169785, 11.76274370722831542 ) ) ;
#953 = VERTEX_POINT ( 'NONE', #2563 ) ;
#954 = CARTESIAN_POINT ( 'NONE',  ( -3.549617570061660121, 38.02140836447215833, -12.92300924958870212 ) ) ;
#955 = CARTESIAN_POINT ( 'NONE',  ( -5.479055640881036027, 36.03101731610156122, -12.88335488816704810 ) ) ;
#956 = EDGE_CURVE ( 'NONE', #809, #3742, #7287, .T. ) ;
#957 = CARTESIAN_POINT ( 'NONE',  ( 4.645523755975103697, 22.64911222766746945, 12.49554036372535393 ) ) ;
#958 = CARTESIAN_POINT ( 'NONE',  ( 13.30643109273992231, 21.46076789871555945, -4.352230607450991329 ) ) ;
#959 = ORIENTED_EDGE ( 'NONE', *, *, #1368, .T. ) ;
#960 = CARTESIAN_POINT ( 'NONE',  ( -12.87256149494085378, 23.05574755399272036, -5.504343272044713409 ) ) ;
#961 = CARTESIAN_POINT ( 'NONE',  ( -12.32985669532621564, 34.66690789684600560, 4.997906189854686154 ) ) ;
#962 = CARTESIAN_POINT ( 'NONE',  ( -12.95884646221821157, 36.53898279913907743, 5.298094224947305975 ) ) ;
#963 = AXIS2_PLACEMENT_3D ( 'NONE', #1738, #4517, #3911 ) ;
#964 = CARTESIAN_POINT ( 'NONE',  ( -9.499999999999991118, 4.000000000000000000, 19.84313483298443970 ) ) ;
#965 = ADVANCED_FACE ( 'NONE', ( #4803 ), #4226, .F. ) ;
#966 = CARTESIAN_POINT ( 'NONE',  ( -1.002067829742684157, 13.94930309507812538, -13.97265622718044220 ) ) ;
#967 = CARTESIAN_POINT ( 'NONE',  ( -3.116118621752703266, 38.41105583457179051, 13.05778446740549015 ) ) ;
#968 = CARTESIAN_POINT ( 'NONE',  ( -13.00242667865684609, 36.78674649157932919, 5.190650374805558798 ) ) ;
#969 = CARTESIAN_POINT ( 'NONE',  ( -13.67108997552150562, 19.83139442242934791, -3.020979621648713476 ) ) ;
#970 = CARTESIAN_POINT ( 'NONE',  ( 5.656846734249227460, 35.22651150423864408, -12.80626813905142924 ) ) ;
#971 = CARTESIAN_POINT ( 'NONE',  ( -12.76462762120070238, 21.49359955918433585, -3.995396005243854631 ) ) ;
#972 = AXIS2_PLACEMENT_3D ( 'NONE', #794, #6997, #1312 ) ;
#973 = LINE ( 'NONE', #6530, #1544 ) ;
#974 = ADVANCED_FACE ( 'NONE', ( #4836 ), #1929, .T. ) ;
#975 = CARTESIAN_POINT ( 'NONE',  ( -12.39261419211427828, 35.64223113243890850, -4.867952758513535372 ) ) ;
#976 = CARTESIAN_POINT ( 'NONE',  ( 0.1953067770656481128, 19.00248125645649822, 13.99895140326644061 ) ) ;
#977 = CARTESIAN_POINT ( 'NONE',  ( -7.499999999999994671, 0.000000000000000000, -19.84313483298444325 ) ) ;
#978 = LINE ( 'NONE', #5530, #4051 ) ;
#979 = CARTESIAN_POINT ( 'NONE',  ( 3.648191677156962243, 21.07988385121727148, -12.88990531660744487 ) ) ;
#980 = CARTESIAN_POINT ( 'NONE',  ( 5.656844457310383767, 35.22642246055588799, -12.80626900168374149 ) ) ;
#981 = CARTESIAN_POINT ( 'NONE',  ( -4.730528942918156510, 22.87866686106777436, 12.45688294738860336 ) ) ;
#982 = CARTESIAN_POINT ( 'NONE',  ( 13.19669736043878139, 38.33676347447499921, 3.206338929466988397 ) ) ;
#983 = CARTESIAN_POINT ( 'NONE',  ( -4.372525284414596314, 36.92521481214401291, 12.61413117264075545 ) ) ;
#984 = ORIENTED_EDGE ( 'NONE', *, *, #1968, .F. ) ;
#985 = CARTESIAN_POINT ( 'NONE',  ( -12.68809945277932627, 37.22552288181158531, 4.191937188848409157 ) ) ;
#986 = CARTESIAN_POINT ( 'NONE',  ( 13.11511995818821674, 20.93012380099934688, 3.501183520339936628 ) ) ;
#987 = CARTESIAN_POINT ( 'NONE',  ( -3.217941368346779463, 19.95870918671021244, -13.62521335860814808 ) ) ;
#988 = CARTESIAN_POINT ( 'NONE',  ( 13.26980092938373268, 20.43740365034847528, 2.915801887178950391 ) ) ;
#989 = CARTESIAN_POINT ( 'NONE',  ( 13.51765550415230166, 39.25597110051570837, 1.545157346605089632 ) ) ;
#990 = CARTESIAN_POINT ( 'NONE',  ( 0.000000000000000000, 3.499999999999982236, 0.000000000000000000 ) ) ;
#991 = ORIENTED_EDGE ( 'NONE', *, *, #4818, .T. ) ;
#992 = CARTESIAN_POINT ( 'NONE',  ( -3.197575384725127812, 38.34391016160424215, -13.03374366500594661 ) ) ;
#993 = CARTESIAN_POINT ( 'NONE',  ( -3.763014771086089283, 38.63341431954283678, -13.48484535929835992 ) ) ;
#994 = CARTESIAN_POINT ( 'NONE',  ( -3.298747055674239093, 20.74235029246642270, 13.00324395399328914 ) ) ;
#995 = CARTESIAN_POINT ( 'NONE',  ( 13.12407149789202698, 22.33639587935964244, 4.874458661702175455 ) ) ;
#996 = ORIENTED_EDGE ( 'NONE', *, *, #7079, .F. ) ;
#997 = CARTESIAN_POINT ( 'NONE',  ( -13.11152636582910525, 21.69761324799592117, -4.908007728350598953 ) ) ;
#998 = CARTESIAN_POINT ( 'NONE',  ( -12.60949393166594490, 36.90537299642595315, 4.383590880285611391 ) ) ;
#999 = CARTESIAN_POINT ( 'NONE',  ( -13.21253903055332479, 37.71391736555361973, 4.629492860674323751 ) ) ;
#1000 = CARTESIAN_POINT ( 'NONE',  ( -12.44434331412939976, 22.96167395095996611, 4.757645877674127277 ) ) ;
#1001 = ORIENTED_EDGE ( 'NONE', *, *, #3839, .T. ) ;
#1002 = CARTESIAN_POINT ( 'NONE',  ( 0.9355347288956283869, 19.07146006371356606, 13.96993076308772963 ) ) ;
#1003 = CARTESIAN_POINT ( 'NONE',  ( 13.94213574046503012, 39.56063931906257380, 1.272291801586401760 ) ) ;
#1004 = CARTESIAN_POINT ( 'NONE',  ( -13.19387144847084770, 37.64186111711087790, 4.682389296490458541 ) ) ;
#1005 = CARTESIAN_POINT ( 'NONE',  ( -12.50674842157436117, 22.58893607938706438, -4.620412418611308247 ) ) ;
#1006 = ADVANCED_FACE ( 'NONE', ( #3734 ), #5980, .T. ) ;
#1007 = CARTESIAN_POINT ( 'NONE',  ( 3.910139247233004767, 21.38364364206191581, -12.79650896791351400 ) ) ;
#1008 = CARTESIAN_POINT ( 'NONE',  ( 3.332525600356671891, 20.03621413891707448, 13.59763959100848929 ) ) ;
#1009 = CARTESIAN_POINT ( 'NONE',  ( -12.32882846293113310, 34.49999999999999289, -4.999999999999999112 ) ) ;
#1010 = CARTESIAN_POINT ( 'NONE',  ( -4.632729916779071644, 37.70959905916399890, 13.21140705271404414 ) ) ;
#1011 = CARTESIAN_POINT ( 'NONE',  ( 4.550245928475914248, 22.42113937268590718, -12.53805450426571078 ) ) ;
#1012 = CARTESIAN_POINT ( 'NONE',  ( 5.298471438572081915, 36.53804610222690030, -12.95869154602182149 ) ) ;
#1013 = CARTESIAN_POINT ( 'NONE',  ( -3.957568218432109042, 21.44370710843355710, 12.77890952804763813 ) ) ;
#1014 = CARTESIAN_POINT ( 'NONE',  ( 13.14045582668430434, 38.15465509291449564, 3.412495169079697188 ) ) ;
#1015 = CARTESIAN_POINT ( 'NONE',  ( -4.395423387888949485, 36.88334718821827352, 12.60448929716213584 ) ) ;
#1016 = CARTESIAN_POINT ( 'NONE',  ( -13.43720889800116680, 39.35827094148989858, -1.187105691495265347 ) ) ;
#1017 = CARTESIAN_POINT ( 'NONE',  ( 13.82266141706996798, 39.24103785323484317, 2.227285010409453925 ) ) ;
#1018 = CARTESIAN_POINT ( 'NONE',  ( 13.45345056115117721, 19.91484683079441353, 1.994183537043019427 ) ) ;
#1019 = CARTESIAN_POINT ( 'NONE',  ( -1.310181730566384095, 19.14687827544869947, -13.93863546651183860 ) ) ;
#1020 = CARTESIAN_POINT ( 'NONE',  ( 12.58117568320771440, 24.16730291132829578, 4.989611347304148126 ) ) ;
#1021 = CARTESIAN_POINT ( 'NONE',  ( 12.64522485383693073, 35.76244636374919850, 4.838172718570632469 ) ) ;
#1022 = LINE ( 'NONE', #6735, #4879 ) ;
#1023 = ORIENTED_EDGE ( 'NONE', *, *, #2840, .T. ) ;
#1024 = CARTESIAN_POINT ( 'NONE',  ( 3.207113912973093672, 38.33611643667103408, -13.03094450932996651 ) ) ;
#1025 = CARTESIAN_POINT ( 'NONE',  ( -3.021468446641583760, 39.16829146179404830, -13.67097601622316638 ) ) ;
#1026 = CARTESIAN_POINT ( 'NONE',  ( -4.104692339770056542, 21.64376237291192595, 12.72266196392033955 ) ) ;
#1027 = CARTESIAN_POINT ( 'NONE',  ( 13.51232811181359317, 20.69785934987103104, 3.663530887271523984 ) ) ;
#1028 = ORIENTED_EDGE ( 'NONE', *, *, #6839, .T. ) ;
#1029 = CARTESIAN_POINT ( 'NONE',  ( -12.61693223441083589, 22.06185965880623456, 4.366010438661030335 ) ) ;
#1030 = CARTESIAN_POINT ( 'NONE',  ( -13.21567769546508231, 38.82753481683848662, 2.509765903596063108 ) ) ;
#1031 = CARTESIAN_POINT ( 'NONE',  ( -13.25059780400305165, 37.85645236243978928, 4.519408104772026036 ) ) ;
#1032 = CARTESIAN_POINT ( 'NONE',  ( -3.970321905910393134, 37.55644700034833505, -11.48460241225031808 ) ) ;
#1033 = VECTOR ( 'NONE', #2782, 1000.000000000000000 ) ;
#1034 = CARTESIAN_POINT ( 'NONE',  ( 4.520284558392843266, 21.14462603211963909, 13.25030091626942053 ) ) ;
#1035 = CARTESIAN_POINT ( 'NONE',  ( 13.99095184814522597, 39.68644428879587593, -0.5037451807406994053 ) ) ;
#1036 = CARTESIAN_POINT ( 'NONE',  ( -13.11152636582909459, 37.30238675200406107, 4.908007728350618493 ) ) ;
#1037 = CARTESIAN_POINT ( 'NONE',  ( -13.79847244100381687, 19.49550621983584620, 2.373304587165864898 ) ) ;
#1038 = CARTESIAN_POINT ( 'NONE',  ( 4.346828957949950833, 38.06210116950627764, -13.30822710181430502 ) ) ;
#1039 = CARTESIAN_POINT ( 'NONE',  ( -12.44518525710365964, 22.95470779680980300, -4.755869138098234750 ) ) ;
#1040 = CARTESIAN_POINT ( 'NONE',  ( 3.995396005243984749, 21.49359955918451703, -12.76462762120061534 ) ) ;
#1041 = CARTESIAN_POINT ( 'NONE',  ( 5.109885510233895367, 22.05483704602119843, 13.03422064877895714 ) ) ;
#1042 = DIRECTION ( 'NONE',  ( 0.000000000000000000, 1.000000000000000000, 0.000000000000000000 ) ) ;
#1043 = CARTESIAN_POINT ( 'NONE',  ( -5.397017375377581416, 36.28152533023466475, 12.91794866760372251 ) ) ;
#1044 = ADVANCED_FACE ( 'NONE', ( #5548 ), #440, .F. ) ;
#1045 = CARTESIAN_POINT ( 'NONE',  ( 2.916846679560656685, 20.43815388057157634, -13.11338220583992964 ) ) ;
#1046 = PLANE ( 'NONE',  #5372 ) ;
#1047 = CARTESIAN_POINT ( 'NONE',  ( 1.187105691680280906, 19.64172905855549800, 13.43720889797981499 ) ) ;
#1048 = AXIS2_PLACEMENT_3D ( 'NONE', #1617, #3863, #5618 ) ;
#1049 = CARTESIAN_POINT ( 'NONE',  ( 13.26901741076950714, 38.55999623386285435, 2.918366865520259257 ) ) ;
#1050 = DIRECTION ( 'NONE',  ( 0.000000000000000000, -1.000000000000000000, -8.673617379884041635E-17 ) ) ;
#1051 = ORIENTED_EDGE ( 'NONE', *, *, #6747, .F. ) ;
#1052 = ADVANCED_FACE ( 'NONE', ( #5583 ), #2964, .T. ) ;
#1053 = CARTESIAN_POINT ( 'NONE',  ( -13.32027703027914356, 39.08436772205826770, 1.995988435416644835 ) ) ;
#1054 = CARTESIAN_POINT ( 'NONE',  ( 4.967480977681066001, 12.12426069434060594, 11.08997246900081635 ) ) ;
#1055 = CARTESIAN_POINT ( 'NONE',  ( 13.24628304062140671, 20.50897813276552384, 3.011998613007683456 ) ) ;
#1056 = CARTESIAN_POINT ( 'NONE',  ( -1.033665515213569419, 19.09031197219364273, -13.96209530386597741 ) ) ;
#1057 = DIRECTION ( 'NONE',  ( -0.000000000000000000, 1.000000000000000000, -0.000000000000000000 ) ) ;
#1058 = CARTESIAN_POINT ( 'NONE',  ( 13.60628134349274987, 39.48329799337724921, 0.4165012794911276406 ) ) ;
#1059 = B_SPLINE_CURVE_WITH_KNOTS ( 'NONE', 3,
 ( #622, #1326, #5855, #148, #6374, #3446, #742, #5263, #1894, #1218, #33, #3565, #5186, #67, #3002, #701, #184, #4624, #3602, #6887 ),
 .UNSPECIFIED., .F., .F.,
 ( 4, 2, 2, 2, 2, 2, 2, 2, 2, 4 ),
 ( 0.000000000000000000, 0.001507648501577161636, 0.003015297003154323273, 0.004522945504731485343, 0.006030594006308645678, 0.006784418257097228448, 0.007538242507885809483, 0.009045891009462972421, 0.01055353951104013796, 0.01206118801261730177 ),
 .UNSPECIFIED. ) ;
#1060 = CARTESIAN_POINT ( 'NONE',  ( 1.623188266949137093, 39.24068445143498707, 12.04503245539651957 ) ) ;
#1061 = EDGE_LOOP ( 'NONE', ( #1932, #2841, #3573, #3892, #923, #883, #6109 ) ) ;
#1062 = CARTESIAN_POINT ( 'NONE',  ( 2.331966488342530397, 38.92293639580776698, -13.25406959294060449 ) ) ;
#1063 = CARTESIAN_POINT ( 'NONE',  ( 4.999999999999999112, 34.50000000000000000, -12.32882846293107804 ) ) ;
#1064 = CARTESIAN_POINT ( 'NONE',  ( -3.047153119152837153, 20.53497210765113223, 13.07747853385274972 ) ) ;
#1065 = CARTESIAN_POINT ( 'NONE',  ( 12.99713951345694696, 23.25807426066227990, 5.203316305408121956 ) ) ;
#1066 = CARTESIAN_POINT ( 'NONE',  ( -12.73957129686262491, 21.58218242024631550, 4.061159762149460839 ) ) ;
#1067 = CARTESIAN_POINT ( 'NONE',  ( 12.63704651614421337, 35.68853808767278224, -4.857902941238759986 ) ) ;
#1068 = CARTESIAN_POINT ( 'NONE',  ( -4.966586009446716687, 35.16573300706093619, -11.08876428268566450 ) ) ;
#1069 = ORIENTED_EDGE ( 'NONE', *, *, #74, .T. ) ;
#1070 = CIRCLE ( 'NONE', #6674, 1.750000000000000000 ) ;
#1071 = VECTOR ( 'NONE', #5707, 1000.000000000000000 ) ;
#1072 = CARTESIAN_POINT ( 'NONE',  ( 4.583384843358182081, 22.50175850302787239, 12.52322511533069793 ) ) ;
#1073 = CARTESIAN_POINT ( 'NONE',  ( 4.631255728406176608, 21.28842224785293169, 13.21192329824238065 ) ) ;
#1074 = CARTESIAN_POINT ( 'NONE',  ( 13.95682941355264362, 39.59878600777549451, 1.099454433300149025 ) ) ;
#1075 = CARTESIAN_POINT ( 'NONE',  ( -12.80751232184685939, 35.23014672283522941, 5.654013304805371121 ) ) ;
#1076 = CARTESIAN_POINT ( 'NONE',  ( -12.80256718117381176, 23.76832863261882522, -5.665777514244615176 ) ) ;
#1077 = FACE_OUTER_BOUND ( 'NONE', #408, .T. ) ;
#1078 = CARTESIAN_POINT ( 'NONE',  ( -12.86562106096384461, 21.15678560364001015, -3.717935608200853004 ) ) ;
#1079 = CIRCLE ( 'NONE', #4310, 1.999999999999998224 ) ;
#1080 = CARTESIAN_POINT ( 'NONE',  ( -2.617713144335258146, 19.61263890154686607, 13.75334568237772537 ) ) ;
#1081 = DIRECTION ( 'NONE',  ( -1.000000000000000000, 0.000000000000000000, -1.206107350727848108E-16 ) ) ;
#1082 = CARTESIAN_POINT ( 'NONE',  ( -3.101765169835637881, 39.11649924661689681, 13.65230268329045415 ) ) ;
#1083 = CARTESIAN_POINT ( 'NONE',  ( 3.298747055674224882, 20.74235029246641915, -13.00324395399327493 ) ) ;
#1084 = CARTESIAN_POINT ( 'NONE',  ( 3.479250816711108474, 38.86190368893672087, -13.56159683871570287 ) ) ;
#1085 = VECTOR ( 'NONE', #1759, 1000.000000000000000 ) ;
#1086 = CARTESIAN_POINT ( 'NONE',  ( -1.140077555601965331, 19.63154233884544553, 13.44169410524783892 ) ) ;
#1087 = CARTESIAN_POINT ( 'NONE',  ( 13.59579675012845357, 39.45687866071999395, 0.6603861873294953888 ) ) ;
#1088 = DIRECTION ( 'NONE',  ( 0.000000000000000000, 0.000000000000000000, -1.000000000000000000 ) ) ;
#1089 = CARTESIAN_POINT ( 'NONE',  ( -1.428809295313532957, 39.29168322793552903, 13.40827102715393693 ) ) ;
#1090 = EDGE_CURVE ( 'NONE', #1663, #4630, #2291, .T. ) ;
#1091 = B_SPLINE_CURVE_WITH_KNOTS ( 'NONE', 3,
 ( #2319, #5215, #98, #4616 ),
 .UNSPECIFIED., .F., .F.,
 ( 4, 4 ),
 ( 0.000000000000000000, 0.001125842092313982792 ),
 .UNSPECIFIED. ) ;
#1092 = CARTESIAN_POINT ( 'NONE',  ( -13.46336086141257837, 39.41769880279591121, -0.9071277292712603968 ) ) ;
#1093 = CARTESIAN_POINT ( 'NONE',  ( 12.98493613916303424, 35.61716789764468416, -5.233717290291632906 ) ) ;
#1094 = CARTESIAN_POINT ( 'NONE',  ( 13.29668287967551699, 20.35746615342451094, 2.799976941313988110 ) ) ;
#1095 = CARTESIAN_POINT ( 'NONE',  ( -4.957140336659544566, 23.84158697145866768, -12.34976450109448365 ) ) ;
#1096 = CARTESIAN_POINT ( 'NONE',  ( -2.029858609477939169, 19.35697108262158750, -13.85314853604837637 ) ) ;
#1097 = CARTESIAN_POINT ( 'NONE',  ( 12.65956555677350615, 23.10985915837832394, 4.803558062457506495 ) ) ;
#1098 = CARTESIAN_POINT ( 'NONE',  ( 13.59988581010997422, 39.46718610479341294, -0.5733899484312137140 ) ) ;
#1099 = CARTESIAN_POINT ( 'NONE',  ( 13.82266141707892260, 19.75896214675950091, -2.227285010349443262 ) ) ;
#1100 = EDGE_LOOP ( 'NONE', ( #1438, #5397, #5589, #2586 ) ) ;
#1101 = CARTESIAN_POINT ( 'NONE',  ( 4.046280921109700834, 37.43756173986633229, -12.74521854766558882 ) ) ;
#1102 = CARTESIAN_POINT ( 'NONE',  ( -4.518919828210183454, 37.85705582794464874, -13.25076436672374669 ) ) ;
#1103 = CARTESIAN_POINT ( 'NONE',  ( -3.236979588150690645, 20.68901196767592765, 13.02201317247597423 ) ) ;
#1104 = CARTESIAN_POINT ( 'NONE',  ( 13.71035993061206426, 20.07753540816263893, 2.836872203723488806 ) ) ;
#1105 = CARTESIAN_POINT ( 'NONE',  ( -13.18272709041978707, 20.25609830276243173, -2.648690145665288487 ) ) ;
#1106 = EDGE_CURVE ( 'NONE', #2450, #2973, #6410, .T. ) ;
#1107 = DIRECTION ( 'NONE',  ( -0.000000000000000000, -0.000000000000000000, 1.000000000000000000 ) ) ;
#1108 = ORIENTED_EDGE ( 'NONE', *, *, #4430, .T. ) ;
#1109 = CARTESIAN_POINT ( 'NONE',  ( 18.50000000000000000, 3.499999999999984901, 0.000000000000000000 ) ) ;
#1110 = CARTESIAN_POINT ( 'NONE',  ( 4.309277088643796993, 21.96390523155032071, 12.64046198791107933 ) ) ;
#1111 = CARTESIAN_POINT ( 'NONE',  ( -13.30822710181431390, 20.93789883049376144, 4.346828957949929517 ) ) ;
#1112 = CARTESIAN_POINT ( 'NONE',  ( 13.89182580468540351, 39.42815753732423190, 1.738986191395556213 ) ) ;
#1113 = CARTESIAN_POINT ( 'NONE',  ( -13.50004493787834292, 39.50009977257072791, 0.07629025158931120043 ) ) ;
#1114 = CARTESIAN_POINT ( 'NONE',  ( -11.69315155473988099, 38.26223679250697529, -3.308983564528552357 ) ) ;
#1115 = CARTESIAN_POINT ( 'NONE',  ( -1.753299717222410958, 39.73447516623751596, -13.89007081705471336 ) ) ;
#1116 = CARTESIAN_POINT ( 'NONE',  ( -4.931696440389196745, 21.73655457231306087, 13.10263265623420104 ) ) ;
#1117 = LINE ( 'NONE', #677, #3080 ) ;
#1118 = CARTESIAN_POINT ( 'NONE',  ( -7.499999999999994671, 4.999999999999997335, -11.82159041753689088 ) ) ;
#1119 = CARTESIAN_POINT ( 'NONE',  ( -5.609139198156954720, 35.50146021935542962, -12.82723538847156242 ) ) ;
#1120 = LINE ( 'NONE', #2983, #7364 ) ;
#1121 = CARTESIAN_POINT ( 'NONE',  ( -12.95843592020236734, 22.46346777319702781, 5.299096166582413225 ) ) ;
#1122 = CARTESIAN_POINT ( 'NONE',  ( -1.535452211153304436, 19.74142468107044124, 13.39399478053787895 ) ) ;
#1123 = CARTESIAN_POINT ( 'NONE',  ( 13.15923970401098586, 38.21629367989223169, 3.345024781839542882 ) ) ;
#1124 = CARTESIAN_POINT ( 'NONE',  ( -4.957140336651826296, 35.15841302859946182, 12.34976450109949653 ) ) ;
#1125 = CARTESIAN_POINT ( 'NONE',  ( 3.111229949161838704, 38.41495623610927623, 13.05919771033387100 ) ) ;
#1126 = ORIENTED_EDGE ( 'NONE', *, *, #4496, .T. ) ;
#1127 = CARTESIAN_POINT ( 'NONE',  ( -13.45316316101658138, 39.39456306300726141, 1.022246400490778973 ) ) ;
#1128 = CARTESIAN_POINT ( 'NONE',  ( -5.395471431827361997, 22.71418041949802102, 12.91859331150836532 ) ) ;
#1129 = CARTESIAN_POINT ( 'NONE',  ( 13.16456836461158986, 20.76625574255971785, 3.325825564900082298 ) ) ;
#1130 = CARTESIAN_POINT ( 'NONE',  ( 4.835651939563322621, 21.58195463077949228, -13.13845946629018080 ) ) ;
#1131 = CARTESIAN_POINT ( 'NONE',  ( 12.85358684258238426, 21.95290868283473884, 4.302790406235993181 ) ) ;
#1132 = CARTESIAN_POINT ( 'NONE',  ( 13.08840834982581924, 37.97867755504859133, -3.592403798274742766 ) ) ;
#1133 = CARTESIAN_POINT ( 'NONE',  ( 13.01000129510569714, 23.13479694369578610, 5.171113038893082603 ) ) ;
#1134 = VERTEX_POINT ( 'NONE', #4587 ) ;
#1135 = CARTESIAN_POINT ( 'NONE',  ( 2.848367512055721917, 38.61002071744606212, -13.13155950008121842 ) ) ;
#1136 = CARTESIAN_POINT ( 'NONE',  ( -1.142580959466423796, 39.37047554443930153, -13.44254448012600101 ) ) ;
#1137 = CARTESIAN_POINT ( 'NONE',  ( -3.329240443822302886, 20.76934115238631051, 12.99383504092417319 ) ) ;
#1138 = CARTESIAN_POINT ( 'NONE',  ( 13.35785736278945457, 21.25455285421266538, 4.191772091332021333 ) ) ;
#1139 = CARTESIAN_POINT ( 'NONE',  ( -5.719933974121331140E-15, 14.00000000000000000, -12.15000000000000036 ) ) ;
#1140 = CARTESIAN_POINT ( 'NONE',  ( -13.00324395399331401, 20.74235029246642625, -3.298747055674231543 ) ) ;
#1141 = LINE ( 'NONE', #3414, #6170 ) ;
#1142 = ORIENTED_EDGE ( 'NONE', *, *, #1964, .T. ) ;
#1143 = CARTESIAN_POINT ( 'NONE',  ( 12.91531029282398535, 21.67995377885574726, 4.129020182097639768 ) ) ;
#1144 = DIRECTION ( 'NONE',  ( 0.000000000000000000, 0.000000000000000000, -1.000000000000000000 ) ) ;
#1145 = EDGE_CURVE ( 'NONE', #1663, #1692, #189, .T. ) ;
#1146 = CARTESIAN_POINT ( 'NONE',  ( -12.88210987413219399, 22.97871163223216229, 5.481982651196873668 ) ) ;
#1147 = CARTESIAN_POINT ( 'NONE',  ( 13.99908263658519303, 39.70714771495434547, 0.1827971029191762242 ) ) ;
#1148 = CARTESIAN_POINT ( 'NONE',  ( -12.83293348860775041, 37.73827407151398461, -3.810532272350978911 ) ) ;
#1149 = CARTESIAN_POINT ( 'NONE',  ( -11.18885767316186630, 36.12949136572009223, 4.738177733636974587 ) ) ;
#1150 = CARTESIAN_POINT ( 'NONE',  ( -0.3234708200035071313, 39.99133866512737256, -13.99634306545852880 ) ) ;
#1151 = CARTESIAN_POINT ( 'NONE',  ( -13.14030203582297318, 20.36712610202956597, -2.814150084871549051 ) ) ;
#1152 = EDGE_CURVE ( 'NONE', #5482, #4403, #1059, .T. ) ;
#1153 = CARTESIAN_POINT ( 'NONE',  ( -3.692554111708179487, 20.30791352827985463, 13.50430973369982190 ) ) ;
#1154 = DIRECTION ( 'NONE',  ( 0.000000000000000000, 1.000000000000000000, 8.673617379884041635E-17 ) ) ;
#1155 = CARTESIAN_POINT ( 'NONE',  ( 2.540788567326846881, 39.42738060729659111, 13.76851353488013352 ) ) ;
#1156 = CARTESIAN_POINT ( 'NONE',  ( -5.656846734249223019, 35.22651150423862987, 12.80626813905142924 ) ) ;
#1157 = CARTESIAN_POINT ( 'NONE',  ( 4.755869138121838979, 36.04529220311344773, 12.44518525709025880 ) ) ;
#1158 = CARTESIAN_POINT ( 'NONE',  ( 9.499999999999994671, 4.000000000000000000, -19.84313483298443970 ) ) ;
#1159 = CARTESIAN_POINT ( 'NONE',  ( 2.724794792029388013, 20.30759268983752364, 13.16309275359571629 ) ) ;
#1160 = CARTESIAN_POINT ( 'NONE',  ( 12.84004414895337831, 36.98350174030336746, 4.339918504463597060 ) ) ;
#1161 = CARTESIAN_POINT ( 'NONE',  ( 11.08864941799327752, 23.83787393300710633, -4.966823761539213677 ) ) ;
#1162 = CARTESIAN_POINT ( 'NONE',  ( 0.1591033311401441330, 39.49815648544492319, 13.49917357653227867 ) ) ;
#1163 = VECTOR ( 'NONE', #6098, 1000.000000000000114 ) ;
#1164 = ORIENTED_EDGE ( 'NONE', *, *, #4584, .T. ) ;
#1165 = CARTESIAN_POINT ( 'NONE',  ( -13.40811255767929921, 39.29131374492428819, -1.430002684455172535 ) ) ;
#1166 = CARTESIAN_POINT ( 'NONE',  ( -4.464371924915085721, 21.07574599895263034, 13.26925784703231770 ) ) ;
#1167 = CARTESIAN_POINT ( 'NONE',  ( 13.42168110724350960, 20.00140230452563728, -2.182720180222649908 ) ) ;
#1168 = CARTESIAN_POINT ( 'NONE',  ( 5.000540191323258554, 21.85408993357064844, -13.07651200955242388 ) ) ;
#1169 = FACE_OUTER_BOUND ( 'NONE', #6068, .T. ) ;
#1170 = CARTESIAN_POINT ( 'NONE',  ( 13.13874459922285887, 38.14925334039820370, -3.419002209330823217 ) ) ;
#1171 = LINE ( 'NONE', #5007, #4674 ) ;
#1172 = CARTESIAN_POINT ( 'NONE',  ( 13.79654439797383780, 19.83123369905021960, -2.383212122868269223 ) ) ;
#1173 = EDGE_LOOP ( 'NONE', ( #996, #4281, #2258, #3977, #1331, #3095, #6706, #1966, #5465, #3910, #2908, #7298, #4547, #727, #6342, #1448 ) ) ;
#1174 = CARTESIAN_POINT ( 'NONE',  ( 2.436749673326213284, 38.86671229388270632, -13.23144411094837558 ) ) ;
#1175 = CARTESIAN_POINT ( 'NONE',  ( -1.301616152408268112, 39.33039401446479388, -13.42498538109131268 ) ) ;
#1176 = CARTESIAN_POINT ( 'NONE',  ( -12.32882846293113488, 24.50000000000000000, -5.000000000000000000 ) ) ;
#1177 = CARTESIAN_POINT ( 'NONE',  ( 12.67334338361105139, 23.00014900896034931, -4.769921155417722325 ) ) ;
#1178 = CARTESIAN_POINT ( 'NONE',  ( -13.46975899026665324, 19.56785275347017006, 0.8250359052272990823 ) ) ;
#1179 = DIRECTION ( 'NONE',  ( -0.000000000000000000, 1.000000000000000000, -0.000000000000000000 ) ) ;
#1180 = ORIENTED_EDGE ( 'NONE', *, *, #7170, .T. ) ;
#1181 = EDGE_CURVE ( 'NONE', #5273, #4867, #2746, .T. ) ;
#1182 = CARTESIAN_POINT ( 'NONE',  ( 4.732093756845904942, 22.88478174635010731, 12.45612845990082285 ) ) ;
#1183 = CARTESIAN_POINT ( 'NONE',  ( 3.775778906249958489, 21.22221119609588769, -12.84522969843482088 ) ) ;
#1184 = CARTESIAN_POINT ( 'NONE',  ( -13.15530250175443250, 21.51230025290873371, 4.789679312829595581 ) ) ;
#1185 = CARTESIAN_POINT ( 'NONE',  ( 13.82286360204871301, 39.24122685313817271, -2.220383302429847827 ) ) ;
#1186 = CARTESIAN_POINT ( 'NONE',  ( -13.41331061875205322, 39.30332379652512031, -1.389169040376130537 ) ) ;
#1187 = CARTESIAN_POINT ( 'NONE',  ( -11.07350441368946115, 34.83436905904790848, 5.000000000000001776 ) ) ;
#1188 = CARTESIAN_POINT ( 'NONE',  ( 0.4761945032301420078, 39.98154221319886403, -13.99221015635442633 ) ) ;
#1189 = CARTESIAN_POINT ( 'NONE',  ( -13.49648408309567493, 19.50783379949565699, -0.3255932167229069751 ) ) ;
#1190 = EDGE_CURVE ( 'NONE', #934, #2027, #5813, .T. ) ;
#1191 = CIRCLE ( 'NONE', #1665, 14.00000000000000000 ) ;
#1192 = CARTESIAN_POINT ( 'NONE',  ( -4.285234809871813155, 20.86917977079010811, 13.32820183219523358 ) ) ;
#1193 = CARTESIAN_POINT ( 'NONE',  ( 13.01865565266594693, 23.06069520772237169, -5.149249162924061984 ) ) ;
#1194 = DIRECTION ( 'NONE',  ( 0.000000000000000000, -1.000000000000000000, 0.000000000000000000 ) ) ;
#1195 = CARTESIAN_POINT ( 'NONE',  ( 0.6548938153536201234, 39.96438889897551405, 13.98499269927931543 ) ) ;
#1196 = CARTESIAN_POINT ( 'NONE',  ( 4.174120316769862171, 37.25260555549478170, 12.69519241595133963 ) ) ;
#1197 = CARTESIAN_POINT ( 'NONE',  ( -13.26937275373240332, 21.07533936151218157, 4.464027169130690531 ) ) ;
#1198 = CARTESIAN_POINT ( 'NONE',  ( 0.6615497669351656507, 19.54327545544063582, 13.48066893232333996 ) ) ;
#1199 = CARTESIAN_POINT ( 'NONE',  ( 13.00569015038438891, 37.67959637791065575, 3.858781817844351814 ) ) ;
#1200 = AXIS2_PLACEMENT_3D ( 'NONE', #1436, #3713, #149 ) ;
#1201 = CARTESIAN_POINT ( 'NONE',  ( -0.1712105040747746998, 39.49774474607265518, 13.49898907600387155 ) ) ;
#1202 = EDGE_CURVE ( 'NONE', #6002, #4190, #5432, .T. ) ;
#1203 = CIRCLE ( 'NONE', #2152, 24.00000000000000355 ) ;
#1204 = ORIENTED_EDGE ( 'NONE', *, *, #1703, .F. ) ;
#1205 = CARTESIAN_POINT ( 'NONE',  ( -12.97592763959620932, 38.17875783750752561, -3.386422033169997015 ) ) ;
#1206 = CARTESIAN_POINT ( 'NONE',  ( -3.905196063649753135, 20.48741252951608161, 13.44499663422289792 ) ) ;
#1207 = VECTOR ( 'NONE', #5852, 1000.000000000000000 ) ;
#1208 = CARTESIAN_POINT ( 'NONE',  ( 13.59579675012902555, 19.54312133927867379, -0.6603861873194978305 ) ) ;
#1209 = CARTESIAN_POINT ( 'NONE',  ( -4.958924597476677576, 23.83953493882880537, -12.34890162366670907 ) ) ;
#1210 = CARTESIAN_POINT ( 'NONE',  ( 2.512136218050618375, 38.83545953026400355, -11.89073670707140096 ) ) ;
#1211 = CARTESIAN_POINT ( 'NONE',  ( 13.60170568132270041, 39.47177354358152002, -0.5321587507597194122 ) ) ;
#1212 = CARTESIAN_POINT ( 'NONE',  ( 12.80905820818841256, 36.83107217591119564, -4.423371411706278344 ) ) ;
#1213 = CARTESIAN_POINT ( 'NONE',  ( 11.14561919677888113, 35.80579182607132793, 4.837629265843686355 ) ) ;
#1214 = CARTESIAN_POINT ( 'NONE',  ( 13.87093636050374457, 19.62747810522416003, -1.903652187607990820 ) ) ;
#1215 = ORIENTED_EDGE ( 'NONE', *, *, #2645, .F. ) ;
#1216 = CARTESIAN_POINT ( 'NONE',  ( 4.598940812172643611, 36.46217458669730860, -12.51632130457723946 ) ) ;
#1217 = CARTESIAN_POINT ( 'NONE',  ( 0.4174432764730258705, 39.48322062631693541, -13.49248858780281601 ) ) ;
#1218 = CARTESIAN_POINT ( 'NONE',  ( -5.484774508932598991, 11.62094453641123692, 10.84318737860574089 ) ) ;
#1219 = CARTESIAN_POINT ( 'NONE',  ( 12.93522635583605407, 24.32635019339736004, 5.355365744444000597 ) ) ;
#1220 = CARTESIAN_POINT ( 'NONE',  ( -13.43658867178313976, 19.64320661608419627, 1.188814211917127883 ) ) ;
#1221 = CARTESIAN_POINT ( 'NONE',  ( 7.499999999999991118, 6.500000000000012434, 11.82159041753689444 ) ) ;
#1222 = ORIENTED_EDGE ( 'NONE', *, *, #3381, .T. ) ;
#1223 = CARTESIAN_POINT ( 'NONE',  ( 12.90598709213883666, 21.71971357097470445, 4.155730879722027815 ) ) ;
#1224 = CARTESIAN_POINT ( 'NONE',  ( 4.147428756009148287, 21.70733951986235866, 12.70577230645597844 ) ) ;
#1225 = CARTESIAN_POINT ( 'NONE',  ( 4.471098792121526166, 22.26117945118755159, -12.57228049768005285 ) ) ;
#1226 = ORIENTED_EDGE ( 'NONE', *, *, #2067, .T. ) ;
#1227 = CARTESIAN_POINT ( 'NONE',  ( -13.10156010981403085, 21.74054615270769730, 4.934745586796449146 ) ) ;
#1228 = CARTESIAN_POINT ( 'NONE',  ( 12.95621324616443637, 35.23365644243946804, -5.304393435362682041 ) ) ;
#1229 = CARTESIAN_POINT ( 'NONE',  ( -13.00253733355237706, 38.25680065245959582, -3.303421593126014688 ) ) ;
#1230 = CARTESIAN_POINT ( 'NONE',  ( 18.50000000000000000, 4.000000000000000000, -2.250000000000015987 ) ) ;
#1231 = CARTESIAN_POINT ( 'NONE',  ( 4.162794158420996204, 38.26094332199299686, -13.36695009634698295 ) ) ;
#1232 = CARTESIAN_POINT ( 'NONE',  ( -13.42323708763891510, 19.67381277446058618, 1.307538022162255231 ) ) ;
#1233 = CARTESIAN_POINT ( 'NONE',  ( -5.550620142217418618, 23.23107714176845207, 12.85267482874187728 ) ) ;
#1234 = CARTESIAN_POINT ( 'NONE',  ( 13.05549118195976632, 22.77384807843275993, -5.055136805291754243 ) ) ;
#1235 = CARTESIAN_POINT ( 'NONE',  ( 4.165614940494487328, 38.26119008347280470, 13.36660551364186489 ) ) ;
#1236 = CARTESIAN_POINT ( 'NONE',  ( -1.584681556434821337, 39.78365571760267727, 13.91009967128693603 ) ) ;
#1237 = CARTESIAN_POINT ( 'NONE',  ( 4.422880815324132797, 36.83200285128807394, 12.59286313942712354 ) ) ;
#1238 = CARTESIAN_POINT ( 'NONE',  ( 5.946557713996972083, 11.07674314186271758, 12.67543837723409439 ) ) ;
#1239 = FACE_OUTER_BOUND ( 'NONE', #2047, .T. ) ;
#1240 = ORIENTED_EDGE ( 'NONE', *, *, #422, .T. ) ;
#1241 = CARTESIAN_POINT ( 'NONE',  ( -12.81681985180939343, 37.68453785630166664, -3.854718054363085677 ) ) ;
#1242 = CARTESIAN_POINT ( 'NONE',  ( -4.683447163540250813, 21.35958436522543380, 13.19349785095695182 ) ) ;
#1243 = EDGE_CURVE ( 'NONE', #1655, #6509, #2745, .T. ) ;
#1244 = CARTESIAN_POINT ( 'NONE',  ( 13.10727143140677065, 20.95692597778650068, -3.527978911951532570 ) ) ;
#1245 = DIRECTION ( 'NONE',  ( 1.206107350727848108E-16, 0.000000000000000000, 1.000000000000000000 ) ) ;
#1246 = CARTESIAN_POINT ( 'NONE',  ( -4.645523755975109914, 22.64911222766746945, -12.49554036372534682 ) ) ;
#1247 = CARTESIAN_POINT ( 'NONE',  ( 7.500000000000000000, 3.499999999999982236, -59.57475013247809414 ) ) ;
#1248 = CARTESIAN_POINT ( 'NONE',  ( -5.000000000000009770, 45.00000000000000000, -11.07350441368945759 ) ) ;
#1249 = CARTESIAN_POINT ( 'NONE',  ( 12.93429922887929528, 34.50000000000000000, 5.357602398257307108 ) ) ;
#1250 = CARTESIAN_POINT ( 'NONE',  ( 13.74001212461294585, 19.99161605725723589, -2.690056535342480792 ) ) ;
#1251 = CARTESIAN_POINT ( 'NONE',  ( 4.885899535055101772, 35.56284606240986790, -12.38406334771550910 ) ) ;
#1252 = CARTESIAN_POINT ( 'NONE',  ( 2.226058449136649298, 38.98006685220516943, -13.27703707854270299 ) ) ;
#1253 = CARTESIAN_POINT ( 'NONE',  ( 0.8179480078580765312, 19.56666578741860718, -13.47028253313703239 ) ) ;
#1254 = CARTESIAN_POINT ( 'NONE',  ( -0.3306935803562495169, 19.49999999999995026, -12.15000000000001101 ) ) ;
#1255 = CARTESIAN_POINT ( 'NONE',  ( 12.96163893433580405, 23.68072854480692868, 5.291121575704481828 ) ) ;
#1256 = CARTESIAN_POINT ( 'NONE',  ( -13.58835512833718617, 38.93742329717825612, -3.370175340068902514 ) ) ;
#1257 = CARTESIAN_POINT ( 'NONE',  ( -13.35918727205280376, 19.82293488085070976, -1.769697180907767509 ) ) ;
#1258 = LINE ( 'NONE', #4591, #6765 ) ;
#1259 = ORIENTED_EDGE ( 'NONE', *, *, #1770, .T. ) ;
#1260 = CARTESIAN_POINT ( 'NONE',  ( 12.98976435078646752, 21.38088685296827407, 3.907928910942497502 ) ) ;
#1261 = CARTESIAN_POINT ( 'NONE',  ( -4.983264626890419713, 34.91692065513104382, -12.33702870230234261 ) ) ;
#1262 = ORIENTED_EDGE ( 'NONE', *, *, #4029, .F. ) ;
#1263 = DIRECTION ( 'NONE',  ( 1.000000000000000000, -0.000000000000000000, -0.000000000000000000 ) ) ;
#1264 = CARTESIAN_POINT ( 'NONE',  ( 13.66318149775766777, 38.78150037240689585, -3.053346861460875417 ) ) ;
#1265 = CARTESIAN_POINT ( 'NONE',  ( -12.04174882368335453, 39.23108761625776708, -1.626030820950573608 ) ) ;
#1266 = CARTESIAN_POINT ( 'NONE',  ( -13.03672044758907056, 20.64776201029302527, -3.187519598988493019 ) ) ;
#1267 = CARTESIAN_POINT ( 'NONE',  ( 2.854672119489193083, 20.39481803179142005, 13.12977379352218676 ) ) ;
#1268 = CYLINDRICAL_SURFACE ( 'NONE', #711, 5.000000000000000000 ) ;
#1269 = CARTESIAN_POINT ( 'NONE',  ( 5.703703114510163985, 45.00000000000000000, 12.78545152826160347 ) ) ;
#1270 = CARTESIAN_POINT ( 'NONE',  ( -0.1013573958687112031, 39.99988109358804422, 13.99994996193350971 ) ) ;
#1271 = CARTESIAN_POINT ( 'NONE',  ( 3.995396005146174989, 37.50640044094548387, 12.76462762123620109 ) ) ;
#1272 = CARTESIAN_POINT ( 'NONE',  ( 8.873904696274654895E-15, 14.00000000000000000, 14.00000000000000000 ) ) ;
#1273 = CARTESIAN_POINT ( 'NONE',  ( 12.96845317044817847, 37.53631635498184949, 3.972587232287653869 ) ) ;
#1274 = CARTESIAN_POINT ( 'NONE',  ( 4.675612838091377732, 36.27905720739332907, 12.48211962124503671 ) ) ;
#1275 = EDGE_CURVE ( 'NONE', #6432, #3306, #4553, .T. ) ;
#1276 = CARTESIAN_POINT ( 'NONE',  ( -12.95327285107046222, 38.11214033367693332, -3.457289113598270180 ) ) ;
#1277 = LINE ( 'NONE', #2875, #3951 ) ;
#1278 = CARTESIAN_POINT ( 'NONE',  ( 13.56785592536306773, 19.61415066601681900, -1.065409043043556769 ) ) ;
#1279 = FACE_OUTER_BOUND ( 'NONE', #6262, .T. ) ;
#1280 = CARTESIAN_POINT ( 'NONE',  ( 4.785711917034073615, 21.50639840755240684, -13.15674636991161250 ) ) ;
#1281 = DIRECTION ( 'NONE',  ( 0.000000000000000000, -1.000000000000000000, 0.000000000000000000 ) ) ;
#1282 = CARTESIAN_POINT ( 'NONE',  ( 0.000000000000000000, 45.00000000000000000, -14.00000000000000000 ) ) ;
#1283 = AXIS2_PLACEMENT_3D ( 'NONE', #4972, #5553, #446 ) ;
#1284 = CARTESIAN_POINT ( 'NONE',  ( 12.62570496724239710, 35.56956865933963741, -4.884925734195148195 ) ) ;
#1285 = CARTESIAN_POINT ( 'NONE',  ( 11.48392590479280528, 37.55396667497154795, 3.972288696730133850 ) ) ;
#1286 = CARTESIAN_POINT ( 'NONE',  ( 1.003394321277604195, 13.94925776874201695, -13.97262893274758611 ) ) ;
#1287 = VERTEX_POINT ( 'NONE', #6621 ) ;
#1288 = EDGE_CURVE ( 'NONE', #2552, #1550, #4681, .T. ) ;
#1289 = CARTESIAN_POINT ( 'NONE',  ( 4.932836312970105830, 35.32089825370350411, -12.36153381378430005 ) ) ;
#1290 = CARTESIAN_POINT ( 'NONE',  ( 0.9061354478495726728, 39.41789863392712334, -13.46344926528098362 ) ) ;
#1291 = CARTESIAN_POINT ( 'NONE',  ( 5.000000000000005329, 34.50000000000000000, -22.79802623035600462 ) ) ;
#1292 = CARTESIAN_POINT ( 'NONE',  ( 12.95372042521554157, 23.80920588425974316, 5.310476711572057695 ) ) ;
#1293 = LINE ( 'NONE', #4280, #2828 ) ;
#1294 = ORIENTED_EDGE ( 'NONE', *, *, #1891, .F. ) ;
#1295 = EDGE_CURVE ( 'NONE', #772, #3529, #6585, .T. ) ;
#1296 = CARTESIAN_POINT ( 'NONE',  ( -3.815211616254121196, 37.73199373308874982, -12.83115048334911812 ) ) ;
#1297 = CARTESIAN_POINT ( 'NONE',  ( 2.400313730683139024, 20.11378602182388775, -13.23929517712455706 ) ) ;
#1298 = ORIENTED_EDGE ( 'NONE', *, *, #4957, .T. ) ;
#1299 = CARTESIAN_POINT ( 'NONE',  ( -13.91009967128694136, 19.21634428239735826, 1.584681556434809124 ) ) ;
#1300 = CARTESIAN_POINT ( 'NONE',  ( 13.61430884522278184, 38.63152049965503210, -3.263716100692812372 ) ) ;
#1301 = CARTESIAN_POINT ( 'NONE',  ( -13.21135521834335691, 37.70940334180030362, -4.632874943658894296 ) ) ;
#1302 = CARTESIAN_POINT ( 'NONE',  ( -13.07983998611393162, 20.52851291110424370, -3.038730737094585077 ) ) ;
#1303 = CARTESIAN_POINT ( 'NONE',  ( 2.921370146246551336, 20.44201250136329406, 13.11200982208078969 ) ) ;
#1304 = CARTESIAN_POINT ( 'NONE',  ( -5.333225713787249411, 22.54799102846216385, -12.94441559126352281 ) ) ;
#1305 = CARTESIAN_POINT ( 'NONE',  ( 2.534690903196542333, 39.42789538011036399, 13.76890250540220251 ) ) ;
#1306 = CARTESIAN_POINT ( 'NONE',  ( 3.733008689791871060, 37.82637547620444707, 12.86033923437541304 ) ) ;
#1307 = CARTESIAN_POINT ( 'NONE',  ( 4.080777180524746584, 21.61040424099458690, 12.73191184177830415 ) ) ;
#1308 = CARTESIAN_POINT ( 'NONE',  ( 13.00633223146928508, 37.68201378030263982, 3.856787207771012138 ) ) ;
#1309 = ORIENTED_EDGE ( 'NONE', *, *, #755, .T. ) ;
#1310 = AXIS2_PLACEMENT_3D ( 'NONE', #6128, #454, #2162 ) ;
#1311 = CARTESIAN_POINT ( 'NONE',  ( -12.73191184164003786, 37.38959575850861228, -4.080777180874486376 ) ) ;
#1312 = DIRECTION ( 'NONE',  ( 0.000000000000000000, 0.000000000000000000, -1.000000000000000000 ) ) ;
#1313 = CARTESIAN_POINT ( 'NONE',  ( 13.33883638955455808, 20.23440631941241463, -2.608902171347598831 ) ) ;
#1314 = CARTESIAN_POINT ( 'NONE',  ( 0.000000000000000000, 6.500000000000000888, -59.57475013247809414 ) ) ;
#1315 = CARTESIAN_POINT ( 'NONE',  ( -1.027468082397426707, 19.60653381413742480, -13.45268050123680936 ) ) ;
#1316 = CARTESIAN_POINT ( 'NONE',  ( -5.234567704836732283, 24.50000000000000711, -12.48103615137457645 ) ) ;
#1317 = CARTESIAN_POINT ( 'NONE',  ( -4.916807255298612844, 23.59073940747576614, 12.36925077361203762 ) ) ;
#1318 = CARTESIAN_POINT ( 'NONE',  ( 12.90598709213515782, 37.28028642901033862, -4.155730879732076666 ) ) ;
#1319 = CARTESIAN_POINT ( 'NONE',  ( 12.15017074740686454, 39.50041491647707659, -0.3240451279544555585 ) ) ;
#1320 = CARTESIAN_POINT ( 'NONE',  ( 4.392387631781075719, 12.58406662970848444, -13.29479044607363747 ) ) ;
#1321 = ADVANCED_FACE ( 'NONE', ( #1994 ), #908, .T. ) ;
#1322 = ORIENTED_EDGE ( 'NONE', *, *, #3182, .T. ) ;
#1323 = DIRECTION ( 'NONE',  ( 0.000000000000000000, 1.000000000000000000, 0.000000000000000000 ) ) ;
#1324 = CARTESIAN_POINT ( 'NONE',  ( -3.205718809805649272, 38.33732132572764328, -13.03136881055138119 ) ) ;
#1325 = CARTESIAN_POINT ( 'NONE',  ( -2.505635748130229157, 20.17236649574733676, -13.21587577327476204 ) ) ;
#1326 = CARTESIAN_POINT ( 'NONE',  ( -0.5105822594690875293, 14.00000000000000000, 12.15000000000000213 ) ) ;
#1327 = CARTESIAN_POINT ( 'NONE',  ( 12.57669679534136087, 24.33315278577621044, -4.999995163604508797 ) ) ;
#1328 = CARTESIAN_POINT ( 'NONE',  ( -13.36695009634698650, 38.26094332199296133, -4.162794158420979329 ) ) ;
#1329 = AXIS2_PLACEMENT_3D ( 'NONE', #7139, #2018, #2496 ) ;
#1330 = LINE ( 'NONE', #5997, #7368 ) ;
#1331 = ORIENTED_EDGE ( 'NONE', *, *, #1504, .F. ) ;
#1332 = CARTESIAN_POINT ( 'NONE',  ( -4.989640111668570910, 34.83229802072795422, -12.33391031146497596 ) ) ;
#1333 = CARTESIAN_POINT ( 'NONE',  ( 1.022246400489377427, 19.60543693699242951, -13.45316316101667020 ) ) ;
#1334 = EDGE_CURVE ( 'NONE', #4823, #626, #425, .T. ) ;
#1335 = ORIENTED_EDGE ( 'NONE', *, *, #2507, .F. ) ;
#1336 = CARTESIAN_POINT ( 'NONE',  ( -13.79888044465191754, 19.49474254781584648, -2.366058347551254215 ) ) ;
#1337 = CARTESIAN_POINT ( 'NONE',  ( 13.21128554789683029, 37.11694170711361807, -4.632760279420756966 ) ) ;
#1338 = CARTESIAN_POINT ( 'NONE',  ( -13.85331145254939678, 39.64344277721928478, -2.028836653665785583 ) ) ;
#1339 = CARTESIAN_POINT ( 'NONE',  ( -13.04147481781262563, 20.63448230851668441, 3.171412703707011005 ) ) ;
#1340 = CARTESIAN_POINT ( 'NONE',  ( -1.304117591173080237, 19.14262949453454254, -13.94035396117776138 ) ) ;
#1341 = CARTESIAN_POINT ( 'NONE',  ( 3.692554111708182596, 38.69208647172015247, 13.50430973369982190 ) ) ;
#1342 = CARTESIAN_POINT ( 'NONE',  ( 1.995988435368454050, 39.08436772207918608, 13.32027703028639820 ) ) ;
#1343 = CARTESIAN_POINT ( 'NONE',  ( 3.816796734656607626, 21.27001900277305069, 12.83055227592488734 ) ) ;
#1344 = CARTESIAN_POINT ( 'NONE',  ( -7.500000000000000000, 6.500000000000000888, -59.57475013247809414 ) ) ;
#1345 = CARTESIAN_POINT ( 'NONE',  ( 12.04174882368335453, 19.76891238374222937, -1.626030820950573608 ) ) ;
#1346 = CARTESIAN_POINT ( 'NONE',  ( 1.310459215834450575, 19.14404658251685731, -13.93976590882808608 ) ) ;
#1347 = ORIENTED_EDGE ( 'NONE', *, *, #3969, .F. ) ;
#1348 = CARTESIAN_POINT ( 'NONE',  ( -12.70729970934293185, 37.29839264288979450, -4.143558834762033349 ) ) ;
#1349 = CARTESIAN_POINT ( 'NONE',  ( -24.00000000000000355, 34.49999999999999289, 5.000000000000000888 ) ) ;
#1350 = CARTESIAN_POINT ( 'NONE',  ( 13.01086021937194381, 21.30097027893249617, -3.842700713261288037 ) ) ;
#1351 = DIRECTION ( 'NONE',  ( -0.000000000000000000, 1.000000000000000000, -0.000000000000000000 ) ) ;
#1352 = CARTESIAN_POINT ( 'NONE',  ( -1.779421692120397136, 19.82451876022775750, -13.35839345172297854 ) ) ;
#1353 = CARTESIAN_POINT ( 'NONE',  ( 0.000000000000000000, 44.74999999999998579, 0.000000000000000000 ) ) ;
#1354 = CARTESIAN_POINT ( 'NONE',  ( -4.983264626887132565, 24.08307934483618240, 12.33702870230512971 ) ) ;
#1355 = CARTESIAN_POINT ( 'NONE',  ( 13.11511995822383270, 38.06987619912303700, -3.501183520217494571 ) ) ;
#1356 = CARTESIAN_POINT ( 'NONE',  ( -2.295026805656632973, 38.94221634158360956, 13.26186817762673797 ) ) ;
#1357 = CARTESIAN_POINT ( 'NONE',  ( 3.309382439479229276, 20.73804744802460576, -11.69304925789423244 ) ) ;
#1358 = ORIENTED_EDGE ( 'NONE', *, *, #23, .F. ) ;
#1359 = CARTESIAN_POINT ( 'NONE',  ( 4.867952758519876966, 35.64223113241171603, -12.39261419211162085 ) ) ;
#1360 = CARTESIAN_POINT ( 'NONE',  ( -5.000000000000013323, 34.49999999999997868, -12.32882846293107093 ) ) ;
#1361 = CARTESIAN_POINT ( 'NONE',  ( -0.8242388447304023202, 19.56771892208009334, -13.46981595863050529 ) ) ;
#1362 = CARTESIAN_POINT ( 'NONE',  ( -5.703698528567243464, 34.68257415134224431, 12.78545357409134375 ) ) ;
#1363 = CARTESIAN_POINT ( 'NONE',  ( 13.48780034728550525, 19.82279631517004859, 1.767897129819340218 ) ) ;
#1364 = CARTESIAN_POINT ( 'NONE',  ( -13.99508151230731912, 39.98834933704102923, -0.3827253343028675925 ) ) ;
#1365 = FACE_OUTER_BOUND ( 'NONE', #4504, .T. ) ;
#1366 = ORIENTED_EDGE ( 'NONE', *, *, #2730, .T. ) ;
#1367 = CARTESIAN_POINT ( 'NONE',  ( -4.582997241949461120, 36.50053890437310145, -12.52344162748949152 ) ) ;
#1368 = EDGE_CURVE ( 'NONE', #5191, #4823, #6938, .T. ) ;
#1369 = CARTESIAN_POINT ( 'NONE',  ( 2.712323981063381240, 20.29873831783830695, -13.16642807379296976 ) ) ;
#1370 = VERTEX_POINT ( 'NONE', #6130 ) ;
#1371 = CARTESIAN_POINT ( 'NONE',  ( -13.81329475549791752, 19.45793212523122762, -2.280491854602139323 ) ) ;
#1372 = CARTESIAN_POINT ( 'NONE',  ( 12.94165739035217655, 34.93290806195053477, -5.339812353724537886 ) ) ;
#1373 = CARTESIAN_POINT ( 'NONE',  ( -13.30606350558346485, 39.05023444236056918, 2.074142272177549984 ) ) ;
#1374 = CARTESIAN_POINT ( 'NONE',  ( -12.64046198786373587, 21.96390523175653087, 4.309277088765152364 ) ) ;
#1375 = EDGE_CURVE ( 'NONE', #395, #1287, #498, .T. ) ;
#1376 = LINE ( 'NONE', #3650, #4900 ) ;
#1377 = CARTESIAN_POINT ( 'NONE',  ( 5.691821390612619602, 34.86644052011804717, 12.79074651076274094 ) ) ;
#1378 = CARTESIAN_POINT ( 'NONE',  ( 3.717935608155306770, 37.84321439641056628, 12.86562106097982117 ) ) ;
#1379 = CARTESIAN_POINT ( 'NONE',  ( -11.55456730713114233, 21.19354297535848630, 3.764457445291690352 ) ) ;
#1380 = CARTESIAN_POINT ( 'NONE',  ( 11.07350441368944516, 24.50000000000000000, 5.000000000000000000 ) ) ;
#1381 = CARTESIAN_POINT ( 'NONE',  ( 4.166394831194860870, 20.73956431783336640, -13.36637053958041932 ) ) ;
#1382 = VERTEX_POINT ( 'NONE', #1639 ) ;
#1383 = CARTESIAN_POINT ( 'NONE',  ( -6.496004944281837723, 10.27995341674843921, 12.40538123241174340 ) ) ;
#1384 = PLANE ( 'NONE',  #4802 ) ;
#1385 = CARTESIAN_POINT ( 'NONE',  ( 12.69393507788648812, 22.84755055499136489, -4.719227134618819264 ) ) ;
#1386 = CARTESIAN_POINT ( 'NONE',  ( -4.837647005014525270, 37.41497400979642407, -13.13772417154076244 ) ) ;
#1387 = CARTESIAN_POINT ( 'NONE',  ( 0.1591033311401412464, 19.50184351455509102, -13.49917357653227867 ) ) ;
#1388 = DIRECTION ( 'NONE',  ( 1.206107350727848108E-16, -0.000000000000000000, 1.000000000000000000 ) ) ;
#1389 = CARTESIAN_POINT ( 'NONE',  ( 12.58117568320771973, 34.83269708867171488, -4.989611347304148126 ) ) ;
#1390 = CARTESIAN_POINT ( 'NONE',  ( 13.29331237436002944, 38.63255586502599925, -2.814671746346738335 ) ) ;
#1391 = CARTESIAN_POINT ( 'NONE',  ( -2.779301302195558154, 38.65638902242094588, 13.14927442024650794 ) ) ;
#1392 = CARTESIAN_POINT ( 'NONE',  ( 7.104564432235930482, 8.952381872513988981, -12.06534438308774604 ) ) ;
#1393 = ORIENTED_EDGE ( 'NONE', *, *, #1288, .F. ) ;
#1394 = CARTESIAN_POINT ( 'NONE',  ( -12.36225651903439271, 35.32690261353683780, 4.931326442104555063 ) ) ;
#1395 = CARTESIAN_POINT ( 'NONE',  ( -4.195267373628962737, 37.22145622933267362, -12.68686278043292859 ) ) ;
#1396 = DIRECTION ( 'NONE',  ( 0.000000000000000000, -1.000000000000000000, 0.000000000000000000 ) ) ;
#1397 = CARTESIAN_POINT ( 'NONE',  ( 13.43439551531576015, 19.96658612187994208, 2.109463600535169903 ) ) ;
#1398 = CARTESIAN_POINT ( 'NONE',  ( -13.97990102065496210, 39.95226839727470747, -0.7556468484564476951 ) ) ;
#1399 = CARTESIAN_POINT ( 'NONE',  ( -12.72266196392037152, 21.64376237291192950, -4.104692339770047660 ) ) ;
#1400 = FACE_OUTER_BOUND ( 'NONE', #3949, .T. ) ;
#1401 = ORIENTED_EDGE ( 'NONE', *, *, #3610, .T. ) ;
#1402 = CARTESIAN_POINT ( 'NONE',  ( -4.232370933450961381, 37.16273978146219292, -12.67188722131093037 ) ) ;
#1403 = CARTESIAN_POINT ( 'NONE',  ( 13.68598147638596707, 20.15036367285463825, -2.948779624849521497 ) ) ;
#1404 = ORIENTED_EDGE ( 'NONE', *, *, #305, .F. ) ;
#1405 = CARTESIAN_POINT ( 'NONE',  ( -13.96254142991348957, 19.08924194120341511, -1.027590024168307803 ) ) ;
#1406 = CARTESIAN_POINT ( 'NONE',  ( 13.53601445380625634, 39.30379026948074994, 1.387554253608789923 ) ) ;
#1407 = CARTESIAN_POINT ( 'NONE',  ( -13.56075670571497405, 38.85947425161585045, -3.482515782763668799 ) ) ;
#1408 = CARTESIAN_POINT ( 'NONE',  ( -13.27340801963627470, 20.02933524175967861, 2.239676352614030197 ) ) ;
#1409 = EDGE_CURVE ( 'NONE', #934, #6582, #5643, .T. ) ;
#1410 = CARTESIAN_POINT ( 'NONE',  ( -12.32882846293111534, 24.50000000000000355, 5.000000000000000000 ) ) ;
#1411 = CARTESIAN_POINT ( 'NONE',  ( -3.052251993749826475, 38.46110698344760692, 13.07604002329429171 ) ) ;
#1412 = CARTESIAN_POINT ( 'NONE',  ( 2.712323981106958382, 38.70126168213248974, 13.16642807378178048 ) ) ;
#1413 = ADVANCED_FACE ( 'NONE', ( #530 ), #3418, .T. ) ;
#1414 =( NAMED_UNIT ( * ) SI_UNIT ( $, .STERADIAN. ) SOLID_ANGLE_UNIT ( ) );
#1415 = CARTESIAN_POINT ( 'NONE',  ( 12.09663270058085516, 19.63102570928177926, -1.149054724195762267 ) ) ;
#1416 = CARTESIAN_POINT ( 'NONE',  ( 5.397625568057246248, 22.71355078499197688, -12.91778347615536582 ) ) ;
#1417 = ORIENTED_EDGE ( 'NONE', *, *, #7363, .T. ) ;
#1418 = CYLINDRICAL_SURFACE ( 'NONE', #850, 1.750000000000000000 ) ;
#1419 = DIRECTION ( 'NONE',  ( 0.000000000000000000, 0.000000000000000000, 1.000000000000000000 ) ) ;
#1420 = CARTESIAN_POINT ( 'NONE',  ( 12.58023253699967547, 24.16947626287188911, -4.991829776790742912 ) ) ;
#1421 = DIRECTION ( 'NONE',  ( -0.000000000000000000, -1.000000000000000000, -0.000000000000000000 ) ) ;
#1422 = CARTESIAN_POINT ( 'NONE',  ( 2.221969527786563425, 20.02009472017414993, -13.27715620654397632 ) ) ;
#1423 = DIRECTION ( 'NONE',  ( 1.206107350727848108E-16, 0.000000000000000000, 1.000000000000000000 ) ) ;
#1424 = EDGE_CURVE ( 'NONE', #4785, #2571, #3014, .T. ) ;
#1425 = CARTESIAN_POINT ( 'NONE',  ( -4.174120316789228902, 21.74739444453453885, 12.69519241594399439 ) ) ;
#1426 = CARTESIAN_POINT ( 'NONE',  ( 13.59614229025617327, 39.45775289877524727, -0.6538357653207546027 ) ) ;
#1427 = CARTESIAN_POINT ( 'NONE',  ( -2.239676352386971381, 38.97066475835492838, 13.27340801968176720 ) ) ;
#1428 = VECTOR ( 'NONE', #1421, 1000.000000000000000 ) ;
#1429 = ORIENTED_EDGE ( 'NONE', *, *, #6197, .F. ) ;
#1430 = CARTESIAN_POINT ( 'NONE',  ( -12.81375620131836968, 37.67432242117171626, 3.863119847288555953 ) ) ;
#1431 =( GEOMETRIC_REPRESENTATION_CONTEXT ( 3 ) GLOBAL_UNCERTAINTY_ASSIGNED_CONTEXT ( ( #6386 ) ) GLOBAL_UNIT_ASSIGNED_CONTEXT ( ( #5035, #468, #6734 ) ) REPRESENTATION_CONTEXT ( 'NONE', 'WORKASPACE' ) );
#1432 = CARTESIAN_POINT ( 'NONE',  ( -4.825236483681781152, 35.81295688305061731, -12.41282736075848980 ) ) ;
#1433 = CARTESIAN_POINT ( 'NONE',  ( -3.010043406668888810, 20.50734482984705309, -13.08770708898958723 ) ) ;
#1434 = CARTESIAN_POINT ( 'NONE',  ( -4.286578543189190960, 38.13260958656015021, 13.32818268257619287 ) ) ;
#1435 = CARTESIAN_POINT ( 'NONE',  ( 13.60628134349274987, 19.51670200662275434, -0.4165012794911255312 ) ) ;
#1436 = CARTESIAN_POINT ( 'NONE',  ( 9.499999999999994671, 0.000000000000000000, -19.84313483298443970 ) ) ;
#1437 = DIRECTION ( 'NONE',  ( 0.000000000000000000, 1.000000000000000000, -0.000000000000000000 ) ) ;
#1438 = ORIENTED_EDGE ( 'NONE', *, *, #1152, .F. ) ;
#1439 = CARTESIAN_POINT ( 'NONE',  ( -3.563797875099105283, 38.00705666742128130, -12.91828201975044799 ) ) ;
#1440 = CARTESIAN_POINT ( 'NONE',  ( 1.148536051283308712, 19.63352528258607776, 13.44082727888746298 ) ) ;
#1441 = CARTESIAN_POINT ( 'NONE',  ( 13.99903106909196104, 19.29298481074294003, 0.1705551067542654953 ) ) ;
#1442 = CIRCLE ( 'NONE', #5620, 1.750000000000000000 ) ;
#1443 = ORIENTED_EDGE ( 'NONE', *, *, #3149, .F. ) ;
#1444 = CARTESIAN_POINT ( 'NONE',  ( -13.96863872226158776, 19.07463849969100167, 0.9411519724454938673 ) ) ;
#1445 = CARTESIAN_POINT ( 'NONE',  ( -12.88990531660748573, 37.92011614878272496, 3.648191677156961799 ) ) ;
#1446 = CARTESIAN_POINT ( 'NONE',  ( -12.87057825769896802, 35.93529845116043475, -5.509242507875650396 ) ) ;
#1447 = CARTESIAN_POINT ( 'NONE',  ( -13.15636920600181803, 20.32509480425051152, 2.751414200990859094 ) ) ;
#1448 = ORIENTED_EDGE ( 'NONE', *, *, #3108, .F. ) ;
#1449 = AXIS2_PLACEMENT_3D ( 'NONE', #806, #6511, #5958 ) ;
#1450 = CARTESIAN_POINT ( 'NONE',  ( 7.499999999999994671, 3.499999999999982236, -13.56465996625054871 ) ) ;
#1451 = CARTESIAN_POINT ( 'NONE',  ( -4.549339564448419360, 36.57608232685764449, 12.53829996367958444 ) ) ;
#1452 = ADVANCED_FACE ( 'NONE', ( #3773 ), #1715, .F. ) ;
#1453 = CARTESIAN_POINT ( 'NONE',  ( 2.792180702847040230, 38.64775131876778858, 13.14597342985735473 ) ) ;
#1454 = CARTESIAN_POINT ( 'NONE',  ( -13.44522379415435509, 20.48670733931394494, 3.904406610910719166 ) ) ;
#1455 = CARTESIAN_POINT ( 'NONE',  ( 12.66700930848046447, 23.05068657135172216, 4.785381884135778030 ) ) ;
#1456 = VERTEX_POINT ( 'NONE', #2943 ) ;
#1457 = CARTESIAN_POINT ( 'NONE',  ( 4.837371801473671518, 23.19318863484703286, 11.14573164983104725 ) ) ;
#1458 = DIRECTION ( 'NONE',  ( 0.000000000000000000, 0.000000000000000000, -1.000000000000000000 ) ) ;
#1459 = CARTESIAN_POINT ( 'NONE',  ( 13.07454465739518490, 21.07008030995010373, -3.638169558422105876 ) ) ;
#1460 = CARTESIAN_POINT ( 'NONE',  ( -1.848428660229162412, 39.70630690722983758, -13.87861112517176743 ) ) ;
#1461 = CARTESIAN_POINT ( 'NONE',  ( -1.188814211917134767, 19.64320661608419272, -13.43658867178311311 ) ) ;
#1462 = CARTESIAN_POINT ( 'NONE',  ( -4.784849330108421839, 23.04892950157215736, 12.43170838603891681 ) ) ;
#1463 = CARTESIAN_POINT ( 'NONE',  ( 13.14284637577104675, 38.16250028061310218, -3.403921125375301227 ) ) ;
#1464 = CARTESIAN_POINT ( 'NONE',  ( -1.544536249440866538, 39.25613163122643812, 13.39292899315441332 ) ) ;
#1465 = ORIENTED_EDGE ( 'NONE', *, *, #6227, .F. ) ;
#1466 = CARTESIAN_POINT ( 'NONE',  ( -12.48560775838109649, 36.29378422747087996, 4.667476213607991475 ) ) ;
#1467 = CARTESIAN_POINT ( 'NONE',  ( -4.916655703749130524, 35.41007213388420638, -12.36932284729514109 ) ) ;
#1468 = CARTESIAN_POINT ( 'NONE',  ( -3.816796735053228140, 21.27001900324309602, -12.83055227578270774 ) ) ;
#1469 = CARTESIAN_POINT ( 'NONE',  ( -4.943454461573906222, 37.26673542127401362, 13.10002257257839098 ) ) ;
#1470 = CARTESIAN_POINT ( 'NONE',  ( 13.61289310296712074, 19.50010137373653407, -0.08836555026939092727 ) ) ;
#1471 = CARTESIAN_POINT ( 'NONE',  ( 4.326551671552808287, 37.01148073638392333, 11.35386782686243023 ) ) ;
#1472 = ORIENTED_EDGE ( 'NONE', *, *, #4303, .T. ) ;
#1473 = CARTESIAN_POINT ( 'NONE',  ( -2.641920017371451657, 38.74580256302113668, -13.18372039220039227 ) ) ;
#1474 = CARTESIAN_POINT ( 'NONE',  ( 3.052251993749807379, 20.53889301655240374, 13.07604002329428283 ) ) ;
#1475 = CARTESIAN_POINT ( 'NONE',  ( 13.96666127856449435, 19.37580514601740234, -0.9694957550715758154 ) ) ;
#1476 = ORIENTED_EDGE ( 'NONE', *, *, #685, .F. ) ;
#1477 = CARTESIAN_POINT ( 'NONE',  ( -12.88955923427051964, 21.08096031962739403, 3.649203048306360664 ) ) ;
#1478 = CARTESIAN_POINT ( 'NONE',  ( -12.53805450426576051, 36.57886062731408572, 4.550245928475914248 ) ) ;
#1479 = CARTESIAN_POINT ( 'NONE',  ( -12.78545200767966605, 34.86649528990393065, 5.703702039844064764 ) ) ;
#1480 = CARTESIAN_POINT ( 'NONE',  ( 1.846428518427672992E-13, 39.50000000000203926, 12.15000000000083524 ) ) ;
#1481 = CARTESIAN_POINT ( 'NONE',  ( -2.368581814670573049, 19.49342125824672323, -13.79928632305602676 ) ) ;
#1482 = CARTESIAN_POINT ( 'NONE',  ( 5.110825507945308210, 36.94826846959187350, 13.03412276383322599 ) ) ;
#1483 = CARTESIAN_POINT ( 'NONE',  ( -12.39260856760610352, 35.64427417850248503, -4.867996716262330992 ) ) ;
#1484 = CARTESIAN_POINT ( 'NONE',  ( -11.18885767316186985, 22.87050863427991487, -4.738177733636971922 ) ) ;
#1485 = CARTESIAN_POINT ( 'NONE',  ( 12.08011455369343246, 19.67209746055451092, -1.310924609962244025 ) ) ;
#1486 = CARTESIAN_POINT ( 'NONE',  ( 4.979662303810960644, 21.81660456122577685, -13.08453988145863711 ) ) ;
#1487 = ORIENTED_EDGE ( 'NONE', *, *, #4494, .F. ) ;
#1488 = CARTESIAN_POINT ( 'NONE',  ( -1.978901725835847003, 13.73851520122325276, 13.86153418999512965 ) ) ;
#1489 = CARTESIAN_POINT ( 'NONE',  ( 0.4761945032301571623, 19.01845778680115728, 13.99221015635442456 ) ) ;
#1490 = CARTESIAN_POINT ( 'NONE',  ( 12.88970055626962186, 21.78930679684389915, -4.202341554024630277 ) ) ;
#1491 = DIRECTION ( 'NONE',  ( 0.000000000000000000, 1.000000000000000000, 0.000000000000000000 ) ) ;
#1492 = DIRECTION ( 'NONE',  ( 0.000000000000000000, 0.000000000000000000, -1.000000000000000000 ) ) ;
#1493 = DIRECTION ( 'NONE',  ( -0.000000000000000000, -1.000000000000000000, -0.000000000000000000 ) ) ;
#1494 = CARTESIAN_POINT ( 'NONE',  ( -2.814150084922751205, 20.36712610206438967, 13.14030203580916201 ) ) ;
#1495 = CARTESIAN_POINT ( 'NONE',  ( 13.26214964056687329, 38.53932432722401558, -2.947140127140257970 ) ) ;
#1496 = CARTESIAN_POINT ( 'NONE',  ( -1.307538022297170421, 39.32618722550265744, 13.42323708762287460 ) ) ;
#1497 = ORIENTED_EDGE ( 'NONE', *, *, #6904, .T. ) ;
#1498 = EDGE_CURVE ( 'NONE', #6002, #7136, #1120, .T. ) ;
#1499 = CARTESIAN_POINT ( 'NONE',  ( -12.92497929227597098, 38.02737450007187192, 3.543694065370968094 ) ) ;
#1500 = CARTESIAN_POINT ( 'NONE',  ( 3.378286844337089700, 13.21398927514801080, 11.68015791284246063 ) ) ;
#1501 = CARTESIAN_POINT ( 'NONE',  ( -3.649020368487846167, 21.08075893230385844, -12.88965255406388799 ) ) ;
#1502 = CARTESIAN_POINT ( 'NONE',  ( -5.694173872587219520, 24.13416342924090685, -12.78971457666344236 ) ) ;
#1503 = CARTESIAN_POINT ( 'NONE',  ( 13.59575372283739014, 19.54323451100091447, -0.6612309441000999710 ) ) ;
#1504 = EDGE_CURVE ( 'NONE', #3751, #4888, #2308, .T. ) ;
#1505 = DIRECTION ( 'NONE',  ( 0.000000000000000000, 0.000000000000000000, -1.000000000000000000 ) ) ;
#1506 = EDGE_LOOP ( 'NONE', ( #895, #480, #1001, #591 ) ) ;
#1507 = CARTESIAN_POINT ( 'NONE',  ( -1.612621738438162922, 39.23298042330370095, -13.38301547418431170 ) ) ;
#1508 = CARTESIAN_POINT ( 'NONE',  ( 1.309464140770318918, 19.67433740367898309, 13.42300906434764585 ) ) ;
#1509 = CARTESIAN_POINT ( 'NONE',  ( 13.19505751612432576, 21.96085745348964835, -4.678927841200747118 ) ) ;
#1510 = ORIENTED_EDGE ( 'NONE', *, *, #749, .F. ) ;
#1511 = CARTESIAN_POINT ( 'NONE',  ( -13.13845946629018258, 21.58195463077951359, -4.835651939563308410 ) ) ;
#1512 = CARTESIAN_POINT ( 'NONE',  ( -13.03136881055142560, 38.33732132572763618, 3.205718809805631508 ) ) ;
#1513 = CARTESIAN_POINT ( 'NONE',  ( 7.499999999999991118, 3.833839396980629477, 13.18224679453046022 ) ) ;
#1514 = EDGE_CURVE ( 'NONE', #2027, #3569, #3366, .T. ) ;
#1515 = VECTOR ( 'NONE', #2312, 1000.000000000000000 ) ;
#1516 = CARTESIAN_POINT ( 'NONE',  ( -5.000000000000012434, 34.83410172019731732, -11.07350441368945404 ) ) ;
#1517 = VERTEX_POINT ( 'NONE', #2799 ) ;
#1518 = CARTESIAN_POINT ( 'NONE',  ( 0.1897678093020776502, 19.00000238360776805, 14.00000000000000178 ) ) ;
#1519 = CARTESIAN_POINT ( 'NONE',  ( -4.999995113876643416, 34.66709439428970541, 12.32882838044696960 ) ) ;
#1520 = CARTESIAN_POINT ( 'NONE',  ( -12.41164098637416835, 35.80365497181372092, -4.827757141743350466 ) ) ;
#1521 = LINE ( 'NONE', #4939, #6673 ) ;
#1522 = CARTESIAN_POINT ( 'NONE',  ( 5.397017375377570758, 36.28152533023468607, -12.91794866760372074 ) ) ;
#1523 = CARTESIAN_POINT ( 'NONE',  ( -12.33391031146504169, 24.16770197931412767, -4.989640111671361566 ) ) ;
#1524 = CARTESIAN_POINT ( 'NONE',  ( 12.93429922887929528, 34.50000000000000000, 5.357602398257307108 ) ) ;
#1525 = UNCERTAINTY_MEASURE_WITH_UNIT (LENGTH_MEASURE( 1.000000000000000082E-05 ), #3054, 'distance_accuracy_value', 'NONE');
#1526 = CARTESIAN_POINT ( 'NONE',  ( 3.762593316075613981, 21.19139695220547281, 11.55518111813050375 ) ) ;
#1527 = CARTESIAN_POINT ( 'NONE',  ( 2.783879528940834014, 19.69878572118999926, 13.72067480238319170 ) ) ;
#1528 = CARTESIAN_POINT ( 'NONE',  ( -7.499999999999994671, 4.000000000000000000, -12.99038105676656762 ) ) ;
#1529 = DIRECTION ( 'NONE',  ( 1.206107350727848108E-16, 0.000000000000000000, -1.000000000000000000 ) ) ;
#1530 = CARTESIAN_POINT ( 'NONE',  ( 4.104692339770046772, 21.64376237291192595, -12.72266196392032889 ) ) ;
#1531 = CARTESIAN_POINT ( 'NONE',  ( 4.462162773363316681, 37.92692084658298057, -13.27000021755873327 ) ) ;
#1532 = CARTESIAN_POINT ( 'NONE',  ( -2.940803362842101532, 20.45607565246900705, 13.10674025046709801 ) ) ;
#1533 = CARTESIAN_POINT ( 'NONE',  ( 13.46677423458906908, 39.12103949103579481, 1.909548892911065332 ) ) ;
#1534 = CARTESIAN_POINT ( 'NONE',  ( -9.499999999999994671, 4.000000000000000000, -21.34313483298442549 ) ) ;
#1535 = ORIENTED_EDGE ( 'NONE', *, *, #6957, .F. ) ;
#1536 = CARTESIAN_POINT ( 'NONE',  ( -12.77890952816417069, 37.55629289197610632, 3.957568218113729053 ) ) ;
#1537 = CARTESIAN_POINT ( 'NONE',  ( 5.649057520633439466, 11.45635469411967833, 10.76339516864089241 ) ) ;
#1538 = CARTESIAN_POINT ( 'NONE',  ( -4.339379587590557641, 22.01555816816681599, -12.62800428897515381 ) ) ;
#1539 = CARTESIAN_POINT ( 'NONE',  ( 2.018765464496686146, 19.35522881545676910, -13.85397175711802831 ) ) ;
#1540 = CARTESIAN_POINT ( 'NONE',  ( 13.13874459922285709, 20.85074665960179274, 3.419002209330817887 ) ) ;
#1541 = CARTESIAN_POINT ( 'NONE',  ( 12.59430683584536403, 35.15962217735143014, 4.959030385131694807 ) ) ;
#1542 = DIRECTION ( 'NONE',  ( 0.000000000000000000, 0.000000000000000000, -1.000000000000000000 ) ) ;
#1543 = EDGE_LOOP ( 'NONE', ( #1890, #5227, #5431, #712 ) ) ;
#1544 = VECTOR ( 'NONE', #2052, 1000.000000000000000 ) ;
#1545 = VECTOR ( 'NONE', #2824, 1000.000000000000114 ) ;
#1546 = CARTESIAN_POINT ( 'NONE',  ( -3.468797688032673854, 38.10226402869044193, -12.94980138867558850 ) ) ;
#1547 = CARTESIAN_POINT ( 'NONE',  ( -5.504343272044771140, 35.94425244600729741, -12.87256149494082536 ) ) ;
#1548 = CARTESIAN_POINT ( 'NONE',  ( -4.323240832646976450, 21.98777666588205904, 12.63468169852540157 ) ) ;
#1549 = CARTESIAN_POINT ( 'NONE',  ( 13.99315866949696563, 19.30792422313490420, -0.4462896507758006281 ) ) ;
#1550 = VERTEX_POINT ( 'NONE', #1534 ) ;
#1551 = CARTESIAN_POINT ( 'NONE',  ( -13.18168814367908581, 20.25942897350061855, 2.650315789200188288 ) ) ;
#1552 = ADVANCED_FACE ( 'NONE', ( #5647 ), #6881, .F. ) ;
#1553 = DIRECTION ( 'NONE',  ( -0.000000000000000000, -1.000000000000000000, -0.000000000000000000 ) ) ;
#1554 = CARTESIAN_POINT ( 'NONE',  ( -13.19405093482077262, 37.64257655804162539, 4.681889783449454612 ) ) ;
#1555 = CARTESIAN_POINT ( 'NONE',  ( 0.000000000000000000, 4.999999999999984013, 0.000000000000000000 ) ) ;
#1556 = EDGE_LOOP ( 'NONE', ( #267, #6662, #4165, #1971, #5851, #1497, #7237, #1801, #6542, #7157, #3044, #3768, #851, #7017, #6552, #229 ) ) ;
#1557 = CARTESIAN_POINT ( 'NONE',  ( -6.725619849626339963, 9.854529718456435106, -12.28059687414248025 ) ) ;
#1558 = CARTESIAN_POINT ( 'NONE',  ( 13.68598147638596352, 38.84963632714536175, 2.948779624849522385 ) ) ;
#1559 = CARTESIAN_POINT ( 'NONE',  ( -13.08513458396844875, 37.18524423484901575, 4.977937607998703662 ) ) ;
#1560 = CARTESIAN_POINT ( 'NONE',  ( -11.26603100564049953, 22.42087611234351741, -4.550124882505816259 ) ) ;
#1561 = CARTESIAN_POINT ( 'NONE',  ( -12.34502123843595633, 23.91959182080979573, -4.966877844262026720 ) ) ;
#1562 = VECTOR ( 'NONE', #4870, 1000.000000000000000 ) ;
#1563 = LINE ( 'NONE', #2335, #1805 ) ;
#1564 = CARTESIAN_POINT ( 'NONE',  ( 2.029858609477918741, 19.35697108262159460, 13.85314853604837637 ) ) ;
#1565 = DIRECTION ( 'NONE',  ( 0.000000000000000000, 0.000000000000000000, -1.000000000000000000 ) ) ;
#1566 = CARTESIAN_POINT ( 'NONE',  ( -4.934745586796477568, 37.25945384729232046, 13.10156010981402019 ) ) ;
#1567 = CARTESIAN_POINT ( 'NONE',  ( 2.648690145665276052, 20.25609830276241397, -13.18272709041975155 ) ) ;
#1568 = CARTESIAN_POINT ( 'NONE',  ( -24.00000000000000355, 24.50000000000000000, 0.000000000000000000 ) ) ;
#1569 = CARTESIAN_POINT ( 'NONE',  ( -3.874865514872440464, 21.34002382330780279, 12.80946492376995316 ) ) ;
#1570 = CARTESIAN_POINT ( 'NONE',  ( 13.24510700734230717, 38.48746687756371898, 3.016881992810724888 ) ) ;
#1571 = CARTESIAN_POINT ( 'NONE',  ( -4.757645877677961543, 36.03832604902812164, 12.44434331412765538 ) ) ;
#1572 = ORIENTED_EDGE ( 'NONE', *, *, #6291, .T. ) ;
#1573 = CARTESIAN_POINT ( 'NONE',  ( -13.49609145639709595, 39.49129534462240798, -0.3369661027522787844 ) ) ;
#1574 = CARTESIAN_POINT ( 'NONE',  ( 5.000000000000005329, 34.50000000000000000, -22.79802623035600462 ) ) ;
#1575 = CARTESIAN_POINT ( 'NONE',  ( 13.56814831298852653, 19.61341536907070093, 1.059690452714266540 ) ) ;
#1576 = CARTESIAN_POINT ( 'NONE',  ( -2.724794792044580749, 20.30759268984743215, -13.16309275359068920 ) ) ;
#1577 = CARTESIAN_POINT ( 'NONE',  ( -4.346828957949979255, 20.93789883049373657, -13.30822710181429969 ) ) ;
#1578 = CARTESIAN_POINT ( 'NONE',  ( 12.60328065869651581, 23.71367214691155212, 4.937956554433330147 ) ) ;
#1579 = CARTESIAN_POINT ( 'NONE',  ( 12.57669683062197663, 34.49999999999999289, 5.000000000000000888 ) ) ;
#1580 = SURFACE_STYLE_USAGE ( .BOTH. , #2655 ) ;
#1581 = CARTESIAN_POINT ( 'NONE',  ( 4.550822742738065863, 36.57758583021586674, 11.26574850964545682 ) ) ;
#1582 = VERTEX_POINT ( 'NONE', #5535 ) ;
#1583 = CARTESIAN_POINT ( 'NONE',  ( -0.8179480079008422111, 39.43333421257430871, -13.47028253313536972 ) ) ;
#1584 = CARTESIAN_POINT ( 'NONE',  ( 4.867996716262330104, 35.64427417850249924, -12.39260856760605733 ) ) ;
#1585 = CARTESIAN_POINT ( 'NONE',  ( -4.956440746733084879, 23.83623019435802348, 12.35010137138236885 ) ) ;
#1586 = CARTESIAN_POINT ( 'NONE',  ( 13.44331498349789200, 20.93656658977256768, 3.909086565241618239 ) ) ;
#1587 = CARTESIAN_POINT ( 'NONE',  ( 1.989419182315518730, 13.74857784822807361, -11.99617043311470255 ) ) ;
#1588 = CARTESIAN_POINT ( 'NONE',  ( -12.53829996367963062, 22.42391767314235551, 4.549339564448402484 ) ) ;
#1589 = CARTESIAN_POINT ( 'NONE',  ( -13.11338220583996694, 38.56184611942839524, 2.916846679560673117 ) ) ;
#1590 = CARTESIAN_POINT ( 'NONE',  ( -13.70522347014929210, 39.26049172541389964, 2.862601660302292572 ) ) ;
#1591 = CARTESIAN_POINT ( 'NONE',  ( -12.56757455095161546, 22.28247455207747052, 4.482097176791673299 ) ) ;
#1592 = EDGE_LOOP ( 'NONE', ( #4675, #470, #4224, #5579 ) ) ;
#1593 = CARTESIAN_POINT ( 'NONE',  ( 2.861566942672410185, 19.73892251589705182, 13.70544332301026991 ) ) ;
#1594 = CARTESIAN_POINT ( 'NONE',  ( 14.00001861940574521, 39.70952482528041116, -0.03780126326412042159 ) ) ;
#1595 = CARTESIAN_POINT ( 'NONE',  ( -13.67097601622316994, 39.16829146179399856, 3.021468446641569106 ) ) ;
#1596 = CARTESIAN_POINT ( 'NONE',  ( -13.26988209193487478, 21.07349714369031446, -4.462517313735022029 ) ) ;
#1597 = CARTESIAN_POINT ( 'NONE',  ( -12.42322373168367555, 23.11027366902237290, -4.803029970447089347 ) ) ;
#1598 = EDGE_CURVE ( 'NONE', #6118, #5051, #4505, .T. ) ;
#1599 = CARTESIAN_POINT ( 'NONE',  ( 4.857592969301046004, 23.31017940979833725, -12.39757199998340553 ) ) ;
#1600 = CARTESIAN_POINT ( 'NONE',  ( 5.397017375377571646, 22.71847466976534236, 12.91794866760372429 ) ) ;
#1601 = DIRECTION ( 'NONE',  ( 0.000000000000000000, 0.000000000000000000, 1.000000000000000000 ) ) ;
#1602 = CARTESIAN_POINT ( 'NONE',  ( -2.993004093864455354E-08, 19.00000048201913572, -13.99999999864344780 ) ) ;
#1603 = CARTESIAN_POINT ( 'NONE',  ( -18.50000000000000000, 4.000000000000000000, 0.000000000000000000 ) ) ;
#1604 = CARTESIAN_POINT ( 'NONE',  ( -5.496804114236679797E-15, 14.00000000000000000, -14.00000000000000000 ) ) ;
#1605 = CARTESIAN_POINT ( 'NONE',  ( 1.890898199972012916, 19.87129207750794180, 13.33881947267905232 ) ) ;
#1606 = CARTESIAN_POINT ( 'NONE',  ( 13.10604790306316936, 38.03890194756235132, 3.532163888553053077 ) ) ;
#1607 = CARTESIAN_POINT ( 'NONE',  ( -4.732093756831694975, 36.11521825369177208, 12.45612845990750728 ) ) ;
#1608 = EDGE_CURVE ( 'NONE', #4800, #1655, #5569, .T. ) ;
#1609 = ORIENTED_EDGE ( 'NONE', *, *, #4738, .F. ) ;
#1610 = CARTESIAN_POINT ( 'NONE',  ( -13.23929517711288995, 38.88621397815154523, 2.400313730728190986 ) ) ;
#1611 = DIRECTION ( 'NONE',  ( -0.000000000000000000, -0.000000000000000000, 1.000000000000000000 ) ) ;
#1612 = CARTESIAN_POINT ( 'NONE',  ( 13.60008458088473837, 19.53230786050903234, 0.5735390333276840780 ) ) ;
#1613 = CARTESIAN_POINT ( 'NONE',  ( -2.372282631324163837, 19.49509235997916079, -13.79863535750954462 ) ) ;
#1614 = CARTESIAN_POINT ( 'NONE',  ( 12.83109231094087832, 22.05961431234695169, 4.364195508483840413 ) ) ;
#1615 = CARTESIAN_POINT ( 'NONE',  ( 13.44069452683205057, 39.05057808837593569, -2.072179995245715833 ) ) ;
#1616 = DIRECTION ( 'NONE',  ( 0.000000000000000000, 0.000000000000000000, 1.000000000000000000 ) ) ;
#1617 = CARTESIAN_POINT ( 'NONE',  ( 0.000000000000000000, 4.000000000000000000, 0.000000000000000000 ) ) ;
#1618 = B_SPLINE_CURVE_WITH_KNOTS ( 'NONE', 3,
 ( #6642, #5630, #3345, #7384 ),
 .UNSPECIFIED., .F., .F.,
 ( 4, 4 ),
 ( 0.000000000000000000, 1.000000000000000000 ),
 .UNSPECIFIED. ) ;
#1619 = ORIENTED_EDGE ( 'NONE', *, *, #1608, .F. ) ;
#1620 = CARTESIAN_POINT ( 'NONE',  ( 3.305828676084123785, 38.25130306676637559, -13.00104079335891605 ) ) ;
#1621 = CARTESIAN_POINT ( 'NONE',  ( 4.442776316276319193, 36.79528082177496628, -12.58446503268415029 ) ) ;
#1622 = CARTESIAN_POINT ( 'NONE',  ( -4.983355963618940621, 24.08399059500366235, 12.33698375886566190 ) ) ;
#1623 = CARTESIAN_POINT ( 'NONE',  ( 13.54673223617781908, 20.58411051771647848, 3.533726019261810070 ) ) ;
#1624 = CARTESIAN_POINT ( 'NONE',  ( -12.32882838044701757, 24.33290560571027683, 4.999995113876630981 ) ) ;
#1625 = CARTESIAN_POINT ( 'NONE',  ( 13.05253709908143200, 37.85177260537921740, -3.710209310821894757 ) ) ;
#1626 = DIRECTION ( 'NONE',  ( -0.5443312118026726321, 0.000000000000000000, 0.8388703903806797868 ) ) ;
#1627 = CARTESIAN_POINT ( 'NONE',  ( -12.42184610739128736, 23.11833329515870261, 4.806041646969182679 ) ) ;
#1628 = ORIENTED_EDGE ( 'NONE', *, *, #4726, .F. ) ;
#1629 = CYLINDRICAL_SURFACE ( 'NONE', #4424, 12.15000000000000036 ) ;
#1630 = CARTESIAN_POINT ( 'NONE',  ( 5.656845037531003761, 23.77358202297778433, 12.80626874498441481 ) ) ;
#1631 = CARTESIAN_POINT ( 'NONE',  ( 13.85879477039481777, 39.33945184168603504, 1.985048289931448773 ) ) ;
#1632 = CARTESIAN_POINT ( 'NONE',  ( -12.56871297596166492, 36.72287560563405862, -4.479445552867579394 ) ) ;
#1633 = CARTESIAN_POINT ( 'NONE',  ( -13.03173118336709457, 22.04665807217779161, -5.118402790780265832 ) ) ;
#1634 = CARTESIAN_POINT ( 'NONE',  ( -12.36925077361327929, 23.59073940744844222, -4.916807255293481838 ) ) ;
#1635 = CARTESIAN_POINT ( 'NONE',  ( 4.784849330110129806, 23.04892950157773868, -12.43170838603782258 ) ) ;
#1636 = CARTESIAN_POINT ( 'NONE',  ( 0.1013573958686969090, 19.00011890641196644, 13.99994996193350971 ) ) ;
#1637 = CARTESIAN_POINT ( 'NONE',  ( -7.499999999999994671, 3.499999999999985789, -13.56465996626271320 ) ) ;
#1638 = CARTESIAN_POINT ( 'NONE',  ( -5.189616448541761962, 36.78369036133909731, 13.00268122915529645 ) ) ;
#1639 = CARTESIAN_POINT ( 'NONE',  ( 5.703703114510170202, 34.50000000000000000, 12.78545152826160347 ) ) ;
#1640 = CARTESIAN_POINT ( 'NONE',  ( 5.703703114510183525, 34.50000000000000000, -12.78545152826159992 ) ) ;
#1641 = CARTESIAN_POINT ( 'NONE',  ( -2.485718513735858615, 20.16134580003073040, 13.22029294185263204 ) ) ;
#1642 = CARTESIAN_POINT ( 'NONE',  ( 13.14800007877735588, 38.17952311802941523, 3.385586293077165632 ) ) ;
#1643 = CARTESIAN_POINT ( 'NONE',  ( -5.000000000000013323, 34.66516375190581556, 12.32882838140000992 ) ) ;
#1644 = CARTESIAN_POINT ( 'NONE',  ( 2.509765903596073766, 38.82753481683850794, 13.21567769546506099 ) ) ;
#1645 = ORIENTED_EDGE ( 'NONE', *, *, #879, .F. ) ;
#1646 = CARTESIAN_POINT ( 'NONE',  ( -13.22029294184582326, 38.83865419996314472, 2.485718513746603353 ) ) ;
#1647 = CARTESIAN_POINT ( 'NONE',  ( 13.93459602943312348, 39.54134333282558345, -1.395125155279520079 ) ) ;
#1648 = ADVANCED_FACE ( 'NONE', ( #2838 ), #2720, .F. ) ;
#1649 = CARTESIAN_POINT ( 'NONE',  ( 13.51884122014572398, 19.74096063106429000, 1.534011807769767088 ) ) ;
#1650 = CARTESIAN_POINT ( 'NONE',  ( -4.894093393220440014, 23.47551211075677458, -12.38014579233137269 ) ) ;
#1651 = CARTESIAN_POINT ( 'NONE',  ( -4.162794158421020185, 20.73905667800701380, -13.36695009634697229 ) ) ;
#1652 = CARTESIAN_POINT ( 'NONE',  ( 12.78137704692133525, 22.31308749550719028, 4.496562282723019166 ) ) ;
#1653 = CARTESIAN_POINT ( 'NONE',  ( 13.26980092938373623, 38.56259634965154959, -2.915801887178941953 ) ) ;
#1654 = CARTESIAN_POINT ( 'NONE',  ( 13.64735888225361649, 20.26577383374716845, 3.125947201020007338 ) ) ;
#1655 = VERTEX_POINT ( 'NONE', #5607 ) ;
#1656 = CARTESIAN_POINT ( 'NONE',  ( 3.920549921289607553, 37.60447694035091359, -12.79281226040130193 ) ) ;
#1657 = CARTESIAN_POINT ( 'NONE',  ( -5.000540191323278982, 37.14591006642934445, -13.07651200955241677 ) ) ;
#1658 = CARTESIAN_POINT ( 'NONE',  ( -2.916846679560673561, 20.43815388057157634, 13.11338220583994207 ) ) ;
#1659 = CARTESIAN_POINT ( 'NONE',  ( 13.64711086224231273, 20.26719912671506663, 3.124341436718621967 ) ) ;
#1660 = CARTESIAN_POINT ( 'NONE',  ( -12.94439843765959886, 36.45188152220489997, -5.333266973458572480 ) ) ;
#1661 = CARTESIAN_POINT ( 'NONE',  ( -13.42498538109134465, 19.66960598553522388, -1.301616152408235028 ) ) ;
#1662 = DIRECTION ( 'NONE',  ( 8.659560562354937789E-17, 0.7071067811865470176, -0.7071067811865479058 ) ) ;
#1663 = VERTEX_POINT ( 'NONE', #6243 ) ;
#1664 = CARTESIAN_POINT ( 'NONE',  ( 9.499999999999991118, 4.000000000000000000, 19.84313483298443970 ) ) ;
#1665 = AXIS2_PLACEMENT_3D ( 'NONE', #1906, #7163, #4829 ) ;
#1666 = DIRECTION ( 'NONE',  ( -0.000000000000000000, -1.000000000000000000, -0.000000000000000000 ) ) ;
#1667 = CARTESIAN_POINT ( 'NONE',  ( 5.333230294001524818, 22.54800269016178405, 12.94441370304188688 ) ) ;
#1668 = CARTESIAN_POINT ( 'NONE',  ( 13.25728630060668323, 37.32894828575782498, 4.499664409926833031 ) ) ;
#1669 = CARTESIAN_POINT ( 'NONE',  ( -13.11200982208081989, 38.55798749863669173, -2.921370146246552224 ) ) ;
#1670 = CARTESIAN_POINT ( 'NONE',  ( -4.370954805476499282E-15, 24.49999999999999645, -22.79802623035600462 ) ) ;
#1671 = CARTESIAN_POINT ( 'NONE',  ( -0.4658398471838943178, 39.98181724076224697, -13.99232828075661139 ) ) ;
#1672 = CARTESIAN_POINT ( 'NONE',  ( -12.88048916269685584, 21.10969007501356032, -3.675245137617697999 ) ) ;
#1673 = VECTOR ( 'NONE', #1245, 1000.000000000000000 ) ;
#1674 = CARTESIAN_POINT ( 'NONE',  ( -2.366058347551273755, 19.49474254781580385, 13.79888044465191577 ) ) ;
#1675 = CARTESIAN_POINT ( 'NONE',  ( 4.966586009446703365, 23.83426699293904960, -11.08876428268567338 ) ) ;
#1676 = CARTESIAN_POINT ( 'NONE',  ( 0.000000000000000000, 45.00000000000000000, 0.000000000000000000 ) ) ;
#1677 = CARTESIAN_POINT ( 'NONE',  ( -4.686389991307228442, 37.63631391337810328, 13.19245092321893509 ) ) ;
#1678 = CARTESIAN_POINT ( 'NONE',  ( 4.803029970469003374, 35.88972633090215680, 12.42322373167505134 ) ) ;
#1679 = CARTESIAN_POINT ( 'NONE',  ( 4.943445239479028253, 37.26675102668719575, -13.10002609458190825 ) ) ;
#1680 = VECTOR ( 'NONE', #4263, 1000.000000000000000 ) ;
#1681 = CARTESIAN_POINT ( 'NONE',  ( 2.505635748099484861, 20.17236649572954477, 13.21587577328461727 ) ) ;
#1682 = CARTESIAN_POINT ( 'NONE',  ( 13.20844776803730092, 38.37377311202047281, 3.161327819943700934 ) ) ;
#1683 = CARTESIAN_POINT ( 'NONE',  ( -4.605869013914868582, 36.44587278696941013, 12.51323822059113766 ) ) ;
#1684 = CARTESIAN_POINT ( 'NONE',  ( 2.850616527814567203, 38.60859452342700848, 13.13100570689688418 ) ) ;
#1685 = ORIENTED_EDGE ( 'NONE', *, *, #4999, .F. ) ;
#1686 = CARTESIAN_POINT ( 'NONE',  ( -13.27340801964405159, 38.97066475826042620, -2.239676352574201612 ) ) ;
#1687 = DIRECTION ( 'NONE',  ( 0.000000000000000000, 0.000000000000000000, 1.000000000000000000 ) ) ;
#1688 = CARTESIAN_POINT ( 'NONE',  ( -4.605869013912464283, 22.55412721302484158, -12.51323822059233493 ) ) ;
#1689 = CARTESIAN_POINT ( 'NONE',  ( 0.6548938153536201234, 19.03561110102451082, -13.98499269927931543 ) ) ;
#1690 = CARTESIAN_POINT ( 'NONE',  ( 12.80218565964483268, 22.20370692471231067, 4.441700470357060837 ) ) ;
#1691 = CARTESIAN_POINT ( 'NONE',  ( 12.98493613916367906, 23.38283210234454756, 5.233717290290038626 ) ) ;
#1692 = VERTEX_POINT ( 'NONE', #3359 ) ;
#1693 = EDGE_CURVE ( 'NONE', #1517, #395, #534, .T. ) ;
#1694 = CARTESIAN_POINT ( 'NONE',  ( 1.794436175767047503, 39.16722618592395833, -13.35503419094721700 ) ) ;
#1695 = CARTESIAN_POINT ( 'NONE',  ( 4.827757141743347802, 35.80365497181373513, -12.41164098637412039 ) ) ;
#1696 = CARTESIAN_POINT ( 'NONE',  ( -0.6563298320562616084, 19.54257621979901671, 13.48098204071393980 ) ) ;
#1697 = CARTESIAN_POINT ( 'NONE',  ( 13.21906225659761347, 21.84619700710420886, 4.610528039929819855 ) ) ;
#1698 = CARTESIAN_POINT ( 'NONE',  ( 1.010266865804380743, 13.94842469013720354, -12.11797238002951715 ) ) ;
#1699 = CARTESIAN_POINT ( 'NONE',  ( -13.44082727888748252, 19.63352528258609553, 1.148536051283316262 ) ) ;
#1700 = LINE ( 'NONE', #5190, #693 ) ;
#1701 = VERTEX_POINT ( 'NONE', #682 ) ;
#1702 = CARTESIAN_POINT ( 'NONE',  ( 13.05808463040698619, 21.12836587360531126, 3.692196521378386720 ) ) ;
#1703 = EDGE_CURVE ( 'NONE', #5629, #5473, #2906, .T. ) ;
#1704 = CARTESIAN_POINT ( 'NONE',  ( 4.201821230709265720, 21.78849851027360529, 12.68425347633661460 ) ) ;
#1705 = CARTESIAN_POINT ( 'NONE',  ( -7.499999999999994671, 6.500000000000012434, -11.82159041753689088 ) ) ;
#1706 = CARTESIAN_POINT ( 'NONE',  ( 13.75415739477019628, 39.04851486223785884, 2.613279471747851357 ) ) ;
#1707 = CARTESIAN_POINT ( 'NONE',  ( -13.49647389307612677, 39.49212649247933626, 0.2835621117645396039 ) ) ;
#1708 = CARTESIAN_POINT ( 'NONE',  ( -12.80623645755838425, 35.22585382126052167, -5.656918016720432263 ) ) ;
#1709 = CARTESIAN_POINT ( 'NONE',  ( -0.1814956330750366609, 39.99797165681350464, -13.99914273714450808 ) ) ;
#1710 = CARTESIAN_POINT ( 'NONE',  ( -13.39399478054642856, 19.74142468105186765, -1.535452211095236663 ) ) ;
#1711 = CARTESIAN_POINT ( 'NONE',  ( -1.027590024168312910, 19.08924194120338313, 13.96254142991349134 ) ) ;
#1712 = DIRECTION ( 'NONE',  ( 0.000000000000000000, 1.000000000000000000, 0.000000000000000000 ) ) ;
#1713 = CARTESIAN_POINT ( 'NONE',  ( 4.943852596224455276, 37.26638762965628615, 13.09989799719395442 ) ) ;
#1714 = CARTESIAN_POINT ( 'NONE',  ( -5.397625568112373706, 36.28644921488188402, -12.91778347613205291 ) ) ;
#1715 = PLANE ( 'NONE',  #3066 ) ;
#1716 = CARTESIAN_POINT ( 'NONE',  ( 2.436749673367377245, 20.13328770613943064, 13.23144411094086337 ) ) ;
#1717 = CARTESIAN_POINT ( 'NONE',  ( 12.99555613892900752, 37.64136355995012195, 3.890214725402168394 ) ) ;
#1718 = CYLINDRICAL_SURFACE ( 'NONE', #1747, 1.999999999999998224 ) ;
#1719 = CARTESIAN_POINT ( 'NONE',  ( -0.3355060095337711878, 39.48940892125602886, 13.49525739537453717 ) ) ;
#1720 = ORIENTED_EDGE ( 'NONE', *, *, #341, .T. ) ;
#1721 = CARTESIAN_POINT ( 'NONE',  ( -13.31025193672235041, 39.06028194925882957, 2.051012581534948254 ) ) ;
#1722 = CARTESIAN_POINT ( 'NONE',  ( -5.000000000000007105, 34.49999999999998579, -22.79802623035600462 ) ) ;
#1723 = CARTESIAN_POINT ( 'NONE',  ( 13.26901741074994767, 20.44000376619695558, -2.918366865603308824 ) ) ;
#1724 = CARTESIAN_POINT ( 'NONE',  ( 3.327365498151764633, 20.03196965641458505, -13.59906280377224519 ) ) ;
#1725 = CARTESIAN_POINT ( 'NONE',  ( 18.50000000000000000, 3.499999999999984901, -1.750000000000000000 ) ) ;
#1726 = CARTESIAN_POINT ( 'NONE',  ( 13.61289310296712074, 39.49989862626349435, 0.08836555026938618107 ) ) ;
#1727 = CARTESIAN_POINT ( 'NONE',  ( 13.82373690273494482, 19.75599654563354690, 2.220627992964188557 ) ) ;
#1728 = ADVANCED_FACE ( 'NONE', ( #1239 ), #5171, .T. ) ;
#1729 = ORIENTED_EDGE ( 'NONE', *, *, #2873, .F. ) ;
#1730 = CARTESIAN_POINT ( 'NONE',  ( 2.352015372865881915, 38.91230030851853172, -13.24978018892406517 ) ) ;
#1731 = CARTESIAN_POINT ( 'NONE',  ( 1.779421692120376042, 39.17548123977225316, -13.35839345172297676 ) ) ;
#1732 = CARTESIAN_POINT ( 'NONE',  ( -4.487221415181276818, 22.27024279929997164, -11.29185231098427522 ) ) ;
#1733 = CARTESIAN_POINT ( 'NONE',  ( 13.15184544376767484, 22.18334891406068010, 4.798896066459632515 ) ) ;
#1734 = EDGE_CURVE ( 'NONE', #4392, #5077, #2727, .T. ) ;
#1735 = CARTESIAN_POINT ( 'NONE',  ( 6.093397410269742132, 10.87925070610015865, -10.51271440357189135 ) ) ;
#1736 = CARTESIAN_POINT ( 'NONE',  ( -7.499999999999992006, 45.00000000000000000, 9.558896379812898303 ) ) ;
#1737 = ORIENTED_EDGE ( 'NONE', *, *, #4726, .T. ) ;
#1738 = CARTESIAN_POINT ( 'NONE',  ( -5.000000000000007105, 34.49999999999998579, -22.79802623035600462 ) ) ;
#1739 = B_SPLINE_CURVE_WITH_KNOTS ( 'NONE', 3,
 ( #5146, #2287, #4582, #6847, #1392, #3598, #5361, #5298, #4164, #5808, #2505, #5886, #1320, #1955, #6405, #4130, #1853, #6442, #2402, #1286, #143, #4741 ),
 .UNSPECIFIED., .F., .F.,
 ( 4, 2, 2, 2, 2, 2, 2, 2, 2, 2, 4 ),
 ( 1.153949739205086528E-17, 0.001494639340171120085, 0.002989278680342226293, 0.004483918020513332284, 0.005978557360684437841, 0.006725877030769993221, 0.007473196700855546000, 0.008967836041026661098, 0.009715155711112217346, 0.01046247538119777533, 0.01195711472136888956 ),
 .UNSPECIFIED. ) ;
#1740 = EDGE_CURVE ( 'NONE', #5758, #4002, #6522, .T. ) ;
#1741 = CARTESIAN_POINT ( 'NONE',  ( -12.91794866760374028, 22.71847466976534591, 5.397017375377546777 ) ) ;
#1742 = CARTESIAN_POINT ( 'NONE',  ( 13.64711086224230918, 38.73280087328495824, -3.124341436718627296 ) ) ;
#1743 = CARTESIAN_POINT ( 'NONE',  ( -12.66791627514803764, 37.14756896793885232, -4.242281882313521102 ) ) ;
#1744 = CARTESIAN_POINT ( 'NONE',  ( -12.09663270058085871, 39.36897429071822785, -1.149054724195764710 ) ) ;
#1745 = CARTESIAN_POINT ( 'NONE',  ( 3.370175340068925163, 38.93742329717827744, -13.58835512833718084 ) ) ;
#1746 = CARTESIAN_POINT ( 'NONE',  ( -13.23176100206423556, 20.13261207686401022, -2.434399678955747159 ) ) ;
#1747 = AXIS2_PLACEMENT_3D ( 'NONE', #1842, #4001, #5837 ) ;
#1748 = CARTESIAN_POINT ( 'NONE',  ( -0.5132620449310288935, 19.02212257335657952, 13.99066853216511319 ) ) ;
#1749 = CARTESIAN_POINT ( 'NONE',  ( 12.95240995223144864, 23.81274261874785125, -5.313702616882108209 ) ) ;
#1750 = LINE ( 'NONE', #1269, #2041 ) ;
#1751 = CARTESIAN_POINT ( 'NONE',  ( 4.462181413903412164, 37.92689523547583974, 13.26999340780638015 ) ) ;
#1752 = CARTESIAN_POINT ( 'NONE',  ( 5.234567704836728730, 24.50000000000000711, 12.48103615137459244 ) ) ;
#1753 = CARTESIAN_POINT ( 'NONE',  ( -13.24969186814003308, 21.14686356288096292, 4.522068370577166263 ) ) ;
#1754 = CARTESIAN_POINT ( 'NONE',  ( -2.641920017534909348, 20.25419743708058107, 13.18372039216425229 ) ) ;
#1755 = CARTESIAN_POINT ( 'NONE',  ( 12.76664035652339457, 36.60609678772972586, 4.534976456711673265 ) ) ;
#1756 = CARTESIAN_POINT ( 'NONE',  ( 0.000000000000000000, 4.000000000000000000, 0.000000000000000000 ) ) ;
#1757 = EDGE_LOOP ( 'NONE', ( #2447, #1164, #6413, #4812 ) ) ;
#1758 = CARTESIAN_POINT ( 'NONE',  ( -12.60448929716987720, 36.88334718825225877, -4.395423387870551757 ) ) ;
#1759 = DIRECTION ( 'NONE',  ( -0.000000000000000000, -0.000000000000000000, 1.000000000000000000 ) ) ;
#1760 = CONICAL_SURFACE ( 'NONE', #6524, 1.499999999999984013, 0.7853981633974447263 ) ;
#1761 = CARTESIAN_POINT ( 'NONE',  ( 13.18493920837639699, 20.70057075146768000, -3.250727028815435737 ) ) ;
#1762 = CARTESIAN_POINT ( 'NONE',  ( -4.827757141743362901, 23.19634502818627553, -12.41164098637411684 ) ) ;
#1763 = CARTESIAN_POINT ( 'NONE',  ( 5.000000000000005329, 34.50000000000000000, -11.07350441368946115 ) ) ;
#1764 = CARTESIAN_POINT ( 'NONE',  ( 12.91531029283870780, 37.32004622120410176, -4.129020182057434596 ) ) ;
#1765 = CARTESIAN_POINT ( 'NONE',  ( 11.35218299443599577, 37.01360637416188126, 4.334463396751603526 ) ) ;
#1766 = CARTESIAN_POINT ( 'NONE',  ( 13.71045640183131553, 20.07724927515209146, 2.836430083410154346 ) ) ;
#1767 = EDGE_LOOP ( 'NONE', ( #3232, #187, #7308, #5182, #2493 ) ) ;
#1768 = CARTESIAN_POINT ( 'NONE',  ( 4.118073773692549011, 37.33585170136399256, -12.71733177539703519 ) ) ;
#1769 = CARTESIAN_POINT ( 'NONE',  ( -0.1591033311401672534, 39.49815648544491609, -13.49917357653227512 ) ) ;
#1770 = EDGE_CURVE ( 'NONE', #2552, #4141, #6837, .T. ) ;
#1771 = CARTESIAN_POINT ( 'NONE',  ( -5.000000000000012434, 24.16545597607326101, -11.07350441368945759 ) ) ;
#1772 = CARTESIAN_POINT ( 'NONE',  ( 12.80160113952101497, 22.20591726475677063, -4.443395902166747291 ) ) ;
#1773 = CARTESIAN_POINT ( 'NONE',  ( -13.79863535750954817, 39.50490764002081079, -2.372282631324148294 ) ) ;
#1774 = CARTESIAN_POINT ( 'NONE',  ( -13.13100570689691082, 20.39140547657299507, -2.850616527814576528 ) ) ;
#1775 = DIRECTION ( 'NONE',  ( 0.000000000000000000, 1.000000000000000000, 0.000000000000000000 ) ) ;
#1776 = EDGE_LOOP ( 'NONE', ( #5927, #157, #747, #5219 ) ) ;
#1777 = CARTESIAN_POINT ( 'NONE',  ( 13.09168642035251118, 21.01038018899156867, 3.580916483721735322 ) ) ;
#1778 = CARTESIAN_POINT ( 'NONE',  ( 4.918612659159258271, 23.59769638356359067, 12.36839355455219192 ) ) ;
#1779 = CARTESIAN_POINT ( 'NONE',  ( 5.000000000000000000, 24.41707878049244940, -12.32882844322069005 ) ) ;
#1780 = VERTEX_POINT ( 'NONE', #53 ) ;
#1781 = DIRECTION ( 'NONE',  ( -0.000000000000000000, -0.000000000000000000, 1.000000000000000000 ) ) ;
#1782 = CARTESIAN_POINT ( 'NONE',  ( 13.19592812152363237, 37.04262687720279246, -4.676324864543349058 ) ) ;
#1783 = CARTESIAN_POINT ( 'NONE',  ( -12.73957129686263201, 37.41781757975368805, -4.061159762149457286 ) ) ;
#1784 = CARTESIAN_POINT ( 'NONE',  ( -11.08878998061427090, 35.16627549431789390, 4.966530246183457287 ) ) ;
#1785 = CIRCLE ( 'NONE', #3452, 14.00000000000000000 ) ;
#1786 = CARTESIAN_POINT ( 'NONE',  ( 3.554683097614839582, 38.80216104463909943, -13.54140589079207757 ) ) ;
#1787 = CARTESIAN_POINT ( 'NONE',  ( -13.46336086141335819, 19.58230119720269968, 0.9071277292643415979 ) ) ;
#1788 = B_SPLINE_CURVE_WITH_KNOTS ( 'NONE', 3,
 ( #3326, #397, #5503, #500, #7289, #5611, #6655, #2802, #1537, #6102, #1054, #7185, #4348, #432, #1500, #2170, #2685, #4458, #4990, #6729 ),
 .UNSPECIFIED., .F., .F.,
 ( 4, 2, 2, 2, 2, 2, 2, 2, 2, 4 ),
 ( 1.153949739205086374E-17, 0.001506762013533353289, 0.003013524027066695303, 0.004520286040600036449, 0.006027048054133378463, 0.006780429060900051638, 0.007533810067666723946, 0.009040572081200065960, 0.01054733409473340711, 0.01205409610826674999 ),
 .UNSPECIFIED. ) ;
#1789 = ADVANCED_FACE ( 'NONE', ( #4609 ), #1718, .T. ) ;
#1790 = CIRCLE ( 'NONE', #6082, 1.750000000000000000 ) ;
#1791 = CARTESIAN_POINT ( 'NONE',  ( -3.967735243300697157, 20.54786232773453492, 13.42615781097219063 ) ) ;
#1792 = CARTESIAN_POINT ( 'NONE',  ( 13.12373449485286692, 22.33833286885633385, -4.875365115743115041 ) ) ;
#1793 = CARTESIAN_POINT ( 'NONE',  ( 0.000000000000000000, 4.000000000000000000, 0.000000000000000000 ) ) ;
#1794 = CARTESIAN_POINT ( 'NONE',  ( -1.172074580325988435, 39.88281233726794284, 13.95092769689342838 ) ) ;
#1795 = B_SPLINE_CURVE_WITH_KNOTS ( 'NONE', 3,
 ( #6926, #740, #5299, #2098, #3109, #2650, #2065, #1394, #945, #3671, #4383, #5956, #7254, #3177, #5399, #5467, #872, #3817, #6061, #1466, #7148, #361, #291, #4955, #4347, #6101, #3143, #4236, #396, #4845, #836, #7218, #4921, #6654, #4274, #985, #2541, #6543, #3213, #5537, #5502, #7184, #1536, #1991, #906, #7113, #3251, #1430, #431, #2612, #3706, #5992, #5433, #4312, #2684, #324, #6618, #4989, #2572, #4880, #1499, #2028, #6583, #3744, #3779, #6025, #5029, #3325, #499, #4497, #7288, #21, #5651, #5572, #6245, #5138, #2281, #3434, #4576, #6840, #6763, #1646, #537, #1610, #462, #6692, #5722, #3930, #1721, #1053, #2204, #2135, #5683, #2874, #5174, #4003, #2169, #2722, #4457, #7329, #6136, #1127, #6208, #5610, #2242, #3399, #574, #6279, #4538, #1573, #2801, #3856, #610, #1092, #7366, #1016, #2842, #3285, #1165, #6728, #4422, #3360, #3893, #6172, #2765, #5069, #5105, #6804, #1686, #3970, #6321, #5877, #5290, #1913, #6359, #55, #3588, #647, #4040, #762, #729, #6396, #5799, #7032, #4651, #5840, #3024, #4691, #6914, #2988, #5321, #5210, #4121, #2909, #6433, #1205, #6467, #1276, #94, #3472, #2352, #4191, #2315, #171, #208, #4083, #2462, #2429, #1802, #1241, #4732, #6996, #1880, #1311, #4155, #4766, #1348, #3623, #5908, #3511, #793, #3058, #4612, #6875, #1758, #5759, #686, #6959, #2948, #5249, #3551, #133, #2393, #7207, #2017, #6573, #4262, #6050, #6090, #4945, #4225, #975, #3202, #825, #5943, #3659, #3133, #1946, #3096, #7069, #6643 ),
 .UNSPECIFIED., .F., .F.,
 ( 4, 2, 2, 1, 2, 2, 1, 1, 2, 2, 2, 1, 2, 2, 2, 1, 1, 2, 2, 2, 1, 1, 2, 2, 2, 1, 1, 1, 2, 2, 2, 1, 2, 2, 1, 1, 2, 2, 2, 1, 1, 1, 2, 2, 2, 1, 1, 2, 2, 2, 1, 2, 2, 2, 1, 2, 2, 1, 2, 2, 1, 2, 2, 2, 2, 2, 2, 2, 2, 1, 2, 2, 1, 1, 2, 2, 2, 1, 2, 2, 2, 1, 1, 2, 2, 2, 1, 1, 2, 2, 1, 1, 1, 2, 2, 2, 1, 2, 2, 2, 1, 1, 2, 2, 2, 1, 1, 2, 2, 2, 1, 1, 2, 2, 2, 1, 2, 2, 2, 2, 2, 1, 2, 2, 2, 2, 4 ),
 ( 0.000000000000000000, 0.01562500000000446171, 0.03125000000000892342, 0.04687500000001338513, 0.05468750000001559863, 0.06250000000001781908, 0.07812500000002096934, 0.08593750000002257916, 0.08984375000002337019, 0.09375000000002414735, 0.1093750000000270062, 0.1171875000000284772, 0.1210937500000285605, 0.1250000000000286160, 0.1406250000000325850, 0.1484375000000339451, 0.1523437500000341394, 0.1542968750000347777, 0.1562500000000354161, 0.1718750000000385247, 0.1796875000000406064, 0.1835937500000416334, 0.1855468750000416334, 0.1875000000000416334, 0.2031250000000439093, 0.2109375000000445199, 0.2148437500000447975, 0.2167968750000444922, 0.2177734375000443812, 0.2187500000000442701, 0.2265625000000487665, 0.2304687500000509870, 0.2324218750000521250, 0.2343750000000532629, 0.2421875000000597300, 0.2460937500000629219, 0.2480468750000645040, 0.2500000000000660583, 0.2656250000000753841, 0.2734375000000801026, 0.2773437500000828781, 0.2792968750000842659, 0.2802734375000845435, 0.2812500000000848210, 0.2968750000000780487, 0.3046875000000746070, 0.3085937500000729417, 0.3105468750000725531, 0.3125000000000721645, 0.3281250000000652256, 0.3359375000000613398, 0.3398437500000593969, 0.3437500000000574540, 0.3593750000000484612, 0.3671875000000439093, 0.3710937500000419109, 0.3750000000000399125, 0.3906250000000335842, 0.3984375000000304201, 0.4062500000000272005, 0.4218750000000204281, 0.4296875000000168754, 0.4375000000000133227, 0.4531250000000060507, 0.4687499999999987232, 0.4999999999999842348, 0.5312499999999696909, 0.5468749999999625855, 0.5624999999999553690, 0.5781249999999481526, 0.5859374999999445999, 0.5937499999999410472, 0.6093749999999338307, 0.6171874999999301670, 0.6210937499999286127, 0.6249999999999270583, 0.6406249999999211742, 0.6484374999999181766, 0.6523437499999167333, 0.6562499999999152900, 0.6718749999999108491, 0.6796874999999086286, 0.6835937499999071854, 0.6855468749999064082, 0.6874999999999056310, 0.7031249999999011902, 0.7109374999998995248, 0.7148437499998989697, 0.7167968749998990807, 0.7187499999998991917, 0.7265624999999005240, 0.7304687499999016342, 0.7324218749999025224, 0.7333984374999034106, 0.7343749999999044098, 0.7421874999999137357, 0.7460937499999180655, 0.7480468749999198419, 0.7499999999999216183, 0.7656249999999338307, 0.7734374999999399369, 0.7773437499999424904, 0.7792968749999437117, 0.7812499999999449329, 0.7968749999999507061, 0.8046874999999534817, 0.8085937499999549249, 0.8105468749999557021, 0.8124999999999564793, 0.8281249999999623634, 0.8359374999999646949, 0.8398437499999652500, 0.8417968749999649170, 0.8437499999999645839, 0.8593749999999661382, 0.8671874999999669154, 0.8710937499999666933, 0.8749999999999664713, 0.8906249999999680256, 0.8984374999999693578, 0.9062499999999706901, 0.9218749999999744649, 0.9296874999999763522, 0.9374999999999782396, 0.9531249999999833467, 0.9687499999999885647, 1.000000000000000000 ),
 .UNSPECIFIED. ) ;
#1796 = CARTESIAN_POINT ( 'NONE',  ( 4.582997241984203107, 36.50053890428998926, 12.52344162747418643 ) ) ;
#1797 = CARTESIAN_POINT ( 'NONE',  ( 3.520103013525923252, 20.94908405444645183, 12.93278110556508231 ) ) ;
#1798 = CARTESIAN_POINT ( 'NONE',  ( 13.05796983994573246, 37.87120798042488445, 3.692556554409930580 ) ) ;
#1799 = CARTESIAN_POINT ( 'NONE',  ( -1.990942765448513452, 13.74818562956703261, -11.99593263133349375 ) ) ;
#1800 = CARTESIAN_POINT ( 'NONE',  ( 1.769697180907757961, 39.17706511914930445, 13.35918727205277179 ) ) ;
#1801 = ORIENTED_EDGE ( 'NONE', *, *, #7227, .T. ) ;
#1802 = CARTESIAN_POINT ( 'NONE',  ( -12.81883183690770167, 37.69122240909969435, -3.849181933419524526 ) ) ;
#1803 = VECTOR ( 'NONE', #4745, 1000.000000000000000 ) ;
#1804 = CARTESIAN_POINT ( 'NONE',  ( -18.50000000000000000, 3.499999999999984901, -1.750000000000000000 ) ) ;
#1805 = VECTOR ( 'NONE', #4673, 1000.000000000000000 ) ;
#1806 = CARTESIAN_POINT ( 'NONE',  ( 13.28100251501852824, 20.40397128517994574, -2.868011048793329909 ) ) ;
#1807 = LINE ( 'NONE', #2466, #2747 ) ;
#1808 = CARTESIAN_POINT ( 'NONE',  ( 4.977937607998726754, 21.81475576515097714, -13.08513458396844342 ) ) ;
#1809 = DIRECTION ( 'NONE',  ( 0.000000000000000000, 1.000000000000000000, 0.000000000000000000 ) ) ;
#1810 = CARTESIAN_POINT ( 'NONE',  ( 12.57759832473870354, 34.66666720016861092, -4.997912635497144151 ) ) ;
#1811 = CARTESIAN_POINT ( 'NONE',  ( 12.82994109240881464, 36.93543899215014648, -4.367425867490507763 ) ) ;
#1812 = CARTESIAN_POINT ( 'NONE',  ( 11.55473930832003404, 37.80709890206883728, -3.763983788879520898 ) ) ;
#1813 = CARTESIAN_POINT ( 'NONE',  ( 12.96309276574491420, 23.64388720180490822, -5.287685325723725960 ) ) ;
#1814 = ORIENTED_EDGE ( 'NONE', *, *, #2631, .T. ) ;
#1815 = VECTOR ( 'NONE', #1396, 1000.000000000000000 ) ;
#1816 = B_SPLINE_CURVE_WITH_KNOTS ( 'NONE', 1,
 ( #3634, #1957 ),
 .UNSPECIFIED., .F., .F.,
 ( 2, 2 ),
 ( 0.000000000000000000, 1.000000000000000000 ),
 .UNSPECIFIED. ) ;
#1817 = CARTESIAN_POINT ( 'NONE',  ( 4.339379587642484992, 36.98444183174186861, -12.62800428895360483 ) ) ;
#1818 = CARTESIAN_POINT ( 'NONE',  ( 2.719080137555458521, 38.69681786117143929, -13.16472066193718504 ) ) ;
#1819 = CARTESIAN_POINT ( 'NONE',  ( -1.659605232132963293, 19.78221869643790498, -13.37646957863514530 ) ) ;
#1820 = CARTESIAN_POINT ( 'NONE',  ( -1.143769985028609826, 19.62977767453044464, -12.09713545175009308 ) ) ;
#1821 = CARTESIAN_POINT ( 'NONE',  ( -13.39399708042344805, 19.74138579950568939, -1.536983677115852709 ) ) ;
#1822 = DIRECTION ( 'NONE',  ( 0.000000000000000000, -1.000000000000000000, 0.000000000000000000 ) ) ;
#1823 = EDGE_LOOP ( 'NONE', ( #6626, #518, #2773, #3670 ) ) ;
#1824 = CARTESIAN_POINT ( 'NONE',  ( 12.72968679037312434, 22.61138297503830685, 4.629639192508054002 ) ) ;
#1825 = CARTESIAN_POINT ( 'NONE',  ( -4.367017851266282946, 36.93616438606713359, -12.61649916017889694 ) ) ;
#1826 = CARTESIAN_POINT ( 'NONE',  ( 4.803029970454946174, 23.11027366904941616, -12.42322373168066640 ) ) ;
#1827 = EDGE_LOOP ( 'NONE', ( #4856, #5887 ) ) ;
#1828 = CARTESIAN_POINT ( 'NONE',  ( 7.499999999999994671, 4.000000000000000888, -12.99038105676656940 ) ) ;
#1829 = CARTESIAN_POINT ( 'NONE',  ( 13.94753440269611211, 39.57477062489854802, -1.223206431636195024 ) ) ;
#1830 = DIRECTION ( 'NONE',  ( 0.000000000000000000, 0.000000000000000000, -1.000000000000000000 ) ) ;
#1831 = CARTESIAN_POINT ( 'NONE',  ( 0.3827253343028619859, 39.98834933704106476, -13.99508151230731379 ) ) ;
#1832 = CARTESIAN_POINT ( 'NONE',  ( -13.46397707461970938, 19.58090780265334629, -0.8997072180968175292 ) ) ;
#1833 = EDGE_CURVE ( 'NONE', #6318, #3855, #2695, .T. ) ;
#1834 = CARTESIAN_POINT ( 'NONE',  ( -2.862991920204868368, 19.73971211462808384, 13.70514701348430719 ) ) ;
#1835 = CARTESIAN_POINT ( 'NONE',  ( 10.36363636363635088, 0.000000000000000000, 21.64705618143756638 ) ) ;
#1836 = CARTESIAN_POINT ( 'NONE',  ( 5.395471431783597893, 36.28581958059864832, 12.91859331152664403 ) ) ;
#1837 = CARTESIAN_POINT ( 'NONE',  ( -0.7556468484564659027, 39.95226839727474299, 13.97990102065496032 ) ) ;
#1838 = CARTESIAN_POINT ( 'NONE',  ( 5.469135409673452131, 24.50000000000000711, 12.63324383981809795 ) ) ;
#1839 = CARTESIAN_POINT ( 'NONE',  ( 6.725619849626338187, 9.854529718456433329, 12.28059687414248025 ) ) ;
#1840 = EDGE_CURVE ( 'NONE', #2618, #6378, #6936, .T. ) ;
#1841 = CARTESIAN_POINT ( 'NONE',  ( 3.305828675941005379, 20.74869693310712293, 13.00104079340323793 ) ) ;
#1842 = CARTESIAN_POINT ( 'NONE',  ( 9.499999999999994671, 4.000000000000000000, -19.84313483298443970 ) ) ;
#1843 = ORIENTED_EDGE ( 'NONE', *, *, #4483, .T. ) ;
#1844 = DIRECTION ( 'NONE',  ( -0.000000000000000000, -1.000000000000000000, -0.000000000000000000 ) ) ;
#1845 = CARTESIAN_POINT ( 'NONE',  ( 13.58043044190943860, 19.58207227354366964, -0.9058736229380667249 ) ) ;
#1846 = CARTESIAN_POINT ( 'NONE',  ( -4.241667547069267741, 21.84772032097631822, 11.38595707752071107 ) ) ;
#1847 = CARTESIAN_POINT ( 'NONE',  ( 5.479055640881014710, 22.96898268389842812, -12.88335488816705521 ) ) ;
#1848 = CARTESIAN_POINT ( 'NONE',  ( 2.226075529799527164, 38.98894742385294165, -11.94821102485785147 ) ) ;
#1849 = ADVANCED_FACE ( 'NONE', ( #2460 ), #7167, .F. ) ;
#1850 = CARTESIAN_POINT ( 'NONE',  ( 8.873904696274654895E-15, 14.00000000000000000, 14.00000000000000000 ) ) ;
#1851 = CARTESIAN_POINT ( 'NONE',  ( 13.05808463043965162, 37.87163412651206329, -3.692196521271857268 ) ) ;
#1852 = CARTESIAN_POINT ( 'NONE',  ( 12.98407065148452944, 35.60752743084544392, 5.235862345368217596 ) ) ;
#1853 = CARTESIAN_POINT ( 'NONE',  ( 2.455233623510295615, 13.59111995476319379, -13.78513728603761734 ) ) ;
#1854 = ORIENTED_EDGE ( 'NONE', *, *, #4261, .T. ) ;
#1855 = DIRECTION ( 'NONE',  ( 0.000000000000000000, 1.000000000000000000, 0.000000000000000000 ) ) ;
#1856 = CARTESIAN_POINT ( 'NONE',  ( 1.269291353975018355, 39.33638550780646881, -13.42767872827301723 ) ) ;
#1857 = CARTESIAN_POINT ( 'NONE',  ( -1.890898199934724966, 19.87129207749263671, -13.33881947268415402 ) ) ;
#1858 = CARTESIAN_POINT ( 'NONE',  ( -3.762593316075619754, 21.19139695220546926, -11.55518111813050375 ) ) ;
#1859 = CARTESIAN_POINT ( 'NONE',  ( 13.02119749812304583, 21.26189851489846205, -3.810682130643718413 ) ) ;
#1860 = CARTESIAN_POINT ( 'NONE',  ( -13.48411256774211608, 38.63248035904256739, -3.768347205850466342 ) ) ;
#1861 = CARTESIAN_POINT ( 'NONE',  ( -12.32985669532621920, 24.33309210315397664, -4.997906189854684378 ) ) ;
#1862 = DIRECTION ( 'NONE',  ( -0.000000000000000000, -0.000000000000000000, 1.000000000000000000 ) ) ;
#1863 = ORIENTED_EDGE ( 'NONE', *, *, #705, .T. ) ;
#1864 = CARTESIAN_POINT ( 'NONE',  ( -3.863119847262585616, 37.67432242120329988, -12.81375620132771864 ) ) ;
#1865 = CARTESIAN_POINT ( 'NONE',  ( 2.814150084912287575, 20.36712610205726293, -13.14030203581245537 ) ) ;
#1866 = CARTESIAN_POINT ( 'NONE',  ( -14.00004637111815953, 18.99989072753347230, -0.08702738911928929733 ) ) ;
#1867 = CARTESIAN_POINT ( 'NONE',  ( 13.14479926712476932, 36.77853430715776994, -4.818158573966035085 ) ) ;
#1868 = CARTESIAN_POINT ( 'NONE',  ( -13.32987769278682855, 19.89263052552242428, -1.942315636655060462 ) ) ;
#1869 = CARTESIAN_POINT ( 'NONE',  ( 3.757661995975799307, 21.20053164541491242, 12.85179736078883828 ) ) ;
#1870 = CARTESIAN_POINT ( 'NONE',  ( -5.508936817392353191, 23.06359278908550792, -12.87070953052253586 ) ) ;
#1871 = CARTESIAN_POINT ( 'NONE',  ( 2.862991920204851493, 39.26028788537195169, 13.70514701348431252 ) ) ;
#1872 = EDGE_CURVE ( 'NONE', #5536, #1911, #2379, .T. ) ;
#1873 = CARTESIAN_POINT ( 'NONE',  ( 3.815211615418520719, 37.73199373407513946, 12.83115048364991218 ) ) ;
#1874 = CARTESIAN_POINT ( 'NONE',  ( -12.90533793014265918, 22.80551381198598193, 5.427074472803732341 ) ) ;
#1875 = CARTESIAN_POINT ( 'NONE',  ( 3.849181933284134161, 21.30877759073673516, 12.81883183695722295 ) ) ;
#1876 = CARTESIAN_POINT ( 'NONE',  ( 12.73880628985256003, 36.44444053379798731, 4.606473768640245048 ) ) ;
#1877 = DIRECTION ( 'NONE',  ( 0.000000000000000000, -1.000000000000000000, 0.000000000000000000 ) ) ;
#1878 = CARTESIAN_POINT ( 'NONE',  ( 4.983355963618929074, 34.91600940499634476, 12.33698375886565302 ) ) ;
#1879 = ORIENTED_EDGE ( 'NONE', *, *, #6349, .T. ) ;
#1880 = CARTESIAN_POINT ( 'NONE',  ( -12.74521854771114704, 37.43756174003304693, -4.046280920988646557 ) ) ;
#1881 = DIRECTION ( 'NONE',  ( 0.000000000000000000, 1.000000000000000000, 0.000000000000000000 ) ) ;
#1882 = CARTESIAN_POINT ( 'NONE',  ( 13.48432192180602662, 19.83202206490772923, -1.792479680344463366 ) ) ;
#1883 = CARTESIAN_POINT ( 'NONE',  ( -4.834999126802332903, 23.18358043552106196, 11.14676874031294851 ) ) ;
#1884 = CARTESIAN_POINT ( 'NONE',  ( 4.931696440389194080, 21.73655457231305732, -13.10263265623419926 ) ) ;
#1885 = CARTESIAN_POINT ( 'NONE',  ( 4.999999999999999112, 34.83454402392673899, -11.07350441368946292 ) ) ;
#1886 = CARTESIAN_POINT ( 'NONE',  ( 12.78822841365444951, 36.72349657517654720, -4.478585484451580889 ) ) ;
#1887 = CARTESIAN_POINT ( 'NONE',  ( 12.95165662588423849, 37.46948556258877971, -4.022718786602162311 ) ) ;
#1888 = CARTESIAN_POINT ( 'NONE',  ( 12.08011455369343778, 39.32790253944549619, 1.310924609962245135 ) ) ;
#1889 = CARTESIAN_POINT ( 'NONE',  ( 1.831549028132946619E-13, 19.49999999999796074, -12.15000000000083524 ) ) ;
#1890 = ORIENTED_EDGE ( 'NONE', *, *, #296, .T. ) ;
#1891 = EDGE_CURVE ( 'NONE', #1692, #871, #6486, .T. ) ;
#1892 = CARTESIAN_POINT ( 'NONE',  ( 4.732093756803193330, 36.11521825377563033, -12.45612845991829154 ) ) ;
#1893 = CARTESIAN_POINT ( 'NONE',  ( -2.352015372850396524, 20.08769969147313006, -13.24978018892758591 ) ) ;
#1894 = CARTESIAN_POINT ( 'NONE',  ( -4.980372281930887546, 12.12789386615655829, 11.08865400754036834 ) ) ;
#1895 = B_SPLINE_CURVE_WITH_KNOTS ( 'NONE', 3,
 ( #678, #163, #4722, #6989, #3503, #5751, #1870, #13, #2270, #1304, #6907, #6352, #5790, #5242, #6600, #3089, #6525, #239, #6460, #5314, #2048, #3725, #7062, #817, #757, #4291, #1481, #3761, #6008, #3616, #1340, #5899, #5934, #4758, #3049, #2454, #4330, #2556 ),
 .UNSPECIFIED., .F., .F.,
 ( 4, 2, 2, 2, 2, 2, 2, 2, 2, 2, 2, 2, 2, 2, 2, 2, 2, 2, 4 ),
 ( 0.000000000000000000, 0.03127479542991381395, 0.06254959085982762790, 0.09382438628974143491, 0.1094617840046983454, 0.1250991817196552558, 0.1876487725794827033, 0.2032861702944395443, 0.2189235680093963576, 0.2501983634393097344, 0.2814731588692231390, 0.3127479542991365991, 0.3440227497290500036, 0.3752975451589634082, 0.4065723405888768682, 0.4378471360187902728, 0.4691219314487037328, 0.4847593291636604906, 0.5003967268786171374 ),
 .UNSPECIFIED. ) ;
#1896 = AXIS2_PLACEMENT_3D ( 'NONE', #4811, #3560, #3669 ) ;
#1897 = CARTESIAN_POINT ( 'NONE',  ( -5.000000000000007105, 34.49999999999998579, -22.79802623035600462 ) ) ;
#1898 = ORIENTED_EDGE ( 'NONE', *, *, #7253, .T. ) ;
#1899 = CARTESIAN_POINT ( 'NONE',  ( -4.689068714742619548, 36.23617133233406662, -12.47580377302646504 ) ) ;
#1900 = CARTESIAN_POINT ( 'NONE',  ( 1.378850487498674227, 19.69316005455395313, -13.41481708061634315 ) ) ;
#1901 = ORIENTED_EDGE ( 'NONE', *, *, #1424, .T. ) ;
#1902 = CARTESIAN_POINT ( 'NONE',  ( -13.56182936677060624, 20.13846969695883615, -3.476011347220238967 ) ) ;
#1903 = CARTESIAN_POINT ( 'NONE',  ( 13.25861621164387749, 37.33482976459253422, -4.495744032616510566 ) ) ;
#1904 = CARTESIAN_POINT ( 'NONE',  ( -13.44254448012603120, 39.37047554443929442, 1.142580959466428014 ) ) ;
#1905 = CARTESIAN_POINT ( 'NONE',  ( -13.13155950009485551, 20.38997928251476921, 2.848367511997360602 ) ) ;
#1906 = CARTESIAN_POINT ( 'NONE',  ( 0.000000000000000000, 44.75000000000005684, 0.000000000000000000 ) ) ;
#1907 = CARTESIAN_POINT ( 'NONE',  ( 3.656893671946412017, 38.72105309195005418, 13.51401187672898097 ) ) ;
#1908 = CARTESIAN_POINT ( 'NONE',  ( 3.503917043201044468, 20.93311135124939071, 12.93809792143995807 ) ) ;
#1909 = CARTESIAN_POINT ( 'NONE',  ( -3.762593316075625527, 37.80860304779453429, 11.55518111813050197 ) ) ;
#1910 = CARTESIAN_POINT ( 'NONE',  ( 4.937843757787893750, 35.28703993942922779, 12.35910525360219481 ) ) ;
#1911 = VERTEX_POINT ( 'NONE', #1480 ) ;
#1912 = AXIS2_PLACEMENT_3D ( 'NONE', #1793, #1194, #2420 ) ;
#1913 = CARTESIAN_POINT ( 'NONE',  ( -13.21587577326209839, 38.82763350421727466, -2.505635748191346934 ) ) ;
#1914 = CARTESIAN_POINT ( 'NONE',  ( -10.14772727272725739, 4.000000000000000000, 21.19607584432427672 ) ) ;
#1915 = CARTESIAN_POINT ( 'NONE',  ( 12.85104442961726612, 21.96479139147729498, -4.309798713112307667 ) ) ;
#1916 = CARTESIAN_POINT ( 'NONE',  ( 9.499999999999991118, 0.000000000000000000, 19.84313483298443970 ) ) ;
#1917 = CARTESIAN_POINT ( 'NONE',  ( -2.954374791611415585, 20.46597847062932019, -13.10305694721423997 ) ) ;
#1918 = CARTESIAN_POINT ( 'NONE',  ( -7.499999999999990230, 3.499999999999985789, 19.84313483298443970 ) ) ;
#1919 = CARTESIAN_POINT ( 'NONE',  ( 12.60328065869651226, 35.28632785308844433, -4.937956554433330147 ) ) ;
#1920 = CARTESIAN_POINT ( 'NONE',  ( 13.10456301438583182, 38.03383274769955591, -3.537235517171541943 ) ) ;
#1921 = CARTESIAN_POINT ( 'NONE',  ( 13.00477575938352359, 35.81533719105798497, 5.184201152039418226 ) ) ;
#1922 = LINE ( 'NONE', #4775, #6060 ) ;
#1923 = VERTEX_POINT ( 'NONE', #412 ) ;
#1924 = CARTESIAN_POINT ( 'NONE',  ( 4.718749163043541195, 36.15381380473925077, -12.46225512917983735 ) ) ;
#1925 = CARTESIAN_POINT ( 'NONE',  ( -4.937843757787908849, 35.28703993942922068, -12.35910525360217704 ) ) ;
#1926 = CARTESIAN_POINT ( 'NONE',  ( -2.368619058181820503, 39.50656231940348562, 13.79927991133090437 ) ) ;
#1927 = CARTESIAN_POINT ( 'NONE',  ( 12.89075408331456174, 21.78480613118153641, -4.199326560132997876 ) ) ;
#1928 = CARTESIAN_POINT ( 'NONE',  ( -13.72067480238319348, 39.30121427880997231, -2.783879528940818915 ) ) ;
#1929 = CONICAL_SURFACE ( 'NONE', #855, 1.499999999999987566, 0.7853981633974477239 ) ;
#1930 = EDGE_CURVE ( 'NONE', #6700, #1134, #5570, .T. ) ;
#1931 = DIRECTION ( 'NONE',  ( 0.000000000000000000, 0.000000000000000000, 1.000000000000000000 ) ) ;
#1932 = ORIENTED_EDGE ( 'NONE', *, *, #2417, .T. ) ;
#1933 = CARTESIAN_POINT ( 'NONE',  ( -4.966877844261924579, 35.08040817919138732, -12.34502123843730814 ) ) ;
#1934 = CARTESIAN_POINT ( 'NONE',  ( -13.30871208603377198, 20.93622254460034426, -4.345338910893524087 ) ) ;
#1935 = CARTESIAN_POINT ( 'NONE',  ( 12.72321773026699887, 36.34942957972950239, 4.646105024517904525 ) ) ;
#1936 = CARTESIAN_POINT ( 'NONE',  ( -12.90533793012786212, 36.19448618790044492, -5.427074472838699926 ) ) ;
#1937 = EDGE_CURVE ( 'NONE', #871, #257, #922, .T. ) ;
#1938 = CARTESIAN_POINT ( 'NONE',  ( -12.68425347630506472, 21.78849851040611796, 4.201821230798064022 ) ) ;
#1939 = LINE ( 'NONE', #197, #4290 ) ;
#1940 = CARTESIAN_POINT ( 'NONE',  ( -4.805634638705543082, 35.88298954527591178, 12.42203472655945262 ) ) ;
#1941 = CARTESIAN_POINT ( 'NONE',  ( 0.1577780453431988084, 39.50020214636914773, 13.50009008622130224 ) ) ;
#1942 = CARTESIAN_POINT ( 'NONE',  ( 12.62518309256137883, 35.56168952490230595, 4.886150820115680027 ) ) ;
#1943 = CARTESIAN_POINT ( 'NONE',  ( 12.15017074740685921, 19.49958508352290565, 0.3240451279544600549 ) ) ;
#1944 = CARTESIAN_POINT ( 'NONE',  ( 3.486098052625240751, 20.13225883677097983, -13.56269732106409265 ) ) ;
#1945 = ORIENTED_EDGE ( 'NONE', *, *, #3845, .F. ) ;
#1946 = CARTESIAN_POINT ( 'NONE',  ( -12.34495114201462407, 35.07930931101378036, -4.967023529122733372 ) ) ;
#1947 = CARTESIAN_POINT ( 'NONE',  ( 18.50000000000000000, 0.000000000000000000, 0.000000000000000000 ) ) ;
#1948 = CARTESIAN_POINT ( 'NONE',  ( 12.78672233370463651, 22.28362975671380752, -4.482669239809466077 ) ) ;
#1949 = CARTESIAN_POINT ( 'NONE',  ( 5.703703114510172867, 24.50000000000001421, -12.78545152826160347 ) ) ;
#1950 = CARTESIAN_POINT ( 'NONE',  ( -1.269291353975035674, 19.66361449219353119, -13.42767872827301545 ) ) ;
#1951 = CARTESIAN_POINT ( 'NONE',  ( -11.07350441368946292, 45.00000000000000000, 5.000000000000000000 ) ) ;
#1952 = CARTESIAN_POINT ( 'NONE',  ( 12.82374604055085499, 36.90455744209798183, -4.384036595985324247 ) ) ;
#1953 = CARTESIAN_POINT ( 'NONE',  ( 13.53731409827199350, 39.30720390385481977, -1.377577071640637474 ) ) ;
#1954 = CARTESIAN_POINT ( 'NONE',  ( -2.662901581386649674, 38.73225974465250943, 13.17848589097913958 ) ) ;
#1955 = CARTESIAN_POINT ( 'NONE',  ( 3.788409620771134190, 12.99104737276440602, -13.48428867225058525 ) ) ;
#1956 = ORIENTED_EDGE ( 'NONE', *, *, #296, .F. ) ;
#1957 = CARTESIAN_POINT ( 'NONE',  ( 12.93429922887929706, 34.50000000000000000, -5.357602398257300891 ) ) ;
#1958 = CARTESIAN_POINT ( 'NONE',  ( 13.14831455392391923, 36.81795462491105297, 4.810649446725047795 ) ) ;
#1959 = CARTESIAN_POINT ( 'NONE',  ( -1.307538022259838062, 19.67381277448717825, -13.42323708762810419 ) ) ;
#1960 = CARTESIAN_POINT ( 'NONE',  ( -4.684849608132973131, 37.63845658213083567, 13.19299833198119920 ) ) ;
#1961 = CARTESIAN_POINT ( 'NONE',  ( 13.54461695564154766, 19.67392459750202960, -1.307939604600965033 ) ) ;
#1962 = CARTESIAN_POINT ( 'NONE',  ( -13.92499993276642556, 39.82002359685570525, -1.447932209777605062 ) ) ;
#1963 = CARTESIAN_POINT ( 'NONE',  ( -12.36235163672391479, 23.67190592424520190, -4.931124666855682293 ) ) ;
#1964 = EDGE_CURVE ( 'NONE', #3611, #1701, #5228, .T. ) ;
#1965 = CARTESIAN_POINT ( 'NONE',  ( 1.518562030942719742E-15, 45.00000000000000000, -12.40000000000001279 ) ) ;
#1966 = ORIENTED_EDGE ( 'NONE', *, *, #23, .T. ) ;
#1967 = CARTESIAN_POINT ( 'NONE',  ( -4.730528942897600508, 36.12133313899220610, -12.45688294740000046 ) ) ;
#1968 = EDGE_CURVE ( 'NONE', #7226, #7136, #4082, .T. ) ;
#1969 = CARTESIAN_POINT ( 'NONE',  ( 3.180847313969874968, 20.64225077428716659, -13.03869228914660461 ) ) ;
#1970 = CARTESIAN_POINT ( 'NONE',  ( 13.16559840610694287, 22.10980551120755777, -4.761189708371058593 ) ) ;
#1971 = ORIENTED_EDGE ( 'NONE', *, *, #6251, .T. ) ;
#1972 = CARTESIAN_POINT ( 'NONE',  ( -13.99066853216511319, 19.02212257335661505, -0.5132620449310102417 ) ) ;
#1973 = CARTESIAN_POINT ( 'NONE',  ( 12.92240005426143767, 37.35040102987836974, 4.108751040828601653 ) ) ;
#1974 = CARTESIAN_POINT ( 'NONE',  ( -13.87929007073406851, 39.70798906642649229, 1.843370239774014152 ) ) ;
#1975 = CARTESIAN_POINT ( 'NONE',  ( -13.11469142394590293, 20.43463526924291784, 2.911947128131883389 ) ) ;
#1976 = FACE_OUTER_BOUND ( 'NONE', #288, .T. ) ;
#1977 = CARTESIAN_POINT ( 'NONE',  ( -2.650315789200194505, 38.74057102649940276, 13.18168814367906094 ) ) ;
#1978 = CARTESIAN_POINT ( 'NONE',  ( 3.634023472299193092, 37.93463578091596844, 12.89465438079367665 ) ) ;
#1979 = CARTESIAN_POINT ( 'NONE',  ( -11.07350441368946647, 24.50000000000000000, 5.000000000000000000 ) ) ;
#1980 = CARTESIAN_POINT ( 'NONE',  ( 11.35426811769431765, 21.98670557395920611, 4.325503508516877815 ) ) ;
#1981 = ORIENTED_EDGE ( 'NONE', *, *, #5483, .T. ) ;
#1982 = CARTESIAN_POINT ( 'NONE',  ( -2.455233623510293395, 13.59111995476319379, 13.78513728603761912 ) ) ;
#1983 = DIRECTION ( 'NONE',  ( 0.000000000000000000, 0.000000000000000000, 1.000000000000000000 ) ) ;
#1984 = CARTESIAN_POINT ( 'NONE',  ( 12.67816615332189656, 22.96309655258789917, -4.758105788713154816 ) ) ;
#1985 = CARTESIAN_POINT ( 'NONE',  ( 0.000000000000000000, 45.00000000000000000, 12.40000000000001279 ) ) ;
#1986 = CARTESIAN_POINT ( 'NONE',  ( -2.079598625401984702, 19.95008356872575916, -13.30582717154890915 ) ) ;
#1987 = CARTESIAN_POINT ( 'NONE',  ( -4.755869138118795192, 22.95470779687661178, 12.44518525709192147 ) ) ;
#1988 = CARTESIAN_POINT ( 'NONE',  ( 13.45929048080402879, 39.10091191266432986, -1.957551311305273822 ) ) ;
#1989 = CARTESIAN_POINT ( 'NONE',  ( -3.386422033908671914, 38.17875783683660984, 12.97592763936534865 ) ) ;
#1990 = EDGE_LOOP ( 'NONE', ( #991, #6672, #1180, #3294, #2143 ) ) ;
#1991 = CARTESIAN_POINT ( 'NONE',  ( -12.79650896788516690, 37.61635635783564169, 3.910139247314979194 ) ) ;
#1992 = CARTESIAN_POINT ( 'NONE',  ( -2.648690145665306694, 38.74390169723757538, -13.18272709041974977 ) ) ;
#1993 = CARTESIAN_POINT ( 'NONE',  ( -3.770874616821290548, 21.21619634570962276, -12.84701007857801969 ) ) ;
#1994 = FACE_OUTER_BOUND ( 'NONE', #5989, .T. ) ;
#1995 = CARTESIAN_POINT ( 'NONE',  ( 13.33130131248385375, 20.25536647125094447, 2.647520283182576151 ) ) ;
#1996 = CARTESIAN_POINT ( 'NONE',  ( -13.98499269927931543, 39.96438889897547853, 0.6548938153535753814 ) ) ;
#1997 = CARTESIAN_POINT ( 'NONE',  ( -12.33393433899865244, 24.16687222552561209, -4.989584202000875379 ) ) ;
#1998 = DIRECTION ( 'NONE',  ( -1.000000000000000000, -2.602085213965214093E-16, 0.000000000000000000 ) ) ;
#1999 = ORIENTED_EDGE ( 'NONE', *, *, #792, .T. ) ;
#2000 = VECTOR ( 'NONE', #6294, 1000.000000000000000 ) ;
#2001 = ADVANCED_FACE ( 'NONE', ( #7344 ), #2219, .F. ) ;
#2002 = CARTESIAN_POINT ( 'NONE',  ( -2.712323981039902243, 38.70126168217741736, -13.16642807379731295 ) ) ;
#2003 = CARTESIAN_POINT ( 'NONE',  ( 2.798679341146210309, 20.35663406127945763, -13.14430010081996336 ) ) ;
#2004 = CARTESIAN_POINT ( 'NONE',  ( 3.913533140117260167, 21.38698967354282843, 12.79537119470482942 ) ) ;
#2005 = CARTESIAN_POINT ( 'NONE',  ( 13.82280712558436164, 19.75856406134755261, -2.226309217073257685 ) ) ;
#2006 = ORIENTED_EDGE ( 'NONE', *, *, #3334, .F. ) ;
#2007 = CARTESIAN_POINT ( 'NONE',  ( -13.92015731840523785, 19.19177160475458876, 1.493758939610279057 ) ) ;
#2008 = CARTESIAN_POINT ( 'NONE',  ( -13.33881947268725732, 19.87129207748542825, 1.890898199917156575 ) ) ;
#2009 = LINE ( 'NONE', #4254, #4544 ) ;
#2010 = CARTESIAN_POINT ( 'NONE',  ( 5.654013304805399542, 35.23014672283523652, 12.80751232184684518 ) ) ;
#2011 = CARTESIAN_POINT ( 'NONE',  ( 3.314265686466807193, 38.24396779904887467, 12.99846936739714209 ) ) ;
#2012 = CARTESIAN_POINT ( 'NONE',  ( 12.61141986521006864, 35.40125860935468438, 4.918802479869496480 ) ) ;
#2013 = CARTESIAN_POINT ( 'NONE',  ( -3.970706697480632208, 37.55605232453266495, 11.48447783692755486 ) ) ;
#2014 = CARTESIAN_POINT ( 'NONE',  ( 4.786815723012208146, 21.50805576199988067, -13.15634317581488766 ) ) ;
#2015 = ADVANCED_FACE ( 'NONE', ( #2704 ), #2153, .F. ) ;
#2016 = ORIENTED_EDGE ( 'NONE', *, *, #1152, .T. ) ;
#2017 = CARTESIAN_POINT ( 'NONE',  ( -12.48133742607086383, 36.26999091343281378, -4.676954909366355828 ) ) ;
#2018 = DIRECTION ( 'NONE',  ( -0.000000000000000000, 1.000000000000000000, -0.000000000000000000 ) ) ;
#2019 = CARTESIAN_POINT ( 'NONE',  ( 13.03597401390235788, 21.20801858929704409, -3.763575386682132429 ) ) ;
#2020 = CARTESIAN_POINT ( 'NONE',  ( -0.7560294137091581046, 39.96357421947507049, -13.98448881163355750 ) ) ;
#2021 = CARTESIAN_POINT ( 'NONE',  ( -0.9061354478495931009, 19.58210136607288376, -13.46344926528098185 ) ) ;
#2022 = PLANE ( 'NONE',  #7041 ) ;
#2023 = CARTESIAN_POINT ( 'NONE',  ( -3.197575384725202863, 20.65608983839582180, 13.03374366500552206 ) ) ;
#2024 = CARTESIAN_POINT ( 'NONE',  ( 13.55011479137741048, 39.34032854805081314, -1.258153762736204939 ) ) ;
#2025 = CARTESIAN_POINT ( 'NONE',  ( -3.849181933515315901, 37.69122240898398246, 12.81883183687355654 ) ) ;
#2026 = CIRCLE ( 'NONE', #5484, 2.250000000000015987 ) ;
#2027 = VERTEX_POINT ( 'NONE', #6821 ) ;
#2028 = CARTESIAN_POINT ( 'NONE',  ( -12.94980138877361320, 38.10226402899424869, 3.468797687728828905 ) ) ;
#2029 = MECHANICAL_DESIGN_GEOMETRIC_PRESENTATION_REPRESENTATION (  '', ( #6451 ), #1431 ) ;
#2030 = CARTESIAN_POINT ( 'NONE',  ( -4.302474751766731664, 37.04762454111516234, -12.64325777577633048 ) ) ;
#2031 = AXIS2_PLACEMENT_3D ( 'NONE', #3030, #6439, #3104 ) ;
#2032 = CARTESIAN_POINT ( 'NONE',  ( -4.395423387861725040, 22.11665281173140585, -12.60448929717364663 ) ) ;
#2033 = CARTESIAN_POINT ( 'NONE',  ( -3.330031345070965099, 38.96888959857582790, 13.59911919915569456 ) ) ;
#2034 = CARTESIAN_POINT ( 'NONE',  ( 13.35968193442565877, 20.17460814536328328, -2.509505860916731557 ) ) ;
#2035 = CARTESIAN_POINT ( 'NONE',  ( -13.99634306545852880, 39.99133866512732993, 0.3234708200034858150 ) ) ;
#2036 = FACE_OUTER_BOUND ( 'NONE', #6477, .T. ) ;
#2037 = ORIENTED_EDGE ( 'NONE', *, *, #879, .T. ) ;
#2038 = CARTESIAN_POINT ( 'NONE',  ( 1.779421692120392695, 19.82451876022776105, 13.35839345172299453 ) ) ;
#2039 = CARTESIAN_POINT ( 'NONE',  ( 13.39143870821355442, 21.12623661956997267, -4.083223944426608298 ) ) ;
#2040 = VECTOR ( 'NONE', #382, 1000.000000000000000 ) ;
#2041 = VECTOR ( 'NONE', #2386, 1000.000000000000000 ) ;
#2042 = ORIENTED_EDGE ( 'NONE', *, *, #2827, .F. ) ;
#2043 = CARTESIAN_POINT ( 'NONE',  ( -12.85179736078886670, 21.20053164541492308, 3.757661995975803304 ) ) ;
#2044 = CARTESIAN_POINT ( 'NONE',  ( -12.77752299314138895, 37.55186919937058576, 3.961391167708267158 ) ) ;
#2045 = DIRECTION ( 'NONE',  ( -0.000000000000000000, -1.000000000000000000, -0.000000000000000000 ) ) ;
#2046 = CARTESIAN_POINT ( 'NONE',  ( -12.79281226045564601, 21.39552305946084942, 3.920549921134811377 ) ) ;
#2047 = EDGE_LOOP ( 'NONE', ( #131, #6856, #6958, #4998 ) ) ;
#2048 = CARTESIAN_POINT ( 'NONE',  ( -3.766412733347734854, 20.36582510592080197, -13.48466648395698897 ) ) ;
#2049 = CARTESIAN_POINT ( 'NONE',  ( -2.921370146246568211, 38.55798749863670594, 13.11200982208078258 ) ) ;
#2050 = CARTESIAN_POINT ( 'NONE',  ( -13.32820183219524601, 38.13082022920987413, 4.285234809871784734 ) ) ;
#2051 = CARTESIAN_POINT ( 'NONE',  ( -12.15017074740686098, 19.49958508352289854, -0.3240451279544568353 ) ) ;
#2052 = DIRECTION ( 'NONE',  ( -0.000000000000000000, 1.000000000000000000, -0.000000000000000000 ) ) ;
#2053 = ORIENTED_EDGE ( 'NONE', *, *, #749, .T. ) ;
#2054 = B_SPLINE_CURVE_WITH_KNOTS ( 'NONE', 3,
 ( #3195, #7348, #447, #1630, #4973, #6119, #6043, #2187, #6784, #1667, #2117, #6154, #7311, #2748, #1073, #1034, #5485, #6712, #379, #2223, #5554, #925, #3913, #2632, #1593, #6637, #4365, #3233, #5633, #6190, #522, #1002, #5088, #2786, #1518, #4518 ),
 .UNSPECIFIED., .F., .F.,
 ( 4, 2, 2, 2, 2, 2, 2, 2, 2, 2, 2, 2, 2, 2, 2, 2, 2, 4 ),
 ( 0.000000000000000000, 0.03127459992952878048, 0.06254919985905756097, 0.09382379978858633451, 0.1094610997533510266, 0.1250983997181157326, 0.1876475995771745564, 0.2032848995419389848, 0.2189221995067034132, 0.2501967994362322423, 0.2814713993657610436, 0.3127459992952899004, 0.3440205992248187572, 0.3752951991543476140, 0.4065697990838764153, 0.4378443990134052166, 0.4691189989429341289, 0.5003935988724629302 ),
 .UNSPECIFIED. ) ;
#2055 = CARTESIAN_POINT ( 'NONE',  ( 0.6579593970587038765, 19.53248648271194554, 12.13652228187246962 ) ) ;
#2056 = CARTESIAN_POINT ( 'NONE',  ( 4.839343276956327600, 21.58767438803155159, 13.13709814253309460 ) ) ;
#2057 = CARTESIAN_POINT ( 'NONE',  ( 12.81927260627497489, 22.11776627959294927, -4.396027002913712955 ) ) ;
#2058 = CARTESIAN_POINT ( 'NONE',  ( -1.816669546110026372E-13, 19.49999999999796074, 12.15000000000083702 ) ) ;
#2059 = CARTESIAN_POINT ( 'NONE',  ( -3.422768817904714211, 20.85162808873018037, -12.96501269751928298 ) ) ;
#2060 = LINE ( 'NONE', #4914, #4899 ) ;
#2061 = CARTESIAN_POINT ( 'NONE',  ( -3.105800349239455915, 20.58058085703438778, 13.06079719100608116 ) ) ;
#2062 = CARTESIAN_POINT ( 'NONE',  ( 13.22654142825219203, 38.43035467286244256, -3.091145753903492555 ) ) ;
#2063 = CARTESIAN_POINT ( 'NONE',  ( -1.659605231950763260, 39.21778130362640979, 13.37646957866002495 ) ) ;
#2064 = ORIENTED_EDGE ( 'NONE', *, *, #6080, .T. ) ;
#2065 = CARTESIAN_POINT ( 'NONE',  ( -12.35251463379327497, 35.20345540460648692, 4.951491613405197612 ) ) ;
#2066 = CARTESIAN_POINT ( 'NONE',  ( 13.89606868221370028, 39.44089843682987606, -1.734023568393637360 ) ) ;
#2067 = EDGE_CURVE ( 'NONE', #4800, #6002, #1141, .T. ) ;
#2068 = CARTESIAN_POINT ( 'NONE',  ( -4.559594989067766946, 22.44747763907218996, -12.53375298273168248 ) ) ;
#2069 = CARTESIAN_POINT ( 'NONE',  ( -1.304164582842234799, 39.85735983446905095, 13.94034954709529117 ) ) ;
#2070 = CARTESIAN_POINT ( 'NONE',  ( 13.54875493210798965, 19.66323838249277145, -1.267856865701059821 ) ) ;
#2071 = CARTESIAN_POINT ( 'NONE',  ( -9.499999999999994671, 4.000000000000000000, -21.34313483298442904 ) ) ;
#2072 = ORIENTED_EDGE ( 'NONE', *, *, #5052, .T. ) ;
#2073 = CARTESIAN_POINT ( 'NONE',  ( 4.675266985663468766, 22.72556209853645370, 12.48209869952356854 ) ) ;
#2074 = CARTESIAN_POINT ( 'NONE',  ( 13.99095184814522597, 19.31355571120412407, 0.5037451807407006266 ) ) ;
#2075 = ORIENTED_EDGE ( 'NONE', *, *, #1106, .F. ) ;
#2076 = CARTESIAN_POINT ( 'NONE',  ( -13.07604002329430948, 20.53889301655242505, 3.052251993749830472 ) ) ;
#2077 = CARTESIAN_POINT ( 'NONE',  ( -12.39365093232155068, 35.65356633487542126, 4.865803874062686774 ) ) ;
#2078 = CARTESIAN_POINT ( 'NONE',  ( -13.26988209192177770, 37.92650285625347095, 4.462517313774551297 ) ) ;
#2079 = CARTESIAN_POINT ( 'NONE',  ( -1.831549036404752745E-13, 39.50000000000203926, -12.15000000000083702 ) ) ;
#2080 = ORIENTED_EDGE ( 'NONE', *, *, #7179, .T. ) ;
#2081 = CARTESIAN_POINT ( 'NONE',  ( -3.789409796498332206, 12.99060700576011307, -13.48405700324767942 ) ) ;
#2082 = CARTESIAN_POINT ( 'NONE',  ( -4.325913785942441692, 37.00859462435337832, 12.63364745731745487 ) ) ;
#2083 = CARTESIAN_POINT ( 'NONE',  ( -13.13845946629019679, 37.41804536922049351, 4.835651939563283541 ) ) ;
#2084 = CARTESIAN_POINT ( 'NONE',  ( -13.98461275126372882, 19.03613976337138425, -0.7524655263861589338 ) ) ;
#2085 = CARTESIAN_POINT ( 'NONE',  ( 5.333266973458609783, 36.45188152220492839, -12.94439843765958109 ) ) ;
#2086 = CARTESIAN_POINT ( 'NONE',  ( -12.38465242238705599, 23.42932020456455078, -4.884684129087135673 ) ) ;
#2087 = CARTESIAN_POINT ( 'NONE',  ( 12.68916598873841650, 22.88032010319702891, 4.731095318481678191 ) ) ;
#2088 = FACE_OUTER_BOUND ( 'NONE', #77, .T. ) ;
#2089 = CARTESIAN_POINT ( 'NONE',  ( 3.101765169835632108, 19.88350075338311385, 13.65230268329045238 ) ) ;
#2090 = FACE_OUTER_BOUND ( 'NONE', #3107, .T. ) ;
#2091 = CARTESIAN_POINT ( 'NONE',  ( -9.499999999999991118, 4.000000000000000000, 19.84313483298443970 ) ) ;
#2092 = CARTESIAN_POINT ( 'NONE',  ( 4.480269576915460128, 22.27430119809966769, -12.56861858690739098 ) ) ;
#2093 = DIRECTION ( 'NONE',  ( 1.000000000000000000, -0.000000000000000000, -0.000000000000000000 ) ) ;
#2094 = CARTESIAN_POINT ( 'NONE',  ( -3.675245137617701108, 21.10969007501355321, 12.88048916269616662 ) ) ;
#2095 = CARTESIAN_POINT ( 'NONE',  ( 13.29245946760883612, 38.63006499263393323, 2.818528055012857081 ) ) ;
#2096 = CARTESIAN_POINT ( 'NONE',  ( -1.911454544450942095, 39.12025157037035683, 13.33527210752319370 ) ) ;
#2097 = ORIENTED_EDGE ( 'NONE', *, *, #6483, .T. ) ;
#2098 = CARTESIAN_POINT ( 'NONE',  ( -12.33391031146504524, 34.83229802069428871, 4.989640111670802902 ) ) ;
#2099 = CARTESIAN_POINT ( 'NONE',  ( 13.35777394403658214, 37.74512966123899105, -4.192041773259612469 ) ) ;
#2100 = CARTESIAN_POINT ( 'NONE',  ( -4.386318388882487262, 22.09993717379294864, -12.60832716549642996 ) ) ;
#2101 = CARTESIAN_POINT ( 'NONE',  ( -3.370175340068946035, 20.06257670282171546, -13.58835512833717729 ) ) ;
#2102 = CARTESIAN_POINT ( 'NONE',  ( 7.499999999999991118, 4.999999999999997335, 11.82159041753689444 ) ) ;
#2103 = CARTESIAN_POINT ( 'NONE',  ( 13.03790755206680707, 37.79940596153446819, 3.757719627741896051 ) ) ;
#2104 = CARTESIAN_POINT ( 'NONE',  ( 7.499999999999993783, 45.00000000000000000, -9.558896379812894750 ) ) ;
#2105 = ORIENTED_EDGE ( 'NONE', *, *, #4483, .F. ) ;
#2106 = ADVANCED_FACE ( 'NONE', ( #5699 ), #5662, .F. ) ;
#2107 = CARTESIAN_POINT ( 'NONE',  ( -2.792180702855449059, 38.64775131876217529, -13.14597342985539896 ) ) ;
#2108 = CARTESIAN_POINT ( 'NONE',  ( -4.835651939563355484, 37.41804536922052904, -13.13845946629016481 ) ) ;
#2109 = CARTESIAN_POINT ( 'NONE',  ( -4.931124666855692062, 23.67190592424519835, 12.36235163672387571 ) ) ;
#2110 = CARTESIAN_POINT ( 'NONE',  ( 13.89182580468539996, 19.57184246267576810, -1.738986191395555769 ) ) ;
#2111 = ORIENTED_EDGE ( 'NONE', *, *, #6711, .T. ) ;
#2112 = CARTESIAN_POINT ( 'NONE',  ( -12.84358237230047806, 23.31963836676733948, -5.571607621624027118 ) ) ;
#2113 = CARTESIAN_POINT ( 'NONE',  ( -12.56861858690743183, 36.72569880190034297, 4.480269576915454799 ) ) ;
#2114 = CARTESIAN_POINT ( 'NONE',  ( 7.499999999999991118, 3.667153101112568425, 13.37365826965877602 ) ) ;
#2115 = DIRECTION ( 'NONE',  ( -0.000000000000000000, 1.000000000000000000, -0.000000000000000000 ) ) ;
#2116 = ORIENTED_EDGE ( 'NONE', *, *, #201, .T. ) ;
#2117 = CARTESIAN_POINT ( 'NONE',  ( 5.298476366059938769, 22.46196583326072016, 12.95868952993192558 ) ) ;
#2118 = CARTESIAN_POINT ( 'NONE',  ( 13.99574327948628216, 39.69865300419857590, -0.3480636455405404783 ) ) ;
#2119 = CARTESIAN_POINT ( 'NONE',  ( -13.50430973369982723, 38.69208647172012405, 3.692554111708156395 ) ) ;
#2120 = CARTESIAN_POINT ( 'NONE',  ( -12.85253604508813652, 23.23237638245686654, -5.550941387585511144 ) ) ;
#2121 = CARTESIAN_POINT ( 'NONE',  ( 4.934745586796471351, 37.25945384729232757, -13.10156010981402375 ) ) ;
#2122 = CARTESIAN_POINT ( 'NONE',  ( -12.41515212022117431, 23.17034484718231013, -4.820274282092491092 ) ) ;
#2123 = CIRCLE ( 'NONE', #2354, 23.49999999999998934 ) ;
#2124 = UNCERTAINTY_MEASURE_WITH_UNIT (LENGTH_MEASURE( 1.000000000000000082E-05 ), #3567, 'distance_accuracy_value', 'NONE');
#2125 = CARTESIAN_POINT ( 'NONE',  ( 4.498273743600832653, 22.31661082840195220, -12.56052950982146221 ) ) ;
#2126 = CARTESIAN_POINT ( 'NONE',  ( 4.789679312829610680, 21.51230025290871595, 13.15530250175442895 ) ) ;
#2127 = CARTESIAN_POINT ( 'NONE',  ( 1.831549028132946619E-13, 19.49999999999796074, -12.15000000000083524 ) ) ;
#2128 = CARTESIAN_POINT ( 'NONE',  ( -7.499999999999994671, 3.499999999999985789, -13.56465996626271320 ) ) ;
#2129 = CARTESIAN_POINT ( 'NONE',  ( 8.000000000000008882, 4.000000000000000000, -12.99038105676656762 ) ) ;
#2130 = CARTESIAN_POINT ( 'NONE',  ( 2.023718181952381290, 39.64532229621747206, -13.85406249294931236 ) ) ;
#2131 = CARTESIAN_POINT ( 'NONE',  ( -4.110833565769580922, 21.65290092564980284, 12.72023457243575173 ) ) ;
#2132 = CARTESIAN_POINT ( 'NONE',  ( 13.40160913428779210, 38.94310315428185021, 2.293309642759927769 ) ) ;
#2133 = CARTESIAN_POINT ( 'NONE',  ( -4.646744365626465090, 36.34796407515511163, 12.49499534280669266 ) ) ;
#2134 = EDGE_LOOP ( 'NONE', ( #7183, #4592, #6450, #657 ) ) ;
#2135 = CARTESIAN_POINT ( 'NONE',  ( -13.32987769278602208, 39.10736947447537659, 1.942315636660340239 ) ) ;
#2136 = CARTESIAN_POINT ( 'NONE',  ( 13.29127539967519667, 37.47592912108213170, -4.398257085563240132 ) ) ;
#2137 = CARTESIAN_POINT ( 'NONE',  ( 13.10456301438806115, 20.96616725229280220, 3.537235517163885845 ) ) ;
#2138 = CARTESIAN_POINT ( 'NONE',  ( -3.386422033734539649, 20.82124216300521979, -12.97592763941893956 ) ) ;
#2139 = CARTESIAN_POINT ( 'NONE',  ( -1.854462693391148109, 19.29568159931353577, -13.87780853716196461 ) ) ;
#2140 = CARTESIAN_POINT ( 'NONE',  ( 13.16383960010601228, 20.76863950655138780, 3.328455488774218818 ) ) ;
#2141 = CARTESIAN_POINT ( 'NONE',  ( 12.58030127295343270, 34.83211488347875928, 4.991670977193270353 ) ) ;
#2142 = CARTESIAN_POINT ( 'NONE',  ( 3.765839553907399662, 37.80495863639384169, 11.55412764047986407 ) ) ;
#2143 = ORIENTED_EDGE ( 'NONE', *, *, #1275, .F. ) ;
#2144 = AXIS2_PLACEMENT_3D ( 'NONE', #4371, #2817, #2597 ) ;
#2145 = CARTESIAN_POINT ( 'NONE',  ( -1.959377144251765124, 39.10013461237272736, -13.32685364617061907 ) ) ;
#2146 = CARTESIAN_POINT ( 'NONE',  ( -3.967735243300719805, 38.45213767226546508, -13.42615781097218175 ) ) ;
#2147 = CARTESIAN_POINT ( 'NONE',  ( -3.648191677156963575, 21.07988385121726083, 12.88990531660745020 ) ) ;
#2148 = EDGE_CURVE ( 'NONE', #2520, #4776, #1700, .T. ) ;
#2149 = CARTESIAN_POINT ( 'NONE',  ( -12.78651784332041075, 24.31640132940417942, -5.701314620220723661 ) ) ;
#2150 = CARTESIAN_POINT ( 'NONE',  ( -12.99383504092420161, 38.23065884761366817, 3.329240443822297557 ) ) ;
#2151 = CARTESIAN_POINT ( 'NONE',  ( -12.78545152826161946, 34.49999999999998579, 5.703703114510136452 ) ) ;
#2152 = AXIS2_PLACEMENT_3D ( 'NONE', #6824, #3987, #6264 ) ;
#2153 = CYLINDRICAL_SURFACE ( 'NONE', #3781, 5.000000000000006217 ) ;
#2154 = EDGE_CURVE ( 'NONE', #4403, #4968, #5226, .T. ) ;
#2155 = CARTESIAN_POINT ( 'NONE',  ( -7.239122995611892541, 8.476553308888982841, -11.98342097415711471 ) ) ;
#2156 = CARTESIAN_POINT ( 'NONE',  ( 13.99315866949696563, 39.69207577686510291, 0.4462896507758074005 ) ) ;
#2157 = CARTESIAN_POINT ( 'NONE',  ( -12.53829996367963240, 36.57608232685764449, -4.549339564448399820 ) ) ;
#2158 = CARTESIAN_POINT ( 'NONE',  ( -13.76933544871921811, 19.57048500375148947, -2.536343812067547443 ) ) ;
#2159 = CARTESIAN_POINT ( 'NONE',  ( -11.76349821955085417, 20.52684950919113049, -3.052720180829592067 ) ) ;
#2160 = CARTESIAN_POINT ( 'NONE',  ( 4.628966502465210020, 22.60973474023533569, -12.50292118951852594 ) ) ;
#2161 = CARTESIAN_POINT ( 'NONE',  ( 1.172074580325972448, 19.11718766273206427, 13.95092769689342838 ) ) ;
#2162 = DIRECTION ( 'NONE',  ( 0.000000000000000000, 0.000000000000000000, -1.000000000000000000 ) ) ;
#2163 = CARTESIAN_POINT ( 'NONE',  ( -5.426944984505208680, 36.19489218353970017, 12.90539287117091050 ) ) ;
#2164 = CARTESIAN_POINT ( 'NONE',  ( 4.999999708619929706, 24.41643037050268816, -12.32882844306656622 ) ) ;
#2165 = CARTESIAN_POINT ( 'NONE',  ( 3.901749016864563657, 38.51570165542075586, -13.44599709173191648 ) ) ;
#2166 = CARTESIAN_POINT ( 'NONE',  ( 2.001732616198687253, 19.91751210394741989, 13.31946312804638843 ) ) ;
#2167 = CARTESIAN_POINT ( 'NONE',  ( 13.10290094765954905, 38.02815573982733355, 3.542908765884075883 ) ) ;
#2168 = CARTESIAN_POINT ( 'NONE',  ( -4.932836312962356473, 35.32089825375013703, 12.36153381378882443 ) ) ;
#2169 = CARTESIAN_POINT ( 'NONE',  ( -13.39908123066054202, 39.27039123500234297, 1.498366509574982741 ) ) ;
#2170 = CARTESIAN_POINT ( 'NONE',  ( 2.475284693332587160, 13.59672034649646477, 11.90427975807486227 ) ) ;
#2171 = CARTESIAN_POINT ( 'NONE',  ( 13.50910443400645988, 19.76649554607483594, 1.611081477184725941 ) ) ;
#2172 = CARTESIAN_POINT ( 'NONE',  ( -4.980485467394974997, 21.81804585745693359, -13.08422580486367082 ) ) ;
#2173 = DIRECTION ( 'NONE',  ( -0.000000000000000000, 1.000000000000000000, -0.000000000000000000 ) ) ;
#2174 = CARTESIAN_POINT ( 'NONE',  ( 13.47563228442246341, 39.14485336658211878, 1.852552823420021699 ) ) ;
#2175 = APPLICATION_PROTOCOL_DEFINITION ( 'draft international standard', 'automotive_design', 1998, #5639 ) ;
#2176 = VERTEX_POINT ( 'NONE', #2368 ) ;
#2177 = CARTESIAN_POINT ( 'NONE',  ( 3.171412703686471435, 38.36551769150023716, -13.04147481781888906 ) ) ;
#2178 = CARTESIAN_POINT ( 'NONE',  ( -3.476011347220295811, 38.86153030304119937, -13.56182936677059025 ) ) ;
#2179 = EDGE_CURVE ( 'NONE', #2520, #5191, #576, .T. ) ;
#2180 = CARTESIAN_POINT ( 'NONE',  ( -3.756537396704796805, 21.19925405060613599, 12.85219483607875013 ) ) ;
#2181 = CARTESIAN_POINT ( 'NONE',  ( 13.85392022952066249, 19.67383379512344277, 2.017572778847537940 ) ) ;
#2182 = CARTESIAN_POINT ( 'NONE',  ( -12.91810128357447596, 22.71131608329203644, -5.396869404841479145 ) ) ;
#2183 = CARTESIAN_POINT ( 'NONE',  ( -13.18272709041979240, 38.74390169723757538, 2.648690145665284490 ) ) ;
#2184 = CARTESIAN_POINT ( 'NONE',  ( -13.56205755488551290, 38.86322109132244407, 3.477451291449627835 ) ) ;
#2185 = CARTESIAN_POINT ( 'NONE',  ( -12.33285904097955132, 24.16905293593649517, 4.991809502328195869 ) ) ;
#2186 = PLANE ( 'NONE',  #963 ) ;
#2187 = CARTESIAN_POINT ( 'NONE',  ( 5.426643747930275374, 22.80422759618850748, 12.90551915967193608 ) ) ;
#2188 = CARTESIAN_POINT ( 'NONE',  ( 13.96701454738522052, 39.62510464711467506, -0.9643599030141207784 ) ) ;
#2189 = CARTESIAN_POINT ( 'NONE',  ( -12.78545150766138505, 34.59192658446861657, 5.703702782121049530 ) ) ;
#2190 = CARTESIAN_POINT ( 'NONE',  ( -13.70522347010730080, 19.73950827472979341, -2.862601660515983415 ) ) ;
#2191 = CARTESIAN_POINT ( 'NONE',  ( -11.07350441368946825, 34.49999999999999289, -4.999999999999999112 ) ) ;
#2192 = CARTESIAN_POINT ( 'NONE',  ( -12.73713490986577312, 21.59105112045098807, -4.067498962899804837 ) ) ;
#2193 = ADVANCED_FACE ( 'NONE', ( #36 ), #1760, .T. ) ;
#2194 = CARTESIAN_POINT ( 'NONE',  ( 3.717935608083954069, 21.15678560351023307, -12.86562106100426384 ) ) ;
#2195 = CARTESIAN_POINT ( 'NONE',  ( 3.554683097614841802, 20.19783895536091123, 13.54140589079207579 ) ) ;
#2196 = CARTESIAN_POINT ( 'NONE',  ( -7.499999999999993783, 4.669203747859699050, -12.21334375751844803 ) ) ;
#2197 = CARTESIAN_POINT ( 'NONE',  ( -3.554683097614854237, 38.80216104463908522, 13.54140589079207402 ) ) ;
#2198 = CARTESIAN_POINT ( 'NONE',  ( 4.983355963618932627, 24.08399059500366235, -12.33698375886564236 ) ) ;
#2199 = CARTESIAN_POINT ( 'NONE',  ( 0.4692105786436220893, 39.98210796058575056, -13.99244815376612472 ) ) ;
#2200 = CARTESIAN_POINT ( 'NONE',  ( -0.1577780453469547206, 19.49979785363084517, 13.50009008622130580 ) ) ;
#2201 = CARTESIAN_POINT ( 'NONE',  ( 13.56785592536307483, 39.38584933398357890, 1.065409043041627868 ) ) ;
#2202 = CARTESIAN_POINT ( 'NONE',  ( -4.806041646965585556, 35.88166670485313148, 12.42184610739292872 ) ) ;
#2203 = ORIENTED_EDGE ( 'NONE', *, *, #6258, .F. ) ;
#2204 = CARTESIAN_POINT ( 'NONE',  ( -13.32685364616189716, 39.10013461235149634, 1.959377144301827967 ) ) ;
#2205 = CARTESIAN_POINT ( 'NONE',  ( 13.40899728873217001, 37.94079876708443066, -4.026431122683969299 ) ) ;
#2206 = CARTESIAN_POINT ( 'NONE',  ( 13.10409289302451441, 20.96777384580195402, 3.538838834495911190 ) ) ;
#2207 = CARTESIAN_POINT ( 'NONE',  ( -4.806041646978351345, 23.11833329518864488, -12.42184610738844874 ) ) ;
#2208 = CARTESIAN_POINT ( 'NONE',  ( -3.481827840604007740, 20.14278269637578944, -13.56033757806794959 ) ) ;
#2209 = CARTESIAN_POINT ( 'NONE',  ( 13.03822895539698123, 21.19942592449776342, 3.756691287007059454 ) ) ;
#2210 = CARTESIAN_POINT ( 'NONE',  ( 13.28542725031341298, 38.60933760048862950, -2.849545967105002742 ) ) ;
#2211 = CARTESIAN_POINT ( 'NONE',  ( 12.95238451565927562, 23.81331252400483578, -5.313764251635931579 ) ) ;
#2212 = ORIENTED_EDGE ( 'NONE', *, *, #7179, .F. ) ;
#2213 = CARTESIAN_POINT ( 'NONE',  ( 3.770874617365342907, 37.78380365366484739, -12.84701007838311071 ) ) ;
#2214 = CARTESIAN_POINT ( 'NONE',  ( -5.550620142217437269, 35.76892285823154793, -12.85267482874187550 ) ) ;
#2215 = CARTESIAN_POINT ( 'NONE',  ( -2.294748772665797798, 20.05694407033306703, 13.26215498409430360 ) ) ;
#2216 = CARTESIAN_POINT ( 'NONE',  ( 13.74043619699521557, 19.99039150623590899, 2.687908148725687063 ) ) ;
#2217 = CARTESIAN_POINT ( 'NONE',  ( -13.44887353666782737, 19.61518809545066233, 1.067859494714895829 ) ) ;
#2218 = CARTESIAN_POINT ( 'NONE',  ( 12.87885064741053576, 37.16221035204006284, -4.232703712648745231 ) ) ;
#2219 = PLANE ( 'NONE',  #1283 ) ;
#2220 = ORIENTED_EDGE ( 'NONE', *, *, #5173, .T. ) ;
#2221 = FACE_OUTER_BOUND ( 'NONE', #6466, .T. ) ;
#2222 = LINE ( 'NONE', #5158, #4183 ) ;
#2223 = CARTESIAN_POINT ( 'NONE',  ( 3.901769977042588877, 20.48431733202480132, 13.44599099503075301 ) ) ;
#2224 = CARTESIAN_POINT ( 'NONE',  ( 13.99319370272607799, 39.69215935576212217, -0.4370645503546103927 ) ) ;
#2225 = CARTESIAN_POINT ( 'NONE',  ( -13.38217273889676839, 39.23119895669022128, -1.625665516082735573 ) ) ;
#2226 = FACE_OUTER_BOUND ( 'NONE', #7013, .T. ) ;
#2227 = CARTESIAN_POINT ( 'NONE',  ( -12.65857047865826246, 21.89032354819963544, -4.265120868647775509 ) ) ;
#2228 = AXIS2_PLACEMENT_3D ( 'NONE', #5370, #844, #6449 ) ;
#2229 = CARTESIAN_POINT ( 'NONE',  ( -5.625134224076544953, 23.58909659572817574, 12.82021630050981997 ) ) ;
#2230 = CARTESIAN_POINT ( 'NONE',  ( 11.07350441368946292, 45.00000000000000000, 5.000000000000000000 ) ) ;
#2231 = CARTESIAN_POINT ( 'NONE',  ( -7.499999999999994671, 3.667153101114935865, -13.37365826965605464 ) ) ;
#2232 = CARTESIAN_POINT ( 'NONE',  ( -2.539355301885888316, 39.42807310971141987, 13.76877896525449430 ) ) ;
#2233 = DIRECTION ( 'NONE',  ( 0.000000000000000000, 1.000000000000000000, 0.000000000000000000 ) ) ;
#2234 = CARTESIAN_POINT ( 'NONE',  ( -7.499999999999993783, 45.00000000000000000, -9.558896379812894750 ) ) ;
#2235 = EDGE_CURVE ( 'NONE', #5273, #7226, #5737, .T. ) ;
#2236 = CARTESIAN_POINT ( 'NONE',  ( -1.612621738558677853, 19.76701957673717303, 13.38301547416649306 ) ) ;
#2237 = AXIS2_PLACEMENT_3D ( 'NONE', #4391, #5578, #1505 ) ;
#2238 = CARTESIAN_POINT ( 'NONE',  ( 13.39087335187358185, 38.91317971739744053, 2.350364954371132242 ) ) ;
#2239 = DIRECTION ( 'NONE',  ( 0.000000000000000000, 1.000000000000000000, 0.000000000000000000 ) ) ;
#2240 = CARTESIAN_POINT ( 'NONE',  ( 0.2835621117645258371, 39.49212649247935758, 13.49647389307610368 ) ) ;
#2241 = ORIENTED_EDGE ( 'NONE', *, *, #5571, .T. ) ;
#2242 = CARTESIAN_POINT ( 'NONE',  ( -13.48108581574600962, 39.45766403659651900, 0.6545171478444589130 ) ) ;
#2243 = DIRECTION ( 'NONE',  ( 0.000000000000000000, 0.000000000000000000, -1.000000000000000000 ) ) ;
#2244 = CARTESIAN_POINT ( 'NONE',  ( 13.45929048080441781, 19.89908808733477841, 1.957551311303166397 ) ) ;
#2245 = CARTESIAN_POINT ( 'NONE',  ( -4.991809502327469339, 24.16905293592908066, -12.33285904097949270 ) ) ;
#2246 = CARTESIAN_POINT ( 'NONE',  ( -3.332525600356687878, 20.03621413891707093, -13.59763959100848041 ) ) ;
#2247 = CARTESIAN_POINT ( 'NONE',  ( 13.19713026914142340, 20.66185095350878242, 3.204726686392889157 ) ) ;
#2248 = EDGE_CURVE ( 'NONE', #888, #6432, #664, .T. ) ;
#2249 = CARTESIAN_POINT ( 'NONE',  ( 13.59585500829311044, 39.45701077174014415, -0.6555593409221546208 ) ) ;
#2250 = CARTESIAN_POINT ( 'NONE',  ( 13.89606868224594471, 19.55910156307003689, 1.734023568176691121 ) ) ;
#2251 = ORIENTED_EDGE ( 'NONE', *, *, #6569, .T. ) ;
#2252 = B_SPLINE_CURVE_WITH_KNOTS ( 'NONE', 3,
 ( #2398, #1316, #3594, #4007 ),
 .UNSPECIFIED., .F., .F.,
 ( 4, 4 ),
 ( 0.000000000000000000, 1.000000000000000000 ),
 .UNSPECIFIED. ) ;
#2253 = CARTESIAN_POINT ( 'NONE',  ( 3.333582251271388408, 38.22658438531237834, -12.99244741164600292 ) ) ;
#2254 = CARTESIAN_POINT ( 'NONE',  ( -5.703703114510190630, 34.49999999999998579, -12.78545152826159459 ) ) ;
#2255 = CARTESIAN_POINT ( 'NONE',  ( -4.825236483681772270, 23.18704311694935782, 12.41282736075850579 ) ) ;
#2256 = CARTESIAN_POINT ( 'NONE',  ( -13.27715620654401185, 20.02009472017414993, -2.221969527786557208 ) ) ;
#2257 = LINE ( 'NONE', #4556, #5823 ) ;
#2258 = ORIENTED_EDGE ( 'NONE', *, *, #2235, .T. ) ;
#2259 = CARTESIAN_POINT ( 'NONE',  ( 5.479264243314485583, 22.96970544122662616, -12.88326574589610196 ) ) ;
#2260 = CARTESIAN_POINT ( 'NONE',  ( 4.646744365638840080, 22.65203592487454998, 12.49499534280183255 ) ) ;
#2261 = DIRECTION ( 'NONE',  ( 0.000000000000000000, -0.000000000000000000, 1.000000000000000000 ) ) ;
#2262 = CARTESIAN_POINT ( 'NONE',  ( 13.46025234675199478, 38.12333217474419200, 3.850407511204111177 ) ) ;
#2263 = CARTESIAN_POINT ( 'NONE',  ( -13.49260249347826246, 39.48347065139623879, 0.4083661419883293786 ) ) ;
#2264 = CARTESIAN_POINT ( 'NONE',  ( -12.81855341052051322, 35.40508352399822201, -5.629058863155919745 ) ) ;
#2265 = CARTESIAN_POINT ( 'NONE',  ( 1.584681556434802241, 39.78365571760268438, -13.91009967128694491 ) ) ;
#2266 = CARTESIAN_POINT ( 'NONE',  ( -13.18372039217431713, 20.25419743704994602, -2.641920017485649641 ) ) ;
#2267 = VECTOR ( 'NONE', #5843, 1000.000000000000000 ) ;
#2268 = CARTESIAN_POINT ( 'NONE',  ( 5.000000000000001776, 24.50000000000000000, 12.32882846293108869 ) ) ;
#2269 = FACE_OUTER_BOUND ( 'NONE', #1061, .T. ) ;
#2270 = CARTESIAN_POINT ( 'NONE',  ( -5.396991814157960476, 22.71838871692117934, -12.91795923787730693 ) ) ;
#2271 = CARTESIAN_POINT ( 'NONE',  ( -5.191492415451519626, 36.78494310632414965, -13.00208960656679480 ) ) ;
#2272 = ADVANCED_FACE ( 'NONE', ( #6224 ), #4629, .T. ) ;
#2273 = CARTESIAN_POINT ( 'NONE',  ( 4.067498962805286666, 37.40894887968118354, 12.73713490990126651 ) ) ;
#2274 = CARTESIAN_POINT ( 'NONE',  ( 7.008452218804953837, 9.181567730852906450, 12.11995680617094351 ) ) ;
#2275 = AXIS2_PLACEMENT_3D ( 'NONE', #6151, #3229, #5446 ) ;
#2276 = CARTESIAN_POINT ( 'NONE',  ( 2.184530099681402326, 20.00228107992075977, 13.28447375681592924 ) ) ;
#2277 = CARTESIAN_POINT ( 'NONE',  ( 12.68854169044175606, 36.11384002434582641, 4.732564133646004478 ) ) ;
#2278 = CARTESIAN_POINT ( 'NONE',  ( -4.339379587743838584, 36.98444183156370713, 12.62800428891269711 ) ) ;
#2279 = CARTESIAN_POINT ( 'NONE',  ( -1.389169040376151409, 39.30332379652512742, 13.41331061875201769 ) ) ;
#2280 = ADVANCED_FACE ( 'NONE', ( #4099 ), #3666, .F. ) ;
#2281 = CARTESIAN_POINT ( 'NONE',  ( -13.14430010083411560, 38.64336593875668768, 2.798679341092585648 ) ) ;
#2282 = CARTESIAN_POINT ( 'NONE',  ( -2.540788567131806008, 19.57261939257122663, 13.76851353491864138 ) ) ;
#2283 = CARTESIAN_POINT ( 'NONE',  ( 13.10070940901844949, 20.97934716185379145, 3.550365417818895697 ) ) ;
#2284 = CARTESIAN_POINT ( 'NONE',  ( 5.703702782121092163, 24.40807341553138698, -12.78545150766136729 ) ) ;
#2285 = CARTESIAN_POINT ( 'NONE',  ( 7.499999999999994671, 45.00000000000000000, -11.82159041753689088 ) ) ;
#2286 = CARTESIAN_POINT ( 'NONE',  ( 13.60879449520556150, 39.48961074480490652, -0.3248315381276961067 ) ) ;
#2287 = CARTESIAN_POINT ( 'NONE',  ( 7.499999999999992895, 7.006394970845456704, -11.82159041753689266 ) ) ;
#2288 = ORIENTED_EDGE ( 'NONE', *, *, #1202, .T. ) ;
#2289 = CARTESIAN_POINT ( 'NONE',  ( 3.118840111190871678, 38.40815386690066191, -13.05682688510098721 ) ) ;
#2290 = CARTESIAN_POINT ( 'NONE',  ( -1.846618629337108963, 39.14723847982317295, -13.34657716478094258 ) ) ;
#2291 = LINE ( 'NONE', #4134, #1803 ) ;
#2292 = CARTESIAN_POINT ( 'NONE',  ( -10.36363636363635266, 3.499999999999985789, 21.64705618143756638 ) ) ;
#2293 = CARTESIAN_POINT ( 'NONE',  ( -12.88990531660748751, 21.07988385121726793, -3.648191677156956469 ) ) ;
#2294 = CARTESIAN_POINT ( 'NONE',  ( 9.499999999999994671, 4.000000000000000000, -19.84313483298443970 ) ) ;
#2295 = ORIENTED_EDGE ( 'NONE', *, *, #5052, .F. ) ;
#2296 = CARTESIAN_POINT ( 'NONE',  ( 12.82994109239188063, 22.06456100793351993, 4.367425867535504658 ) ) ;
#2297 = CARTESIAN_POINT ( 'NONE',  ( 4.718749163091461085, 22.84618619539747897, 12.46225512916078237 ) ) ;
#2298 = LINE ( 'NONE', #2375, #3576 ) ;
#2299 = CARTESIAN_POINT ( 'NONE',  ( 12.99299787136308737, 35.70026857547381383, -5.213647315672311322 ) ) ;
#2300 = CARTESIAN_POINT ( 'NONE',  ( -13.46344926528101560, 39.41789863392711624, -0.9061354478495834419 ) ) ;
#2301 = CARTESIAN_POINT ( 'NONE',  ( 7.500000000000000000, 0.000000000000000000, -59.57475013247809414 ) ) ;
#2302 = CARTESIAN_POINT ( 'NONE',  ( -2.280491854602182400, 39.54206787476881857, -13.81329475549791219 ) ) ;
#2303 = CARTESIAN_POINT ( 'NONE',  ( -13.11977440065633616, 20.42127313557282164, -2.892507242900616671 ) ) ;
#2304 = CARTESIAN_POINT ( 'NONE',  ( -0.6548938153536232321, 19.03561110102451437, 13.98499269927931543 ) ) ;
#2305 = FACE_OUTER_BOUND ( 'NONE', #4248, .T. ) ;
#2306 = CARTESIAN_POINT ( 'NONE',  ( 4.683447163529335100, 37.64041563479015196, 13.19349785096086691 ) ) ;
#2307 = CARTESIAN_POINT ( 'NONE',  ( -5.111616210823974882, 36.94670837992975976, -13.03381225855099856 ) ) ;
#2308 = LINE ( 'NONE', #5285, #4385 ) ;
#2309 = CARTESIAN_POINT ( 'NONE',  ( 3.789409796498331762, 12.99060700576011307, 13.48405700324767942 ) ) ;
#2310 = CARTESIAN_POINT ( 'NONE',  ( -0.3255932167230037866, 19.50783379949566054, 13.49648408309272973 ) ) ;
#2311 = CARTESIAN_POINT ( 'NONE',  ( 12.91417516157584089, 37.31509260043633702, 4.132232997133958641 ) ) ;
#2312 = DIRECTION ( 'NONE',  ( -0.000000000000000000, -1.000000000000000000, -0.000000000000000000 ) ) ;
#2313 = CARTESIAN_POINT ( 'NONE',  ( -1.269291353975048109, 39.33638550780646170, 13.42767872827301723 ) ) ;
#2314 = ORIENTED_EDGE ( 'NONE', *, *, #7124, .F. ) ;
#2315 = CARTESIAN_POINT ( 'NONE',  ( -12.90844367894659683, 37.97737501180448305, -3.593655930146661071 ) ) ;
#2316 = LINE ( 'NONE', #1804, #3346 ) ;
#2317 = CARTESIAN_POINT ( 'NONE',  ( 13.21269821755837626, 20.61289644948890398, -3.144922526258281170 ) ) ;
#2318 = CARTESIAN_POINT ( 'NONE',  ( 5.190650374805603207, 22.21325350842066015, -13.00242667865682300 ) ) ;
#2319 = CARTESIAN_POINT ( 'NONE',  ( 7.499999999999991118, 3.499999999999982236, 13.56465996626678461 ) ) ;
#2320 = CARTESIAN_POINT ( 'NONE',  ( 13.60980002463080041, 39.49213613246902810, -0.2833655951926250527 ) ) ;
#2321 = CARTESIAN_POINT ( 'NONE',  ( 11.88997045172960831, 38.83336110286175824, 2.515724550329367482 ) ) ;
#2322 = CARTESIAN_POINT ( 'NONE',  ( 12.99107301816946780, 23.30854657824891518, -5.218564169747407888 ) ) ;
#2323 = VERTEX_POINT ( 'NONE', #550 ) ;
#2324 = CARTESIAN_POINT ( 'NONE',  ( 3.854718054352178847, 37.68453785631492536, -12.81681985181313976 ) ) ;
#2325 = CARTESIAN_POINT ( 'NONE',  ( 4.198745285886900547, 37.21609091490676491, -12.68547047897265934 ) ) ;
#2326 = CARTESIAN_POINT ( 'NONE',  ( 7.500000000000000000, 6.500000000000000888, -59.57475013247809414 ) ) ;
#2327 = CARTESIAN_POINT ( 'NONE',  ( 12.63268356859933483, 23.35700239613884932, -4.868295518108160636 ) ) ;
#2328 = CARTESIAN_POINT ( 'NONE',  ( -13.05055611474004884, 37.02480868482118836, -5.068055422443444868 ) ) ;
#2329 = CARTESIAN_POINT ( 'NONE',  ( -13.49100202159581308, 19.52011099811339889, -0.4499375533974199759 ) ) ;
#2330 = EDGE_CURVE ( 'NONE', #6582, #4785, #1258, .T. ) ;
#2331 = DIRECTION ( 'NONE',  ( 0.000000000000000000, 1.000000000000000000, 0.000000000000000000 ) ) ;
#2332 = ORIENTED_EDGE ( 'NONE', *, *, #4154, .T. ) ;
#2333 = CARTESIAN_POINT ( 'NONE',  ( 13.08640456416275910, 21.02864307631991281, 3.598697881080707983 ) ) ;
#2334 = CARTESIAN_POINT ( 'NONE',  ( 4.769245651921846019, 22.99798278620302128, 12.43896763249456683 ) ) ;
#2335 = CARTESIAN_POINT ( 'NONE',  ( 5.000000000000007994, 24.50000000000000000, -22.79802623035600462 ) ) ;
#2336 = VERTEX_POINT ( 'NONE', #625 ) ;
#2337 = CARTESIAN_POINT ( 'NONE',  ( -13.05055611474004884, 21.97519131517882229, 5.068055422443444868 ) ) ;
#2338 = CARTESIAN_POINT ( 'NONE',  ( 13.44331498349789022, 38.06343341022743942, -3.909086565241620903 ) ) ;
#2339 = CARTESIAN_POINT ( 'NONE',  ( -1.484806420479569233, 39.81343295475130617, -13.92220683203125908 ) ) ;
#2340 = CARTESIAN_POINT ( 'NONE',  ( -13.34683969041266316, 19.85213553386135388, -1.845115717857979787 ) ) ;
#2341 = VECTOR ( 'NONE', #569, 1000.000000000000000 ) ;
#2342 = CARTESIAN_POINT ( 'NONE',  ( -1.842200009237928482, 19.29398862240140744, 13.87855329219237888 ) ) ;
#2343 = CARTESIAN_POINT ( 'NONE',  ( 13.07281374429920184, 22.65275951487313932, -5.010246306057689836 ) ) ;
#2344 = CARTESIAN_POINT ( 'NONE',  ( 5.298717085089395873, 36.53747418901505029, 12.95859161684998995 ) ) ;
#2345 = CARTESIAN_POINT ( 'NONE',  ( -0.1953067770656639890, 39.99751874354350889, 13.99895140326644061 ) ) ;
#2346 = CARTESIAN_POINT ( 'NONE',  ( 4.498273743605610164, 36.68338917158820323, 12.56052950981987237 ) ) ;
#2347 = CARTESIAN_POINT ( 'NONE',  ( 3.920549920908381392, 21.39552305918548214, 12.79281226053702269 ) ) ;
#2348 = CARTESIAN_POINT ( 'NONE',  ( 12.67342110822860057, 36.00047093037374424, 4.769731826868857105 ) ) ;
#2349 = CARTESIAN_POINT ( 'NONE',  ( 11.07350441368946470, 24.16572324112686942, -5.000000000000000888 ) ) ;
#2350 = CARTESIAN_POINT ( 'NONE',  ( -1.148536051283324699, 39.36647471741391513, 13.44082727888746653 ) ) ;
#2351 = ORIENTED_EDGE ( 'NONE', *, *, #2507, .T. ) ;
#2352 = CARTESIAN_POINT ( 'NONE',  ( -12.93278110554649807, 38.05091594549683265, -3.520103013583040674 ) ) ;
#2353 = CARTESIAN_POINT ( 'NONE',  ( 18.50000000000000000, 0.000000000000000000, 0.000000000000000000 ) ) ;
#2354 = AXIS2_PLACEMENT_3D ( 'NONE', #877, #3150, #7051 ) ;
#2355 = CARTESIAN_POINT ( 'NONE',  ( 13.10505451328915250, 20.96448911392706549, -3.535557114456502781 ) ) ;
#2356 = CARTESIAN_POINT ( 'NONE',  ( -4.326551671552826051, 21.98851926361607312, 11.35386782686242668 ) ) ;
#2357 = CARTESIAN_POINT ( 'NONE',  ( -4.675266985663480312, 22.72556209853645726, -12.48209869952355611 ) ) ;
#2358 = CARTESIAN_POINT ( 'NONE',  ( 0.3306935803562488507, 39.50000000000003553, -12.15000000000001634 ) ) ;
#2359 = CARTESIAN_POINT ( 'NONE',  ( 13.41513720698077883, 38.98066138973292993, -2.220446824387616758 ) ) ;
#2360 = CARTESIAN_POINT ( 'NONE',  ( 12.89315433064866134, 37.22496691808886027, -4.192298469889903956 ) ) ;
#2361 = CARTESIAN_POINT ( 'NONE',  ( 11.08878998061427623, 35.16627549431789390, -4.966530246183457287 ) ) ;
#2362 = CARTESIAN_POINT ( 'NONE',  ( 13.44333621263550604, 20.93515661294105712, 3.910619973177717146 ) ) ;
#2363 = VERTEX_POINT ( 'NONE', #2815 ) ;
#2364 = CARTESIAN_POINT ( 'NONE',  ( 4.999999999999999112, 34.66516375184291121, -12.32882838139999748 ) ) ;
#2365 = CARTESIAN_POINT ( 'NONE',  ( 4.108199442731406137, 37.35119471416604142, -12.72129217169052673 ) ) ;
#2366 = CARTESIAN_POINT ( 'NONE',  ( -2.226075529799534269, 20.01105257614702992, -11.94821102485785325 ) ) ;
#2367 = CARTESIAN_POINT ( 'NONE',  ( -13.49260249347826246, 19.51652934860375055, -0.4083661419883187760 ) ) ;
#2368 = CARTESIAN_POINT ( 'NONE',  ( 7.499999999999990230, 0.000000000000000000, 19.84313483298444325 ) ) ;
#2369 = VERTEX_POINT ( 'NONE', #6855 ) ;
#2370 = CARTESIAN_POINT ( 'NONE',  ( 12.81484100335618770, 22.13983196430309164, 4.407913001357030680 ) ) ;
#2371 = CARTESIAN_POINT ( 'NONE',  ( -3.910139247183842759, 37.61635635799954258, -12.79650896793248371 ) ) ;
#2372 = EDGE_CURVE ( 'NONE', #5650, #1692, #2257, .T. ) ;
#2373 = CARTESIAN_POINT ( 'NONE',  ( 4.067498962899930959, 21.59105112045115860, -12.73713490986568431 ) ) ;
#2374 = ORIENTED_EDGE ( 'NONE', *, *, #4390, .T. ) ;
#2375 = CARTESIAN_POINT ( 'NONE',  ( -7.499999999999990230, 14.00000000000000000, 19.84313483298444325 ) ) ;
#2376 = CARTESIAN_POINT ( 'NONE',  ( 13.39183942174743080, 37.87525824725424428, -4.081904354803446822 ) ) ;
#2377 = CARTESIAN_POINT ( 'NONE',  ( -13.23065092072207705, 38.86474063228446596, -2.440414124868604873 ) ) ;
#2378 = CARTESIAN_POINT ( 'NONE',  ( -12.14982594419684681, 39.49957704411723114, -0.3367253507142284330 ) ) ;
#2379 = B_SPLINE_CURVE_WITH_KNOTS ( 'NONE', 3,
 ( #3093, #790, #7028, #3766, #7133, #5453, #5384, #2013, #1909, #5904, #277, #4294, #6568, #893, #3055, #3164, #4335, #6605, #6047, #930 ),
 .UNSPECIFIED., .F., .F.,
 ( 4, 2, 2, 2, 2, 2, 2, 2, 2, 4 ),
 ( 0.000000000000000000, 0.0009883955495879840486, 0.001976791099175968097, 0.002965186648763952146, 0.003953582198351936194, 0.004941977747939920243, 0.005930373297527904292, 0.006424571072321895449, 0.006918768847115886605, 0.007907164396703872389 ),
 .UNSPECIFIED. ) ;
#2380 = CONICAL_SURFACE ( 'NONE', #601, 1.499999999999987566, 0.7853981633974442822 ) ;
#2381 = CARTESIAN_POINT ( 'NONE',  ( 3.768347205850504533, 38.63248035904261002, -13.48411256774210898 ) ) ;
#2382 = CARTESIAN_POINT ( 'NONE',  ( -13.26280562134028074, 20.05532726408700839, -2.291739839417710645 ) ) ;
#2383 = EDGE_CURVE ( 'NONE', #6118, #4243, #4017, .T. ) ;
#2384 = CARTESIAN_POINT ( 'NONE',  ( -5.665815134425055355, 23.86054868324003664, 12.80229064392442240 ) ) ;
#2385 = CARTESIAN_POINT ( 'NONE',  ( -18.50000000000000000, 0.000000000000000000, -1.750000000000000000 ) ) ;
#2386 = DIRECTION ( 'NONE',  ( -0.000000000000000000, -1.000000000000000000, -0.000000000000000000 ) ) ;
#2387 = CARTESIAN_POINT ( 'NONE',  ( 4.931696440389196745, 37.26344542768693913, 13.10263265623420281 ) ) ;
#2388 = CARTESIAN_POINT ( 'NONE',  ( 4.191937188893684940, 37.22552288174223634, 12.68809945276188600 ) ) ;
#2389 = CARTESIAN_POINT ( 'NONE',  ( 4.590981638777801521, 12.43557717472161350, 13.22732125183043728 ) ) ;
#2390 = CARTESIAN_POINT ( 'NONE',  ( 3.059771721819965151, 20.54513125770811399, 13.07379436636764147 ) ) ;
#2391 = CARTESIAN_POINT ( 'NONE',  ( 12.94634082558988020, 37.44823333584668035, 4.038534909466776845 ) ) ;
#2392 = ORIENTED_EDGE ( 'NONE', *, *, #3182, .F. ) ;
#2393 = CARTESIAN_POINT ( 'NONE',  ( -12.51323822058967039, 36.44587278695894383, -4.605869013919216215 ) ) ;
#2394 = CARTESIAN_POINT ( 'NONE',  ( -9.499999999999994671, 3.499999999999985789, -19.84313483298443970 ) ) ;
#2395 = CARTESIAN_POINT ( 'NONE',  ( 13.44076853729126242, 19.94912061494085620, -2.072701441635420583 ) ) ;
#2396 = CARTESIAN_POINT ( 'NONE',  ( 0.000000000000000000, 6.500000000000000888, -59.57475013247809414 ) ) ;
#2397 = CARTESIAN_POINT ( 'NONE',  ( -4.934553706097513981, 23.67713261335496355, -12.36075373155403945 ) ) ;
#2398 = CARTESIAN_POINT ( 'NONE',  ( -5.000000000000010658, 24.50000000000000000, -12.32882846293107271 ) ) ;
#2399 = CARTESIAN_POINT ( 'NONE',  ( 12.74831836622719194, 36.50232281402483636, -4.582282521465128156 ) ) ;
#2400 = CARTESIAN_POINT ( 'NONE',  ( 12.66700930848845807, 35.94931342870153657, -4.785381884119416007 ) ) ;
#2401 = CARTESIAN_POINT ( 'NONE',  ( 13.03369380383293930, 36.06268800497849725, 5.111068204352847033 ) ) ;
#2402 = CARTESIAN_POINT ( 'NONE',  ( 1.735820950749147995, 13.80061545311244231, -13.89414320823695270 ) ) ;
#2403 = ORIENTED_EDGE ( 'NONE', *, *, #1840, .T. ) ;
#2404 = VECTOR ( 'NONE', #5099, 1000.000000000000000 ) ;
#2405 = CARTESIAN_POINT ( 'NONE',  ( 5.703703114510178196, 45.00000000000000000, -12.78545152826159814 ) ) ;
#2406 = CARTESIAN_POINT ( 'NONE',  ( -0.2835621117645541478, 39.49212649247935758, -13.49647389307609657 ) ) ;
#2407 = CARTESIAN_POINT ( 'NONE',  ( -5.000000000000007105, 34.49999999999998579, -12.32882846293106915 ) ) ;
#2408 = CARTESIAN_POINT ( 'NONE',  ( 12.97087339189530475, 23.55257819136742015, 5.268445063407065199 ) ) ;
#2409 = LINE ( 'NONE', #6780, #6416 ) ;
#2410 = EDGE_LOOP ( 'NONE', ( #4495, #180 ) ) ;
#2411 = CARTESIAN_POINT ( 'NONE',  ( 13.04665240055834374, 21.16938676079232451, 3.729240928605775718 ) ) ;
#2412 = CARTESIAN_POINT ( 'NONE',  ( -4.110833565396194267, 37.34709907490581315, -12.72023457258635304 ) ) ;
#2413 = CARTESIAN_POINT ( 'NONE',  ( 3.270242671980653437, 20.71741736871679862, -13.01197419630395302 ) ) ;
#2414 = CARTESIAN_POINT ( 'NONE',  ( -13.00268122915531066, 22.21630963866091690, 5.189616448541726434 ) ) ;
#2415 = CARTESIAN_POINT ( 'NONE',  ( 13.62256442226042985, 38.65716415406162554, -3.229090382974579398 ) ) ;
#2416 = CARTESIAN_POINT ( 'NONE',  ( -13.48552442851640087, 19.53238074689455317, -0.5741885885618042140 ) ) ;
#2417 = EDGE_CURVE ( 'NONE', #6617, #4141, #5817, .T. ) ;
#2418 = CARTESIAN_POINT ( 'NONE',  ( 3.963644716955035729, 21.45103343147543740, 12.77667996410928986 ) ) ;
#2419 = CARTESIAN_POINT ( 'NONE',  ( 13.28983208453768938, 21.53017998095813823, -4.402610886037095383 ) ) ;
#2420 = DIRECTION ( 'NONE',  ( 0.000000000000000000, 0.000000000000000000, -1.000000000000000000 ) ) ;
#2421 = CARTESIAN_POINT ( 'NONE',  ( 2.106512885492499709, 39.61196188413204311, 13.84089460905202529 ) ) ;
#2422 = CARTESIAN_POINT ( 'NONE',  ( 1.728604064215543579, 39.19294553292418470, 13.36589894168148085 ) ) ;
#2423 = CARTESIAN_POINT ( 'NONE',  ( 7.499999999999991118, 6.500000000000012434, 11.82159041753689444 ) ) ;
#2424 = CARTESIAN_POINT ( 'NONE',  ( 12.78672233369871947, 36.71637024325351462, 4.482669239825619378 ) ) ;
#2425 = DIRECTION ( 'NONE',  ( 0.000000000000000000, 0.000000000000000000, -1.000000000000000000 ) ) ;
#2426 = CARTESIAN_POINT ( 'NONE',  ( 4.239045969329540142, 37.15276874771021909, 12.66922898022116328 ) ) ;
#2427 = EDGE_CURVE ( 'NONE', #1134, #1370, #3449, .T. ) ;
#2428 = ORIENTED_EDGE ( 'NONE', *, *, #346, .F. ) ;
#2429 = CARTESIAN_POINT ( 'NONE',  ( -12.82351753237337277, 37.70674782608687536, -3.836257342878654608 ) ) ;
#2430 = DIRECTION ( 'NONE',  ( -1.000000000000000000, 0.000000000000000000, 0.000000000000000000 ) ) ;
#2431 = CARTESIAN_POINT ( 'NONE',  ( 13.51794351816764106, 19.74327867769229883, -1.542712331842735152 ) ) ;
#2432 = CARTESIAN_POINT ( 'NONE',  ( -0.3301652024386727557, 19.50000000000001066, 12.14999999999999503 ) ) ;
#2433 = CARTESIAN_POINT ( 'NONE',  ( 3.797799817676493994, 20.39627562379222070, -13.47508796812851983 ) ) ;
#2434 = CARTESIAN_POINT ( 'NONE',  ( 12.57669683062196242, 24.50000000000000000, -5.000000000000000000 ) ) ;
#2435 = CARTESIAN_POINT ( 'NONE',  ( 12.61552439229115841, 35.45010793194123977, -4.909074137059397991 ) ) ;
#2436 = CARTESIAN_POINT ( 'NONE',  ( 12.65248010308071258, 35.82814954134938290, -4.820688253198579964 ) ) ;
#2437 = CARTESIAN_POINT ( 'NONE',  ( 11.76349821955085062, 38.47315049080888372, -3.052720180829591623 ) ) ;
#2438 = LINE ( 'NONE', #7005, #6660 ) ;
#2439 = ORIENTED_EDGE ( 'NONE', *, *, #290, .F. ) ;
#2440 = CARTESIAN_POINT ( 'NONE',  ( 4.991809502327684278, 34.83094706406862429, -12.33285904097948738 ) ) ;
#2441 = CARTESIAN_POINT ( 'NONE',  ( -0.5740952870517277429, 39.46762670294205577, -13.48552889693681500 ) ) ;
#2442 = CARTESIAN_POINT ( 'NONE',  ( -2.331966488355108780, 20.07706360419886948, -13.25406959293823839 ) ) ;
#2443 = DIRECTION ( 'NONE',  ( 0.000000000000000000, 1.000000000000000000, 0.000000000000000000 ) ) ;
#2444 = CARTESIAN_POINT ( 'NONE',  ( 12.94917905270172298, 23.89504007459789747, 5.321540906778362334 ) ) ;
#2445 = CARTESIAN_POINT ( 'NONE',  ( -13.24989011440865383, 37.85386293429111504, -4.521490543381603722 ) ) ;
#2446 = CARTESIAN_POINT ( 'NONE',  ( -18.50000000000000000, 0.000000000000000000, 0.000000000000000000 ) ) ;
#2447 = ORIENTED_EDGE ( 'NONE', *, *, #1368, .F. ) ;
#2448 = CARTESIAN_POINT ( 'NONE',  ( -4.857592969302932495, 35.68982059019402442, -12.39757199998108206 ) ) ;
#2449 = CARTESIAN_POINT ( 'NONE',  ( 1.995988435307941788, 19.91563227789451318, -13.32027703029783083 ) ) ;
#2450 = VERTEX_POINT ( 'NONE', #1221 ) ;
#2451 = CARTESIAN_POINT ( 'NONE',  ( -13.25076436672377334, 21.14294417205535837, -4.518919828210113288 ) ) ;
#2452 = CARTESIAN_POINT ( 'NONE',  ( -13.30597309140156348, 19.94997650658614674, 2.074578311655876917 ) ) ;
#2453 = CARTESIAN_POINT ( 'NONE',  ( 1.428809295313516303, 19.70831677206446031, 13.40827102715394048 ) ) ;
#2454 = CARTESIAN_POINT ( 'NONE',  ( -0.1879400662577130621, 19.00223852955702952, -13.99905282046593769 ) ) ;
#2455 = CARTESIAN_POINT ( 'NONE',  ( 1.753299717222379872, 39.73447516623751596, 13.89007081705471514 ) ) ;
#2456 = CARTESIAN_POINT ( 'NONE',  ( 2.814150084887768077, 38.63287389795941351, 13.14030203581879164 ) ) ;
#2457 = CARTESIAN_POINT ( 'NONE',  ( -13.76882338341331646, 19.57180836978338689, 2.539130102047489679 ) ) ;
#2458 = CARTESIAN_POINT ( 'NONE',  ( 3.118840111215754440, 20.59184613311929368, 13.05682688509260814 ) ) ;
#2459 = LINE ( 'NONE', #2490, #2989 ) ;
#2460 = FACE_OUTER_BOUND ( 'NONE', #3268, .T. ) ;
#2461 = CARTESIAN_POINT ( 'NONE',  ( 4.997906189854684378, 34.66690789684601270, 12.32985669532618545 ) ) ;
#2462 = CARTESIAN_POINT ( 'NONE',  ( -12.83055227578615742, 37.72998099677251815, -3.816796735040038691 ) ) ;
#2463 = FACE_OUTER_BOUND ( 'NONE', #6690, .T. ) ;
#2464 = EDGE_CURVE ( 'NONE', #3720, #4670, #2409, .T. ) ;
#2465 = CARTESIAN_POINT ( 'NONE',  ( 13.25638622694124180, 20.47819702628033411, -2.970768941727503609 ) ) ;
#2466 = CARTESIAN_POINT ( 'NONE',  ( -7.499999999999991118, 45.00000000000000000, 11.82159041753689444 ) ) ;
#2467 = CARTESIAN_POINT ( 'NONE',  ( 1.614915759334812240, 19.76726197324115830, -13.38289089555150646 ) ) ;
#2468 = DIRECTION ( 'NONE',  ( -0.000000000000000000, -1.000000000000000000, -0.000000000000000000 ) ) ;
#2469 = CARTESIAN_POINT ( 'NONE',  ( 12.58917334814936773, 35.03939004317349770, -4.970993946857575452 ) ) ;
#2470 = AXIS2_PLACEMENT_3D ( 'NONE', #1603, #6165, #4488 ) ;
#2471 = CARTESIAN_POINT ( 'NONE',  ( 13.37483980481309054, 38.86816545858604144, -2.433004205899609751 ) ) ;
#2472 = CARTESIAN_POINT ( 'NONE',  ( 12.09663270058085338, 39.36897429071821364, 1.149054724195764710 ) ) ;
#2473 = DIRECTION ( 'NONE',  ( 1.206107350727848108E-16, 0.000000000000000000, 1.000000000000000000 ) ) ;
#2474 = ORIENTED_EDGE ( 'NONE', *, *, #4166, .F. ) ;
#2475 = DIRECTION ( 'NONE',  ( 0.000000000000000000, 0.000000000000000000, 1.000000000000000000 ) ) ;
#2476 = CARTESIAN_POINT ( 'NONE',  ( -4.363776925323216815, 36.94113133445878816, -12.61780855713342930 ) ) ;
#2477 = ADVANCED_FACE ( 'NONE', ( #6551 ), #7121, .F. ) ;
#2478 = CARTESIAN_POINT ( 'NONE',  ( -4.631255728407867700, 37.71157775214980035, 13.21192329824178735 ) ) ;
#2479 = CARTESIAN_POINT ( 'NONE',  ( 12.78770851525840513, 22.27837079211314020, -4.480064564100958435 ) ) ;
#2480 = DIRECTION ( 'NONE',  ( 0.000000000000000000, 0.000000000000000000, -1.000000000000000000 ) ) ;
#2481 = ORIENTED_EDGE ( 'NONE', *, *, #7031, .T. ) ;
#2482 = CARTESIAN_POINT ( 'NONE',  ( -4.154873143112429723, 37.28156540987344414, -12.70282834712540954 ) ) ;
#2483 = CARTESIAN_POINT ( 'NONE',  ( -13.92220683203126974, 19.18656704524873646, -1.484806420479518829 ) ) ;
#2484 = CARTESIAN_POINT ( 'NONE',  ( 12.57669679534136797, 34.66684721422376469, 4.999995163604510573 ) ) ;
#2485 = CARTESIAN_POINT ( 'NONE',  ( -13.59827201988604273, 38.96649318265748718, -3.333480074720938990 ) ) ;
#2486 = CARTESIAN_POINT ( 'NONE',  ( -13.25406959293828635, 20.07706360419890146, 2.331966488355122102 ) ) ;
#2487 = DIRECTION ( 'NONE',  ( -2.326651945565614842E-16, 1.000000000000000000, 8.673617379884041635E-17 ) ) ;
#2488 = CARTESIAN_POINT ( 'NONE',  ( -4.582564412539263721, 36.50169431688055965, 12.52363892634315334 ) ) ;
#2489 = CARTESIAN_POINT ( 'NONE',  ( 0.3255932167229481089, 39.49216620050434301, 13.49648408309273151 ) ) ;
#2490 = CARTESIAN_POINT ( 'NONE',  ( 10.36363636363635621, 4.000000000000000000, -21.64705618143756638 ) ) ;
#2491 = CARTESIAN_POINT ( 'NONE',  ( 12.13620261462348360, 19.53326407921201735, -0.6636896146849864397 ) ) ;
#2492 = CARTESIAN_POINT ( 'NONE',  ( 0.7560294136182736935, 19.03642578054080303, -13.98448881164088498 ) ) ;
#2493 = ORIENTED_EDGE ( 'NONE', *, *, #3108, .T. ) ;
#2494 = AXIS2_PLACEMENT_3D ( 'NONE', #6199, #1081, #3353 ) ;
#2495 = CARTESIAN_POINT ( 'NONE',  ( -1.003394321277599310, 13.94925776874201873, 13.97262893274758611 ) ) ;
#2496 = DIRECTION ( 'NONE',  ( 0.000000000000000000, 0.000000000000000000, -1.000000000000000000 ) ) ;
#2497 = CARTESIAN_POINT ( 'NONE',  ( 12.82266318253498838, 22.10101788588029947, -4.386909587069771632 ) ) ;
#2498 = DIRECTION ( 'NONE',  ( -0.000000000000000000, -1.000000000000000000, -0.000000000000000000 ) ) ;
#2499 = CARTESIAN_POINT ( 'NONE',  ( -1.148536051283321147, 19.63352528258607776, -13.44082727888745410 ) ) ;
#2500 = DIRECTION ( 'NONE',  ( 0.000000000000000000, 0.000000000000000000, -1.000000000000000000 ) ) ;
#2501 = CIRCLE ( 'NONE', #3700, 1.999999999999998224 ) ;
#2502 = CARTESIAN_POINT ( 'NONE',  ( 12.92365623905526206, 37.35563792651186077, -4.105109625236873505 ) ) ;
#2503 = CARTESIAN_POINT ( 'NONE',  ( 13.15433787921091557, 38.20027234055342547, -3.362739249469789637 ) ) ;
#2504 = CARTESIAN_POINT ( 'NONE',  ( -3.144364604770769844, 38.38755604955730405, 13.04939739921515418 ) ) ;
#2505 = CARTESIAN_POINT ( 'NONE',  ( 4.961301192742337385, 12.12973575277490035, -13.09292992671358746 ) ) ;
#2506 = VERTEX_POINT ( 'NONE', #330 ) ;
#2507 = EDGE_CURVE ( 'NONE', #3532, #5421, #3040, .T. ) ;
#2508 = CARTESIAN_POINT ( 'NONE',  ( 8.000000000000005329, 4.000000000000000000, 19.84313483298444325 ) ) ;
#2509 = CARTESIAN_POINT ( 'NONE',  ( 13.03873322319982186, 36.10348762753790908, 5.098254586230381413 ) ) ;
#2510 = CARTESIAN_POINT ( 'NONE',  ( -5.629045868437839495, 23.59484595325282896, -12.81855921369413132 ) ) ;
#2511 = CARTESIAN_POINT ( 'NONE',  ( 13.56191847840651654, 19.62929021864669110, 1.141561411907164647 ) ) ;
#2512 = CARTESIAN_POINT ( 'NONE',  ( -13.99066853216511497, 39.97787742664338140, 0.5132620449310306698 ) ) ;
#2513 = CARTESIAN_POINT ( 'NONE',  ( -12.53805450426575874, 22.42113937268590718, -4.550245928475907142 ) ) ;
#2514 = VECTOR ( 'NONE', #1553, 1000.000000000000000 ) ;
#2515 = CARTESIAN_POINT ( 'NONE',  ( -8.000000000000008882, 4.000000000000000000, -19.84313483298444325 ) ) ;
#2516 = ORIENTED_EDGE ( 'NONE', *, *, #3249, .T. ) ;
#2517 = ADVANCED_FACE ( 'NONE', ( #297 ), #3568, .F. ) ;
#2518 = CARTESIAN_POINT ( 'NONE',  ( -4.931326442106517938, 35.32690261352529149, -12.36225651903525069 ) ) ;
#2519 = CARTESIAN_POINT ( 'NONE',  ( 0.8997072181343936936, 19.58090780266086384, -13.46397707461783355 ) ) ;
#2520 = VERTEX_POINT ( 'NONE', #5857 ) ;
#2521 = CARTESIAN_POINT ( 'NONE',  ( -13.85397175711802653, 19.35522881545681173, -2.018765464496686590 ) ) ;
#2522 = CARTESIAN_POINT ( 'NONE',  ( 13.13822847558574658, 38.14881112973737487, 3.422311032728997393 ) ) ;
#2523 = CARTESIAN_POINT ( 'NONE',  ( -13.31946312805231791, 19.91751210394003024, 2.001732616181009394 ) ) ;
#2524 = CARTESIAN_POINT ( 'NONE',  ( -5.703703114510190630, 45.00000000000000000, -12.78545152826159459 ) ) ;
#2525 = CARTESIAN_POINT ( 'NONE',  ( -2.440414124868621304, 38.86474063228447307, 13.23065092072204862 ) ) ;
#2526 = CARTESIAN_POINT ( 'NONE',  ( 0.8997072180959029275, 39.41909219734684910, 13.46397707462115356 ) ) ;
#2527 = CARTESIAN_POINT ( 'NONE',  ( 7.669990706454271390, 3.669990706454261176, -13.27642669994117242 ) ) ;
#2528 = CARTESIAN_POINT ( 'NONE',  ( 4.057910833832230502, 37.42230818400936698, 12.74082138930240049 ) ) ;
#2529 = ORIENTED_EDGE ( 'NONE', *, *, #4957, .F. ) ;
#2530 = CARTESIAN_POINT ( 'NONE',  ( -7.499999999999991118, 7.006394970845454928, 11.82159041753689621 ) ) ;
#2531 = DIRECTION ( 'NONE',  ( -0.000000000000000000, -1.000000000000000000, -0.000000000000000000 ) ) ;
#2532 = CARTESIAN_POINT ( 'NONE',  ( 12.93383322639894040, 21.60266028741379429, -4.075329501573173197 ) ) ;
#2533 = DIRECTION ( 'NONE',  ( 0.000000000000000000, 0.000000000000000000, 1.000000000000000000 ) ) ;
#2534 = CARTESIAN_POINT ( 'NONE',  ( 2.074142272177534885, 19.94976555763940596, -13.30606350558343465 ) ) ;
#2535 = CARTESIAN_POINT ( 'NONE',  ( -7.499999999999994671, 3.499999999999985789, -19.84313483298444325 ) ) ;
#2536 = CARTESIAN_POINT ( 'NONE',  ( 12.93969966100913283, 37.42173797669605761, -4.058322401900224641 ) ) ;
#2537 = CARTESIAN_POINT ( 'NONE',  ( 13.07745711748301076, 37.94009096859768704, -3.628472116955834714 ) ) ;
#2538 = CARTESIAN_POINT ( 'NONE',  ( -2.505635748099488858, 38.82763350427046589, 13.21587577328461727 ) ) ;
#2539 = ADVANCED_FACE ( 'NONE', ( #1400 ), #4172, .F. ) ;
#2540 = ORIENTED_EDGE ( 'NONE', *, *, #1930, .T. ) ;
#2541 = CARTESIAN_POINT ( 'NONE',  ( -12.69519241596184145, 37.25260555553640529, 4.174120316742396142 ) ) ;
#2542 = CARTESIAN_POINT ( 'NONE',  ( -4.966786507533398343, 35.08131942932607927, -12.34506618187399951 ) ) ;
#2543 = CARTESIAN_POINT ( 'NONE',  ( -3.021112669873518009, 39.16854510956787294, 13.67106542987523810 ) ) ;
#2544 = CARTESIAN_POINT ( 'NONE',  ( 13.53154518868911360, 19.70782085934045469, -1.427134559171521433 ) ) ;
#2545 = CARTESIAN_POINT ( 'NONE',  ( -13.85397175711802831, 39.64477118454318116, 2.018765464496683926 ) ) ;
#2546 = CARTESIAN_POINT ( 'NONE',  ( -12.42323527582727927, 23.10816595547096597, -4.803068752773842931 ) ) ;
#2547 = CARTESIAN_POINT ( 'NONE',  ( 9.499999999999994671, 4.000000000000000000, -21.84313483298443970 ) ) ;
#2548 = CARTESIAN_POINT ( 'NONE',  ( -3.634023472299206414, 37.93463578091598976, -12.89465438079203530 ) ) ;
#2549 = CARTESIAN_POINT ( 'NONE',  ( 3.549617570061636584, 20.97859163552783812, -12.92300924958956010 ) ) ;
#2550 = CARTESIAN_POINT ( 'NONE',  ( 13.97242078266356913, 19.36099181913997569, -0.8826447184292964820 ) ) ;
#2551 = EDGE_CURVE ( 'NONE', #4100, #4421, #4819, .T. ) ;
#2552 = VERTEX_POINT ( 'NONE', #2515 ) ;
#2553 = CARTESIAN_POINT ( 'NONE',  ( -13.99914273714450452, 19.00202834318656997, -0.1814956330750276681 ) ) ;
#2554 = CARTESIAN_POINT ( 'NONE',  ( -13.92227557335971966, 39.81359979172431451, 1.484233663508862877 ) ) ;
#2555 = CARTESIAN_POINT ( 'NONE',  ( -13.00104079339207530, 20.74869693314115437, 3.305828675979499032 ) ) ;
#2556 = CARTESIAN_POINT ( 'NONE',  ( -2.993004093864455354E-08, 19.00000048201913572, -13.99999999864344780 ) ) ;
#2557 = CARTESIAN_POINT ( 'NONE',  ( -1.625665516082760664, 39.23119895669024970, 13.38217273889673820 ) ) ;
#2558 = CARTESIAN_POINT ( 'NONE',  ( 1.535452211145145185, 39.25857531893215935, 13.39399478053885773 ) ) ;
#2559 = CARTESIAN_POINT ( 'NONE',  ( -12.08011455369343956, 19.67209746055452158, 1.310924609962245135 ) ) ;
#2560 = CARTESIAN_POINT ( 'NONE',  ( 11.69377152177056089, 20.73580087293447249, 3.306853798221492724 ) ) ;
#2561 = CARTESIAN_POINT ( 'NONE',  ( 12.65248010308914495, 23.17185045852534842, 4.820688253163671000 ) ) ;
#2562 = CARTESIAN_POINT ( 'NONE',  ( 3.055663945882500343, 20.52885966422334363, 11.76279582687596559 ) ) ;
#2563 = CARTESIAN_POINT ( 'NONE',  ( 7.499999999999993783, 6.500000000000012434, -9.558896379812894750 ) ) ;
#2564 = CARTESIAN_POINT ( 'NONE',  ( 12.62173650921121926, 23.47670542419830397, -4.894342595320434697 ) ) ;
#2565 = CARTESIAN_POINT ( 'NONE',  ( -8.000000000000008882, 4.000000000000000000, -12.68857754044949893 ) ) ;
#2566 = CARTESIAN_POINT ( 'NONE',  ( -4.061159762149473273, 21.58218242024631550, -12.73957129686258050 ) ) ;
#2567 = DIRECTION ( 'NONE',  ( 0.7071067811865474617, -0.7071067811865474617, 0.000000000000000000 ) ) ;
#2568 = CARTESIAN_POINT ( 'NONE',  ( -3.549617570061642358, 20.97859163552783102, 12.92300924958892416 ) ) ;
#2569 = CARTESIAN_POINT ( 'NONE',  ( 13.13685146137114046, 38.14262641082877536, -3.425154782122877606 ) ) ;
#2570 = CARTESIAN_POINT ( 'NONE',  ( -3.836257343051976409, 37.70674782587934715, 12.82351753231193925 ) ) ;
#2571 = VERTEX_POINT ( 'NONE', #4137 ) ;
#2572 = CARTESIAN_POINT ( 'NONE',  ( -12.91828201975147294, 38.00705666742125999, 3.563797875099085743 ) ) ;
#2573 = CARTESIAN_POINT ( 'NONE',  ( -4.480269576915498320, 36.72569880190030034, -12.56861858690737854 ) ) ;
#2574 = CARTESIAN_POINT ( 'NONE',  ( -3.593655930146696598, 21.02262498819553826, -12.90844367894443145 ) ) ;
#2575 = CARTESIAN_POINT ( 'NONE',  ( -5.481982651196926959, 22.97871163223215518, -12.88210987413217445 ) ) ;
#2576 = CARTESIAN_POINT ( 'NONE',  ( 13.47563228442246341, 19.85514663341785990, -1.852552823420018813 ) ) ;
#2577 = CARTESIAN_POINT ( 'NONE',  ( -13.99516733005112457, 39.98855207649463495, 0.3708736252890706409 ) ) ;
#2578 = CARTESIAN_POINT ( 'NONE',  ( 1.309023937076176258, 39.33677389327392149, 12.08359902609778480 ) ) ;
#2579 = ORIENTED_EDGE ( 'NONE', *, *, #1504, .T. ) ;
#2580 = VECTOR ( 'NONE', #1179, 1000.000000000000000 ) ;
#2581 = CARTESIAN_POINT ( 'NONE',  ( 0.6615497669387591095, 39.45672454455888811, -13.48066893232119767 ) ) ;
#2582 = EDGE_CURVE ( 'NONE', #2363, #93, #1330, .T. ) ;
#2583 = B_SPLINE_CURVE_WITH_KNOTS ( 'NONE', 3,
 ( #5675, #7209, #86, #2941, #3541, #4073, #4685 ),
 .UNSPECIFIED., .F., .F.,
 ( 4, 3, 4 ),
 ( 9.220181747203676555E-18, 0.001538204004139530562, 0.002299636508648972635 ),
 .UNSPECIFIED. ) ;
#2584 = CARTESIAN_POINT ( 'NONE',  ( 4.827757141743355795, 23.19634502818627197, 12.41164098637413105 ) ) ;
#2585 = CARTESIAN_POINT ( 'NONE',  ( 13.91629748706849234, 19.50705009660596545, -1.529203907370650040 ) ) ;
#2586 = ORIENTED_EDGE ( 'NONE', *, *, #4070, .F. ) ;
#2587 = CARTESIAN_POINT ( 'NONE',  ( -13.42615781097219951, 20.54786232773456334, -3.967735243300651415 ) ) ;
#2588 = CARTESIAN_POINT ( 'NONE',  ( -13.13100570689690905, 38.60859452342699427, 2.850616527814580969 ) ) ;
#2589 = CARTESIAN_POINT ( 'NONE',  ( 18.50000000000000000, 0.000000000000000000, -1.750000000000000000 ) ) ;
#2590 = CARTESIAN_POINT ( 'NONE',  ( -12.98870409701183704, 20.78422527378871365, 3.345601216842432279 ) ) ;
#2591 = EDGE_CURVE ( 'NONE', #4867, #6036, #1293, .T. ) ;
#2592 = CARTESIAN_POINT ( 'NONE',  ( 1.487945860964033983E-15, 45.00000000000000000, 12.15000000000000036 ) ) ;
#2593 = CARTESIAN_POINT ( 'NONE',  ( 5.396869404841496909, 36.28868391670796711, 12.91810128357446885 ) ) ;
#2594 = CARTESIAN_POINT ( 'NONE',  ( -12.81684968103184019, 35.36574385823348621, 5.632798964051804802 ) ) ;
#2595 = CARTESIAN_POINT ( 'NONE',  ( -12.13620261462348360, 19.53326407921201735, 0.6636896146849877720 ) ) ;
#2596 = DIRECTION ( 'NONE',  ( -0.7071067811865510144, 0.000000000000000000, -0.7071067811865440200 ) ) ;
#2597 = DIRECTION ( 'NONE',  ( 0.000000000000000000, 0.000000000000000000, -1.000000000000000000 ) ) ;
#2598 = VERTEX_POINT ( 'NONE', #6412 ) ;
#2599 = EDGE_CURVE ( 'NONE', #5147, #3490, #3788, .T. ) ;
#2600 = CIRCLE ( 'NONE', #3928, 12.15000000000000036 ) ;
#2601 = CARTESIAN_POINT ( 'NONE',  ( 1.305804782393039654, 19.67070460807572374, 12.08067167775899264 ) ) ;
#2602 = CARTESIAN_POINT ( 'NONE',  ( 5.068055422443471514, 21.97519131517881519, 13.05055611474003818 ) ) ;
#2603 = CARTESIAN_POINT ( 'NONE',  ( 13.06063574552824313, 21.11928381355058093, -3.683869322306237315 ) ) ;
#2604 = CARTESIAN_POINT ( 'NONE',  ( -5.000000000000007105, 34.49999999999998579, -12.32882846293106915 ) ) ;
#2605 = CARTESIAN_POINT ( 'NONE',  ( 0.4499375533974201979, 19.52011099811339179, -13.49100202159578288 ) ) ;
#2606 = DIRECTION ( 'NONE',  ( 0.000000000000000000, 1.000000000000000000, 0.000000000000000000 ) ) ;
#2607 = CARTESIAN_POINT ( 'NONE',  ( -2.892507243044735166, 20.42127313567441504, 13.11977440061705558 ) ) ;
#2608 = CARTESIAN_POINT ( 'NONE',  ( 13.16456836461720670, 38.23374425745899430, -3.325825564879456575 ) ) ;
#2609 = CARTESIAN_POINT ( 'NONE',  ( -3.118840111215679389, 38.40815386688077382, 13.05682688509261524 ) ) ;
#2610 = AXIS2_PLACEMENT_3D ( 'NONE', #5097, #3848, #5019 ) ;
#2611 = ORIENTED_EDGE ( 'NONE', *, *, #4626, .T. ) ;
#2612 = CARTESIAN_POINT ( 'NONE',  ( -12.83115048346193987, 37.73199373346322716, 3.815211615936863421 ) ) ;
#2613 = CARTESIAN_POINT ( 'NONE',  ( 12.93429922887929528, 34.50000000000000000, 5.357602398257307108 ) ) ;
#2614 = CARTESIAN_POINT ( 'NONE',  ( -2.662901581412903784, 20.26774025536411727, -13.17848589097051537 ) ) ;
#2615 = CARTESIAN_POINT ( 'NONE',  ( -0.1897678095019031119, 39.99999761638552087, 13.99999999999999112 ) ) ;
#2616 = CARTESIAN_POINT ( 'NONE',  ( 13.51883894195912639, 19.74093256435939026, 1.535574464209140011 ) ) ;
#2617 = LINE ( 'NONE', #2071, #5941 ) ;
#2618 = VERTEX_POINT ( 'NONE', #186 ) ;
#2619 = AXIS2_PLACEMENT_3D ( 'NONE', #6962, #4124, #6436 ) ;
#2620 = CARTESIAN_POINT ( 'NONE',  ( -1.942315636660358225, 39.10736947447537659, -13.32987769278597590 ) ) ;
#2621 = CARTESIAN_POINT ( 'NONE',  ( 1.269291353975027681, 19.66361449219352764, 13.42767872827301723 ) ) ;
#2622 = CARTESIAN_POINT ( 'NONE',  ( 13.98648314916357016, 19.32495822977210054, -0.6212513083740747177 ) ) ;
#2623 = CIRCLE ( 'NONE', #3115, 1.999999999999998224 ) ;
#2624 = ORIENTED_EDGE ( 'NONE', *, *, #4029, .T. ) ;
#2625 = CARTESIAN_POINT ( 'NONE',  ( -12.88335488816707475, 22.96898268389843878, -5.479055640880970302 ) ) ;
#2626 = CARTESIAN_POINT ( 'NONE',  ( -12.36235163672391657, 35.32809407575477678, 4.931124666855686733 ) ) ;
#2627 = CARTESIAN_POINT ( 'NONE',  ( -7.669990706454267837, 3.669990706454263840, 13.27642669994117242 ) ) ;
#2628 = B_SPLINE_SURFACE_WITH_KNOTS ( 'NONE', 1, 3, ( 
 ( #2752, #3350, #2636, #970, #5637, #6641, #525, #5092, #7204, #3311, #1522, #2085, #7351, #4369, #6716, #3880, #3803, #7243, #2121, #4408, #6680, #451, #2709, #5014, #6158, #1038, #6347, #1231, #3499, #558, #2381, #1786, #634, #1745, #3386, #4068, #5747, #2937, #6269, #6788, #5786, #5128, #5670, #674, #3459, #5237, #2265, #120, #7, #4565, #4640, #4679, #6902, #6829, #6946, #4026, #5708, #1188, #1831, #6304, #2897, #2825, #1709, #1150, #3423, #1671, #3957, #6232, #3992, #5199, #599, #82, #2339, #1115, #2863, #5162, #43, #2302, #4598, #6862, #7265, #4434, #1025, #3828, #3944, #2178, #2775, #2659, #6219, #993, #7229, #5622, #2146, #5511, #5079, #7339, #4965, #3261, #1102, #6111, #6774, #3371, #2108, #510, #5547, #405, #1657, #4394, #3904, #6182, #6664, #955, #1547, #2214, #2697, #3222, #4507, #5114, #4467, #5582, #5659, #545, #2810, #439, #7377, #2254 ),
 ( #1063, #4550, #5001, #6070, #6816, #6702, #1584, #1695, #6738, #3866, #6146, #3297, #472, #2735, #5041, #7300, #1621, #3336, #6971, #5221, #2325, #2365, #5262, #659, #6927, #2851, #6850, #2884, #5185, #3000, #146, #7007, #5693, #105, #5733, #4663, #4093, #1818, #6372, #5150, #3486, #1252, #6409, #1731, #66, #4623, #6333, #4013, #1856, #3523, #32, #699, #4133, #1290, #5300, #3564, #5854, #1217, #5812, #4703, #2962, #6886, #1769, #2406, #741, #182, #4052, #2441, #4744, #3979, #6255, #1136, #1175, #5772, #3409, #584, #2290, #4586, #6290, #3444, #2920, #621, #1992, #873, #5332, #3707, #7047, #1324, #4881, #222, #7114, #4275, #3601, #4168, #774, #5434, #5920, #6446, #325, #907, #5400, #1395, #7149, #2030, #4313, #2476, #3178, #2573, #6544, #838, #3036, #6584, #1432, #3745, #805, #5889, #1467, #4780, #1925, #6026, #2542, #5468, #4203, #362, #6479, #1360 ) ),
 .UNSPECIFIED., .F., .F., .F.,
 ( 2, 2 ),
 ( 4, 2, 2, 2, 2, 2, 2, 2, 2, 2, 2, 2, 2, 2, 2, 2, 2, 2, 2, 2, 2, 2, 2, 2, 2, 2, 2, 2, 2, 2, 2, 2, 2, 2, 2, 2, 2, 2, 2, 2, 2, 2, 2, 2, 2, 2, 2, 2, 2, 2, 2, 2, 2, 2, 2, 2, 2, 2, 2, 2, 2, 2, 4 ),
 ( 0.000000000000000000, 1.000000000000000000 ),
 ( 0.000000000000000000, 0.0005430559330015057766, 0.001086111866003011553, 0.001357639832503764604, 0.001629167799004517438, 0.001900695765505270272, 0.002172223732006023107, 0.002443751698506775941, 0.002715279665007529208, 0.002986807631508282043, 0.003258335598009034877, 0.003529863564509787711, 0.003801391531010540545, 0.004072919497511293813, 0.004344447464012046213, 0.004887503397013551881, 0.005159031363514305149, 0.005294795346764681783, 0.005430559330015058417, 0.005702087296515811685, 0.005973615263016564085, 0.006516671196018069753, 0.007059727129019575421, 0.007195491112269952055, 0.007331255095520327822, 0.007467019078770704456, 0.007602783062021081090, 0.007874311028521834357, 0.008145838995022587625, 0.008417366961523339158, 0.008688894928024092426, 0.008960422894524845694, 0.009096186877775221460, 0.009231950861025597227, 0.009503478827526350495, 0.009775006794027103763, 0.01031806272702861030, 0.01058959069352936357, 0.01086111866003011683, 0.01113264662653087010, 0.01140417459303162337, 0.01194723052603312817, 0.01221875849253388144, 0.01249028645903463297, 0.01262605044228501047, 0.01276181442553538624, 0.01303334239203613951, 0.01330487035853689277, 0.01357639832503764604, 0.01384792629153839758, 0.01411945425803915084, 0.01439098222453990411, 0.01452674620779027988, 0.01466251019104065564, 0.01520556612404216218, 0.01574862205704366871, 0.01602015002354442025, 0.01629167799004517525, 0.01642744197329554928, 0.01656320595654592678, 0.01683473392304667832, 0.01710626188954743332, 0.01737778985604818485 ),
 .UNSPECIFIED. ) ;
#2629 = CARTESIAN_POINT ( 'NONE',  ( -1.309023937076182253, 39.33677389327392859, -12.08359902609778480 ) ) ;
#2630 = ORIENTED_EDGE ( 'NONE', *, *, #956, .F. ) ;
#2631 = EDGE_CURVE ( 'NONE', #6180, #5482, #5893, .T. ) ;
#2632 = CARTESIAN_POINT ( 'NONE',  ( 3.021112669822244801, 19.83145489039163678, 13.67106542988711304 ) ) ;
#2633 = CARTESIAN_POINT ( 'NONE',  ( -4.675266985663481201, 36.27443790146354274, 12.48209869952356499 ) ) ;
#2634 = CARTESIAN_POINT ( 'NONE',  ( -13.75334568237772714, 39.38736109845310551, 2.617713144335239051 ) ) ;
#2635 = CARTESIAN_POINT ( 'NONE',  ( -13.36731595794197602, 20.73646263702661585, -4.163340776907427987 ) ) ;
#2636 = CARTESIAN_POINT ( 'NONE',  ( 5.694173872587200869, 34.86583657075910736, -12.78971457666344591 ) ) ;
#2637 = CARTESIAN_POINT ( 'NONE',  ( -12.67188722124635980, 21.83726021879880363, -4.232370933616250497 ) ) ;
#2638 = CARTESIAN_POINT ( 'NONE',  ( 12.59090757566194796, 23.92022968685586903, 4.966951212771907542 ) ) ;
#2639 = CARTESIAN_POINT ( 'NONE',  ( -4.961301192742332944, 12.12973575277490568, 13.09292992671358924 ) ) ;
#2640 = CARTESIAN_POINT ( 'NONE',  ( 0.3827253343028761967, 19.01165066295894235, 13.99508151230731734 ) ) ;
#2641 = CARTESIAN_POINT ( 'NONE',  ( 13.00569015037809528, 21.32040362211311901, -3.858781817863897956 ) ) ;
#2642 = DIRECTION ( 'NONE',  ( 2.602085213965214093E-16, -1.000000000000000000, -4.266366141186620496E-16 ) ) ;
#2643 = DIRECTION ( 'NONE',  ( -0.000000000000000000, -1.000000000000000000, -0.000000000000000000 ) ) ;
#2644 = CARTESIAN_POINT ( 'NONE',  ( 4.286561849384172618, 38.13262796016794454, -13.32818806407672518 ) ) ;
#2645 = EDGE_CURVE ( 'NONE', #4324, #6700, #2123, .T. ) ;
#2646 = CARTESIAN_POINT ( 'NONE',  ( -4.407415215634539862, 22.13890262100987627, 12.59942132554005312 ) ) ;
#2647 = CARTESIAN_POINT ( 'NONE',  ( 13.37459829263616840, 38.86760419565218427, 2.435151695206668521 ) ) ;
#2648 = CARTESIAN_POINT ( 'NONE',  ( -1.187105691680169661, 39.35827094144452332, 13.43720889797941354 ) ) ;
#2649 = EDGE_LOOP ( 'NONE', ( #782, #6636, #4820, #6969, #1023, #3940, #1309 ) ) ;
#2650 = CARTESIAN_POINT ( 'NONE',  ( -12.34502123843669885, 35.08040817919984278, 4.966877844261064823 ) ) ;
#2651 = CARTESIAN_POINT ( 'NONE',  ( 13.89237800249784627, 39.42977780788994835, 1.740967446879002622 ) ) ;
#2652 = CARTESIAN_POINT ( 'NONE',  ( -3.730638598967716213, 21.17073950762980417, -12.86119116926253447 ) ) ;
#2653 = CARTESIAN_POINT ( 'NONE',  ( -1.447932209777611279, 19.17997640314425212, -13.92499993276642556 ) ) ;
#2654 = CARTESIAN_POINT ( 'NONE',  ( 12.66347156213168645, 35.92096557804073598, 4.794012688445141279 ) ) ;
#2655 = SURFACE_SIDE_STYLE ('',( #4463 ) ) ;
#2656 = CARTESIAN_POINT ( 'NONE',  ( -5.703703114510179084, 45.00000000000000000, 12.78545152826159992 ) ) ;
#2657 = EDGE_LOOP ( 'NONE', ( #5232, #6822, #2203, #2251 ) ) ;
#2658 = CARTESIAN_POINT ( 'NONE',  ( 1.066920012568735698, 39.38552186762341023, -13.44917931708216940 ) ) ;
#2659 = CARTESIAN_POINT ( 'NONE',  ( -3.656893671946440882, 38.72105309195004708, -13.51401187672897564 ) ) ;
#2660 = CARTESIAN_POINT ( 'NONE',  ( 4.886122869753434905, 23.43579399587169476, 12.38396570382934314 ) ) ;
#2661 = CARTESIAN_POINT ( 'NONE',  ( 13.92974093310920836, 19.47173373377728112, -1.401484072477176213 ) ) ;
#2662 = EDGE_LOOP ( 'NONE', ( #3333, #6515, #1417, #5309, #264, #2611, #1472 ) ) ;
#2663 = CARTESIAN_POINT ( 'NONE',  ( -13.12977379352221519, 20.39481803179142716, 2.854672119489188198 ) ) ;
#2664 = CARTESIAN_POINT ( 'NONE',  ( -12.37305018407116997, 35.45101259342914801, 4.908900487238243571 ) ) ;
#2665 = CARTESIAN_POINT ( 'NONE',  ( -12.87240545979659423, 35.94297132763536240, 5.504708053775265064 ) ) ;
#2666 = CARTESIAN_POINT ( 'NONE',  ( -4.834999126802339120, 35.81641956447892738, -11.14676874031294318 ) ) ;
#2667 = ORIENTED_EDGE ( 'NONE', *, *, #1295, .F. ) ;
#2668 = CARTESIAN_POINT ( 'NONE',  ( -5.140411484274483911, 11.96659613477033801, -13.02342774582080942 ) ) ;
#2669 = CARTESIAN_POINT ( 'NONE',  ( 13.51179731285649233, 38.30167991282939255, 3.667076359306245870 ) ) ;
#2670 = CARTESIAN_POINT ( 'NONE',  ( -13.61733902678894914, 39.01945358352103455, 3.251814073593578325 ) ) ;
#2671 = CARTESIAN_POINT ( 'NONE',  ( -13.93979289234612295, 19.14398600021391417, 1.310077089471047174 ) ) ;
#2672 = CARTESIAN_POINT ( 'NONE',  ( -11.07350441368946470, 24.50000000000000000, -4.999999999999996447 ) ) ;
#2673 = CARTESIAN_POINT ( 'NONE',  ( -12.61649916012971495, 22.06383561414011396, -4.367017851377802629 ) ) ;
#2674 = CARTESIAN_POINT ( 'NONE',  ( 3.885576650820057765, 21.35317356171165670, -12.80554299147718034 ) ) ;
#2675 = CARTESIAN_POINT ( 'NONE',  ( -0.4658398471838612331, 19.01818275923777080, 13.99232828075661139 ) ) ;
#2676 = CARTESIAN_POINT ( 'NONE',  ( 12.93429922887929528, 34.50000000000000000, 5.357602398257307108 ) ) ;
#2677 = LINE ( 'NONE', #6018, #1428 ) ;
#2678 = B_SPLINE_CURVE_WITH_KNOTS ( 'NONE', 3,
 ( #3597, #6882, #5296, #1213, #2880, #6441, #1765, #1285, #3559, #5180, #5728, #2321, #7004, #101, #616, #1888, #2472, #6967, #2957, #1319, #5885, #3032, #178, #695, #6368, #2437, #61, #1812, #6475, #4163, #217, #5768, #4699, #5848, #770, #2361, #6922, #2997 ),
 .UNSPECIFIED., .F., .F.,
 ( 4, 2, 2, 2, 2, 2, 2, 2, 2, 2, 2, 2, 2, 2, 2, 2, 2, 2, 4 ),
 ( 0.000000000000000000, 0.0009876059267860334574, 0.001975211853572066915, 0.002962817780358100155, 0.003950423707144133829, 0.004938029633930167937, 0.005925635560716200310, 0.006419438524109217364, 0.006913241487502234418, 0.007900847414288262455, 0.008888453341074291358, 0.009876059267860320262, 0.01086366519464634743, 0.01185127112143237460, 0.01283887704821840350, 0.01333268001161141622, 0.01382648297500443067, 0.01481408890179045611, 0.01580169482857648328 ),
 .UNSPECIFIED. ) ;
#2679 = CARTESIAN_POINT ( 'NONE',  ( 3.111229949161845365, 20.58504376389072377, -13.05919771033386567 ) ) ;
#2680 = CARTESIAN_POINT ( 'NONE',  ( 5.396991814167032331, 36.28161128305494287, -12.91795923787352329 ) ) ;
#2681 = CARTESIAN_POINT ( 'NONE',  ( -4.620412418606405502, 22.58893607937531556, 12.50674842157658873 ) ) ;
#2682 = CARTESIAN_POINT ( 'NONE',  ( 13.50334628221521704, 39.21846077526382146, 1.657668870721201060 ) ) ;
#2683 = CARTESIAN_POINT ( 'NONE',  ( -4.839440520744302532, 35.76159232721830961, 12.40615633512754989 ) ) ;
#2684 = CARTESIAN_POINT ( 'NONE',  ( -12.86869030475468634, 37.85296133011376440, 3.709144386759167134 ) ) ;
#2685 = CARTESIAN_POINT ( 'NONE',  ( 1.990942765448513452, 13.74818562956703083, 11.99593263133349197 ) ) ;
#2686 = B_SPLINE_SURFACE_WITH_KNOTS ( 'NONE', 1, 3, ( 
 ( #5564, #6274, #6164, #1156, #6684, #3428, #48, #7357, #7281, #2163, #1043, #5714, #5133, #605, #1638, #2868, #5166, #3316, #1566, #455, #3849, #1677, #1010, #3391, #3278, #5601, #489, #2757, #5642, #7320, #529, #2197, #4487, #5676, #3921, #6200, #564, #1082, #3354, #2794, #5098, #2232, #3962, #5832, #4723, #7024, #1236, #5791, #4147, #3542, #2942, #4185, #1794, #2982, #758, #1837, #4074, #5284, #3017, #2345, #1270, #87, #3581, #3464, #3617, #722, #4645, #1195, #6908, #4686, #6461, #6867, #164, #2455, #3504, #198, #2421, #6990, #638, #1305, #4759, #1871, #4033, #6425, #5871, #4114, #5315, #1907, #1341, #5900, #6353, #786, #3050, #5347, #679, #240, #4604, #1751, #5752, #6311, #2901, #5243, #5204, #125, #2387, #6951, #6390, #1482, #4862, #5973, #2593, #3762, #6601, #4937, #4902, #7063, #3161, #4218, #6084, #2010, #5522, #6044, #1377, #7097, #7202, #274 ),
 ( #7131, #1519, #6638, #818, #380, #3651, #926, #344, #1940, #3196, #6495, #2633, #5935, #2488, #1451, #3090, #3726, #6526, #2082, #4331, #4292, #5416, #5486, #5381, #857, #4796, #4366, #3800, #4830, #6009, #7164, #967, #1411, #3688, #2049, #890, #3128, #3234, #1977, #5450, #2525, #6565, #4255, #308, #2557, #1089, #2279, #5649, #2313, #4493, #2350, #6838, #535, #7327, #2800, #3397, #92, #5608, #1719, #1201, #7362, #6317, #1162, #2240, #4535, #3433, #5172, #609, #4610, #54, #6873, #5757, #644, #2907, #6801, #1800, #4079, #3323, #497, #5068, #6762, #1644, #3927, #1684, #3968, #6244, #1125, #5682, #571, #2839, #5137, #205, #726, #7101, #3586, #7029, #5288, #6956, #5796, #2528, #3022, #4223, #2426, #5875, #3509, #4799, #4259, #683, #6498, #1274, #3548, #5838, #6431, #5247, #4730, #2946, #4834, #3056, #1910, #6995, #5905, #1878, #5319, #2461, #4189, #3655 ) ),
 .UNSPECIFIED., .F., .F., .F.,
 ( 2, 2 ),
 ( 4, 2, 2, 2, 2, 2, 2, 2, 2, 2, 2, 2, 2, 2, 2, 2, 2, 2, 2, 2, 2, 2, 2, 2, 2, 2, 2, 2, 2, 2, 2, 2, 2, 2, 2, 2, 2, 2, 2, 2, 2, 2, 2, 2, 2, 2, 2, 2, 2, 2, 2, 2, 2, 2, 2, 2, 2, 2, 2, 2, 2, 2, 4 ),
 ( 0.000000000000000000, 1.000000000000000000 ),
 ( 0.000000000000000000, 0.0005430559330015052345, 0.001086111866003010469, 0.001357639832503763086, 0.001629167799004515704, 0.001900695765505268321, 0.002172223732006020938, 0.002443751698506773339, 0.002715279665007526173, 0.002986807631508279007, 0.003258335598009031407, 0.003529863564509783808, 0.003801391531010536642, 0.004072919497511289476, 0.004344447464012041876, 0.004887503397013546677, 0.005159031363514299945, 0.005294795346764675711, 0.005430559330015052345, 0.005702087296515804746, 0.005973615263016558014, 0.006516671196018062814, 0.007059727129019567615, 0.007195491112269944249, 0.007331255095520320883, 0.007467019078770696650, 0.007602783062021073283, 0.007874311028521825684, 0.008145838995022578952, 0.008417366961523332219, 0.008688894928024083752, 0.008960422894524835286, 0.009096186877775212787, 0.009231950861025588553, 0.009503478827526341821, 0.009775006794027093354, 0.01031806272702859989, 0.01058959069352935142, 0.01086111866003010469, 0.01113264662653085796, 0.01140417459303160949, 0.01194723052603311603, 0.01221875849253386756, 0.01249028645903462083, 0.01262605044228499659, 0.01276181442553537410, 0.01303334239203612563, 0.01330487035853687716, 0.01357639832503763043, 0.01384792629153838370, 0.01411945425803913523, 0.01439098222453988850, 0.01452674620779026426, 0.01466251019104064177, 0.01520556612404214657, 0.01574862205704365137, 0.01602015002354440637, 0.01629167799004515790, 0.01642744197329553540, 0.01656320595654590944, 0.01683473392304666444, 0.01710626188954741597, 0.01737778985604816750 ),
 .UNSPECIFIED. ) ;
#2687 = CARTESIAN_POINT ( 'NONE',  ( 13.15433787921161723, 20.79972765944425106, 3.362739249467212144 ) ) ;
#2688 = CARTESIAN_POINT ( 'NONE',  ( -3.305828676170230906, 20.74869693330972709, -13.00104079333269169 ) ) ;
#2689 = CARTESIAN_POINT ( 'NONE',  ( 0.3234708200034816516, 19.00866133487262744, -13.99634306545852880 ) ) ;
#2690 = CARTESIAN_POINT ( 'NONE',  ( 12.78822841365444951, 22.27650342482346346, 4.478585484451586218 ) ) ;
#2691 = CARTESIAN_POINT ( 'NONE',  ( 12.80160113952101320, 36.79408273524322937, 4.443395902166748179 ) ) ;
#2692 = DIRECTION ( 'NONE',  ( 0.000000000000000000, 0.000000000000000000, 1.000000000000000000 ) ) ;
#2693 = ORIENTED_EDGE ( 'NONE', *, *, #956, .T. ) ;
#2694 = EDGE_CURVE ( 'NONE', #3855, #7128, #2950, .T. ) ;
#2695 = CIRCLE ( 'NONE', #3658, 24.00000000000000355 ) ;
#2696 = CARTESIAN_POINT ( 'NONE',  ( -2.892507242747682117, 38.57872686453500677, -13.11977440069801304 ) ) ;
#2697 = CARTESIAN_POINT ( 'NONE',  ( -5.571607621624121265, 35.68036163323267118, -12.84358237230044253 ) ) ;
#2698 = DIRECTION ( 'NONE',  ( 1.206107350727848108E-16, -0.000000000000000000, 1.000000000000000000 ) ) ;
#2699 = CARTESIAN_POINT ( 'NONE',  ( 13.81638548614155937, 19.77665646036565050, 2.260333449052744914 ) ) ;
#2700 = CARTESIAN_POINT ( 'NONE',  ( 3.378678340318545192, 13.21389625746014218, -11.68009917261207065 ) ) ;
#2701 = CARTESIAN_POINT ( 'NONE',  ( -12.78545152826162123, 24.50000000000000711, -5.703703114510129346 ) ) ;
#2702 = CARTESIAN_POINT ( 'NONE',  ( -12.45674072909412189, 36.12607642904279714, 4.731022369583772758 ) ) ;
#2703 = DIRECTION ( 'NONE',  ( -0.5443312118026710777, 0.000000000000000000, -0.8388703903806807860 ) ) ;
#2704 = FACE_OUTER_BOUND ( 'NONE', #1767, .T. ) ;
#2705 = AXIS2_PLACEMENT_3D ( 'NONE', #438, #6179, #3786 ) ;
#2706 = CARTESIAN_POINT ( 'NONE',  ( -7.008452218804955614, 9.181567730852910003, -12.11995680617094351 ) ) ;
#2707 = CARTESIAN_POINT ( 'NONE',  ( 13.94600579378791316, 39.57070948035283919, 1.229147378198214957 ) ) ;
#2708 = CARTESIAN_POINT ( 'NONE',  ( -12.83131109016827232, 35.54611376197848926, 5.599782199576229580 ) ) ;
#2709 = CARTESIAN_POINT ( 'NONE',  ( 4.632729916779057433, 37.70959905916401311, -13.21140705271404592 ) ) ;
#2710 = CARTESIAN_POINT ( 'NONE',  ( -12.52344162747964873, 22.49946109568320907, -4.582997241972992519 ) ) ;
#2711 = CARTESIAN_POINT ( 'NONE',  ( 0.000000000000000000, 44.75000000000005684, -14.00000000000000000 ) ) ;
#2712 = CARTESIAN_POINT ( 'NONE',  ( 4.521490543381633032, 21.14613706570885299, 13.24989011440864495 ) ) ;
#2713 = CONICAL_SURFACE ( 'NONE', #461, 13.75000000000005862, 0.7853981633974415066 ) ;
#2714 = FACE_OUTER_BOUND ( 'NONE', #4320, .T. ) ;
#2715 = CARTESIAN_POINT ( 'NONE',  ( -5.571999700872511951, 35.67856150489014055, -12.84341191385819947 ) ) ;
#2716 = CARTESIAN_POINT ( 'NONE',  ( 4.195267373628938756, 21.77854377066730507, -12.68686278043293392 ) ) ;
#2717 = CARTESIAN_POINT ( 'NONE',  ( -7.499999999999992006, 6.500000000000012434, 9.558896379812898303 ) ) ;
#2718 = CARTESIAN_POINT ( 'NONE',  ( -0.5741885885617854512, 19.53238074689454606, 13.48552442851782729 ) ) ;
#2719 = CARTESIAN_POINT ( 'NONE',  ( 13.21902131580244166, 38.40688778323347918, 3.120415346609068497 ) ) ;
#2720 = PLANE ( 'NONE',  #572 ) ;
#2721 = ADVANCED_FACE ( 'NONE', ( #6976 ), #778, .F. ) ;
#2722 = CARTESIAN_POINT ( 'NONE',  ( -13.41481708061716382, 39.30683994544868654, 1.378850487489986953 ) ) ;
#2723 = CARTESIAN_POINT ( 'NONE',  ( 13.64735888228235972, 38.73422616635740923, -3.125947200888125277 ) ) ;
#2724 = CARTESIAN_POINT ( 'NONE',  ( 13.14933047645896025, 20.81615182781403206, 3.380739015021942073 ) ) ;
#2725 = CARTESIAN_POINT ( 'NONE',  ( 0.7487021014490802262, 19.04683431506587965, -13.98027744105184489 ) ) ;
#2726 = LINE ( 'NONE', #7293, #3562 ) ;
#2727 = B_SPLINE_CURVE_WITH_KNOTS ( 'NONE', 3,
 ( #204, #4729, #3585, #6872, #5795, #4689, #4152, #3470, #5756, #4119, #3508, #5208, #6430, #4038, #2945, #5874, #1799, #6316, #129, #3021 ),
 .UNSPECIFIED., .F., .F.,
 ( 4, 2, 2, 2, 2, 2, 2, 2, 2, 4 ),
 ( 1.238840354700144063E-17, 0.001506762013533355024, 0.003013524027066697905, 0.004520286040600039919, 0.006027048054133382800, 0.006780429060900055975, 0.007533810067666727416, 0.009040572081200072899, 0.01054733409473341578, 0.01205409610826675866 ),
 .UNSPECIFIED. ) ;
#2728 = CONICAL_SURFACE ( 'NONE', #3815, 1.499999999999984013, 0.7853981633974447263 ) ;
#2729 = CARTESIAN_POINT ( 'NONE',  ( 13.08810860435272261, 37.97763490590732260, 3.593405431183680943 ) ) ;
#2730 = EDGE_CURVE ( 'NONE', #2598, #4100, #5703, .T. ) ;
#2731 = CARTESIAN_POINT ( 'NONE',  ( 3.970321905910372706, 37.55644700034832795, 11.48460241225031808 ) ) ;
#2732 = EDGE_LOOP ( 'NONE', ( #1645, #2241, #5306, #6032 ) ) ;
#2733 = VECTOR ( 'NONE', #5827, 1000.000000000000000 ) ;
#2734 = CARTESIAN_POINT ( 'NONE',  ( 1.852304963157878293, 39.14428674371635708, -13.34536915248764011 ) ) ;
#2735 = CARTESIAN_POINT ( 'NONE',  ( 4.582564412539237075, 36.50169431688058808, -12.52363892634315157 ) ) ;
#2736 = CARTESIAN_POINT ( 'NONE',  ( -3.111229949161859132, 20.58504376389073798, 13.05919771033386212 ) ) ;
#2737 = CARTESIAN_POINT ( 'NONE',  ( 13.78287731783244752, 19.87001829110116802, 2.457315414106309159 ) ) ;
#2738 = FACE_OUTER_BOUND ( 'NONE', #1776, .T. ) ;
#2739 = CARTESIAN_POINT ( 'NONE',  ( -12.80229064392444727, 23.86054868324004374, -5.665815134425008281 ) ) ;
#2740 = CARTESIAN_POINT ( 'NONE',  ( 12.59748660551015575, 35.20271250109454542, -4.951594864234172277 ) ) ;
#2741 = CARTESIAN_POINT ( 'NONE',  ( -5.703703114510179084, 34.49999999999998579, 12.78545152826159992 ) ) ;
#2742 = VECTOR ( 'NONE', #1, 1000.000000000000114 ) ;
#2743 = CARTESIAN_POINT ( 'NONE',  ( -3.055594975482220477, 38.47091912090172627, -11.76274370722831009 ) ) ;
#2744 = ORIENTED_EDGE ( 'NONE', *, *, #3606, .F. ) ;
#2745 = B_SPLINE_CURVE_WITH_KNOTS ( 'NONE', 3,
 ( #3037, #1771, #4054, #6851, #3487, #1732, #5773, #660, #1858, #2921, #5222, #106, #2366, #6973, #4666, #6928, #1820, #4095, #1254, #3525 ),
 .UNSPECIFIED., .F., .F.,
 ( 4, 2, 2, 2, 2, 2, 2, 2, 2, 4 ),
 ( 0.000000000000000000, 0.0009883955495879827476, 0.001976791099175965495, 0.002965186648763948676, 0.003953582198351930990, 0.004941977747939913304, 0.005930373297527897353, 0.006424571072321888510, 0.006918768847115879667, 0.007907164396703860246 ),
 .UNSPECIFIED. ) ;
#2746 = CIRCLE ( 'NONE', #6932, 12.15000000000000036 ) ;
#2747 = VECTOR ( 'NONE', #4805, 1000.000000000000000 ) ;
#2748 = CARTESIAN_POINT ( 'NONE',  ( 4.684849608131352205, 21.36154341787030120, 13.19299833198177652 ) ) ;
#2749 = CARTESIAN_POINT ( 'NONE',  ( 13.98243587470045313, 39.66468723881570213, -0.7024452594249024351 ) ) ;
#2750 = CARTESIAN_POINT ( 'NONE',  ( -12.82021630050983774, 35.41090340427180649, 5.625134224076511202 ) ) ;
#2751 = CARTESIAN_POINT ( 'NONE',  ( -13.85445939412023186, 19.35368779957288154, -2.021004511460788855 ) ) ;
#2752 = CARTESIAN_POINT ( 'NONE',  ( 5.703703114510177308, 34.50000000000000000, -12.78545152826160169 ) ) ;
#2753 = CARTESIAN_POINT ( 'NONE',  ( -12.57228049768582068, 22.26117945116206442, -4.471098792108664455 ) ) ;
#2754 = CARTESIAN_POINT ( 'NONE',  ( 3.755123246398384129, 21.19850219860671103, -12.85256368329613075 ) ) ;
#2755 = CARTESIAN_POINT ( 'NONE',  ( 2.539355301885882099, 19.57192689028858368, 13.76877896525449607 ) ) ;
#2756 = CARTESIAN_POINT ( 'NONE',  ( -7.499999999999994671, 4.335663632535883494, -12.60279007956304653 ) ) ;
#2757 = CARTESIAN_POINT ( 'NONE',  ( -4.162794158421015744, 38.26094332199298975, 13.36695009634697406 ) ) ;
#2758 = CARTESIAN_POINT ( 'NONE',  ( 3.236979588150677767, 20.68901196767592410, -13.02201317247597068 ) ) ;
#2759 = CARTESIAN_POINT ( 'NONE',  ( 1.849989357765793763, 39.70583499108782632, -13.87842521535624485 ) ) ;
#2760 = CARTESIAN_POINT ( 'NONE',  ( 2.848367512090297371, 20.38997928257715841, 13.13155950007026185 ) ) ;
#2761 = CARTESIAN_POINT ( 'NONE',  ( 13.09985363390033974, 38.01774020842086088, 3.553295773970252647 ) ) ;
#2762 = CARTESIAN_POINT ( 'NONE',  ( -4.386318388934702384, 36.90006282611151534, 12.60832716547450438 ) ) ;
#2763 = EDGE_LOOP ( 'NONE', ( #4081, #2111, #3220, #5797 ) ) ;
#2764 = B_SPLINE_CURVE_WITH_KNOTS ( 'NONE', 3,
 ( #2128, #3170, #4414, #2565 ),
 .UNSPECIFIED., .F., .F.,
 ( 4, 4 ),
 ( 0.000000000000000000, 0.001125842092310816271 ),
 .UNSPECIFIED. ) ;
#2765 = CARTESIAN_POINT ( 'NONE',  ( -13.33527210753041814, 39.12025157038576140, -1.911454544414071144 ) ) ;
#2766 = CARTESIAN_POINT ( 'NONE',  ( 13.79654439801388399, 39.16876630105720380, 2.383212122650897768 ) ) ;
#2767 = CARTESIAN_POINT ( 'NONE',  ( 13.60980759048603694, 19.50782483093328779, 0.3253243664360694343 ) ) ;
#2768 = CARTESIAN_POINT ( 'NONE',  ( 2.617713144335259035, 19.61263890154685896, -13.75334568237772359 ) ) ;
#2769 = B_SPLINE_CURVE_WITH_KNOTS ( 'NONE', 3,
 ( #2613, #5993, #4922, #3072, #3635, #5365, #260, #2509, #4814, #4846, #7082, #1958, #4237, #6510, #3672, #3144, #5957, #3110, #292, #2766, #1017, #3857, #2651, #6173, #6062, #6210, #6137, #4956, #3780, #7219, #7255, #1647, #2066, #5573, #5070, #3818, #7330, #2723, #3286, #6619, #946, #463, #2205, #2099, #3252, #5538, #2136, #4384, #4498, #5030, #3214, #3894, #6764, #3931, #1093, #3361, #538, #4423 ),
 .UNSPECIFIED., .F., .F.,
 ( 4, 2, 2, 2, 2, 2, 2, 2, 2, 2, 2, 2, 2, 2, 2, 2, 2, 2, 2, 2, 2, 2, 2, 2, 2, 2, 2, 2, 4 ),
 ( 0.000000000000000000, 0.03125000000000120043, 0.06250000000000240086, 0.09375000000000360822, 0.1093750000000041911, 0.1250000000000047740, 0.1875000000000045797, 0.2500000000000043854, 0.3125000000000042188, 0.3437500000000038858, 0.3750000000000034972, 0.4062500000000031641, 0.4375000000000028311, 0.4687500000000024425, 0.5000000000000021094, 0.5625000000000014433, 0.6250000000000006661, 0.6562500000000003331, 0.6875000000000000000, 0.7187499999999996669, 0.7499999999999992228, 0.7812499999999990008, 0.7968749999999990008, 0.8124999999999988898, 0.8749999999999997780, 0.9062500000000002220, 0.9218750000000003331, 0.9375000000000004441, 1.000000000000000000 ),
 .UNSPECIFIED. ) ;
#2770 = CARTESIAN_POINT ( 'NONE',  ( -12.63324383981811927, 24.50000000000000711, 5.469135409673424597 ) ) ;
#2771 = CARTESIAN_POINT ( 'NONE',  ( 13.23790580957960294, 38.46538854599670287, -3.045873749192752111 ) ) ;
#2772 = CARTESIAN_POINT ( 'NONE',  ( 13.20924889882390829, 21.87845127738374629, 4.643104325810979205 ) ) ;
#2773 = ORIENTED_EDGE ( 'NONE', *, *, #6575, .F. ) ;
#2774 = CARTESIAN_POINT ( 'NONE',  ( 3.649020367851345537, 37.91924106839785225, -12.88965255428664669 ) ) ;
#2775 = CARTESIAN_POINT ( 'NONE',  ( -3.549106390198408789, 38.80645148595795035, -13.54287147602694752 ) ) ;
#2776 = CARTESIAN_POINT ( 'NONE',  ( -4.865803874062697432, 23.34643366512457519, 12.39365093232150628 ) ) ;
#2777 = CARTESIAN_POINT ( 'NONE',  ( -12.85159385794372788, 35.75870148710844632, -5.553121606394123333 ) ) ;
#2778 = CARTESIAN_POINT ( 'NONE',  ( -13.00242667865684432, 22.21325350842067436, -5.190650374805549028 ) ) ;
#2779 = ADVANCED_FACE ( 'NONE', ( #6484, #1365 ), #3640, .T. ) ;
#2780 = B_SPLINE_CURVE_WITH_KNOTS ( 'NONE', 3,
 ( #1272, #4076, #4571, #127, #5716, #50, #2309, #166, #2389, #4149, #2834, #6355, #2870, #1238, #3506, #5793, #1839, #2274, #641, #5834, #724, #2984, #5286, #2423 ),
 .UNSPECIFIED., .F., .F.,
 ( 4, 2, 2, 2, 2, 2, 2, 2, 2, 2, 2, 4 ),
 ( 1.763715708375670094E-17, 0.001495056113932130689, 0.002990112227864243164, 0.004485168341796354555, 0.005232696398762409599, 0.005980224455728464644, 0.006727752512694519689, 0.007475280569660574734, 0.008970336683592681354, 0.009717864740558737266, 0.01046539279752479144, 0.01196044891145689806 ),
 .UNSPECIFIED. ) ;
#2781 = CARTESIAN_POINT ( 'NONE',  ( 12.74778727097171682, 36.49909117113929113, -4.583632632327476308 ) ) ;
#2782 = DIRECTION ( 'NONE',  ( 1.000000000000000000, -0.000000000000000000, -0.000000000000000000 ) ) ;
#2783 = VERTEX_POINT ( 'NONE', #1965 ) ;
#2784 = DIRECTION ( 'NONE',  ( 0.000000000000000000, 0.000000000000000000, -1.000000000000000000 ) ) ;
#2785 = CARTESIAN_POINT ( 'NONE',  ( -5.719933974121331140E-15, 14.00000000000000000, -12.15000000000000036 ) ) ;
#2786 = CARTESIAN_POINT ( 'NONE',  ( 0.3757244171840625757, 19.00895150998498906, 13.99620971220115706 ) ) ;
#2787 = CARTESIAN_POINT ( 'NONE',  ( 13.99903106909196104, 39.70701518925706353, -0.1705551067542645516 ) ) ;
#2788 = CARTESIAN_POINT ( 'NONE',  ( -13.43658867178314331, 39.35679338391579307, -1.188814211917122998 ) ) ;
#2789 = CARTESIAN_POINT ( 'NONE',  ( -12.78545200767964296, 24.13350471010320675, -5.703702039844119831 ) ) ;
#2790 = CARTESIAN_POINT ( 'NONE',  ( -9.499999999999994671, 3.499999999999985789, -19.84313483298443970 ) ) ;
#2791 = CARTESIAN_POINT ( 'NONE',  ( -12.49592710256020389, 22.64835682822672069, -4.644550699221960066 ) ) ;
#2792 = CARTESIAN_POINT ( 'NONE',  ( -4.977937607998722314, 21.81475576515098069, 13.08513458396844520 ) ) ;
#2793 = CARTESIAN_POINT ( 'NONE',  ( 0.000000000000000000, 45.00000000000000000, 0.000000000000000000 ) ) ;
#2794 = CARTESIAN_POINT ( 'NONE',  ( -2.864371766497079808, 39.25699007054674894, 13.70408635373658157 ) ) ;
#2795 = CARTESIAN_POINT ( 'NONE',  ( 0.000000000000000000, 4.000000000000003553, 0.000000000000000000 ) ) ;
#2796 = CARTESIAN_POINT ( 'NONE',  ( 5.426640323561243484, 36.19578262522669121, -12.90552060042426064 ) ) ;
#2797 = CARTESIAN_POINT ( 'NONE',  ( 2.074578311682037324, 19.94997650659805544, 13.30597309139268702 ) ) ;
#2798 = CARTESIAN_POINT ( 'NONE',  ( 13.60947771890227642, 39.49135041870856355, 0.3360789735251864530 ) ) ;
#2799 = CARTESIAN_POINT ( 'NONE',  ( -18.50000000000000000, 3.499999999999984901, 1.750000000000000000 ) ) ;
#2800 = CARTESIAN_POINT ( 'NONE',  ( -0.8250359052273072979, 39.43214724652983705, 13.46975899026662482 ) ) ;
#2801 = CARTESIAN_POINT ( 'NONE',  ( -13.48519778726691776, 39.46688294553480603, -0.5802737701022998573 ) ) ;
#2802 = CARTESIAN_POINT ( 'NONE',  ( 5.951863565667007805, 11.08894621110508716, 10.59699756067863419 ) ) ;
#2803 = CARTESIAN_POINT ( 'NONE',  ( 13.23846942880868127, 20.53293179689989145, 3.043478447673993781 ) ) ;
#2804 = CARTESIAN_POINT ( 'NONE',  ( -4.839343276956343587, 21.58767438803154803, -13.13709814253308927 ) ) ;
#2805 = CARTESIAN_POINT ( 'NONE',  ( 13.21356320265600282, 20.61011676238208423, 3.141730357956210362 ) ) ;
#2806 = CARTESIAN_POINT ( 'NONE',  ( 13.16383960010601228, 38.23136049344860510, -3.328455488774216153 ) ) ;
#2807 = CARTESIAN_POINT ( 'NONE',  ( 13.03873322319982186, 22.89651237246210869, -5.098254586230384966 ) ) ;
#2808 = ORIENTED_EDGE ( 'NONE', *, *, #6395, .T. ) ;
#2809 = CARTESIAN_POINT ( 'NONE',  ( 4.133445250852965991, 37.31330971617330050, -12.71128555221137546 ) ) ;
#2810 = CARTESIAN_POINT ( 'NONE',  ( -5.691821390612650688, 34.86644052011806139, -12.79074651076272318 ) ) ;
#2811 = CARTESIAN_POINT ( 'NONE',  ( -4.803068752773855365, 23.10816595547096952, 12.42323527582723663 ) ) ;
#2812 = CARTESIAN_POINT ( 'NONE',  ( 13.24260604401620611, 21.73675844211738450, 4.542650631850943199 ) ) ;
#2813 = CARTESIAN_POINT ( 'NONE',  ( 7.499999999999993783, 6.500000000000012434, -9.558896379812894750 ) ) ;
#2814 = CARTESIAN_POINT ( 'NONE',  ( -13.23065092072207705, 20.13525936771553049, 2.440414124868607093 ) ) ;
#2815 = CARTESIAN_POINT ( 'NONE',  ( 12.93429922887929706, 34.50000000000000000, -5.357602398257300891 ) ) ;
#2816 = ORIENTED_EDGE ( 'NONE', *, *, #6747, .T. ) ;
#2817 = DIRECTION ( 'NONE',  ( 0.000000000000000000, -1.000000000000000000, 0.000000000000000000 ) ) ;
#2818 = ADVANCED_FACE ( 'NONE', ( #4242 ), #816, .F. ) ;
#2819 = FACE_BOUND ( 'NONE', #4731, .T. ) ;
#2820 = AXIS2_PLACEMENT_3D ( 'NONE', #5318, #6955, #91 ) ;
#2821 = LINE ( 'NONE', #4595, #3102 ) ;
#2822 = CARTESIAN_POINT ( 'NONE',  ( 13.70932368565493498, 38.91858481610955067, 2.838285853198766251 ) ) ;
#2823 = CARTESIAN_POINT ( 'NONE',  ( -13.12977379352221519, 38.60518196820858350, -2.854672119489183313 ) ) ;
#2824 = DIRECTION ( 'NONE',  ( 0.000000000000000000, -0.7071067811865500152, -0.7071067811865451302 ) ) ;
#2825 = CARTESIAN_POINT ( 'NONE',  ( -0.08702738911932425547, 40.00010927246657388, -14.00004637111816130 ) ) ;
#2826 = CARTESIAN_POINT ( 'NONE',  ( -13.01197419628465468, 20.71741736877682172, -3.270242672050448274 ) ) ;
#2827 = EDGE_CURVE ( 'NONE', #1370, #3793, #706, .T. ) ;
#2828 = VECTOR ( 'NONE', #3607, 1000.000000000000114 ) ;
#2829 = CARTESIAN_POINT ( 'NONE',  ( -5.000540191323256778, 21.85408993357065555, 13.07651200955242388 ) ) ;
#2830 = CARTESIAN_POINT ( 'NONE',  ( 5.000000000000001776, 24.16589827980266136, -11.07350441368946292 ) ) ;
#2831 = CARTESIAN_POINT ( 'NONE',  ( 0.3789385498479122538, 40.00000352974799966, 14.00000000000001243 ) ) ;
#2832 = CARTESIAN_POINT ( 'NONE',  ( -24.00000000000000355, 34.49999999999999289, -4.999999999999999112 ) ) ;
#2833 = CARTESIAN_POINT ( 'NONE',  ( 4.162132685214012362, 37.27069833682501354, 12.69995325006983578 ) ) ;
#2834 = CARTESIAN_POINT ( 'NONE',  ( 5.140411484274484799, 11.96659613477034156, 13.02342774582081653 ) ) ;
#2835 = CARTESIAN_POINT ( 'NONE',  ( -1.959377144273136473, 19.89986538763633206, 13.32685364616604140 ) ) ;
#2836 = AXIS2_PLACEMENT_3D ( 'NONE', #7078, #5954, #5850 ) ;
#2837 = CARTESIAN_POINT ( 'NONE',  ( 12.75690251222856553, 36.55125637594831289, 4.560165217835458584 ) ) ;
#2838 = FACE_OUTER_BOUND ( 'NONE', #2763, .T. ) ;
#2839 = CARTESIAN_POINT ( 'NONE',  ( 3.298747055674226214, 38.25764970753357375, 13.00324395399328736 ) ) ;
#2840 = EDGE_CURVE ( 'NONE', #803, #4968, #7135, .T. ) ;
#2841 = ORIENTED_EDGE ( 'NONE', *, *, #4245, .T. ) ;
#2842 = CARTESIAN_POINT ( 'NONE',  ( -13.42323708763998091, 39.32618722554195045, -1.307538022152881840 ) ) ;
#2843 = CARTESIAN_POINT ( 'NONE',  ( 0.000000000000000000, 45.00000000000000000, 0.000000000000000000 ) ) ;
#2844 = CARTESIAN_POINT ( 'NONE',  ( 13.35404603745464058, 20.19079162802988492, 2.536211758953724527 ) ) ;
#2845 = CARTESIAN_POINT ( 'NONE',  ( 3.763014771086065302, 20.36658568045717033, -13.48484535929836525 ) ) ;
#2846 = LINE ( 'NONE', #5033, #5009 ) ;
#2847 = CARTESIAN_POINT ( 'NONE',  ( 13.02158713288734759, 37.73953624205917379, -3.809450619302390262 ) ) ;
#2848 = CARTESIAN_POINT ( 'NONE',  ( 12.93429965475706744, 24.15323480723895955, 5.357601370105143701 ) ) ;
#2849 = EDGE_LOOP ( 'NONE', ( #1999, #2351, #6934, #1126, #6014, #3510, #3284 ) ) ;
#2850 = CARTESIAN_POINT ( 'NONE',  ( 1.187105691628901338, 39.35827094145712124, -13.43720889798651896 ) ) ;
#2851 = CARTESIAN_POINT ( 'NONE',  ( 3.810532272350973138, 37.73827407151399882, -12.83293348860771310 ) ) ;
#2852 = CARTESIAN_POINT ( 'NONE',  ( 0.000000000000000000, 6.500000000000000888, -59.57475013247809414 ) ) ;
#2853 = CARTESIAN_POINT ( 'NONE',  ( 13.19592812152363059, 21.95737312279722886, 4.676324864543354387 ) ) ;
#2854 = CARTESIAN_POINT ( 'NONE',  ( 0.5105822594690904159, 14.00000000000000355, -12.15000000000000391 ) ) ;
#2855 = CARTESIAN_POINT ( 'NONE',  ( -12.79606528306288027, 21.38464042463609971, -3.911652942236476971 ) ) ;
#2856 = CARTESIAN_POINT ( 'NONE',  ( 0.000000000000000000, 44.74999999999998579, 0.000000000000000000 ) ) ;
#2857 = ORIENTED_EDGE ( 'NONE', *, *, #1295, .T. ) ;
#2858 = CARTESIAN_POINT ( 'NONE',  ( 12.92691296255351574, 21.63125352014786529, 4.095507842421201694 ) ) ;
#2859 = AXIS2_PLACEMENT_3D ( 'NONE', #1314, #765, #3027 ) ;
#2860 = CARTESIAN_POINT ( 'NONE',  ( 0.000000000000000000, 45.00000000000000000, 0.000000000000000000 ) ) ;
#2861 = CARTESIAN_POINT ( 'NONE',  ( -12.78545152826161946, 24.50000000000000711, 5.703703114510133787 ) ) ;
#2862 = CARTESIAN_POINT ( 'NONE',  ( 13.01952422199104475, 35.94838149350128020, -5.147110839118434811 ) ) ;
#2863 = CARTESIAN_POINT ( 'NONE',  ( -1.842200009237947578, 39.70601137759861388, -13.87855329219237888 ) ) ;
#2864 = CARTESIAN_POINT ( 'NONE',  ( -13.31025193674053853, 19.93971805069372749, -2.051012581428605319 ) ) ;
#2865 = CARTESIAN_POINT ( 'NONE',  ( -4.518919828210148815, 21.14294417205534060, 13.25076436672376090 ) ) ;
#2866 = CARTESIAN_POINT ( 'NONE',  ( 4.834999126802324909, 23.18358043552106196, -11.14676874031295029 ) ) ;
#2867 = CARTESIAN_POINT ( 'NONE',  ( 4.521178492943882077, 37.85423280457825257, 13.24999347635099056 ) ) ;
#2868 = CARTESIAN_POINT ( 'NONE',  ( -5.109885510233905137, 36.94516295397879446, 13.03422064877895536 ) ) ;
#2869 = CARTESIAN_POINT ( 'NONE',  ( -24.00000000000000355, 24.50000000000000000, 5.000000000000000000 ) ) ;
#2870 = CARTESIAN_POINT ( 'NONE',  ( 5.640337251793434703, 11.44921429304850768, 12.81463547616501941 ) ) ;
#2871 = CARTESIAN_POINT ( 'NONE',  ( 2.239676352636489121, 20.02933524177099756, 13.27340801962850492 ) ) ;
#2872 = CARTESIAN_POINT ( 'NONE',  ( 13.08288553789121167, 37.95905389310785694, 3.610401152266070834 ) ) ;
#2873 = EDGE_CURVE ( 'NONE', #4785, #2027, #1022, .T. ) ;
#2874 = CARTESIAN_POINT ( 'NONE',  ( -13.36589894170223047, 39.19294553297406480, 1.728604064079559244 ) ) ;
#2875 = CARTESIAN_POINT ( 'NONE',  ( 7.499999999999992006, 45.00000000000000000, 9.558896379812898303 ) ) ;
#2876 = CARTESIAN_POINT ( 'NONE',  ( 13.10909757727654146, 20.95070404046638757, -3.521726604564680674 ) ) ;
#2877 = CARTESIAN_POINT ( 'NONE',  ( 2.862991920204866148, 19.73971211462807673, -13.70514701348431075 ) ) ;
#2878 = LINE ( 'NONE', #59, #3324 ) ;
#2879 = CARTESIAN_POINT ( 'NONE',  ( 12.97214379263769146, 37.55139152483213394, -3.961760138695812561 ) ) ;
#2880 = CARTESIAN_POINT ( 'NONE',  ( 11.18814917504104045, 36.12495036868666176, 4.739867879818653762 ) ) ;
#2881 = CARTESIAN_POINT ( 'NONE',  ( 13.79695252345019796, 19.83009973543668991, 2.380842270210120848 ) ) ;
#2882 = ORIENTED_EDGE ( 'NONE', *, *, #214, .F. ) ;
#2883 = CARTESIAN_POINT ( 'NONE',  ( 3.529542010681482544, 38.04153000213717206, -12.92966737449803816 ) ) ;
#2884 = CARTESIAN_POINT ( 'NONE',  ( 3.649203048306357555, 37.91903968037262018, -12.88955923427048411 ) ) ;
#2885 = DIRECTION ( 'NONE',  ( 0.7071067811865473507, 0.7071067811865476838, -8.528466865386027644E-17 ) ) ;
#2886 = CARTESIAN_POINT ( 'NONE',  ( 12.94165739035218188, 24.06709193804946878, 5.339812353724536109 ) ) ;
#2887 = CARTESIAN_POINT ( 'NONE',  ( -13.38217273889677017, 19.76880104330980004, 1.625665516082744677 ) ) ;
#2888 = DIRECTION ( 'NONE',  ( 5.814117140965047880E-16, -1.000000000000000000, -8.673617379884041635E-17 ) ) ;
#2889 = EDGE_LOOP ( 'NONE', ( #6667, #6572, #3645, #7345 ) ) ;
#2890 = CARTESIAN_POINT ( 'NONE',  ( 13.06175136832605155, 21.11529611242103144, 3.680242860415143813 ) ) ;
#2891 = CARTESIAN_POINT ( 'NONE',  ( 4.246700769151146027, 21.85952364480123222, 12.66613266085711231 ) ) ;
#2892 = CARTESIAN_POINT ( 'NONE',  ( 4.412969170212321046, 22.14929476374991069, -12.59706931276692465 ) ) ;
#2893 = CARTESIAN_POINT ( 'NONE',  ( -13.48411256774212319, 20.36751964095744682, 3.768347205850464565 ) ) ;
#2894 = CARTESIAN_POINT ( 'NONE',  ( 12.97087339189531008, 35.44742180863258341, -5.268445063407062534 ) ) ;
#2895 = CARTESIAN_POINT ( 'NONE',  ( -13.47015723515031560, 39.43304595182735284, 0.8196811705556591443 ) ) ;
#2896 = CYLINDRICAL_SURFACE ( 'NONE', #5731, 5.000000000000006217 ) ;
#2897 = CARTESIAN_POINT ( 'NONE',  ( 0.1013573958687008641, 39.99988109358805133, -13.99994996193350794 ) ) ;
#2898 = CARTESIAN_POINT ( 'NONE',  ( -5.654013304805411089, 23.76985327716479546, 12.80751232184684696 ) ) ;
#2899 = CARTESIAN_POINT ( 'NONE',  ( 13.03369380383293930, 22.93731199502150275, -5.111068204352850586 ) ) ;
#2900 = CARTESIAN_POINT ( 'NONE',  ( -4.528403227616835965E-13, 39.99999955379117722, 13.99999999864343359 ) ) ;
#2901 = CARTESIAN_POINT ( 'NONE',  ( 4.682389296490473640, 37.64186111711091343, 13.19387144847084237 ) ) ;
#2902 = CARTESIAN_POINT ( 'NONE',  ( 3.874865514769895825, 37.65997617681787091, 12.80946492380588886 ) ) ;
#2903 = CARTESIAN_POINT ( 'NONE',  ( -13.32750556398269737, 20.86970292986225317, 4.288678446671152500 ) ) ;
#2904 = CARTESIAN_POINT ( 'NONE',  ( 3.171412703714562298, 20.63448230852289811, 13.04147481781045848 ) ) ;
#2905 = CARTESIAN_POINT ( 'NONE',  ( 13.05584264162552088, 37.86361153734942064, 3.699479893160777966 ) ) ;
#2906 = LINE ( 'NONE', #168, #1515 ) ;
#2907 = CARTESIAN_POINT ( 'NONE',  ( 1.536983677115845826, 39.25861420049430706, 13.39399708042342496 ) ) ;
#2908 = ORIENTED_EDGE ( 'NONE', *, *, #513, .T. ) ;
#2909 = CARTESIAN_POINT ( 'NONE',  ( -12.98619512351438310, 38.20851995852418526, -3.353641160785676867 ) ) ;
#2910 = CARTESIAN_POINT ( 'NONE',  ( -5.665836775403999326, 23.76890158676980391, 12.80254012725101198 ) ) ;
#2911 = CARTESIAN_POINT ( 'NONE',  ( 13.29245946759460750, 20.36993500740753404, -2.818528055074654315 ) ) ;
#2912 = DIRECTION ( 'NONE',  ( 0.000000000000000000, 0.000000000000000000, 1.000000000000000000 ) ) ;
#2913 = CARTESIAN_POINT ( 'NONE',  ( -4.731152084026924776, 22.88043137740305610, -12.45659356369185389 ) ) ;
#2914 = CARTESIAN_POINT ( 'NONE',  ( 12.93429922887929706, 24.50000000000000711, -5.357602398257304444 ) ) ;
#2915 = CARTESIAN_POINT ( 'NONE',  ( 13.48780034728550525, 39.17720368482994786, -1.767897129819342439 ) ) ;
#2916 = CARTESIAN_POINT ( 'NONE',  ( 13.05549118195976455, 36.22615192156723651, 5.055136805291756019 ) ) ;
#2917 = CARTESIAN_POINT ( 'NONE',  ( 13.33871257016314615, 21.31859960821969224, -4.256846371808623353 ) ) ;
#2918 = VERTEX_POINT ( 'NONE', #367 ) ;
#2919 = CARTESIAN_POINT ( 'NONE',  ( 4.482097176735451605, 36.71752544803616303, -12.56757455097709197 ) ) ;
#2920 = CARTESIAN_POINT ( 'NONE',  ( -2.294748772665814229, 38.94305592966691876, -13.26215498409429649 ) ) ;
#2921 = CARTESIAN_POINT ( 'NONE',  ( -3.306476364111781141, 20.73553766872050019, -11.69386733243313081 ) ) ;
#2922 = CARTESIAN_POINT ( 'NONE',  ( 12.92240005426144300, 21.64959897012163381, -4.108751040828598988 ) ) ;
#2923 = CARTESIAN_POINT ( 'NONE',  ( -13.70408635373659045, 39.25699007054672052, -2.864371766497051386 ) ) ;
#2924 = CARTESIAN_POINT ( 'NONE',  ( -13.48516943281776648, 19.53317980252221986, 0.5808991521648815270 ) ) ;
#2925 = CARTESIAN_POINT ( 'NONE',  ( -7.203724254300489681E-15, 34.50000000000000000, -22.79802623035600462 ) ) ;
#2926 = ORIENTED_EDGE ( 'NONE', *, *, #155, .F. ) ;
#2927 = CARTESIAN_POINT ( 'NONE',  ( 13.03217821615300842, 21.22199301309574793, 3.775589640321254326 ) ) ;
#2928 = ADVANCED_FACE ( 'NONE', ( #3900 ), #5004, .T. ) ;
#2929 = CARTESIAN_POINT ( 'NONE',  ( 4.932836312966642822, 23.67910174627568054, 12.36153381378716354 ) ) ;
#2930 = B_SPLINE_CURVE_WITH_KNOTS ( 'NONE', 1,
 ( #5982, #5944 ),
 .UNSPECIFIED., .F., .F.,
 ( 2, 2 ),
 ( 0.000000000000000000, 1.000000000000000000 ),
 .UNSPECIFIED. ) ;
#2931 = CARTESIAN_POINT ( 'NONE',  ( 4.916807255295348789, 23.59073940745839693, -12.36925077361256697 ) ) ;
#2932 = ORIENTED_EDGE ( 'NONE', *, *, #4682, .T. ) ;
#2933 = CARTESIAN_POINT ( 'NONE',  ( -13.62521335860815519, 19.95870918671024796, 3.217941368346752373 ) ) ;
#2934 = CARTESIAN_POINT ( 'NONE',  ( 13.54673223617781552, 38.41588948228351796, -3.533726019261810070 ) ) ;
#2935 = CARTESIAN_POINT ( 'NONE',  ( -13.35839345172301051, 39.17548123977223185, -1.779421692120394249 ) ) ;
#2936 = CARTESIAN_POINT ( 'NONE',  ( -11.55473930832003759, 37.80709890206884438, 3.763983788879516457 ) ) ;
#2937 = CARTESIAN_POINT ( 'NONE',  ( 3.101765169835622338, 39.11649924661691813, -13.65230268329045415 ) ) ;
#2938 = CARTESIAN_POINT ( 'NONE',  ( -13.40811255768041121, 19.70868625507326755, 1.430002684447224892 ) ) ;
#2939 = CARTESIAN_POINT ( 'NONE',  ( -3.763014771086065746, 20.36658568045717743, 13.48484535929836703 ) ) ;
#2940 = CARTESIAN_POINT ( 'NONE',  ( 12.57669683062196242, 24.50000000000000000, -5.000000000000000000 ) ) ;
#2941 = CARTESIAN_POINT ( 'NONE',  ( -7.499999999999991118, 4.000000000000000000, 12.99038105676657118 ) ) ;
#2942 = CARTESIAN_POINT ( 'NONE',  ( -1.310181730566380098, 39.85312172455130053, 13.93863546651184393 ) ) ;
#2943 = CARTESIAN_POINT ( 'NONE',  ( 5.703703114510172867, 24.50000000000001421, -12.78545152826160347 ) ) ;
#2944 = CARTESIAN_POINT ( 'NONE',  ( 13.01744370854627064, 37.72364351813657635, 3.822136491469663166 ) ) ;
#2945 = CARTESIAN_POINT ( 'NONE',  ( -3.378286844337090145, 13.21398927514800725, -11.68015791284245353 ) ) ;
#2946 = CARTESIAN_POINT ( 'NONE',  ( 4.908900487238240906, 35.45101259342915512, 12.37305018407113621 ) ) ;
#2947 = ORIENTED_EDGE ( 'NONE', *, *, #2645, .T. ) ;
#2948 = CARTESIAN_POINT ( 'NONE',  ( -12.54479730383369507, 36.60731881545468269, -4.534408557202098677 ) ) ;
#2949 = CARTESIAN_POINT ( 'NONE',  ( -3.332515343560206400, 20.03285656114222490, 13.59850346712580915 ) ) ;
#2950 = CIRCLE ( 'NONE', #5239, 1.999999999999998224 ) ;
#2951 = CARTESIAN_POINT ( 'NONE',  ( 13.36077529908780548, 20.17148358342087633, -2.504113731747969140 ) ) ;
#2952 = DIRECTION ( 'NONE',  ( 0.000000000000000000, 0.000000000000000000, -1.000000000000000000 ) ) ;
#2953 = CARTESIAN_POINT ( 'NONE',  ( 3.900789682978043960, 20.48636456651873416, -13.44577723533384628 ) ) ;
#2954 = CARTESIAN_POINT ( 'NONE',  ( 1.143769985028606273, 39.37022232546954825, -12.09713545175009308 ) ) ;
#2955 = LINE ( 'NONE', #1248, #5971 ) ;
#2956 = CARTESIAN_POINT ( 'NONE',  ( 13.03865895423517074, 37.80169687753861041, -3.754947551008282591 ) ) ;
#2957 = CARTESIAN_POINT ( 'NONE',  ( 12.14982594419684325, 39.49957704411722403, 0.3367253507142295987 ) ) ;
#2958 = DIRECTION ( 'NONE',  ( -1.206107350727848108E-16, 0.000000000000000000, -1.000000000000000000 ) ) ;
#2959 = ORIENTED_EDGE ( 'NONE', *, *, #3798, .F. ) ;
#2960 = VECTOR ( 'NONE', #4200, 1000.000000000000000 ) ;
#2961 = CARTESIAN_POINT ( 'NONE',  ( 4.676954909356236811, 36.26999091345957993, -12.48133742607346797 ) ) ;
#2962 = CARTESIAN_POINT ( 'NONE',  ( 0.08885227179065265102, 39.49989233720860682, -13.49995197187728735 ) ) ;
#2963 = CARTESIAN_POINT ( 'NONE',  ( -2.074578311655814300, 19.94997650658610411, -13.30597309140153683 ) ) ;
#2964 = PLANE ( 'NONE',  #5039 ) ;
#2965 = CARTESIAN_POINT ( 'NONE',  ( 13.07136295648709989, 21.08082749529541999, -3.649081530179713706 ) ) ;
#2966 = EDGE_CURVE ( 'NONE', #1692, #3034, #3332, .T. ) ;
#2967 = CARTESIAN_POINT ( 'NONE',  ( -7.499999999999994671, 14.00000000000000000, -19.84313483298444325 ) ) ;
#2968 = EDGE_LOOP ( 'NONE', ( #3151, #2064, #6417, #7337, #1443, #5809, #5259 ) ) ;
#2969 = CARTESIAN_POINT ( 'NONE',  ( 12.78052551701959416, 22.31770353303886623, 4.498804541409251456 ) ) ;
#2970 = CARTESIAN_POINT ( 'NONE',  ( -5.000000000000012434, 34.58292121953951437, -12.32882844322068472 ) ) ;
#2971 = CARTESIAN_POINT ( 'NONE',  ( 3.404904219987159752, 20.83759164811759490, -12.97024241559481794 ) ) ;
#2972 = ADVANCED_FACE ( 'NONE', ( #6625 ), #5466, .T. ) ;
#2973 = VERTEX_POINT ( 'NONE', #4887 ) ;
#2974 = CARTESIAN_POINT ( 'NONE',  ( 0.000000000000000000, 0.000000000000000000, 0.000000000000000000 ) ) ;
#2975 = CARTESIAN_POINT ( 'NONE',  ( 13.49506592685515827, 38.24376846074310521, -3.726561595786039405 ) ) ;
#2976 = DIRECTION ( 'NONE',  ( 1.206107350727848108E-16, -0.000000000000000000, -1.000000000000000000 ) ) ;
#2977 = AXIS2_PLACEMENT_3D ( 'NONE', #5449, #4184, #5972 ) ;
#2978 = CARTESIAN_POINT ( 'NONE',  ( -13.50009008622433448, 19.49979785363062490, -0.1577780455381343205 ) ) ;
#2979 = CARTESIAN_POINT ( 'NONE',  ( 0.6624177602565433087, 19.54339193592380752, 13.48061906389667008 ) ) ;
#2980 = CARTESIAN_POINT ( 'NONE',  ( 13.99908263658519303, 19.29285228504565808, -0.1827971029191741148 ) ) ;
#2981 = CARTESIAN_POINT ( 'NONE',  ( 5.665836775383833235, 35.23109841341700132, 12.80254012725979962 ) ) ;
#2982 = CARTESIAN_POINT ( 'NONE',  ( -1.033665515213589847, 39.90968802780637503, 13.96209530386597386 ) ) ;
#2983 = CARTESIAN_POINT ( 'NONE',  ( -5.000000000000007105, 34.49999999999998579, -22.79802623035600462 ) ) ;
#2984 = CARTESIAN_POINT ( 'NONE',  ( 7.449231753512072451, 7.503071194990610593, 11.85421539239140465 ) ) ;
#2985 = CARTESIAN_POINT ( 'NONE',  ( 3.730638598652893378, 21.17073950728273601, 12.86119116937086027 ) ) ;
#2986 = CARTESIAN_POINT ( 'NONE',  ( 12.90868663285414364, 37.29181048012867450, 4.148000956283652840 ) ) ;
#2987 = CIRCLE ( 'NONE', #2275, 12.40000000000001279 ) ;
#2988 = CARTESIAN_POINT ( 'NONE',  ( -13.01766348030773202, 38.29875350815844115, -3.251515687509322294 ) ) ;
#2989 = VECTOR ( 'NONE', #4257, 1000.000000000000000 ) ;
#2990 = CARTESIAN_POINT ( 'NONE',  ( 5.703703114510171979, 24.50000000000000711, 12.78545152826160347 ) ) ;
#2991 = CARTESIAN_POINT ( 'NONE',  ( 13.39087335187507755, 20.08682028259857333, -2.350364954363717285 ) ) ;
#2992 = FACE_OUTER_BOUND ( 'NONE', #1100, .T. ) ;
#2993 = CARTESIAN_POINT ( 'NONE',  ( 5.701314620220776064, 24.31640132940417942, -12.78651784332038766 ) ) ;
#2994 = PLANE ( 'NONE',  #352 ) ;
#2995 = CARTESIAN_POINT ( 'NONE',  ( -5.000000000000011546, 24.41707878048500291, 12.32882844322070248 ) ) ;
#2996 = CARTESIAN_POINT ( 'NONE',  ( 12.90361029055498676, 37.27010757017174569, -4.162525867231781085 ) ) ;
#2997 = CARTESIAN_POINT ( 'NONE',  ( 11.07350441368946470, 34.49999999999999289, -4.999999999999996447 ) ) ;
#2998 = DIRECTION ( 'NONE',  ( 1.000000000000000000, 0.000000000000000000, -1.206107350727848108E-16 ) ) ;
#2999 = CARTESIAN_POINT ( 'NONE',  ( 4.399362820468299518, 36.87607233112572658, -12.60282627245255327 ) ) ;
#3000 = CARTESIAN_POINT ( 'NONE',  ( 3.422768817904686234, 38.14837191126984806, -12.96501269751928831 ) ) ;
#3001 = CARTESIAN_POINT ( 'NONE',  ( 0.3255932167302497127, 19.50783379949637819, -13.49648408309564651 ) ) ;
#3002 = CARTESIAN_POINT ( 'NONE',  ( -6.721878217039951586, 9.861935182651375698, 10.12381232982919244 ) ) ;
#3003 = CARTESIAN_POINT ( 'NONE',  ( 12.94713050033370827, 23.93801193884745970, 5.326521818281343634 ) ) ;
#3004 = CARTESIAN_POINT ( 'NONE',  ( -12.35010137138241149, 23.83623019435802348, -4.956440746733071556 ) ) ;
#3005 = DIRECTION ( 'NONE',  ( 1.000000000000000000, 0.000000000000000000, 0.000000000000000000 ) ) ;
#3006 = VERTEX_POINT ( 'NONE', #6108 ) ;
#3007 = CARTESIAN_POINT ( 'NONE',  ( -4.407415215654768126, 36.86109737895254312, -12.59942132553110561 ) ) ;
#3008 = CARTESIAN_POINT ( 'NONE',  ( 1.535452211095214681, 19.74142468105184633, -13.39399478054640191 ) ) ;
#3009 = EDGE_LOOP ( 'NONE', ( #1901, #336, #3608, #1729 ) ) ;
#3010 = CARTESIAN_POINT ( 'NONE',  ( -13.94697973370184840, 19.12670737135042742, 1.218150705172916348 ) ) ;
#3011 = CARTESIAN_POINT ( 'NONE',  ( 13.57237390408923972, 38.49895023712588937, -3.433930276155540806 ) ) ;
#3012 = CARTESIAN_POINT ( 'NONE',  ( -13.26937275378932313, 37.92466063868587867, -4.464027168959013636 ) ) ;
#3013 = CARTESIAN_POINT ( 'NONE',  ( -12.71128555223645584, 21.68669028373381735, 4.133445250789802294 ) ) ;
#3014 = B_SPLINE_CURVE_WITH_KNOTS ( 'NONE', 3,
 ( #4949, #1752, #1838, #4075 ),
 .UNSPECIFIED., .F., .F.,
 ( 4, 4 ),
 ( 0.000000000000000000, 1.000000000000000000 ),
 .UNSPECIFIED. ) ;
#3015 = CARTESIAN_POINT ( 'NONE',  ( 4.549339564448400708, 22.42391767314233419, 12.53829996367959154 ) ) ;
#3016 = CARTESIAN_POINT ( 'NONE',  ( -7.500000000000000000, 3.499999999999985789, -59.57475013247809414 ) ) ;
#3017 = CARTESIAN_POINT ( 'NONE',  ( -0.3827253343028907406, 39.98834933704105765, 13.99508151230731734 ) ) ;
#3018 = CARTESIAN_POINT ( 'NONE',  ( 2.400313730704724424, 38.88621397816436343, 13.23929517711931148 ) ) ;
#3019 = CARTESIAN_POINT ( 'NONE',  ( -13.56075670573058112, 20.14052574833128872, 3.482515782705472240 ) ) ;
#3020 = SURFACE_STYLE_FILL_AREA ( #7099 ) ;
#3021 = CARTESIAN_POINT ( 'NONE',  ( -5.719933974121331140E-15, 14.00000000000000000, -12.15000000000000036 ) ) ;
#3022 = CARTESIAN_POINT ( 'NONE',  ( 4.104692339770045884, 37.35623762708807760, 12.72266196392034487 ) ) ;
#3023 = ORIENTED_EDGE ( 'NONE', *, *, #5710, .T. ) ;
#3024 = CARTESIAN_POINT ( 'NONE',  ( -13.04440936236252213, 38.37369442591889168, -3.161425675354294640 ) ) ;
#3025 = PLANE ( 'NONE',  #6813 ) ;
#3026 = CARTESIAN_POINT ( 'NONE',  ( 13.16256451266258765, 20.77286554180880529, -3.332967405631497737 ) ) ;
#3027 = DIRECTION ( 'NONE',  ( 1.000000000000000000, 0.000000000000000000, 0.000000000000000000 ) ) ;
#3028 = CARTESIAN_POINT ( 'NONE',  ( -2.719080137555480281, 20.30318213882857492, -13.16472066193718682 ) ) ;
#3029 = DIRECTION ( 'NONE',  ( 0.000000000000000000, 0.000000000000000000, -1.000000000000000000 ) ) ;
#3030 = CARTESIAN_POINT ( 'NONE',  ( -9.499999999999994671, 4.000000000000000000, -19.84313483298443970 ) ) ;
#3031 = CARTESIAN_POINT ( 'NONE',  ( 13.01205890513897501, 37.70360886911883824, -3.839017634493894437 ) ) ;
#3032 = CARTESIAN_POINT ( 'NONE',  ( 12.08415513627562810, 39.33815967278584935, -1.303965404649161108 ) ) ;
#3033 = CARTESIAN_POINT ( 'NONE',  ( 0.3301652024386741435, 19.50000000000000711, -12.14999999999999325 ) ) ;
#3034 = VERTEX_POINT ( 'NONE', #3258 ) ;
#3035 = CARTESIAN_POINT ( 'NONE',  ( 5.000000000000005329, 34.50000000000000000, -12.32882846293108337 ) ) ;
#3036 = CARTESIAN_POINT ( 'NONE',  ( -4.731022369583790521, 36.12607642904277583, -12.45674072909407215 ) ) ;
#3037 = CARTESIAN_POINT ( 'NONE',  ( -5.000000000000010658, 24.50000000000000000, -11.07350441368945759 ) ) ;
#3038 = CARTESIAN_POINT ( 'NONE',  ( 12.71138175140881543, 22.72703862608663883, -4.675828788347337728 ) ) ;
#3039 = CARTESIAN_POINT ( 'NONE',  ( -13.13709814253311237, 37.41232561196843420, -4.839343276956283191 ) ) ;
#3040 = LINE ( 'NONE', #3116, #342 ) ;
#3041 = EDGE_LOOP ( 'NONE', ( #1619, #1226, #4749, #508 ) ) ;
#3042 = CARTESIAN_POINT ( 'NONE',  ( -3.709144386759179568, 37.85296133011374309, -12.86869030475492792 ) ) ;
#3043 = B_SPLINE_CURVE_WITH_KNOTS ( 'NONE', 3,
 ( #5480, #7269, #2627, #4933 ),
 .UNSPECIFIED., .F., .F.,
 ( 4, 4 ),
 ( 0.000000000000000000, 0.001125842092301343597 ),
 .UNSPECIFIED. ) ;
#3044 = ORIENTED_EDGE ( 'NONE', *, *, #5710, .F. ) ;
#3045 = CARTESIAN_POINT ( 'NONE',  ( -13.96905171694893610, 19.07364992394951386, -0.9350436090806681921 ) ) ;
#3046 = CARTESIAN_POINT ( 'NONE',  ( 12.63268356859933483, 35.64299760386115423, 4.868295518108165076 ) ) ;
#3047 = CARTESIAN_POINT ( 'NONE',  ( -12.98619512351600491, 20.79148004147163675, 3.353641160781062336 ) ) ;
#3048 = ADVANCED_FACE ( 'NONE', ( #4997 ), #5472, .F. ) ;
#3049 = CARTESIAN_POINT ( 'NONE',  ( -0.3755329697678182477, 19.01118373892728286, -13.99527692928288936 ) ) ;
#3050 = CARTESIAN_POINT ( 'NONE',  ( 3.967735243300679837, 38.45213767226546508, 13.42615781097219241 ) ) ;
#3051 = CARTESIAN_POINT ( 'NONE',  ( 3.563797875099078638, 38.00705666742126709, 12.91828201975125090 ) ) ;
#3052 = CARTESIAN_POINT ( 'NONE',  ( -13.67021424718135059, 19.83377260036688483, 3.024951862695478333 ) ) ;
#3053 = EDGE_CURVE ( 'NONE', #1550, #6977, #2617, .T. ) ;
#3054 =( LENGTH_UNIT ( ) NAMED_UNIT ( * ) SI_UNIT ( .MILLI., .METRE. ) );
#3055 = CARTESIAN_POINT ( 'NONE',  ( -1.621322595770463781, 39.23270885990525869, 12.04238628162927327 ) ) ;
#3056 = CARTESIAN_POINT ( 'NONE',  ( 4.931124666855684069, 35.32809407575478389, 12.36235163672388637 ) ) ;
#3057 = ORIENTED_EDGE ( 'NONE', *, *, #1424, .F. ) ;
#3058 = CARTESIAN_POINT ( 'NONE',  ( -12.62800428895446103, 36.98444183174564159, -4.339379587640340041 ) ) ;
#3059 = CARTESIAN_POINT ( 'NONE',  ( -9.499999999999994671, 4.000000000000000000, -21.84313483298443970 ) ) ;
#3060 = CARTESIAN_POINT ( 'NONE',  ( 13.08103026766579902, 21.04741680386984015, -3.616587956873294374 ) ) ;
#3061 = CARTESIAN_POINT ( 'NONE',  ( -2.231973047200458637, 20.01367349219771796, 11.94721069196017638 ) ) ;
#3062 = CARTESIAN_POINT ( 'NONE',  ( -3.116118621752697049, 20.58894416542819883, -13.05778446740548659 ) ) ;
#3063 = DIRECTION ( 'NONE',  ( 0.000000000000000000, -1.000000000000000000, 0.000000000000000000 ) ) ;
#3064 = EDGE_CURVE ( 'NONE', #7128, #6617, #6653, .T. ) ;
#3065 = CARTESIAN_POINT ( 'NONE',  ( 12.80218565964483268, 36.79629307528768578, -4.441700470357061725 ) ) ;
#3066 = AXIS2_PLACEMENT_3D ( 'NONE', #2869, #606, #4116 ) ;
#3067 = CARTESIAN_POINT ( 'NONE',  ( 13.44454795706820782, 39.06107753314830688, -2.049243471696369223 ) ) ;
#3068 = CARTESIAN_POINT ( 'NONE',  ( -2.848367512090183240, 38.61002071742291974, 13.13155950007029027 ) ) ;
#3069 = CARTESIAN_POINT ( 'NONE',  ( 0.000000000000000000, 3.499999999999985789, 0.000000000000000000 ) ) ;
#3070 = ORIENTED_EDGE ( 'NONE', *, *, #5991, .T. ) ;
#3071 = CARTESIAN_POINT ( 'NONE',  ( 8.650774836390002763E-15, 14.00000000000000000, 12.15000000000000036 ) ) ;
#3072 = CARTESIAN_POINT ( 'NONE',  ( 12.95238451566033255, 35.18668747602030322, 5.313764251633358526 ) ) ;
#3073 = CARTESIAN_POINT ( 'NONE',  ( -5.656845037508099416, 35.22641797719816736, 12.80626874499457379 ) ) ;
#3074 = CARTESIAN_POINT ( 'NONE',  ( 13.60413553546642973, 19.52210704776643624, 0.4701218411658610319 ) ) ;
#3075 = CARTESIAN_POINT ( 'NONE',  ( -13.96863872226158421, 39.92536150030900188, -0.9411519724454860958 ) ) ;
#3076 = CARTESIAN_POINT ( 'NONE',  ( -12.63468169852543355, 21.98777666588206614, -4.323240832646969345 ) ) ;
#3077 = CARTESIAN_POINT ( 'NONE',  ( -9.499999999999994671, 0.000000000000000000, -19.84313483298443970 ) ) ;
#3078 = ORIENTED_EDGE ( 'NONE', *, *, #4430, .F. ) ;
#3079 = CARTESIAN_POINT ( 'NONE',  ( -4.997936797310418733, 34.66600659216482683, -12.32984480898539736 ) ) ;
#3080 = VECTOR ( 'NONE', #3995, 1000.000000000000114 ) ;
#3081 = CARTESIAN_POINT ( 'NONE',  ( 1.959377144241205793, 19.89986538762278911, -13.32685364617226753 ) ) ;
#3082 = ORIENTED_EDGE ( 'NONE', *, *, #3381, .F. ) ;
#3083 = CARTESIAN_POINT ( 'NONE',  ( -13.95092769689343015, 19.11718766273209624, 1.172074580325972892 ) ) ;
#3084 = CARTESIAN_POINT ( 'NONE',  ( 13.33029371721799272, 38.74090976210302983, 2.648839576189887079 ) ) ;
#3085 = CARTESIAN_POINT ( 'NONE',  ( -13.98461275129233172, 39.96386023669334975, 0.7524655260296216897 ) ) ;
#3086 = CARTESIAN_POINT ( 'NONE',  ( -12.60832716549288257, 22.09993717380810807, 4.386318388890757980 ) ) ;
#3087 = AXIS2_PLACEMENT_3D ( 'NONE', #5947, #7210, #424 ) ;
#3088 = AXIS2_PLACEMENT_3D ( 'NONE', #7143, #5357, #4807 ) ;
#3089 = CARTESIAN_POINT ( 'NONE',  ( -4.520270377013989815, 21.14460825317837944, -13.25030575715444670 ) ) ;
#3090 = CARTESIAN_POINT ( 'NONE',  ( -4.479445552867595381, 36.72287560563406572, 12.56871297596162584 ) ) ;
#3091 = CARTESIAN_POINT ( 'NONE',  ( 1.259329390647212277, 39.34002525512557469, 13.42924016620326100 ) ) ;
#3092 = CARTESIAN_POINT ( 'NONE',  ( -11.29153415845845920, 22.27187850659853297, 4.488015800938529587 ) ) ;
#3093 = CARTESIAN_POINT ( 'NONE',  ( -5.000000000000007105, 34.49999999999998579, 11.07350441368945582 ) ) ;
#3094 = CARTESIAN_POINT ( 'NONE',  ( 4.632945982739241408, 21.28704797816475747, -13.21164992060309729 ) ) ;
#3095 = ORIENTED_EDGE ( 'NONE', *, *, #3368, .F. ) ;
#3096 = CARTESIAN_POINT ( 'NONE',  ( -12.33285904097954777, 34.83094706406872376, -4.991809502327674508 ) ) ;
#3097 = DIRECTION ( 'NONE',  ( -0.000000000000000000, -1.000000000000000000, -0.000000000000000000 ) ) ;
#3098 = CARTESIAN_POINT ( 'NONE',  ( 12.63269691842290321, 23.35895789027017599, -4.868231443555639970 ) ) ;
#3099 = DIRECTION ( 'NONE',  ( 0.000000000000000000, -1.000000000000000000, 0.000000000000000000 ) ) ;
#3100 = CARTESIAN_POINT ( 'NONE',  ( -3.593614260314091258, 21.02258345081795099, -12.90845743039527349 ) ) ;
#3101 = DIRECTION ( 'NONE',  ( 1.206107350727848108E-16, 0.000000000000000000, 1.000000000000000000 ) ) ;
#3102 = VECTOR ( 'NONE', #1781, 1000.000000000000000 ) ;
#3103 = VECTOR ( 'NONE', #1855, 1000.000000000000000 ) ;
#3104 = DIRECTION ( 'NONE',  ( 0.000000000000000000, 0.000000000000000000, -1.000000000000000000 ) ) ;
#3105 = CARTESIAN_POINT ( 'NONE',  ( 13.56814831298772184, 39.38658463092747297, -1.059690452722849674 ) ) ;
#3106 = CARTESIAN_POINT ( 'NONE',  ( -2.352015372855623454, 38.91230030852407396, 13.24978018892595699 ) ) ;
#3107 = EDGE_LOOP ( 'NONE', ( #7006, #5112 ) ) ;
#3108 = EDGE_CURVE ( 'NONE', #1911, #934, #3538, .T. ) ;
#3109 = CARTESIAN_POINT ( 'NONE',  ( -12.33702870230306381, 34.91692065512258836, 4.983264626891255489 ) ) ;
#3110 = CARTESIAN_POINT ( 'NONE',  ( 13.70969599872653966, 38.92053200571754701, 2.840122055925033084 ) ) ;
#3111 = CARTESIAN_POINT ( 'NONE',  ( -1.430002684427875703, 19.70868625506730965, -13.40811255768364596 ) ) ;
#3112 = CARTESIAN_POINT ( 'NONE',  ( -2.861566942772445721, 39.26107748403822484, 13.70544332299060031 ) ) ;
#3113 = CARTESIAN_POINT ( 'NONE',  ( 13.60879449520556150, 19.51038925519511125, 0.3248315381276969949 ) ) ;
#3114 = CARTESIAN_POINT ( 'NONE',  ( -14.00004637111815953, 40.00010927246653836, 0.08702738911931151566 ) ) ;
#3115 = AXIS2_PLACEMENT_3D ( 'NONE', #6468, #3097, #1983 ) ;
#3116 = CARTESIAN_POINT ( 'NONE',  ( 7.499999999999991118, 3.499999999999982236, 12.99038105676657118 ) ) ;
#3117 = ORIENTED_EDGE ( 'NONE', *, *, #6349, .F. ) ;
#3118 = CARTESIAN_POINT ( 'NONE',  ( -2.537575904146732952, 38.80840500954589345, -13.20832448882039856 ) ) ;
#3119 = CARTESIAN_POINT ( 'NONE',  ( 2.106334979688231357, 19.96513181683915761, -13.29974633400082595 ) ) ;
#3120 = CARTESIAN_POINT ( 'NONE',  ( 13.64582434854905379, 20.27132916270961616, -3.129348051609063042 ) ) ;
#3121 = ORIENTED_EDGE ( 'NONE', *, *, #3064, .F. ) ;
#3122 = CARTESIAN_POINT ( 'NONE',  ( -13.67097601622317349, 19.83170853820601920, -3.021468446641536687 ) ) ;
#3123 = CARTESIAN_POINT ( 'NONE',  ( -13.46387945826261578, 39.41887138945747893, 0.9008095298233861348 ) ) ;
#3124 = CARTESIAN_POINT ( 'NONE',  ( -12.91775830998251351, 36.28025328481626843, -5.397472376960838147 ) ) ;
#3125 = CARTESIAN_POINT ( 'NONE',  ( -12.97592763949369754, 20.82124216278812057, 3.386422033495492201 ) ) ;
#3126 = B_SPLINE_CURVE_WITH_KNOTS ( 'NONE', 3,
 ( #1979, #5975, #859, #6528, #7027, #3092, #3130, #3163, #1379, #3653, #821, #5383, #276, #3728, #5418, #2559, #5452, #2595, #7166, #2051, #4334, #5873, #4522, #4940, #3917, #2159, #7315, #6123, #7276, #5558, #4481, #417, #1560, #1484, #3765, #3237, #5525, #2672 ),
 .UNSPECIFIED., .F., .F.,
 ( 4, 2, 2, 2, 2, 2, 2, 2, 2, 2, 2, 2, 2, 2, 2, 2, 2, 2, 4 ),
 ( 0.000000000000000000, 0.0009876059267860271690, 0.001975211853572054338, 0.002962817780358081073, 0.003950423707144108676, 0.004938029633930135845, 0.005925635560716162147, 0.006419438524109178333, 0.006913241487502194520, 0.007900847414288229495, 0.008888453341074263603, 0.009876059267860297711, 0.01086366519464633182, 0.01185127112143236419, 0.01283887704821840003, 0.01333268001161141796, 0.01382648297500443761, 0.01481408890179046478, 0.01580169482857649368 ),
 .UNSPECIFIED. ) ;
#3127 = CARTESIAN_POINT ( 'NONE',  ( -7.499999999999991118, 3.499999999999985789, 13.56465996625054515 ) ) ;
#3128 = CARTESIAN_POINT ( 'NONE',  ( -2.820922919498029202, 38.62844655221270074, 13.13859881270513164 ) ) ;
#3129 = CARTESIAN_POINT ( 'NONE',  ( 3.038730737145302285, 38.47148708885697488, 13.07983998610035492 ) ) ;
#3130 = CARTESIAN_POINT ( 'NONE',  ( -11.35218299443599577, 21.98639362583812229, 4.334463396751601749 ) ) ;
#3131 = CARTESIAN_POINT ( 'NONE',  ( 11.55456730713114055, 21.19354297535848275, -3.764457445291689908 ) ) ;
#3132 = CARTESIAN_POINT ( 'NONE',  ( 12.63704651615543995, 23.31146191215878716, 4.857902941197357549 ) ) ;
#3133 = CARTESIAN_POINT ( 'NONE',  ( -12.34976450109497570, 35.15841302855186967, -4.957140336658130586 ) ) ;
#3134 = DIRECTION ( 'NONE',  ( 0.000000000000000000, 1.000000000000000000, 0.000000000000000000 ) ) ;
#3135 = CARTESIAN_POINT ( 'NONE',  ( 12.71073209689544825, 22.73135617086396465, -4.677464555866403195 ) ) ;
#3136 = CARTESIAN_POINT ( 'NONE',  ( 2.993005169205806252E-08, 39.99999951798087494, -13.99999999864344424 ) ) ;
#3137 = CARTESIAN_POINT ( 'NONE',  ( 12.81509842946019440, 24.50000000000000711, 5.238401598838205331 ) ) ;
#3138 = CARTESIAN_POINT ( 'NONE',  ( -4.582997241992631032, 22.49946109573014397, 12.52344162747054668 ) ) ;
#3139 = CARTESIAN_POINT ( 'NONE',  ( 13.17762270523227741, 38.27597203511607660, -3.277943370324587491 ) ) ;
#3140 = CARTESIAN_POINT ( 'NONE',  ( -3.593655930146680166, 37.97737501180448305, 12.90844367894196942 ) ) ;
#3141 = ORIENTED_EDGE ( 'NONE', *, *, #7088, .T. ) ;
#3142 = ADVANCED_FACE ( 'NONE', ( #2036 ), #4319, .T. ) ;
#3143 = CARTESIAN_POINT ( 'NONE',  ( -12.57228049768920108, 36.73882054885756787, 4.471098792098762154 ) ) ;
#3144 = CARTESIAN_POINT ( 'NONE',  ( 13.54619911195361581, 38.42071495835767792, 3.544719518697747596 ) ) ;
#3145 = CARTESIAN_POINT ( 'NONE',  ( -4.118073773510359636, 21.66414829837050959, -12.71733177546869875 ) ) ;
#3146 = CARTESIAN_POINT ( 'NONE',  ( -5.426643747919281502, 36.19577240384295180, 12.90551915967658836 ) ) ;
#3147 = CARTESIAN_POINT ( 'NONE',  ( 13.36054604212863950, 20.17172669974832644, 2.508499090564383138 ) ) ;
#3148 = CARTESIAN_POINT ( 'NONE',  ( -13.92015731840523607, 39.80822839524541479, -1.493758939610279501 ) ) ;
#3149 = EDGE_CURVE ( 'NONE', #953, #618, #6031, .T. ) ;
#3150 = DIRECTION ( 'NONE',  ( -0.000000000000000000, 1.000000000000000000, -0.000000000000000000 ) ) ;
#3151 = ORIENTED_EDGE ( 'NONE', *, *, #7296, .T. ) ;
#3152 = CARTESIAN_POINT ( 'NONE',  ( -0.1577780454736035509, 39.50020214636929694, -13.50009008622426343 ) ) ;
#3153 = CARTESIAN_POINT ( 'NONE',  ( -0.1591033311401535144, 19.50184351455508747, 13.49917357653227512 ) ) ;
#3154 = CARTESIAN_POINT ( 'NONE',  ( 13.99319370272607799, 19.30784064423788493, 0.4370645503546118360 ) ) ;
#3155 = VERTEX_POINT ( 'NONE', #4619 ) ;
#3156 = CARTESIAN_POINT ( 'NONE',  ( -13.61733902678895092, 19.98054641647896190, -3.251814073593567223 ) ) ;
#3157 = CARTESIAN_POINT ( 'NONE',  ( -12.66922898022118815, 37.15276874771021198, 4.239045969329548136 ) ) ;
#3158 = EDGE_CURVE ( 'NONE', #93, #3816, #271, .T. ) ;
#3159 = CARTESIAN_POINT ( 'NONE',  ( -12.83055227578261182, 21.27001900324045991, 3.816796735050992595 ) ) ;
#3160 = PLANE ( 'NONE',  #132 ) ;
#3161 = CARTESIAN_POINT ( 'NONE',  ( 5.608628890089598862, 35.50107926038776895, 12.82744570394588202 ) ) ;
#3162 = CARTESIAN_POINT ( 'NONE',  ( 3.775778906473568064, 37.77778880364653702, 12.84522969835659012 ) ) ;
#3163 = CARTESIAN_POINT ( 'NONE',  ( -11.48392590479280706, 21.44603332502846982, 3.972288696730132074 ) ) ;
#3164 = CARTESIAN_POINT ( 'NONE',  ( -1.305804782393038543, 39.32929539192426915, 12.08067167775899620 ) ) ;
#3165 = CARTESIAN_POINT ( 'NONE',  ( -10.36363636363635088, 0.000000000000000000, 21.64705618143756638 ) ) ;
#3166 = EDGE_LOOP ( 'NONE', ( #3057, #6772, #4987, #3755, #2212 ) ) ;
#3167 = CARTESIAN_POINT ( 'NONE',  ( -4.392387631781073942, 12.58406662970848799, 13.29479044607364102 ) ) ;
#3168 = CARTESIAN_POINT ( 'NONE',  ( -0.08702738911929912280, 18.99989072753343677, 14.00004637111815953 ) ) ;
#3169 = CARTESIAN_POINT ( 'NONE',  ( 12.84004414896764779, 22.01649825962824281, -4.339918504424723267 ) ) ;
#3170 = CARTESIAN_POINT ( 'NONE',  ( -7.669990706455765306, 3.669990706455755980, -13.27642669995093527 ) ) ;
#3171 = CARTESIAN_POINT ( 'NONE',  ( 0.3251165232860284693, 19.51040677013376623, -13.49534014820028460 ) ) ;
#3172 = DIRECTION ( 'NONE',  ( 0.000000000000000000, 0.000000000000000000, -1.000000000000000000 ) ) ;
#3173 = CARTESIAN_POINT ( 'NONE',  ( -3.404904220393730974, 20.83759164849556811, 12.97024241546958834 ) ) ;
#3174 = CARTESIAN_POINT ( 'NONE',  ( 13.56116791377173492, 39.36870485262915764, -1.139019871992430710 ) ) ;
#3175 = CARTESIAN_POINT ( 'NONE',  ( -4.118073773610338328, 37.33585170148381138, 12.71733177542704318 ) ) ;
#3176 = ORIENTED_EDGE ( 'NONE', *, *, #1288, .T. ) ;
#3177 = CARTESIAN_POINT ( 'NONE',  ( -12.42322373168213723, 35.88972633096061315, 4.803029970452032060 ) ) ;
#3178 = CARTESIAN_POINT ( 'NONE',  ( -4.383590880285627378, 36.90537299642596025, -12.60949393166589516 ) ) ;
#3179 = CARTESIAN_POINT ( 'NONE',  ( -4.444637833505760582, 22.20818341570997845, -12.58367752229196057 ) ) ;
#3180 = CARTESIAN_POINT ( 'NONE',  ( -3.901769977084903473, 38.51568266795683115, 13.44599099501806272 ) ) ;
#3181 = CARTESIAN_POINT ( 'NONE',  ( 13.59364387279016917, 19.54857764362759553, 0.6965047247207042380 ) ) ;
#3182 = EDGE_CURVE ( 'NONE', #4650, #4289, #1739, .T. ) ;
#3183 = DIRECTION ( 'NONE',  ( 1.000000000000000000, -0.000000000000000000, -0.000000000000000000 ) ) ;
#3184 = ORIENTED_EDGE ( 'NONE', *, *, #7124, .T. ) ;
#3185 = VECTOR ( 'NONE', #3676, 1000.000000000000000 ) ;
#3186 = CARTESIAN_POINT ( 'NONE',  ( -1.022246400475244066, 39.39456306301040200, -13.45316316101721910 ) ) ;
#3187 = CARTESIAN_POINT ( 'NONE',  ( -0.4499375533974307451, 19.52011099811339179, 13.49100202159578643 ) ) ;
#3188 = CARTESIAN_POINT ( 'NONE',  ( 13.69383206404364017, 20.12706942329852566, -2.912110216443920763 ) ) ;
#3189 = ORIENTED_EDGE ( 'NONE', *, *, #1937, .T. ) ;
#3190 = CARTESIAN_POINT ( 'NONE',  ( -12.81684968103184730, 23.63425614176649958, -5.632798964051789703 ) ) ;
#3191 = CARTESIAN_POINT ( 'NONE',  ( -12.83340115196995157, 37.73979796791298469, 3.809226062134134505 ) ) ;
#3192 = CARTESIAN_POINT ( 'NONE',  ( -12.85253604507957803, 35.76762361744410157, 5.550941387605328181 ) ) ;
#3193 = CARTESIAN_POINT ( 'NONE',  ( -12.54479730382331581, 22.39268118459135692, 4.534408557223495784 ) ) ;
#3194 = EDGE_CURVE ( 'NONE', #2369, #1517, #5123, .T. ) ;
#3195 = CARTESIAN_POINT ( 'NONE',  ( 5.703703114510171979, 24.50000000000001421, 12.78545152826160347 ) ) ;
#3196 = CARTESIAN_POINT ( 'NONE',  ( -4.757387328505483737, 36.04081120967300933, 12.44448618836000975 ) ) ;
#3197 = CARTESIAN_POINT ( 'NONE',  ( -13.51401187672898274, 38.72105309195001155, 3.656893671946408464 ) ) ;
#3198 = CARTESIAN_POINT ( 'NONE',  ( -12.32882846293113488, 24.50000000000000000, -5.000000000000000000 ) ) ;
#3199 = CARTESIAN_POINT ( 'NONE',  ( 12.67887048244553583, 22.95639514181504381, 4.756417885908398979 ) ) ;
#3200 = EDGE_LOOP ( 'NONE', ( #5696, #6848, #3484, #7080 ) ) ;
#3201 = CIRCLE ( 'NONE', #6, 12.15000000000000036 ) ;
#3202 = CARTESIAN_POINT ( 'NONE',  ( -12.38406334771721795, 35.56284606242725488, -4.885899535051360765 ) ) ;
#3203 = CARTESIAN_POINT ( 'NONE',  ( 3.481827840604002855, 20.14278269637580365, 13.56033757806795315 ) ) ;
#3204 = CARTESIAN_POINT ( 'NONE',  ( 12.72275258512356011, 22.65340397617735846, -4.647286977921707418 ) ) ;
#3205 = CARTESIAN_POINT ( 'NONE',  ( -2.871275226876083497, 39.26566468109049168, -13.70603578088038788 ) ) ;
#3206 = CARTESIAN_POINT ( 'NONE',  ( 4.803068752773845596, 23.10816595547096952, -12.42323527582723131 ) ) ;
#3207 = CARTESIAN_POINT ( 'NONE',  ( 5.508936817380406303, 35.93640721094592294, -12.87070953052759670 ) ) ;
#3208 = CARTESIAN_POINT ( 'NONE',  ( -3.910139247504075488, 21.38364364240065996, 12.79650896781718572 ) ) ;
#3209 = CARTESIAN_POINT ( 'NONE',  ( 13.60008458088473304, 39.46769213949122701, -0.5735390333249800188 ) ) ;
#3210 = CARTESIAN_POINT ( 'NONE',  ( -3.413462379882977515, 38.15375119594192910, 12.96736205530585728 ) ) ;
#3211 = VECTOR ( 'NONE', #5529, 1000.000000000000000 ) ;
#3212 = ORIENTED_EDGE ( 'NONE', *, *, #6066, .T. ) ;
#3213 = CARTESIAN_POINT ( 'NONE',  ( -12.70282834713318820, 37.28156540990187295, 4.154873143093299248 ) ) ;
#3214 = CARTESIAN_POINT ( 'NONE',  ( 13.04998742826938773, 36.19370955959047365, -5.069608290756712599 ) ) ;
#3215 = CARTESIAN_POINT ( 'NONE',  ( -4.147428756000662631, 21.70733951984967547, -12.70577230645893430 ) ) ;
#3216 = CARTESIAN_POINT ( 'NONE',  ( 0.08702738911929137899, 18.99989072753343322, -14.00004637111816308 ) ) ;
#3217 = CARTESIAN_POINT ( 'NONE',  ( 13.60489572689766824, 19.52019363041605260, 0.4494020762412139214 ) ) ;
#3218 = CARTESIAN_POINT ( 'NONE',  ( 13.31523040184448625, 38.69709131849611339, 2.717736405179257630 ) ) ;
#3219 = CARTESIAN_POINT ( 'NONE',  ( 3.309382439479225280, 38.26195255197539069, 11.69304925789422889 ) ) ;
#3220 = ORIENTED_EDGE ( 'NONE', *, *, #4620, .F. ) ;
#3221 = CARTESIAN_POINT ( 'NONE',  ( -3.543694065333015786, 38.02737450010985754, -12.92497929228816389 ) ) ;
#3222 = CARTESIAN_POINT ( 'NONE',  ( -5.599782199576291752, 35.54611376197850348, -12.83131109016824389 ) ) ;
#3223 = CARTESIAN_POINT ( 'NONE',  ( 1.067859494714892943, 19.61518809545065878, 13.44887353666780250 ) ) ;
#3224 = CARTESIAN_POINT ( 'NONE',  ( 13.59638027628565204, 20.42443739063947206, -3.338144766968634602 ) ) ;
#3225 = MECHANICAL_DESIGN_GEOMETRIC_PRESENTATION_REPRESENTATION (  '', ( #3832 ), #3589 ) ;
#3226 = EDGE_LOOP ( 'NONE', ( #4636, #6049, #4515, #4364, #5918 ) ) ;
#3227 = CARTESIAN_POINT ( 'NONE',  ( -12.48209869952360940, 22.72556209853647147, 4.675266985663469654 ) ) ;
#3228 = B_SPLINE_CURVE_WITH_KNOTS ( 'NONE', 3,
 ( #339, #2114, #1513, #7234, #4400, #6670, #4659 ),
 .UNSPECIFIED., .F., .F.,
 ( 4, 3, 4 ),
 ( -0.0007614325045216936661, 0.000000000000000000, 0.001538204004139539453 ),
 .UNSPECIFIED. ) ;
#3229 = DIRECTION ( 'NONE',  ( -0.000000000000000000, -1.000000000000000000, -0.000000000000000000 ) ) ;
#3230 = FACE_OUTER_BOUND ( 'NONE', #4690, .T. ) ;
#3231 = CARTESIAN_POINT ( 'NONE',  ( -4.326551671552830491, 37.01148073638390201, -11.35386782686242491 ) ) ;
#3232 = ORIENTED_EDGE ( 'NONE', *, *, #1190, .T. ) ;
#3233 = CARTESIAN_POINT ( 'NONE',  ( 2.023758546002307313, 19.35469250434424993, 13.85405657782101940 ) ) ;
#3234 = CARTESIAN_POINT ( 'NONE',  ( -2.719080137555488719, 38.69681786117142508, 13.16472066193718859 ) ) ;
#3235 = CARTESIAN_POINT ( 'NONE',  ( -12.42203472655949525, 35.88298954527591889, -4.805634638705523543 ) ) ;
#3236 = CARTESIAN_POINT ( 'NONE',  ( -13.94044318816517780, 19.14241074256884190, -1.303051518682579291 ) ) ;
#3237 = CARTESIAN_POINT ( 'NONE',  ( -11.08878998061427090, 23.83372450568210255, -4.966530246183456399 ) ) ;
#3238 = CARTESIAN_POINT ( 'NONE',  ( -12.33702870230380455, 24.08307934486778734, -4.983264626890287374 ) ) ;
#3239 = EDGE_CURVE ( 'NONE', #6617, #803, #1922, .T. ) ;
#3240 = CARTESIAN_POINT ( 'NONE',  ( 4.437617773995269133, 22.19601973811741402, -12.58659725602660728 ) ) ;
#3241 = CARTESIAN_POINT ( 'NONE',  ( 5.629045868437812850, 23.59484595325283962, 12.81855921369412954 ) ) ;
#3242 = DIRECTION ( 'NONE',  ( 0.000000000000000000, 0.000000000000000000, -1.000000000000000000 ) ) ;
#3243 = CARTESIAN_POINT ( 'NONE',  ( -7.499999999999994671, 4.999999999999997335, -11.82159041753689088 ) ) ;
#3244 = CARTESIAN_POINT ( 'NONE',  ( 4.989584202000878044, 24.16687222552559078, -12.33393433899859915 ) ) ;
#3245 = LINE ( 'NONE', #2234, #950 ) ;
#3246 = CARTESIAN_POINT ( 'NONE',  ( -4.498273743619916942, 22.31661082844124522, 12.56052950981440830 ) ) ;
#3247 = CARTESIAN_POINT ( 'NONE',  ( 13.47574128482746580, 39.14506080986138414, 1.850363016512865721 ) ) ;
#3248 = CARTESIAN_POINT ( 'NONE',  ( -4.201821230908712401, 37.21150148942880520, 12.68425347626523525 ) ) ;
#3249 = EDGE_CURVE ( 'NONE', #4776, #772, #3792, .T. ) ;
#3250 = ORIENTED_EDGE ( 'NONE', *, *, #290, .T. ) ;
#3251 = CARTESIAN_POINT ( 'NONE',  ( -12.81209070266399408, 37.66876260337225091, 3.867683513303405096 ) ) ;
#3252 = CARTESIAN_POINT ( 'NONE',  ( 13.34086537839013609, 37.67874317233360415, -4.245499367874676189 ) ) ;
#3253 = CARTESIAN_POINT ( 'NONE',  ( 13.31686150314899386, 20.29795417009139769, 2.711112597065033381 ) ) ;
#3254 = CARTESIAN_POINT ( 'NONE',  ( -3.161425675344573083, 20.62630557407314313, -13.04440936236549042 ) ) ;
#3255 = CARTESIAN_POINT ( 'NONE',  ( -3.023322884259294518, 19.83537227569943084, -13.66989858999155061 ) ) ;
#3256 = CARTESIAN_POINT ( 'NONE',  ( 12.97214379263769146, 21.44860847516787672, 3.961760138695822331 ) ) ;
#3257 = CARTESIAN_POINT ( 'NONE',  ( 13.22047292263776619, 38.41168077007009174, 3.115334545966266688 ) ) ;
#3258 = CARTESIAN_POINT ( 'NONE',  ( -11.07350441368946470, 24.50000000000000000, -4.999999999999996447 ) ) ;
#3259 = EDGE_LOOP ( 'NONE', ( #5730, #4058, #5839, #413 ) ) ;
#3260 = CARTESIAN_POINT ( 'NONE',  ( -2.217311639004518220, 38.98221318510687894, -13.27809444955538787 ) ) ;
#3261 = CARTESIAN_POINT ( 'NONE',  ( -4.462181413903455685, 37.92689523547583264, -13.26999340780636238 ) ) ;
#3262 = CARTESIAN_POINT ( 'NONE',  ( -4.363776925323199052, 22.05886866554117276, 12.61780855713344351 ) ) ;
#3263 = CARTESIAN_POINT ( 'NONE',  ( 6.721878217039953363, 9.861935182651375698, -10.12381232982918888 ) ) ;
#3264 = CARTESIAN_POINT ( 'NONE',  ( -12.94442013425849503, 22.54303724171793988, -5.333661501374530545 ) ) ;
#3265 = CARTESIAN_POINT ( 'NONE',  ( 12.57758869037424887, 34.66582549998696550, -4.997941217101970146 ) ) ;
#3266 = CARTESIAN_POINT ( 'NONE',  ( -12.90663316725192722, 36.20363813482848769, 5.423995063349233980 ) ) ;
#3267 = CARTESIAN_POINT ( 'NONE',  ( -4.550822742738083626, 36.57758583021586674, -11.26574850964544794 ) ) ;
#3268 = EDGE_LOOP ( 'NONE', ( #7112, #5477, #4173, #4893 ) ) ;
#3269 = CARTESIAN_POINT ( 'NONE',  ( -5.946557713996974748, 11.07674314186272468, -12.67543837723409439 ) ) ;
#3270 = CARTESIAN_POINT ( 'NONE',  ( 13.24134340997886916, 37.25750444377840864, 4.546325442623021296 ) ) ;
#3271 = CARTESIAN_POINT ( 'NONE',  ( -13.10263265623421169, 37.26344542768691070, 4.931696440389167435 ) ) ;
#3272 = CARTESIAN_POINT ( 'NONE',  ( -12.81209070266856465, 21.33123739661141727, -3.867683513290021136 ) ) ;
#3273 = ADVANCED_FACE ( 'NONE', ( #738 ), #4234, .T. ) ;
#3274 = CARTESIAN_POINT ( 'NONE',  ( 3.838996740875059821, 21.29637042403944847, -12.82254934727829010 ) ) ;
#3275 = CARTESIAN_POINT ( 'NONE',  ( 0.7556468484564515808, 19.04773160272526411, 13.97990102065496387 ) ) ;
#3276 = EDGE_CURVE ( 'NONE', #20, #5120, #587, .T. ) ;
#3277 = FACE_OUTER_BOUND ( 'NONE', #5777, .T. ) ;
#3278 = CARTESIAN_POINT ( 'NONE',  ( -4.464326232005129569, 37.92431106190271350, 13.26927361248401560 ) ) ;
#3279 = CARTESIAN_POINT ( 'NONE',  ( 3.911652942236477859, 21.38464042463609260, -12.79606528306284474 ) ) ;
#3280 = DIRECTION ( 'NONE',  ( -2.602085213965210149E-16, 1.000000000000000000, 0.000000000000000000 ) ) ;
#3281 = CARTESIAN_POINT ( 'NONE',  ( -3.867683513334265299, 21.33123739666534391, 12.81209070265303396 ) ) ;
#3282 = CARTESIAN_POINT ( 'NONE',  ( 13.12143241314428010, 38.09109292695864468, 3.479210996424691338 ) ) ;
#3283 = CARTESIAN_POINT ( 'NONE',  ( -5.000000000000007105, 34.49999999999998579, 12.32882846293108159 ) ) ;
#3284 = ORIENTED_EDGE ( 'NONE', *, *, #4626, .F. ) ;
#3285 = CARTESIAN_POINT ( 'NONE',  ( -13.41347779378322258, 39.30370817501627556, -1.387849626091219868 ) ) ;
#3286 = CARTESIAN_POINT ( 'NONE',  ( 13.61464634012897434, 38.63377245560857887, -3.265087854241999654 ) ) ;
#3287 = EDGE_CURVE ( 'NONE', #3450, #3006, #256, .T. ) ;
#3288 = CARTESIAN_POINT ( 'NONE',  ( 13.09797424020228718, 20.98873270453609763, 3.559649463359942256 ) ) ;
#3289 = CARTESIAN_POINT ( 'NONE',  ( -3.503917043763178363, 20.93311135180215032, -12.93809792125689917 ) ) ;
#3290 = CARTESIAN_POINT ( 'NONE',  ( -2.864371766497094463, 19.74300992945325106, -13.70408635373658157 ) ) ;
#3291 = CARTESIAN_POINT ( 'NONE',  ( 12.57759832473869466, 24.33333279983137132, 4.997912635497144151 ) ) ;
#3292 = CARTESIAN_POINT ( 'NONE',  ( 12.67846361731223936, 36.03919234682312833, 4.757373122503145702 ) ) ;
#3293 = CARTESIAN_POINT ( 'NONE',  ( 0.6649117265971981050, 39.46646934535271356, 12.13609498509233298 ) ) ;
#3294 = ORIENTED_EDGE ( 'NONE', *, *, #6814, .F. ) ;
#3295 = AXIS2_PLACEMENT_3D ( 'NONE', #964, #2115, #6671 ) ;
#3296 = CARTESIAN_POINT ( 'NONE',  ( 3.520103013722931440, 38.05091594535789312, -12.93278110550067339 ) ) ;
#3297 = CARTESIAN_POINT ( 'NONE',  ( 4.675266985663463437, 36.27443790146354985, -12.48209869952356499 ) ) ;
#3298 = CARTESIAN_POINT ( 'NONE',  ( -2.850616527814581413, 20.39140547657298796, 13.13100570689688418 ) ) ;
#3299 = CARTESIAN_POINT ( 'NONE',  ( 13.04980949681215385, 22.80771845933028885, 5.070061086812944318 ) ) ;
#3300 = CARTESIAN_POINT ( 'NONE',  ( 18.50000000000000000, 4.000000000000000000, 2.250000000000015987 ) ) ;
#3301 = CARTESIAN_POINT ( 'NONE',  ( -12.68547047897270019, 21.78390908509325996, 4.198745285886907652 ) ) ;
#3302 = CARTESIAN_POINT ( 'NONE',  ( -12.78545152826161768, 24.50000000000001421, 5.703703114510133787 ) ) ;
#3303 = CARTESIAN_POINT ( 'NONE',  ( -13.44576837600041053, 38.51499219138732144, 3.902544698407306445 ) ) ;
#3304 = VECTOR ( 'NONE', #2331, 1000.000000000000000 ) ;
#3305 = CARTESIAN_POINT ( 'NONE',  ( -12.39261419211215909, 23.35776886757527393, 4.867952758516842060 ) ) ;
#3306 = VERTEX_POINT ( 'NONE', #5329 ) ;
#3307 = CARTESIAN_POINT ( 'NONE',  ( -5.479124338287452822, 11.62705568664249434, -12.88459145506222114 ) ) ;
#3308 = CARTESIAN_POINT ( 'NONE',  ( 13.98845290418556608, 39.68006850443114786, -0.5702189998647130276 ) ) ;
#3309 = CARTESIAN_POINT ( 'NONE',  ( -13.15674636991162139, 37.49360159244756119, 4.785711917034048746 ) ) ;
#3310 = CARTESIAN_POINT ( 'NONE',  ( -13.25059780402321685, 21.14354763747588706, -4.519408104712919538 ) ) ;
#3311 = CARTESIAN_POINT ( 'NONE',  ( 5.426944984505204239, 36.19489218353974280, -12.90539287117091760 ) ) ;
#3312 = CARTESIAN_POINT ( 'NONE',  ( -12.32984480898545776, 24.33399340787731902, -4.997936797311804291 ) ) ;
#3313 = CARTESIAN_POINT ( 'NONE',  ( 3.815211615198036643, 21.26800626566461005, -12.83115048372814115 ) ) ;
#3314 = CARTESIAN_POINT ( 'NONE',  ( 3.256440451767194766, 19.98430022689370844, 13.61606148701394403 ) ) ;
#3315 = CARTESIAN_POINT ( 'NONE',  ( -7.499999999999990230, 3.499999999999985789, 19.84313483298444325 ) ) ;
#3316 = CARTESIAN_POINT ( 'NONE',  ( -4.980485467394964338, 37.18195414254307707, 13.08422580486367259 ) ) ;
#3317 = CARTESIAN_POINT ( 'NONE',  ( 4.731022369583770093, 22.87392357095719220, -12.45674072909407926 ) ) ;
#3318 = CARTESIAN_POINT ( 'NONE',  ( 1.304117590817848393, 39.85737050551930594, -13.94035396120610493 ) ) ;
#3319 = CARTESIAN_POINT ( 'NONE',  ( -13.99221015635442456, 39.98154221319881430, -0.4761945032301589942 ) ) ;
#3320 = CARTESIAN_POINT ( 'NONE',  ( 2.779301302195524404, 20.34361097757903991, 13.14927442024650794 ) ) ;
#3321 = CARTESIAN_POINT ( 'NONE',  ( 13.30792843375263423, 38.67566756895943314, 2.750318211689961156 ) ) ;
#3322 = CARTESIAN_POINT ( 'NONE',  ( -4.143558834754951903, 37.29839264290031764, 12.70729970934502440 ) ) ;
#3323 = CARTESIAN_POINT ( 'NONE',  ( 1.999132676454184132, 39.08369846579643792, 13.31996301984297482 ) ) ;
#3324 = VECTOR ( 'NONE', #4696, 1000.000000000000227 ) ;
#3325 = CARTESIAN_POINT ( 'NONE',  ( -13.03672044759634652, 38.35223798972686637, 3.187519598964427825 ) ) ;
#3326 = CARTESIAN_POINT ( 'NONE',  ( 7.499999999999992006, 6.500000000000012434, 9.558896379812898303 ) ) ;
#3327 = CARTESIAN_POINT ( 'NONE',  ( 13.58654915843944977, 19.56653391894462857, 0.8171459113298127352 ) ) ;
#3328 = CARTESIAN_POINT ( 'NONE',  ( -1.218150705172926118, 19.12670737135038834, -13.94697973370184663 ) ) ;
#3329 = CARTESIAN_POINT ( 'NONE',  ( -12.48103615137461730, 24.50000000000000711, 5.234567704836711854 ) ) ;
#3330 = AXIS2_PLACEMENT_3D ( 'NONE', #488, #4450, #1601 ) ;
#3331 = CARTESIAN_POINT ( 'NONE',  ( 13.49322107470048415, 39.19158184757608865, -1.729377538529001557 ) ) ;
#3332 = LINE ( 'NONE', #7190, #4036 ) ;
#3333 = ORIENTED_EDGE ( 'NONE', *, *, #5933, .T. ) ;
#3334 = EDGE_CURVE ( 'NONE', #3793, #2552, #2438, .T. ) ;
#3335 = CARTESIAN_POINT ( 'NONE',  ( 1.387849626157250604, 39.30370817499704117, -13.41347779377587557 ) ) ;
#3336 = CARTESIAN_POINT ( 'NONE',  ( 4.366010438661026782, 36.93814034119378675, -12.61693223441079326 ) ) ;
#3337 = CARTESIAN_POINT ( 'NONE',  ( -2.221969527786577192, 20.02009472017414993, 13.27715620654397455 ) ) ;
#3338 = CARTESIAN_POINT ( 'NONE',  ( 13.53813665716877956, 20.61231227622088369, 3.566508221829910230 ) ) ;
#3339 = CARTESIAN_POINT ( 'NONE',  ( -12.84263088824931032, 35.67062650294248272, -5.573798846018060082 ) ) ;
#3340 = CARTESIAN_POINT ( 'NONE',  ( -12.77667996410932361, 21.45103343147544805, 3.963644716955031289 ) ) ;
#3341 = CARTESIAN_POINT ( 'NONE',  ( 12.68916598869045131, 36.11967989648662325, -4.731095318589973786 ) ) ;
#3342 = VECTOR ( 'NONE', #4560, 1000.000000000000000 ) ;
#3343 = CARTESIAN_POINT ( 'NONE',  ( -5.000000000000009770, 34.49999999999998579, -11.07350441368945759 ) ) ;
#3344 = ORIENTED_EDGE ( 'NONE', *, *, #2582, .T. ) ;
#3345 = CARTESIAN_POINT ( 'NONE',  ( -5.234567704836729618, 24.50000000000000711, 12.48103615137458533 ) ) ;
#3346 = VECTOR ( 'NONE', #5760, 1000.000000000000114 ) ;
#3347 = CARTESIAN_POINT ( 'NONE',  ( 4.867952758520709189, 23.35776886759186155, 12.39261419211051596 ) ) ;
#3348 = CARTESIAN_POINT ( 'NONE',  ( 13.64582434854905202, 38.72867083729038740, 3.129348051609066150 ) ) ;
#3349 = CARTESIAN_POINT ( 'NONE',  ( -13.45268050123683956, 39.39346618586255744, -1.027468082397415605 ) ) ;
#3350 = CARTESIAN_POINT ( 'NONE',  ( 5.703697540710761515, 34.68380381776611188, -12.78545144272252543 ) ) ;
#3351 = CARTESIAN_POINT ( 'NONE',  ( -12.70282834712855546, 21.71843459011590838, -4.154873143105250577 ) ) ;
#3352 = CARTESIAN_POINT ( 'NONE',  ( -5.333661501374564295, 22.54303724171791146, 12.94442013425848259 ) ) ;
#3353 = DIRECTION ( 'NONE',  ( -1.206107350727848108E-16, 0.000000000000000000, 1.000000000000000000 ) ) ;
#3354 = CARTESIAN_POINT ( 'NONE',  ( -3.023322884259310950, 39.16462772430057981, 13.66989858999155416 ) ) ;
#3355 = CARTESIAN_POINT ( 'NONE',  ( 4.825236483681763389, 23.18704311694936138, -12.41282736075850046 ) ) ;
#3356 = CARTESIAN_POINT ( 'NONE',  ( 2.534657739145537825, 39.43033711790703677, -13.76964969395398697 ) ) ;
#3357 = CARTESIAN_POINT ( 'NONE',  ( 0.1703400655483091330, 19.50021003658981655, 13.49990682353430671 ) ) ;
#3358 = CARTESIAN_POINT ( 'NONE',  ( 13.53617265841469930, 39.30420339237586802, 1.386134018073297058 ) ) ;
#3359 = CARTESIAN_POINT ( 'NONE',  ( -12.32882846293113488, 24.50000000000000000, -5.000000000000000000 ) ) ;
#3360 = CARTESIAN_POINT ( 'NONE',  ( -13.35503419095802613, 39.16722618594894811, -1.794436175702580405 ) ) ;
#3361 = CARTESIAN_POINT ( 'NONE',  ( 12.94919270031543945, 35.19229104654562690, -5.322050339439906352 ) ) ;
#3362 = CARTESIAN_POINT ( 'NONE',  ( 13.19769430813025046, 20.66013835847472535, 3.202429371538995095 ) ) ;
#3363 = CARTESIAN_POINT ( 'NONE',  ( -0.6626552606837904369, 19.03649825695844910, -13.98461992168038748 ) ) ;
#3364 = CARTESIAN_POINT ( 'NONE',  ( 12.62609324499507935, 23.42835543587249347, 4.883981607671649350 ) ) ;
#3365 = CARTESIAN_POINT ( 'NONE',  ( 13.51883894195912639, 39.25906743564060264, -1.535574464209137346 ) ) ;
#3366 = B_SPLINE_CURVE_WITH_KNOTS ( 'NONE', 3,
 ( #4529, #6795, #6952, #3998, #5167, #49, #6391, #723, #4605, #640, #6275, #5134, #3392, #1678, #5792, #5244, #1157, #6868, #3963, #6239, #3429, #6835, #5715, #1796, #126, #2346, #5677, #5753, #1237, #4034, #6312, #4646, #3505, #6354, #565, #2388, #1196, #2833, #15, #5833, #2273, #1271, #3465, #680, #88, #2902, #3543, #5205, #6909, #1873, #3162, #6496, #1306, #1378, #4186, #7132, #1978, #4797, #3051, #4256, #4148, #5974, #5382, #2011, #6462, #165, #3689, #759, #6427, #858, #819, #3129, #199, #4293, #5872, #2456, #6527, #1453, #1412, #4760, #5417, #5316, #4219, #3018, #309, #3582, #6566, #3652, #7025, #1342, #3618, #241, #3727, #2422, #5936, #2558, #5901, #4863, #3091, #275, #6991, #7064, #2526, #6010, #787, #5348, #2489, #1941, #4831, #891, #7098, #4724, #5464, #4345, #6616, #2648, #1496, #3777, #5988, #1464, #2063, #834, #4233, #254, #2096, #4917, #6058, #287, #1427, #1356, #4380, #3106, #5396, #2538, #6507, #1954, #7077, #6541, #5360, #1391, #3068, #4843, #3741, #359, #2609, #2504, #943, #3668, #4810, #5953, #4953, #870, #3631, #7182, #7111, #1989, #3210, #4271, #5500, #7215, #3703, #5916, #3140, #801, #7146, #5430, #322, #2570, #2025, #4877, #4307, #6581, #6023, #904, #3175, #5681, #3322, #4419, #3248, #6689, #6727, #2278, #983, #2762, #1015, #496, #6761, #4492, #7326, #429, #6169, #5067, #1683, #2133, #460, #5026, #1607, #1571, #4533, #2202, #2683, #6651, #3967, #6134, #7286, #2168, #1124, #19, #3891, #1643, #3283 ),
 .UNSPECIFIED., .F., .F.,
 ( 4, 2, 2, 1, 2, 2, 1, 1, 2, 2, 2, 1, 2, 2, 2, 1, 1, 2, 2, 2, 1, 1, 2, 2, 2, 1, 1, 1, 2, 2, 2, 1, 2, 2, 1, 1, 2, 2, 2, 1, 1, 1, 2, 2, 2, 1, 1, 2, 2, 2, 1, 2, 2, 2, 1, 2, 2, 1, 2, 2, 1, 2, 2, 2, 2, 2, 2, 2, 2, 1, 2, 2, 1, 1, 2, 2, 2, 1, 2, 2, 2, 1, 1, 2, 2, 2, 1, 1, 2, 2, 1, 1, 1, 2, 2, 2, 1, 2, 2, 2, 1, 1, 2, 2, 2, 1, 1, 2, 2, 2, 1, 1, 2, 2, 2, 1, 2, 2, 2, 2, 2, 1, 2, 2, 2, 2, 4 ),
 ( 0.000000000000000000, 0.01562500000003663389, 0.03125000000007326778, 0.04687500000010989820, 0.05468750000012821688, 0.06250000000014653556, 0.07812500000018451907, 0.08593750000020287938, 0.08984375000021144198, 0.09375000000022000457, 0.1093750000002554901, 0.1171875000002732675, 0.1210937500002827183, 0.1250000000002921552, 0.1406250000003313461, 0.1484375000003509415, 0.1523437500003602119, 0.1542968750003642919, 0.1562500000003683720, 0.1718750000003955447, 0.1796875000004092005, 0.1835937500004160561, 0.1855468750004190259, 0.1875000000004219680, 0.2031250000004445055, 0.2109375000004552470, 0.2148437500004610756, 0.2167968750004635459, 0.2177734375004647949, 0.2187500000004660161, 0.2265625000004676537, 0.2304687500004684586, 0.2324218750004688749, 0.2343750000004692913, 0.2421875000004710399, 0.2460937500004718448, 0.2480468750004722334, 0.2500000000004726219, 0.2656250000004746203, 0.2734375000004755640, 0.2773437500004755640, 0.2792968750004760081, 0.2802734375004758416, 0.2812500000004756195, 0.2968750000004699019, 0.3046875000004666822, 0.3085937500004646838, 0.3105468750004636291, 0.3125000000004626299, 0.3281250000004501954, 0.3359375000004442557, 0.3398437500004412026, 0.3437500000004381495, 0.3593750000004266587, 0.3671875000004209966, 0.3710937500004178324, 0.3750000000004146128, 0.3906250000004019562, 0.3984375000003956280, 0.4062500000003892997, 0.4218750000003762546, 0.4296875000003699263, 0.4375000000003635980, 0.4531250000003506639, 0.4687500000003377298, 0.5000000000003118616, 0.5312500000002859935, 0.5468750000002731149, 0.5625000000002602363, 0.5781250000002473577, 0.5859375000002408074, 0.5937500000002342571, 0.6093750000002210454, 0.6171875000002147171, 0.6210937500002114975, 0.6250000000002083889, 0.6406250000001948441, 0.6484375000001880718, 0.6523437500001844080, 0.6562500000001808553, 0.6718750000001648681, 0.6796875000001568745, 0.6835937500001530998, 0.6855468750001512124, 0.6875000000001494360, 0.7031250000001389999, 0.7109375000001337819, 0.7148437500001315614, 0.7167968750001308953, 0.7187500000001303402, 0.7265625000001295630, 0.7304687500001286748, 0.7324218750001282308, 0.7333984375001281197, 0.7343750000001280087, 0.7421875000001271205, 0.7460937500001261213, 0.7480468750001256772, 0.7500000000001252332, 0.7656250000001278977, 0.7734375000001292300, 0.7773437500001298961, 0.7792968750001301181, 0.7812500000001303402, 0.7968750000001282308, 0.8046875000001271205, 0.8085937500001261213, 0.8105468750001255662, 0.8125000000001250111, 0.8281250000001206812, 0.8359375000001191269, 0.8398437500001183498, 0.8417968750001173506, 0.8437500000001163514, 0.8593750000001078027, 0.8671875000001030287, 0.8710937500001006972, 0.8750000000000982547, 0.8906250000000855982, 0.8984375000000787148, 0.9062500000000718314, 0.9218750000000579536, 0.9296875000000516254, 0.9375000000000452971, 0.9531250000000339728, 0.9687500000000226485, 1.000000000000000000 ),
 .UNSPECIFIED. ) ;
#3367 = CARTESIAN_POINT ( 'NONE',  ( 13.99991777728337006, 19.29073295130967836, -0.1841457061414630281 ) ) ;
#3368 = EDGE_CURVE ( 'NONE', #6509, #3751, #4311, .T. ) ;
#3369 = ORIENTED_EDGE ( 'NONE', *, *, #2551, .F. ) ;
#3370 = CARTESIAN_POINT ( 'NONE',  ( 4.080777180978273577, 37.38959575836118887, -12.73191184160015865 ) ) ;
#3371 = CARTESIAN_POINT ( 'NONE',  ( -4.785711917034085161, 37.49360159244758250, -13.15674636991161073 ) ) ;
#3372 = CARTESIAN_POINT ( 'NONE',  ( -4.550245928475918689, 22.42113937268589297, 12.53805450426572676 ) ) ;
#3373 = CARTESIAN_POINT ( 'NONE',  ( 13.59766368039761453, 20.42063565370742850, 3.332385116305045525 ) ) ;
#3374 = EDGE_CURVE ( 'NONE', #6378, #4465, #3960, .T. ) ;
#3375 = CARTESIAN_POINT ( 'NONE',  ( -12.88210987413219399, 36.02128836776783061, -5.481982651196864786 ) ) ;
#3376 = CARTESIAN_POINT ( 'NONE',  ( -13.35839345172301407, 19.82451876022777171, 1.779421692120399801 ) ) ;
#3377 = DIRECTION ( 'NONE',  ( -0.000000000000000000, 1.000000000000000000, -0.000000000000000000 ) ) ;
#3378 = VERTEX_POINT ( 'NONE', #6236 ) ;
#3379 = DIRECTION ( 'NONE',  ( 0.000000000000000000, -1.000000000000000000, 0.000000000000000000 ) ) ;
#3380 = CARTESIAN_POINT ( 'NONE',  ( 4.444637833536297933, 22.20818341576682542, 12.58367752227980141 ) ) ;
#3381 = EDGE_CURVE ( 'NONE', #5268, #37, #1117, .T. ) ;
#3382 = CARTESIAN_POINT ( 'NONE',  ( -13.32778963560510377, 20.87058512495781315, 4.286517685944709832 ) ) ;
#3383 = CARTESIAN_POINT ( 'NONE',  ( 13.63766099902045070, 38.70370250253358790, 3.164726747263039375 ) ) ;
#3384 = CARTESIAN_POINT ( 'NONE',  ( -13.49917357653230532, 39.49815648544491609, 0.1591033311401622852 ) ) ;
#3385 = DIRECTION ( 'NONE',  ( -0.000000000000000000, -0.000000000000000000, 1.000000000000000000 ) ) ;
#3386 = CARTESIAN_POINT ( 'NONE',  ( 3.332525600356669671, 38.96378586108294684, -13.59763959100849107 ) ) ;
#3387 = CARTESIAN_POINT ( 'NONE',  ( -12.37316557603892520, 23.54779924261691804, -4.908659418208442204 ) ) ;
#3388 = CARTESIAN_POINT ( 'NONE',  ( -3.797799817676497547, 20.39627562379222780, 13.47508796812852161 ) ) ;
#3389 = CARTESIAN_POINT ( 'NONE',  ( 4.738585594592541916, 22.87174675383000988, -11.18868245310071075 ) ) ;
#3390 = CARTESIAN_POINT ( 'NONE',  ( 12.57669683062196242, 24.50000000000000000, -5.000000000000000000 ) ) ;
#3391 = CARTESIAN_POINT ( 'NONE',  ( -4.521490543381639249, 37.85386293429113636, 13.24989011440863784 ) ) ;
#3392 = CARTESIAN_POINT ( 'NONE',  ( 4.820274282125350140, 35.82965515269994228, 12.41515212020776460 ) ) ;
#3393 = CARTESIAN_POINT ( 'NONE',  ( -13.03079414852301987, 22.05152908139431034, 5.120752947535081034 ) ) ;
#3394 = CARTESIAN_POINT ( 'NONE',  ( -1.845115717922283904, 19.85213553388813068, 13.34683969040289320 ) ) ;
#3395 = CARTESIAN_POINT ( 'NONE',  ( 13.15701093410659794, 38.20901688280120823, 3.353091598722477418 ) ) ;
#3396 = DIRECTION ( 'NONE',  ( 0.000000000000000000, 0.000000000000000000, 1.000000000000000000 ) ) ;
#3397 = CARTESIAN_POINT ( 'NONE',  ( -0.6624177602565559653, 39.45660806407619248, 13.48061906389667186 ) ) ;
#3398 = B_SPLINE_CURVE_WITH_KNOTS ( 'NONE', 3,
 ( #5127, #3498, #5, #1708, #2264, #3991, #1446, #1936, #3124, #6457, #236, #6984, #3684, #886, #1301, #5413, #3012, #4755, #5866, #5344, #7020, #1407, #2485, #3614, #4826, #5969, #4251, #1338, #304, #4792, #4215, #3648, #3723, #5930, #814, #853, #3085, #7094, #2554, #1974, #4287, #6560, #6005, #1590, #411, #4473, #2184, #3758, #3303, #4327, #5587, #2078, #1031, #999, #1554, #4896, #6597, #962, #5552, #4441, #3266, #3796, #2665, #3192, #478, #3836, #1479, #2151 ),
 .UNSPECIFIED., .F., .F.,
 ( 4, 2, 2, 2, 2, 2, 2, 2, 2, 2, 2, 2, 2, 2, 2, 2, 2, 2, 2, 2, 2, 2, 2, 2, 2, 2, 2, 2, 2, 2, 2, 2, 2, 4 ),
 ( 0.000000000000000000, 0.03125000000000066613, 0.06250000000000133227, 0.09375000000000199840, 0.1093750000000022898, 0.1250000000000025813, 0.1875000000000017486, 0.2031250000000016931, 0.2187500000000016376, 0.2500000000000015543, 0.2812500000000014433, 0.3125000000000013323, 0.3437500000000012212, 0.3750000000000011102, 0.4062500000000009992, 0.4375000000000008882, 0.4687500000000008327, 0.5000000000000007772, 0.5625000000000006661, 0.5937500000000006661, 0.6250000000000006661, 0.6562500000000006661, 0.6875000000000006661, 0.7187500000000006661, 0.7500000000000006661, 0.7812500000000005551, 0.7968750000000001110, 0.8124999999999996669, 0.8749999999999995559, 0.8906249999999994449, 0.9062499999999993339, 0.9218749999999992228, 0.9374999999999991118, 1.000000000000000000 ),
 .UNSPECIFIED. ) ;
#3399 = CARTESIAN_POINT ( 'NONE',  ( -13.48552442851639732, 39.46761925310553210, 0.5741885885609190332 ) ) ;
#3400 = CARTESIAN_POINT ( 'NONE',  ( -5.703703114510168426, 24.50000000000001421, 12.78545152826160347 ) ) ;
#3401 = CARTESIAN_POINT ( 'NONE',  ( 13.15375556214464936, 20.80163562564366941, 3.364835687497959693 ) ) ;
#3402 = CARTESIAN_POINT ( 'NONE',  ( -4.839440520763497844, 23.23840767285570408, -12.40615633511972682 ) ) ;
#3403 = CARTESIAN_POINT ( 'NONE',  ( 5.703703114510180860, 24.50000000000000711, -12.78545152826159992 ) ) ;
#3404 = CARTESIAN_POINT ( 'NONE',  ( 12.58385155655167864, 24.08449953946211863, 4.983397382625333272 ) ) ;
#3405 = CARTESIAN_POINT ( 'NONE',  ( 13.47663517783714937, 39.14746134708002501, -1.844667339179844268 ) ) ;
#3406 = CARTESIAN_POINT ( 'NONE',  ( 13.20840581498122290, 21.88263208698063877, -4.645428924155309502 ) ) ;
#3407 = EDGE_LOOP ( 'NONE', ( #6078, #6188, #4049, #3622 ) ) ;
#3408 = CARTESIAN_POINT ( 'NONE',  ( 3.010043406596237148, 38.49265517020771910, -13.08770708901013080 ) ) ;
#3409 = CARTESIAN_POINT ( 'NONE',  ( -1.614915759334836887, 39.23273802675884525, -13.38289089555150468 ) ) ;
#3410 = ADVANCED_FACE ( 'NONE', ( #5131 ), #12, .T. ) ;
#3411 = CARTESIAN_POINT ( 'NONE',  ( -4.937843757787904408, 23.71296006057075800, 12.35910525360218770 ) ) ;
#3412 = CARTESIAN_POINT ( 'NONE',  ( 13.58927408719361374, 20.44714814171045347, 3.366428420092792528 ) ) ;
#3413 = CARTESIAN_POINT ( 'NONE',  ( -12.96557111954844288, 20.85124019833673259, -3.419523776627218847 ) ) ;
#3414 = CARTESIAN_POINT ( 'NONE',  ( -5.000000000000007105, 34.49999999999998579, -12.32882846293106915 ) ) ;
#3415 = ORIENTED_EDGE ( 'NONE', *, *, #2966, .T. ) ;
#3416 = CARTESIAN_POINT ( 'NONE',  ( 13.07135693302426560, 21.08132010635421238, 3.648678653546409301 ) ) ;
#3417 = CARTESIAN_POINT ( 'NONE',  ( 4.598940812197676031, 22.53782541336162382, 12.51632130456456160 ) ) ;
#3418 = CONICAL_SURFACE ( 'NONE', #7014, 14.99999999999998401, 0.7853981633974500554 ) ;
#3419 = CARTESIAN_POINT ( 'NONE',  ( -12.90539287117093004, 22.80510781646029983, 5.426944984505166047 ) ) ;
#3420 = CARTESIAN_POINT ( 'NONE',  ( 13.99995842595311402, 39.70937190164106312, 0.09468549680929320977 ) ) ;
#3421 = CARTESIAN_POINT ( 'NONE',  ( -13.49995197187731755, 39.49989233720859261, -0.08885227179066841618 ) ) ;
#3422 = CARTESIAN_POINT ( 'NONE',  ( -11.14688233276758034, 35.81743900835032690, 4.834738894693339617 ) ) ;
#3423 = CARTESIAN_POINT ( 'NONE',  ( -0.3708736252890569296, 39.98855207649468468, -13.99516733005112101 ) ) ;
#3424 = ADVANCED_FACE ( 'NONE', ( #2305 ), #1268, .F. ) ;
#3425 = CARTESIAN_POINT ( 'NONE',  ( -4.098150232047096608, 20.67360811792331177, 13.38692652296025187 ) ) ;
#3426 = DIRECTION ( 'NONE',  ( 0.000000000000000000, -1.000000000000000000, 0.000000000000000000 ) ) ;
#3427 = CARTESIAN_POINT ( 'NONE',  ( 2.370679684033812684, 39.50565435681925663, 13.79892430899165134 ) ) ;
#3428 = CARTESIAN_POINT ( 'NONE',  ( -5.573798846018107156, 35.67062650294248272, 12.84263088824929078 ) ) ;
#3429 = CARTESIAN_POINT ( 'NONE',  ( 4.644550699247103509, 36.35164317171038562, 12.49592710254887784 ) ) ;
#3430 = FACE_OUTER_BOUND ( 'NONE', #7171, .T. ) ;
#3431 = CARTESIAN_POINT ( 'NONE',  ( 2.751414200969848789, 20.32509480423664172, 13.15636920600753079 ) ) ;
#3432 = CARTESIAN_POINT ( 'NONE',  ( 12.88970055625874167, 37.21069320310632378, 4.202341554057978712 ) ) ;
#3433 = CARTESIAN_POINT ( 'NONE',  ( 0.4083661419883172772, 39.48347065139626011, 13.49260249347824292 ) ) ;
#3434 = CARTESIAN_POINT ( 'NONE',  ( -13.14597342985909911, 38.64775131877173209, 2.792180702841125850 ) ) ;
#3435 = CARTESIAN_POINT ( 'NONE',  ( -5.505016931937206870, 23.05812925655440182, 12.87227329176088553 ) ) ;
#3436 = CARTESIAN_POINT ( 'NONE',  ( 13.17019397595491625, 20.74808757854552255, -3.305137635289942200 ) ) ;
#3437 = CARTESIAN_POINT ( 'NONE',  ( 4.098150232047106378, 20.67360811792331177, -13.38692652296025365 ) ) ;
#3438 = CARTESIAN_POINT ( 'NONE',  ( 3.762593316075609540, 37.80860304779452719, -11.55518111813051085 ) ) ;
#3439 = CARTESIAN_POINT ( 'NONE',  ( 13.18885706921118128, 38.31186796200643840, -3.235944199063416793 ) ) ;
#3440 = CARTESIAN_POINT ( 'NONE',  ( 12.93429919259551575, 34.67383736243745318, 5.357597215960493209 ) ) ;
#3441 = CARTESIAN_POINT ( 'NONE',  ( 13.93459602941456232, 19.45865666722237819, 1.395125155526191651 ) ) ;
#3442 = ORIENTED_EDGE ( 'NONE', *, *, #3053, .T. ) ;
#3443 = CARTESIAN_POINT ( 'NONE',  ( 2.295026805779049717, 38.94221634152022915, -13.26186817760173220 ) ) ;
#3444 = CARTESIAN_POINT ( 'NONE',  ( -2.221969527786577636, 38.97990527982585718, -13.27715620654397100 ) ) ;
#3445 = VECTOR ( 'NONE', #4580, 1000.000000000000000 ) ;
#3446 = CARTESIAN_POINT ( 'NONE',  ( -3.378678340318542528, 13.21389625746014396, 11.68009917261207242 ) ) ;
#3447 = CARTESIAN_POINT ( 'NONE',  ( 12.93854013963864524, 21.58297800674952427, -4.061733480695258081 ) ) ;
#3448 = CARTESIAN_POINT ( 'NONE',  ( -13.02201317247600620, 20.68901196767593120, -3.236979588150673326 ) ) ;
#3449 = LINE ( 'NONE', #5267, #5118 ) ;
#3450 = VERTEX_POINT ( 'NONE', #2940 ) ;
#3451 = CARTESIAN_POINT ( 'NONE',  ( 12.87885064738830465, 21.83778964806525735, 4.232703712715440325 ) ) ;
#3452 = AXIS2_PLACEMENT_3D ( 'NONE', #6564, #4901, #5346 ) ;
#3453 = CARTESIAN_POINT ( 'NONE',  ( -10.36363636363635621, 3.499999999999985789, -21.64705618143756638 ) ) ;
#3454 = CARTESIAN_POINT ( 'NONE',  ( 4.367017851377799964, 22.06383561414011041, -12.61649916012967232 ) ) ;
#3455 = CARTESIAN_POINT ( 'NONE',  ( -13.26927361248402448, 21.07568893809730426, 4.464326232005089601 ) ) ;
#3456 = CARTESIAN_POINT ( 'NONE',  ( 13.74043619699522445, 39.00960849376412654, -2.687908148725678181 ) ) ;
#3457 = CARTESIAN_POINT ( 'NONE',  ( -13.48061906389669851, 39.45660806407617827, -0.6624177602565434198 ) ) ;
#3458 = CARTESIAN_POINT ( 'NONE',  ( -11.35426811769431765, 37.01329442604079389, 4.325503508516873374 ) ) ;
#3459 = CARTESIAN_POINT ( 'NONE',  ( 1.854462693391151440, 39.70431840068648199, -13.87780853716197171 ) ) ;
#3460 = CARTESIAN_POINT ( 'NONE',  ( -13.16642807377994373, 20.29873831787248406, -2.712323981114376448 ) ) ;
#3461 = CARTESIAN_POINT ( 'NONE',  ( -5.396869404841501350, 22.71131608329201867, 12.91810128357446885 ) ) ;
#3462 = CARTESIAN_POINT ( 'NONE',  ( -24.00000000000000355, 24.50000000000000000, -5.000000000000000000 ) ) ;
#3463 = DIRECTION ( 'NONE',  ( 0.000000000000000000, -1.000000000000000000, 0.000000000000000000 ) ) ;
#3464 = CARTESIAN_POINT ( 'NONE',  ( 0.3234708200034718817, 39.99133866512736546, 13.99634306545853057 ) ) ;
#3465 = CARTESIAN_POINT ( 'NONE',  ( 3.957568217888352891, 37.55629289226610013, 12.77890952824391491 ) ) ;
#3466 = CYLINDRICAL_SURFACE ( 'NONE', #5027, 1.999999999999998224 ) ;
#3467 = ADVANCED_FACE ( 'NONE', ( #2269 ), #5241, .T. ) ;
#3468 = CARTESIAN_POINT ( 'NONE',  ( 1.794436175877760498, 19.83277381411900109, 13.35503419093218547 ) ) ;
#3469 = CARTESIAN_POINT ( 'NONE',  ( 12.65838020215687010, 35.88028299287310574, 4.806437112056573646 ) ) ;
#3470 = CARTESIAN_POINT ( 'NONE',  ( -5.951863565667008693, 11.08894621110508716, -10.59699756067863063 ) ) ;
#3471 = EDGE_LOOP ( 'NONE', ( #1510, #6652, #111, #551 ) ) ;
#3472 = CARTESIAN_POINT ( 'NONE',  ( -12.93809792140647730, 38.06688864864901234, -3.503917043304359158 ) ) ;
#3473 = CARTESIAN_POINT ( 'NONE',  ( -5.424430237716798331, 22.79765468006582196, 12.90645016869947526 ) ) ;
#3474 = CARTESIAN_POINT ( 'NONE',  ( 13.58616585654067599, 19.56750593843452535, -0.8229570499960606744 ) ) ;
#3475 = CARTESIAN_POINT ( 'NONE',  ( 18.50000000000000000, 0.000000000000000000, 1.750000000000000000 ) ) ;
#3476 = CARTESIAN_POINT ( 'NONE',  ( 5.504343272044753377, 23.05574755399270259, -12.87256149494084312 ) ) ;
#3477 = CARTESIAN_POINT ( 'NONE',  ( -1.831549036404752745E-13, 39.50000000000203926, -12.15000000000083702 ) ) ;
#3478 = ADVANCED_FACE ( 'NONE', ( #5096 ), #7355, .F. ) ;
#3479 = CARTESIAN_POINT ( 'NONE',  ( 13.58643440844235606, 39.43317006245361966, -0.8189276179494252572 ) ) ;
#3480 = CARTESIAN_POINT ( 'NONE',  ( 12.99733445715682301, 37.64797907598551063, -3.884640078686357967 ) ) ;
#3481 = CARTESIAN_POINT ( 'NONE',  ( 13.19505751612432576, 37.03914254651035520, 4.678927841200752447 ) ) ;
#3482 = CARTESIAN_POINT ( 'NONE',  ( 13.70969599873710720, 20.07946799426321149, -2.840122055876599827 ) ) ;
#3483 = B_SPLINE_CURVE_WITH_KNOTS ( 'NONE', 3,
 ( #1949, #4086, #6362, #3514 ),
 .UNSPECIFIED., .F., .F.,
 ( 4, 4 ),
 ( 0.000000000000000000, 1.000000000000000000 ),
 .UNSPECIFIED. ) ;
#3484 = ORIENTED_EDGE ( 'NONE', *, *, #2591, .T. ) ;
#3485 = CARTESIAN_POINT ( 'NONE',  ( 0.000000000000000000, 45.00000000000000000, -13.75000000000005862 ) ) ;
#3486 = CARTESIAN_POINT ( 'NONE',  ( 2.440414124868598211, 38.86474063228447307, -13.23065092072204330 ) ) ;
#3487 = CARTESIAN_POINT ( 'NONE',  ( -4.739453653875226102, 22.87379205951272354, -11.18832711823850978 ) ) ;
#3488 = CARTESIAN_POINT ( 'NONE',  ( -13.45268050123683956, 19.60653381413743190, 1.027468082397420046 ) ) ;
#3489 = CARTESIAN_POINT ( 'NONE',  ( 9.499999999999994671, 4.000000000000000000, -19.84313483298443970 ) ) ;
#3490 = VERTEX_POINT ( 'NONE', #2385 ) ;
#3491 = CARTESIAN_POINT ( 'NONE',  ( 12.97510804157055375, 21.43739884612560687, 3.952639054677358210 ) ) ;
#3492 = LINE ( 'NONE', #5087, #3342 ) ;
#3493 = CARTESIAN_POINT ( 'NONE',  ( 4.407415215640801520, 22.13890262102153983, -12.59942132553726601 ) ) ;
#3494 = EDGE_LOOP ( 'NONE', ( #3078, #4907, #7195, #1863 ) ) ;
#3495 = CARTESIAN_POINT ( 'NONE',  ( -13.61606148701396002, 19.98430022689372976, 3.256440451767162791 ) ) ;
#3496 = CARTESIAN_POINT ( 'NONE',  ( 12.95372042521554690, 35.19079411574025329, -5.310476711572055919 ) ) ;
#3497 = CARTESIAN_POINT ( 'NONE',  ( -13.16472066193721879, 38.69681786117145350, -2.719080137555463850 ) ) ;
#3498 = CARTESIAN_POINT ( 'NONE',  ( -12.78545357248214387, 34.68243054243058054, -5.703698532174428237 ) ) ;
#3499 = CARTESIAN_POINT ( 'NONE',  ( 4.099381769780388041, 38.32515787211003300, -13.38654822533801791 ) ) ;
#3500 = CARTESIAN_POINT ( 'NONE',  ( -13.48519778726387486, 19.53311705446887103, 0.5802737701390038305 ) ) ;
#3501 = CARTESIAN_POINT ( 'NONE',  ( -2.534690903196566758, 19.57210461988965022, 13.76890250540220251 ) ) ;
#3502 = DIRECTION ( 'NONE',  ( -1.206107350727848108E-16, 0.000000000000000000, -1.000000000000000000 ) ) ;
#3503 = CARTESIAN_POINT ( 'NONE',  ( -5.628941324162151538, 23.59420856811696865, -12.81860522274966918 ) ) ;
#3504 = CARTESIAN_POINT ( 'NONE',  ( 1.842200009237916269, 39.70601137759859967, 13.87855329219237888 ) ) ;
#3505 = CARTESIAN_POINT ( 'NONE',  ( 4.328197484462095623, 37.00467070979810558, 12.63270960128315323 ) ) ;
#3506 = CARTESIAN_POINT ( 'NONE',  ( 6.092146533675113496, 10.88112485969497101, 12.60588784447600297 ) ) ;
#3507 = CARTESIAN_POINT ( 'NONE',  ( 3.251515687423109480, 20.70124649176766951, 13.01766348033430098 ) ) ;
#3508 = CARTESIAN_POINT ( 'NONE',  ( -4.967480977681066001, 12.12426069434060594, -11.08997246900081635 ) ) ;
#3509 = CARTESIAN_POINT ( 'NONE',  ( 4.323240832646968457, 37.01222333411794807, 12.63468169852540690 ) ) ;
#3510 = ORIENTED_EDGE ( 'NONE', *, *, #513, .F. ) ;
#3511 = CARTESIAN_POINT ( 'NONE',  ( -12.66613266079778199, 37.14047635494554100, -4.246700769308600520 ) ) ;
#3512 = CARTESIAN_POINT ( 'NONE',  ( -4.943852596187324089, 21.73361237029077486, 13.09989799720727177 ) ) ;
#3513 = CARTESIAN_POINT ( 'NONE',  ( 13.09985363225140453, 20.98225979723819634, -3.553295779572686719 ) ) ;
#3514 = CARTESIAN_POINT ( 'NONE',  ( 5.000000000000007994, 24.50000000000000000, -12.32882846293107626 ) ) ;
#3515 = CARTESIAN_POINT ( 'NONE',  ( -4.325913785942435474, 21.99140537564661457, -12.63364745731743710 ) ) ;
#3516 = CARTESIAN_POINT ( 'NONE',  ( 4.837371801473669741, 35.80681136515295293, -11.14573164983105436 ) ) ;
#3517 = DIRECTION ( 'NONE',  ( -1.206107350727848108E-16, -0.000000000000000000, 1.000000000000000000 ) ) ;
#3518 = CARTESIAN_POINT ( 'NONE',  ( 12.78052551700338313, 36.68229646687987611, -4.498804541448659045 ) ) ;
#3519 = CARTESIAN_POINT ( 'NONE',  ( 13.00927288815645433, 35.85672456483251125, 5.172908357373840360 ) ) ;
#3520 = CARTESIAN_POINT ( 'NONE',  ( 13.14831455390052106, 22.18204537523346076, -4.810649446787032879 ) ) ;
#3521 = EDGE_CURVE ( 'NONE', #4670, #37, #4524, .T. ) ;
#3522 = CARTESIAN_POINT ( 'NONE',  ( 4.957140336658037327, 35.15841302855258022, -12.34976450109495261 ) ) ;
#3523 = CARTESIAN_POINT ( 'NONE',  ( 1.188814211917110342, 39.35679338391580728, -13.43658867178311489 ) ) ;
#3524 = CARTESIAN_POINT ( 'NONE',  ( -0.5802737701733209352, 19.53311705447229940, -13.48519778726230101 ) ) ;
#3525 = CARTESIAN_POINT ( 'NONE',  ( 1.831549028132946619E-13, 19.49999999999796074, -12.15000000000083524 ) ) ;
#3526 = CARTESIAN_POINT ( 'NONE',  ( 13.23665479672808587, 20.53826327327085366, -3.051436655008765708 ) ) ;
#3527 = CARTESIAN_POINT ( 'NONE',  ( -13.31996301984300146, 19.91630153420357985, -1.999132676454192792 ) ) ;
#3528 = DIRECTION ( 'NONE',  ( -0.000000000000000000, -0.000000000000000000, 1.000000000000000000 ) ) ;
#3529 = VERTEX_POINT ( 'NONE', #1835 ) ;
#3530 = CARTESIAN_POINT ( 'NONE',  ( 12.72353082832564297, 22.64999662297348593, 4.645204067075234811 ) ) ;
#3531 = CARTESIAN_POINT ( 'NONE',  ( -4.412969170202901026, 36.85070523626776406, -12.59706931277036546 ) ) ;
#3532 = VERTEX_POINT ( 'NONE', #603 ) ;
#3533 = FACE_OUTER_BOUND ( 'NONE', #536, .T. ) ;
#3534 = CARTESIAN_POINT ( 'NONE',  ( 13.87688367558154923, 39.38813803596589480, -1.853063449583051803 ) ) ;
#3535 = LINE ( 'NONE', #4108, #1545 ) ;
#3536 = CARTESIAN_POINT ( 'NONE',  ( -13.29974633398836836, 19.96513181687186389, -2.106334979758611947 ) ) ;
#3537 = AXIS2_PLACEMENT_3D ( 'NONE', #1555, #6153, #479 ) ;
#3538 = B_SPLINE_CURVE_WITH_KNOTS ( 'NONE', 3,
 ( #5544, #6067, #3293, #2578, #1060, #469, #7153, #952, #3219, #2142, #2731, #7262, #1471, #4431, #1581, #4962, #5508, #6699, #5036, #7297 ),
 .UNSPECIFIED., .F., .F.,
 ( 4, 2, 2, 2, 2, 2, 2, 2, 2, 4 ),
 ( 0.007907164396703872389, 0.008893980700687953087, 0.009880797004672035519, 0.01086761330865611622, 0.01185442961264019865, 0.01284124591662427935, 0.01333465406861631883, 0.01382806222060835831, 0.01481487852459243901, 0.01580169482857651797 ),
 .UNSPECIFIED. ) ;
#3539 = CARTESIAN_POINT ( 'NONE',  ( 0.5808991521648709799, 19.53317980252220920, 13.48516943281774338 ) ) ;
#3540 = CARTESIAN_POINT ( 'NONE',  ( 12.96310737290252924, 23.64370553177161227, -5.287649552470262471 ) ) ;
#3541 = CARTESIAN_POINT ( 'NONE',  ( -7.499999999999991118, 3.833839396985338599, 13.18224679452502279 ) ) ;
#3542 = CARTESIAN_POINT ( 'NONE',  ( -1.356128664617183510, 39.84247225862765163, 13.93423987403175346 ) ) ;
#3543 = CARTESIAN_POINT ( 'NONE',  ( 3.867683513281569674, 37.66876260339888205, 12.81209070267144590 ) ) ;
#3544 = CARTESIAN_POINT ( 'NONE',  ( 5.000000000000005329, 34.50000000000000000, -12.32882846293108337 ) ) ;
#3545 = CARTESIAN_POINT ( 'NONE',  ( 3.480018184694914307, 20.90969090846020961, 12.94591804166534565 ) ) ;
#3546 = CARTESIAN_POINT ( 'NONE',  ( 13.06985892188617981, 37.91341287881635225, 3.653631129873528671 ) ) ;
#3547 = CARTESIAN_POINT ( 'NONE',  ( -8.000000000000008882, 4.000000000000000000, -19.84313483298444325 ) ) ;
#3548 = CARTESIAN_POINT ( 'NONE',  ( 4.731022369583771869, 36.12607642904279004, 12.45674072909409169 ) ) ;
#3549 = AXIS2_PLACEMENT_3D ( 'NONE', #2446, #5406, #4852 ) ;
#3550 = ORIENTED_EDGE ( 'NONE', *, *, #3610, .F. ) ;
#3551 = CARTESIAN_POINT ( 'NONE',  ( -12.52322511534504024, 36.49824149703860598, -4.583384843329264768 ) ) ;
#3552 = DIRECTION ( 'NONE',  ( 0.000000000000000000, 1.000000000000000000, 0.000000000000000000 ) ) ;
#3553 = CARTESIAN_POINT ( 'NONE',  ( 13.40160913428128886, 20.05689684573658838, -2.293309642795554382 ) ) ;
#3554 = LINE ( 'NONE', #5880, #2267 ) ;
#3555 = CARTESIAN_POINT ( 'NONE',  ( 4.629023732266701607, 21.28546127658347231, -13.21270344485244763 ) ) ;
#3556 = DIRECTION ( 'NONE',  ( 0.000000000000000000, 0.000000000000000000, 1.000000000000000000 ) ) ;
#3557 = DIRECTION ( 'NONE',  ( -0.000000000000000000, -1.000000000000000000, -0.000000000000000000 ) ) ;
#3558 = CARTESIAN_POINT ( 'NONE',  ( 12.61562157827451358, 35.45124645216547776, -4.908843990559636161 ) ) ;
#3559 = CARTESIAN_POINT ( 'NONE',  ( 11.55456730713113700, 37.80645702464151015, 3.764457445291692128 ) ) ;
#3560 = DIRECTION ( 'NONE',  ( 0.000000000000000000, 1.000000000000000000, 0.000000000000000000 ) ) ;
#3561 = ORIENTED_EDGE ( 'NONE', *, *, #4620, .T. ) ;
#3562 = VECTOR ( 'NONE', #2173, 1000.000000000000000 ) ;
#3563 = CARTESIAN_POINT ( 'NONE',  ( 0.000000000000000000, 4.000000000000000000, 0.000000000000000000 ) ) ;
#3564 = CARTESIAN_POINT ( 'NONE',  ( 0.6624177602565303191, 39.45660806407620669, -13.48061906389666831 ) ) ;
#3565 = CARTESIAN_POINT ( 'NONE',  ( -5.949373879233485596, 11.07302058645347564, 10.59516182426272302 ) ) ;
#3566 = CARTESIAN_POINT ( 'NONE',  ( 12.60470849845369479, 23.67813786072100157, -4.934716277368554671 ) ) ;
#3567 =( LENGTH_UNIT ( ) NAMED_UNIT ( * ) SI_UNIT ( .MILLI., .METRE. ) );
#3568 = PLANE ( 'NONE',  #4513 ) ;
#3569 = VERTEX_POINT ( 'NONE', #6832 ) ;
#3570 = CIRCLE ( 'NONE', #598, 1.999999999999998224 ) ;
#3571 = CARTESIAN_POINT ( 'NONE',  ( -3.775778907321006184, 37.77778880267036499, -12.84522969805579784 ) ) ;
#3572 = CARTESIAN_POINT ( 'NONE',  ( 2.385091477210154576, 20.10548206891256484, -13.24262678785187575 ) ) ;
#3573 = ORIENTED_EDGE ( 'NONE', *, *, #6703, .T. ) ;
#3574 = CARTESIAN_POINT ( 'NONE',  ( -13.92499993276642556, 19.17997640314430186, 1.447932209777609502 ) ) ;
#3575 = CARTESIAN_POINT ( 'NONE',  ( 13.71035993061206426, 38.92246459183738949, -2.836872203723484809 ) ) ;
#3576 = VECTOR ( 'NONE', #4676, 1000.000000000000000 ) ;
#3577 = ADVANCED_FACE ( 'NONE', ( #5789 ), #7172, .T. ) ;
#3578 = CARTESIAN_POINT ( 'NONE',  ( -13.24978018892911003, 20.08769969146948142, 2.352015372843578422 ) ) ;
#3579 = CARTESIAN_POINT ( 'NONE',  ( 4.805634638705525319, 23.11701045472408111, 12.42203472655946150 ) ) ;
#3580 = CARTESIAN_POINT ( 'NONE',  ( 1.308928752936094231, 39.85625231255168188, 13.93989014713537244 ) ) ;
#3581 = CARTESIAN_POINT ( 'NONE',  ( 0.1814956330750105429, 39.99797165681349753, 13.99914273714450275 ) ) ;
#3582 = CARTESIAN_POINT ( 'NONE',  ( 2.291739839441024440, 38.94467273590048251, 13.26280562133502450 ) ) ;
#3583 = CARTESIAN_POINT ( 'NONE',  ( 4.118073773432517903, 21.66414829825709631, 12.71733177550096094 ) ) ;
#3584 = CARTESIAN_POINT ( 'NONE',  ( 7.836746053639400245, 3.836746053639390475, -12.98450044861821162 ) ) ;
#3585 = CARTESIAN_POINT ( 'NONE',  ( -7.448364903041466256, 7.509695245062818714, -9.599996008865849362 ) ) ;
#3586 = CARTESIAN_POINT ( 'NONE',  ( 3.648191677156963131, 37.92011614878272496, 12.88990531660745020 ) ) ;
#3587 = ORIENTED_EDGE ( 'NONE', *, *, #3969, .T. ) ;
#3588 = CARTESIAN_POINT ( 'NONE',  ( -13.16309275358424813, 38.69240731013285739, -2.724794792074750394 ) ) ;
#3589 =( GEOMETRIC_REPRESENTATION_CONTEXT ( 3 ) GLOBAL_UNCERTAINTY_ASSIGNED_CONTEXT ( ( #1525 ) ) GLOBAL_UNIT_ASSIGNED_CONTEXT ( ( #3054, #5938, #1414 ) ) REPRESENTATION_CONTEXT ( 'NONE', 'WORKASPACE' ) );
#3590 = CARTESIAN_POINT ( 'NONE',  ( 0.000000000000000000, 0.000000000000000000, 0.000000000000000000 ) ) ;
#3591 = CARTESIAN_POINT ( 'NONE',  ( 13.31584361320408405, 20.30114820066927450, -2.714791608810870560 ) ) ;
#3592 = CARTESIAN_POINT ( 'NONE',  ( -4.966586009446712247, 23.83426699293904605, 11.08876428268566805 ) ) ;
#3593 = CARTESIAN_POINT ( 'NONE',  ( 0.9008095298233771420, 19.58112861054249976, -13.46387945826258203 ) ) ;
#3594 = CARTESIAN_POINT ( 'NONE',  ( -5.469135409673461012, 24.50000000000000711, -12.63324383981808552 ) ) ;
#3595 = CARTESIAN_POINT ( 'NONE',  ( -4.857592969325881249, 23.31017940989922010, 12.39757199997137427 ) ) ;
#3596 = CARTESIAN_POINT ( 'NONE',  ( 12.98976435079886826, 37.61911314708104470, -3.907928910903022857 ) ) ;
#3597 = CARTESIAN_POINT ( 'NONE',  ( 11.07350441368946825, 34.49999999999999289, 5.000000000000000888 ) ) ;
#3598 = CARTESIAN_POINT ( 'NONE',  ( 6.726078347945043667, 9.853935401544283934, -12.28035996669494878 ) ) ;
#3599 = EDGE_LOOP ( 'NONE', ( #669, #1240, #4621, #3121 ) ) ;
#3600 = FACE_BOUND ( 'NONE', #5155, .T. ) ;
#3601 = CARTESIAN_POINT ( 'NONE',  ( -3.478209825829503998, 38.09285274116029285, -12.94665238860161516 ) ) ;
#3602 = CARTESIAN_POINT ( 'NONE',  ( -7.499999999999992895, 7.011450533352992842, 9.558896379812903632 ) ) ;
#3603 = CARTESIAN_POINT ( 'NONE',  ( 12.64522485383693073, 23.23755363625079440, -4.838172718570633357 ) ) ;
#3604 = CARTESIAN_POINT ( 'NONE',  ( -13.56033757806795137, 38.85721730362418214, -3.481827840604006408 ) ) ;
#3605 = CARTESIAN_POINT ( 'NONE',  ( -12.56861858690743006, 22.27430119809965348, -4.480269576915446805 ) ) ;
#3606 = EDGE_CURVE ( 'NONE', #6318, #20, #2846, .T. ) ;
#3607 = DIRECTION ( 'NONE',  ( 0.000000000000000000, 0.7071067811865500152, 0.7071067811865451302 ) ) ;
#3608 = ORIENTED_EDGE ( 'NONE', *, *, #7170, .F. ) ;
#3609 = CARTESIAN_POINT ( 'NONE',  ( -4.667476213603484858, 36.29378422748253996, -12.48560775838363135 ) ) ;
#3610 = EDGE_CURVE ( 'NONE', #3490, #2369, #2726, .T. ) ;
#3611 = VERTEX_POINT ( 'NONE', #2102 ) ;
#3612 = CARTESIAN_POINT ( 'NONE',  ( -13.21270344485246184, 21.28546127658349718, -4.629023732266674074 ) ) ;
#3613 = CARTESIAN_POINT ( 'NONE',  ( 12.69453811643371388, 36.15674188449661131, 4.717722993904777340 ) ) ;
#3614 = CARTESIAN_POINT ( 'NONE',  ( -13.67021424711847466, 39.16622739947343490, -3.024951862965115090 ) ) ;
#3615 = CARTESIAN_POINT ( 'NONE',  ( -13.15185873234362113, 20.33685763055467888, 2.769180223575109068 ) ) ;
#3616 = CARTESIAN_POINT ( 'NONE',  ( -1.488460009461455291, 19.18744034625694539, -13.92184017586719413 ) ) ;
#3617 = CARTESIAN_POINT ( 'NONE',  ( 0.3708736252890396656, 39.98855207649468468, 13.99516733005112634 ) ) ;
#3618 = CARTESIAN_POINT ( 'NONE',  ( 1.959377144274948357, 39.10013461236291477, 13.32685364616591706 ) ) ;
#3619 = CARTESIAN_POINT ( 'NONE',  ( 3.457289113412169268, 20.88785966614494072, 12.95327285113000748 ) ) ;
#3620 = CARTESIAN_POINT ( 'NONE',  ( 11.38639530735154004, 21.84583722455118249, 4.240494058451787396 ) ) ;
#3621 = CARTESIAN_POINT ( 'NONE',  ( 1.490251640152949530, 19.18798129170609812, -13.92162653301814146 ) ) ;
#3622 = ORIENTED_EDGE ( 'NONE', *, *, #3158, .F. ) ;
#3623 = CARTESIAN_POINT ( 'NONE',  ( -12.70577230646095757, 37.29266048015828972, -4.147428755995312244 ) ) ;
#3624 = LINE ( 'NONE', #3059, #1680 ) ;
#3625 = CARTESIAN_POINT ( 'NONE',  ( 13.00633223145404394, 21.31798621975481467, -3.856787207818395569 ) ) ;
#3626 = CARTESIAN_POINT ( 'NONE',  ( -3.765839553907408987, 21.19504136360616542, 11.55412764047986585 ) ) ;
#3627 = CARTESIAN_POINT ( 'NONE',  ( -4.198745285886919199, 21.78390908509325286, -12.68547047897265401 ) ) ;
#3628 = FACE_OUTER_BOUND ( 'NONE', #3599, .T. ) ;
#3629 = CARTESIAN_POINT ( 'NONE',  ( 12.63377259621424287, 35.65200475507772637, -4.865653447303386336 ) ) ;
#3630 = CARTESIAN_POINT ( 'NONE',  ( 13.24975878409125407, 38.50163705846030382, -2.997890064651004494 ) ) ;
#3631 = CARTESIAN_POINT ( 'NONE',  ( -3.345601216752857265, 38.21577472629200400, 12.98870409703906859 ) ) ;
#3632 = CARTESIAN_POINT ( 'NONE',  ( 3.765839553907404547, 21.19504136360617252, -11.55412764047986229 ) ) ;
#3633 = ORIENTED_EDGE ( 'NONE', *, *, #3521, .T. ) ;
#3634 = CARTESIAN_POINT ( 'NONE',  ( 12.57669683062196242, 34.49999999999999289, -4.999999999999999112 ) ) ;
#3635 = CARTESIAN_POINT ( 'NONE',  ( 12.96309276574183755, 35.35611279817072017, 5.287685325731342978 ) ) ;
#3636 = CARTESIAN_POINT ( 'NONE',  ( -1.187105691632326820, 19.64172905854372431, -13.43720889798606777 ) ) ;
#3637 = CARTESIAN_POINT ( 'NONE',  ( 13.47663517783714937, 19.85253865291998210, 1.844667339179843824 ) ) ;
#3638 = CARTESIAN_POINT ( 'NONE',  ( -13.94041626776709997, 39.85752263389780126, 1.303388515414742432 ) ) ;
#3639 = CARTESIAN_POINT ( 'NONE',  ( -12.48211962124507046, 22.72094279260667804, -4.675612838091378620 ) ) ;
#3640 = CYLINDRICAL_SURFACE ( 'NONE', #4273, 14.00000000000000000 ) ;
#3641 = EDGE_LOOP ( 'NONE', ( #403, #3633 ) ) ;
#3642 = EDGE_CURVE ( 'NONE', #871, #152, #6900, .T. ) ;
#3643 = CARTESIAN_POINT ( 'NONE',  ( -3.867683513282032415, 37.66876260339834204, -12.81209070267155248 ) ) ;
#3644 = CARTESIAN_POINT ( 'NONE',  ( 2.217311638971664944, 20.01778681487687805, -13.27809444956063878 ) ) ;
#3645 = ORIENTED_EDGE ( 'NONE', *, *, #4918, .F. ) ;
#3646 = CARTESIAN_POINT ( 'NONE',  ( -13.15674636991162494, 21.50639840755243881, -4.785711917034038976 ) ) ;
#3647 = CARTESIAN_POINT ( 'NONE',  ( 13.37388788164514608, 38.86561521055472213, 2.438851633146982945 ) ) ;
#3648 = CARTESIAN_POINT ( 'NONE',  ( -13.96950757272450261, 39.92752780171125693, -0.9417993614934695445 ) ) ;
#3649 = CARTESIAN_POINT ( 'NONE',  ( -12.62800428896494687, 22.01555816820957290, 4.339379587614865308 ) ) ;
#3650 = CARTESIAN_POINT ( 'NONE',  ( 10.14772727272725739, 4.000000000000000000, 21.19607584432427672 ) ) ;
#3651 = CARTESIAN_POINT ( 'NONE',  ( -4.886122869753447340, 35.56420600412829458, 12.38396570382933959 ) ) ;
#3652 = CARTESIAN_POINT ( 'NONE',  ( 2.106334979794609374, 39.03486818311142770, 13.29974633398049910 ) ) ;
#3653 = CARTESIAN_POINT ( 'NONE',  ( -11.69315155473988099, 20.73776320749302826, 3.308983564528550136 ) ) ;
#3654 = CARTESIAN_POINT ( 'NONE',  ( 11.14688233276757856, 23.18256099164967665, 4.834738894693338729 ) ) ;
#3655 = CARTESIAN_POINT ( 'NONE',  ( 4.999999999999999112, 34.49999999999999289, 12.32882846293108869 ) ) ;
#3656 = ADVANCED_FACE ( 'NONE', ( #6732 ), #2713, .T. ) ;
#3657 = ORIENTED_EDGE ( 'NONE', *, *, #3829, .F. ) ;
#3658 = AXIS2_PLACEMENT_3D ( 'NONE', #6278, #5719, #643 ) ;
#3659 = CARTESIAN_POINT ( 'NONE',  ( -12.36153381378432137, 35.32089825370280067, -4.932836312970222181 ) ) ;
#3660 = CARTESIAN_POINT ( 'NONE',  ( -12.78545152826161591, 45.00000000000000000, 5.703703114510134675 ) ) ;
#3661 = CARTESIAN_POINT ( 'NONE',  ( 12.96259875349089619, 21.48685594794213216, -3.990119646075639626 ) ) ;
#3662 = CARTESIAN_POINT ( 'NONE',  ( -4.933673568356422123, 37.26126942748919646, -13.10196512258804447 ) ) ;
#3663 = CARTESIAN_POINT ( 'NONE',  ( -3.963644716955039282, 21.45103343147543384, -12.77667996410927387 ) ) ;
#3664 = CYLINDRICAL_SURFACE ( 'NONE', #6320, 1.999999999999998224 ) ;
#3665 = CARTESIAN_POINT ( 'NONE',  ( 12.76122235086845791, 36.57660375853756562, -4.549104524150304307 ) ) ;
#3666 = CONICAL_SURFACE ( 'NONE', #5231, 12.15000000000000036, 0.7853981633974447263 ) ;
#3667 = CARTESIAN_POINT ( 'NONE',  ( 13.35404603746651730, 38.80920837200577722, -2.536211758893132995 ) ) ;
#3668 = CARTESIAN_POINT ( 'NONE',  ( -3.171412703757511498, 38.36551769144173107, 13.04147481779778772 ) ) ;
#3669 = DIRECTION ( 'NONE',  ( 0.000000000000000000, 0.000000000000000000, -1.000000000000000000 ) ) ;
#3670 = ORIENTED_EDGE ( 'NONE', *, *, #1090, .F. ) ;
#3671 = CARTESIAN_POINT ( 'NONE',  ( -12.37316557603983647, 35.45220075739334220, 4.908659418206366531 ) ) ;
#3672 = CARTESIAN_POINT ( 'NONE',  ( 13.40866889228670367, 37.94484788318750645, 4.033874735778563370 ) ) ;
#3673 = CARTESIAN_POINT ( 'NONE',  ( -2.023758545834242195, 39.64530749569882317, 13.85405657784772160 ) ) ;
#3674 = CARTESIAN_POINT ( 'NONE',  ( 13.41513720698077883, 20.01933861026708072, 2.220446824387617646 ) ) ;
#3675 = AXIS2_PLACEMENT_3D ( 'NONE', #4526, #6949, #6865 ) ;
#3676 = DIRECTION ( 'NONE',  ( 0.000000000000000000, -1.000000000000000000, 0.000000000000000000 ) ) ;
#3677 = ORIENTED_EDGE ( 'NONE', *, *, #1181, .T. ) ;
#3678 = FACE_BOUND ( 'NONE', #3641, .T. ) ;
#3679 = CARTESIAN_POINT ( 'NONE',  ( 2.892507243015312479, 20.42127313565367785, -13.11977440062643652 ) ) ;
#3680 = CARTESIAN_POINT ( 'NONE',  ( 13.71696332677044694, 20.05905932031554073, -2.801137507064847210 ) ) ;
#3681 = ORIENTED_EDGE ( 'NONE', *, *, #6803, .F. ) ;
#3682 = CARTESIAN_POINT ( 'NONE',  ( -13.97990102065495854, 19.04773160272529964, 0.7556468484564500265 ) ) ;
#3683 = CARTESIAN_POINT ( 'NONE',  ( 13.54461695564154056, 39.32607540249797040, 1.307939604600971473 ) ) ;
#3684 = CARTESIAN_POINT ( 'NONE',  ( -13.09957948916344606, 37.26477152949744465, -4.944614496247723423 ) ) ;
#3685 = CARTESIAN_POINT ( 'NONE',  ( -13.33527210753189784, 19.87974842961095234, 1.911454544406233635 ) ) ;
#3686 = CONICAL_SURFACE ( 'NONE', #6913, 1.499999999999984013, 0.7853981633974482790 ) ;
#3687 = DIRECTION ( 'NONE',  ( 0.7071067811865473507, 0.7071067811865476838, -8.528466865386027644E-17 ) ) ;
#3688 = CARTESIAN_POINT ( 'NONE',  ( -2.954374791611417805, 38.53402152937067626, 13.10305694721424352 ) ) ;
#3689 = CARTESIAN_POINT ( 'NONE',  ( 3.197575384672217691, 38.34391016164818922, 13.03374366502119841 ) ) ;
#3690 = CARTESIAN_POINT ( 'NONE',  ( 12.58023253699968791, 34.83052373712460792, 4.991829776791091966 ) ) ;
#3691 = CARTESIAN_POINT ( 'NONE',  ( 11.76349821955084707, 20.52684950919112694, 3.052720180829595620 ) ) ;
#3692 = ADVANCED_FACE ( 'NONE', ( #4126 ), #5294, .T. ) ;
#3693 = CARTESIAN_POINT ( 'NONE',  ( 12.57758869037425953, 24.33417450022739814, 4.997941217109083567 ) ) ;
#3694 = DIRECTION ( 'NONE',  ( 0.000000000000000000, 0.000000000000000000, 1.000000000000000000 ) ) ;
#3695 = LINE ( 'NONE', #6016, #1562 ) ;
#3696 = ADVANCED_FACE ( 'NONE', ( #1169 ), #2994, .T. ) ;
#3697 = CARTESIAN_POINT ( 'NONE',  ( 12.62518309254212667, 23.43831047525983280, -4.886150820150512608 ) ) ;
#3698 = FACE_OUTER_BOUND ( 'NONE', #3494, .T. ) ;
#3699 = CARTESIAN_POINT ( 'NONE',  ( -1.625665516082765993, 19.76880104330979293, -13.38217273889672931 ) ) ;
#3700 = AXIS2_PLACEMENT_3D ( 'NONE', #921, #376, #6709 ) ;
#3701 = CARTESIAN_POINT ( 'NONE',  ( -4.422880815328843696, 22.16799714872081850, 12.59286313942545199 ) ) ;
#3702 = CARTESIAN_POINT ( 'NONE',  ( 13.33221122377932666, 38.74660652296270058, -2.640628818365146291 ) ) ;
#3703 = CARTESIAN_POINT ( 'NONE',  ( -3.520103013914942736, 38.05091594516721898, 12.93278110543826642 ) ) ;
#3704 = ORIENTED_EDGE ( 'NONE', *, *, #6957, .T. ) ;
#3705 = AXIS2_PLACEMENT_3D ( 'NONE', #172, #7104, #2430 ) ;
#3706 = CARTESIAN_POINT ( 'NONE',  ( -12.84522969816862492, 37.77778880304098408, 3.775778906999256002 ) ) ;
#3707 = CARTESIAN_POINT ( 'NONE',  ( -3.047153119152846035, 38.46502789234886421, -13.07747853385274439 ) ) ;
#3708 = EDGE_CURVE ( 'NONE', #93, #3450, #3874, .T. ) ;
#3709 = CARTESIAN_POINT ( 'NONE',  ( -3.480018185574198064, 20.90969090931512042, -12.94591804138060454 ) ) ;
#3710 = CARTESIAN_POINT ( 'NONE',  ( -5.227517382448717775, 22.29813644253377447, -12.98747719068703788 ) ) ;
#3711 = CARTESIAN_POINT ( 'NONE',  ( 13.44063961180647304, 19.94922123361676825, -2.077710374512803604 ) ) ;
#3712 = CARTESIAN_POINT ( 'NONE',  ( -13.79888044465191577, 39.50525745218416063, 2.366058347551271090 ) ) ;
#3713 = DIRECTION ( 'NONE',  ( -0.000000000000000000, -1.000000000000000000, -0.000000000000000000 ) ) ;
#3714 = AXIS2_PLACEMENT_3D ( 'NONE', #5602, #5496, #6685 ) ;
#3715 = CARTESIAN_POINT ( 'NONE',  ( 1.487945860964033983E-15, 45.00000000000000000, 12.15000000000000036 ) ) ;
#3716 = ORIENTED_EDGE ( 'NONE', *, *, #195, .T. ) ;
#3717 = CARTESIAN_POINT ( 'NONE',  ( -2.291739839393672096, 38.94467273592594836, -13.26280562134506447 ) ) ;
#3718 = CARTESIAN_POINT ( 'NONE',  ( 0.9061354478496006504, 19.58210136607288732, 13.46344926528097297 ) ) ;
#3719 = CARTESIAN_POINT ( 'NONE',  ( 13.99677739986341507, 19.29871580574706158, 0.3036320384775187953 ) ) ;
#3720 = VERTEX_POINT ( 'NONE', #1725 ) ;
#3721 = CARTESIAN_POINT ( 'NONE',  ( -13.89007081705471514, 19.26552483376252312, -1.753299717222371878 ) ) ;
#3722 = CARTESIAN_POINT ( 'NONE',  ( -12.41282736075854487, 35.81295688305061731, 4.825236483681766941 ) ) ;
#3723 = CARTESIAN_POINT ( 'NONE',  ( -13.98080615988684983, 39.95443563446259105, -0.7563435829699509672 ) ) ;
#3724 = CARTESIAN_POINT ( 'NONE',  ( -13.08770708903055890, 20.50734482972882233, 3.010043406512033837 ) ) ;
#3725 = CARTESIAN_POINT ( 'NONE',  ( -3.479250816617085462, 20.13809631097731767, -13.56159683874086674 ) ) ;
#3726 = CARTESIAN_POINT ( 'NONE',  ( -4.442776316276341397, 36.79528082177495207, 12.58446503268415029 ) ) ;
#3727 = CARTESIAN_POINT ( 'NONE',  ( 1.845115717913251130, 39.14786446611562098, 13.34683969040401408 ) ) ;
#3728 = CARTESIAN_POINT ( 'NONE',  ( -12.01990309680008551, 19.82464647454676765, 1.779757956189327084 ) ) ;
#3729 = CARTESIAN_POINT ( 'NONE',  ( 12.01990309680008906, 19.82464647454677475, -1.779757956189327306 ) ) ;
#3730 = DIRECTION ( 'NONE',  ( 0.000000000000000000, 1.000000000000000000, 0.000000000000000000 ) ) ;
#3731 = VERTEX_POINT ( 'NONE', #176 ) ;
#3732 = EDGE_CURVE ( 'NONE', #2918, #4421, #3570, .T. ) ;
#3733 = CARTESIAN_POINT ( 'NONE',  ( 4.487221415181269712, 22.27024279929997164, 11.29185231098428055 ) ) ;
#3734 = FACE_OUTER_BOUND ( 'NONE', #3166, .T. ) ;
#3735 = CARTESIAN_POINT ( 'NONE',  ( 13.01744370846361321, 21.27635648217236053, -3.822136491729503760 ) ) ;
#3736 = CYLINDRICAL_SURFACE ( 'NONE', #7046, 1.750000000000000000 ) ;
#3737 = CARTESIAN_POINT ( 'NONE',  ( -0.1712105040747749496, 19.50225525392734838, -13.49898907600386622 ) ) ;
#3738 = CARTESIAN_POINT ( 'NONE',  ( 12.69589763004109173, 24.50000000000000711, 5.119200799419102665 ) ) ;
#3739 = CARTESIAN_POINT ( 'NONE',  ( -4.328197484519368032, 21.99532929030084816, 12.63270960125927367 ) ) ;
#3740 = CARTESIAN_POINT ( 'NONE',  ( 13.24628304062821016, 38.49102186725477281, -3.011998612980705481 ) ) ;
#3741 = CARTESIAN_POINT ( 'NONE',  ( -3.010043406645941388, 38.49265517017023086, 13.08770708899373325 ) ) ;
#3742 = VERTEX_POINT ( 'NONE', #691 ) ;
#3743 = EDGE_CURVE ( 'NONE', #4888, #7226, #5721, .T. ) ;
#3744 = CARTESIAN_POINT ( 'NONE',  ( -12.99846936748845394, 38.24396779930940227, 3.314265686172499503 ) ) ;
#3745 = CARTESIAN_POINT ( 'NONE',  ( -4.865803874062702761, 35.65356633487542126, -12.39365093232149739 ) ) ;
#3746 = CARTESIAN_POINT ( 'NONE',  ( -3.836257342887086530, 21.29325217392320369, -12.82351753237114345 ) ) ;
#3747 = CARTESIAN_POINT ( 'NONE',  ( -4.520284558394707553, 37.85537396788296149, 13.25030091626877216 ) ) ;
#3748 = CARTESIAN_POINT ( 'NONE',  ( 13.60980002463080041, 19.50786386753097190, 0.2833655951926242755 ) ) ;
#3749 = DIRECTION ( 'NONE',  ( 1.000000000000000000, 0.000000000000000000, 0.000000000000000000 ) ) ;
#3750 = DIRECTION ( 'NONE',  ( 0.5443312118026703006, -0.000000000000000000, 0.8388703903806812301 ) ) ;
#3751 = VERTEX_POINT ( 'NONE', #5178 ) ;
#3752 = CARTESIAN_POINT ( 'NONE',  ( -1.060665051196698405, 39.38637355105109350, -13.44955914315536916 ) ) ;
#3753 = CARTESIAN_POINT ( 'NONE',  ( -0.4083661419883327648, 19.51652934860373989, 13.49260249347824292 ) ) ;
#3754 = CARTESIAN_POINT ( 'NONE',  ( 13.99842124899080353, 19.29453482803939579, 0.2148779529315506531 ) ) ;
#3755 = ORIENTED_EDGE ( 'NONE', *, *, #433, .F. ) ;
#3756 = CARTESIAN_POINT ( 'NONE',  ( -12.90845743039531435, 21.02258345081795454, 3.593614260314081932 ) ) ;
#3757 = CARTESIAN_POINT ( 'NONE',  ( -12.42323527582727927, 35.89183404452901982, 4.803068752773845596 ) ) ;
#3758 = CARTESIAN_POINT ( 'NONE',  ( -13.48520593143777369, 38.63581735524955008, 3.764477864611134539 ) ) ;
#3759 = CARTESIAN_POINT ( 'NONE',  ( -12.53375298272892735, 22.44747763908711491, 4.559594989074419402 ) ) ;
#3760 = EDGE_LOOP ( 'NONE', ( #4359, #5691, #3189, #3250 ) ) ;
#3761 = CARTESIAN_POINT ( 'NONE',  ( -2.023718182069603522, 19.35467770381298180, -13.85406249293073522 ) ) ;
#3762 = CARTESIAN_POINT ( 'NONE',  ( 5.479055640881000500, 36.03101731610158254, 12.88335488816706231 ) ) ;
#3763 = CARTESIAN_POINT ( 'NONE',  ( -12.49554036372539301, 36.35088777233253410, -4.645523755975097480 ) ) ;
#3764 = CARTESIAN_POINT ( 'NONE',  ( -13.44576837599049135, 20.48500780863130188, -3.902544698440297832 ) ) ;
#3765 = CARTESIAN_POINT ( 'NONE',  ( -11.14688233276758034, 23.18256099164967665, -4.834738894693339617 ) ) ;
#3766 = CARTESIAN_POINT ( 'NONE',  ( -4.837371801473685728, 35.80681136515296004, 11.14573164983104014 ) ) ;
#3767 = CARTESIAN_POINT ( 'NONE',  ( 5.665867317124066105, 23.86099439754806184, -12.80226754375377318 ) ) ;
#3768 = ORIENTED_EDGE ( 'NONE', *, *, #5580, .T. ) ;
#3769 = CARTESIAN_POINT ( 'NONE',  ( -0.5063422316147441204, 14.00000000000000000, 14.00000000000000355 ) ) ;
#3770 = CARTESIAN_POINT ( 'NONE',  ( 1.218150705172919013, 19.12670737135039545, 13.94697973370184485 ) ) ;
#3771 = CARTESIAN_POINT ( 'NONE',  ( 12.76664035652931162, 22.39390321223723390, -4.534976456696323766 ) ) ;
#3772 = CARTESIAN_POINT ( 'NONE',  ( -4.632945982769129500, 37.71295202181479311, -13.21164992059235210 ) ) ;
#3773 = FACE_OUTER_BOUND ( 'NONE', #5028, .T. ) ;
#3774 = LINE ( 'NONE', #6055, #255 ) ;
#3775 = CARTESIAN_POINT ( 'NONE',  ( -4.437617774005592430, 22.19601973813719908, 12.58659725602300838 ) ) ;
#3776 = CARTESIAN_POINT ( 'NONE',  ( 13.21399067912323844, 38.39122889397020089, -3.140091761951605331 ) ) ;
#3777 = CARTESIAN_POINT ( 'NONE',  ( -1.387849626182596996, 39.30370817498967284, 13.41347779377232818 ) ) ;
#3778 = ORIENTED_EDGE ( 'NONE', *, *, #4778, .T. ) ;
#3779 = CARTESIAN_POINT ( 'NONE',  ( -13.01197419632441310, 38.28258263133444217, 3.270242671921053113 ) ) ;
#3780 = CARTESIAN_POINT ( 'NONE',  ( 13.99991777728339848, 39.70926704867168411, 0.1841457060759994768 ) ) ;
#3781 = AXIS2_PLACEMENT_3D ( 'NONE', #4442, #1107, #5154 ) ;
#3782 = CARTESIAN_POINT ( 'NONE',  ( -3.207113913040679165, 20.66388356338461918, -13.03094450930998072 ) ) ;
#3783 = CARTESIAN_POINT ( 'NONE',  ( -5.656846734249234565, 23.77348849576136658, -12.80626813905142747 ) ) ;
#3784 = CARTESIAN_POINT ( 'NONE',  ( 13.59979038530984319, 19.53305106136354752, -0.5797848199561929095 ) ) ;
#3785 = PRESENTATION_STYLE_ASSIGNMENT (( #1580 ) ) ;
#3786 = DIRECTION ( 'NONE',  ( 0.000000000000000000, 0.000000000000000000, 1.000000000000000000 ) ) ;
#3787 = ORIENTED_EDGE ( 'NONE', *, *, #5271, .T. ) ;
#3788 = CIRCLE ( 'NONE', #4764, 1.750000000000000000 ) ;
#3789 = CARTESIAN_POINT ( 'NONE',  ( -1.140077555601707759, 39.36845766115462197, -13.44169410524600217 ) ) ;
#3790 = CARTESIAN_POINT ( 'NONE',  ( 0.8250359052273011917, 19.56785275347016295, 13.46975899026662660 ) ) ;
#3791 = CARTESIAN_POINT ( 'NONE',  ( 13.54600292263899775, 20.58525529982815883, -3.539049447754470279 ) ) ;
#3792 = CIRCLE ( 'NONE', #2836, 24.00000000000000355 ) ;
#3793 = VERTEX_POINT ( 'NONE', #6844 ) ;
#3794 = CARTESIAN_POINT ( 'NONE',  ( -12.32882846293112422, 24.50000000000000000, 5.000000000000000000 ) ) ;
#3795 = CARTESIAN_POINT ( 'NONE',  ( -13.00324395399331223, 38.25764970753355954, 3.298747055674235540 ) ) ;
#3796 = CARTESIAN_POINT ( 'NONE',  ( -12.88324087268714635, 36.03017423111224105, 5.479325394386390435 ) ) ;
#3797 = CARTESIAN_POINT ( 'NONE',  ( -12.32882846293113488, 24.50000000000000000, 5.000000000000000000 ) ) ;
#3798 = EDGE_CURVE ( 'NONE', #4800, #7263, #2252, .T. ) ;
#3799 = CARTESIAN_POINT ( 'NONE',  ( -5.496804114236679797E-15, 14.00000000000000000, -14.00000000000000000 ) ) ;
#3800 = CARTESIAN_POINT ( 'NONE',  ( -3.649203048306379760, 37.91903968037261308, 12.88955923427047878 ) ) ;
#3801 = CARTESIAN_POINT ( 'NONE',  ( -12.78651784332040009, 34.68359867059581347, 5.701314620220739648 ) ) ;
#3802 = CARTESIAN_POINT ( 'NONE',  ( -12.87240545980508166, 23.05702867226560215, -5.504708053755432928 ) ) ;
#3803 = CARTESIAN_POINT ( 'NONE',  ( 5.068055422443471514, 37.02480868482120968, -13.05055611474003818 ) ) ;
#3804 = CARTESIAN_POINT ( 'NONE',  ( -12.45688294740619462, 22.87866686096857904, -4.730528942884146382 ) ) ;
#3805 = CARTESIAN_POINT ( 'NONE',  ( 12.70581909885898142, 22.76546179700621408, 4.689673090154773405 ) ) ;
#3806 = CARTESIAN_POINT ( 'NONE',  ( 3.306476364111777588, 20.73553766872049664, 11.69386733243313259 ) ) ;
#3807 = CARTESIAN_POINT ( 'NONE',  ( 4.346828957949953498, 20.93789883049374012, 13.30822710181430679 ) ) ;
#3808 = CARTESIAN_POINT ( 'NONE',  ( 12.57669683062193400, 34.49999999999999289, 5.000000000000000888 ) ) ;
#3809 = DIRECTION ( 'NONE',  ( 0.000000000000000000, -1.000000000000000000, 0.000000000000000000 ) ) ;
#3810 = CARTESIAN_POINT ( 'NONE',  ( 4.323240832646964904, 21.98777666588205548, -12.63468169852539269 ) ) ;
#3811 = CARTESIAN_POINT ( 'NONE',  ( 0.9354849388872015226, 39.92854795281832025, -13.96993411521724404 ) ) ;
#3812 = CARTESIAN_POINT ( 'NONE',  ( -2.792180702842102402, 20.35224868122889319, 13.14597342985842054 ) ) ;
#3813 = CARTESIAN_POINT ( 'NONE',  ( 13.58043044190942794, 39.41792772645593601, 0.9058736229400199402 ) ) ;
#3814 = CARTESIAN_POINT ( 'NONE',  ( -18.50000000000000000, 3.499999999999984901, 1.750000000000000000 ) ) ;
#3815 = AXIS2_PLACEMENT_3D ( 'NONE', #5454, #3379, #7346 ) ;
#3816 = VERTEX_POINT ( 'NONE', #614 ) ;
#3817 = CARTESIAN_POINT ( 'NONE',  ( -12.45688294739710322, 36.12133313897869868, 4.730528942902219036 ) ) ;
#3818 = CARTESIAN_POINT ( 'NONE',  ( 13.74050803169313717, 39.00981434325451147, -2.687517047549910831 ) ) ;
#3819 = CARTESIAN_POINT ( 'NONE',  ( 13.38447185114954152, 20.10474401987381299, 2.383731390645710491 ) ) ;
#3820 = CARTESIAN_POINT ( 'NONE',  ( -2.610263671756654524, 20.23523985126160341, -13.19117405388815101 ) ) ;
#3821 = CARTESIAN_POINT ( 'NONE',  ( 2.366058347551275087, 19.49474254781580385, -13.79888044465191932 ) ) ;
#3822 = CARTESIAN_POINT ( 'NONE',  ( 13.02158713288735292, 21.26046375794081911, 3.809450619302389818 ) ) ;
#3823 = CARTESIAN_POINT ( 'NONE',  ( 13.07136295648709812, 37.91917250470456935, 3.649081530179715926 ) ) ;
#3824 = CARTESIAN_POINT ( 'NONE',  ( 0.000000000000000000, 0.000000000000000000, 0.000000000000000000 ) ) ;
#3825 = DIRECTION ( 'NONE',  ( 0.000000000000000000, 0.000000000000000000, 1.000000000000000000 ) ) ;
#3826 = ORIENTED_EDGE ( 'NONE', *, *, #4061, .T. ) ;
#3827 = CARTESIAN_POINT ( 'NONE',  ( -1.728604064079517943, 39.19294553297411454, -13.36589894170220916 ) ) ;
#3828 = CARTESIAN_POINT ( 'NONE',  ( -3.251814073593624954, 39.01945358352106297, -13.61733902678893848 ) ) ;
#3829 = EDGE_CURVE ( 'NONE', #4650, #1701, #27, .T. ) ;
#3830 = CARTESIAN_POINT ( 'NONE',  ( -1.536983677115858926, 19.74138579950568229, 13.39399708042342318 ) ) ;
#3831 = CARTESIAN_POINT ( 'NONE',  ( 13.99995842595311402, 19.29062809835895465, -0.09468549680929996826 ) ) ;
#3832 = STYLED_ITEM ( 'NONE', ( #4221 ), #289 ) ;
#3833 = ORIENTED_EDGE ( 'NONE', *, *, #3521, .F. ) ;
#3834 = CARTESIAN_POINT ( 'NONE',  ( -12.33293925967243077, 24.16742127044031463, 4.991646442905432579 ) ) ;
#3835 = CARTESIAN_POINT ( 'NONE',  ( -12.48211962124506869, 36.27905720739330775, 4.675612838091382173 ) ) ;
#3836 = CARTESIAN_POINT ( 'NONE',  ( -12.80256718117561299, 35.23167136741434291, 5.665777514240461166 ) ) ;
#3837 = CARTESIAN_POINT ( 'NONE',  ( -0.6649117265972019908, 39.46646934535271356, -12.13609498509233298 ) ) ;
#3838 = ORIENTED_EDGE ( 'NONE', *, *, #2372, .T. ) ;
#3839 = EDGE_CURVE ( 'NONE', #4823, #2598, #2878, .T. ) ;
#3840 = CARTESIAN_POINT ( 'NONE',  ( -1.974811416669445041, 13.75233592757104262, -13.86864744115162651 ) ) ;
#3841 = CARTESIAN_POINT ( 'NONE',  ( 13.87021696961421746, 39.37027150252676932, 1.903675060760361637 ) ) ;
#3842 = CARTESIAN_POINT ( 'NONE',  ( -13.70514701348430719, 39.26028788537190906, 2.862991920204866592 ) ) ;
#3843 = CARTESIAN_POINT ( 'NONE',  ( -11.14561919677888291, 35.80579182607132793, -4.837629265843685467 ) ) ;
#3844 = CARTESIAN_POINT ( 'NONE',  ( -12.35251463379198178, 23.79654459541029610, -4.951491613407597470 ) ) ;
#3845 = EDGE_CURVE ( 'NONE', #5421, #5509, #1091, .T. ) ;
#3846 = CARTESIAN_POINT ( 'NONE',  ( 4.730528942906764733, 22.87866686103456715, -12.45688294739513324 ) ) ;
#3847 = CARTESIAN_POINT ( 'NONE',  ( 1.493758939610291936, 19.19177160475456390, 13.92015731840523429 ) ) ;
#3848 = DIRECTION ( 'NONE',  ( -0.7071067811865499042, 0.7071067811865452413, -8.528466865386058459E-17 ) ) ;
#3849 = CARTESIAN_POINT ( 'NONE',  ( -4.789679312829626667, 37.48769974709129116, 13.15530250175442184 ) ) ;
#3850 = CARTESIAN_POINT ( 'NONE',  ( 4.302474751766711236, 21.95237545888481634, -12.64325777577633581 ) ) ;
#3851 = CARTESIAN_POINT ( 'NONE',  ( 5.333225713796284850, 36.45200897151414665, -12.94441559125980490 ) ) ;
#3852 = CARTESIAN_POINT ( 'NONE',  ( -4.689068714764629497, 22.76382866772538094, 12.47580377301506438 ) ) ;
#3853 = CARTESIAN_POINT ( 'NONE',  ( 13.21269821755706708, 38.38710355050595524, 3.144922526264641860 ) ) ;
#3854 = CARTESIAN_POINT ( 'NONE',  ( -5.000000000000010658, 24.50000000000000000, -22.79802623035600462 ) ) ;
#3855 = VERTEX_POINT ( 'NONE', #6879 ) ;
#3856 = CARTESIAN_POINT ( 'NONE',  ( -13.48066893232366148, 39.45672454456610012, -0.6615497668846362922 ) ) ;
#3857 = CARTESIAN_POINT ( 'NONE',  ( 13.87093636051269385, 39.37252189478151365, 1.903652187547989261 ) ) ;
#3858 = CARTESIAN_POINT ( 'NONE',  ( 13.46197907781036385, 19.89184839083814182, 1.940459084627380593 ) ) ;
#3859 = CARTESIAN_POINT ( 'NONE',  ( -3.171412703669593824, 20.63448230848585752, -13.04147481782388240 ) ) ;
#3860 = CARTESIAN_POINT ( 'NONE',  ( 0.3708736252890519336, 19.01144792350532242, -13.99516733005112634 ) ) ;
#3861 = CARTESIAN_POINT ( 'NONE',  ( 12.59800497780949513, 23.79584450717620570, 4.950342560963529870 ) ) ;
#3862 = CARTESIAN_POINT ( 'NONE',  ( 12.93522635583605584, 34.67364980660264706, -5.355365744444002374 ) ) ;
#3863 = DIRECTION ( 'NONE',  ( 0.000000000000000000, -1.000000000000000000, 0.000000000000000000 ) ) ;
#3864 = EDGE_LOOP ( 'NONE', ( #7068, #5085, #6338, #5386 ) ) ;
#3865 = CARTESIAN_POINT ( 'NONE',  ( -0.6545171478916242958, 39.45766403659030175, -13.48108581574395082 ) ) ;
#3866 = CARTESIAN_POINT ( 'NONE',  ( 4.757387328505466861, 36.04081120967302354, -12.44448618836001152 ) ) ;
#3867 = DIRECTION ( 'NONE',  ( 1.000000000000000000, 0.000000000000000000, 0.000000000000000000 ) ) ;
#3868 = CARTESIAN_POINT ( 'NONE',  ( 13.87130881666844395, 19.62684250716223033, 1.894337980518464359 ) ) ;
#3869 = CARTESIAN_POINT ( 'NONE',  ( 4.611974979378998363, 12.43438321416597958, -11.24886035882421886 ) ) ;
#3870 = CARTESIAN_POINT ( 'NONE',  ( -12.80751232184684696, 23.76985327716480256, -5.654013304805387996 ) ) ;
#3871 = CARTESIAN_POINT ( 'NONE',  ( -12.32882844306662129, 34.58356962949729052, 4.999999708619927041 ) ) ;
#3872 = CARTESIAN_POINT ( 'NONE',  ( 5.000000000000007994, 24.50000000000000000, 12.32882846293108869 ) ) ;
#3873 = CARTESIAN_POINT ( 'NONE',  ( -24.00000000000000355, 24.50000000000000000, 5.000000000000000000 ) ) ;
#3874 = B_SPLINE_CURVE_WITH_KNOTS ( 'NONE', 1,
 ( #2914, #2434 ),
 .UNSPECIFIED., .F., .F.,
 ( 2, 2 ),
 ( 0.000000000000000000, 1.000000000000000000 ),
 .UNSPECIFIED. ) ;
#3875 = ORIENTED_EDGE ( 'NONE', *, *, #5627, .T. ) ;
#3876 = CARTESIAN_POINT ( 'NONE',  ( -7.301031686265506693, 8.233994723488249790, -11.94563959726864333 ) ) ;
#3877 = CARTESIAN_POINT ( 'NONE',  ( 13.99173365465415131, 39.68843786973147303, -0.4815435282903454683 ) ) ;
#3878 = CARTESIAN_POINT ( 'NONE',  ( -13.54287147602696884, 38.80645148595796456, 3.549106390198328409 ) ) ;
#3879 = CARTESIAN_POINT ( 'NONE',  ( -13.21253903057397672, 21.28608263436204950, -4.629492860615386007 ) ) ;
#3880 = CARTESIAN_POINT ( 'NONE',  ( 5.109885510233897143, 36.94516295397883709, -13.03422064877895892 ) ) ;
#3881 = CARTESIAN_POINT ( 'NONE',  ( -12.39757199998961212, 23.31017940974159686, -4.857592969287076734 ) ) ;
#3882 = CARTESIAN_POINT ( 'NONE',  ( 4.884684129093759708, 23.42932020459726061, -12.38465242238348551 ) ) ;
#3883 = CARTESIAN_POINT ( 'NONE',  ( 3.768347205850498316, 20.36751964095742906, 13.48411256774211076 ) ) ;
#3884 = CARTESIAN_POINT ( 'NONE',  ( 12.81509842946019440, 34.50000000000000000, 5.238401598838206219 ) ) ;
#3885 = CARTESIAN_POINT ( 'NONE',  ( -5.334180630796938161, 36.45562592110919553, -12.94420505998393445 ) ) ;
#3886 = CARTESIAN_POINT ( 'NONE',  ( 3.809226062134136281, 21.26020203208701176, -12.83340115196991071 ) ) ;
#3887 = CARTESIAN_POINT ( 'NONE',  ( 5.694087602239717327, 34.86678101616441694, -12.78975298180966114 ) ) ;
#3888 = CARTESIAN_POINT ( 'NONE',  ( -13.99914273714450630, 39.99797165681346200, 0.1814956330750389368 ) ) ;
#3889 = CARTESIAN_POINT ( 'NONE',  ( -1.728604064231621162, 19.80705446708170214, 13.36589894167951442 ) ) ;
#3890 = CARTESIAN_POINT ( 'NONE',  ( 13.30356431903524062, 38.66283440689040418, 2.769692042606558324 ) ) ;
#3891 = CARTESIAN_POINT ( 'NONE',  ( -4.991809502321452818, 34.83094706413122310, 12.33285904097949803 ) ) ;
#3892 = ORIENTED_EDGE ( 'NONE', *, *, #2383, .T. ) ;
#3893 = CARTESIAN_POINT ( 'NONE',  ( -13.34536915249459632, 39.14428674373286299, -1.852304963116612191 ) ) ;
#3894 = CARTESIAN_POINT ( 'NONE',  ( 13.01943525626243314, 35.94766748404092027, -5.147337237146546229 ) ) ;
#3895 = CARTESIAN_POINT ( 'NONE',  ( 13.15200009832960681, 20.80739075504703806, 3.371150428778855623 ) ) ;
#3896 = CARTESIAN_POINT ( 'NONE',  ( -4.732093756842701282, 22.88478174634063933, -12.45612845990090278 ) ) ;
#3897 = CARTESIAN_POINT ( 'NONE',  ( -0.4761945032301784786, 19.01845778680115018, -13.99221015635442278 ) ) ;
#3898 = CARTESIAN_POINT ( 'NONE',  ( 12.59116526295032656, 23.91936602779126275, 4.966345494870361144 ) ) ;
#3899 = CARTESIAN_POINT ( 'NONE',  ( 13.56043213187402507, 39.36681193888472308, 1.147105819758132528 ) ) ;
#3900 = FACE_OUTER_BOUND ( 'NONE', #3864, .T. ) ;
#3901 = VERTEX_POINT ( 'NONE', #4044 ) ;
#3902 = AXIS2_PLACEMENT_3D ( 'NONE', #5103, #6205, #3396 ) ;
#3903 = CARTESIAN_POINT ( 'NONE',  ( 3.480018185252333751, 38.09030909099779905, -12.94591804148503655 ) ) ;
#3904 = CARTESIAN_POINT ( 'NONE',  ( -5.190650374805636957, 36.78674649157933629, -13.00242667865681057 ) ) ;
#3905 = CARTESIAN_POINT ( 'NONE',  ( -4.999999708619938588, 24.41643037050269882, 12.32882844306657333 ) ) ;
#3906 = CARTESIAN_POINT ( 'NONE',  ( -12.80626813905144878, 35.22651150423862276, -5.656846734249174169 ) ) ;
#3907 = CARTESIAN_POINT ( 'NONE',  ( -13.07651200955243809, 21.85408993357066620, -5.000540191323218586 ) ) ;
#3908 = CARTESIAN_POINT ( 'NONE',  ( 12.72968679035813189, 36.38861702486503447, -4.629639192547670312 ) ) ;
#3909 = CARTESIAN_POINT ( 'NONE',  ( -4.241667547069276623, 37.15227967902367112, -11.38595707752070396 ) ) ;
#3910 = ORIENTED_EDGE ( 'NONE', *, *, #4303, .F. ) ;
#3911 = DIRECTION ( 'NONE',  ( 2.602085213965214093E-16, -1.000000000000000000, 0.000000000000000000 ) ) ;
#3912 = AXIS2_PLACEMENT_3D ( 'NONE', #6514, #5960, #2692 ) ;
#3913 = CARTESIAN_POINT ( 'NONE',  ( 3.330031345112253405, 20.03111040145790867, 13.59911919914613776 ) ) ;
#3914 = CARTESIAN_POINT ( 'NONE',  ( 13.66202195514505746, 38.77783356940690140, 3.057858931660532242 ) ) ;
#3915 = CARTESIAN_POINT ( 'NONE',  ( -12.58446503268419114, 36.79528082177494497, -4.442776316276321857 ) ) ;
#3916 = CARTESIAN_POINT ( 'NONE',  ( -12.91879101383549866, 22.71284829780377734, -5.394998371465190345 ) ) ;
#3917 = CARTESIAN_POINT ( 'NONE',  ( -11.89021982401207289, 20.16602238993224816, -2.514291828823875363 ) ) ;
#3918 = CARTESIAN_POINT ( 'NONE',  ( -12.85256368318289155, 21.19850219897350740, -3.755123246721860930 ) ) ;
#3919 = CARTESIAN_POINT ( 'NONE',  ( 4.980485467394956345, 21.81804585745693714, 13.08422580486367437 ) ) ;
#3920 = PLANE ( 'NONE',  #2494 ) ;
#3921 = CARTESIAN_POINT ( 'NONE',  ( -3.332525600356689210, 38.96378586108292552, 13.59763959100848218 ) ) ;
#3922 = ADVANCED_FACE ( 'NONE', ( #4656 ), #6194, .F. ) ;
#3923 = CARTESIAN_POINT ( 'NONE',  ( 4.057910833832229613, 21.57769181599062946, -12.74082138930239516 ) ) ;
#3924 = CARTESIAN_POINT ( 'NONE',  ( 5.703698528538590828, 34.68257529261026662, -12.78545357410412997 ) ) ;
#3925 = CARTESIAN_POINT ( 'NONE',  ( -2.434399678984274118, 20.13261207687986243, 13.23176100205855299 ) ) ;
#3926 = CARTESIAN_POINT ( 'NONE',  ( 13.08582548642292842, 37.96928389418152960, 3.600572118050348269 ) ) ;
#3927 = CARTESIAN_POINT ( 'NONE',  ( 2.648690145665284046, 38.74390169723758959, 13.18272709041976576 ) ) ;
#3928 = AXIS2_PLACEMENT_3D ( 'NONE', #1353, #2606, #6613 ) ;
#3929 = ADVANCED_FACE ( 'NONE', ( #3628 ), #3664, .T. ) ;
#3930 = CARTESIAN_POINT ( 'NONE',  ( -13.29974633396757255, 39.03486818307207784, 2.106334979879309177 ) ) ;
#3931 = CARTESIAN_POINT ( 'NONE',  ( 12.99270295623131588, 35.69937339569965218, -5.214423616354934232 ) ) ;
#3932 = CARTESIAN_POINT ( 'NONE',  ( 13.20318575009451045, 20.64278704591825786, 3.181512712222803518 ) ) ;
#3933 = CARTESIAN_POINT ( 'NONE',  ( -4.918612659163525080, 23.59769638358479682, -12.36839355454996436 ) ) ;
#3934 = CARTESIAN_POINT ( 'NONE',  ( -0.7556468484564689003, 19.04773160272526056, -13.97990102065496032 ) ) ;
#3935 = CARTESIAN_POINT ( 'NONE',  ( 13.17219753194038212, 20.74157176474553310, 3.297861390769908585 ) ) ;
#3936 = AXIS2_PLACEMENT_3D ( 'NONE', #4374, #528, #3242 ) ;
#3937 = CARTESIAN_POINT ( 'NONE',  ( 13.22172084369954348, 38.41532963592620575, -3.109959333104845847 ) ) ;
#3938 = CARTESIAN_POINT ( 'NONE',  ( 13.93069389160452332, 19.46902799724622923, -1.401749590273819290 ) ) ;
#3939 = B_SPLINE_CURVE_WITH_KNOTS ( 'NONE', 3,
 ( #2900, #2831, #6389, #3580, #5870, #721, #5713, #3427, #1155, #637, #6833, #604, #4569, #4146, #6950, #1235, #47, #124, #2867, #5203, #2306, #1713, #6424, #2344, #5132, #1836, #3996, #4603, #5283, #6866, #5831, #2981, #6273, #4113 ),
 .UNSPECIFIED., .F., .F.,
 ( 4, 2, 2, 2, 2, 2, 2, 2, 2, 2, 2, 2, 2, 2, 2, 2, 4 ),
 ( 0.5003935988720435990, 0.5628443990130385099, 0.5940697990835359654, 0.6252951991540333099, 0.6565205992245306543, 0.6877459992950281098, 0.7189713993655253432, 0.7501967994360227987, 0.7814221995065202542, 0.7970348995417684268, 0.8126475995770165994, 0.8750983997180106222, 0.8907110997532595720, 0.9063237997885085218, 0.9219364998237575826, 0.9375491998590064213, 1.000000000000000000 ),
 .UNSPECIFIED. ) ;
#3940 = ORIENTED_EDGE ( 'NONE', *, *, #5810, .T. ) ;
#3941 = ADVANCED_FACE ( 'NONE', ( #6020 ), #940, .T. ) ;
#3942 = AXIS2_PLACEMENT_3D ( 'NONE', #445, #2703, #2045 ) ;
#3943 = CARTESIAN_POINT ( 'NONE',  ( 3.413462379250222334, 38.15375119653307223, -12.96736205550559440 ) ) ;
#3944 = CARTESIAN_POINT ( 'NONE',  ( -3.327365498151797940, 38.96803034358540430, -13.59906280377224164 ) ) ;
#3945 = CARTESIAN_POINT ( 'NONE',  ( -0.8196811705556505956, 19.56695404817262940, 13.47015723515029251 ) ) ;
#3946 = CARTESIAN_POINT ( 'NONE',  ( 13.89309889220411520, 19.56845050886804316, 1.728809356861244595 ) ) ;
#3947 = CARTESIAN_POINT ( 'NONE',  ( -13.42767872827304920, 19.66361449219354895, 1.269291353975039449 ) ) ;
#3948 = DIRECTION ( 'NONE',  ( 1.000000000000000000, 0.000000000000000000, 0.000000000000000000 ) ) ;
#3949 = EDGE_LOOP ( 'NONE', ( #6443, #4701, #5514, #6897 ) ) ;
#3950 = CARTESIAN_POINT ( 'NONE',  ( 5.334180630738954321, 22.54437407875889576, -12.94420506000745341 ) ) ;
#3951 = VECTOR ( 'NONE', #3552, 1000.000000000000000 ) ;
#3952 = CARTESIAN_POINT ( 'NONE',  ( -18.50000000000000000, 0.000000000000000000, 1.750000000000000000 ) ) ;
#3953 = CARTESIAN_POINT ( 'NONE',  ( -12.78971457666346545, 24.13416342924090330, 5.694173872587171559 ) ) ;
#3954 = CARTESIAN_POINT ( 'NONE',  ( 13.93399656768003148, 39.53940018560095382, 1.358534596865404342 ) ) ;
#3955 = CARTESIAN_POINT ( 'NONE',  ( -13.10305694721427727, 38.53402152937066916, -2.954374791611400486 ) ) ;
#3956 = CARTESIAN_POINT ( 'NONE',  ( -11.48392590479280706, 37.55396667497155505, -3.972288696730136515 ) ) ;
#3957 = CARTESIAN_POINT ( 'NONE',  ( -0.5132620449310513200, 39.97787742664342403, -13.99066853216511319 ) ) ;
#3958 = CARTESIAN_POINT ( 'NONE',  ( -12.89465438079399107, 21.06536421908403511, -3.634023472299188207 ) ) ;
#3959 = CARTESIAN_POINT ( 'NONE',  ( -4.462181413903432592, 21.07310476452417447, 13.26999340780637660 ) ) ;
#3960 = LINE ( 'NONE', #2230, #6306 ) ;
#3961 = CARTESIAN_POINT ( 'NONE',  ( 12.69589763004109528, 34.50000000000000000, 5.119200799419105330 ) ) ;
#3962 = CARTESIAN_POINT ( 'NONE',  ( -2.372282631324176272, 39.50490764002083921, 13.79863535750954462 ) ) ;
#3963 = CARTESIAN_POINT ( 'NONE',  ( 4.689068714770032287, 36.23617133225998543, 12.47580377301256682 ) ) ;
#3964 = CARTESIAN_POINT ( 'NONE',  ( 3.330003930698159031, 38.96890863302760977, -13.59912592978138157 ) ) ;
#3965 = CARTESIAN_POINT ( 'NONE',  ( -1.995988435365201541, 19.91563227791938218, 13.32027703028661314 ) ) ;
#3966 = CARTESIAN_POINT ( 'NONE',  ( 13.17019397592973462, 38.25191242137329795, 3.305137635381808270 ) ) ;
#3967 = CARTESIAN_POINT ( 'NONE',  ( -4.885899535051051679, 35.56284606242875412, 12.38406334771729078 ) ) ;
#3968 = CARTESIAN_POINT ( 'NONE',  ( 2.916846679560655797, 38.56184611942842366, 13.11338220583994563 ) ) ;
#3969 = EDGE_CURVE ( 'NONE', #3816, #6406, #4342, .T. ) ;
#3970 = CARTESIAN_POINT ( 'NONE',  ( -13.26186817760250669, 38.94221634152162181, -2.295026805776338996 ) ) ;
#3971 = CARTESIAN_POINT ( 'NONE',  ( -3.767326279347889439, 20.36660113057441279, 13.48440826314029728 ) ) ;
#3972 = CARTESIAN_POINT ( 'NONE',  ( 13.14284637572429837, 20.83749971954136981, 3.403921125541969239 ) ) ;
#3973 = CARTESIAN_POINT ( 'NONE',  ( 1.753299717222386311, 19.26552483376247693, -13.89007081705471514 ) ) ;
#3974 = CARTESIAN_POINT ( 'NONE',  ( 12.76122235086844370, 22.42339624146244148, 4.549104524150305195 ) ) ;
#3975 = CARTESIAN_POINT ( 'NONE',  ( 13.56191847840651654, 39.37070978135333377, -1.141561411907157986 ) ) ;
#3976 = CARTESIAN_POINT ( 'NONE',  ( 12.94919270031286196, 23.80770895349752792, 5.322050339446283473 ) ) ;
#3977 = ORIENTED_EDGE ( 'NONE', *, *, #3743, .F. ) ;
#3978 = CARTESIAN_POINT ( 'NONE',  ( 3.849181933565754665, 37.69122240892303211, -12.81883183685424399 ) ) ;
#3979 = CARTESIAN_POINT ( 'NONE',  ( -0.8196811705556665828, 39.43304595182735994, -13.47015723515028540 ) ) ;
#3980 = CARTESIAN_POINT ( 'NONE',  ( -3.809226062134150048, 21.26020203208701531, 12.83340115196991249 ) ) ;
#3981 = CARTESIAN_POINT ( 'NONE',  ( 13.39183942174743258, 21.12474175274575217, 4.081904354803451263 ) ) ;
#3982 = CARTESIAN_POINT ( 'NONE',  ( -13.48098204071396822, 19.54257621979902382, -0.6563298320562473975 ) ) ;
#3983 = ADVANCED_FACE ( 'NONE', ( #356 ), #2022, .T. ) ;
#3984 = DIRECTION ( 'NONE',  ( 0.000000000000000000, 0.000000000000000000, -1.000000000000000000 ) ) ;
#3985 = ORIENTED_EDGE ( 'NONE', *, *, #4778, .F. ) ;
#3986 = CARTESIAN_POINT ( 'NONE',  ( 13.06802599199339454, 21.09308037219610910, 3.659644877476742053 ) ) ;
#3987 = DIRECTION ( 'NONE',  ( 0.000000000000000000, -1.000000000000000000, 0.000000000000000000 ) ) ;
#3988 = FACE_OUTER_BOUND ( 'NONE', #2662, .T. ) ;
#3989 = CARTESIAN_POINT ( 'NONE',  ( 13.96666127856449258, 39.62419485398261543, 0.9694957550715995742 ) ) ;
#3990 = CARTESIAN_POINT ( 'NONE',  ( -13.48552889693684165, 39.46762670294203446, 0.5740952870516843332 ) ) ;
#3991 = CARTESIAN_POINT ( 'NONE',  ( -12.85066058294134450, 35.75918784442322362, -5.555370177160002143 ) ) ;
#3992 = CARTESIAN_POINT ( 'NONE',  ( -0.7487021014490951032, 39.95316568493413456, -13.98027744105184134 ) ) ;
#3993 = CARTESIAN_POINT ( 'NONE',  ( -12.99846936744300585, 20.75603220081987388, -3.314265686318526249 ) ) ;
#3994 = CARTESIAN_POINT ( 'NONE',  ( -5.632798964051839441, 23.63425614176649603, 12.81684968103182598 ) ) ;
#3995 = DIRECTION ( 'NONE',  ( 0.000000000000000000, 0.7071067811865470176, 0.7071067811865479058 ) ) ;
#3996 = CARTESIAN_POINT ( 'NONE',  ( 5.424430237746597605, 36.20234531981395776, 12.90645016868687200 ) ) ;
#3997 = CARTESIAN_POINT ( 'NONE',  ( -5.551181107128947190, 35.76664254145197930, -12.85243243397811241 ) ) ;
#3998 = CARTESIAN_POINT ( 'NONE',  ( 4.989640111671467260, 34.83229802068429137, 12.33391031146498307 ) ) ;
#3999 = CARTESIAN_POINT ( 'NONE',  ( -2.385091477193871601, 20.10548206890380740, 13.24262678785521175 ) ) ;
#4000 = CARTESIAN_POINT ( 'NONE',  ( 12.91996411745342144, 37.33952243746359301, 4.115555783991189820 ) ) ;
#4001 = DIRECTION ( 'NONE',  ( 0.000000000000000000, -1.000000000000000000, 0.000000000000000000 ) ) ;
#4002 = VERTEX_POINT ( 'NONE', #251 ) ;
#4003 = CARTESIAN_POINT ( 'NONE',  ( -13.39399478054925119, 39.25857531895422881, 1.535452211076191009 ) ) ;
#4004 = CARTESIAN_POINT ( 'NONE',  ( -0.7589124459124040323, 19.03698889168832764, 13.98425468436858843 ) ) ;
#4005 = CARTESIAN_POINT ( 'NONE',  ( 13.14800007883103028, 20.82047688179488887, -3.385586292883660864 ) ) ;
#4006 = CARTESIAN_POINT ( 'NONE',  ( 3.251814073593595644, 19.98054641647892637, -13.61733902678894559 ) ) ;
#4007 = CARTESIAN_POINT ( 'NONE',  ( -5.703703114510191519, 24.50000000000001421, -12.78545152826159637 ) ) ;
#4008 = CARTESIAN_POINT ( 'NONE',  ( 13.54633293040551933, 39.33070345052067296, -1.300445610738939717 ) ) ;
#4009 = DIRECTION ( 'NONE',  ( -8.881784197001252323E-16, 0.000000000000000000, -1.000000000000000000 ) ) ;
#4010 = DIRECTION ( 'NONE',  ( -0.000000000000000000, -1.000000000000000000, -0.000000000000000000 ) ) ;
#4011 = ORIENTED_EDGE ( 'NONE', *, *, #2464, .T. ) ;
#4012 = CARTESIAN_POINT ( 'NONE',  ( 2.751414200951855626, 38.67490519577523855, -13.15636920601100179 ) ) ;
#4013 = CARTESIAN_POINT ( 'NONE',  ( 1.309464140770310037, 39.32566259632102401, -13.42300906434764940 ) ) ;
#4014 = DIRECTION ( 'NONE',  ( 1.206107350727848108E-16, 0.000000000000000000, -1.000000000000000000 ) ) ;
#4015 = CARTESIAN_POINT ( 'NONE',  ( 13.82286360204871478, 19.75877314686182729, 2.220383302429847383 ) ) ;
#4016 = CARTESIAN_POINT ( 'NONE',  ( -13.49647389307612677, 19.50787350752064953, -0.2835621117645356626 ) ) ;
#4017 = LINE ( 'NONE', #4057, #2000 ) ;
#4018 = ORIENTED_EDGE ( 'NONE', *, *, #3194, .F. ) ;
#4019 = CARTESIAN_POINT ( 'NONE',  ( 4.757645877686545788, 22.96167395099866226, 12.44434331412340455 ) ) ;
#4020 = CARTESIAN_POINT ( 'NONE',  ( 4.989640111671750589, 24.16770197931994701, -12.33391031146498307 ) ) ;
#4021 = VECTOR ( 'NONE', #4574, 1000.000000000000114 ) ;
#4022 = CARTESIAN_POINT ( 'NONE',  ( -12.78545144272253786, 24.31619618223386681, 5.703697540710732206 ) ) ;
#4023 = CARTESIAN_POINT ( 'NONE',  ( 13.15184544376767306, 36.81665108593931990, -4.798896066459630738 ) ) ;
#4024 = CARTESIAN_POINT ( 'NONE',  ( -12.88955923427051609, 37.91903968037259176, -3.649203048306367325 ) ) ;
#4025 = CARTESIAN_POINT ( 'NONE',  ( -12.78545152826161946, 34.50000000000000000, -5.703703114510133787 ) ) ;
#4026 = CARTESIAN_POINT ( 'NONE',  ( 0.7556468484564381471, 39.95226839727475721, -13.97990102065496210 ) ) ;
#4027 = CARTESIAN_POINT ( 'NONE',  ( -13.39908123065864665, 19.72960876500162897, -1.498366509588007434 ) ) ;
#4028 = AXIS2_PLACEMENT_3D ( 'NONE', #7382, #5119, #3984 ) ;
#4029 = EDGE_CURVE ( 'NONE', #7043, #6519, #4771, .T. ) ;
#4030 = CARTESIAN_POINT ( 'NONE',  ( -1.753299717222388310, 19.26552483376248404, 13.89007081705471514 ) ) ;
#4031 = CARTESIAN_POINT ( 'NONE',  ( 12.98407065148452944, 23.39247256915455964, -5.235862345368217596 ) ) ;
#4032 = LINE ( 'NONE', #6310, #4420 ) ;
#4033 = CARTESIAN_POINT ( 'NONE',  ( 3.021468446641566441, 39.16829146179403409, 13.67097601622316461 ) ) ;
#4034 = CARTESIAN_POINT ( 'NONE',  ( 4.412969170213156822, 36.85070523624851546, 12.59706931276667063 ) ) ;
#4035 = CARTESIAN_POINT ( 'NONE',  ( -2.400313730724321637, 20.11378602184633024, 13.23929517711529513 ) ) ;
#4036 = VECTOR ( 'NONE', #3183, 1000.000000000000000 ) ;
#4037 = CARTESIAN_POINT ( 'NONE',  ( 12.67816615332361430, 36.03690344742134499, 4.758105788710192741 ) ) ;
#4038 = CARTESIAN_POINT ( 'NONE',  ( -3.802464630066468843, 12.98257072136393120, -11.54750738363638973 ) ) ;
#4039 = EDGE_LOOP ( 'NONE', ( #298, #4583, #5440, #5781, #4120, #3716 ) ) ;
#4040 = CARTESIAN_POINT ( 'NONE',  ( -13.15185873234299940, 38.66314236944315752, -2.769180223578349587 ) ) ;
#4041 = FACE_OUTER_BOUND ( 'NONE', #4212, .T. ) ;
#4042 = CARTESIAN_POINT ( 'NONE',  ( 13.15560928537647811, 20.79556671346014696, -3.358152911573939914 ) ) ;
#4043 = CARTESIAN_POINT ( 'NONE',  ( 4.518919828210150591, 21.14294417205533705, -13.25076436672375912 ) ) ;
#4044 = CARTESIAN_POINT ( 'NONE',  ( 1.714505518806294244E-15, 44.75000000000005684, 14.00000000000000000 ) ) ;
#4045 = CARTESIAN_POINT ( 'NONE',  ( 13.47089251292967838, 39.13210195652953161, -1.882906409314551111 ) ) ;
#4046 = CARTESIAN_POINT ( 'NONE',  ( 12.94744337855713034, 37.45251088472407730, -4.035193975274437683 ) ) ;
#4047 = CARTESIAN_POINT ( 'NONE',  ( 13.15131076272116672, 36.81470548435497392, 4.800480930594964946 ) ) ;
#4048 = CARTESIAN_POINT ( 'NONE',  ( 13.07263714346161798, 22.65393069125624237, -5.010706911570822264 ) ) ;
#4049 = ORIENTED_EDGE ( 'NONE', *, *, #4061, .F. ) ;
#4050 = CARTESIAN_POINT ( 'NONE',  ( 2.001732616152981592, 39.08248789607170437, -13.31946312805732902 ) ) ;
#4051 = VECTOR ( 'NONE', #4265, 1000.000000000000000 ) ;
#4052 = CARTESIAN_POINT ( 'NONE',  ( -0.4499375533974414587, 39.47988900188659755, -13.49100202159578110 ) ) ;
#4053 = VECTOR ( 'NONE', #5245, 1000.000000000000000 ) ;
#4054 = CARTESIAN_POINT ( 'NONE',  ( -4.966771218623796003, 23.83734960074261267, -11.08867366358973072 ) ) ;
#4055 = CARTESIAN_POINT ( 'NONE',  ( 13.08810860435272438, 21.02236509409265608, -3.593405431183678278 ) ) ;
#4056 = CARTESIAN_POINT ( 'NONE',  ( -13.85314853604837992, 39.64302891737837342, -2.029858609477894316 ) ) ;
#4057 = CARTESIAN_POINT ( 'NONE',  ( -7.499999999999994671, 45.00000000000000000, -11.82159041753689088 ) ) ;
#4058 = ORIENTED_EDGE ( 'NONE', *, *, #4540, .F. ) ;
#4059 = CARTESIAN_POINT ( 'NONE',  ( 12.89315433063570637, 21.77503308197203680, 4.192298469929654381 ) ) ;
#4060 = AXIS2_PLACEMENT_3D ( 'NONE', #2974, #713, #2261 ) ;
#4061 = EDGE_CURVE ( 'NONE', #3816, #7365, #130, .T. ) ;
#4062 = CARTESIAN_POINT ( 'NONE',  ( 4.957140336655261770, 23.84158697142650141, 12.34976450109782142 ) ) ;
#4063 = CARTESIAN_POINT ( 'NONE',  ( 4.997936797311997914, 24.33399340788314547, -12.32984480898539736 ) ) ;
#4064 = ORIENTED_EDGE ( 'NONE', *, *, #1202, .F. ) ;
#4065 = CARTESIAN_POINT ( 'NONE',  ( -13.58835512833718440, 20.06257670282174743, 3.370175340068906955 ) ) ;
#4066 = CARTESIAN_POINT ( 'NONE',  ( 13.79657959227281161, 39.16838095913283269, -2.379254246308371901 ) ) ;
#4067 = CARTESIAN_POINT ( 'NONE',  ( -18.50000000000000000, 3.499999999999984901, 0.000000000000000000 ) ) ;
#4068 = CARTESIAN_POINT ( 'NONE',  ( 3.256440451767180555, 39.01569977310630577, -13.61606148701394581 ) ) ;
#4069 = CARTESIAN_POINT ( 'NONE',  ( -12.94980138874331033, 20.89773597109768843, -3.468797687820761144 ) ) ;
#4070 = EDGE_CURVE ( 'NONE', #4403, #2336, #5461, .T. ) ;
#4071 = CARTESIAN_POINT ( 'NONE',  ( -4.345338910893555173, 20.93622254460033361, 13.30871208603376665 ) ) ;
#4072 = DIRECTION ( 'NONE',  ( 0.000000000000000000, 0.000000000000000000, -1.000000000000000000 ) ) ;
#4073 = CARTESIAN_POINT ( 'NONE',  ( -7.499999999999991118, 3.667153101122016423, 13.37365826964792603 ) ) ;
#4074 = CARTESIAN_POINT ( 'NONE',  ( -0.6626552606837934345, 39.96350174304154024, 13.98461992168038748 ) ) ;
#4075 = CARTESIAN_POINT ( 'NONE',  ( 5.703703114510171979, 24.50000000000001421, 12.78545152826160347 ) ) ;
#4076 = CARTESIAN_POINT ( 'NONE',  ( 0.5061476900132613199, 14.00000000000000178, 14.00000000000000355 ) ) ;
#4077 = CARTESIAN_POINT ( 'NONE',  ( 3.593655930146677946, 21.02262498819552050, 12.90844367894735889 ) ) ;
#4078 = CARTESIAN_POINT ( 'NONE',  ( 11.29153415845846098, 22.27187850659854007, -4.488015800938530475 ) ) ;
#4079 = CARTESIAN_POINT ( 'NONE',  ( 1.846618629337085649, 39.14723847982317295, 13.34657716478095502 ) ) ;
#4080 = EDGE_CURVE ( 'NONE', #4867, #5273, #2600, .T. ) ;
#4081 = ORIENTED_EDGE ( 'NONE', *, *, #7310, .T. ) ;
#4082 = B_SPLINE_CURVE_WITH_KNOTS ( 'NONE', 3,
 ( #2079, #7199, #3837, #2629, #4363, #4934, #5084, #2743, #7271, #6077, #1032, #3909, #3231, #6635, #3267, #6187, #2666, #1068, #1516, #3343 ),
 .UNSPECIFIED., .F., .F.,
 ( 4, 2, 2, 2, 2, 2, 2, 2, 2, 4 ),
 ( 0.007907164396703848103, 0.008893980700687937474, 0.009880797004672028580, 0.01086761330865611969, 0.01185442961264020906, 0.01284124591662429843, 0.01333465406861634311, 0.01382806222060838780, 0.01481487852459245809, 0.01580169482857652838 ),
 .UNSPECIFIED. ) ;
#4083 = CARTESIAN_POINT ( 'NONE',  ( -12.84701007858259736, 37.78380365431091548, -3.770874616803391977 ) ) ;
#4084 = CARTESIAN_POINT ( 'NONE',  ( -4.165614940564288382, 20.73880991660795914, 13.36660551362080618 ) ) ;
#4085 = CARTESIAN_POINT ( 'NONE',  ( 13.12796867929344380, 20.88699461668046098, -3.456385233432973436 ) ) ;
#4086 = CARTESIAN_POINT ( 'NONE',  ( 5.469135409673459236, 24.50000000000000711, -12.63324383981809262 ) ) ;
#4087 = CARTESIAN_POINT ( 'NONE',  ( -4.366010438661044546, 22.06185965880623456, -12.61693223441078615 ) ) ;
#4088 = CARTESIAN_POINT ( 'NONE',  ( 4.966771218623785344, 35.16265039925738023, -11.08867366358973605 ) ) ;
#4089 = CARTESIAN_POINT ( 'NONE',  ( 12.63779973182273331, 35.69198684894810469, -4.856011998110036032 ) ) ;
#4090 = CARTESIAN_POINT ( 'NONE',  ( 12.57669683062193400, 34.49999999999999289, 5.000000000000000888 ) ) ;
#4091 = CARTESIAN_POINT ( 'NONE',  ( 13.34086537840880737, 21.32125682759685859, 4.245499367816010228 ) ) ;
#4092 = CARTESIAN_POINT ( 'NONE',  ( 4.444637833471638544, 36.79181658435349078, -12.58367752230684466 ) ) ;
#4093 = CARTESIAN_POINT ( 'NONE',  ( 2.820922919498008774, 38.62844655221270074, -13.13859881270512986 ) ) ;
#4094 = CARTESIAN_POINT ( 'NONE',  ( -1.911454544406247180, 19.87974842961094168, -13.33527210753185521 ) ) ;
#4095 = CARTESIAN_POINT ( 'NONE',  ( -0.6579593970587026552, 19.53248648271193488, -12.13652228187247140 ) ) ;
#4096 = CARTESIAN_POINT ( 'NONE',  ( 13.17148838217428874, 20.74267051419487373, -3.302829497860676256 ) ) ;
#4097 = CARTESIAN_POINT ( 'NONE',  ( -13.21140705271406546, 37.70959905916399890, -4.632729916779014800 ) ) ;
#4098 = CARTESIAN_POINT ( 'NONE',  ( -13.46344926528101560, 19.58210136607289442, 0.9061354478495889930 ) ) ;
#4099 = FACE_OUTER_BOUND ( 'NONE', #3200, .T. ) ;
#4100 = VERTEX_POINT ( 'NONE', #5985 ) ;
#4101 = CARTESIAN_POINT ( 'NONE',  ( 12.84426332151183203, 21.99594237253405637, 4.328553141512639257 ) ) ;
#4102 = CARTESIAN_POINT ( 'NONE',  ( -3.957568217892915463, 37.55629289226025236, -12.77890952824531112 ) ) ;
#4103 = CARTESIAN_POINT ( 'NONE',  ( 4.582997241981388470, 22.49946109570327479, -12.52344162747524692 ) ) ;
#4104 = ORIENTED_EDGE ( 'NONE', *, *, #2427, .F. ) ;
#4105 = LINE ( 'NONE', #6859, #734 ) ;
#4106 = CARTESIAN_POINT ( 'NONE',  ( 13.84177476228990677, 39.29310402556536985, -2.099280257222507107 ) ) ;
#4107 = CARTESIAN_POINT ( 'NONE',  ( -13.05778446740552567, 38.41105583457176920, -3.116118621752689499 ) ) ;
#4108 = CARTESIAN_POINT ( 'NONE',  ( 9.499999999999994671, 4.000000000000000000, -21.34313483298442549 ) ) ;
#4109 = CARTESIAN_POINT ( 'NONE',  ( -13.45316316101578558, 19.60543693699620249, -1.022246400508183495 ) ) ;
#4110 = ADVANCED_FACE ( 'NONE', ( #5913 ), #798, .T. ) ;
#4111 = CARTESIAN_POINT ( 'NONE',  ( 4.442776316276328075, 22.20471917822504437, 12.58446503268415562 ) ) ;
#4112 = CARTESIAN_POINT ( 'NONE',  ( 12.93800615894958739, 24.15397099593083041, -5.348677679744787916 ) ) ;
#4113 = CARTESIAN_POINT ( 'NONE',  ( 5.703703114510170202, 34.50000000000000000, 12.78545152826160347 ) ) ;
#4114 = CARTESIAN_POINT ( 'NONE',  ( 3.476011347220262948, 38.86153030304120648, 13.56182936677059736 ) ) ;
#4115 = B_SPLINE_CURVE_WITH_KNOTS ( 'NONE', 3,
 ( #3136, #4872, #2020, #6576, #4300, #1460, #899, #7248, #3205, #7176, #354, #6053, #4340, #6611, #3772, #938, #1386, #3662, #6834, #2307, #2271, #3885, #1714, #4451, #14, #3997, #2715, #1119, #6722, #6129, #4570, #5020, #4528, #6794 ),
 .UNSPECIFIED., .F., .F.,
 ( 4, 2, 2, 2, 2, 2, 2, 2, 2, 2, 2, 2, 2, 2, 2, 2, 4 ),
 ( 0.5003967268786159162, 0.5628471360187883299, 0.5940723405888744812, 0.6252975451589606326, 0.6877479542991334904, 0.7501983634393063483, 0.7814235680093922776, 0.8126487725794783179, 0.8282613748645217822, 0.8438739771495651354, 0.8750991817196520639, 0.9063243862897391034, 0.9219369885747825677, 0.9375495908598260320, 0.9531621931448694962, 0.9687747954299130715, 1.000000000000000000 ),
 .UNSPECIFIED. ) ;
#4116 = DIRECTION ( 'NONE',  ( 0.000000000000000000, -1.000000000000000000, -8.673617379884041635E-17 ) ) ;
#4117 = DIRECTION ( 'NONE',  ( 0.000000000000000000, -1.000000000000000000, 0.000000000000000000 ) ) ;
#4118 = CARTESIAN_POINT ( 'NONE',  ( 3.333582251188414336, 20.77341561461324559, 12.99244741167185779 ) ) ;
#4119 = CARTESIAN_POINT ( 'NONE',  ( -5.144255099813705989, 11.96291727462329035, -11.00882128454166953 ) ) ;
#4120 = ORIENTED_EDGE ( 'NONE', *, *, #6839, .F. ) ;
#4121 = CARTESIAN_POINT ( 'NONE',  ( -12.98870409700875683, 38.21577472620336380, -3.345601216851235460 ) ) ;
#4122 = CARTESIAN_POINT ( 'NONE',  ( 0.000000000000000000, 3.499999999999985789, 0.000000000000000000 ) ) ;
#4123 = CARTESIAN_POINT ( 'NONE',  ( 13.55723699543408323, 19.64132868609533134, -1.185458954595325354 ) ) ;
#4124 = DIRECTION ( 'NONE',  ( 0.000000000000000000, 8.673617379884041635E-17, -1.000000000000000000 ) ) ;
#4125 = CARTESIAN_POINT ( 'NONE',  ( 4.908007728350647803, 21.69761324799590696, -13.11152636582908393 ) ) ;
#4126 = FACE_OUTER_BOUND ( 'NONE', #1823, .T. ) ;
#4127 = CARTESIAN_POINT ( 'NONE',  ( 12.83109231094087654, 36.94038568765304831, -4.364195508483839525 ) ) ;
#4128 = CARTESIAN_POINT ( 'NONE',  ( 13.06175136837505413, 37.88470388775396458, -3.680242860254196113 ) ) ;
#4129 = CARTESIAN_POINT ( 'NONE',  ( 13.07281374429919474, 36.34724048512690331, 5.010246306057693388 ) ) ;
#4130 = CARTESIAN_POINT ( 'NONE',  ( 2.686714996303221969, 13.50651971316182909, -13.74171041431235274 ) ) ;
#4131 = ORIENTED_EDGE ( 'NONE', *, *, #1190, .F. ) ;
#4132 = CARTESIAN_POINT ( 'NONE',  ( 0.000000000000000000, 45.00000000000000000, 0.000000000000000000 ) ) ;
#4133 = CARTESIAN_POINT ( 'NONE',  ( 1.027468082397404059, 39.39346618586257165, -13.45268050123681114 ) ) ;
#4134 = CARTESIAN_POINT ( 'NONE',  ( -12.78545152826161946, 45.00000000000000000, -5.703703114510132011 ) ) ;
#4135 = CARTESIAN_POINT ( 'NONE',  ( 12.64959764776914319, 23.19783048398079117, -4.827633680932031268 ) ) ;
#4136 = CARTESIAN_POINT ( 'NONE',  ( -13.62521335860815874, 39.04129081328975559, -3.217941368346735498 ) ) ;
#4137 = CARTESIAN_POINT ( 'NONE',  ( 5.703703114510171979, 24.50000000000001421, 12.78545152826160347 ) ) ;
#4138 = ORIENTED_EDGE ( 'NONE', *, *, #6135, .T. ) ;
#4139 = CARTESIAN_POINT ( 'NONE',  ( -4.644550699230626023, 36.35164317175164683, -12.49592710255669026 ) ) ;
#4140 = CARTESIAN_POINT ( 'NONE',  ( 2.537575904183277942, 20.19159499047563600, -13.20832448881388643 ) ) ;
#4141 = VERTEX_POINT ( 'NONE', #2535 ) ;
#4142 = CARTESIAN_POINT ( 'NONE',  ( -13.26999340780638903, 21.07310476452418513, -4.462181413903389959 ) ) ;
#4143 = CARTESIAN_POINT ( 'NONE',  ( 13.12407149789203054, 36.66360412064037888, -4.874458661702170126 ) ) ;
#4144 = CARTESIAN_POINT ( 'NONE',  ( -13.44917931708978642, 19.61447813236248905, 1.066920012498610015 ) ) ;
#4145 = CARTESIAN_POINT ( 'NONE',  ( 1.625665516082752893, 19.76880104330979648, 13.38217273889676306 ) ) ;
#4146 = CARTESIAN_POINT ( 'NONE',  ( 3.767326279303651937, 38.63339886945418300, 13.48440826315219887 ) ) ;
#4147 = CARTESIAN_POINT ( 'NONE',  ( -1.447932209777617274, 39.82002359685574078, 13.92499993276642734 ) ) ;
#4148 = CARTESIAN_POINT ( 'NONE',  ( 3.543694065347801736, 38.02737450009504983, 12.92497929228354359 ) ) ;
#4149 = CARTESIAN_POINT ( 'NONE',  ( 4.962912056030384989, 12.12829394477397571, 13.09231239433387550 ) ) ;
#4150 = CARTESIAN_POINT ( 'NONE',  ( 3.854718054399839389, 21.31546214374304071, 12.81681985179618621 ) ) ;
#4151 = CARTESIAN_POINT ( 'NONE',  ( 12.71073209689840233, 36.26864382915159979, 4.677464555860514572 ) ) ;
#4152 = CARTESIAN_POINT ( 'NONE',  ( -6.491124190651299308, 10.28793003819653684, -10.27552159001598930 ) ) ;
#4153 = ORIENTED_EDGE ( 'NONE', *, *, #6803, .T. ) ;
#4154 = EDGE_CURVE ( 'NONE', #3034, #302, #2060, .T. ) ;
#4155 = CARTESIAN_POINT ( 'NONE',  ( -12.71733177542030901, 37.33585170145069299, -4.118073773633041057 ) ) ;
#4156 = LINE ( 'NONE', #6434, #4920 ) ;
#4157 = CARTESIAN_POINT ( 'NONE',  ( 13.45274336272160554, 19.91668213158233769, -1.999831130654375455 ) ) ;
#4158 = LINE ( 'NONE', #6470, #1673 ) ;
#4159 = CARTESIAN_POINT ( 'NONE',  ( 4.462181413903428151, 21.07310476452416381, -13.26999340780637660 ) ) ;
#4160 = CARTESIAN_POINT ( 'NONE',  ( 1.775246876952083719, 39.17707321254370356, -12.02057250157406365 ) ) ;
#4161 = CARTESIAN_POINT ( 'NONE',  ( -4.931326442114075448, 23.67309738651934836, 12.36225651903145284 ) ) ;
#4162 = CARTESIAN_POINT ( 'NONE',  ( 12.81276942717797240, 36.84978750461139185, -4.413457920766891363 ) ) ;
#4163 = CARTESIAN_POINT ( 'NONE',  ( 11.38639530735154359, 37.15416277544881041, -4.240494058451786508 ) ) ;
#4164 = CARTESIAN_POINT ( 'NONE',  ( 5.647112208392810473, 11.45883611660345380, -12.81577686831471397 ) ) ;
#4165 = ORIENTED_EDGE ( 'NONE', *, *, #1703, .T. ) ;
#4166 = EDGE_CURVE ( 'NONE', #1780, #257, #7178, .T. ) ;
#4167 = LINE ( 'NONE', #2405, #3103 ) ;
#4168 = CARTESIAN_POINT ( 'NONE',  ( -3.592534665436448726, 37.97853837652176878, -12.90882221739414071 ) ) ;
#4169 = CARTESIAN_POINT ( 'NONE',  ( -2.436749673388236559, 20.13328770615063945, -13.23144411093428374 ) ) ;
#4170 = CARTESIAN_POINT ( 'NONE',  ( 12.98510016754705276, 23.38345834621769370, 5.233286314861244293 ) ) ;
#4171 = CARTESIAN_POINT ( 'NONE',  ( -12.60949393166594668, 22.09462700357402554, -4.383590880285606950 ) ) ;
#4172 = CYLINDRICAL_SURFACE ( 'NONE', #2228, 5.000000000000000000 ) ;
#4173 = ORIENTED_EDGE ( 'NONE', *, *, #3708, .F. ) ;
#4174 = EDGE_CURVE ( 'NONE', #5650, #302, #4874, .T. ) ;
#4175 = AXIS2_PLACEMENT_3D ( 'NONE', #1568, #2093, #6131 ) ;
#4176 = CARTESIAN_POINT ( 'NONE',  ( -3.717935608425694927, 37.84321439611041882, -12.86562106088581281 ) ) ;
#4177 = CARTESIAN_POINT ( 'NONE',  ( 1.140077555567936551, 19.63154233883753719, -13.44169410525085517 ) ) ;
#4178 = CARTESIAN_POINT ( 'NONE',  ( -13.99516733005112634, 19.01144792350536505, -0.3708736252890427743 ) ) ;
#4179 = CARTESIAN_POINT ( 'NONE',  ( 13.21906225659761347, 37.15380299289579824, -4.610528039929816302 ) ) ;
#4180 = CONICAL_SURFACE ( 'NONE', #6445, 1.750000000000000000, 0.7853981633974489451 ) ;
#4181 = CARTESIAN_POINT ( 'NONE',  ( -13.21587577326596197, 20.17236649577061058, 2.505635748170391253 ) ) ;
#4182 = AXIS2_PLACEMENT_3D ( 'NONE', #3824, #1616, #3749 ) ;
#4183 = VECTOR ( 'NONE', #6340, 1000.000000000000000 ) ;
#4184 = DIRECTION ( 'NONE',  ( 0.000000000000000000, -1.000000000000000000, 0.000000000000000000 ) ) ;
#4185 = CARTESIAN_POINT ( 'NONE',  ( -1.218150705172931891, 39.87329262864962232, 13.94697973370184485 ) ) ;
#4186 = CARTESIAN_POINT ( 'NONE',  ( 3.709144386759172907, 37.85296133011375019, 12.86869030475471476 ) ) ;
#4187 = CARTESIAN_POINT ( 'NONE',  ( 3.345601216829030999, 20.78422527377662732, 12.98870409701574324 ) ) ;
#4188 = CARTESIAN_POINT ( 'NONE',  ( 12.04569001182091981, 19.75764899099972638, 1.618379571330109234 ) ) ;
#4189 = CARTESIAN_POINT ( 'NONE',  ( 4.999999708619927041, 34.58356962949728342, 12.32882844306657510 ) ) ;
#4190 = VERTEX_POINT ( 'NONE', #6504 ) ;
#4191 = CARTESIAN_POINT ( 'NONE',  ( -12.92966737449791914, 38.04153000213716496, -3.529542010681487429 ) ) ;
#4192 = LINE ( 'NONE', #1349, #5388 ) ;
#4193 = CARTESIAN_POINT ( 'NONE',  ( 13.02345623761101656, 21.25408182273500302, -3.803212525144235467 ) ) ;
#4194 = CARTESIAN_POINT ( 'NONE',  ( 0.000000000000000000, 45.00000000000000000, 0.000000000000000000 ) ) ;
#4195 = CARTESIAN_POINT ( 'NONE',  ( -3.649203048306373987, 21.08096031962739048, -12.88955923427047701 ) ) ;
#4196 = DIRECTION ( 'NONE',  ( 0.000000000000000000, -1.000000000000000000, 0.000000000000000000 ) ) ;
#4197 = CARTESIAN_POINT ( 'NONE',  ( 0.000000000000000000, 14.00000000000000000, 0.000000000000000000 ) ) ;
#4198 = CARTESIAN_POINT ( 'NONE',  ( 13.27419876065306603, 38.57565693610693813, -2.896874339178268087 ) ) ;
#4199 = CARTESIAN_POINT ( 'NONE',  ( 13.04986934571420498, 36.18549190271108529, 5.069628763948053951 ) ) ;
#4200 = DIRECTION ( 'NONE',  ( 3.041637444052560821E-16, 1.000000000000000000, 8.673617379884041635E-17 ) ) ;
#4201 = EDGE_LOOP ( 'NONE', ( #313, #959, #5894, #1028, #1737, #2693, #6557 ) ) ;
#4202 = CARTESIAN_POINT ( 'NONE',  ( 4.646744365601632509, 36.34796407521457695, -12.49499534281453705 ) ) ;
#4203 = CARTESIAN_POINT ( 'NONE',  ( -4.989584202000890478, 34.83312777447439856, -12.33393433899859382 ) ) ;
#4204 = CARTESIAN_POINT ( 'NONE',  ( 0.1577780455380966562, 19.49979785363061069, -13.50009008622429718 ) ) ;
#4205 = CARTESIAN_POINT ( 'NONE',  ( -5.119861517651621341, 36.95024532308259069, 13.03114715586930750 ) ) ;
#4206 = CARTESIAN_POINT ( 'NONE',  ( 13.59988581010997422, 19.53281389520657640, 0.5733899484312129369 ) ) ;
#4207 = CARTESIAN_POINT ( 'NONE',  ( -12.64325777577638021, 21.95237545888481989, -4.302474751766710348 ) ) ;
#4208 = B_SPLINE_CURVE_WITH_KNOTS ( 'NONE', 3,
 ( #6896, #1779, #4063, #4020, #6126, #668, #5527, #6380, #2931, #5017, #3882, #1599, #5230, #1826, #5598, #1635, #7278, #3846, #420, #6940, #5059, #2160, #6341, #4103, #114, #2125, #1225, #3240, #4448, #2892, #3493, #3454, #4411, #6299, #4634, #486, #6719, #5742, #5780, #76, #2373, #1040, #5561, #1007, #2674, #6161, #4978, #7245, #3274, #3313, #1183, #2754, #7317, #2194, #4484, #629, #5194, #781, #300, #2549, #6980, #6489, #2971, #156, #2413, #4822, #5308, #4713, #1969, #7125, #4788, #5339, #4246, #3679, #6517, #1865, #2003, #5964, #1369, #232, #4140, #6415, #847, #1297, #3572, #7055, #3644, #3119, #190, #2449, #3081, #5374, #7016, #5861, #750, #3008, #4751, #1900, #266, #4177, #6453, #1333, #2519, #1253, #4815, #840, #3001, #4204, #7083, #6480, #3524, #223, #1361, #7009, #5301, #3636, #1959, #4238, #3111, #5401, #1819, #700, #4665, #1857, #4094, #6373, #2963, #4704, #6972, #183, #2442, #1893, #4169, #1325, #3820, #2614, #1576, #4426, #5994, #5540, #6545, #4847, #1433, #6104, #4314, #7116, #3254, #3859, #3782, #7186, #2688, #4992, #7257, #874, #6139, #2138, #398, #6620, #3709, #3289, #5504, #293, #2574, #1501, #2652, #1993, #1468, #3746, #7220, #6063, #6027, #4276, #4882, #947, #3145, #4923, #7150, #3215, #5435, #326, #4349, #1538, #4958, #2100, #2032, #909, #3179, #5469, #363, #2068, #4386, #6656, #1688, #7332, #6807, #5686, #3896, #502, #5072, #2207, #3402, #6767, #25, #1650, #3933, #6213, #1095, #5652, #2245, #5763, #6502 ),
 .UNSPECIFIED., .F., .F.,
 ( 4, 2, 2, 1, 2, 2, 1, 1, 2, 2, 2, 1, 2, 2, 2, 1, 1, 2, 2, 2, 1, 1, 2, 2, 2, 1, 1, 1, 2, 2, 2, 1, 2, 2, 1, 1, 2, 2, 2, 1, 1, 1, 2, 2, 2, 1, 1, 2, 2, 2, 1, 2, 2, 2, 1, 2, 2, 1, 2, 2, 1, 2, 2, 2, 2, 2, 2, 2, 2, 1, 2, 2, 1, 1, 2, 2, 2, 1, 2, 2, 2, 1, 1, 2, 2, 2, 1, 1, 2, 2, 1, 1, 1, 2, 2, 2, 1, 2, 2, 2, 1, 1, 2, 2, 2, 1, 1, 2, 2, 2, 1, 1, 2, 2, 2, 1, 2, 2, 2, 2, 2, 1, 2, 2, 2, 2, 4 ),
 ( 0.000000000000000000, 0.01562499999999530584, 0.03124999999999061168, 0.04687499999998591405, 0.05468749999998356870, 0.06249999999998122335, 0.07812499999997590816, 0.08593749999997359057, 0.08984374999997273015, 0.09374999999997186972, 0.1093749999999684697, 0.1171874999999670958, 0.1210937499999666794, 0.1249999999999662492, 0.1406249999999651945, 0.1484374999999649170, 0.1523437499999651112, 0.1542968749999649725, 0.1562499999999648337, 0.1718749999999610867, 0.1796874999999589495, 0.1835937499999578948, 0.1855468749999576172, 0.1874999999999573119, 0.2031249999999543421, 0.2109374999999526767, 0.2148437499999520384, 0.2167968749999516498, 0.2177734374999512612, 0.2187499999999508449, 0.2265624999999462652, 0.2304687499999439615, 0.2324218749999428513, 0.2343749999999417410, 0.2421874999999387434, 0.2460937499999374389, 0.2480468749999367728, 0.2499999999999361067, 0.2656249999999316103, 0.2734374999999293343, 0.2773437499999281686, 0.2792968749999276135, 0.2802734374999273914, 0.2812499999999271694, 0.2968749999999281131, 0.3046874999999283906, 0.3085937499999283351, 0.3105468749999281131, 0.3124999999999279465, 0.3281249999999275024, 0.3359374999999275024, 0.3398437499999272804, 0.3437499999999270583, 0.3593749999999260591, 0.3671874999999257816, 0.3710937499999254485, 0.3749999999999250599, 0.3906249999999234501, 0.3984374999999226730, 0.4062499999999218403, 0.4218749999999202860, 0.4296874999999195088, 0.4374999999999186762, 0.4531249999999171774, 0.4687499999999156231, 0.4999999999999125144, 0.5312499999999094058, 0.5468749999999078515, 0.5624999999999062972, 0.5781249999999047429, 0.5859374999999038547, 0.5937499999999030775, 0.6093749999999016342, 0.6171874999999009681, 0.6210937499999007461, 0.6249999999999006350, 0.6406249999998993028, 0.6484374999998988587, 0.6523437499998987477, 0.6562499999998985256, 0.6718749999998975264, 0.6796874999998969713, 0.6835937499998965272, 0.6855468749998963052, 0.6874999999998960831, 0.7031249999998946398, 0.7109374999998941957, 0.7148437499998939737, 0.7167968749998937517, 0.7187499999998936406, 0.7265624999998937517, 0.7304687499998937517, 0.7324218749998936406, 0.7333984374998935296, 0.7343749999998935296, 0.7421874999998965272, 0.7460937499998980815, 0.7480468749998986366, 0.7499999999998990807, 0.7656249999999041878, 0.7734374999999067413, 0.7773437499999080735, 0.7792968749999087397, 0.7812499999999095168, 0.7968749999999154010, 0.8046874999999183986, 0.8085937499999197309, 0.8105468749999205080, 0.8124999999999211742, 0.8281249999999249489, 0.8359374999999268363, 0.8398437499999277245, 0.8417968749999285016, 0.8437499999999292788, 0.8593749999999347189, 0.8671874999999376055, 0.8710937499999394928, 0.8749999999999412692, 0.8906249999999482636, 0.8984374999999517053, 0.9062499999999551470, 0.9218749999999620304, 0.9296874999999655831, 0.9374999999999691358, 0.9531249999999769074, 0.9687499999999846789, 1.000000000000000000 ),
 .UNSPECIFIED. ) ;
#4209 = EDGE_LOOP ( 'NONE', ( #3985, #4104, #1854, #1262 ) ) ;
#4210 = B_SPLINE_CURVE_WITH_KNOTS ( 'NONE', 1,
 ( #789, #892 ),
 .UNSPECIFIED., .F., .F.,
 ( 2, 2 ),
 ( 0.000000000000000000, 1.000000000000000000 ),
 .UNSPECIFIED. ) ;
#4211 = CARTESIAN_POINT ( 'NONE',  ( -4.784849330111537569, 35.95107049841772806, -12.43170838603700368 ) ) ;
#4212 = EDGE_LOOP ( 'NONE', ( #1358, #2053, #2392, #4475 ) ) ;
#4213 = CARTESIAN_POINT ( 'NONE',  ( -13.19387144847085125, 21.35813888288912210, -4.682389296490459429 ) ) ;
#4214 = CARTESIAN_POINT ( 'NONE',  ( 12.89075408331456529, 37.21519386881845293, 4.199326560132996988 ) ) ;
#4215 = CARTESIAN_POINT ( 'NONE',  ( -13.93979289237739216, 39.85601399985018389, -1.310077089083524715 ) ) ;
#4216 = CARTESIAN_POINT ( 'NONE',  ( -12.66613266080976885, 21.85952364500445100, 4.246700769277496512 ) ) ;
#4217 = DIRECTION ( 'NONE',  ( -0.000000000000000000, -1.000000000000000000, -0.000000000000000000 ) ) ;
#4218 = CARTESIAN_POINT ( 'NONE',  ( 5.625134224076535183, 35.41090340427182070, 12.82021630050982530 ) ) ;
#4219 = CARTESIAN_POINT ( 'NONE',  ( 2.434399678949170642, 38.86738792313965263, 13.23176100206578454 ) ) ;
#4220 = CARTESIAN_POINT ( 'NONE',  ( -13.36697259364097867, 20.73760966181564669, 4.164430037720503464 ) ) ;
#4221 = PRESENTATION_STYLE_ASSIGNMENT (( #310 ) ) ;
#4222 = CARTESIAN_POINT ( 'NONE',  ( 11.89021982401207644, 20.16602238993225171, 2.514291828823880248 ) ) ;
#4223 = CARTESIAN_POINT ( 'NONE',  ( 4.195267373628937868, 37.22145622933269493, 12.68686278043294635 ) ) ;
#4224 = ORIENTED_EDGE ( 'NONE', *, *, #5798, .F. ) ;
#4225 = CARTESIAN_POINT ( 'NONE',  ( -12.40615633512734206, 35.76159232721533243, -4.839440520745061036 ) ) ;
#4226 = PLANE ( 'NONE',  #4559 ) ;
#4227 = CARTESIAN_POINT ( 'NONE',  ( 12.75690251223373650, 22.44874362402256196, -4.560165217822463646 ) ) ;
#4228 = DIRECTION ( 'NONE',  ( -0.000000000000000000, -1.000000000000000000, -0.000000000000000000 ) ) ;
#4229 = CARTESIAN_POINT ( 'NONE',  ( -2.820922919498025649, 20.37155344778729216, -13.13859881270512453 ) ) ;
#4230 = CARTESIAN_POINT ( 'NONE',  ( -24.00000000000000355, 34.49999999999999289, -4.999999999999999112 ) ) ;
#4231 = CARTESIAN_POINT ( 'NONE',  ( 12.59558107738995858, 35.16301669674083996, -4.956019798426457790 ) ) ;
#4232 = CARTESIAN_POINT ( 'NONE',  ( 13.38447185114973870, 38.89525598012677676, -2.383731390644631798 ) ) ;
#4233 = CARTESIAN_POINT ( 'NONE',  ( -1.852304963074929534, 39.14428674374953943, 13.34536915249916511 ) ) ;
#4234 = PLANE ( 'NONE',  #7022 ) ;
#4235 = ORIENTED_EDGE ( 'NONE', *, *, #1375, .T. ) ;
#4236 = CARTESIAN_POINT ( 'NONE',  ( -12.58659725603197366, 36.80398026190873395, 4.437617773981632929 ) ) ;
#4237 = CARTESIAN_POINT ( 'NONE',  ( 13.20840581496124244, 37.11736791294818971, 4.645428924214896504 ) ) ;
#4238 = CARTESIAN_POINT ( 'NONE',  ( -1.387849626158954131, 19.69629182500344200, -13.41347779377565530 ) ) ;
#4239 = CARTESIAN_POINT ( 'NONE',  ( -4.528403227616835965E-13, 39.99999955379117722, 13.99999999864343359 ) ) ;
#4240 = CARTESIAN_POINT ( 'NONE',  ( 13.45303584370152450, 19.91595053257200831, 1.997043446241472564 ) ) ;
#4241 = CARTESIAN_POINT ( 'NONE',  ( -13.91009967128694313, 39.78365571760263464, -1.584681556434799132 ) ) ;
#4242 = FACE_OUTER_BOUND ( 'NONE', #1592, .T. ) ;
#4243 = VERTEX_POINT ( 'NONE', #831 ) ;
#4244 = CARTESIAN_POINT ( 'NONE',  ( -4.471098792072599970, 36.73882054890947302, -12.57228049769874545 ) ) ;
#4245 = EDGE_CURVE ( 'NONE', #4141, #1923, #3774, .T. ) ;
#4246 = CARTESIAN_POINT ( 'NONE',  ( 2.940803362808821930, 20.45607565244481663, -13.10674025047783253 ) ) ;
#4247 = CARTESIAN_POINT ( 'NONE',  ( 13.40862389131449994, 21.06236376116900288, -4.026473537913708434 ) ) ;
#4248 = EDGE_LOOP ( 'NONE', ( #3561, #4381, #1404, #2403 ) ) ;
#4249 = CARTESIAN_POINT ( 'NONE',  ( -13.51401187672898985, 20.27894690804997069, -3.656893671946385815 ) ) ;
#4250 = CARTESIAN_POINT ( 'NONE',  ( 13.26061233224915448, 38.53466804913983879, 2.953491610624594976 ) ) ;
#4251 = CARTESIAN_POINT ( 'NONE',  ( -13.79847244100853665, 39.50449378017990654, -2.373304587136258359 ) ) ;
#4252 = CARTESIAN_POINT ( 'NONE',  ( -13.16309275358620923, 20.30759268986038535, 2.724794792064404447 ) ) ;
#4253 = ADVANCED_FACE ( 'NONE', ( #4267 ), #4410, .T. ) ;
#4254 = CARTESIAN_POINT ( 'NONE',  ( 5.000000000000005329, 34.50000000000000711, -12.32882846293108337 ) ) ;
#4255 = CARTESIAN_POINT ( 'NONE',  ( -2.079598625401995360, 39.04991643127424084, 13.30582717154891625 ) ) ;
#4256 = CARTESIAN_POINT ( 'NONE',  ( 3.549617570061632144, 38.02140836447217964, 12.92300924958916220 ) ) ;
#4257 = DIRECTION ( 'NONE',  ( -0.000000000000000000, 1.000000000000000000, -0.000000000000000000 ) ) ;
#4258 = CARTESIAN_POINT ( 'NONE',  ( 11.07350441368946292, 24.16563094095209507, 4.999999999999999112 ) ) ;
#4259 = CARTESIAN_POINT ( 'NONE',  ( 4.383590880285606950, 36.90537299642596736, 12.60949393166591292 ) ) ;
#4260 = ORIENTED_EDGE ( 'NONE', *, *, #6407, .F. ) ;
#4261 = EDGE_CURVE ( 'NONE', #1134, #6519, #6538, .T. ) ;
#4262 = CARTESIAN_POINT ( 'NONE',  ( -12.45612845991591122, 36.11521825375079686, -4.732093756811623031 ) ) ;
#4263 = DIRECTION ( 'NONE',  ( 0.000000000000000000, -1.000000000000000000, 0.000000000000000000 ) ) ;
#4264 = CARTESIAN_POINT ( 'NONE',  ( 12.94634082563813671, 21.55176666395560048, -4.038534909319818844 ) ) ;
#4265 = DIRECTION ( 'NONE',  ( 0.000000000000000000, -1.000000000000000000, 0.000000000000000000 ) ) ;
#4266 = CARTESIAN_POINT ( 'NONE',  ( -0.6624177602565506362, 19.54339193592381108, -13.48061906389666653 ) ) ;
#4267 = FACE_OUTER_BOUND ( 'NONE', #4039, .T. ) ;
#4268 = CARTESIAN_POINT ( 'NONE',  ( -3.709144386759170242, 21.14703866988622494, 12.86869030475483200 ) ) ;
#4269 = AXIS2_PLACEMENT_3D ( 'NONE', #3489, #3377, #4669 ) ;
#4270 = CARTESIAN_POINT ( 'NONE',  ( 13.57134462634961736, 39.39475127698557344, -1.021344017580709806 ) ) ;
#4271 = CARTESIAN_POINT ( 'NONE',  ( -3.457289114679610975, 38.11214033264197099, 12.95327285072420231 ) ) ;
#4272 = EDGE_LOOP ( 'NONE', ( #6059, #6736, #6590, #6295 ) ) ;
#4273 = AXIS2_PLACEMENT_3D ( 'NONE', #5924, #808, #263 ) ;
#4274 = CARTESIAN_POINT ( 'NONE',  ( -12.67188722126789990, 37.16273978128818811, 4.232370933561147908 ) ) ;
#4275 = CARTESIAN_POINT ( 'NONE',  ( -3.419523776627247713, 38.14875980166328162, -12.96557111954839847 ) ) ;
#4276 = CARTESIAN_POINT ( 'NONE',  ( -3.973706809028886067, 21.46416613298279685, -12.77291130188717183 ) ) ;
#4277 = CARTESIAN_POINT ( 'NONE',  ( -5.299337663097267281, 22.46402362713914158, -12.95833794104592052 ) ) ;
#4278 = CARTESIAN_POINT ( 'NONE',  ( 13.28542725031341476, 20.39066239951135984, 2.849545967105002742 ) ) ;
#4279 = CARTESIAN_POINT ( 'NONE',  ( -12.32882844306662129, 24.41643037050269172, -4.999999708619926153 ) ) ;
#4280 = CARTESIAN_POINT ( 'NONE',  ( 0.000000000000000000, 44.74999999999998579, 12.15000000000000036 ) ) ;
#4281 = ORIENTED_EDGE ( 'NONE', *, *, #4080, .T. ) ;
#4282 = CARTESIAN_POINT ( 'NONE',  ( -3.105800349025503948, 38.41941914314141115, -13.06079719106776160 ) ) ;
#4283 = CARTESIAN_POINT ( 'NONE',  ( 4.479445552867576730, 22.27712439436592362, 12.56871297596163117 ) ) ;
#4284 = CARTESIAN_POINT ( 'NONE',  ( 13.99568276806701839, 19.30150031482376605, -0.3585991830744943432 ) ) ;
#4285 = ORIENTED_EDGE ( 'NONE', *, *, #2067, .F. ) ;
#4286 = CARTESIAN_POINT ( 'NONE',  ( -13.98499269927931543, 19.03561110102454279, -0.6548938153536016937 ) ) ;
#4287 = CARTESIAN_POINT ( 'NONE',  ( -13.85445939404586468, 39.64631220021913549, 2.021004511929593406 ) ) ;
#4288 = CARTESIAN_POINT ( 'NONE',  ( -13.28447375682481280, 20.00228107990820448, 2.184530099655546120 ) ) ;
#4289 = VERTEX_POINT ( 'NONE', #1604 ) ;
#4290 = VECTOR ( 'NONE', #7096, 1000.000000000000114 ) ;
#4291 = CARTESIAN_POINT ( 'NONE',  ( -2.534657739114516417, 19.56966288209710214, -13.76964969396006921 ) ) ;
#4292 = CARTESIAN_POINT ( 'NONE',  ( -4.198745285886928080, 37.21609091490674359, 12.68547047897266644 ) ) ;
#4293 = CARTESIAN_POINT ( 'NONE',  ( 2.892507242946277479, 38.57872686439498722, 13.11977440064445766 ) ) ;
#4294 = CARTESIAN_POINT ( 'NONE',  ( -2.512136218050628145, 38.83545953026399644, 11.89073670707139563 ) ) ;
#4295 = CARTESIAN_POINT ( 'NONE',  ( 5.111616210811238403, 22.05329162007469179, -13.03381225855589776 ) ) ;
#4296 = EDGE_CURVE ( 'NONE', #5758, #3901, #7283, .T. ) ;
#4297 = CARTESIAN_POINT ( 'NONE',  ( 1.621322595770463337, 19.76729114009474841, 12.04238628162927505 ) ) ;
#4298 = CARTESIAN_POINT ( 'NONE',  ( -9.499999999999994671, 4.000000000000000000, -19.84313483298443970 ) ) ;
#4299 = CARTESIAN_POINT ( 'NONE',  ( 12.57669679574053845, 24.33504062867851658, -5.000000000000000000 ) ) ;
#4300 = CARTESIAN_POINT ( 'NONE',  ( -1.490251640469970607, 39.81201870821553257, -13.92162653298006703 ) ) ;
#4301 = CARTESIAN_POINT ( 'NONE',  ( -0.08885227179067611836, 19.50010766279138963, -13.49995197187728735 ) ) ;
#4302 = CARTESIAN_POINT ( 'NONE',  ( 9.499999999999991118, 4.000000000000000000, 19.84313483298443970 ) ) ;
#4303 = EDGE_CURVE ( 'NONE', #6912, #618, #3201, .T. ) ;
#4304 = AXIS2_PLACEMENT_3D ( 'NONE', #2396, #650, #7035 ) ;
#4305 = CARTESIAN_POINT ( 'NONE',  ( -3.187519599044035701, 20.64776201033895475, 13.03672044757251491 ) ) ;
#4306 = CARTESIAN_POINT ( 'NONE',  ( 13.51884122014448408, 39.25903936893283230, -1.534011807778809855 ) ) ;
#4307 = CARTESIAN_POINT ( 'NONE',  ( -3.920549921169069751, 37.60447694049751988, 12.79281226044048481 ) ) ;
#4308 = ORIENTED_EDGE ( 'NONE', *, *, #6227, .T. ) ;
#4309 = CIRCLE ( 'NONE', #972, 1.750000000000000000 ) ;
#4310 = AXIS2_PLACEMENT_3D ( 'NONE', #1916, #4228, #2912 ) ;
#4311 = B_SPLINE_CURVE_WITH_KNOTS ( 'NONE', 3,
 ( #1889, #3033, #4700, #5258, #7042, #6968, #219, #6476, #1357, #3632, #5917, #802, #4684, #562, #5674, #3389, #2866, #1675, #2830, #6792 ),
 .UNSPECIFIED., .F., .F.,
 ( 4, 2, 2, 2, 2, 2, 2, 2, 2, 4 ),
 ( 0.007907164396703860246, 0.008893980700687942678, 0.009880797004672023376, 0.01086761330865610581, 0.01185442961264018824, 0.01284124591662427067, 0.01333465406861631536, 0.01382806222060836004, 0.01481487852459243901, 0.01580169482857651797 ),
 .UNSPECIFIED. ) ;
#4312 = CARTESIAN_POINT ( 'NONE',  ( -12.86562106092110724, 37.84321439622437566, 3.717935608323027274 ) ) ;
#4313 = CARTESIAN_POINT ( 'NONE',  ( -4.323240832646985332, 37.01222333411794807, -12.63468169852538736 ) ) ;
#4314 = CARTESIAN_POINT ( 'NONE',  ( -3.118840111227120460, 20.59184613312838508, -13.05682688509050138 ) ) ;
#4315 = CARTESIAN_POINT ( 'NONE',  ( -2.534693008929511659, 39.43032021667254128, 13.76964318340020021 ) ) ;
#4316 = CARTESIAN_POINT ( 'NONE',  ( 13.33772214055228744, 20.23763332261281889, -2.614170760390867709 ) ) ;
#4317 = CARTESIAN_POINT ( 'NONE',  ( -13.96254142991349134, 39.91075805879658134, 1.027590024168314686 ) ) ;
#4318 =( NAMED_UNIT ( * ) PLANE_ANGLE_UNIT ( ) SI_UNIT ( $, .RADIAN. ) );
#4319 = PLANE ( 'NONE',  #7375 ) ;
#4320 = EDGE_LOOP ( 'NONE', ( #3117, #4011, #7328, #3082 ) ) ;
#4321 = CARTESIAN_POINT ( 'NONE',  ( -2.940803362506162255, 38.54392434777530241, -13.10674025055963376 ) ) ;
#4322 = CARTESIAN_POINT ( 'NONE',  ( 0.4174432764730389156, 19.51677937368305749, 13.49248858780281957 ) ) ;
#4323 = CARTESIAN_POINT ( 'NONE',  ( 13.44303055766123833, 20.93757953825100415, -3.910065591505455629 ) ) ;
#4324 = VERTEX_POINT ( 'NONE', #6758 ) ;
#4325 = CARTESIAN_POINT ( 'NONE',  ( -12.83293348860775041, 21.26172592848600473, 3.810532272350978023 ) ) ;
#4326 = CARTESIAN_POINT ( 'NONE',  ( -12.64325777577637666, 37.04762454111516234, 4.302474751766713013 ) ) ;
#4327 = CARTESIAN_POINT ( 'NONE',  ( -13.36731595793204974, 38.26353736295479990, 4.163340776940452237 ) ) ;
#4328 = CARTESIAN_POINT ( 'NONE',  ( -12.74521854774709517, 21.56243825983784035, 4.046280920894913535 ) ) ;
#4329 = EDGE_LOOP ( 'NONE', ( #5906, #2428, #2075, #2105 ) ) ;
#4330 = CARTESIAN_POINT ( 'NONE',  ( -0.09530149508460683538, 19.00000100076030662, -13.99999999979625720 ) ) ;
#4331 = CARTESIAN_POINT ( 'NONE',  ( -4.242281882313535313, 37.14756896793885943, 12.66791627514799501 ) ) ;
#4332 = CARTESIAN_POINT ( 'NONE',  ( -13.44577723533384983, 38.51363543348124807, 3.900789682978023531 ) ) ;
#4333 = CARTESIAN_POINT ( 'NONE',  ( -11.07350441368946825, 34.49999999999999289, -4.999999999999999112 ) ) ;
#4334 = CARTESIAN_POINT ( 'NONE',  ( -12.13641869330563949, 19.53274297413418381, -0.6591452304916393112 ) ) ;
#4335 = CARTESIAN_POINT ( 'NONE',  ( -1.143769985028609826, 39.37022232546956246, 12.09713545175009131 ) ) ;
#4336 = CARTESIAN_POINT ( 'NONE',  ( 12.59748660548502741, 23.79728749924350240, 4.951594864282541586 ) ) ;
#4337 = CARTESIAN_POINT ( 'NONE',  ( 0.3306935803562515153, 19.49999999999996447, 12.15000000000001812 ) ) ;
#4338 = CARTESIAN_POINT ( 'NONE',  ( 1.033665515213594510, 19.09031197219364984, 13.96209530386597564 ) ) ;
#4339 = CARTESIAN_POINT ( 'NONE',  ( 12.80091870326708658, 22.20932223122719762, -4.445224425914658717 ) ) ;
#4340 = CARTESIAN_POINT ( 'NONE',  ( -4.289024604984843947, 38.12989638858488206, -13.32739205809756378 ) ) ;
#4341 = DIRECTION ( 'NONE',  ( -0.000000000000000000, -1.000000000000000000, -0.000000000000000000 ) ) ;
#4342 = LINE ( 'NONE', #213, #6079 ) ;
#4343 = CARTESIAN_POINT ( 'NONE',  ( -4.644550699243858993, 22.64835682828147867, 12.49592710255029182 ) ) ;
#4344 = CARTESIAN_POINT ( 'NONE',  ( 13.07843977362134957, 37.94353229561168916, -3.625209568046343200 ) ) ;
#4345 = CARTESIAN_POINT ( 'NONE',  ( -0.9071277291646655527, 39.41769880281741223, 13.46336086142496136 ) ) ;
#4346 = ORIENTED_EDGE ( 'NONE', *, *, #1090, .T. ) ;
#4347 = CARTESIAN_POINT ( 'NONE',  ( -12.53772155984220404, 36.57316618835611166, 4.550670471868717648 ) ) ;
#4348 = CARTESIAN_POINT ( 'NONE',  ( 4.401520951471812104, 12.57739487106543841, 11.32671198200367613 ) ) ;
#4349 = CARTESIAN_POINT ( 'NONE',  ( -4.309277088736658712, 21.96390523170809317, -12.64046198787540654 ) ) ;
#4350 = CARTESIAN_POINT ( 'NONE',  ( -4.462177477907796508, 37.92690302973004179, 13.26999526987164835 ) ) ;
#4351 = CARTESIAN_POINT ( 'NONE',  ( 13.58051654196286862, 19.58185337985506180, -0.9047850913562693886 ) ) ;
#4352 = CARTESIAN_POINT ( 'NONE',  ( -13.93423987403175524, 39.84247225862761610, -1.356128664617144874 ) ) ;
#4353 = DIRECTION ( 'NONE',  ( 0.000000000000000000, -0.7071067811865479058, -0.7071067811865470176 ) ) ;
#4354 = ORIENTED_EDGE ( 'NONE', *, *, #2235, .F. ) ;
#4355 = ADVANCED_FACE ( 'NONE', ( #6240 ), #4950, .F. ) ;
#4356 = CARTESIAN_POINT ( 'NONE',  ( -3.178498908793061517, 38.35968590956611024, -13.03938560544207270 ) ) ;
#4357 = CARTESIAN_POINT ( 'NONE',  ( 2.510975509235498837, 20.17546319689838796, 13.21465491640603318 ) ) ;
#4358 = CARTESIAN_POINT ( 'NONE',  ( 13.98658128724667371, 19.32471112741933439, 0.6143990725703413203 ) ) ;
#4359 = ORIENTED_EDGE ( 'NONE', *, *, #2966, .F. ) ;
#4360 = CARTESIAN_POINT ( 'NONE',  ( -13.10305694721427550, 20.46597847062933084, 2.954374791611408924 ) ) ;
#4361 = CARTESIAN_POINT ( 'NONE',  ( -12.68686278043296944, 37.22145622933268072, 4.195267373628949414 ) ) ;
#4362 = DIRECTION ( 'NONE',  ( -0.000000000000000000, -1.000000000000000000, -0.000000000000000000 ) ) ;
#4363 = CARTESIAN_POINT ( 'NONE',  ( -1.623188266949145087, 39.24068445143498707, -12.04503245539651957 ) ) ;
#4364 = ORIENTED_EDGE ( 'NONE', *, *, #1243, .T. ) ;
#4365 = CARTESIAN_POINT ( 'NONE',  ( 2.368619058012964018, 19.49343768055181769, 13.79927991135773624 ) ) ;
#4366 = CARTESIAN_POINT ( 'NONE',  ( -3.757661995975805080, 37.79946835458509469, 12.85179736078883650 ) ) ;
#4367 = CARTESIAN_POINT ( 'NONE',  ( -12.79390887205414451, 34.95761030577937589, 5.684716586081193235 ) ) ;
#4368 = CARTESIAN_POINT ( 'NONE',  ( -13.85331145255410590, 19.35655722276498736, 2.028836653636187926 ) ) ;
#4369 = CARTESIAN_POINT ( 'NONE',  ( 5.227517382448700012, 36.70186355746624685, -12.98747719068704853 ) ) ;
#4370 = CARTESIAN_POINT ( 'NONE',  ( -12.59942132553731398, 22.13890262102152917, -4.407415215640797079 ) ) ;
#4371 = CARTESIAN_POINT ( 'NONE',  ( 9.499999999999991118, 3.499999999999982236, 19.84313483298443970 ) ) ;
#4372 = CARTESIAN_POINT ( 'NONE',  ( 18.50000000000000000, 0.000000000000000000, 0.000000000000000000 ) ) ;
#4373 = CARTESIAN_POINT ( 'NONE',  ( -0.3234708200034828729, 19.00866133487263454, 13.99634306545853057 ) ) ;
#4374 = CARTESIAN_POINT ( 'NONE',  ( 0.000000000000000000, 4.000000000000000000, 0.000000000000000000 ) ) ;
#4375 = CARTESIAN_POINT ( 'NONE',  ( -18.50000000000000000, 4.000000000000000000, 0.000000000000000000 ) ) ;
#4376 = CARTESIAN_POINT ( 'NONE',  ( 4.884201991027548928, 23.42694387665676814, -12.38488320632249540 ) ) ;
#4377 = CARTESIAN_POINT ( 'NONE',  ( 2.861534782916910657, 39.26109549499336282, -13.70545005590747323 ) ) ;
#4378 = CARTESIAN_POINT ( 'NONE',  ( -3.314265686655388343, 20.75603220111805669, 12.99846936733983327 ) ) ;
#4379 = CARTESIAN_POINT ( 'NONE',  ( 13.41185609425419045, 38.97155097450351491, 2.237907406592510640 ) ) ;
#4380 = CARTESIAN_POINT ( 'NONE',  ( -2.331966488274856530, 38.92293639584360676, 13.25406959295450271 ) ) ;
#4381 = ORIENTED_EDGE ( 'NONE', *, *, #6458, .T. ) ;
#4382 = EDGE_CURVE ( 'NONE', #5340, #5473, #5822, .T. ) ;
#4383 = CARTESIAN_POINT ( 'NONE',  ( -12.38465242238522812, 35.57067979541487546, 4.884684129091303006 ) ) ;
#4384 = CARTESIAN_POINT ( 'NONE',  ( 13.20924889878489594, 37.12154872240729730, -4.643104325927406073 ) ) ;
#4385 = VECTOR ( 'NONE', #2233, 1000.000000000000000 ) ;
#4386 = CARTESIAN_POINT ( 'NONE',  ( -4.583384843336476777, 22.50175850297793900, -12.52322511534094929 ) ) ;
#4387 = CARTESIAN_POINT ( 'NONE',  ( -1.356128664617174628, 19.15752774137234837, -13.93423987403175524 ) ) ;
#4388 = CARTESIAN_POINT ( 'NONE',  ( 12.98854459647838056, 21.38505504459740081, 3.911985044556025137 ) ) ;
#4389 = CARTESIAN_POINT ( 'NONE',  ( 13.23665479672808054, 38.46173672672915700, 3.051436655008769705 ) ) ;
#4390 = EDGE_CURVE ( 'NONE', #803, #4392, #3245, .T. ) ;
#4391 = CARTESIAN_POINT ( 'NONE',  ( 0.000000000000000000, 45.00000000000000000, 0.000000000000000000 ) ) ;
#4392 = VERTEX_POINT ( 'NONE', #426 ) ;
#4393 = CARTESIAN_POINT ( 'NONE',  ( -1.535452211076181683, 39.25857531895424302, -13.39399478054922099 ) ) ;
#4394 = CARTESIAN_POINT ( 'NONE',  ( -5.110825507945365942, 36.94826846959187350, -13.03412276383320823 ) ) ;
#4395 = CARTESIAN_POINT ( 'NONE',  ( -3.911652942236491626, 21.38464042463610326, 12.79606528306285185 ) ) ;
#4396 = CARTESIAN_POINT ( 'NONE',  ( 13.94600579378791494, 19.42929051964716791, -1.229147378198210516 ) ) ;
#4397 = EDGE_LOOP ( 'NONE', ( #4575, #824, #4131, #7217 ) ) ;
#4398 = CARTESIAN_POINT ( 'NONE',  ( -12.63364745731748684, 21.99140537564662523, 4.325913785942428369 ) ) ;
#4399 = CARTESIAN_POINT ( 'NONE',  ( -12.34506618187405813, 35.08131942932607927, 4.966786507533385908 ) ) ;
#4400 = CARTESIAN_POINT ( 'NONE',  ( 7.499999999999991118, 4.335663632535883494, 12.60279007956305009 ) ) ;
#4401 = ADVANCED_FACE ( 'NONE', ( #7250 ), #1046, .F. ) ;
#4402 = CARTESIAN_POINT ( 'NONE',  ( -12.38014579233170487, 23.47551211075296962, 4.894093393219663746 ) ) ;
#4403 = VERTEX_POINT ( 'NONE', #2717 ) ;
#4404 = CARTESIAN_POINT ( 'NONE',  ( -6.092146533675117048, 10.88112485969497634, -12.60588784447600652 ) ) ;
#4405 = CARTESIAN_POINT ( 'NONE',  ( 13.39143870821355442, 37.87376338043003443, 4.083223944426610075 ) ) ;
#4406 = CARTESIAN_POINT ( 'NONE',  ( -13.38692652296025898, 38.32639188207666336, 4.098150232047077957 ) ) ;
#4407 = CARTESIAN_POINT ( 'NONE',  ( -12.84361010163864236, 23.31933902634960276, -5.571543963429048674 ) ) ;
#4408 = CARTESIAN_POINT ( 'NONE',  ( 4.839343276956328488, 37.41232561196846262, -13.13709814253309283 ) ) ;
#4409 = CARTESIAN_POINT ( 'NONE',  ( -12.69995325007139897, 21.72930166316901079, -4.162132685210022665 ) ) ;
#4410 = CONICAL_SURFACE ( 'NONE', #6787, 14.99999999999998401, 0.7853981633974500554 ) ;
#4411 = CARTESIAN_POINT ( 'NONE',  ( 4.328197484439748166, 21.99532929016328708, -12.63270960129260878 ) ) ;
#4412 = CARTESIAN_POINT ( 'NONE',  ( 3.370175340068926939, 20.06257670282171901, 13.58835512833718084 ) ) ;
#4413 = CARTESIAN_POINT ( 'NONE',  ( 5.000000000000007994, 24.50000000000000000, 11.07350441368946647 ) ) ;
#4414 = CARTESIAN_POINT ( 'NONE',  ( -7.836746053638045773, 3.836746053638037335, -12.98450044862066655 ) ) ;
#4415 = CARTESIAN_POINT ( 'NONE',  ( 4.931124666855683181, 23.67190592424519124, -12.36235163672386861 ) ) ;
#4416 = CARTESIAN_POINT ( 'NONE',  ( 5.000000000000005329, 34.50000000000000000, -22.79802623035600462 ) ) ;
#4417 = CARTESIAN_POINT ( 'NONE',  ( -3.995396005755055491, 21.49359955986369641, 12.76462762101189696 ) ) ;
#4418 = CARTESIAN_POINT ( 'NONE',  ( 13.32756582999086703, 38.73305960610606746, 2.661631963949691038 ) ) ;
#4419 = CARTESIAN_POINT ( 'NONE',  ( -4.147428755984233995, 37.29266048017483826, 12.70577230646488687 ) ) ;
#4420 = VECTOR ( 'NONE', #3463, 1000.000000000000000 ) ;
#4421 = VERTEX_POINT ( 'NONE', #4453 ) ;
#4422 = CARTESIAN_POINT ( 'NONE',  ( -13.37646957865052677, 39.21778130359540171, -1.659605232038612099 ) ) ;
#4423 = CARTESIAN_POINT ( 'NONE',  ( 12.93429922887929706, 34.50000000000000000, -5.357602398257300891 ) ) ;
#4424 = AXIS2_PLACEMENT_3D ( 'NONE', #2860, #1666, #1144 ) ;
#4425 = CARTESIAN_POINT ( 'NONE',  ( 13.43521717918128289, 19.96433282743505799, 2.104614606190167159 ) ) ;
#4426 = CARTESIAN_POINT ( 'NONE',  ( -2.751414200978965940, 20.32509480424265291, -13.15636920600449855 ) ) ;
#4427 = CARTESIAN_POINT ( 'NONE',  ( 1.303388515414703352, 19.14247736610216677, -13.94041626776709997 ) ) ;
#4428 = CARTESIAN_POINT ( 'NONE',  ( 12.60613227855023055, 23.67264070767977557, 4.931248163703846998 ) ) ;
#4429 = CARTESIAN_POINT ( 'NONE',  ( 12.93890543194884479, 34.84663560104608848, -5.346470744137712394 ) ) ;
#4430 = EDGE_CURVE ( 'NONE', #4844, #3720, #5064, .T. ) ;
#4431 = CARTESIAN_POINT ( 'NONE',  ( 4.480983187410987334, 36.72426943736231664, 11.29381041414359466 ) ) ;
#4432 = ORIENTED_EDGE ( 'NONE', *, *, #5820, .F. ) ;
#4433 = CARTESIAN_POINT ( 'NONE',  ( -2.051012581395887047, 39.06028194932087416, -13.31025193674683393 ) ) ;
#4434 = CARTESIAN_POINT ( 'NONE',  ( -2.862991920204877250, 39.26028788537194458, -13.70514701348430542 ) ) ;
#4435 = CARTESIAN_POINT ( 'NONE',  ( -2.074142272177550872, 19.94976555763940951, 13.30606350558344353 ) ) ;
#4436 = CARTESIAN_POINT ( 'NONE',  ( 13.87688367558154923, 19.61186196403409454, 1.853063449583052691 ) ) ;
#4437 = AXIS2_PLACEMENT_3D ( 'NONE', #2394, #4577, #5723 ) ;
#4438 = VERTEX_POINT ( 'NONE', #3544 ) ;
#4439 = CARTESIAN_POINT ( 'NONE',  ( -12.78545150766138150, 24.40807341553139764, -5.703702782121057524 ) ) ;
#4440 = CARTESIAN_POINT ( 'NONE',  ( -12.36932284729519083, 35.41007213388421349, 4.916655703749114537 ) ) ;
#4441 = CARTESIAN_POINT ( 'NONE',  ( -12.91879101381689843, 36.28715170209314067, 5.394998371509725388 ) ) ;
#4442 = CARTESIAN_POINT ( 'NONE',  ( -7.203724254300489681E-15, 34.50000000000000000, -22.79802623035600462 ) ) ;
#4443 = CARTESIAN_POINT ( 'NONE',  ( -4.962912056030385877, 12.12829394477397038, -13.09231239433387017 ) ) ;
#4444 = CARTESIAN_POINT ( 'NONE',  ( 13.61302226140998073, 38.62771568557693769, 3.269676868201041753 ) ) ;
#4445 = CARTESIAN_POINT ( 'NONE',  ( -13.47508796812852694, 38.60372437620774377, 3.797799817676471790 ) ) ;
#4446 = CARTESIAN_POINT ( 'NONE',  ( -13.56205755489646592, 20.13677890865176678, -3.477451291408729439 ) ) ;
#4447 = CARTESIAN_POINT ( 'NONE',  ( -12.32882844322075044, 24.41707878048856628, -4.999999999999999112 ) ) ;
#4448 = CARTESIAN_POINT ( 'NONE',  ( 4.422880815322562498, 22.16799714870893112, -12.59286313942760849 ) ) ;
#4449 = CARTESIAN_POINT ( 'NONE',  ( 5.656846734249210584, 23.77348849576137013, 12.80626813905143280 ) ) ;
#4450 = DIRECTION ( 'NONE',  ( 0.000000000000000000, 1.000000000000000000, 0.000000000000000000 ) ) ;
#4451 = CARTESIAN_POINT ( 'NONE',  ( -5.479264243286961822, 36.03029455883645937, -12.88326574590773888 ) ) ;
#4452 = CARTESIAN_POINT ( 'NONE',  ( 3.478209825829481350, 20.90714725883969294, -12.94665238860161871 ) ) ;
#4453 = CARTESIAN_POINT ( 'NONE',  ( 9.499999999999994671, 0.000000000000000000, -21.84313483298443970 ) ) ;
#4454 = CARTESIAN_POINT ( 'NONE',  ( -2.217311639071153362, 20.01778681492608669, 13.27809444954068852 ) ) ;
#4455 = CARTESIAN_POINT ( 'NONE',  ( 13.48432192181184064, 39.16797793511010894, 1.792479680298425082 ) ) ;
#4456 = DIRECTION ( 'NONE',  ( 0.000000000000000000, -8.673617379884041635E-17, 1.000000000000000000 ) ) ;
#4457 = CARTESIAN_POINT ( 'NONE',  ( -13.42924016620852434, 39.34002525514112136, 1.259329390587060615 ) ) ;
#4458 = CARTESIAN_POINT ( 'NONE',  ( 1.011080324262355168, 13.94833972062521887, 12.11791934981715180 ) ) ;
#4459 = CARTESIAN_POINT ( 'NONE',  ( 13.58094931320120757, 19.58075311317355727, 0.8988574579146535459 ) ) ;
#4460 = CARTESIAN_POINT ( 'NONE',  ( -3.768347205850532955, 20.36751964095742906, -13.48411256774210365 ) ) ;
#4461 = CARTESIAN_POINT ( 'NONE',  ( 12.65042452746697776, 23.18865244466908138, 4.825671860945449865 ) ) ;
#4462 = CARTESIAN_POINT ( 'NONE',  ( 13.50775008971844571, 39.22999213074330527, 1.622914563388636378 ) ) ;
#4463 = SURFACE_STYLE_FILL_AREA ( #4996 ) ;
#4464 = CARTESIAN_POINT ( 'NONE',  ( 0.000000000000000000, 0.000000000000000000, 0.000000000000000000 ) ) ;
#4465 = VERTEX_POINT ( 'NONE', #6953 ) ;
#4466 = CARTESIAN_POINT ( 'NONE',  ( 2.505635748038800070, 38.82763350430560934, -13.21587577329590246 ) ) ;
#4467 = CARTESIAN_POINT ( 'NONE',  ( -5.632798964051859869, 35.36574385823349331, -12.81684968103181710 ) ) ;
#4468 = CARTESIAN_POINT ( 'NONE',  ( -4.966786507533395678, 23.91868057067391007, 12.34506618187401550 ) ) ;
#4469 = CARTESIAN_POINT ( 'NONE',  ( 13.56386546622838019, 20.52843190665209860, 3.467380480305795043 ) ) ;
#4470 = CARTESIAN_POINT ( 'NONE',  ( 5.949373879233489149, 11.07302058645347564, -10.59516182426271769 ) ) ;
#4471 = CARTESIAN_POINT ( 'NONE',  ( -12.52363892634319598, 22.49830568311942969, 4.582564412539240628 ) ) ;
#4472 = CARTESIAN_POINT ( 'NONE',  ( 12.89941103294721536, 37.25202981474359376, -4.174499903516458943 ) ) ;
#4473 = CARTESIAN_POINT ( 'NONE',  ( -13.59934607099050830, 38.96952684158560487, 3.329084774331700469 ) ) ;
#4474 = CARTESIAN_POINT ( 'NONE',  ( -12.43896763249402504, 22.99798278620894720, 4.769245651923655238 ) ) ;
#4475 = ORIENTED_EDGE ( 'NONE', *, *, #5094, .F. ) ;
#4476 = ADVANCED_FACE ( 'NONE', ( #3430 ), #3466, .T. ) ;
#4477 = CARTESIAN_POINT ( 'NONE',  ( 4.143558834699370585, 21.70160735701724519, 12.70729970936841546 ) ) ;
#4478 = CARTESIAN_POINT ( 'NONE',  ( 13.21022905310216977, 37.11260158071196713, 4.635957183738084630 ) ) ;
#4479 = CARTESIAN_POINT ( 'NONE',  ( -13.42615781097219241, 38.45213767226545087, 3.967735243300678061 ) ) ;
#4480 = CARTESIAN_POINT ( 'NONE',  ( -13.59934607101254578, 20.03047315834662712, -3.329084774237068167 ) ) ;
#4481 = CARTESIAN_POINT ( 'NONE',  ( -11.35426811769431765, 21.98670557395920966, -4.325503508516878703 ) ) ;
#4482 = CARTESIAN_POINT ( 'NONE',  ( -12.77890952821286241, 21.44370710784615142, -3.957568217975589775 ) ) ;
#4483 = EDGE_CURVE ( 'NONE', #4954, #2450, #2780, .T. ) ;
#4484 = CARTESIAN_POINT ( 'NONE',  ( 3.709144386759164913, 21.14703866988623204, -12.86869030475448383 ) ) ;
#4485 = CARTESIAN_POINT ( 'NONE',  ( 1.447932209777601065, 19.17997640314426278, 13.92499993276642734 ) ) ;
#4486 = DIRECTION ( 'NONE',  ( -5.005447807092259604E-16, -1.000000000000000000, -8.673617379884041635E-17 ) ) ;
#4487 = CARTESIAN_POINT ( 'NONE',  ( -3.481827840604024615, 38.85721730362421766, 13.56033757806795670 ) ) ;
#4488 = DIRECTION ( 'NONE',  ( 0.000000000000000000, 0.000000000000000000, -1.000000000000000000 ) ) ;
#4489 = CARTESIAN_POINT ( 'NONE',  ( 2.993005169205806252E-08, 39.99999951798087494, -13.99999999864344424 ) ) ;
#4490 = CARTESIAN_POINT ( 'NONE',  ( -2.051012581455279982, 19.93971805070561842, 13.31025193673397489 ) ) ;
#4491 = CARTESIAN_POINT ( 'NONE',  ( 13.18493920834283806, 38.29942924842599439, 3.250727028939599084 ) ) ;
#4492 = CARTESIAN_POINT ( 'NONE',  ( -4.482097176802772864, 36.71752544790012251, 12.56757455094655995 ) ) ;
#4493 = CARTESIAN_POINT ( 'NONE',  ( -1.188814211917133656, 39.35679338391580018, 13.43658867178312200 ) ) ;
#4494 = EDGE_CURVE ( 'NONE', #152, #1663, #6986, .T. ) ;
#4495 = ORIENTED_EDGE ( 'NONE', *, *, #2599, .T. ) ;
#4496 = EDGE_CURVE ( 'NONE', #3611, #2450, #1521, .T. ) ;
#4497 = CARTESIAN_POINT ( 'NONE',  ( -13.03938560544188618, 38.35968590956539970, 3.178498908793887079 ) ) ;
#4498 = CARTESIAN_POINT ( 'NONE',  ( 13.14902958269268574, 36.82196535618880517, -4.808721478161452900 ) ) ;
#4499 = CARTESIAN_POINT ( 'NONE',  ( 13.33221122376744461, 20.25339347707441462, 2.640628818424858970 ) ) ;
#4500 = CARTESIAN_POINT ( 'NONE',  ( -1.172074580325987769, 19.11718766273205361, -13.95092769689342660 ) ) ;
#4501 = CARTESIAN_POINT ( 'NONE',  ( 12.74831836622718662, 22.49767718597515653, 4.582282521465130820 ) ) ;
#4502 = CARTESIAN_POINT ( 'NONE',  ( 13.60697461065709568, 39.48503591250518951, -0.3871061618825876183 ) ) ;
#4503 = CARTESIAN_POINT ( 'NONE',  ( 12.93430104254091972, 24.32742370873146953, -5.357598019723707417 ) ) ;
#4504 = EDGE_LOOP ( 'NONE', ( #2481, #3070, #5104, #5770, #2080, #6941, #1843, #5961, #1142, #3657, #1322, #5700, #1572, #684, #5738, #1204 ) ) ;
#4505 = CIRCLE ( 'NONE', #5931, 14.00000000000000000 ) ;
#4506 = CARTESIAN_POINT ( 'NONE',  ( 3.816796735454148326, 37.72998099628176050, -12.83055227563653666 ) ) ;
#4507 = CARTESIAN_POINT ( 'NONE',  ( -5.608628890089641494, 35.50107926038774764, -12.82744570394586603 ) ) ;
#4508 = CARTESIAN_POINT ( 'NONE',  ( -4.480269576915478780, 22.27430119809968190, 12.56861858690739275 ) ) ;
#4509 = CARTESIAN_POINT ( 'NONE',  ( 13.79657959227281161, 19.83161904086719929, 2.379254246308372789 ) ) ;
#4510 = CARTESIAN_POINT ( 'NONE',  ( 5.644919100639939735, 11.44393114699865244, -10.76045500824431578 ) ) ;
#4511 = CARTESIAN_POINT ( 'NONE',  ( -13.27703707854274029, 20.01993314779485900, 2.226058449136655071 ) ) ;
#4512 = CARTESIAN_POINT ( 'NONE',  ( 12.94117536117847678, 37.42715431246385549, -4.053705345736585031 ) ) ;
#4513 = AXIS2_PLACEMENT_3D ( 'NONE', #1897, #1998, #7012 ) ;
#4514 = CARTESIAN_POINT ( 'NONE',  ( -12.34495114201462407, 23.92069068898359774, 4.967023529122474912 ) ) ;
#4515 = ORIENTED_EDGE ( 'NONE', *, *, #1608, .T. ) ;
#4516 = CARTESIAN_POINT ( 'NONE',  ( 5.191492415509413760, 22.21505689380778392, -13.00208960654330959 ) ) ;
#4517 = DIRECTION ( 'NONE',  ( -1.000000000000000000, -2.602085213965214093E-16, 0.000000000000000000 ) ) ;
#4518 = CARTESIAN_POINT ( 'NONE',  ( 4.492068604572359443E-13, 19.00000044620896134, 13.99999999864343359 ) ) ;
#4519 = CARTESIAN_POINT ( 'NONE',  ( 13.99568276806701839, 39.69849968517624461, 0.3585991830744949538 ) ) ;
#4520 = CARTESIAN_POINT ( 'NONE',  ( -13.46975899026665324, 39.43214724652982284, -0.8250359052272959737 ) ) ;
#4521 = CARTESIAN_POINT ( 'NONE',  ( -11.55456730713113522, 37.80645702464150304, -3.764457445291690796 ) ) ;
#4522 = CARTESIAN_POINT ( 'NONE',  ( -12.04569001182091803, 19.75764899099972283, -1.618379571330105904 ) ) ;
#4523 = CARTESIAN_POINT ( 'NONE',  ( -12.86869030475470410, 21.14703866988623204, -3.709144386759162693 ) ) ;
#4524 = CIRCLE ( 'NONE', #3675, 2.250000000000015987 ) ;
#4525 = CARTESIAN_POINT ( 'NONE',  ( -5.701314620220769847, 24.31640132940417942, 12.78651784332039121 ) ) ;
#4526 = CARTESIAN_POINT ( 'NONE',  ( 18.50000000000000000, 4.000000000000000000, 0.000000000000000000 ) ) ;
#4527 = CARTESIAN_POINT ( 'NONE',  ( -12.78545152826161768, 45.00000000000000000, 5.703703114510134675 ) ) ;
#4528 = CARTESIAN_POINT ( 'NONE',  ( -5.703702577602684620, 34.68310252837996188, -12.78545176778079018 ) ) ;
#4529 = CARTESIAN_POINT ( 'NONE',  ( 5.000000000000005329, 34.50000000000000000, 12.32882846293108869 ) ) ;
#4530 = DIRECTION ( 'NONE',  ( 0.000000000000000000, 1.000000000000000000, 0.000000000000000000 ) ) ;
#4531 = CARTESIAN_POINT ( 'NONE',  ( 1.430002684386758816, 19.70868625505468685, 13.40811255768910648 ) ) ;
#4532 = CARTESIAN_POINT ( 'NONE',  ( 13.26090997420722672, 38.53552029652724542, 2.952119665098870804 ) ) ;
#4533 = CARTESIAN_POINT ( 'NONE',  ( -4.769245651925477780, 36.00201721378513042, 12.43896763249313331 ) ) ;
#4534 = EDGE_CURVE ( 'NONE', #302, #1780, #4944, .T. ) ;
#4535 = CARTESIAN_POINT ( 'NONE',  ( 0.3251165232860180332, 39.48959322986623022, 13.49534014820028638 ) ) ;
#4536 = EDGE_LOOP ( 'NONE', ( #1366, #191, #5337, #1429 ) ) ;
#4537 = VECTOR ( 'NONE', #7212, 1000.000000000000000 ) ;
#4538 = CARTESIAN_POINT ( 'NONE',  ( -13.49990682353137039, 39.49978996341000226, -0.1703400656749451958 ) ) ;
#4539 = FACE_OUTER_BOUND ( 'NONE', #1556, .T. ) ;
#4540 = EDGE_CURVE ( 'NONE', #1517, #2369, #1790, .T. ) ;
#4541 = CARTESIAN_POINT ( 'NONE',  ( 13.52334835802541591, 19.72918279102792383, 1.497008733763091737 ) ) ;
#4542 = CARTESIAN_POINT ( 'NONE',  ( 0.1814956330750186475, 19.00202834318651668, -13.99914273714451340 ) ) ;
#4543 = CARTESIAN_POINT ( 'NONE',  ( 13.23790580957960294, 20.53461145400329002, 3.045873749192755664 ) ) ;
#4544 = VECTOR ( 'NONE', #6494, 1000.000000000000000 ) ;
#4545 = CARTESIAN_POINT ( 'NONE',  ( 13.61204152707787429, 39.49776387601538374, 0.1705959954947483814 ) ) ;
#4546 = CARTESIAN_POINT ( 'NONE',  ( 13.04998742826936287, 22.80629044041601716, 5.069608290756779212 ) ) ;
#4547 = ORIENTED_EDGE ( 'NONE', *, *, #2631, .F. ) ;
#4548 = AXIS2_PLACEMENT_3D ( 'NONE', #7306, #1626, #4362 ) ;
#4549 = CARTESIAN_POINT ( 'NONE',  ( 4.147428755995079541, 37.29266048015864499, -12.70577230646099309 ) ) ;
#4550 = CARTESIAN_POINT ( 'NONE',  ( 4.999995113876630981, 34.66709439428971962, -12.32882838044696250 ) ) ;
#4551 = CARTESIAN_POINT ( 'NONE',  ( -2.509765903596092418, 20.17246518316152759, 13.21567769546506277 ) ) ;
#4552 = CARTESIAN_POINT ( 'NONE',  ( 13.93150569943560591, 19.46691179134835892, 1.393454104581413944 ) ) ;
#4553 = B_SPLINE_CURVE_WITH_KNOTS ( 'NONE', 3,
 ( #5470, #1362, #7151, #3073, #4781, #910, #5921, #3146, #5436, #7048, #224, #4205, #1469, #1960, #2478, #3747, #4350, #1434, #4848, #3180, #364, #4924, #2033, #2543, #3112, #4315, #1926, #3673, #948, #6028, #2069, #261, #6546, #327, #2615, #4239 ),
 .UNSPECIFIED., .F., .F.,
 ( 4, 2, 2, 2, 2, 2, 2, 2, 2, 2, 2, 2, 2, 2, 2, 2, 2, 4 ),
 ( 0.000000000000000000, 0.03127459992950300249, 0.06254919985900600499, 0.09382379978850900748, 0.1094610997532605157, 0.1250983997180120100, 0.1876475995770192362, 0.2032848995417703974, 0.2189221995065215864, 0.2501967994360240755, 0.2814713993655265090, 0.3127459992950289980, 0.3440205992245314315, 0.3752951991540338650, 0.4065697990835362985, 0.4378443990130387875, 0.4691189989425412210, 0.5003935988720435990 ),
 .UNSPECIFIED. ) ;
#4554 = CARTESIAN_POINT ( 'NONE',  ( -13.11338220583996517, 20.43815388057158700, -2.916846679560662015 ) ) ;
#4555 = VECTOR ( 'NONE', #4813, 1000.000000000000114 ) ;
#4556 = CARTESIAN_POINT ( 'NONE',  ( -12.32882846293112067, 24.50000000000000711, -5.000000000000000000 ) ) ;
#4557 = ORIENTED_EDGE ( 'NONE', *, *, #6030, .F. ) ;
#4558 = CARTESIAN_POINT ( 'NONE',  ( 13.05414663866542746, 21.14245928337037128, 3.704987830728452725 ) ) ;
#4559 = AXIS2_PLACEMENT_3D ( 'NONE', #3660, #280, #2531 ) ;
#4560 = DIRECTION ( 'NONE',  ( 1.206107350727848108E-16, 0.000000000000000000, -1.000000000000000000 ) ) ;
#4561 = CARTESIAN_POINT ( 'NONE',  ( 7.499999999999994671, 3.499999999999982236, -13.56465996625054871 ) ) ;
#4562 = CARTESIAN_POINT ( 'NONE',  ( 13.91629748706849412, 39.49294990339402744, 1.529203907370651816 ) ) ;
#4563 = CARTESIAN_POINT ( 'NONE',  ( -12.96501269751932739, 38.14837191126983384, -3.422768817904700889 ) ) ;
#4564 = CARTESIAN_POINT ( 'NONE',  ( -11.38639530735154359, 37.15416277544880330, 4.240494058451786508 ) ) ;
#4565 = CARTESIAN_POINT ( 'NONE',  ( 1.356128664617158863, 39.84247225862767294, -13.93423987403175701 ) ) ;
#4566 = CARTESIAN_POINT ( 'NONE',  ( -13.27809444954818474, 20.01778681491129319, -2.217311639041223525 ) ) ;
#4567 = CARTESIAN_POINT ( 'NONE',  ( -3.476011347220274494, 20.13846969695881128, 13.56182936677059914 ) ) ;
#4568 = CARTESIAN_POINT ( 'NONE',  ( -7.500000000000000000, 14.00000000000000000, -59.57475013247809414 ) ) ;
#4569 = CARTESIAN_POINT ( 'NONE',  ( 3.480701565916521467, 38.86080433867977746, 13.56122155674500895 ) ) ;
#4570 = CARTESIAN_POINT ( 'NONE',  ( -5.665867317136195069, 35.13900560235826021, -12.80226754374839260 ) ) ;
#4571 = CARTESIAN_POINT ( 'NONE',  ( 1.002067829742686822, 13.94930309507812360, 13.97265622718044042 ) ) ;
#4572 = CARTESIAN_POINT ( 'NONE',  ( 2.352015372855597697, 20.08769969147593315, 13.24978018892595166 ) ) ;
#4573 = CARTESIAN_POINT ( 'NONE',  ( 13.06063574512906023, 37.88071618502608828, 3.683869323610745372 ) ) ;
#4574 = DIRECTION ( 'NONE',  ( 0.7071067811865474617, -0.7071067811865474617, 0.000000000000000000 ) ) ;
#4575 = ORIENTED_EDGE ( 'NONE', *, *, #2330, .T. ) ;
#4576 = CARTESIAN_POINT ( 'NONE',  ( -13.16642807376803681, 38.70126168210073558, 2.712323981154335151 ) ) ;
#4577 = DIRECTION ( 'NONE',  ( 0.000000000000000000, -1.000000000000000000, 0.000000000000000000 ) ) ;
#4578 = CARTESIAN_POINT ( 'NONE',  ( 13.17762270522245416, 20.72402796491583743, 3.277943370361410924 ) ) ;
#4579 = CARTESIAN_POINT ( 'NONE',  ( -4.886122869753443787, 23.43579399587169476, -12.38396570382933071 ) ) ;
#4580 = DIRECTION ( 'NONE',  ( -0.000000000000000000, -1.000000000000000000, -0.000000000000000000 ) ) ;
#4581 = CARTESIAN_POINT ( 'NONE',  ( 13.59575372283739370, 39.45676548899907488, 0.6612309441000990828 ) ) ;
#4582 = CARTESIAN_POINT ( 'NONE',  ( 7.449269240907032241, 7.501819328687495236, -11.85418501369457722 ) ) ;
#4583 = ORIENTED_EDGE ( 'NONE', *, *, #1964, .F. ) ;
#4584 = EDGE_CURVE ( 'NONE', #5191, #4100, #3535, .T. ) ;
#4585 = CARTESIAN_POINT ( 'NONE',  ( 3.358634340440334487, 38.20399686343081669, -12.98463330004632965 ) ) ;
#4586 = CARTESIAN_POINT ( 'NONE',  ( -1.999132676454210555, 39.08369846579642370, -13.31996301984296238 ) ) ;
#4587 = CARTESIAN_POINT ( 'NONE',  ( -8.000000000000005329, 4.000000000000000000, 19.84313483298444325 ) ) ;
#4588 = CARTESIAN_POINT ( 'NONE',  ( 13.84177476228990500, 19.70689597443463370, 2.099280257222507551 ) ) ;
#4589 = CARTESIAN_POINT ( 'NONE',  ( 3.805718796873484688, 12.98102783377117397, -11.54658724566998096 ) ) ;
#4590 = CARTESIAN_POINT ( 'NONE',  ( -13.48061906389669851, 19.54339193592381818, 0.6624177602565473055 ) ) ;
#4591 = CARTESIAN_POINT ( 'NONE',  ( 5.000000000000007994, 24.50000000000000000, -22.79802623035600462 ) ) ;
#4592 = ORIENTED_EDGE ( 'NONE', *, *, #7053, .F. ) ;
#4593 = CARTESIAN_POINT ( 'NONE',  ( 12.94744337854472072, 21.54748911532501054, 4.035193975310385817 ) ) ;
#4594 = CARTESIAN_POINT ( 'NONE',  ( 4.806041646972804671, 23.11833329517054381, 12.42184610739007944 ) ) ;
#4595 = CARTESIAN_POINT ( 'NONE',  ( -5.000000000000010658, 24.50000000000000000, -22.79802623035600462 ) ) ;
#4596 = CARTESIAN_POINT ( 'NONE',  ( 13.24260604401620967, 37.26324155788262971, -4.542650631850939646 ) ) ;
#4597 = DIRECTION ( 'NONE',  ( 1.000000000000000000, 0.000000000000000000, 0.000000000000000000 ) ) ;
#4598 = CARTESIAN_POINT ( 'NONE',  ( -2.366058347551294627, 39.50525745218418905, -13.79888044465191044 ) ) ;
#4599 = CARTESIAN_POINT ( 'NONE',  ( -13.03869228914483180, 20.64225077429264843, -3.180847313976528312 ) ) ;
#4600 = PRODUCT_DEFINITION_CONTEXT ( 'detailed design', #170, 'design' ) ;
#4601 = CARTESIAN_POINT ( 'NONE',  ( -3.900789682978044848, 20.48636456651874127, 13.44577723533384450 ) ) ;
#4602 = CARTESIAN_POINT ( 'NONE',  ( -24.00000000000000355, 24.50000000000000000, 0.000000000000000000 ) ) ;
#4603 = CARTESIAN_POINT ( 'NONE',  ( 5.479673920861159786, 36.02900907600425029, 12.88309252788363324 ) ) ;
#4604 = CARTESIAN_POINT ( 'NONE',  ( 4.345338910893556061, 38.06377745539967350, 13.30871208603376665 ) ) ;
#4605 = CARTESIAN_POINT ( 'NONE',  ( 4.916807255298465407, 35.40926059252495861, 12.36925077361188841 ) ) ;
#4606 = CARTESIAN_POINT ( 'NONE',  ( -13.19245101834936484, 21.36368434447292231, 4.686389690934979591 ) ) ;
#4607 = CARTESIAN_POINT ( 'NONE',  ( 0.5802737701361081468, 19.53311705446856905, 13.48519778726670459 ) ) ;
#4608 = CARTESIAN_POINT ( 'NONE',  ( 13.08103026774182709, 37.95258319639646771, 3.616587956619697675 ) ) ;
#4609 = FACE_OUTER_BOUND ( 'NONE', #4536, .T. ) ;
#4610 = CARTESIAN_POINT ( 'NONE',  ( 0.6563298320562473975, 39.45742378020096908, 13.48098204071394335 ) ) ;
#4611 = ORIENTED_EDGE ( 'NONE', *, *, #639, .T. ) ;
#4612 = CARTESIAN_POINT ( 'NONE',  ( -12.61413117266514483, 36.92521481225088564, -4.372525284355545772 ) ) ;
#4613 = DIRECTION ( 'NONE',  ( 0.000000000000000000, 0.000000000000000000, -1.000000000000000000 ) ) ;
#4614 = CARTESIAN_POINT ( 'NONE',  ( 13.21902131580449513, 20.59311221675857695, -3.120415346599143547 ) ) ;
#4615 = CARTESIAN_POINT ( 'NONE',  ( 5.599782199576272212, 23.45388623802148231, -12.83131109016825278 ) ) ;
#4616 = CARTESIAN_POINT ( 'NONE',  ( 8.000000000000005329, 4.000000000000000000, 12.68857754044950248 ) ) ;
#4617 = CARTESIAN_POINT ( 'NONE',  ( 13.58611680956661871, 39.43236429054805114, 0.8237310767185960225 ) ) ;
#4618 = CARTESIAN_POINT ( 'NONE',  ( 13.08498626418088051, 36.42691236500260743, 4.978396684382496495 ) ) ;
#4619 = CARTESIAN_POINT ( 'NONE',  ( -12.78545152826161946, 34.49999999999998579, 5.703703114510136452 ) ) ;
#4620 = EDGE_CURVE ( 'NONE', #6378, #7365, #6828, .T. ) ;
#4621 = ORIENTED_EDGE ( 'NONE', *, *, #2417, .F. ) ;
#4622 = CARTESIAN_POINT ( 'NONE',  ( 1.890898199932772306, 39.12870792250815555, -13.33881947268441692 ) ) ;
#4623 = CARTESIAN_POINT ( 'NONE',  ( 1.428809295313506311, 39.29168322793553614, -13.40827102715393515 ) ) ;
#4624 = CARTESIAN_POINT ( 'NONE',  ( -7.448286749825468789, 7.510287340381309740, 9.600057399539757341 ) ) ;
#4625 = CARTESIAN_POINT ( 'NONE',  ( 12.69453811643371743, 22.84325811550337093, -4.717722993904774675 ) ) ;
#4626 = EDGE_CURVE ( 'NONE', #2176, #6912, #716, .T. ) ;
#4627 = CARTESIAN_POINT ( 'NONE',  ( -13.32778963560511087, 38.12941487504220106, -4.286517685944692957 ) ) ;
#4628 = CARTESIAN_POINT ( 'NONE',  ( -13.21567769546508231, 20.17246518316152759, -2.509765903596065773 ) ) ;
#4629 = CYLINDRICAL_SURFACE ( 'NONE', #4028, 1.999999999999998224 ) ;
#4630 = VERTEX_POINT ( 'NONE', #4025 ) ;
#4631 = CARTESIAN_POINT ( 'NONE',  ( 12.90361029055088515, 21.72989242984738922, 4.162525867244548650 ) ) ;
#4632 = AXIS2_PLACEMENT_3D ( 'NONE', #5939, #2596, #4763 ) ;
#4633 = CARTESIAN_POINT ( 'NONE',  ( 4.885899535055591159, 23.43715393759240939, 12.38406334771480921 ) ) ;
#4634 = CARTESIAN_POINT ( 'NONE',  ( 4.232370933616234510, 21.83726021879876811, -12.67188722124632427 ) ) ;
#4635 = ADVANCED_FACE ( 'NONE', ( #2226 ), #2896, .F. ) ;
#4636 = ORIENTED_EDGE ( 'NONE', *, *, #5627, .F. ) ;
#4637 = CARTESIAN_POINT ( 'NONE',  ( 7.499999999999994671, 4.335663632535883494, -12.60279007956304831 ) ) ;
#4638 = CARTESIAN_POINT ( 'NONE',  ( 13.34099022292542713, 37.67923111218065912, -4.245107124079376071 ) ) ;
#4639 = CARTESIAN_POINT ( 'NONE',  ( -11.35218299443599399, 37.01360637416187416, -4.334463396751603526 ) ) ;
#4640 = CARTESIAN_POINT ( 'NONE',  ( 1.310181730566356340, 39.85312172455132185, -13.93863546651184393 ) ) ;
#4641 = CARTESIAN_POINT ( 'NONE',  ( -13.47028253313982837, 19.56666578740921381, -0.8179480078013533495 ) ) ;
#4642 = CARTESIAN_POINT ( 'NONE',  ( -2.018765464496683482, 19.35522881545677265, 13.85397175711803008 ) ) ;
#4643 = CARTESIAN_POINT ( 'NONE',  ( 13.08498626418087873, 22.57308763499740678, -4.978396684382496495 ) ) ;
#4644 = CARTESIAN_POINT ( 'NONE',  ( -5.000000000000009770, 24.50000000000000000, 11.07350441368945759 ) ) ;
#4645 = CARTESIAN_POINT ( 'NONE',  ( 0.5132620449310166810, 39.97787742664341692, 13.99066853216511319 ) ) ;
#4646 = CARTESIAN_POINT ( 'NONE',  ( 4.367017851391893579, 36.93616438583370609, 12.61649916012336803 ) ) ;
#4647 = CARTESIAN_POINT ( 'NONE',  ( 3.973706808865251183, 21.46416613276861796, 12.77291130195034619 ) ) ;
#4648 = AXIS2_PLACEMENT_3D ( 'NONE', #6283, #5845, #5254 ) ;
#4649 = CARTESIAN_POINT ( 'NONE',  ( 11.14561919677888113, 23.19420817392865786, -4.837629265843681914 ) ) ;
#4650 = VERTEX_POINT ( 'NONE', #5669 ) ;
#4651 = CARTESIAN_POINT ( 'NONE',  ( -13.05682688508104938, 38.40815386684673882, -3.118840111258124992 ) ) ;
#4652 = CARTESIAN_POINT ( 'NONE',  ( -3.024823227942640802, 19.83371504343903524, 13.67023772654285274 ) ) ;
#4653 = CARTESIAN_POINT ( 'NONE',  ( 13.10290094656025062, 20.97184426392740875, -3.542908769637031163 ) ) ;
#4654 = CARTESIAN_POINT ( 'NONE',  ( -0.6649117265971962176, 19.53353065464728999, 12.13609498509233298 ) ) ;
#4655 = CARTESIAN_POINT ( 'NONE',  ( -4.479445552867589164, 22.27712439436593428, -12.56871297596161696 ) ) ;
#4656 = FACE_OUTER_BOUND ( 'NONE', #7374, .T. ) ;
#4657 = CARTESIAN_POINT ( 'NONE',  ( 13.60413553546642973, 39.47789295223355310, -0.4701218411658569241 ) ) ;
#4658 = CARTESIAN_POINT ( 'NONE',  ( 13.04665240055374298, 37.83061323919005758, -3.729240928621559981 ) ) ;
#4659 = CARTESIAN_POINT ( 'NONE',  ( 7.499999999999991118, 4.999999999999997335, 11.82159041753689444 ) ) ;
#4660 = CARTESIAN_POINT ( 'NONE',  ( 13.40899728870791208, 21.05920123300832358, 4.026431122762408776 ) ) ;
#4661 = CARTESIAN_POINT ( 'NONE',  ( -5.000000000000007105, 34.49999999999998579, 11.07350441368945582 ) ) ;
#4662 = CIRCLE ( 'NONE', #1310, 2.250000000000015987 ) ;
#4663 = CARTESIAN_POINT ( 'NONE',  ( 2.854672119489175319, 38.60518196820858350, -13.12977379352218144 ) ) ;
#4664 = EDGE_CURVE ( 'NONE', #708, #4954, #6303, .T. ) ;
#4665 = CARTESIAN_POINT ( 'NONE',  ( -1.852304963161390816, 19.85571325628504269, -13.34536915248716227 ) ) ;
#4666 = CARTESIAN_POINT ( 'NONE',  ( -1.621322595770463781, 19.76729114009474131, -12.04238628162927505 ) ) ;
#4667 = CARTESIAN_POINT ( 'NONE',  ( 12.95621324616443992, 23.76634355756053907, 5.304393435362684706 ) ) ;
#4668 = CARTESIAN_POINT ( 'NONE',  ( -13.46387945826261578, 19.58112861054250686, -0.9008095298233790293 ) ) ;
#4669 = DIRECTION ( 'NONE',  ( -1.156482317317883755E-15, 0.000000000000000000, -1.000000000000000000 ) ) ;
#4670 = VERTEX_POINT ( 'NONE', #1230 ) ;
#4671 = CARTESIAN_POINT ( 'NONE',  ( 12.74778727098252595, 22.50090882880516574, 4.583632632304275312 ) ) ;
#4672 = CARTESIAN_POINT ( 'NONE',  ( 18.50000000000000000, 3.499999999999984901, 1.750000000000000000 ) ) ;
#4673 = DIRECTION ( 'NONE',  ( -0.000000000000000000, -0.000000000000000000, 1.000000000000000000 ) ) ;
#4674 = VECTOR ( 'NONE', #6744, 1000.000000000000000 ) ;
#4675 = ORIENTED_EDGE ( 'NONE', *, *, #1181, .F. ) ;
#4676 = DIRECTION ( 'NONE',  ( 0.000000000000000000, -1.000000000000000000, 0.000000000000000000 ) ) ;
#4677 = CARTESIAN_POINT ( 'NONE',  ( 12.96457163637766818, 35.36202192727166960, -5.283933397652336161 ) ) ;
#4678 = CARTESIAN_POINT ( 'NONE',  ( -11.26603100564049775, 36.57912388765646483, 4.550124882505815371 ) ) ;
#4679 = CARTESIAN_POINT ( 'NONE',  ( 1.218150705172905468, 39.87329262864961521, -13.94697973370184840 ) ) ;
#4680 = CARTESIAN_POINT ( 'NONE',  ( -13.24262678785399849, 20.10548206890644707, -2.385091477198754362 ) ) ;
#4681 = CIRCLE ( 'NONE', #1449, 1.499999999999984013 ) ;
#4682 = EDGE_CURVE ( 'NONE', #4630, #3155, #3398, .T. ) ;
#4683 = CARTESIAN_POINT ( 'NONE',  ( -3.656893671946418678, 20.27894690804995292, 13.51401187672898097 ) ) ;
#4684 = CARTESIAN_POINT ( 'NONE',  ( 4.326551671552817169, 21.98851926361607667, -11.35386782686242668 ) ) ;
#4685 = CARTESIAN_POINT ( 'NONE',  ( -7.499999999999991118, 3.499999999999985789, 13.56465996625054515 ) ) ;
#4686 = CARTESIAN_POINT ( 'NONE',  ( 0.9350436090806670819, 39.92635007605053232, 13.96905171694893966 ) ) ;
#4687 = DIRECTION ( 'NONE',  ( -0.000000000000000000, -0.000000000000000000, 1.000000000000000000 ) ) ;
#4688 = CARTESIAN_POINT ( 'NONE',  ( 13.05625541398798717, 37.86508577422785038, 3.698136677691273633 ) ) ;
#4689 = CARTESIAN_POINT ( 'NONE',  ( -6.721387175483324761, 9.863113183790842342, -10.12415278396406215 ) ) ;
#4690 = EDGE_LOOP ( 'NONE', ( #5942, #5362, #6330, #5818 ) ) ;
#4691 = CARTESIAN_POINT ( 'NONE',  ( -13.04147481781428475, 38.36551769148739055, -3.171412703702046088 ) ) ;
#4692 = CARTESIAN_POINT ( 'NONE',  ( -1.848680070239515860, 19.29376608671973514, 13.87858127567829136 ) ) ;
#4693 = CARTESIAN_POINT ( 'NONE',  ( 13.59981493715116940, 19.53299001034335092, -0.5791750878162124083 ) ) ;
#4694 = CARTESIAN_POINT ( 'NONE',  ( -5.000000000000009770, 24.50000000000000000, 11.07350441368945759 ) ) ;
#4695 = CARTESIAN_POINT ( 'NONE',  ( 4.285234809871810491, 20.86917977079009745, -13.32820183219523713 ) ) ;
#4696 = DIRECTION ( 'NONE',  ( -0.7071067811865450192, -0.7071067811865500152, 0.000000000000000000 ) ) ;
#4697 = CARTESIAN_POINT ( 'NONE',  ( 12.58385155655168042, 34.91550046053789202, -4.983397382625331495 ) ) ;
#4698 = CARTESIAN_POINT ( 'NONE',  ( 12.67887048241356140, 36.04360485797189284, -4.756417885973843518 ) ) ;
#4699 = CARTESIAN_POINT ( 'NONE',  ( 11.26603100564050308, 36.57912388765649325, -4.550124882505815371 ) ) ;
#4700 = CARTESIAN_POINT ( 'NONE',  ( 0.6649117265971991042, 19.53353065464728999, -12.13609498509233475 ) ) ;
#4701 = ORIENTED_EDGE ( 'NONE', *, *, #155, .T. ) ;
#4702 = CARTESIAN_POINT ( 'NONE',  ( 4.309277088797536237, 37.03609476818844826, -12.64046198785077557 ) ) ;
#4703 = CARTESIAN_POINT ( 'NONE',  ( 0.1712105040747488593, 39.49774474607265518, -13.49898907600386622 ) ) ;
#4704 = CARTESIAN_POINT ( 'NONE',  ( -2.184530099655479507, 20.00228107990816895, -13.28447375682478615 ) ) ;
#4705 = DIRECTION ( 'NONE',  ( -0.000000000000000000, -0.000000000000000000, 1.000000000000000000 ) ) ;
#4706 = CARTESIAN_POINT ( 'NONE',  ( 12.97136923651289742, 21.45162618524206266, -3.964103102103796683 ) ) ;
#4707 = CARTESIAN_POINT ( 'NONE',  ( -13.03422064877896602, 36.94516295397879446, -5.109885510233873163 ) ) ;
#4708 = CARTESIAN_POINT ( 'NONE',  ( 12.57669683062193400, 24.50000000000000000, 5.000000000000000000 ) ) ;
#4709 = DIRECTION ( 'NONE',  ( -0.000000000000000000, -1.000000000000000000, -0.000000000000000000 ) ) ;
#4710 = ORIENTED_EDGE ( 'NONE', *, *, #7363, .F. ) ;
#4711 = CARTESIAN_POINT ( 'NONE',  ( 13.05017086009563521, 21.15672639982425807, 3.717869600005879960 ) ) ;
#4712 = CARTESIAN_POINT ( 'NONE',  ( 0.000000000000000000, 4.000000000000000000, 0.000000000000000000 ) ) ;
#4713 = CARTESIAN_POINT ( 'NONE',  ( 3.187519598975517621, 20.64776201028229252, -13.03672044759256821 ) ) ;
#4714 = ORIENTED_EDGE ( 'NONE', *, *, #2179, .F. ) ;
#4715 = CARTESIAN_POINT ( 'NONE',  ( -12.81855921369414908, 23.59484595325282186, 5.629045868437785316 ) ) ;
#4716 = CARTESIAN_POINT ( 'NONE',  ( 13.18837296926700020, 37.00529758922497336, -4.697584996139756441 ) ) ;
#4717 = CARTESIAN_POINT ( 'NONE',  ( -13.31996301984300146, 39.08369846579640949, 1.999132676454198565 ) ) ;
#4718 = CARTESIAN_POINT ( 'NONE',  ( -13.48108581574840947, 19.54233596339650703, -0.6545171477916362779 ) ) ;
#4719 = ADVANCED_FACE ( 'NONE', ( #3230 ), #6039, .T. ) ;
#4720 = CARTESIAN_POINT ( 'NONE',  ( 4.061159762149459951, 21.58218242024631195, 12.73957129686259648 ) ) ;
#4721 = CARTESIAN_POINT ( 'NONE',  ( 13.34019364328113255, 21.32391302637951114, -4.247617657354099130 ) ) ;
#4722 = CARTESIAN_POINT ( 'NONE',  ( -5.694087602249118696, 24.13321898390036679, -12.78975298180549025 ) ) ;
#4723 = CARTESIAN_POINT ( 'NONE',  ( -1.854462693391149664, 39.70431840068650331, 13.87780853716197527 ) ) ;
#4724 = CARTESIAN_POINT ( 'NONE',  ( -0.6615497669408612058, 39.45672454455861811, 13.48066893232321561 ) ) ;
#4725 = CARTESIAN_POINT ( 'NONE',  ( -12.80623645756674200, 23.77414617855704293, 5.656918016701571794 ) ) ;
#4726 = EDGE_CURVE ( 'NONE', #5509, #809, #1171, .T. ) ;
#4727 = CARTESIAN_POINT ( 'NONE',  ( 3.836257342633655032, 21.29325217361975575, 12.82351753246254233 ) ) ;
#4728 = CARTESIAN_POINT ( 'NONE',  ( 12.74761938437297815, 36.49691526411584164, 4.583962911131306939 ) ) ;
#4729 = CARTESIAN_POINT ( 'NONE',  ( -7.499999999999994671, 7.011047517764233739, -9.558896379812898303 ) ) ;
#4730 = CARTESIAN_POINT ( 'NONE',  ( 4.884201991027551593, 35.57305612334324962, 12.38488320632250250 ) ) ;
#4731 = EDGE_LOOP ( 'NONE', ( #2439, #2474, #6981, #5411 ) ) ;
#4732 = CARTESIAN_POINT ( 'NONE',  ( -12.79281226043168651, 37.60447694045700473, -3.920549921202363119 ) ) ;
#4733 = CARTESIAN_POINT ( 'NONE',  ( 10.36363636363635266, 3.499999999999982236, 21.64705618143756638 ) ) ;
#4734 = CARTESIAN_POINT ( 'NONE',  ( 13.60947771890152147, 19.50864958129275806, -0.3360789735385515953 ) ) ;
#4735 = CARTESIAN_POINT ( 'NONE',  ( -1.309023937076176702, 19.66322610672607496, 12.08359902609778658 ) ) ;
#4736 = CARTESIAN_POINT ( 'NONE',  ( -5.000000000000010658, 24.50000000000000000, -12.32882846293107271 ) ) ;
#4737 = CARTESIAN_POINT ( 'NONE',  ( 3.306476364111772259, 38.26446233127948204, -11.69386733243313437 ) ) ;
#4738 = EDGE_CURVE ( 'NONE', #4100, #4776, #2501, .T. ) ;
#4739 = CARTESIAN_POINT ( 'NONE',  ( -4.966877844265205511, 23.91959182084140423, 12.34502123843454946 ) ) ;
#4740 = CARTESIAN_POINT ( 'NONE',  ( 13.02354128964992697, 35.98049764780461857, 5.136882775377932475 ) ) ;
#4741 = CARTESIAN_POINT ( 'NONE',  ( -5.496804114236679797E-15, 14.00000000000000000, -14.00000000000000000 ) ) ;
#4742 = ORIENTED_EDGE ( 'NONE', *, *, #861, .F. ) ;
#4743 = CARTESIAN_POINT ( 'NONE',  ( 4.605869013921052080, 36.44587278695457400, -12.51323822058918189 ) ) ;
#4744 = CARTESIAN_POINT ( 'NONE',  ( -0.6563298320562692689, 39.45742378020098329, -13.48098204071393802 ) ) ;
#4745 = DIRECTION ( 'NONE',  ( 0.000000000000000000, 1.000000000000000000, 0.000000000000000000 ) ) ;
#4746 = CARTESIAN_POINT ( 'NONE',  ( -13.61606148701395469, 39.01569977310627735, -3.256440451767158351 ) ) ;
#4747 = CARTESIAN_POINT ( 'NONE',  ( -12.41282736075854665, 23.18704311694936848, -4.825236483681761612 ) ) ;
#4748 = DIRECTION ( 'NONE',  ( 1.206107350727848108E-16, 0.000000000000000000, -1.000000000000000000 ) ) ;
#4749 = ORIENTED_EDGE ( 'NONE', *, *, #1498, .T. ) ;
#4750 = CARTESIAN_POINT ( 'NONE',  ( -4.067498962810228491, 37.40894887967429838, -12.73713490990286701 ) ) ;
#4751 = CARTESIAN_POINT ( 'NONE',  ( 1.498366509570640659, 19.72960876499632121, -13.39908123066090084 ) ) ;
#4752 = EDGE_LOOP ( 'NONE', ( #6599, #1069 ) ) ;
#4753 = CARTESIAN_POINT ( 'NONE',  ( -13.36730899654236460, 20.73787256285867286, -4.161640446266013704 ) ) ;
#4754 = CARTESIAN_POINT ( 'NONE',  ( 13.30762358362764175, 37.54414566323568891, -4.348575566664403702 ) ) ;
#4755 = CARTESIAN_POINT ( 'NONE',  ( -13.32750556386887197, 38.13029706974167254, -4.288678447014490303 ) ) ;
#4756 = CARTESIAN_POINT ( 'NONE',  ( -12.99244741166536521, 20.77341561463325093, 3.333582251210733371 ) ) ;
#4757 = CARTESIAN_POINT ( 'NONE',  ( 1.389169040376132536, 19.69667620347487613, 13.41331061875202479 ) ) ;
#4758 = CARTESIAN_POINT ( 'NONE',  ( -0.4692105784952735337, 19.01789203941062212, -13.99244815377202933 ) ) ;
#4759 = CARTESIAN_POINT ( 'NONE',  ( 2.617713144335255038, 39.38736109845312683, 13.75334568237772359 ) ) ;
#4760 = CARTESIAN_POINT ( 'NONE',  ( 2.641920017474278737, 38.74580256295714520, 13.18372039217708647 ) ) ;
#4761 = CARTESIAN_POINT ( 'NONE',  ( 3.161425675340995944, 20.62630557407022280, 13.04440936236615833 ) ) ;
#4762 = CARTESIAN_POINT ( 'NONE',  ( 7.499999999999994671, 3.499999999999982236, -13.56465996625054871 ) ) ;
#4763 = DIRECTION ( 'NONE',  ( -0.000000000000000000, -1.000000000000000000, -0.000000000000000000 ) ) ;
#4764 = AXIS2_PLACEMENT_3D ( 'NONE', #746, #1437, #7087 ) ;
#4765 = ORIENTED_EDGE ( 'NONE', *, *, #6365, .T. ) ;
#4766 = CARTESIAN_POINT ( 'NONE',  ( -12.71128555222541046, 37.31330971622563908, -4.133445250817368688 ) ) ;
#4767 = DIRECTION ( 'NONE',  ( -2.602085213965210149E-16, 1.000000000000000000, 0.000000000000000000 ) ) ;
#4768 = CARTESIAN_POINT ( 'NONE',  ( 13.24510700734386681, 20.51253312243050075, -3.016881992802949775 ) ) ;
#4769 = CARTESIAN_POINT ( 'NONE',  ( 1.699197433816956097E-15, 45.00000000000000000, 13.75000000000005862 ) ) ;
#4770 = CARTESIAN_POINT ( 'NONE',  ( -2.854672119489197080, 20.39481803179142361, -13.12977379352217788 ) ) ;
#4771 = LINE ( 'NONE', #1918, #4786 ) ;
#4772 = CARTESIAN_POINT ( 'NONE',  ( 12.65042452746697421, 35.81134755533096836, -4.825671860945443647 ) ) ;
#4773 = CARTESIAN_POINT ( 'NONE',  ( 13.08640456393014162, 37.97135692286667563, -3.598697881855733360 ) ) ;
#4774 = CARTESIAN_POINT ( 'NONE',  ( 11.07350441368946470, 34.49999999999999289, -4.999999999999996447 ) ) ;
#4775 = CARTESIAN_POINT ( 'NONE',  ( -7.500000000000000000, 0.000000000000000000, -59.57475013247809414 ) ) ;
#4776 = VERTEX_POINT ( 'NONE', #6076 ) ;
#4777 = AXIS2_PLACEMENT_3D ( 'NONE', #6272, #3426, #46 ) ;
#4778 = EDGE_CURVE ( 'NONE', #1370, #7043, #3043, .T. ) ;
#4779 = PLANE ( 'NONE',  #5979 ) ;
#4780 = CARTESIAN_POINT ( 'NONE',  ( -4.931124666855700056, 35.32809407575477678, -12.36235163672385973 ) ) ;
#4781 = CARTESIAN_POINT ( 'NONE',  ( -5.628942251264815511, 35.40578585039429527, 12.81860481407846564 ) ) ;
#4782 = CARTESIAN_POINT ( 'NONE',  ( 12.84499785600954347, 21.99245335118797939, -4.326522238050031888 ) ) ;
#4783 = CARTESIAN_POINT ( 'NONE',  ( -12.36932284729519615, 23.58992786611577230, -4.916655703749112760 ) ) ;
#4784 = CARTESIAN_POINT ( 'NONE',  ( -4.370954805476499282E-15, 24.49999999999999645, -22.79802623035600462 ) ) ;
#4785 = VERTEX_POINT ( 'NONE', #3872 ) ;
#4786 = VECTOR ( 'NONE', #1423, 1000.000000000000000 ) ;
#4787 = CARTESIAN_POINT ( 'NONE',  ( -3.675245137617713986, 37.89030992498642547, -12.88048916269571187 ) ) ;
#4788 = CARTESIAN_POINT ( 'NONE',  ( 3.105800349218254652, 20.58058085701696882, -13.06079719101323455 ) ) ;
#4789 = CARTESIAN_POINT ( 'NONE',  ( -13.99221015635442278, 19.01845778680118926, 0.4761945032301639902 ) ) ;
#4790 = CARTESIAN_POINT ( 'NONE',  ( 12.68907171049694682, 36.11771683958455270, 4.731247661824509620 ) ) ;
#4791 = CARTESIAN_POINT ( 'NONE',  ( -13.38289089555153488, 39.23273802675883104, 1.614915759334820455 ) ) ;
#4792 = CARTESIAN_POINT ( 'NONE',  ( -13.92121836457536155, 39.81104526714774039, -1.494241835882147873 ) ) ;
#4793 = CARTESIAN_POINT ( 'NONE',  ( -12.98463330004698335, 20.79600313656758814, 3.358634340438580335 ) ) ;
#4794 =( GEOMETRIC_REPRESENTATION_CONTEXT ( 3 ) GLOBAL_UNCERTAINTY_ASSIGNED_CONTEXT ( ( #2124 ) ) GLOBAL_UNIT_ASSIGNED_CONTEXT ( ( #3567, #4318, #7295 ) ) REPRESENTATION_CONTEXT ( 'NONE', 'WORKASPACE' ) );
#4795 = DIRECTION ( 'NONE',  ( -1.206107350727848108E-16, 0.000000000000000000, -1.000000000000000000 ) ) ;
#4796 = CARTESIAN_POINT ( 'NONE',  ( -3.810532272350999783, 37.73827407151397750, 12.83293348860771310 ) ) ;
#4797 = CARTESIAN_POINT ( 'NONE',  ( 3.585003183396137771, 37.98546475060037864, 12.91119199856520439 ) ) ;
#4798 = LINE ( 'NONE', #1344, #5868 ) ;
#4799 = CARTESIAN_POINT ( 'NONE',  ( 4.363776925323191058, 36.94113133445881658, 12.61780855713343641 ) ) ;
#4800 = VERTEX_POINT ( 'NONE', #6152 ) ;
#4801 = CARTESIAN_POINT ( 'NONE',  ( -5.138999382257332549, 11.96792175607298248, 13.02398512772919759 ) ) ;
#4802 = AXIS2_PLACEMENT_3D ( 'NONE', #6534, #247, #4767 ) ;
#4803 = FACE_OUTER_BOUND ( 'NONE', #5248, .T. ) ;
#4804 = CARTESIAN_POINT ( 'NONE',  ( 13.09002296402986687, 21.01614153703957655, -3.586505857646543838 ) ) ;
#4805 = DIRECTION ( 'NONE',  ( -0.000000000000000000, -1.000000000000000000, -0.000000000000000000 ) ) ;
#4806 = CARTESIAN_POINT ( 'NONE',  ( -0.5808991521648770862, 19.53317980252220565, -13.48516943281773273 ) ) ;
#4807 = DIRECTION ( 'NONE',  ( -1.206107350727848108E-16, 0.000000000000000000, 1.000000000000000000 ) ) ;
#4808 = CARTESIAN_POINT ( 'NONE',  ( 12.71134521881292123, 36.27725009621789098, -4.676304938169058012 ) ) ;
#4809 = CARTESIAN_POINT ( 'NONE',  ( 13.47702206803513469, 39.14857154360200298, -1.843330138134617879 ) ) ;
#4810 = CARTESIAN_POINT ( 'NONE',  ( -3.207113912689040891, 38.33611643690497317, 13.03094450941437366 ) ) ;
#4811 = CARTESIAN_POINT ( 'NONE',  ( -18.50000000000000000, 3.499999999999984901, 0.000000000000000000 ) ) ;
#4812 = ORIENTED_EDGE ( 'NONE', *, *, #3839, .F. ) ;
#4813 = DIRECTION ( 'NONE',  ( -0.7071067811865456854, -0.7071067811865493491, 0.000000000000000000 ) ) ;
#4814 = CARTESIAN_POINT ( 'NONE',  ( 13.04957604498249601, 36.18476188423763773, 5.070462571057500867 ) ) ;
#4815 = CARTESIAN_POINT ( 'NONE',  ( 0.6545171478486446759, 19.54233596340402102, -13.48108581574561526 ) ) ;
#4816 = CARTESIAN_POINT ( 'NONE',  ( -5.553121606394173071, 23.24129851289153237, -12.85159385794370657 ) ) ;
#4817 = CARTESIAN_POINT ( 'NONE',  ( 13.45908283878155309, 19.89963076442809609, 1.959160181339097528 ) ) ;
#4818 = EDGE_CURVE ( 'NONE', #6432, #3569, #35, .T. ) ;
#4819 = LINE ( 'NONE', #2547, #3185 ) ;
#4820 = ORIENTED_EDGE ( 'NONE', *, *, #3064, .T. ) ;
#4821 = CARTESIAN_POINT ( 'NONE',  ( -4.908659418204710079, 35.45220075740161292, -12.37316557604128597 ) ) ;
#4822 = CARTESIAN_POINT ( 'NONE',  ( 3.221367515822871841, 20.67595123769463328, -13.02666469753089373 ) ) ;
#4823 = VERTEX_POINT ( 'NONE', #5517 ) ;
#4824 = CARTESIAN_POINT ( 'NONE',  ( -13.76890250540221139, 19.57210461988967154, -2.534690903196535672 ) ) ;
#4825 = CARTESIAN_POINT ( 'NONE',  ( 13.17148838217428874, 38.25732948580513693, 3.302829497860669150 ) ) ;
#4826 = CARTESIAN_POINT ( 'NONE',  ( -13.70459566329327217, 39.25880948138748039, -2.865612804331990393 ) ) ;
#4827 = ADVANCED_FACE ( 'NONE', ( #5447 ), #7198, .F. ) ;
#4828 = CARTESIAN_POINT ( 'NONE',  ( -12.60282627245472398, 22.12392766886497597, 4.399362820463307955 ) ) ;
#4829 = DIRECTION ( 'NONE',  ( 0.000000000000000000, 0.000000000000000000, 1.000000000000000000 ) ) ;
#4830 = CARTESIAN_POINT ( 'NONE',  ( -3.593614260314095255, 37.97741654918204546, 12.90845743039528237 ) ) ;
#4831 = CARTESIAN_POINT ( 'NONE',  ( -0.1703400655445828638, 39.49978996341017279, 13.49990682353430849 ) ) ;
#4832 = CARTESIAN_POINT ( 'NONE',  ( 12.59083981309923139, 35.07854092706033811, 4.967111133348177887 ) ) ;
#4833 = CARTESIAN_POINT ( 'NONE',  ( 12.13641869330564127, 19.53274297413418026, 0.6591452304916435301 ) ) ;
#4834 = CARTESIAN_POINT ( 'NONE',  ( 4.916655703749113648, 35.41007213388422059, 12.36932284729515708 ) ) ;
#4835 = CARTESIAN_POINT ( 'NONE',  ( -4.588477908811581685, 12.43753354950745837, 13.22819693198158220 ) ) ;
#4836 = FACE_OUTER_BOUND ( 'NONE', #5038, .T. ) ;
#4837 = CARTESIAN_POINT ( 'NONE',  ( 12.60539818607777818, 23.68005604166466682, -4.932993612368102632 ) ) ;
#4838 = DIRECTION ( 'NONE',  ( 0.000000000000000000, 0.000000000000000000, -1.000000000000000000 ) ) ;
#4839 = CARTESIAN_POINT ( 'NONE',  ( -4.108199442731418571, 21.64880528583395147, -12.72129217169052140 ) ) ;
#4840 = DIRECTION ( 'NONE',  ( 0.000000000000000000, 1.000000000000000000, 0.000000000000000000 ) ) ;
#4841 = CARTESIAN_POINT ( 'NONE',  ( -4.265120868730724268, 21.89032354833517147, 12.65857047862487939 ) ) ;
#4842 = CARTESIAN_POINT ( 'NONE',  ( 13.15375556215327713, 38.19836437438454624, -3.364835687466934289 ) ) ;
#4843 = CARTESIAN_POINT ( 'NONE',  ( -2.911947128268228102, 38.56536473065942516, 13.11469142390908438 ) ) ;
#4844 = VERTEX_POINT ( 'NONE', #2589 ) ;
#4845 = CARTESIAN_POINT ( 'NONE',  ( -12.59706931276864772, 36.85070523625830674, 4.412969170207934333 ) ) ;
#4846 = CARTESIAN_POINT ( 'NONE',  ( 13.07263714346161798, 36.34606930874377895, 5.010706911570818711 ) ) ;
#4847 = CARTESIAN_POINT ( 'NONE',  ( -2.911947128291594300, 20.43463526935729391, -13.11469142390493303 ) ) ;
#4848 = CARTESIAN_POINT ( 'NONE',  ( -4.162152656146148821, 38.26473908985231276, 13.36768372079185596 ) ) ;
#4849 = CARTESIAN_POINT ( 'NONE',  ( 13.49322107470048415, 19.80841815242390069, 1.729377538529001113 ) ) ;
#4850 = CARTESIAN_POINT ( 'NONE',  ( -13.84089460905202529, 39.61196188413200758, 2.106512885492492604 ) ) ;
#4851 = CARTESIAN_POINT ( 'NONE',  ( -12.35910525360223033, 23.71296006057075800, -4.937843757787893750 ) ) ;
#4852 = DIRECTION ( 'NONE',  ( 0.000000000000000000, 0.000000000000000000, 1.000000000000000000 ) ) ;
#4853 = ORIENTED_EDGE ( 'NONE', *, *, #705, .F. ) ;
#4854 = CARTESIAN_POINT ( 'NONE',  ( -3.221367516039690404, 38.32404876212331857, -13.02666469746779043 ) ) ;
#4855 = CARTESIAN_POINT ( 'NONE',  ( 14.00001861940574521, 19.29047517471959594, 0.03780126326412121956 ) ) ;
#4856 = ORIENTED_EDGE ( 'NONE', *, *, #521, .T. ) ;
#4857 = CARTESIAN_POINT ( 'NONE',  ( -13.75334568237773070, 19.61263890154689804, -2.617713144335229725 ) ) ;
#4858 = CARTESIAN_POINT ( 'NONE',  ( -13.39399708042344805, 39.25861420049429285, 1.536983677115858260 ) ) ;
#4859 = CARTESIAN_POINT ( 'NONE',  ( -12.93278110549844406, 20.94908405464843071, 3.520103013729290353 ) ) ;
#4860 = EDGE_CURVE ( 'NONE', #3742, #2520, #5612, .T. ) ;
#4861 = DIRECTION ( 'NONE',  ( -0.000000000000000000, -1.000000000000000000, -0.000000000000000000 ) ) ;
#4862 = CARTESIAN_POINT ( 'NONE',  ( 5.190650374805587219, 36.78674649157932919, 13.00242667865683011 ) ) ;
#4863 = CARTESIAN_POINT ( 'NONE',  ( 1.378850487523934909, 39.30683994543836235, 13.41481708061414402 ) ) ;
#4864 = DIRECTION ( 'NONE',  ( 1.206107350727848108E-16, -0.000000000000000000, 1.000000000000000000 ) ) ;
#4865 = CARTESIAN_POINT ( 'NONE',  ( 11.29413115610763718, 22.27409727192780764, 4.480177063389382042 ) ) ;
#4866 = CARTESIAN_POINT ( 'NONE',  ( 5.703703114510172867, 24.50000000000001421, -12.78545152826160347 ) ) ;
#4867 = VERTEX_POINT ( 'NONE', #6285 ) ;
#4868 = AXIS2_PLACEMENT_3D ( 'NONE', #2925, #590, #3948 ) ;
#4869 = CARTESIAN_POINT ( 'NONE',  ( 2.226075529799530273, 20.01105257614703703, 11.94821102485785502 ) ) ;
#4870 = DIRECTION ( 'NONE',  ( -0.000000000000000000, 1.000000000000000000, -0.000000000000000000 ) ) ;
#4871 = CARTESIAN_POINT ( 'NONE',  ( 13.05625541413054869, 21.13491422526200125, -3.698136677227374935 ) ) ;
#4872 = CARTESIAN_POINT ( 'NONE',  ( -0.3806013714425146022, 40.00000158951360163, -14.00000000081367624 ) ) ;
#4873 = CARTESIAN_POINT ( 'NONE',  ( -3.757661995975808189, 21.20053164541490887, -12.85179736078882407 ) ) ;
#4874 = LINE ( 'NONE', #4230, #720 ) ;
#4875 = CARTESIAN_POINT ( 'NONE',  ( -4.067498963394434064, 21.59105112114258773, 12.73713490967695705 ) ) ;
#4876 = CARTESIAN_POINT ( 'NONE',  ( 13.31686150315691819, 38.70204582993469700, -2.711112597026088089 ) ) ;
#4877 = CARTESIAN_POINT ( 'NONE',  ( -3.854718054367270774, 37.68453785629659336, 12.81681985180824057 ) ) ;
#4878 = ORIENTED_EDGE ( 'NONE', *, *, #1770, .F. ) ;
#4879 = VECTOR ( 'NONE', #4926, 1000.000000000000000 ) ;
#4880 = CARTESIAN_POINT ( 'NONE',  ( -12.92300924958929542, 38.02140836447215833, 3.549617570061641025 ) ) ;
#4881 = CARTESIAN_POINT ( 'NONE',  ( -3.236979588150692866, 38.31098803232406880, -13.02201317247596535 ) ) ;
#4882 = CARTESIAN_POINT ( 'NONE',  ( -4.046280920739071085, 21.56243825962315341, -12.74521854780600449 ) ) ;
#4883 = CARTESIAN_POINT ( 'NONE',  ( -5.068055422443493718, 21.97519131517880453, -13.05055611474003108 ) ) ;
#4884 = CARTESIAN_POINT ( 'NONE',  ( 13.37388788164514075, 20.13438478944525656, -2.438851633146977615 ) ) ;
#4885 = CARTESIAN_POINT ( 'NONE',  ( -13.99895140326643883, 39.99751874354347336, -0.1953067770656471414 ) ) ;
#4886 = AXIS2_PLACEMENT_3D ( 'NONE', #3462, #123, #1154 ) ;
#4887 = CARTESIAN_POINT ( 'NONE',  ( 7.499999999999992006, 6.500000000000012434, 9.558896379812898303 ) ) ;
#4888 = VERTEX_POINT ( 'NONE', #6634 ) ;
#4889 = EDGE_CURVE ( 'NONE', #5421, #3611, #3228, .T. ) ;
#4890 = CARTESIAN_POINT ( 'NONE',  ( -1.498366509558608950, 39.27039123500735229, -13.39908123066265944 ) ) ;
#4891 = CARTESIAN_POINT ( 'NONE',  ( 4.731152084026917670, 22.88043137740305255, 12.45659356369186632 ) ) ;
#4892 = CARTESIAN_POINT ( 'NONE',  ( 13.98243587470045490, 19.33531276118430497, 0.7024452594249048776 ) ) ;
#4893 = ORIENTED_EDGE ( 'NONE', *, *, #2582, .F. ) ;
#4894 = CARTESIAN_POINT ( 'NONE',  ( -13.93423987403175524, 19.15752774137238390, 1.356128664617175517 ) ) ;
#4895 = CARTESIAN_POINT ( 'NONE',  ( -12.72266196392037152, 37.35623762708804918, 4.104692339770052101 ) ) ;
#4896 = CARTESIAN_POINT ( 'NONE',  ( -13.10034080667307244, 37.26835054172952510, 4.942693900013443553 ) ) ;
#4897 = CARTESIAN_POINT ( 'NONE',  ( -13.34536915249272049, 19.85571325627236305, 1.852304963129651316 ) ) ;
#4898 = ORIENTED_EDGE ( 'NONE', *, *, #1968, .T. ) ;
#4899 = VECTOR ( 'NONE', #7074, 1000.000000000000000 ) ;
#4900 = VECTOR ( 'NONE', #5415, 1000.000000000000114 ) ;
#4901 = DIRECTION ( 'NONE',  ( 0.000000000000000000, -1.000000000000000000, 0.000000000000000000 ) ) ;
#4902 = CARTESIAN_POINT ( 'NONE',  ( 5.571607621624089290, 35.68036163323270671, 12.84358237230044431 ) ) ;
#4903 = CARTESIAN_POINT ( 'NONE',  ( -13.07651200955243631, 37.14591006642932314, 5.000540191323224803 ) ) ;
#4904 = CARTESIAN_POINT ( 'NONE',  ( -11.07350441368946647, 24.50000000000000000, 5.000000000000000000 ) ) ;
#4905 = CARTESIAN_POINT ( 'NONE',  ( 11.26603100564050131, 22.42087611234351741, 4.550124882505816259 ) ) ;
#4906 = CARTESIAN_POINT ( 'NONE',  ( 4.933673568365941620, 21.73873057250748886, -13.10196512258446333 ) ) ;
#4907 = ORIENTED_EDGE ( 'NONE', *, *, #521, .F. ) ;
#4908 = PRODUCT_DEFINITION_FORMATION_WITH_SPECIFIED_SOURCE ( 'ANY', '', #5560, .NOT_KNOWN. ) ;
#4909 = CARTESIAN_POINT ( 'NONE',  ( 1.143769985028610048, 19.62977767453044464, 12.09713545175009131 ) ) ;
#4910 = CARTESIAN_POINT ( 'NONE',  ( 4.162794158420993540, 20.73905667800701735, 13.36695009634698117 ) ) ;
#4911 = CARTESIAN_POINT ( 'NONE',  ( 13.00813110867129119, 21.31122002302929275, -3.851194817525142700 ) ) ;
#4912 = DIRECTION ( 'NONE',  ( 0.000000000000000000, 0.000000000000000000, 1.000000000000000000 ) ) ;
#4913 = CARTESIAN_POINT ( 'NONE',  ( 0.6563298320562481747, 19.54257621979902382, -13.48098204071394157 ) ) ;
#4914 = CARTESIAN_POINT ( 'NONE',  ( -11.07350441368946470, 45.00000000000000000, -4.999999999999996447 ) ) ;
#4915 = CARTESIAN_POINT ( 'NONE',  ( -2.837454672752303342, 20.38302594497103826, 13.13425294053941705 ) ) ;
#4916 = CARTESIAN_POINT ( 'NONE',  ( 13.20155716617892772, 38.35207375186817558, -3.187729460904894285 ) ) ;
#4917 = CARTESIAN_POINT ( 'NONE',  ( -2.001732616002251497, 39.08248789613477214, 13.31946312808696398 ) ) ;
#4918 = EDGE_CURVE ( 'NONE', #4465, #4919, #2678, .T. ) ;
#4919 = VERTEX_POINT ( 'NONE', #4774 ) ;
#4920 = VECTOR ( 'NONE', #6500, 1000.000000000000000 ) ;
#4921 = CARTESIAN_POINT ( 'NONE',  ( -12.63270960131727172, 37.00467070993857988, 4.328197484380799764 ) ) ;
#4922 = CARTESIAN_POINT ( 'NONE',  ( 12.93803159552069459, 34.84659890930101511, 5.348616044993542928 ) ) ;
#4923 = CARTESIAN_POINT ( 'NONE',  ( -4.133445250743973176, 21.68669028366639751, -12.71128555225452317 ) ) ;
#4924 = CARTESIAN_POINT ( 'NONE',  ( -3.479276566367546675, 38.86188454301553463, 13.56159021614736382 ) ) ;
#4925 = CARTESIAN_POINT ( 'NONE',  ( 13.61204152707787429, 19.50223612398462336, -0.1705959954947466328 ) ) ;
#4926 = DIRECTION ( 'NONE',  ( -2.602085213965210149E-16, 1.000000000000000000, 3.874402945344053566E-16 ) ) ;
#4927 = ORIENTED_EDGE ( 'NONE', *, *, #3158, .T. ) ;
#4928 = CARTESIAN_POINT ( 'NONE',  ( 1.188814211917120778, 19.64320661608418916, 13.43658867178312200 ) ) ;
#4929 = CARTESIAN_POINT ( 'NONE',  ( 13.63766099902045248, 20.29629749746641210, -3.164726747263042039 ) ) ;
#4930 = ORIENTED_EDGE ( 'NONE', *, *, #6291, .F. ) ;
#4931 = CARTESIAN_POINT ( 'NONE',  ( -12.83131109016827409, 23.45388623802148231, -5.599782199576226915 ) ) ;
#4932 = CARTESIAN_POINT ( 'NONE',  ( -13.26215498409433380, 38.94305592966691165, 2.294748772665789360 ) ) ;
#4933 = CARTESIAN_POINT ( 'NONE',  ( -7.499999999999991118, 3.499999999999985789, 13.56465996625054515 ) ) ;
#4934 = CARTESIAN_POINT ( 'NONE',  ( -2.231973047200464855, 38.98632650780228914, -11.94721069196017638 ) ) ;
#4935 = VERTEX_POINT ( 'NONE', #4090 ) ;
#4936 = CARTESIAN_POINT ( 'NONE',  ( 5.703703114510170202, 34.50000000000000000, 12.78545152826160347 ) ) ;
#4937 = CARTESIAN_POINT ( 'NONE',  ( 5.550620142217407071, 35.76892285823156215, 12.85267482874188794 ) ) ;
#4938 = CARTESIAN_POINT ( 'NONE',  ( -13.59906280377225052, 38.96803034358536166, 3.327365498151762413 ) ) ;
#4939 = CARTESIAN_POINT ( 'NONE',  ( 7.499999999999991118, 45.00000000000000000, 11.82159041753689444 ) ) ;
#4940 = CARTESIAN_POINT ( 'NONE',  ( -11.94796084268723213, 20.01168032220618542, -2.228010771830647219 ) ) ;
#4941 = CARTESIAN_POINT ( 'NONE',  ( -12.92300924958925989, 20.97859163552782746, -3.549617570061628591 ) ) ;
#4942 = ADVANCED_FACE ( 'NONE', ( #5807 ), #7235, .T. ) ;
#4943 = CARTESIAN_POINT ( 'NONE',  ( 5.694197870183529631, 24.13371731864170044, -12.78970435481684120 ) ) ;
#4944 = B_SPLINE_CURVE_WITH_KNOTS ( 'NONE', 3,
 ( #4333, #6086, #928, #3843, #6122, #81, #4639, #3956, #4521, #1114, #5785, #6268, #6786, #673, #1265, #5746, #1744, #5236, #2378, #119, #557, #6861, #5161, #6346, #6231, #597, #5276, #2936, #6384, #4564, #3458, #6901, #4678, #1149, #3422, #1784, #1187, #42 ),
 .UNSPECIFIED., .F., .F.,
 ( 4, 2, 2, 2, 2, 2, 2, 2, 2, 2, 2, 2, 2, 2, 2, 2, 2, 2, 4 ),
 ( 0.000000000000000000, 0.0009876059267860373605, 0.001975211853572074721, 0.002962817780358112298, 0.003950423707144149442, 0.004938029633930187019, 0.005925635560716224597, 0.006419438524109239916, 0.006913241487502255235, 0.007900847414288279802, 0.008888453341074306971, 0.009876059267860332405, 0.01086366519464635957, 0.01185127112143238674, 0.01283887704821841218, 0.01333268001161142489, 0.01382648297500443588, 0.01481408890179046131, 0.01580169482857648675 ),
 .UNSPECIFIED. ) ;
#4945 = CARTESIAN_POINT ( 'NONE',  ( -12.42184610739282746, 35.88166670485143328, -4.806041646966082936 ) ) ;
#4946 = CARTESIAN_POINT ( 'NONE',  ( 4.686389991307216007, 21.36368608662188606, 13.19245092321893864 ) ) ;
#4947 = EDGE_CURVE ( 'NONE', #5482, #4954, #6965, .T. ) ;
#4948 = LINE ( 'NONE', #5600, #3211 ) ;
#4949 = CARTESIAN_POINT ( 'NONE',  ( 5.000000000000007994, 24.50000000000000000, 12.32882846293108869 ) ) ;
#4950 = CYLINDRICAL_SURFACE ( 'NONE', #4175, 5.000000000000000000 ) ;
#4951 = CARTESIAN_POINT ( 'NONE',  ( -4.471098792138754163, 22.26117945122168962, 12.57228049767387823 ) ) ;
#4952 = CARTESIAN_POINT ( 'NONE',  ( 13.12796867921293575, 38.11300538304850249, 3.456385233716282812 ) ) ;
#4953 = CARTESIAN_POINT ( 'NONE',  ( -3.305828675722243482, 38.25130306708626193, 13.00104079346969854 ) ) ;
#4954 = VERTEX_POINT ( 'NONE', #1850 ) ;
#4955 = CARTESIAN_POINT ( 'NONE',  ( -12.52344162748222978, 36.50053890433223103, 4.582997241966532798 ) ) ;
#4956 = CARTESIAN_POINT ( 'NONE',  ( 13.99651059443189105, 39.70063049556982548, 0.3584376350420185875 ) ) ;
#4957 = EDGE_CURVE ( 'NONE', #1550, #4324, #6563, .T. ) ;
#4958 = CARTESIAN_POINT ( 'NONE',  ( -4.372525284327153372, 22.07478518769770304, -12.61413117267719919 ) ) ;
#4959 = CARTESIAN_POINT ( 'NONE',  ( -4.464326232005134010, 21.07568893809727584, -13.26927361248400672 ) ) ;
#4960 = CARTESIAN_POINT ( 'NONE',  ( 13.60631540813697526, 19.51662178850428120, 0.4078919242838717207 ) ) ;
#4961 = CARTESIAN_POINT ( 'NONE',  ( 12.71138175140882254, 36.27296137391337538, 4.675828788347340392 ) ) ;
#4962 = CARTESIAN_POINT ( 'NONE',  ( 4.738585594592538364, 36.12825324617000433, 11.18868245310071075 ) ) ;
#4963 = ORIENTED_EDGE ( 'NONE', *, *, #3743, .T. ) ;
#4964 = CARTESIAN_POINT ( 'NONE',  ( -2.837454672577546688, 38.61697405514897952, -13.13425294058663617 ) ) ;
#4965 = CARTESIAN_POINT ( 'NONE',  ( -4.345338910893585371, 38.06377745539966639, -13.30871208603375599 ) ) ;
#4966 = CARTESIAN_POINT ( 'NONE',  ( 2.079598625401978484, 19.95008356872576272, 13.30582717154891448 ) ) ;
#4967 = CARTESIAN_POINT ( 'NONE',  ( 13.93399656768003148, 19.46059981439905329, -1.358534596865399013 ) ) ;
#4968 = VERTEX_POINT ( 'NONE', #5394 ) ;
#4969 = CARTESIAN_POINT ( 'NONE',  ( -13.13859881270516539, 20.37155344778729926, 2.820922919498017212 ) ) ;
#4970 = CARTESIAN_POINT ( 'NONE',  ( -13.02201317247600443, 38.31098803232405459, 3.236979588150683540 ) ) ;
#4971 = DIRECTION ( 'NONE',  ( -0.000000000000000000, 1.000000000000000000, -0.000000000000000000 ) ) ;
#4972 = CARTESIAN_POINT ( 'NONE',  ( 5.703703114510171979, 45.00000000000000000, 12.78545152826160169 ) ) ;
#4973 = CARTESIAN_POINT ( 'NONE',  ( 5.628942251220988346, 23.59421414945993689, 12.81860481409756680 ) ) ;
#4974 = CARTESIAN_POINT ( 'NONE',  ( 13.99982975508212135, 39.70904502276290060, -0.08201676129514937075 ) ) ;
#4975 = CARTESIAN_POINT ( 'NONE',  ( -12.36075373155409096, 35.32286738664504355, -4.934553706097500658 ) ) ;
#4976 = DIRECTION ( 'NONE',  ( 0.000000000000000000, 0.000000000000000000, -1.000000000000000000 ) ) ;
#4977 = CARTESIAN_POINT ( 'NONE',  ( -12.80946492380022406, 21.34002382320230140, -3.874865514786341780 ) ) ;
#4978 = CARTESIAN_POINT ( 'NONE',  ( 3.867683513290038455, 21.33123739661142793, -12.81209070266851313 ) ) ;
#4979 = CARTESIAN_POINT ( 'NONE',  ( 1.310181730566363667, 19.14687827544870302, 13.93863546651184393 ) ) ;
#4980 = CYLINDRICAL_SURFACE ( 'NONE', #3936, 24.00000000000000355 ) ;
#4981 = DIRECTION ( 'NONE',  ( 0.000000000000000000, 0.000000000000000000, -1.000000000000000000 ) ) ;
#4982 = CARTESIAN_POINT ( 'NONE',  ( 3.961391167708271599, 21.44813080062941069, -12.77752299314134277 ) ) ;
#4983 = CARTESIAN_POINT ( 'NONE',  ( 4.520270377083225100, 37.85539174673643714, -13.25030575713082825 ) ) ;
#4984 = CARTESIAN_POINT ( 'NONE',  ( -4.628966502469382682, 22.60973474024547869, 12.50292118951649556 ) ) ;
#4985 = CARTESIAN_POINT ( 'NONE',  ( 13.61285521774291496, 39.49980197023023720, 0.1697604854682140396 ) ) ;
#4986 = CARTESIAN_POINT ( 'NONE',  ( 0.000000000000000000, 4.999999999999984013, 0.000000000000000000 ) ) ;
#4987 = ORIENTED_EDGE ( 'NONE', *, *, #6395, .F. ) ;
#4988 = EDGE_CURVE ( 'NONE', #6259, #4289, #6402, .T. ) ;
#4989 = CARTESIAN_POINT ( 'NONE',  ( -12.91119199856555966, 37.98546475060037864, 3.585003183396144433 ) ) ;
#4990 = CARTESIAN_POINT ( 'NONE',  ( 0.5110079518998861259, 14.00000000000000355, 12.15000000000000391 ) ) ;
#4991 = CARTESIAN_POINT ( 'NONE',  ( 13.21399067911545622, 20.60877110605429507, 3.140091761981427698 ) ) ;
#4992 = CARTESIAN_POINT ( 'NONE',  ( -3.333582251321319134, 20.77341561473235032, -12.99244741163070316 ) ) ;
#4993 = CARTESIAN_POINT ( 'NONE',  ( 1.027590024168311356, 19.08924194120337603, -13.96254142991349134 ) ) ;
#4994 = CARTESIAN_POINT ( 'NONE',  ( 12.71134521881293189, 22.72274990378214810, 4.676304938169075776 ) ) ;
#4995 = CARTESIAN_POINT ( 'NONE',  ( 12.87525197543213018, 37.14662284449681096, 4.242873121848155016 ) ) ;
#4996 = FILL_AREA_STYLE ('',( #6588 ) ) ;
#4997 = FACE_OUTER_BOUND ( 'NONE', #2732, .T. ) ;
#4998 = ORIENTED_EDGE ( 'NONE', *, *, #1833, .F. ) ;
#4999 = EDGE_CURVE ( 'NONE', #7136, #1655, #2955, .T. ) ;
#5000 = CARTESIAN_POINT ( 'NONE',  ( -2.485718513589461498, 38.83865420005258784, -13.22029294188426007 ) ) ;
#5001 = CARTESIAN_POINT ( 'NONE',  ( 4.991646442905430803, 34.83257872955968537, -12.33293925967237925 ) ) ;
#5002 = CARTESIAN_POINT ( 'NONE',  ( -3.205718809805637726, 20.66267867427234961, 13.03136881055139895 ) ) ;
#5003 = CARTESIAN_POINT ( 'NONE',  ( 13.07277617294496252, 22.64829111438658771, 5.010756510344088532 ) ) ;
#5004 = CONICAL_SURFACE ( 'NONE', #2237, 13.75000000000005862, 0.7853981633974415066 ) ;
#5005 = CARTESIAN_POINT ( 'NONE',  ( -12.34890162366675881, 23.83953493882880537, 4.958924597476664253 ) ) ;
#5006 = CARTESIAN_POINT ( 'NONE',  ( -13.05919771033391186, 38.41495623610929044, 3.111229949161825381 ) ) ;
#5007 = CARTESIAN_POINT ( 'NONE',  ( 8.000000000000005329, 4.000000000000000000, 19.84313483298443970 ) ) ;
#5008 = CARTESIAN_POINT ( 'NONE',  ( -12.45612845991022155, 22.88478174628962236, 4.732093756825359598 ) ) ;
#5009 = VECTOR ( 'NONE', #1057, 1000.000000000000000 ) ;
#5010 = CARTESIAN_POINT ( 'NONE',  ( -1.831549036404752745E-13, 39.50000000000203926, -12.15000000000083702 ) ) ;
#5011 = CARTESIAN_POINT ( 'NONE',  ( 13.97242078266356913, 39.63900818086001721, 0.8826447184292994796 ) ) ;
#5012 = CARTESIAN_POINT ( 'NONE',  ( -12.32882846293112422, 34.49999999999999289, -4.999999999999999112 ) ) ;
#5013 = CARTESIAN_POINT ( 'NONE',  ( -13.96950757275576649, 19.07247219822469120, 0.9417993611059566339 ) ) ;
#5014 = CARTESIAN_POINT ( 'NONE',  ( 4.521490543381635696, 37.85386293429115057, -13.24989011440864672 ) ) ;
#5015 = CARTESIAN_POINT ( 'NONE',  ( -12.82254934719201600, 21.29637042432713301, -3.838996741111845967 ) ) ;
#5016 = VECTOR ( 'NONE', #6793, 1000.000000000000000 ) ;
#5017 = CARTESIAN_POINT ( 'NONE',  ( 4.908659418205138181, 23.54779924260057200, -12.37316557604062872 ) ) ;
#5018 = CARTESIAN_POINT ( 'NONE',  ( 5.227517382448699124, 22.29813644253378158, 12.98747719068704498 ) ) ;
#5019 = DIRECTION ( 'NONE',  ( -1.206107350727848108E-16, 0.000000000000000000, 1.000000000000000000 ) ) ;
#5020 = CARTESIAN_POINT ( 'NONE',  ( -5.694197870159322328, 34.86628268154566967, -12.78970435482757573 ) ) ;
#5021 = B_SPLINE_CURVE_WITH_KNOTS ( 'NONE', 3,
 ( #6465, #278, #2492, #1346, #3621, #791, #5350, #244, #7067, #1944, #5385, #1381, #5940, #823, #3094, #2014, #348, #4906, #1486, #4295, #4516, #3950, #1416, #2259, #6226, #6570, #552, #5490, #6013, #5121, #3767, #4943, #894, #4866 ),
 .UNSPECIFIED., .F., .F.,
 ( 4, 2, 2, 2, 2, 2, 2, 2, 2, 2, 2, 2, 2, 2, 2, 2, 4 ),
 ( 0.5003967268786171374, 0.5628471360187901062, 0.5940723405888764797, 0.6252975451589628531, 0.6877479542991355999, 0.7501983634393083467, 0.7814235680093946090, 0.8126487725794808714, 0.8282613748645243357, 0.8438739771495676889, 0.8750991817196542844, 0.9063243862897409908, 0.9219369885747841220, 0.9375495908598272532, 0.9531621931448702734, 0.9687747954299132935, 1.000000000000000000 ),
 .UNSPECIFIED. ) ;
#5022 = CARTESIAN_POINT ( 'NONE',  ( 4.363776925323190170, 22.05886866554117631, -12.61780855713343819 ) ) ;
#5023 = DIRECTION ( 'NONE',  ( 0.000000000000000000, 0.000000000000000000, 1.000000000000000000 ) ) ;
#5024 = CARTESIAN_POINT ( 'NONE',  ( -0.6545171477931309711, 19.54233596339668466, 13.48108581575046649 ) ) ;
#5025 = CARTESIAN_POINT ( 'NONE',  ( 13.10505451315174064, 38.03551088560359261, 3.535557114925624411 ) ) ;
#5026 = CARTESIAN_POINT ( 'NONE',  ( -4.718749163075515618, 36.15381380464806682, 12.46225512916807965 ) ) ;
#5027 = AXIS2_PLACEMENT_3D ( 'NONE', #1158, #4117, #6392 ) ;
#5028 = EDGE_LOOP ( 'NONE', ( #5545, #3704, #2037, #6812 ) ) ;
#5029 = CARTESIAN_POINT ( 'NONE',  ( -13.03374366504618109, 38.34391016171682764, 3.197575384589533609 ) ) ;
#5030 = CARTESIAN_POINT ( 'NONE',  ( 13.07267389996563622, 36.35108290319593038, -5.011027081389795690 ) ) ;
#5031 = CARTESIAN_POINT ( 'NONE',  ( 13.19182673273755846, 20.67872757710342313, 3.224676896114714975 ) ) ;
#5032 = CARTESIAN_POINT ( 'NONE',  ( 2.280491854602153978, 19.45793212523119919, -13.81329475549791574 ) ) ;
#5033 = CARTESIAN_POINT ( 'NONE',  ( -10.36363636363635266, 4.000000000000000000, 21.64705618143756638 ) ) ;
#5034 = CARTESIAN_POINT ( 'NONE',  ( 13.26854998471310410, 38.55863238591742004, 2.920474326936777221 ) ) ;
#5035 =( LENGTH_UNIT ( ) NAMED_UNIT ( * ) SI_UNIT ( .MILLI., .METRE. ) );
#5036 = CARTESIAN_POINT ( 'NONE',  ( 5.000000000000000888, 34.83410172019734574, 11.07350441368946647 ) ) ;
#5037 = EDGE_CURVE ( 'NONE', #1582, #4785, #5648, .T. ) ;
#5038 = EDGE_LOOP ( 'NONE', ( #2529, #3442, #1956, #7052 ) ) ;
#5039 = AXIS2_PLACEMENT_3D ( 'NONE', #6292, #2885, #6334 ) ;
#5040 = CARTESIAN_POINT ( 'NONE',  ( 3.144364604755890635, 38.38755604956934775, -13.04939739922020081 ) ) ;
#5041 = CARTESIAN_POINT ( 'NONE',  ( 4.549339564448397155, 36.57608232685766581, -12.53829996367958977 ) ) ;
#5042 = CARTESIAN_POINT ( 'NONE',  ( -1.142580959466399815, 19.62952445556070202, 13.44254448012601344 ) ) ;
#5043 = CARTESIAN_POINT ( 'NONE',  ( 13.18837296926700020, 21.99470241077503729, 4.697584996139758218 ) ) ;
#5044 = COLOUR_RGB ( '',1.000000000000000000, 0.5019607843137254832, 0.5019607843137254832 ) ;
#5045 = ADVANCED_FACE ( 'NONE', ( #2819, #5741 ), #1629, .F. ) ;
#5046 = CARTESIAN_POINT ( 'NONE',  ( -12.78545152826162123, 34.50000000000000000, -5.703703114510129346 ) ) ;
#5047 = CARTESIAN_POINT ( 'NONE',  ( -12.82744570394590156, 23.49892073961223460, -5.608628890089555341 ) ) ;
#5048 = CARTESIAN_POINT ( 'NONE',  ( 12.60604082446086416, 35.32604856561636097, -4.931469240386308073 ) ) ;
#5049 = CARTESIAN_POINT ( 'NONE',  ( -5.000000000000007105, 34.49999999999998579, 12.32882846293108159 ) ) ;
#5050 = CARTESIAN_POINT ( 'NONE',  ( -12.51632130456931158, 22.53782541333918488, 4.598940812188137883 ) ) ;
#5051 = VERTEX_POINT ( 'NONE', #628 ) ;
#5052 = EDGE_CURVE ( 'NONE', #6819, #5536, #2222, .T. ) ;
#5053 = CARTESIAN_POINT ( 'NONE',  ( 5.000000000000005329, 34.50000000000000000, 12.32882846293108869 ) ) ;
#5054 = CARTESIAN_POINT ( 'NONE',  ( 13.98016186836827934, 39.65886469396678393, -0.7463190767122472868 ) ) ;
#5055 = CARTESIAN_POINT ( 'NONE',  ( -12.80229064392443838, 35.13945131675996691, 5.665815134425024269 ) ) ;
#5056 = CARTESIAN_POINT ( 'NONE',  ( -13.19405093479656088, 21.35742344205507237, -4.681889783516847814 ) ) ;
#5057 = CARTESIAN_POINT ( 'NONE',  ( -24.00000000000000355, 24.50000000000000000, -5.000000000000000000 ) ) ;
#5058 = CARTESIAN_POINT ( 'NONE',  ( -12.68809945276676565, 21.77447711823871757, -4.191937188881245113 ) ) ;
#5059 = CARTESIAN_POINT ( 'NONE',  ( 4.644550699236522640, 22.64835682826315022, -12.49592710255395644 ) ) ;
#5060 = CARTESIAN_POINT ( 'NONE',  ( 5.553121606394149978, 23.24129851289153592, 12.85159385794371367 ) ) ;
#5061 = FACE_OUTER_BOUND ( 'NONE', #1506, .T. ) ;
#5062 = DIRECTION ( 'NONE',  ( 1.000000000000000000, -0.000000000000000000, -0.000000000000000000 ) ) ;
#5063 = CARTESIAN_POINT ( 'NONE',  ( 4.383590880285610503, 22.09462700357402554, -12.60949393166590227 ) ) ;
#5064 = LINE ( 'NONE', #7323, #4053 ) ;
#5065 = CARTESIAN_POINT ( 'NONE',  ( 2.911947128268404406, 20.43463526934069918, 13.11469142390904175 ) ) ;
#5066 = CARTESIAN_POINT ( 'NONE',  ( 13.09358311327899216, 37.99614831081547806, 3.574499789704290276 ) ) ;
#5067 = CARTESIAN_POINT ( 'NONE',  ( -4.598940812191202987, 36.46217458665364575, 12.51632130456769865 ) ) ;
#5068 = CARTESIAN_POINT ( 'NONE',  ( 2.221969527786557652, 38.97990527982585718, 13.27715620654397988 ) ) ;
#5069 = CARTESIAN_POINT ( 'NONE',  ( -13.31946312805824029, 39.08248789607308993, -2.001732616149650035 ) ) ;
#5070 = CARTESIAN_POINT ( 'NONE',  ( 13.79695252341360145, 39.16990026445335360, -2.380842270408956018 ) ) ;
#5071 = CARTESIAN_POINT ( 'NONE',  ( 13.49392485328713498, 19.80643945021946095, 1.726924891839615617 ) ) ;
#5072 = CARTESIAN_POINT ( 'NONE',  ( -4.769245651919086448, 22.99798278619397252, -12.43896763249536086 ) ) ;
#5073 = CARTESIAN_POINT ( 'NONE',  ( -4.789679312829632885, 21.51230025290870884, -13.15530250175442184 ) ) ;
#5074 = CARTESIAN_POINT ( 'NONE',  ( -12.78545152826161768, 24.50000000000001421, 5.703703114510133787 ) ) ;
#5075 = CARTESIAN_POINT ( 'NONE',  ( 13.21356320265600637, 38.38988323761790866, -3.141730357956211694 ) ) ;
#5076 = CARTESIAN_POINT ( 'NONE',  ( 13.14902958268699606, 22.17803464384630985, 4.808721478176541275 ) ) ;
#5077 = VERTEX_POINT ( 'NONE', #2785 ) ;
#5078 = CARTESIAN_POINT ( 'NONE',  ( 3.345601216878860029, 38.21577472617848770, -12.98870409700016637 ) ) ;
#5079 = CARTESIAN_POINT ( 'NONE',  ( -4.161640446266074989, 38.26212743714136622, -13.36730899654234506 ) ) ;
#5080 = CARTESIAN_POINT ( 'NONE',  ( -4.239045969329542807, 21.84723125228980223, 12.66922898022115085 ) ) ;
#5081 = CARTESIAN_POINT ( 'NONE',  ( 13.90322995435352382, 19.54154903321113323, 1.645399486429017566 ) ) ;
#5082 = CARTESIAN_POINT ( 'NONE',  ( -12.87133118078477168, 35.93402034453473703, -5.507218689092013619 ) ) ;
#5083 = CARTESIAN_POINT ( 'NONE',  ( -13.47015723515031738, 19.56695404817264361, -0.8196811705556513727 ) ) ;
#5084 = CARTESIAN_POINT ( 'NONE',  ( -2.517872742605790304, 38.83187905775054105, -11.88945402565543219 ) ) ;
#5085 = ORIENTED_EDGE ( 'NONE', *, *, #5398, .F. ) ;
#5086 = DIRECTION ( 'NONE',  ( 0.000000000000000000, -1.000000000000000000, 0.000000000000000000 ) ) ;
#5087 = CARTESIAN_POINT ( 'NONE',  ( 7.500000000000000000, 6.500000000000000888, -59.57475013247809414 ) ) ;
#5088 = CARTESIAN_POINT ( 'NONE',  ( 0.7498821080462159117, 19.04473062556125385, 13.98115631732991737 ) ) ;
#5089 = CARTESIAN_POINT ( 'NONE',  ( 13.99677739986341329, 39.70128419425293487, -0.3036320384775209602 ) ) ;
#5090 = CARTESIAN_POINT ( 'NONE',  ( -13.44887353666782559, 39.38481190454935188, -1.067859494714889168 ) ) ;
#5091 = DIRECTION ( 'NONE',  ( 0.000000000000000000, 1.000000000000000000, 0.000000000000000000 ) ) ;
#5092 = CARTESIAN_POINT ( 'NONE',  ( 5.507218689092050035, 35.93402034453477967, -12.87133118078475746 ) ) ;
#5093 = CARTESIAN_POINT ( 'NONE',  ( -12.80554299147723363, 21.35317356171161407, -3.885576650820016908 ) ) ;
#5094 = EDGE_CURVE ( 'NONE', #953, #4650, #3492, .T. ) ;
#5095 = CARTESIAN_POINT ( 'NONE',  ( -0.9350436090806760747, 19.07364992394947834, 13.96905171694893610 ) ) ;
#5096 = FACE_OUTER_BOUND ( 'NONE', #2657, .T. ) ;
#5097 = CARTESIAN_POINT ( 'NONE',  ( 7.500000000000000000, 3.499999999999982236, -59.57475013247809414 ) ) ;
#5098 = CARTESIAN_POINT ( 'NONE',  ( -2.783879528940844672, 39.30121427881000074, 13.72067480238318637 ) ) ;
#5099 = DIRECTION ( 'NONE',  ( -1.206107350727848108E-16, 0.000000000000000000, 1.000000000000000000 ) ) ;
#5100 = CARTESIAN_POINT ( 'NONE',  ( 5.119854430745381713, 36.95025942330428848, -13.03114996202557485 ) ) ;
#5101 = CARTESIAN_POINT ( 'NONE',  ( -1.060665051196859610, 19.61362644894894203, 13.44955914315654155 ) ) ;
#5102 = CARTESIAN_POINT ( 'NONE',  ( 13.33883638956353401, 38.76559368061390387, 2.608902171304547046 ) ) ;
#5103 = CARTESIAN_POINT ( 'NONE',  ( -18.50000000000000000, 3.499999999999984901, 0.000000000000000000 ) ) ;
#5104 = ORIENTED_EDGE ( 'NONE', *, *, #6814, .T. ) ;
#5105 = CARTESIAN_POINT ( 'NONE',  ( -13.30597309141044882, 39.05002349343500612, -2.074578311609481140 ) ) ;
#5106 = CARTESIAN_POINT ( 'NONE',  ( -5.298717085119471371, 22.46252581105102664, 12.95859161683778638 ) ) ;
#5107 = CARTESIAN_POINT ( 'NONE',  ( 13.27419876062285908, 20.42434306398347488, 2.896874339305661739 ) ) ;
#5108 = CARTESIAN_POINT ( 'NONE',  ( -2.783879528940850889, 19.69878572118999216, -13.72067480238318282 ) ) ;
#5109 = CARTESIAN_POINT ( 'NONE',  ( 13.12195967233857630, 20.90677165359966949, 3.477825824661975318 ) ) ;
#5110 = CARTESIAN_POINT ( 'NONE',  ( 13.12195967233856742, 38.09322834640031630, -3.477825824661978427 ) ) ;
#5111 = CARTESIAN_POINT ( 'NONE',  ( 13.08506639948811667, 22.57259478130411168, -4.978184413292530586 ) ) ;
#5112 = ORIENTED_EDGE ( 'NONE', *, *, #1740, .T. ) ;
#5113 = CARTESIAN_POINT ( 'NONE',  ( 4.143558834780626476, 37.29839264286221834, -12.70729970933553865 ) ) ;
#5114 = CARTESIAN_POINT ( 'NONE',  ( -5.625134224076566269, 35.41090340427181360, -12.82021630050981109 ) ) ;
#5115 = CARTESIAN_POINT ( 'NONE',  ( -4.195267373628950303, 21.77854377066731217, 12.68686278043293747 ) ) ;
#5116 = CARTESIAN_POINT ( 'NONE',  ( 13.40895443334009407, 21.06114670847725279, 4.025371649756268155 ) ) ;
#5117 = CARTESIAN_POINT ( 'NONE',  ( -13.34657716478097633, 19.85276152017683415, -1.846618629337094086 ) ) ;
#5118 = VECTOR ( 'NONE', #151, 1000.000000000000000 ) ;
#5119 = DIRECTION ( 'NONE',  ( 0.000000000000000000, -1.000000000000000000, 0.000000000000000000 ) ) ;
#5120 = VERTEX_POINT ( 'NONE', #3453 ) ;
#5121 = CARTESIAN_POINT ( 'NONE',  ( 5.654089700340691138, 23.77038116902564013, -12.80747858351067414 ) ) ;
#5122 = CARTESIAN_POINT ( 'NONE',  ( -10.14772727272726094, 4.000000000000000000, -21.19607584432427672 ) ) ;
#5123 = CIRCLE ( 'NONE', #1896, 1.750000000000000000 ) ;
#5124 = CARTESIAN_POINT ( 'NONE',  ( -12.94439843765959353, 22.54811847779511069, 5.333266973458573368 ) ) ;
#5125 = CARTESIAN_POINT ( 'NONE',  ( 13.71696332677044694, 38.94094067968445216, 2.801137507064847654 ) ) ;
#5126 = CARTESIAN_POINT ( 'NONE',  ( -13.49534014820031658, 39.48959322986620890, 0.3251165232860400711 ) ) ;
#5127 = CARTESIAN_POINT ( 'NONE',  ( -12.78545152826161946, 34.50000000000000000, -5.703703114510133787 ) ) ;
#5128 = CARTESIAN_POINT ( 'NONE',  ( 2.539355301885880323, 39.42807310971144830, -13.76877896525449430 ) ) ;
#5129 = CARTESIAN_POINT ( 'NONE',  ( -13.48066893231909091, 19.54327545544121492, 0.6615497669394916347 ) ) ;
#5130 = CARTESIAN_POINT ( 'NONE',  ( -5.504343272044748936, 23.05574755399269904, 12.87256149494084490 ) ) ;
#5131 = FACE_OUTER_BOUND ( 'NONE', #1543, .T. ) ;
#5132 = CARTESIAN_POINT ( 'NONE',  ( 5.332413182156533260, 36.45401739410938546, 12.94474931292905318 ) ) ;
#5133 = CARTESIAN_POINT ( 'NONE',  ( -5.299337663097253959, 36.53597637286086552, 12.95833794104592052 ) ) ;
#5134 = CARTESIAN_POINT ( 'NONE',  ( 4.857592969326042898, 35.68982059010009067, 12.39757199997174020 ) ) ;
#5135 = CARTESIAN_POINT ( 'NONE',  ( 0.9071277291645817309, 19.58230119718259488, 13.46336086142473043 ) ) ;
#5136 = CARTESIAN_POINT ( 'NONE',  ( 12.87370783239581939, 37.13966411848505800, 4.247206598067839067 ) ) ;
#5137 = CARTESIAN_POINT ( 'NONE',  ( 3.329240443822290008, 38.23065884761368238, 12.99383504092417851 ) ) ;
#5138 = CARTESIAN_POINT ( 'NONE',  ( -13.14030203583935652, 38.63287389801195104, 2.814150084810502772 ) ) ;
#5139 = CARTESIAN_POINT ( 'NONE',  ( 8.000000000000008882, 4.000000000000000000, -12.68857754044949893 ) ) ;
#5140 = CARTESIAN_POINT ( 'NONE',  ( 13.12427881413534259, 20.89928980844191386, 3.469371112734403351 ) ) ;
#5141 = CARTESIAN_POINT ( 'NONE',  ( 3.656893671946421343, 20.27894690804994227, -13.51401187672897919 ) ) ;
#5142 = CARTESIAN_POINT ( 'NONE',  ( 12.58917334814936950, 23.96060995682648809, 4.970993946857576340 ) ) ;
#5143 = CIRCLE ( 'NONE', #1912, 14.99999999999998757 ) ;
#5144 = ADVANCED_FACE ( 'NONE', ( #7347 ), #2186, .F. ) ;
#5145 = CARTESIAN_POINT ( 'NONE',  ( 13.59979038530984319, 39.46694893863644182, 0.5797848199561983495 ) ) ;
#5146 = CARTESIAN_POINT ( 'NONE',  ( 7.499999999999994671, 6.500000000000012434, -11.82159041753689088 ) ) ;
#5147 = VERTEX_POINT ( 'NONE', #3952 ) ;
#5148 = PRESENTATION_LAYER_ASSIGNMENT (  '', '', ( #6451 ) ) ;
#5149 = CARTESIAN_POINT ( 'NONE',  ( 2.610263671666550156, 38.76476014879353471, -13.19117405390928965 ) ) ;
#5150 = CARTESIAN_POINT ( 'NONE',  ( 2.510975509235493508, 38.82453680310162980, -13.21465491640602075 ) ) ;
#5151 = CARTESIAN_POINT ( 'NONE',  ( -1.769697180907761958, 19.82293488085069200, 13.35918727205277179 ) ) ;
#5152 = CARTESIAN_POINT ( 'NONE',  ( 13.17350747490000629, 22.06977299649241075, 4.739112490133972067 ) ) ;
#5153 = CARTESIAN_POINT ( 'NONE',  ( 2.473005934680172491, 13.59761311500645142, -11.90480682986614092 ) ) ;
#5154 = DIRECTION ( 'NONE',  ( 1.000000000000000000, 0.000000000000000000, 0.000000000000000000 ) ) ;
#5155 = EDGE_LOOP ( 'NONE', ( #4235, #4138 ) ) ;
#5156 = CARTESIAN_POINT ( 'NONE',  ( 12.76039431520183065, 22.42811378026919655, 4.551255670532222908 ) ) ;
#5157 = CIRCLE ( 'NONE', #7061, 1.750000000000000000 ) ;
#5158 = CARTESIAN_POINT ( 'NONE',  ( -5.000000000000009770, 45.00000000000000000, 11.07350441368945759 ) ) ;
#5159 = CARTESIAN_POINT ( 'NONE',  ( -13.13709814253310348, 21.58767438803157646, 4.839343276956304507 ) ) ;
#5160 = CARTESIAN_POINT ( 'NONE',  ( 13.01012327912812339, 35.86628712273155628, -5.170806227080822381 ) ) ;
#5161 = CARTESIAN_POINT ( 'NONE',  ( -12.04569001182091803, 39.24235100900027362, 1.618379571330104127 ) ) ;
#5162 = CARTESIAN_POINT ( 'NONE',  ( -2.018765464496723450, 39.64477118454323090, -13.85397175711801943 ) ) ;
#5163 = CARTESIAN_POINT ( 'NONE',  ( -12.97024241557275559, 20.83759164818923182, -3.404904220064208786 ) ) ;
#5164 = CARTESIAN_POINT ( 'NONE',  ( -4.908007728350646026, 21.69761324799591051, 13.11152636582908393 ) ) ;
#5165 = CARTESIAN_POINT ( 'NONE',  ( 12.93429919259551930, 24.32616263756252906, -5.357597215960486992 ) ) ;
#5166 = CARTESIAN_POINT ( 'NONE',  ( -5.068055422443481284, 37.02480868482119547, 13.05055611474003285 ) ) ;
#5167 = CARTESIAN_POINT ( 'NONE',  ( 4.983264626887201842, 34.91692065516299692, 12.33702870230530912 ) ) ;
#5168 = CARTESIAN_POINT ( 'NONE',  ( -12.78974625814815802, 24.13350574644524116, 5.694102590134788144 ) ) ;
#5169 = CARTESIAN_POINT ( 'NONE',  ( -1.498366509558503257, 19.72960876499261929, 13.39908123066200751 ) ) ;
#5170 = CARTESIAN_POINT ( 'NONE',  ( 13.02345623770546723, 37.74591817761591273, 3.803212524844747477 ) ) ;
#5171 = CYLINDRICAL_SURFACE ( 'NONE', #230, 24.00000000000000355 ) ;
#5172 = CARTESIAN_POINT ( 'NONE',  ( 0.4499375533974155905, 39.47988900188659755, 13.49100202159578821 ) ) ;
#5173 = EDGE_CURVE ( 'NONE', #4324, #5120, #553, .T. ) ;
#5174 = CARTESIAN_POINT ( 'NONE',  ( -13.38301547418434545, 39.23298042330367252, 1.612621738438191343 ) ) ;
#5175 = DIRECTION ( 'NONE',  ( -0.000000000000000000, -1.000000000000000000, -0.000000000000000000 ) ) ;
#5176 = CARTESIAN_POINT ( 'NONE',  ( 13.46992589579832078, 19.87050524666300078, -1.888971029162072712 ) ) ;
#5177 = CARTESIAN_POINT ( 'NONE',  ( 3.021468446641563332, 19.83170853820596591, -13.67097601622316816 ) ) ;
#5178 = CARTESIAN_POINT ( 'NONE',  ( 5.000000000000007994, 24.50000000000000000, -11.07350441368945937 ) ) ;
#5179 = CARTESIAN_POINT ( 'NONE',  ( 13.61199138530232844, 39.49763667928911559, -0.1591711124455059689 ) ) ;
#5180 = CARTESIAN_POINT ( 'NONE',  ( 11.69315155473987744, 38.26223679250696819, 3.308983564528550581 ) ) ;
#5181 = CARTESIAN_POINT ( 'NONE',  ( 13.04957604498248713, 22.81523811576238359, -5.070462571057504420 ) ) ;
#5182 = ORIENTED_EDGE ( 'NONE', *, *, #1872, .T. ) ;
#5183 = EDGE_CURVE ( 'NONE', #5501, #3529, #1203, .T. ) ;
#5184 = CARTESIAN_POINT ( 'NONE',  ( 3.730638599285940771, 37.82926049201935825, -12.86119116915116045 ) ) ;
#5185 = CARTESIAN_POINT ( 'NONE',  ( 3.593614260314076159, 37.97741654918204546, -12.90845743039527882 ) ) ;
#5186 = CARTESIAN_POINT ( 'NONE',  ( -6.093397410269743020, 10.87925070610015865, 10.51271440357189135 ) ) ;
#5187 = CARTESIAN_POINT ( 'NONE',  ( 12.97423080294206876, 23.51008681692416502, 5.260173473986466064 ) ) ;
#5188 = CARTESIAN_POINT ( 'NONE',  ( -13.00268122915531599, 36.78369036133909731, -5.189616448541714000 ) ) ;
#5189 = CARTESIAN_POINT ( 'NONE',  ( -13.40827102715396535, 19.70831677206446741, 1.428809295313518524 ) ) ;
#5190 = CARTESIAN_POINT ( 'NONE',  ( 10.14772727272725916, 4.000000000000000000, -21.19607584432427316 ) ) ;
#5191 = VERTEX_POINT ( 'NONE', #5338 ) ;
#5192 = CARTESIAN_POINT ( 'NONE',  ( 13.07745711746768968, 21.05990903145622539, 3.628472117006979136 ) ) ;
#5193 = CARTESIAN_POINT ( 'NONE',  ( 4.395423387847648300, 22.11665281170541064, 12.60448929717942157 ) ) ;
#5194 = CARTESIAN_POINT ( 'NONE',  ( 3.634023472299185542, 21.06536421908401735, -12.89465438079522386 ) ) ;
#5195 = CARTESIAN_POINT ( 'NONE',  ( -13.54140589079208112, 20.19783895536093965, 3.554683097614825371 ) ) ;
#5196 = CARTESIAN_POINT ( 'NONE',  ( 12.96163893433580760, 35.31927145519306777, -5.291121575704480939 ) ) ;
#5197 = CARTESIAN_POINT ( 'NONE',  ( -12.63364745731748684, 37.00859462435338543, -4.325913785942419487 ) ) ;
#5198 = CARTESIAN_POINT ( 'NONE',  ( 1.714505518806294244E-15, 45.00000000000000000, 14.00000000000000000 ) ) ;
#5199 = CARTESIAN_POINT ( 'NONE',  ( -0.9350436090806967249, 39.92635007605052522, -13.96905171694893610 ) ) ;
#5200 = CARTESIAN_POINT ( 'NONE',  ( -13.22029294186145165, 20.16134580000563759, -2.485718513691733911 ) ) ;
#5201 = CARTESIAN_POINT ( 'NONE',  ( -1.484806420479561462, 19.18656704524872936, 13.92220683203126086 ) ) ;
#5202 = CARTESIAN_POINT ( 'NONE',  ( 13.03895962487519711, 22.89632241328990148, -5.097622730105543454 ) ) ;
#5203 = CARTESIAN_POINT ( 'NONE',  ( 4.631100991407733680, 37.71176023292377266, 13.21197508685905220 ) ) ;
#5204 = CARTESIAN_POINT ( 'NONE',  ( 4.835651939563311963, 37.41804536922052193, 13.13845946629018613 ) ) ;
#5205 = CARTESIAN_POINT ( 'NONE',  ( 3.863119847331024204, 37.67432242112012375, 12.81375620130266846 ) ) ;
#5206 = CARTESIAN_POINT ( 'NONE',  ( 3.770874616283070857, 21.21619634509086438, 12.84701007876758005 ) ) ;
#5207 = CARTESIAN_POINT ( 'NONE',  ( 12.72275258512552831, 36.34659602383287336, 4.647286977917434392 ) ) ;
#5208 = CARTESIAN_POINT ( 'NONE',  ( -4.595843475238490683, 12.43181240200966187, -11.24907015614743955 ) ) ;
#5209 = ORIENTED_EDGE ( 'NONE', *, *, #4540, .T. ) ;
#5210 = CARTESIAN_POINT ( 'NONE',  ( -12.99244741166025818, 38.22658438535360403, -3.333582251225397641 ) ) ;
#5211 = CARTESIAN_POINT ( 'NONE',  ( -3.480701565880505388, 20.13919566129789729, 13.56122155675470964 ) ) ;
#5212 = CARTESIAN_POINT ( 'NONE',  ( 13.10604790306977385, 20.96109805241492552, -3.532163888530295281 ) ) ;
#5213 = CARTESIAN_POINT ( 'NONE',  ( -1.816669546110026372E-13, 19.49999999999796074, 12.15000000000083702 ) ) ;
#5214 = CARTESIAN_POINT ( 'NONE',  ( -4.582564412539251286, 22.49830568311941548, -12.52363892634314624 ) ) ;
#5215 = CARTESIAN_POINT ( 'NONE',  ( 7.669990706456260021, 3.669990706456252028, 13.27642669995420199 ) ) ;
#5216 = CARTESIAN_POINT ( 'NONE',  ( 13.19713026914141984, 38.33814904649121758, -3.204726686392886492 ) ) ;
#5217 = CARTESIAN_POINT ( 'NONE',  ( 13.12373449485286869, 36.66166713114368747, 4.875365115743110600 ) ) ;
#5218 = CARTESIAN_POINT ( 'NONE',  ( 13.89237800248404398, 19.57022219213405023, -1.740967447001226631 ) ) ;
#5219 = ORIENTED_EDGE ( 'NONE', *, *, #4682, .F. ) ;
#5220 = CARTESIAN_POINT ( 'NONE',  ( 4.386318388900162013, 36.90006282617469680, -12.60832716548886623 ) ) ;
#5221 = CARTESIAN_POINT ( 'NONE',  ( 4.242281882313513997, 37.14756896793887364, -12.66791627514799856 ) ) ;
#5222 = CARTESIAN_POINT ( 'NONE',  ( -3.055663945882503008, 20.52885966422334008, -11.76279582687596204 ) ) ;
#5223 = CARTESIAN_POINT ( 'NONE',  ( 12.66347156213169001, 23.07903442195925692, -4.794012688445141279 ) ) ;
#5224 = CARTESIAN_POINT ( 'NONE',  ( -13.10156010981403618, 37.25945384729229914, -4.934745586796437600 ) ) ;
#5225 = CARTESIAN_POINT ( 'NONE',  ( -13.49248858780284799, 19.51677937368307525, 0.4174432764730488521 ) ) ;
#5226 = LINE ( 'NONE', #1736, #5455 ) ;
#5227 = ORIENTED_EDGE ( 'NONE', *, *, #924, .T. ) ;
#5228 = CIRCLE ( 'NONE', #3537, 14.00000000000000000 ) ;
#5229 = CARTESIAN_POINT ( 'NONE',  ( -4.620412418617210193, 36.41106392059886332, -12.50674842157183342 ) ) ;
#5230 = CARTESIAN_POINT ( 'NONE',  ( 4.820274282104271002, 23.17034484722450216, -12.41515212021650072 ) ) ;
#5231 = AXIS2_PLACEMENT_3D ( 'NONE', #2856, #1775, #110 ) ;
#5232 = ORIENTED_EDGE ( 'NONE', *, *, #305, .T. ) ;
#5233 = CARTESIAN_POINT ( 'NONE',  ( -13.65230268329046659, 19.88350075338312806, 3.101765169835592584 ) ) ;
#5234 = CARTESIAN_POINT ( 'NONE',  ( 13.85392022952066249, 39.32616620487656434, -2.017572778847541937 ) ) ;
#5235 = CARTESIAN_POINT ( 'NONE',  ( -13.40827102715396535, 39.29168322793552193, -1.428809295313514527 ) ) ;
#5236 = CARTESIAN_POINT ( 'NONE',  ( -12.13620261462348182, 39.46673592078797554, -0.6636896146849891043 ) ) ;
#5237 = CARTESIAN_POINT ( 'NONE',  ( 1.629900805558009536, 39.77085109326135637, -13.90487342823278638 ) ) ;
#5238 = CARTESIAN_POINT ( 'NONE',  ( -13.39292899314677321, 19.74386836879408236, 1.544536249507639347 ) ) ;
#5239 = AXIS2_PLACEMENT_3D ( 'NONE', #3077, #5439, #1931 ) ;
#5240 = CARTESIAN_POINT ( 'NONE',  ( -4.835651939563316404, 21.58195463077949938, 13.13845946629018435 ) ) ;
#5241 = PLANE ( 'NONE',  #820 ) ;
#5242 = CARTESIAN_POINT ( 'NONE',  ( -4.684837364504833346, 21.36152640622052701, -13.19300268230466955 ) ) ;
#5243 = CARTESIAN_POINT ( 'NONE',  ( 4.785711917034066509, 37.49360159244758961, 13.15674636991161783 ) ) ;
#5244 = CARTESIAN_POINT ( 'NONE',  ( 4.784849330107647347, 35.95107049843033309, 12.43170838603934492 ) ) ;
#5245 = DIRECTION ( 'NONE',  ( -0.000000000000000000, 1.000000000000000000, -0.000000000000000000 ) ) ;
#5246 = CARTESIAN_POINT ( 'NONE',  ( 13.07454465709105129, 37.92991968898461153, 3.638169559436530864 ) ) ;
#5247 = CARTESIAN_POINT ( 'NONE',  ( 4.865803874062684109, 35.65356633487543547, 12.39365093232151160 ) ) ;
#5248 = EDGE_LOOP ( 'NONE', ( #7191, #1051, #1476, #1535 ) ) ;
#5249 = CARTESIAN_POINT ( 'NONE',  ( -12.53375298273801342, 36.55252236095344642, -4.559594989056297010 ) ) ;
#5250 = CARTESIAN_POINT ( 'NONE',  ( -5.479673920892659034, 22.97099092412212329, 12.88309252787031411 ) ) ;
#5251 = CARTESIAN_POINT ( 'NONE',  ( 13.47574128482372302, 19.85493919015038244, -1.850363016542332373 ) ) ;
#5252 = PLANE ( 'NONE',  #2619 ) ;
#5253 = CARTESIAN_POINT ( 'NONE',  ( 5.684716586081238532, 24.04238969422063832, -12.79390887205412497 ) ) ;
#5254 = DIRECTION ( 'NONE',  ( -0.000000000000000000, -1.000000000000000000, -0.000000000000000000 ) ) ;
#5255 = CARTESIAN_POINT ( 'NONE',  ( 12.84602514125325889, 37.01171225503924944, -4.323538716616666555 ) ) ;
#5256 = CARTESIAN_POINT ( 'NONE',  ( 12.95405839860464425, 37.47911846368402422, -4.015587053250959215 ) ) ;
#5257 = CARTESIAN_POINT ( 'NONE',  ( 13.01865565266595048, 35.93930479227764607, 5.149249162924058432 ) ) ;
#5258 = CARTESIAN_POINT ( 'NONE',  ( 1.309023937076178479, 19.66322610672607851, -12.08359902609778658 ) ) ;
#5259 = ORIENTED_EDGE ( 'NONE', *, *, #3829, .T. ) ;
#5260 = CARTESIAN_POINT ( 'NONE',  ( 0.000000000000000000, 44.74999999999998579, -12.15000000000000036 ) ) ;
#5261 = AXIS2_PLACEMENT_3D ( 'NONE', #1676, #423, #1565 ) ;
#5262 = CARTESIAN_POINT ( 'NONE',  ( 4.061159762149455510, 37.41781757975368805, -12.73957129686258583 ) ) ;
#5263 = CARTESIAN_POINT ( 'NONE',  ( -4.611974979378997475, 12.43438321416597425, 11.24886035882421709 ) ) ;
#5264 = CARTESIAN_POINT ( 'NONE',  ( 12.62509219258608795, 23.43700718923837911, -4.886385696586523331 ) ) ;
#5265 = CARTESIAN_POINT ( 'NONE',  ( -13.65230268329045593, 39.11649924661688260, -3.101765169835609903 ) ) ;
#5266 = ADVANCED_FACE ( 'NONE', ( #3678, #7054 ), #265, .F. ) ;
#5267 = CARTESIAN_POINT ( 'NONE',  ( -8.000000000000005329, 4.000000000000000000, 12.99038105676657118 ) ) ;
#5268 = VERTEX_POINT ( 'NONE', #4672 ) ;
#5269 = CARTESIAN_POINT ( 'NONE',  ( 12.81276942718058720, 22.15021249537577219, 4.413457920760030184 ) ) ;
#5270 = CARTESIAN_POINT ( 'NONE',  ( -4.328197484262912731, 37.00467071014230669, -12.63270960136644838 ) ) ;
#5271 = EDGE_CURVE ( 'NONE', #6002, #4438, #570, .T. ) ;
#5272 = CIRCLE ( 'NONE', #6211, 12.40000000000001279 ) ;
#5273 = VERTEX_POINT ( 'NONE', #5260 ) ;
#5274 = CARTESIAN_POINT ( 'NONE',  ( 7.499999999999994671, 3.667153101122013759, -13.37365826964792781 ) ) ;
#5275 = CARTESIAN_POINT ( 'NONE',  ( 13.35785736278946167, 37.74544714578735238, -4.191772091332016004 ) ) ;
#5276 = CARTESIAN_POINT ( 'NONE',  ( -11.69377152177056267, 38.26419912706553106, 3.306853798221489171 ) ) ;
#5277 = CARTESIAN_POINT ( 'NONE',  ( -13.49609145640318708, 19.50870465537020948, 0.3369661026788814961 ) ) ;
#5278 = AXIS2_PLACEMENT_3D ( 'NONE', #2790, #6087, #4976 ) ;
#5279 = CONICAL_SURFACE ( 'NONE', #3330, 1.750000000000000000, 0.7853981633974489451 ) ;
#5280 = EDGE_CURVE ( 'NONE', #1456, #5340, #4167, .T. ) ;
#5281 = CARTESIAN_POINT ( 'NONE',  ( 0.3355060095337577541, 19.51059107874396759, 13.49525739537453539 ) ) ;
#5282 = CARTESIAN_POINT ( 'NONE',  ( 13.73954751948716968, 19.99339367146917112, -2.688986923777654248 ) ) ;
#5283 = CARTESIAN_POINT ( 'NONE',  ( 5.505016931890539311, 35.94187074363333778, 12.87227329178084645 ) ) ;
#5284 = CARTESIAN_POINT ( 'NONE',  ( -0.4761945032301659886, 39.98154221319885693, 13.99221015635442278 ) ) ;
#5285 = CARTESIAN_POINT ( 'NONE',  ( 5.000000000000002665, 45.00000000000000000, -11.07350441368946115 ) ) ;
#5286 = CARTESIAN_POINT ( 'NONE',  ( 7.499999999999989342, 7.006540356163304395, 11.82159041753689621 ) ) ;
#5287 = CARTESIAN_POINT ( 'NONE',  ( 12.85104442960093074, 37.03520860844523099, 4.309798713157882766 ) ) ;
#5288 = CARTESIAN_POINT ( 'NONE',  ( 3.809226062134141166, 37.73979796791297758, 12.83340115196992137 ) ) ;
#5289 = ORIENTED_EDGE ( 'NONE', *, *, #4584, .F. ) ;
#5290 = CARTESIAN_POINT ( 'NONE',  ( -13.23144411092585493, 38.86671229382704240, -2.436749673429687846 ) ) ;
#5291 = CARTESIAN_POINT ( 'NONE',  ( 5.703697540710749969, 24.31619618223386681, 12.78545144272252543 ) ) ;
#5292 = CYLINDRICAL_SURFACE ( 'NONE', #2859, 7.500000000000000000 ) ;
#5293 = CARTESIAN_POINT ( 'NONE',  ( 5.571607621624100837, 23.31963836676734303, -12.84358237230044431 ) ) ;
#5294 = PLANE ( 'NONE',  #4648 ) ;
#5295 = CARTESIAN_POINT ( 'NONE',  ( -4.997936797311637314, 24.33399340787197573, 12.32984480898540625 ) ) ;
#5296 = CARTESIAN_POINT ( 'NONE',  ( 11.08864941799327930, 35.16212606699287591, 4.966823761539215454 ) ) ;
#5297 = B_SPLINE_CURVE_WITH_KNOTS ( 'NONE', 3,
 ( #1139, #2854, #1698, #1587, #5153, #2700, #4589, #3869, #6853, #6149, #4510, #4470, #1735, #6293, #3263, #5549, #442, #475, #6741, #2813 ),
 .UNSPECIFIED., .F., .F.,
 ( 4, 2, 2, 2, 2, 2, 2, 2, 2, 4 ),
 ( 0.000000000000000000, 0.001507648501577166190, 0.003015297003154332380, 0.004522945504731499221, 0.006030594006308664760, 0.006784418257097244928, 0.007538242507885825096, 0.009045891009462986299, 0.01055353951104014490, 0.01206118801261730350 ),
 .UNSPECIFIED. ) ;
#5298 = CARTESIAN_POINT ( 'NONE',  ( 5.953930690319383601, 11.08659322414745141, -12.67447328658988503 ) ) ;
#5299 = CARTESIAN_POINT ( 'NONE',  ( -12.32984480898545776, 34.66600659213109736, 4.997936797311525403 ) ) ;
#5300 = CARTESIAN_POINT ( 'NONE',  ( 0.8250359052272838722, 39.43214724652983705, -13.46975899026662482 ) ) ;
#5301 = CARTESIAN_POINT ( 'NONE',  ( -1.066920012570719001, 19.61447813237699478, -13.44917931708191716 ) ) ;
#5302 = CARTESIAN_POINT ( 'NONE',  ( -12.48103615137462086, 24.50000000000000711, -5.234567704836711854 ) ) ;
#5303 = CARTESIAN_POINT ( 'NONE',  ( 12.96457163637766996, 23.63797807272834106, 5.283933397652333497 ) ) ;
#5304 = CARTESIAN_POINT ( 'NONE',  ( -13.15530250175445026, 37.48769974709127695, -4.789679312829565383 ) ) ;
#5305 = CARTESIAN_POINT ( 'NONE',  ( 9.499999999999994671, 3.499999999999982236, -19.84313483298443970 ) ) ;
#5306 = ORIENTED_EDGE ( 'NONE', *, *, #4174, .T. ) ;
#5307 = CARTESIAN_POINT ( 'NONE',  ( -4.628966502461867805, 36.39026525977285331, -12.50292118952004117 ) ) ;
#5308 = CARTESIAN_POINT ( 'NONE',  ( 3.197575384608427829, 20.65608983829885403, -13.03374366503975246 ) ) ;
#5309 = ORIENTED_EDGE ( 'NONE', *, *, #5183, .T. ) ;
#5310 = CARTESIAN_POINT ( 'NONE',  ( -13.38692652296026253, 20.67360811792332598, -4.098150232047071739 ) ) ;
#5311 = CARTESIAN_POINT ( 'NONE',  ( 13.56386546622838551, 38.47156809334791916, -3.467380480305791046 ) ) ;
#5312 = CARTESIAN_POINT ( 'NONE',  ( -12.70729970934873343, 21.70160735708884658, 4.143558834747635977 ) ) ;
#5313 = CARTESIAN_POINT ( 'NONE',  ( 4.198745285886907652, 21.78390908509324930, 12.68547047897266999 ) ) ;
#5314 = CARTESIAN_POINT ( 'NONE',  ( -3.901749016885458055, 20.48429834460721466, -13.44599709172563529 ) ) ;
#5315 = CARTESIAN_POINT ( 'NONE',  ( 3.549106390198383920, 38.80645148595794325, 13.54287147602695285 ) ) ;
#5316 = CARTESIAN_POINT ( 'NONE',  ( 2.485718513681553610, 38.83865420000017110, 13.22029294186386394 ) ) ;
#5317 = CARTESIAN_POINT ( 'NONE',  ( 12.63269691845314924, 35.64104210998362277, 4.868231443496548572 ) ) ;
#5318 = CARTESIAN_POINT ( 'NONE',  ( 0.000000000000000000, 45.00000000000000000, 0.000000000000000000 ) ) ;
#5319 = CARTESIAN_POINT ( 'NONE',  ( 4.989584202000875379, 34.83312777447439146, 12.33393433899861158 ) ) ;
#5320 = EDGE_LOOP ( 'NONE', ( #2667, #4765, #6073, #7154 ) ) ;
#5321 = CARTESIAN_POINT ( 'NONE',  ( -13.00104079338331786, 38.25130306683649906, -3.305828676004790800 ) ) ;
#5322 = DIRECTION ( 'NONE',  ( 0.000000000000000000, -0.000000000000000000, 1.000000000000000000 ) ) ;
#5323 = CARTESIAN_POINT ( 'NONE',  ( 13.15923970401981968, 20.78370632007896290, -3.345024781807556025 ) ) ;
#5324 = CARTESIAN_POINT ( 'NONE',  ( -2.517872742605786307, 20.16812094224944829, 11.88945402565543574 ) ) ;
#5325 = CARTESIAN_POINT ( 'NONE',  ( 0.5740952870517048723, 19.53237329705796554, -13.48552889693681145 ) ) ;
#5326 = CARTESIAN_POINT ( 'NONE',  ( -4.791252955425624016, 23.07019886377455720, 12.42872420025830493 ) ) ;
#5327 = CARTESIAN_POINT ( 'NONE',  ( 13.03217821614399519, 37.77800698686922942, -3.775589640351661114 ) ) ;
#5328 = CARTESIAN_POINT ( 'NONE',  ( 12.93800615894958739, 34.84602900406918025, 5.348677679744787028 ) ) ;
#5329 = CARTESIAN_POINT ( 'NONE',  ( -4.528403227616835965E-13, 39.99999955379117722, 13.99999999864343359 ) ) ;
#5330 = ORIENTED_EDGE ( 'NONE', *, *, #4818, .F. ) ;
#5331 = CARTESIAN_POINT ( 'NONE',  ( 4.372525284356767017, 36.92521481224866875, -12.61413117266462613 ) ) ;
#5332 = CARTESIAN_POINT ( 'NONE',  ( -2.916846679560680666, 38.56184611942841656, -13.11338220583991898 ) ) ;
#5333 = CARTESIAN_POINT ( 'NONE',  ( -5.507218689092063357, 23.06597965546525586, -12.87133118078475214 ) ) ;
#5334 = CARTESIAN_POINT ( 'NONE',  ( 12.74797336754733834, 22.49968631611955772, -4.583167796473459177 ) ) ;
#5335 = CARTESIAN_POINT ( 'NONE',  ( -13.38654822533802857, 38.32515787211000458, -4.099381769780354290 ) ) ;
#5336 = DIRECTION ( 'NONE',  ( -0.000000000000000000, -1.000000000000000000, -0.000000000000000000 ) ) ;
#5337 = ORIENTED_EDGE ( 'NONE', *, *, #3732, .F. ) ;
#5338 = CARTESIAN_POINT ( 'NONE',  ( 9.499999999999994671, 4.000000000000000000, -21.34313483298442549 ) ) ;
#5339 = CARTESIAN_POINT ( 'NONE',  ( 3.038730737221971179, 20.52851291120169464, -13.07983998607976694 ) ) ;
#5340 = VERTEX_POINT ( 'NONE', #221 ) ;
#5341 = CARTESIAN_POINT ( 'NONE',  ( -13.32820183219524957, 20.86917977079012942, -4.285234809871770523 ) ) ;
#5342 = CARTESIAN_POINT ( 'NONE',  ( 12.64959764776914142, 35.80216951601920528, 4.827633680932030380 ) ) ;
#5343 = CARTESIAN_POINT ( 'NONE',  ( -13.42498538109134465, 39.33039401446478678, 1.301616152408233917 ) ) ;
#5344 = CARTESIAN_POINT ( 'NONE',  ( -13.44522379405339585, 38.51329266042392874, -3.904406611246214798 ) ) ;
#5345 = CARTESIAN_POINT ( 'NONE',  ( -12.82351753237109016, 21.29325217392149838, 3.836257342885653454 ) ) ;
#5346 = DIRECTION ( 'NONE',  ( 0.000000000000000000, 0.000000000000000000, 1.000000000000000000 ) ) ;
#5347 = CARTESIAN_POINT ( 'NONE',  ( 4.098150232047085062, 38.32639188207670600, 13.38692652296025898 ) ) ;
#5348 = CARTESIAN_POINT ( 'NONE',  ( 0.5741885885617923346, 39.46761925310543973, 13.48552442851782374 ) ) ;
#5349 = CARTESIAN_POINT ( 'NONE',  ( 11.94746679701664505, 20.01302959762048772, -2.230016253420330496 ) ) ;
#5350 = CARTESIAN_POINT ( 'NONE',  ( 2.025124997158782136, 19.35516092380240494, -13.85386866910562809 ) ) ;
#5351 = VECTOR ( 'NONE', #6377, 1000.000000000000000 ) ;
#5352 = CARTESIAN_POINT ( 'NONE',  ( 8.873904696274654895E-15, 14.00000000000000000, 14.00000000000000000 ) ) ;
#5353 = CARTESIAN_POINT ( 'NONE',  ( -12.32882846293113488, 24.50000000000000000, 5.000000000000000000 ) ) ;
#5354 = CARTESIAN_POINT ( 'NONE',  ( 13.05796984020235207, 21.12879201865835554, -3.692556553573258515 ) ) ;
#5355 = CYLINDRICAL_SURFACE ( 'NONE', #4304, 7.500000000000000000 ) ;
#5356 = CARTESIAN_POINT ( 'NONE',  ( -3.052251993749820258, 20.53889301655240729, -13.07604002329427040 ) ) ;
#5357 = DIRECTION ( 'NONE',  ( -1.000000000000000000, 0.000000000000000000, -1.206107350727848108E-16 ) ) ;
#5358 = CARTESIAN_POINT ( 'NONE',  ( 12.80929154150280525, 36.83250550848907778, -4.422792265879504470 ) ) ;
#5359 = CARTESIAN_POINT ( 'NONE',  ( 13.43521717918004654, 39.03566717256184404, -2.104614606196828941 ) ) ;
#5360 = CARTESIAN_POINT ( 'NONE',  ( -2.769180223564114751, 38.66314236945267169, 13.15185873234660363 ) ) ;
#5361 = CARTESIAN_POINT ( 'NONE',  ( 6.496004944281841276, 10.27995341674844099, -12.40538123241174695 ) ) ;
#5362 = ORIENTED_EDGE ( 'NONE', *, *, #7088, .F. ) ;
#5363 = AXIS2_PLACEMENT_3D ( 'NONE', #3069, #179, #771 ) ;
#5364 = CARTESIAN_POINT ( 'NONE',  ( 4.395423387870930121, 36.88334718825156244, -12.60448929716968358 ) ) ;
#5365 = CARTESIAN_POINT ( 'NONE',  ( 12.99107301817255511, 35.69145342177544933, 5.218564169739781100 ) ) ;
#5366 = EDGE_CURVE ( 'NONE', #3006, #2363, #1816, .T. ) ;
#5367 = CARTESIAN_POINT ( 'NONE',  ( 13.41507925678805080, 20.01903658196431834, -2.224263641320751272 ) ) ;
#5368 = CARTESIAN_POINT ( 'NONE',  ( -13.93863546651184215, 39.85312172455125790, -1.310181730566345903 ) ) ;
#5369 = CARTESIAN_POINT ( 'NONE',  ( -12.39365093232155246, 23.34643366512457519, -4.865803874062686774 ) ) ;
#5370 = CARTESIAN_POINT ( 'NONE',  ( -24.00000000000000355, 34.49999999999999289, 6.123233995736765296E-16 ) ) ;
#5371 = ORIENTED_EDGE ( 'NONE', *, *, #2599, .F. ) ;
#5372 = AXIS2_PLACEMENT_3D ( 'NONE', #4416, #491, #3280 ) ;
#5373 = DIRECTION ( 'NONE',  ( 0.000000000000000000, -1.000000000000000000, 0.000000000000000000 ) ) ;
#5374 = CARTESIAN_POINT ( 'NONE',  ( 1.942315636655061351, 19.89263052552241717, -13.32987769278679124 ) ) ;
#5375 = B_SPLINE_CURVE_WITH_KNOTS ( 'NONE', 3,
 ( #5213, #2432, #4654, #4735, #136, #3061, #5324, #731, #6399, #3626, #96, #1846, #2356, #796, #249, #5802, #1883, #3592, #7072, #4694 ),
 .UNSPECIFIED., .F., .F.,
 ( 4, 2, 2, 2, 2, 2, 2, 2, 2, 4 ),
 ( 0.007907164396703846368, 0.008893980700687923596, 0.009880797004672002559, 0.01086761330865607979, 0.01185442961264015702, 0.01284124591662423424, 0.01333465406861627719, 0.01382806222060831841, 0.01481487852459241472, 0.01580169482857651103 ),
 .UNSPECIFIED. ) ;
#5376 = ORIENTED_EDGE ( 'NONE', *, *, #6407, .T. ) ;
#5377 = CARTESIAN_POINT ( 'NONE',  ( -13.99232828075660962, 19.01818275923780277, -0.4658398471838718358 ) ) ;
#5378 = CARTESIAN_POINT ( 'NONE',  ( 13.48673868718754321, 39.17443374264422573, 1.776610990561374948 ) ) ;
#5379 = CARTESIAN_POINT ( 'NONE',  ( -12.60448929717180810, 22.11665281173938880, 4.395423387866030041 ) ) ;
#5380 = CARTESIAN_POINT ( 'NONE',  ( -5.000000000000009770, 34.49999999999998579, -11.07350441368945759 ) ) ;
#5381 = CARTESIAN_POINT ( 'NONE',  ( -3.963644716955041947, 37.54896656852455550, 12.77667996410927564 ) ) ;
#5382 = CARTESIAN_POINT ( 'NONE',  ( 3.404904220209257204, 38.16240835167591428, 12.97024241552689361 ) ) ;
#5383 = CARTESIAN_POINT ( 'NONE',  ( -11.88997045172960654, 20.16663889713824531, 2.515724550329368814 ) ) ;
#5384 = CARTESIAN_POINT ( 'NONE',  ( -4.333438301735696996, 37.01540851011304056, 11.35257923774803857 ) ) ;
#5385 = CARTESIAN_POINT ( 'NONE',  ( 3.773486494132320512, 20.36026274093343602, -13.48464418669187737 ) ) ;
#5386 = ORIENTED_EDGE ( 'NONE', *, *, #6937, .F. ) ;
#5387 = CARTESIAN_POINT ( 'NONE',  ( -7.252864856714571040, 8.472613890524499425, 11.97536078507280521 ) ) ;
#5388 = VECTOR ( 'NONE', #5389, 1000.000000000000000 ) ;
#5389 = DIRECTION ( 'NONE',  ( 1.000000000000000000, -0.000000000000000000, -0.000000000000000000 ) ) ;
#5390 = CARTESIAN_POINT ( 'NONE',  ( 12.91035029055119310, 21.70111476943985096, -4.143227891123935969 ) ) ;
#5391 = CARTESIAN_POINT ( 'NONE',  ( -5.000000000000007105, 34.49999999999997158, 12.32882846293108159 ) ) ;
#5392 = CARTESIAN_POINT ( 'NONE',  ( 1.846618629337081208, 19.85276152017682350, -13.34657716478094613 ) ) ;
#5393 = DIRECTION ( 'NONE',  ( -0.000000000000000000, -1.000000000000000000, -0.000000000000000000 ) ) ;
#5394 = CARTESIAN_POINT ( 'NONE',  ( -7.499999999999992006, 0.000000000000000000, 9.558896379812900079 ) ) ;
#5395 = CARTESIAN_POINT ( 'NONE',  ( 13.12427881418877895, 38.10071019173829399, -3.469371112547374292 ) ) ;
#5396 = CARTESIAN_POINT ( 'NONE',  ( -2.436749673367387015, 38.86671229386058002, 13.23144411094086514 ) ) ;
#5397 = ORIENTED_EDGE ( 'NONE', *, *, #4947, .T. ) ;
#5398 = EDGE_CURVE ( 'NONE', #4002, #5758, #845, .T. ) ;
#5399 = CARTESIAN_POINT ( 'NONE',  ( -12.42872420026236568, 35.92980113625764460, 4.791252955415948200 ) ) ;
#5400 = CARTESIAN_POINT ( 'NONE',  ( -4.104692339770063647, 37.35623762708807050, -12.72266196392032001 ) ) ;
#5401 = CARTESIAN_POINT ( 'NONE',  ( -1.544536249546373474, 19.74386836880596974, -13.39292899314018825 ) ) ;
#5402 = CARTESIAN_POINT ( 'NONE',  ( -5.397017375377577864, 22.71847466976533170, -12.91794866760372429 ) ) ;
#5403 = CARTESIAN_POINT ( 'NONE',  ( 13.51765550415227679, 19.74402889948430939, -1.545157346605099180 ) ) ;
#5404 = CARTESIAN_POINT ( 'NONE',  ( -13.87855329219237888, 39.70601137759857835, 1.842200009237912273 ) ) ;
#5405 = CARTESIAN_POINT ( 'NONE',  ( -12.61780855713348259, 22.05886866554117987, -4.363776925323185729 ) ) ;
#5406 = DIRECTION ( 'NONE',  ( -0.000000000000000000, 1.000000000000000000, -0.000000000000000000 ) ) ;
#5407 = ORIENTED_EDGE ( 'NONE', *, *, #2248, .F. ) ;
#5408 = ADVANCED_FACE ( 'NONE', ( #3600, #773 ), #4779, .F. ) ;
#5409 = CARTESIAN_POINT ( 'NONE',  ( -2.400313730671513657, 38.88621397818246095, -13.23929517712658388 ) ) ;
#5410 = CARTESIAN_POINT ( 'NONE',  ( 13.85879477039482133, 19.66054815831395786, -1.985048289931447441 ) ) ;
#5411 = ORIENTED_EDGE ( 'NONE', *, *, #4154, .F. ) ;
#5412 = CARTESIAN_POINT ( 'NONE',  ( -13.84089460905202706, 19.38803811586799597, -2.106512885492484166 ) ) ;
#5413 = CARTESIAN_POINT ( 'NONE',  ( -13.24969186809443755, 37.85313643695689478, -4.522068370710774943 ) ) ;
#5414 = CARTESIAN_POINT ( 'NONE',  ( -12.90844367894593958, 21.02262498819552405, 3.593655930146673505 ) ) ;
#5415 = DIRECTION ( 'NONE',  ( 0.3053415646032799358, -0.7071067811865500152, 0.6377825091091927634 ) ) ;
#5416 = CARTESIAN_POINT ( 'NONE',  ( -4.108199442731424789, 37.35119471416603432, 12.72129217169052318 ) ) ;
#5417 = CARTESIAN_POINT ( 'NONE',  ( 2.537575904251077485, 38.80840500948444571, 13.20832448879710874 ) ) ;
#5418 = CARTESIAN_POINT ( 'NONE',  ( -12.04174882368335631, 19.76891238374223292, 1.626030820950573608 ) ) ;
#5419 = CARTESIAN_POINT ( 'NONE',  ( 11.48514694791506585, 21.44149902919639317, 3.968759428960835223 ) ) ;
#5420 = CARTESIAN_POINT ( 'NONE',  ( 11.07350441368944516, 24.50000000000000000, 5.000000000000000000 ) ) ;
#5421 = VERTEX_POINT ( 'NONE', #658 ) ;
#5422 = CARTESIAN_POINT ( 'NONE',  ( 4.739453653875218109, 22.87379205951272354, 11.18832711823851156 ) ) ;
#5423 = CARTESIAN_POINT ( 'NONE',  ( -5.703703114510168426, 24.50000000000001421, 12.78545152826160347 ) ) ;
#5424 = CARTESIAN_POINT ( 'NONE',  ( 12.67342110823960333, 22.99952906953563669, -4.769731826841182354 ) ) ;
#5425 = CYLINDRICAL_SURFACE ( 'NONE', #3087, 1.750000000000000000 ) ;
#5426 = CARTESIAN_POINT ( 'NONE',  ( 1.142580959466394708, 19.62952445556070202, -13.44254448012600278 ) ) ;
#5427 = DIRECTION ( 'NONE',  ( 1.000000000000000000, -0.000000000000000000, -0.000000000000000000 ) ) ;
#5428 = CARTESIAN_POINT ( 'NONE',  ( -4.191937188925591862, 21.77447711830661348, 12.68809945274970730 ) ) ;
#5429 = CARTESIAN_POINT ( 'NONE',  ( 13.10409289291728108, 38.03222615383153027, -3.538838834861784299 ) ) ;
#5430 = CARTESIAN_POINT ( 'NONE',  ( -3.770874617171454446, 37.78380365388781570, 12.84701007845521481 ) ) ;
#5431 = ORIENTED_EDGE ( 'NONE', *, *, #2694, .F. ) ;
#5432 = B_SPLINE_CURVE_WITH_KNOTS ( 'NONE', 1,
 ( #2407, #775 ),
 .UNSPECIFIED., .F., .F.,
 ( 2, 2 ),
 ( 0.000000000000000000, 1.000000000000000000 ),
 .UNSPECIFIED. ) ;
#5433 = CARTESIAN_POINT ( 'NONE',  ( -12.86033923426969494, 37.82637547586782034, 3.733008690092117998 ) ) ;
#5434 = CARTESIAN_POINT ( 'NONE',  ( -3.756537396704805243, 37.80074594939386401, -12.85219483607873237 ) ) ;
#5435 = CARTESIAN_POINT ( 'NONE',  ( -4.201821230777218474, 21.78849851037498908, -12.68425347631282740 ) ) ;
#5436 = CARTESIAN_POINT ( 'NONE',  ( -5.396995604611278807, 36.28160057635633251, 12.91795765313389488 ) ) ;
#5437 = CARTESIAN_POINT ( 'NONE',  ( 13.33029371721799805, 20.25909023789695951, -2.648839576189882639 ) ) ;
#5438 = CARTESIAN_POINT ( 'NONE',  ( -13.95092769689343015, 39.88281233726790731, -1.172074580325967563 ) ) ;
#5439 = DIRECTION ( 'NONE',  ( -0.000000000000000000, -1.000000000000000000, -0.000000000000000000 ) ) ;
#5440 = ORIENTED_EDGE ( 'NONE', *, *, #4889, .F. ) ;
#5441 = CARTESIAN_POINT ( 'NONE',  ( 0.1703400656749346487, 39.49978996341002357, -13.49990682353133487 ) ) ;
#5442 = CARTESIAN_POINT ( 'NONE',  ( -0.2835621117645442113, 19.50787350752064242, 13.49647389307610368 ) ) ;
#5443 = CARTESIAN_POINT ( 'NONE',  ( 13.99173365465415131, 19.31156213026853052, 0.4815435282903466896 ) ) ;
#5444 = ORIENTED_EDGE ( 'NONE', *, *, #1498, .F. ) ;
#5445 = CARTESIAN_POINT ( 'NONE',  ( -13.54287147602695462, 20.19354851404207452, -3.549106390198359939 ) ) ;
#5446 = DIRECTION ( 'NONE',  ( 0.000000000000000000, 0.000000000000000000, 1.000000000000000000 ) ) ;
#5447 = FACE_OUTER_BOUND ( 'NONE', #7122, .T. ) ;
#5448 = CARTESIAN_POINT ( 'NONE',  ( -13.26186817759751158, 20.05778365849157296, 2.295026805801809733 ) ) ;
#5449 = CARTESIAN_POINT ( 'NONE',  ( -9.499999999999991118, 3.499999999999985789, 19.84313483298443970 ) ) ;
#5450 = CARTESIAN_POINT ( 'NONE',  ( -2.510975509235521486, 38.82453680310160848, 13.21465491640601719 ) ) ;
#5451 = CARTESIAN_POINT ( 'NONE',  ( -12.78545152826161946, 34.49999999999998579, 5.703703114510134675 ) ) ;
#5452 = CARTESIAN_POINT ( 'NONE',  ( -12.09663270058085693, 19.63102570928177570, 1.149054724195762711 ) ) ;
#5453 = CARTESIAN_POINT ( 'NONE',  ( -4.487221415181283923, 36.72975720070002126, 11.29185231098427344 ) ) ;
#5454 = CARTESIAN_POINT ( 'NONE',  ( 9.499999999999994671, 4.000000000000000000, -19.84313483298443970 ) ) ;
#5455 = VECTOR ( 'NONE', #71, 1000.000000000000000 ) ;
#5456 = CARTESIAN_POINT ( 'NONE',  ( -3.788409620771133746, 12.99104737276440602, 13.48428867225058880 ) ) ;
#5457 = CARTESIAN_POINT ( 'NONE',  ( 5.299337663097245965, 22.46402362713914158, 12.95833794104593117 ) ) ;
#5458 = CARTESIAN_POINT ( 'NONE',  ( 13.04497615542529942, 21.17528920094744649, -3.734766065567678872 ) ) ;
#5459 = FACE_OUTER_BOUND ( 'NONE', #2134, .T. ) ;
#5460 = CARTESIAN_POINT ( 'NONE',  ( 0.2835621117645336087, 19.50787350752064242, -13.49647389307609657 ) ) ;
#5461 = LINE ( 'NONE', #6472, #6548 ) ;
#5462 = CARTESIAN_POINT ( 'NONE',  ( -3.221367516039837398, 20.67595123787680933, 13.02666469746696087 ) ) ;
#5463 = CARTESIAN_POINT ( 'NONE',  ( 13.10318514218563024, 38.02912386938592704, -3.541934604065005043 ) ) ;
#5464 = CARTESIAN_POINT ( 'NONE',  ( -0.8242388446807353830, 39.43228107792821646, 13.46981595863696590 ) ) ;
#5465 = ORIENTED_EDGE ( 'NONE', *, *, #3149, .T. ) ;
#5466 = CONICAL_SURFACE ( 'NONE', #6422, 24.00000000000000355, 0.7853981633974447263 ) ;
#5467 = CARTESIAN_POINT ( 'NONE',  ( -12.43170838603755612, 35.95107049842001601, 4.784849330110821697 ) ) ;
#5468 = CARTESIAN_POINT ( 'NONE',  ( -4.983355963618943285, 34.91600940499633055, -12.33698375886564236 ) ) ;
#5469 = CARTESIAN_POINT ( 'NONE',  ( -4.482097176783401693, 22.28247455206073724, -12.56757455095477560 ) ) ;
#5470 = CARTESIAN_POINT ( 'NONE',  ( -5.703703114510179084, 34.49999999999998579, 12.78545152826159992 ) ) ;
#5471 = CARTESIAN_POINT ( 'NONE',  ( 13.58086004374679412, 19.58098017027850446, 0.8999920405877105400 ) ) ;
#5472 = CYLINDRICAL_SURFACE ( 'NONE', #5945, 5.000000000000000000 ) ;
#5473 = VERTEX_POINT ( 'NONE', #5919 ) ;
#5474 = CARTESIAN_POINT ( 'NONE',  ( 0.8242388446786398370, 39.43228107792855752, -13.46981595863494618 ) ) ;
#5475 = CARTESIAN_POINT ( 'NONE',  ( -0.5740952870517167517, 19.53237329705796554, 13.48552889693681500 ) ) ;
#5476 = CARTESIAN_POINT ( 'NONE',  ( 13.70932368565493320, 20.08141518389044933, -2.838285853198762698 ) ) ;
#5477 = ORIENTED_EDGE ( 'NONE', *, *, #3287, .F. ) ;
#5478 = CARTESIAN_POINT ( 'NONE',  ( -12.56871297596166670, 22.27712439436592362, 4.479445552867576730 ) ) ;
#5479 = CARTESIAN_POINT ( 'NONE',  ( -12.96557111954844110, 38.14875980166327452, 3.419523776627229950 ) ) ;
#5480 = CARTESIAN_POINT ( 'NONE',  ( -8.000000000000005329, 4.000000000000000000, 12.68857754044950248 ) ) ;
#5481 = CARTESIAN_POINT ( 'NONE',  ( -12.36153381378304950, 23.67910174631918352, 4.932836312973877035 ) ) ;
#5482 = VERTEX_POINT ( 'NONE', #3071 ) ;
#5483 = EDGE_CURVE ( 'NONE', #809, #3532, #258, .T. ) ;
#5484 = AXIS2_PLACEMENT_3D ( 'NONE', #4375, #3099, #7141 ) ;
#5485 = CARTESIAN_POINT ( 'NONE',  ( 4.462177477943450654, 21.07309697031481477, 13.26999526985984801 ) ) ;
#5486 = CARTESIAN_POINT ( 'NONE',  ( -4.061159762149475938, 37.41781757975368805, 12.73957129686258405 ) ) ;
#5487 = CARTESIAN_POINT ( 'NONE',  ( -13.36730899654235749, 38.26212743714132358, 4.161640446266030580 ) ) ;
#5488 = CARTESIAN_POINT ( 'NONE',  ( -14.00019226415712659, 18.99954227979420551, -0.3720904331084827210 ) ) ;
#5489 = CARTESIAN_POINT ( 'NONE',  ( 12.08415513627562810, 19.66184032721414354, 1.303965404649167770 ) ) ;
#5490 = CARTESIAN_POINT ( 'NONE',  ( 5.609139198193463294, 23.49853978078346728, -12.82723538845566225 ) ) ;
#5491 = EDGE_CURVE ( 'NONE', #4002, #5629, #6332, .T. ) ;
#5492 = CARTESIAN_POINT ( 'NONE',  ( -6.726078347945040115, 9.853935401544285710, 12.28035996669494700 ) ) ;
#5493 = CARTESIAN_POINT ( 'NONE',  ( 2.372282631324157176, 19.49509235997916790, 13.79863535750954817 ) ) ;
#5494 = CARTESIAN_POINT ( 'NONE',  ( 12.68854169043904534, 22.88615997566864024, -4.732564133650909000 ) ) ;
#5495 = LINE ( 'NONE', #317, #6319 ) ;
#5496 = DIRECTION ( 'NONE',  ( -0.000000000000000000, 1.000000000000000000, -0.000000000000000000 ) ) ;
#5497 = CARTESIAN_POINT ( 'NONE',  ( 5.555136768253554180, 35.76016570270498818, -12.85076168067720204 ) ) ;
#5498 = CARTESIAN_POINT ( 'NONE',  ( -4.154873143065745289, 21.71843459005710031, 12.70282834714424780 ) ) ;
#5499 = CARTESIAN_POINT ( 'NONE',  ( 13.38152319241894084, 38.88697745454848587, -2.398918037948060356 ) ) ;
#5500 = CARTESIAN_POINT ( 'NONE',  ( -3.480018185795563657, 38.09030909046965263, 12.94591804131027502 ) ) ;
#5501 = VERTEX_POINT ( 'NONE', #104 ) ;
#5502 = CARTESIAN_POINT ( 'NONE',  ( -12.73713490981012342, 37.40894887933972512, 4.067498963049479777 ) ) ;
#5503 = CARTESIAN_POINT ( 'NONE',  ( 7.448364903041464480, 7.509695245062818714, 9.599996008865852914 ) ) ;
#5504 = CARTESIAN_POINT ( 'NONE',  ( -3.520103013836701766, 20.94908405475508673, -12.93278110546337345 ) ) ;
#5505 = CARTESIAN_POINT ( 'NONE',  ( -2.539355301885909189, 19.57192689028857657, -13.76877896525449607 ) ) ;
#5506 = CARTESIAN_POINT ( 'NONE',  ( 13.58611680956662227, 19.56763570945194175, -0.8237310767185882510 ) ) ;
#5507 = CARTESIAN_POINT ( 'NONE',  ( 13.55666907625741580, 39.35714670734585496, 1.187370494309402114 ) ) ;
#5508 = CARTESIAN_POINT ( 'NONE',  ( 4.834999126802322245, 35.81641956447894160, 11.14676874031295206 ) ) ;
#5509 = VERTEX_POINT ( 'NONE', #5771 ) ;
#5510 = CARTESIAN_POINT ( 'NONE',  ( -3.404904220393452530, 38.16240835150470190, -12.97024241547119594 ) ) ;
#5511 = CARTESIAN_POINT ( 'NONE',  ( -4.098150232047131247, 38.32639188207669179, -13.38692652296024299 ) ) ;
#5512 = CARTESIAN_POINT ( 'NONE',  ( 3.593614260314082376, 21.02258345081794744, 12.90845743039528415 ) ) ;
#5513 = CARTESIAN_POINT ( 'NONE',  ( 13.87021696961422101, 19.62972849747323778, -1.903675060760359194 ) ) ;
#5514 = ORIENTED_EDGE ( 'NONE', *, *, #7310, .F. ) ;
#5515 = CARTESIAN_POINT ( 'NONE',  ( -12.85267482874190215, 23.23107714176845917, -5.550620142217374209 ) ) ;
#5516 = CARTESIAN_POINT ( 'NONE',  ( 12.93429922887929706, 24.50000000000000711, -5.357602398257304444 ) ) ;
#5517 = CARTESIAN_POINT ( 'NONE',  ( 8.000000000000008882, 4.000000000000000000, -19.84313483298444325 ) ) ;
#5518 = CARTESIAN_POINT ( 'NONE',  ( -12.51323822059070423, 22.55412721303390455, 4.605869013916233712 ) ) ;
#5519 = EDGE_LOOP ( 'NONE', ( #7056, #3838, #3415, #2332 ) ) ;
#5520 = PRODUCT_RELATED_PRODUCT_CATEGORY ( 'part', '', ( #5560 ) ) ;
#5521 = CARTESIAN_POINT ( 'NONE',  ( -3.361750103306877513, 13.22234141519432349, -13.59826566613505250 ) ) ;
#5522 = CARTESIAN_POINT ( 'NONE',  ( 5.665815134425044697, 35.13945131675998113, 12.80229064392443306 ) ) ;
#5523 = CARTESIAN_POINT ( 'NONE',  ( -13.26999340780638725, 37.92689523547581132, 4.462181413903397065 ) ) ;
#5524 = CARTESIAN_POINT ( 'NONE',  ( -13.92227557335960419, 19.18640020829590043, -1.484233663509908485 ) ) ;
#5525 = CARTESIAN_POINT ( 'NONE',  ( -11.07350441368946115, 24.16563094095207376, -4.999999999999996447 ) ) ;
#5526 = CARTESIAN_POINT ( 'NONE',  ( -12.53772155983833869, 22.42683381166675005, -4.550670471879135981 ) ) ;
#5527 = CARTESIAN_POINT ( 'NONE',  ( 4.951491613410476056, 23.79654459543037248, -12.35251463379063175 ) ) ;
#5528 = CARTESIAN_POINT ( 'NONE',  ( 4.464326232005121575, 21.07568893809728294, 13.26927361248401205 ) ) ;
#5529 = DIRECTION ( 'NONE',  ( -0.000000000000000000, -1.000000000000000000, -0.000000000000000000 ) ) ;
#5530 = CARTESIAN_POINT ( 'NONE',  ( 7.499999999999994671, 14.00000000000000000, -19.84313483298444325 ) ) ;
#5531 = CARTESIAN_POINT ( 'NONE',  ( 3.756537396704778597, 21.19925405060612533, -12.85219483607874125 ) ) ;
#5532 = DIRECTION ( 'NONE',  ( 0.000000000000000000, 1.000000000000000000, 0.000000000000000000 ) ) ;
#5533 = CARTESIAN_POINT ( 'NONE',  ( -4.412969170215661485, 22.14929476375614570, 12.59706931276578956 ) ) ;
#5534 = CARTESIAN_POINT ( 'NONE',  ( 13.59981493715078393, 39.46700998965596341, 0.5791750878229025012 ) ) ;
#5535 = CARTESIAN_POINT ( 'NONE',  ( -5.000000000000010658, 24.50000000000000000, 12.32882846293108159 ) ) ;
#5536 = VERTEX_POINT ( 'NONE', #4661 ) ;
#5537 = CARTESIAN_POINT ( 'NONE',  ( -12.72023457252454293, 37.34709907467825474, 4.110833565549106616 ) ) ;
#5538 = CARTESIAN_POINT ( 'NONE',  ( 13.30750046444178203, 37.54364328727572797, -4.348952208961893717 ) ) ;
#5539 = CARTESIAN_POINT ( 'NONE',  ( 13.47702206803654335, 19.85142845639383324, 1.843330138124601447 ) ) ;
#5540 = CARTESIAN_POINT ( 'NONE',  ( -2.779301302193560641, 20.34361097757772185, -13.14927442024684900 ) ) ;
#5541 = CARTESIAN_POINT ( 'NONE',  ( -3.904491433386125809, 20.48679124591437173, -13.44519813101695860 ) ) ;
#5542 = CARTESIAN_POINT ( 'NONE',  ( 13.18885706921117773, 20.68813203799357581, 3.235944199063420346 ) ) ;
#5543 = CARTESIAN_POINT ( 'NONE',  ( 12.93429922887929706, 34.50000000000000000, -5.357602398257307108 ) ) ;
#5544 = CARTESIAN_POINT ( 'NONE',  ( 1.846428518427672992E-13, 39.50000000000203926, 12.15000000000083524 ) ) ;
#5545 = ORIENTED_EDGE ( 'NONE', *, *, #1937, .F. ) ;
#5546 = CARTESIAN_POINT ( 'NONE',  ( -2.106334979721468326, 39.03486818314540585, -13.29974633399556794 ) ) ;
#5547 = CARTESIAN_POINT ( 'NONE',  ( -4.931696440389218949, 37.26344542768693202, -13.10263265623419571 ) ) ;
#5548 = FACE_OUTER_BOUND ( 'NONE', #3471, .T. ) ;
#5549 = CARTESIAN_POINT ( 'NONE',  ( 7.099588002197379843, 8.966192436960348289, -9.862609850002833412 ) ) ;
#5550 = CARTESIAN_POINT ( 'NONE',  ( -12.82021630050983774, 23.58909659572818285, -5.625134224076505873 ) ) ;
#5551 = CARTESIAN_POINT ( 'NONE',  ( 12.58389125955727295, 34.91641671791836643, -4.983305638141179550 ) ) ;
#5552 = CARTESIAN_POINT ( 'NONE',  ( -12.94498447943098363, 36.45546784941326024, 5.331842600317433956 ) ) ;
#5553 = DIRECTION ( 'NONE',  ( 0.5443312118026688573, 0.000000000000000000, -0.8388703903806821183 ) ) ;
#5554 = CARTESIAN_POINT ( 'NONE',  ( 3.766435450067813218, 20.36584439564115812, 13.48466012239095768 ) ) ;
#5555 = CARTESIAN_POINT ( 'NONE',  ( 13.35722611389089209, 37.74299883049501148, 4.193788211823495260 ) ) ;
#5556 = CARTESIAN_POINT ( 'NONE',  ( -12.94442013425848259, 36.45696275828207433, 5.333661501374555414 ) ) ;
#5557 = CARTESIAN_POINT ( 'NONE',  ( -13.92121836459704554, 19.18895473280596065, 1.494241835702213583 ) ) ;
#5558 = CARTESIAN_POINT ( 'NONE',  ( -11.38639530735154182, 21.84583722455119315, -4.240494058451788284 ) ) ;
#5559 = CARTESIAN_POINT ( 'NONE',  ( -12.81375620130697435, 21.32567757886586080, -3.863119847319484990 ) ) ;
#5560 = PRODUCT ( 'hop dien 02 24.3', 'hop dien 02 24.3', '', ( #912 ) ) ;
#5561 = CARTESIAN_POINT ( 'NONE',  ( 3.957568217975704350, 21.44370710784628642, -12.77890952821277004 ) ) ;
#5562 = CARTESIAN_POINT ( 'NONE',  ( -0.1814956330750342739, 19.00202834318652023, 13.99914273714450275 ) ) ;
#5563 = DIRECTION ( 'NONE',  ( 0.000000000000000000, -0.000000000000000000, 1.000000000000000000 ) ) ;
#5564 = CARTESIAN_POINT ( 'NONE',  ( -5.703703114510179972, 34.49999999999998579, 12.78545152826159992 ) ) ;
#5565 = CARTESIAN_POINT ( 'NONE',  ( 3.419523776627218403, 20.85124019833672904, -12.96557111954840380 ) ) ;
#5566 = CARTESIAN_POINT ( 'NONE',  ( 4.684837364551960093, 37.63847359372116586, -13.19300268228773199 ) ) ;
#5567 = CARTESIAN_POINT ( 'NONE',  ( -3.863119847222701519, 21.32567757874825887, 12.81375620134246596 ) ) ;
#5568 = CARTESIAN_POINT ( 'NONE',  ( 13.11329455781489983, 38.06356166145142339, 3.507315191168218771 ) ) ;
#5569 = LINE ( 'NONE', #3854, #2341 ) ;
#5570 = CIRCLE ( 'NONE', #3295, 1.499999999999984013 ) ;
#5571 = EDGE_CURVE ( 'NONE', #2323, #5650, #1795, .T. ) ;
#5572 = CARTESIAN_POINT ( 'NONE',  ( -13.11977440070297085, 38.57872686454832234, 2.892507242728775907 ) ) ;
#5573 = CARTESIAN_POINT ( 'NONE',  ( 13.82373690275107414, 39.24400345441652149, -2.220627992855717991 ) ) ;
#5574 = CARTESIAN_POINT ( 'NONE',  ( 13.10466399837264362, 20.96582272092220123, 3.536890281163294958 ) ) ;
#5575 = CARTESIAN_POINT ( 'NONE',  ( 0.4658398471838612331, 19.01818275923776369, -13.99232828075660962 ) ) ;
#5576 = CARTESIAN_POINT ( 'NONE',  ( 12.63779973182273153, 23.30801315105187754, 4.856011998110038697 ) ) ;
#5577 = CARTESIAN_POINT ( 'NONE',  ( 12.78770851525840513, 36.72162920788685625, 4.480064564100957547 ) ) ;
#5578 = DIRECTION ( 'NONE',  ( 0.000000000000000000, -1.000000000000000000, 0.000000000000000000 ) ) ;
#5579 = ORIENTED_EDGE ( 'NONE', *, *, #2591, .F. ) ;
#5580 = EDGE_CURVE ( 'NONE', #2336, #4954, #6160, .T. ) ;
#5581 = CARTESIAN_POINT ( 'NONE',  ( 3.059771721776836095, 38.45486874232545915, -13.07379436638202819 ) ) ;
#5582 = CARTESIAN_POINT ( 'NONE',  ( -5.654013304805432405, 35.23014672283522231, -12.80751232184682920 ) ) ;
#5583 = FACE_OUTER_BOUND ( 'NONE', #4209, .T. ) ;
#5584 = CARTESIAN_POINT ( 'NONE',  ( 13.01952422199104653, 23.05161850649872335, 5.147110839118433923 ) ) ;
#5585 = CARTESIAN_POINT ( 'NONE',  ( -13.03412276383325796, 22.05173153040812650, -5.110825507945231827 ) ) ;
#5586 = CARTESIAN_POINT ( 'NONE',  ( 12.57669681562377839, 34.58283236998360621, -4.999999999999998224 ) ) ;
#5587 = CARTESIAN_POINT ( 'NONE',  ( -13.32829405691668612, 38.13300332380627111, 4.286245859646288459 ) ) ;
#5588 = CARTESIAN_POINT ( 'NONE',  ( -12.36839355454946343, 23.59769638359241384, 4.918612659165041201 ) ) ;
#5589 = ORIENTED_EDGE ( 'NONE', *, *, #5580, .F. ) ;
#5590 = CARTESIAN_POINT ( 'NONE',  ( -7.449231753512078669, 7.503071194990613257, -11.85421539239141175 ) ) ;
#5591 = CARTESIAN_POINT ( 'NONE',  ( 13.98658128724667549, 39.67528887258067272, -0.6143990725703408762 ) ) ;
#5592 = CARTESIAN_POINT ( 'NONE',  ( -12.85267482874189682, 35.76892285823153372, 5.550620142217382202 ) ) ;
#5593 = CARTESIAN_POINT ( 'NONE',  ( -13.98080615987273490, 19.04556436554445042, 0.7563435833166954891 ) ) ;
#5594 = AXIS2_PLACEMENT_3D ( 'NONE', #4302, #4196, #2500 ) ;
#5595 = CARTESIAN_POINT ( 'NONE',  ( -12.43170838603603912, 23.04892950158884801, -4.784849330113547516 ) ) ;
#5596 = CIRCLE ( 'NONE', #10, 1.750000000000000000 ) ;
#5597 = AXIS2_PLACEMENT_3D ( 'NONE', #6919, #1809, #3556 ) ;
#5598 = CARTESIAN_POINT ( 'NONE',  ( 4.791252955417615311, 23.07019886374789763, -12.42872420026151659 ) ) ;
#5599 = CARTESIAN_POINT ( 'NONE',  ( 1.854462693391143446, 19.29568159931353932, 13.87780853716197349 ) ) ;
#5600 = CARTESIAN_POINT ( 'NONE',  ( 11.07350441368946470, 45.00000000000000000, -4.999999999999996447 ) ) ;
#5601 = CARTESIAN_POINT ( 'NONE',  ( -4.346828957949963268, 38.06210116950626343, 13.30822710181429969 ) ) ;
#5602 = CARTESIAN_POINT ( 'NONE',  ( 9.499999999999994671, 4.000000000000000000, -19.84313483298443970 ) ) ;
#5603 = CARTESIAN_POINT ( 'NONE',  ( 0.09530149498168906386, 39.99999899924303293, -13.99999999979626431 ) ) ;
#5604 = CARTESIAN_POINT ( 'NONE',  ( -13.94697973370184840, 39.87329262864959389, -1.218150705172904358 ) ) ;
#5605 = CARTESIAN_POINT ( 'NONE',  ( -1.378850487522981227, 19.69316005456136764, 13.41481708061415112 ) ) ;
#5606 = CARTESIAN_POINT ( 'NONE',  ( 13.20600658799437888, 38.36609705885847887, 3.170706346713757728 ) ) ;
#5607 = CARTESIAN_POINT ( 'NONE',  ( -5.000000000000010658, 24.50000000000000000, -11.07350441368945759 ) ) ;
#5608 = CARTESIAN_POINT ( 'NONE',  ( -0.4174432764730562351, 39.48322062631693541, 13.49248858780282312 ) ) ;
#5609 = ADVANCED_FACE ( 'NONE', ( #2088 ), #1418, .F. ) ;
#5610 = CARTESIAN_POINT ( 'NONE',  ( -13.47028253313743207, 39.43333421258207494, 0.8179480078539136390 ) ) ;
#5611 = CARTESIAN_POINT ( 'NONE',  ( 6.721387175483324761, 9.863113183790837013, 10.12415278396406215 ) ) ;
#5612 = CIRCLE ( 'NONE', #139, 23.49999999999998934 ) ;
#5613 = CARTESIAN_POINT ( 'NONE',  ( 13.13685146131770587, 20.85737358934913388, 3.425154782312083146 ) ) ;
#5614 = CARTESIAN_POINT ( 'NONE',  ( 0.9350436090806740763, 19.07364992394946768, -13.96905171694893610 ) ) ;
#5615 = CARTESIAN_POINT ( 'NONE',  ( 12.84602514125325712, 21.98828774496076122, 4.323538716616673661 ) ) ;
#5616 = CARTESIAN_POINT ( 'NONE',  ( 13.40181376761419330, 38.94380620601442189, -2.293297665113272821 ) ) ;
#5617 = EDGE_CURVE ( 'NONE', #6582, #6180, #6252, .T. ) ;
#5618 = DIRECTION ( 'NONE',  ( 0.000000000000000000, 0.000000000000000000, -1.000000000000000000 ) ) ;
#5619 = ORIENTED_EDGE ( 'NONE', *, *, #5183, .F. ) ;
#5620 = AXIS2_PLACEMENT_3D ( 'NONE', #2353, #6915, #1687 ) ;
#5621 = CARTESIAN_POINT ( 'NONE',  ( 2.239676352578439555, 38.97066475825830167, -13.27340801964286321 ) ) ;
#5622 = CARTESIAN_POINT ( 'NONE',  ( -3.900789682978066164, 38.51363543348127649, -13.44577723533383562 ) ) ;
#5623 = CARTESIAN_POINT ( 'NONE',  ( -4.302474751766722783, 21.95237545888481989, 12.64325777577634291 ) ) ;
#5624 = CARTESIAN_POINT ( 'NONE',  ( 13.25861621164387927, 21.66517023540746578, 4.495744032616516783 ) ) ;
#5625 = CARTESIAN_POINT ( 'NONE',  ( -12.45659356369190363, 22.88043137740304900, 4.731152084026914117 ) ) ;
#5626 = CARTESIAN_POINT ( 'NONE',  ( 12.66439529036952472, 35.92812736674964924, -4.791751958631621733 ) ) ;
#5627 = EDGE_CURVE ( 'NONE', #3731, #3751, #1563, .T. ) ;
#5628 = CARTESIAN_POINT ( 'NONE',  ( -12.32882838140006321, 24.33483624816223667, 5.000000000000001776 ) ) ;
#5629 = VERTEX_POINT ( 'NONE', #2711 ) ;
#5630 = CARTESIAN_POINT ( 'NONE',  ( -5.469135409673453907, 24.50000000000000711, 12.63324383981809262 ) ) ;
#5631 = B_SPLINE_CURVE_WITH_KNOTS ( 'NONE', 3,
 ( #1637, #2231, #7319, #1528, #2756, #2196, #1118 ),
 .UNSPECIFIED., .F., .F.,
 ( 4, 3, 4 ),
 ( -0.0007614325045186225551, 0.000000000000000000, 0.001538204004139539886 ),
 .UNSPECIFIED. ) ;
#5632 = CARTESIAN_POINT ( 'NONE',  ( 5.000000000000007994, 24.50000000000000000, 12.32882846293108869 ) ) ;
#5633 = CARTESIAN_POINT ( 'NONE',  ( 1.850031902216660695, 19.29417911058872903, 13.87841952489828046 ) ) ;
#5634 = CARTESIAN_POINT ( 'NONE',  ( 13.90201286699586625, 39.45522490914157032, 1.655667741171260587 ) ) ;
#5635 = CARTESIAN_POINT ( 'NONE',  ( -13.49248858780284799, 39.48322062631692120, -0.4174432764730425238 ) ) ;
#5636 = CARTESIAN_POINT ( 'NONE',  ( -13.87929007073420351, 19.29201093355330698, -1.843370239772934571 ) ) ;
#5637 = CARTESIAN_POINT ( 'NONE',  ( 5.629045868437827060, 35.40515404674718525, -12.81855921369412776 ) ) ;
#5638 = CARTESIAN_POINT ( 'NONE',  ( -12.56052950982804539, 22.31661082837258192, -4.498273743586574724 ) ) ;
#5639 = APPLICATION_CONTEXT ( 'automotive_design' ) ;
#5640 = CARTESIAN_POINT ( 'NONE',  ( -0.7487021014490801152, 19.04683431506588320, 13.98027744105184134 ) ) ;
#5641 = LINE ( 'NONE', #4527, #5016 ) ;
#5642 = CARTESIAN_POINT ( 'NONE',  ( -4.099381769780402252, 38.32515787211002589, 13.38654822533801436 ) ) ;
#5643 = LINE ( 'NONE', #390, #6288 ) ;
#5644 = CARTESIAN_POINT ( 'NONE',  ( 1.488460009667327055, 39.81255965368661265, -13.92184017584255251 ) ) ;
#5645 = CARTESIAN_POINT ( 'NONE',  ( 0.3369661026846382246, 19.50870465537077436, 13.49609145639744945 ) ) ;
#5646 = CARTESIAN_POINT ( 'NONE',  ( 13.51794351817208018, 39.25672132231872524, 1.542712331806772141 ) ) ;
#5647 = FACE_OUTER_BOUND ( 'NONE', #245, .T. ) ;
#5648 = B_SPLINE_CURVE_WITH_KNOTS ( 'NONE', 3,
 ( #5846, #2995, #5295, #177, #1354, #4739, #7002, #4161, #1317, #6473, #799, #3595, #5883, #768, #5326, #1462, #1987, #981, #3852, #941, #4343, #4984, #2681, #3138, #6132, #3246, #4951, #3775, #3701, #5533, #2646, #6687, #3739, #4841, #427, #5428, #1425, #7251, #5498, #2131, #4875, #4417, #1013, #3208, #6614, #1569, #3281, #5567, #320, #458, #7109, #7213, #6056, #5986, #4268, #2094, #6539, #6021, #868, #2568, #7144, #902, #3173, #4378, #392, #5462, #2023, #4305, #6649, #6579, #2061, #357, #1532, #2607, #4915, #1494, #7180, #3812, #6096, #1754, #6797, #1641, #3925, #4035, #3999, #5755, #4454, #6241, #4490, #3965, #2835, #567, #3394, #3889, #2236, #1122, #5169, #5605, #6203, #1086, #5101, #5679, #494, #51, #5024, #2718, #2310, #2200, #3357, #5645, #4607, #1198, #7360, #5135, #6759, #1047, #7284, #6314, #4531, #5717, #532, #3468, #6870, #1605, #608, #2166, #2797, #2276, #2871, #17, #6167, #4572, #1716, #1681, #6836, #6276, #1159, #3431, #6725, #3320, #2760, #5065, #7324, #2390, #2458, #642, #4761, #2904, #6993, #3507, #1841, #4118, #4187, #202, #7026, #5835, #788, #3619, #3545, #1908, #1797, #90, #4077, #6463, #2985, #5206, #1343, #4727, #1875, #4150, #2347, #4647, #6428, #1307, #3583, #6910, #4477, #1224, #1704, #2891, #1110, #667, #6894, #6189, #5193, #5779, #3380, #6858, #75, #39, #1072, #3417, #6297, #2260, #5665, #2297, #1182, #4019, #2334, #4594, #6748, #3347, #4633, #6783, #1778, #2929, #4062, #7309, #593, #520, #5632 ),
 .UNSPECIFIED., .F., .F.,
 ( 4, 2, 2, 1, 2, 2, 1, 1, 2, 2, 2, 1, 2, 2, 2, 1, 1, 2, 2, 2, 1, 1, 2, 2, 2, 1, 1, 1, 2, 2, 2, 1, 2, 2, 1, 1, 2, 2, 2, 1, 1, 1, 2, 2, 2, 1, 1, 2, 2, 2, 1, 2, 2, 2, 1, 2, 2, 1, 2, 2, 1, 2, 2, 2, 2, 2, 2, 2, 2, 1, 2, 2, 1, 1, 2, 2, 2, 1, 2, 2, 2, 1, 1, 2, 2, 2, 1, 1, 2, 2, 1, 1, 1, 2, 2, 2, 1, 2, 2, 2, 1, 1, 2, 2, 2, 1, 1, 2, 2, 2, 1, 1, 2, 2, 2, 1, 2, 2, 2, 2, 2, 1, 2, 2, 2, 2, 4 ),
 ( 0.000000000000000000, 0.01562499999999666933, 0.03124999999999333866, 0.04687499999999000799, 0.05468749999998832878, 0.06249999999998664957, 0.07812499999998394340, 0.08593749999998259725, 0.08984374999998187561, 0.09374999999998115396, 0.1093749999999763106, 0.1171874999999736322, 0.1210937499999726191, 0.1249999999999716060, 0.1406249999999672484, 0.1484374999999650280, 0.1523437499999642508, 0.1542968749999635847, 0.1562499999999629186, 0.1718749999999577283, 0.1796874999999551192, 0.1835937499999538702, 0.1855468749999532874, 0.1874999999999527045, 0.2031249999999498457, 0.2109374999999484024, 0.2148437499999476807, 0.2167968749999472922, 0.2177734374999471534, 0.2187499999999469869, 0.2265624999999442113, 0.2304687499999430733, 0.2324218749999426570, 0.2343749999999422406, 0.2421874999999404643, 0.2460937499999397426, 0.2480468749999394096, 0.2499999999999390765, 0.2656249999999356071, 0.2734374999999336087, 0.2773437499999327760, 0.2792968749999326095, 0.2802734374999327205, 0.2812499999999328315, 0.2968749999999346079, 0.3046874999999355516, 0.3085937499999359956, 0.3105468749999362177, 0.3124999999999364952, 0.3281249999999376055, 0.3359374999999379940, 0.3398437499999380496, 0.3437499999999381051, 0.3593749999999380496, 0.3671874999999380496, 0.3710937499999379940, 0.3749999999999379385, 0.3906249999999381606, 0.3984374999999382716, 0.4062499999999383826, 0.4218749999999384936, 0.4296874999999386602, 0.4374999999999388267, 0.4531249999999392153, 0.4687499999999396039, 0.4999999999999403810, 0.5312499999999411582, 0.5468749999999416023, 0.5624999999999420464, 0.5781249999999424904, 0.5859374999999427125, 0.5937499999999429345, 0.6093749999999436007, 0.6171874999999438227, 0.6210937499999439337, 0.6249999999999441558, 0.6406249999999447109, 0.6484374999999452660, 0.6523437499999454880, 0.6562499999999458211, 0.6718749999999465983, 0.6796874999999469313, 0.6835937499999468203, 0.6855468749999470424, 0.6874999999999471534, 0.7031249999999505951, 0.7109374999999522604, 0.7148437499999532596, 0.7167968749999538147, 0.7187499999999542588, 0.7265624999999551470, 0.7304687499999554801, 0.7324218749999557021, 0.7333984374999558131, 0.7343749999999559241, 0.7421874999999573674, 0.7460937499999578115, 0.7480468749999583666, 0.7499999999999588107, 0.7656249999999596989, 0.7734374999999601430, 0.7773437499999600320, 0.7792968749999600320, 0.7812499999999599209, 0.7968749999999602540, 0.8046874999999606981, 0.8085937499999611422, 0.8105468749999614753, 0.8124999999999616973, 0.8281249999999631406, 0.8359374999999638067, 0.8398437499999641398, 0.8417968749999644729, 0.8437499999999646949, 0.8593749999999698019, 0.8671874999999726885, 0.8710937499999737987, 0.8749999999999750200, 0.8906249999999783507, 0.8984374999999797939, 0.9062499999999812372, 0.9218749999999840128, 0.9296874999999856781, 0.9374999999999873435, 0.9531249999999906741, 0.9687499999999940048, 1.000000000000000000 ),
 .UNSPECIFIED. ) ;
#5649 = CARTESIAN_POINT ( 'NONE',  ( -1.309464140770335128, 39.32566259632101691, 13.42300906434765295 ) ) ;
#5650 = VERTEX_POINT ( 'NONE', #6681 ) ;
#5651 = CARTESIAN_POINT ( 'NONE',  ( -13.10674025056530212, 38.54392434779084198, 2.940803362484787797 ) ) ;
#5652 = CARTESIAN_POINT ( 'NONE',  ( -4.967023529122855940, 23.92069068898730322, -12.34495114201457078 ) ) ;
#5653 = CARTESIAN_POINT ( 'NONE',  ( 1.842200009237919378, 19.29398862240139678, -13.87855329219237888 ) ) ;
#5654 = CARTESIAN_POINT ( 'NONE',  ( 12.93969966100913283, 21.57826202330392817, 4.058322401900224641 ) ) ;
#5655 = CARTESIAN_POINT ( 'NONE',  ( 13.58051654196286862, 39.41814662014494530, 0.9047850913562877073 ) ) ;
#5656 = CARTESIAN_POINT ( 'NONE',  ( 13.97318236277763681, 19.35895086894847239, -0.8832993528763355418 ) ) ;
#5657 = ORIENTED_EDGE ( 'NONE', *, *, #7137, .F. ) ;
#5658 = CARTESIAN_POINT ( 'NONE',  ( 3.386422033481348404, 38.17875783722472960, -12.97592763949850969 ) ) ;
#5659 = CARTESIAN_POINT ( 'NONE',  ( -5.665815134425080224, 35.13945131675996691, -12.80229064392441174 ) ) ;
#5660 = CARTESIAN_POINT ( 'NONE',  ( -4.731022369583778975, 22.87392357095719220, 12.45674072909408459 ) ) ;
#5661 = CARTESIAN_POINT ( 'NONE',  ( -13.49898907600389464, 19.50225525392736259, 0.1712105040747614881 ) ) ;
#5662 = CYLINDRICAL_SURFACE ( 'NONE', #4868, 5.000000000000006217 ) ;
#5663 = EDGE_LOOP ( 'NONE', ( #2220, #6924, #4742, #1215 ) ) ;
#5664 = FACE_OUTER_BOUND ( 'NONE', #1757, .T. ) ;
#5665 = CARTESIAN_POINT ( 'NONE',  ( 4.676954909407518457, 22.73000908667592057, 12.48133742605441476 ) ) ;
#5666 = CARTESIAN_POINT ( 'NONE',  ( -12.98747719068705919, 22.29813644253379579, 5.227517382448664485 ) ) ;
#5667 = CARTESIAN_POINT ( 'NONE',  ( 13.59638027628565027, 38.57556260936051729, 3.338144766968637267 ) ) ;
#5668 = CARTESIAN_POINT ( 'NONE',  ( -12.68547047897270375, 37.21609091490675070, -4.198745285886904988 ) ) ;
#5669 = CARTESIAN_POINT ( 'NONE',  ( 7.499999999999994671, 6.500000000000012434, -11.82159041753689088 ) ) ;
#5670 = CARTESIAN_POINT ( 'NONE',  ( 2.372282631324149182, 39.50490764002085342, -13.79863535750954995 ) ) ;
#5671 = CARTESIAN_POINT ( 'NONE',  ( -13.06079719103602699, 20.58058085694910488, -3.105800349135644289 ) ) ;
#5672 = EDGE_CURVE ( 'NONE', #3731, #4800, #4208, .T. ) ;
#5673 = CARTESIAN_POINT ( 'NONE',  ( -3.251814073593598309, 19.98054641647892993, 13.61733902678894559 ) ) ;
#5674 = CARTESIAN_POINT ( 'NONE',  ( 4.550822742738069415, 22.42241416978413682, -11.26574850964545504 ) ) ;
#5675 = CARTESIAN_POINT ( 'NONE',  ( -7.499999999999991118, 4.999999999999997335, 11.82159041753689444 ) ) ;
#5676 = CARTESIAN_POINT ( 'NONE',  ( -3.370175340068939374, 38.93742329717827033, 13.58835512833717374 ) ) ;
#5677 = CARTESIAN_POINT ( 'NONE',  ( 4.471098792125841825, 36.73882054880390058, 12.57228049767865841 ) ) ;
#5678 = CARTESIAN_POINT ( 'NONE',  ( -13.09957948903601022, 21.73522847093497035, 4.944614496602038223 ) ) ;
#5679 = CARTESIAN_POINT ( 'NONE',  ( -1.022246400507691222, 19.60543693699609236, 13.45316316101506260 ) ) ;
#5680 = CARTESIAN_POINT ( 'NONE',  ( 12.69393507788945819, 36.15244944502433100, 4.719227134613314334 ) ) ;
#5681 = CARTESIAN_POINT ( 'NONE',  ( -4.133445250803792881, 37.31330971624563375, 12.71128555222943923 ) ) ;
#5682 = CARTESIAN_POINT ( 'NONE',  ( 3.205718809805624847, 38.33732132572764328, 13.03136881055139540 ) ) ;
#5683 = CARTESIAN_POINT ( 'NONE',  ( -13.34683969041588725, 39.14786446614743198, 1.845115717836881775 ) ) ;
#5684 = CARTESIAN_POINT ( 'NONE',  ( -5.703702040690058261, 24.13379321436831049, 12.78545200730226306 ) ) ;
#5685 = CARTESIAN_POINT ( 'NONE',  ( 13.20155716617629515, 20.64792624814015554, 3.187729460914957791 ) ) ;
#5686 = CARTESIAN_POINT ( 'NONE',  ( -4.718749163087863074, 22.84618619538718676, -12.46225512916087474 ) ) ;
#5687 = CARTESIAN_POINT ( 'NONE',  ( 5.665815134425053579, 23.86054868324002243, -12.80229064392442417 ) ) ;
#5688 = CARTESIAN_POINT ( 'NONE',  ( 12.59558107738996036, 23.83698330325914228, 4.956019798426456902 ) ) ;
#5689 = CARTESIAN_POINT ( 'NONE',  ( 13.07163951863051388, 37.92014472166304984, -3.648167850709818083 ) ) ;
#5690 = CARTESIAN_POINT ( 'NONE',  ( 12.93429922887929706, 24.50000000000000711, -5.357602398257304444 ) ) ;
#5691 = ORIENTED_EDGE ( 'NONE', *, *, #1891, .T. ) ;
#5692 = CARTESIAN_POINT ( 'NONE',  ( 1.430002684429982907, 39.29131374493203310, -13.40811255768336352 ) ) ;
#5693 = CARTESIAN_POINT ( 'NONE',  ( 3.052251993749816261, 38.46110698344760692, -13.07604002329427573 ) ) ;
#5694 = CARTESIAN_POINT ( 'NONE',  ( -4.989584202000888702, 24.16687222552560144, 12.33393433899860447 ) ) ;
#5695 = CARTESIAN_POINT ( 'NONE',  ( 13.30762358362764175, 21.45585433676430398, 4.348575566664401038 ) ) ;
#5696 = ORIENTED_EDGE ( 'NONE', *, *, #7044, .F. ) ;
#5697 = CARTESIAN_POINT ( 'NONE',  ( -12.94665238860166134, 20.90714725883968583, -3.478209825829474688 ) ) ;
#5698 = VECTOR ( 'NONE', #4709, 1000.000000000000000 ) ;
#5699 = FACE_OUTER_BOUND ( 'NONE', #914, .T. ) ;
#5700 = ORIENTED_EDGE ( 'NONE', *, *, #4988, .F. ) ;
#5701 = CARTESIAN_POINT ( 'NONE',  ( 13.07497831785087428, 21.06860003308402085, 3.636692184224919355 ) ) ;
#5702 = EDGE_CURVE ( 'NONE', #3378, #5268, #211, .T. ) ;
#5703 = CIRCLE ( 'NONE', #6298, 1.999999999999998224 ) ;
#5704 = CARTESIAN_POINT ( 'NONE',  ( -12.95833794104593828, 22.46402362713915934, 5.299337663097226425 ) ) ;
#5705 = CARTESIAN_POINT ( 'NONE',  ( 13.17350747490000629, 36.93022700350758925, -4.739112490133978284 ) ) ;
#5706 = CARTESIAN_POINT ( 'NONE',  ( -13.21465491640605450, 38.82453680310160138, -2.510975509235501058 ) ) ;
#5707 = DIRECTION ( 'NONE',  ( -0.000000000000000000, -1.000000000000000000, -0.000000000000000000 ) ) ;
#5708 = CARTESIAN_POINT ( 'NONE',  ( 0.6626552606837672332, 39.96350174304154734, -13.98461992168038748 ) ) ;
#5709 = CARTESIAN_POINT ( 'NONE',  ( -13.14597342985761230, 20.35224868123159681, -2.792180702846115636 ) ) ;
#5710 = EDGE_CURVE ( 'NONE', #2336, #5051, #1807, .T. ) ;
#5711 = CARTESIAN_POINT ( 'NONE',  ( 4.999995113876631869, 24.33290560571026617, 12.32882838044696960 ) ) ;
#5712 = CARTESIAN_POINT ( 'NONE',  ( 12.93429922887929706, 24.50000000000000711, -5.357602398257307108 ) ) ;
#5713 = CARTESIAN_POINT ( 'NONE',  ( 2.026099883901269383, 39.64444344750707216, 13.85371262550319749 ) ) ;
#5714 = CARTESIAN_POINT ( 'NONE',  ( -5.333266973458617777, 36.45188152220492128, 12.94439843765957221 ) ) ;
#5715 = CARTESIAN_POINT ( 'NONE',  ( 4.620412418608503380, 36.41106392061965380, 12.50674842157568278 ) ) ;
#5716 = CARTESIAN_POINT ( 'NONE',  ( 2.456333378295880276, 13.60335584031872536, 13.79059894343029313 ) ) ;
#5717 = CARTESIAN_POINT ( 'NONE',  ( 1.544536249628573721, 19.74386836883121887, 13.39292899312930274 ) ) ;
#5718 = CARTESIAN_POINT ( 'NONE',  ( 12.80091870326314130, 36.79067776875139373, 4.445224425926149081 ) ) ;
#5719 = DIRECTION ( 'NONE',  ( 0.000000000000000000, -1.000000000000000000, 0.000000000000000000 ) ) ;
#5720 = ADVANCED_FACE ( 'NONE', ( #5911 ), #5355, .F. ) ;
#5721 = B_SPLINE_CURVE_WITH_KNOTS ( 'NONE', 3,
 ( #1763, #1885, #4088, #3516, #6325, #733, #767, #7001, #3438, #4737, #5882, #1210, #1848, #4160, #138, #5726, #2954, #6401, #2358, #3477 ),
 .UNSPECIFIED., .F., .F.,
 ( 4, 2, 2, 2, 2, 2, 2, 2, 2, 4 ),
 ( 0.000000000000000000, 0.0009883955495879838318, 0.001976791099175967664, 0.002965186648763951712, 0.003953582198351935327, 0.004941977747939919376, 0.005930373297527903424, 0.006424571072321890244, 0.006918768847115878799, 0.007907164396703848103 ),
 .UNSPECIFIED. ) ;
#5722 = CARTESIAN_POINT ( 'NONE',  ( -13.27809444952739071, 38.98221318502967847, 2.217311639160519654 ) ) ;
#5723 = DIRECTION ( 'NONE',  ( 0.000000000000000000, 0.000000000000000000, -1.000000000000000000 ) ) ;
#5724 = CARTESIAN_POINT ( 'NONE',  ( 13.19669736045796427, 20.66323652546564205, -3.206338929394876303 ) ) ;
#5725 = CARTESIAN_POINT ( 'NONE',  ( 4.345338910893557838, 20.93622254460033005, -13.30871208603376310 ) ) ;
#5726 = CARTESIAN_POINT ( 'NONE',  ( 1.305804782393036989, 39.32929539192428336, -12.08067167775899442 ) ) ;
#5727 = CARTESIAN_POINT ( 'NONE',  ( 12.98854459647838588, 37.61494495540260630, -3.911985044556019364 ) ) ;
#5728 = CARTESIAN_POINT ( 'NONE',  ( 11.76202829436459574, 38.46887020475920593, 3.058587543082545768 ) ) ;
#5729 = CARTESIAN_POINT ( 'NONE',  ( 14.00016011019786788, 19.29011254517881113, 0.3492084420018671809 ) ) ;
#5730 = ORIENTED_EDGE ( 'NONE', *, *, #419, .F. ) ;
#5731 = AXIS2_PLACEMENT_3D ( 'NONE', #1670, #3385, #4597 ) ;
#5732 = CARTESIAN_POINT ( 'NONE',  ( 3.457289114054063806, 38.11214033324068851, -12.95327285092393055 ) ) ;
#5733 = CARTESIAN_POINT ( 'NONE',  ( 2.921370146246545563, 38.55798749863672015, -13.11200982208078436 ) ) ;
#5734 = CARTESIAN_POINT ( 'NONE',  ( -12.63324383981812105, 24.50000000000000711, -5.469135409673422821 ) ) ;
#5735 = CARTESIAN_POINT ( 'NONE',  ( 13.03790755206680529, 21.20059403846553181, -3.757719627741897828 ) ) ;
#5736 = CARTESIAN_POINT ( 'NONE',  ( -13.38289089555153488, 19.76726197324116541, -1.614915759334816014 ) ) ;
#5737 = LINE ( 'NONE', #6933, #5351 ) ;
#5738 = ORIENTED_EDGE ( 'NONE', *, *, #4382, .T. ) ;
#5739 = CARTESIAN_POINT ( 'NONE',  ( 13.01205890514498797, 21.29639113085729107, 3.839017634474247931 ) ) ;
#5740 = AXIS2_PLACEMENT_3D ( 'NONE', #2852, #2698, #3867 ) ;
#5741 = FACE_OUTER_BOUND ( 'NONE', #905, .T. ) ;
#5742 = CARTESIAN_POINT ( 'NONE',  ( 4.162132685210012895, 21.72930166316899658, -12.69995325007135634 ) ) ;
#5743 = CARTESIAN_POINT ( 'NONE',  ( -13.36695009634699005, 20.73905667800703867, 4.162794158420974000 ) ) ;
#5744 = CARTESIAN_POINT ( 'NONE',  ( 12.98134409984495719, 35.57447187177390191, -5.242594326256105219 ) ) ;
#5745 = CARTESIAN_POINT ( 'NONE',  ( -13.48098204071396999, 39.45742378020096197, 0.6563298320562569454 ) ) ;
#5746 = CARTESIAN_POINT ( 'NONE',  ( -12.08011455369343956, 39.32790253944547487, -1.310924609962244913 ) ) ;
#5747 = CARTESIAN_POINT ( 'NONE',  ( 3.217941368346759923, 39.04129081328979112, -13.62521335860815164 ) ) ;
#5748 = CARTESIAN_POINT ( 'NONE',  ( -13.03938560544410841, 20.64031409042823739, -3.178498908786149268 ) ) ;
#5749 = CARTESIAN_POINT ( 'NONE',  ( -5.571607621624100837, 23.31963836676733948, 12.84358237230044786 ) ) ;
#5750 = CARTESIAN_POINT ( 'NONE',  ( 13.00927288815645610, 23.14327543516748165, -5.172908357373838584 ) ) ;
#5751 = CARTESIAN_POINT ( 'NONE',  ( -5.555136768237761480, 23.23983429723861960, -12.85076168068408187 ) ) ;
#5752 = CARTESIAN_POINT ( 'NONE',  ( 4.518919828210133716, 37.85705582794466295, 13.25076436672376445 ) ) ;
#5753 = CARTESIAN_POINT ( 'NONE',  ( 4.437617773997853732, 36.80398026187763350, 12.58659725602580615 ) ) ;
#5754 = CARTESIAN_POINT ( 'NONE',  ( -12.85066058296384561, 23.24081215541973222, 5.555370177108365226 ) ) ;
#5755 = CARTESIAN_POINT ( 'NONE',  ( -2.291739839437325177, 20.05532726409753508, 13.26280562133526963 ) ) ;
#5756 = CARTESIAN_POINT ( 'NONE',  ( -5.649057520633438578, 11.45635469411968366, -10.76339516864089241 ) ) ;
#5757 = CARTESIAN_POINT ( 'NONE',  ( 1.142580959466387602, 39.37047554443931574, 13.44254448012601166 ) ) ;
#5758 = VERTEX_POINT ( 'NONE', #4769 ) ;
#5759 = CARTESIAN_POINT ( 'NONE',  ( -12.60282627245385711, 36.87607233113129723, -4.399362820465306356 ) ) ;
#5760 = DIRECTION ( 'NONE',  ( 8.659560562354937789E-17, 0.7071067811865470176, -0.7071067811865479058 ) ) ;
#5761 = EDGE_CURVE ( 'NONE', #3529, #2176, #1079, .T. ) ;
#5762 = CARTESIAN_POINT ( 'NONE',  ( 13.61285521774292384, 19.50019802976976990, -0.1697604854624853443 ) ) ;
#5763 = CARTESIAN_POINT ( 'NONE',  ( -5.000000000000012434, 24.33483624815477597, -12.32882838140000459 ) ) ;
#5764 = CARTESIAN_POINT ( 'NONE',  ( -4.991646442905444125, 24.16742127044032173, -12.33293925967237747 ) ) ;
#5765 = DIRECTION ( 'NONE',  ( -0.7071067811865499042, 0.7071067811865452413, -8.528466865386058459E-17 ) ) ;
#5766 = CARTESIAN_POINT ( 'NONE',  ( 13.43439551531576015, 39.03341387812005081, -2.109463600535166350 ) ) ;
#5767 = CARTESIAN_POINT ( 'NONE',  ( 13.00063063525712792, 37.66047779631011849, -3.874455994375483936 ) ) ;
#5768 = CARTESIAN_POINT ( 'NONE',  ( 11.29413115610763896, 36.72590272807222078, -4.480177063389376713 ) ) ;
#5769 = CARTESIAN_POINT ( 'NONE',  ( 13.99651059444665613, 19.29936950441117460, -0.3584376346551761405 ) ) ;
#5770 = ORIENTED_EDGE ( 'NONE', *, *, #6846, .T. ) ;
#5771 = CARTESIAN_POINT ( 'NONE',  ( 8.000000000000005329, 4.000000000000000000, 12.68857754044950248 ) ) ;
#5772 = CARTESIAN_POINT ( 'NONE',  ( -1.536983677115873359, 39.25861420049429995, -13.39399708042341253 ) ) ;
#5773 = CARTESIAN_POINT ( 'NONE',  ( -4.333438301735691667, 21.98459148988695588, -11.35257923774803857 ) ) ;
#5774 = CARTESIAN_POINT ( 'NONE',  ( 12.57669683062198196, 24.50000000000000000, -5.000000000000000000 ) ) ;
#5775 = CARTESIAN_POINT ( 'NONE',  ( -13.50004493787834292, 19.49990022742927565, -0.07629025158930580197 ) ) ;
#5776 = CARTESIAN_POINT ( 'NONE',  ( -5.703703114510180860, 45.00000000000000000, 12.78545152826159992 ) ) ;
#5777 = EDGE_LOOP ( 'NONE', ( #373, #2516, #2857, #5619 ) ) ;
#5778 = CARTESIAN_POINT ( 'NONE',  ( 13.00283960883369794, 21.33116171799956717, 3.867621115860501391 ) ) ;
#5779 = CARTESIAN_POINT ( 'NONE',  ( 4.399362820460230417, 22.12392766885924189, 12.60282627245594078 ) ) ;
#5780 = CARTESIAN_POINT ( 'NONE',  ( 4.154873143105239031, 21.71843459011587996, -12.70282834712851461 ) ) ;
#5781 = ORIENTED_EDGE ( 'NONE', *, *, #3845, .T. ) ;
#5782 = CARTESIAN_POINT ( 'NONE',  ( -13.03422064877896780, 22.05483704602120554, 5.109885510233871386 ) ) ;
#5783 = CARTESIAN_POINT ( 'NONE',  ( 12.94917905270171765, 35.10495992540209897, -5.321540906778364111 ) ) ;
#5784 = CARTESIAN_POINT ( 'NONE',  ( -13.13859881270516539, 38.62844655221268653, -2.820922919498015435 ) ) ;
#5785 = CARTESIAN_POINT ( 'NONE',  ( -11.76202829436459574, 38.46887020475920593, -3.058587543082547544 ) ) ;
#5786 = CARTESIAN_POINT ( 'NONE',  ( 2.783879528940830017, 39.30121427881000784, -13.72067480238319170 ) ) ;
#5787 = CARTESIAN_POINT ( 'NONE',  ( -13.23929517711846593, 20.11378602183765807, -2.400313730708391269 ) ) ;
#5788 = CARTESIAN_POINT ( 'NONE',  ( -3.021468446641565997, 19.83170853820598367, 13.67097601622316283 ) ) ;
#5789 = FACE_OUTER_BOUND ( 'NONE', #3407, .T. ) ;
#5790 = CARTESIAN_POINT ( 'NONE',  ( -4.943445239661056867, 21.73324897353796814, -13.10002609451648858 ) ) ;
#5791 = CARTESIAN_POINT ( 'NONE',  ( -1.493758939610307257, 39.80822839524544321, 13.92015731840523607 ) ) ;
#5792 = CARTESIAN_POINT ( 'NONE',  ( 4.791252955425670201, 35.92980113622525096, 12.42872420025840974 ) ) ;
#5793 = CARTESIAN_POINT ( 'NONE',  ( 6.496594062726485319, 10.27866157259092716, 12.40503512793323004 ) ) ;
#5794 = CARTESIAN_POINT ( 'NONE',  ( 13.06358444905249705, 37.89119210045122799, 3.674223471218068138 ) ) ;
#5795 = CARTESIAN_POINT ( 'NONE',  ( -7.100141724915969732, 8.964865784550298144, -9.862226049016838303 ) ) ;
#5796 = CARTESIAN_POINT ( 'NONE',  ( 3.961391167708262273, 37.55186919937060708, 12.77752299314135520 ) ) ;
#5797 = ORIENTED_EDGE ( 'NONE', *, *, #3374, .T. ) ;
#5798 = EDGE_CURVE ( 'NONE', #6036, #2783, #5272, .T. ) ;
#5799 = CARTESIAN_POINT ( 'NONE',  ( -13.08770708897103319, 38.49265517010606885, -3.010043406731043092 ) ) ;
#5800 = CARTESIAN_POINT ( 'NONE',  ( -1.308928752933002482, 19.14374768746359123, 13.93989014713553942 ) ) ;
#5801 = CARTESIAN_POINT ( 'NONE',  ( 13.30792843374981516, 20.32433243104926035, -2.750318211703111082 ) ) ;
#5802 = CARTESIAN_POINT ( 'NONE',  ( -4.738585594592549022, 22.87174675382999212, 11.18868245310070009 ) ) ;
#5803 = CARTESIAN_POINT ( 'NONE',  ( 4.161640446266047455, 20.73787256285864800, -13.36730899654235394 ) ) ;
#5804 = DIRECTION ( 'NONE',  ( -1.206107350727848108E-16, 0.000000000000000000, 1.000000000000000000 ) ) ;
#5805 = CARTESIAN_POINT ( 'NONE',  ( 12.68901351627346763, 36.12423346042351113, -4.731651128555887986 ) ) ;
#5806 = CARTESIAN_POINT ( 'NONE',  ( 12.80352952456336268, 36.80302827065388982, -4.438112034032132058 ) ) ;
#5807 = FACE_OUTER_BOUND ( 'NONE', #6454, .T. ) ;
#5808 = CARTESIAN_POINT ( 'NONE',  ( 5.138999382257333437, 11.96792175607297892, -13.02398512772919226 ) ) ;
#5809 = ORIENTED_EDGE ( 'NONE', *, *, #5094, .T. ) ;
#5810 = EDGE_CURVE ( 'NONE', #4968, #2506, #4158, .T. ) ;
#5811 = CARTESIAN_POINT ( 'NONE',  ( 4.757645877660729106, 36.03832604908179604, -12.44434331413451389 ) ) ;
#5812 = CARTESIAN_POINT ( 'NONE',  ( 0.3355060095337425441, 39.48940892125604307, -13.49525739537452829 ) ) ;
#5813 = LINE ( 'NONE', #1291, #492 ) ;
#5814 = CARTESIAN_POINT ( 'NONE',  ( 13.26061233224915092, 20.46533195086015056, -2.953491610624594976 ) ) ;
#5815 = CARTESIAN_POINT ( 'NONE',  ( -13.19245092321894575, 37.63631391337808907, -4.686389991307185809 ) ) ;
#5816 = CARTESIAN_POINT ( 'NONE',  ( -13.26215498409433557, 20.05694407033307414, -2.294748772665787140 ) ) ;
#5817 = LINE ( 'NONE', #2967, #2580 ) ;
#5818 = ORIENTED_EDGE ( 'NONE', *, *, #5280, .F. ) ;
#5819 = CARTESIAN_POINT ( 'NONE',  ( 13.00063063525277407, 21.33952220370707309, 3.874455994389510938 ) ) ;
#5820 = EDGE_CURVE ( 'NONE', #6180, #6819, #5375, .T. ) ;
#5821 = CARTESIAN_POINT ( 'NONE',  ( -4.422880815304768731, 36.83200285132478768, -12.59286313943417213 ) ) ;
#5822 = B_SPLINE_CURVE_WITH_KNOTS ( 'NONE', 3,
 ( #1640, #3924, #3887, #980, #531, #5497, #3207, #2796, #2680, #3851, #1012, #5100, #1679, #5566, #6166, #4983, #1531, #2644, #6796, #2165, #6202, #1084, #3964, #7359, #4377, #3356, #6648, #2130, #2759, #5644, #3318, #3811, #6724, #2199, #457, #6686, #5603, #4489 ),
 .UNSPECIFIED., .F., .F.,
 ( 4, 2, 2, 2, 2, 2, 2, 2, 2, 2, 2, 2, 2, 2, 2, 2, 2, 2, 4 ),
 ( 0.000000000000000000, 0.03127479542991520867, 0.06254959085983041733, 0.09382438628974562600, 0.1094617840047031887, 0.1250991817196607514, 0.1876487725794878381, 0.2032861702944446236, 0.2189235680094014369, 0.2501983634393141753, 0.2814731588692269137, 0.3127479542991395967, 0.3440227497290523351, 0.3752975451589650180, 0.4065723405888777009, 0.4378471360187904393, 0.4691219314487031222, 0.4847593291636595469, 0.5003967268786159162 ),
 .UNSPECIFIED. ) ;
#5823 = VECTOR ( 'NONE', #2888, 1000.000000000000000 ) ;
#5824 = ORIENTED_EDGE ( 'NONE', *, *, #3194, .T. ) ;
#5825 = CARTESIAN_POINT ( 'NONE',  ( -12.80626813905144168, 23.77348849576137368, 5.656846734249192821 ) ) ;
#5826 = CARTESIAN_POINT ( 'NONE',  ( 13.89309889220411875, 39.43154949113198882, -1.728809356861240820 ) ) ;
#5827 = DIRECTION ( 'NONE',  ( 1.000000000000000000, -0.000000000000000000, -0.000000000000000000 ) ) ;
#5828 = CARTESIAN_POINT ( 'NONE',  ( -13.44955914316250123, 19.61362644893761953, -1.060665051144042303 ) ) ;
#5829 = CARTESIAN_POINT ( 'NONE',  ( 3.649203048306363772, 21.08096031962739048, 12.88955923427048944 ) ) ;
#5830 = CARTESIAN_POINT ( 'NONE',  ( 12.99187787863134247, 23.30911593488707112, -5.216478348648323937 ) ) ;
#5831 = CARTESIAN_POINT ( 'NONE',  ( 5.571751601779612706, 35.67974387034234951, 12.84351997478798957 ) ) ;
#5832 = CARTESIAN_POINT ( 'NONE',  ( -2.029858609477929399, 39.64302891737841605, 13.85314853604837637 ) ) ;
#5833 = CARTESIAN_POINT ( 'NONE',  ( 4.110833565393028799, 37.34709907491050984, 12.72023457258529433 ) ) ;
#5834 = CARTESIAN_POINT ( 'NONE',  ( 7.239122995611889877, 8.476553308888982841, 11.98342097415711471 ) ) ;
#5835 = CARTESIAN_POINT ( 'NONE',  ( 3.386422033042875590, 20.82124216237700765, 12.97592763963589668 ) ) ;
#5836 = CARTESIAN_POINT ( 'NONE',  ( 12.95874204419908438, 37.49782415876886432, 4.001642435494630945 ) ) ;
#5837 = DIRECTION ( 'NONE',  ( 0.000000000000000000, 0.000000000000000000, -1.000000000000000000 ) ) ;
#5838 = CARTESIAN_POINT ( 'NONE',  ( 4.803068752773842931, 35.89183404452903403, 12.42323527582724374 ) ) ;
#5839 = ORIENTED_EDGE ( 'NONE', *, *, #1693, .T. ) ;
#5840 = CARTESIAN_POINT ( 'NONE',  ( -13.04939739920820685, 38.38755604953667699, -3.144364604796212603 ) ) ;
#5841 = CARTESIAN_POINT ( 'NONE',  ( -1.489947715080819357, 19.18789269202216019, 13.92166268927797113 ) ) ;
#5842 = CARTESIAN_POINT ( 'NONE',  ( 13.46677423459099998, 19.87896050895962219, -1.909548892900085448 ) ) ;
#5843 = DIRECTION ( 'NONE',  ( 1.206107350727848108E-16, -0.000000000000000000, -1.000000000000000000 ) ) ;
#5844 = CARTESIAN_POINT ( 'NONE',  ( 5.333661501374575842, 22.54303724171792211, -12.94442013425847726 ) ) ;
#5845 = DIRECTION ( 'NONE',  ( -0.8388703903806783435, 0.000000000000000000, 0.5443312118026746305 ) ) ;
#5846 = CARTESIAN_POINT ( 'NONE',  ( -5.000000000000010658, 24.50000000000000000, 12.32882846293108159 ) ) ;
#5847 = CARTESIAN_POINT ( 'NONE',  ( 12.86709655684949638, 37.10913521786621061, -4.265452219874527273 ) ) ;
#5848 = CARTESIAN_POINT ( 'NONE',  ( 11.18885767316186985, 36.12949136572009934, -4.738177733636971034 ) ) ;
#5849 = VECTOR ( 'NONE', #2567, 1000.000000000000114 ) ;
#5850 = DIRECTION ( 'NONE',  ( 0.000000000000000000, 0.000000000000000000, -1.000000000000000000 ) ) ;
#5851 = ORIENTED_EDGE ( 'NONE', *, *, #7137, .T. ) ;
#5852 = DIRECTION ( 'NONE',  ( 0.000000000000000000, -0.7071067811865524577, -0.7071067811865426878 ) ) ;
#5853 = VECTOR ( 'NONE', #4486, 1000.000000000000000 ) ;
#5854 = CARTESIAN_POINT ( 'NONE',  ( 0.5808991521648577683, 39.46682019747778725, -13.48516943281773628 ) ) ;
#5855 = CARTESIAN_POINT ( 'NONE',  ( -1.010266865804378078, 13.94842469013720532, 12.11797238002951893 ) ) ;
#5856 = CARTESIAN_POINT ( 'NONE',  ( -12.33698375886569742, 24.08399059500366235, -4.983355963618929962 ) ) ;
#5857 = CARTESIAN_POINT ( 'NONE',  ( 10.14772727272725916, 4.000000000000000000, -21.19607584432427316 ) ) ;
#5858 = EDGE_CURVE ( 'NONE', #1456, #3731, #3483, .T. ) ;
#5859 = ORIENTED_EDGE ( 'NONE', *, *, #5366, .T. ) ;
#5860 = CARTESIAN_POINT ( 'NONE',  ( -3.755123247343995274, 37.80149780032109419, -12.85256368296449025 ) ) ;
#5861 = CARTESIAN_POINT ( 'NONE',  ( 1.728604064117068795, 19.80705446703968420, -13.36589894169656567 ) ) ;
#5862 = ADVANCED_FACE ( 'NONE', ( #1279 ), #6806, .T. ) ;
#5863 = EDGE_LOOP ( 'NONE', ( #5289, #4714, #6007, #1609 ) ) ;
#5864 = CARTESIAN_POINT ( 'NONE',  ( -13.99895140326643883, 19.00248125645653019, 0.1953067770656458368 ) ) ;
#5865 = CARTESIAN_POINT ( 'NONE',  ( 13.59766368039761453, 38.57936434629257860, -3.332385116305037531 ) ) ;
#5866 = CARTESIAN_POINT ( 'NONE',  ( -13.36697259374194857, 38.26239033844651516, -4.164430037384999395 ) ) ;
#5867 = CARTESIAN_POINT ( 'NONE',  ( -12.73191184167147583, 21.61040424137723193, 4.080777180794122216 ) ) ;
#5868 = VECTOR ( 'NONE', #4864, 1000.000000000000000 ) ;
#5869 = CARTESIAN_POINT ( 'NONE',  ( 4.325913785942428369, 21.99140537564661813, 12.63364745731744243 ) ) ;
#5870 = CARTESIAN_POINT ( 'NONE',  ( 1.489947715146990648, 39.81210730797376840, 13.92166268926991890 ) ) ;
#5871 = CARTESIAN_POINT ( 'NONE',  ( 3.327365498151755308, 38.96803034358541140, 13.59906280377225229 ) ) ;
#5872 = CARTESIAN_POINT ( 'NONE',  ( 2.837454672694377233, 38.61697405506873082, 13.13425294055540071 ) ) ;
#5873 = CARTESIAN_POINT ( 'NONE',  ( -12.08415513627562632, 19.66184032721413999, -1.303965404649162885 ) ) ;
#5874 = CARTESIAN_POINT ( 'NONE',  ( -2.475284693332586716, 13.59672034649646832, -11.90427975807485517 ) ) ;
#5875 = CARTESIAN_POINT ( 'NONE',  ( 4.302474751766709460, 37.04762454111517656, 12.64325777577634646 ) ) ;
#5876 = ORIENTED_EDGE ( 'NONE', *, *, #6066, .F. ) ;
#5877 = CARTESIAN_POINT ( 'NONE',  ( -13.24978018892974596, 38.91230030853242994, -2.352015372840019047 ) ) ;
#5878 = FACE_OUTER_BOUND ( 'NONE', #2649, .T. ) ;
#5879 = CARTESIAN_POINT ( 'NONE',  ( 13.26090997419478157, 20.46447970351124823, -2.952119665151384353 ) ) ;
#5880 = CARTESIAN_POINT ( 'NONE',  ( 7.500000000000000000, 0.000000000000000000, -59.57475013247809414 ) ) ;
#5881 = CARTESIAN_POINT ( 'NONE',  ( 1.301616152408257010, 19.66960598553523809, -13.42498538109130735 ) ) ;
#5882 = CARTESIAN_POINT ( 'NONE',  ( 3.055663945882495902, 38.47114033577666703, -11.76279582687596736 ) ) ;
#5883 = CARTESIAN_POINT ( 'NONE',  ( -4.820274282125210696, 23.17034484729952837, 12.41515212020748038 ) ) ;
#5884 = CARTESIAN_POINT ( 'NONE',  ( 13.00283960883598944, 37.66883828200943896, -3.867621115853108638 ) ) ;
#5885 = CARTESIAN_POINT ( 'NONE',  ( 12.13641869330564127, 39.46725702586581264, -0.6591452304916380900 ) ) ;
#5886 = CARTESIAN_POINT ( 'NONE',  ( 4.588477908811586126, 12.43753354950745482, -13.22819693198157687 ) ) ;
#5887 = ORIENTED_EDGE ( 'NONE', *, *, #745, .T. ) ;
#5888 = CARTESIAN_POINT ( 'NONE',  ( 4.839440520753995223, 35.76159232718089243, -12.40615633512397942 ) ) ;
#5889 = CARTESIAN_POINT ( 'NONE',  ( -4.908900487238258670, 35.45101259342914801, -12.37305018407111845 ) ) ;
#5890 = B_SPLINE_CURVE_WITH_KNOTS ( 'NONE', 3,
 ( #3799, #6083, #966, #3840, #7201, #5521, #2081, #414, #482, #4443, #2668, #3307, #7239, #3269, #4404, #6676, #1557, #2706, #7272, #2155, #3876, #5590, #6381, #1705 ),
 .UNSPECIFIED., .F., .F.,
 ( 4, 2, 2, 2, 2, 2, 2, 2, 2, 2, 2, 4 ),
 ( 1.093628550207444021E-17, 0.001495056113932121365, 0.002990112227864231888, 0.004485168341796342412, 0.005232696398762399191, 0.005980224455728455103, 0.006727752512694511883, 0.007475280569660568662, 0.008970336683592677884, 0.009717864740558733797, 0.01046539279752478797, 0.01196044891145689806 ),
 .UNSPECIFIED. ) ;
#5891 = CARTESIAN_POINT ( 'NONE',  ( 0.000000000000000000, 44.74999999999998579, 0.000000000000000000 ) ) ;
#5892 = CARTESIAN_POINT ( 'NONE',  ( 12.67846361731224114, 22.96080765317687167, -4.757373122503146590 ) ) ;
#5893 = LINE ( 'NONE', #3715, #5698 ) ;
#5894 = ORIENTED_EDGE ( 'NONE', *, *, #1334, .T. ) ;
#5895 = CARTESIAN_POINT ( 'NONE',  ( -4.174120316702561340, 37.25260555559674458, -12.69519241597691916 ) ) ;
#5896 = CARTESIAN_POINT ( 'NONE',  ( -13.96209530386597741, 19.09031197219368536, 1.033665515213559205 ) ) ;
#5897 = CARTESIAN_POINT ( 'NONE',  ( 12.93854013963863814, 37.41702199325045797, 4.061733480695266962 ) ) ;
#5898 = CARTESIAN_POINT ( 'NONE',  ( -12.86119116926246519, 21.17073950762786083, 3.730638598965937192 ) ) ;
#5899 = CARTESIAN_POINT ( 'NONE',  ( -0.9354849385072163681, 19.07145204712416131, -13.96993411524756645 ) ) ;
#5900 = CARTESIAN_POINT ( 'NONE',  ( 3.763014771086058641, 38.63341431954282967, 13.48484535929836703 ) ) ;
#5901 = CARTESIAN_POINT ( 'NONE',  ( 1.498366509558003212, 39.27039123500752993, 13.39908123066200574 ) ) ;
#5902 = CARTESIAN_POINT ( 'NONE',  ( -13.59827201982315970, 20.03350681750221440, 3.333480074990586406 ) ) ;
#5903 = CARTESIAN_POINT ( 'NONE',  ( 12.59506699492918358, 35.15762259874642126, 4.957243850376252148 ) ) ;
#5904 = CARTESIAN_POINT ( 'NONE',  ( -3.306476364111785582, 38.26446233127950336, 11.69386733243312726 ) ) ;
#5905 = CARTESIAN_POINT ( 'NONE',  ( 4.966786507533381467, 35.08131942932609348, 12.34506618187402438 ) ) ;
#5906 = ORIENTED_EDGE ( 'NONE', *, *, #4947, .F. ) ;
#5907 = ADVANCED_FACE ( 'NONE', ( #174 ), #5252, .F. ) ;
#5908 = CARTESIAN_POINT ( 'NONE',  ( -12.68425347629706934, 37.21150148956125747, -4.201821230819924757 ) ) ;
#5909 = DIRECTION ( 'NONE',  ( -0.3053415646032797137, -0.7071067811865502373, 0.6377825091091925414 ) ) ;
#5910 = CARTESIAN_POINT ( 'NONE',  ( 12.91417516161655321, 21.68490739939182887, -4.132232997017005971 ) ) ;
#5911 = FACE_OUTER_BOUND ( 'NONE', #4329, .T. ) ;
#5912 = CARTESIAN_POINT ( 'NONE',  ( -3.913533140117267717, 21.38698967354282843, -12.79537119470481699 ) ) ;
#5913 = FACE_OUTER_BOUND ( 'NONE', #2849, .T. ) ;
#5914 = CARTESIAN_POINT ( 'NONE',  ( 12.60613227855022878, 35.32735929232021732, -4.931248163703846110 ) ) ;
#5915 = CARTESIAN_POINT ( 'NONE',  ( 13.19182673274491968, 38.32127242292012426, -3.224676896086748457 ) ) ;
#5916 = CARTESIAN_POINT ( 'NONE',  ( -3.529542010681502529, 38.04153000213717206, 12.92966737449845027 ) ) ;
#5917 = CARTESIAN_POINT ( 'NONE',  ( 3.970321905910380256, 21.44355299965167561, -11.48460241225031808 ) ) ;
#5918 = ORIENTED_EDGE ( 'NONE', *, *, #3368, .T. ) ;
#5919 = CARTESIAN_POINT ( 'NONE',  ( 2.993005169205806252E-08, 39.99999951798087494, -13.99999999864344424 ) ) ;
#5920 = CARTESIAN_POINT ( 'NONE',  ( -3.809226062134155377, 37.73979796791297758, -12.83340115196990716 ) ) ;
#5921 = CARTESIAN_POINT ( 'NONE',  ( -5.508939228551284373, 35.93639846905600876, 12.87070849512849158 ) ) ;
#5922 = CARTESIAN_POINT ( 'NONE',  ( 13.29212853965149321, 20.37091121291943807, -2.819983176043900475 ) ) ;
#5923 = CARTESIAN_POINT ( 'NONE',  ( -13.99232828075661139, 39.98181724076219723, 0.4658398471838548494 ) ) ;
#5924 = CARTESIAN_POINT ( 'NONE',  ( 0.000000000000000000, 45.00000000000000000, 0.000000000000000000 ) ) ;
#5925 = ORIENTED_EDGE ( 'NONE', *, *, #5672, .F. ) ;
#5926 = CARTESIAN_POINT ( 'NONE',  ( -4.803029970456018205, 35.88972633094694942, -12.42322373167953842 ) ) ;
#5927 = ORIENTED_EDGE ( 'NONE', *, *, #6575, .T. ) ;
#5928 = CARTESIAN_POINT ( 'NONE',  ( -13.44577723533385871, 20.48636456651876614, -3.900789682977984896 ) ) ;
#5929 = CARTESIAN_POINT ( 'NONE',  ( 13.02119749812304050, 37.73810148510153084, 3.810682130643721521 ) ) ;
#5930 = CARTESIAN_POINT ( 'NONE',  ( -13.99602391814794800, 39.99060832177772085, -0.3825061809439817551 ) ) ;
#5931 = AXIS2_PLACEMENT_3D ( 'NONE', #4986, #2239, #1088 ) ;
#5932 = CARTESIAN_POINT ( 'NONE',  ( -12.61413117267126793, 22.07478518772281362, 4.372525284341010732 ) ) ;
#5933 = EDGE_CURVE ( 'NONE', #618, #2918, #3554, .T. ) ;
#5934 = CARTESIAN_POINT ( 'NONE',  ( -0.7498307554760078597, 19.04472402825534161, -13.98115908821662323 ) ) ;
#5935 = CARTESIAN_POINT ( 'NONE',  ( -4.645523755975112579, 36.35088777233253410, 12.49554036372534682 ) ) ;
#5936 = CARTESIAN_POINT ( 'NONE',  ( 1.612621738545935379, 39.23298042326714352, 13.38301547416802784 ) ) ;
#5937 = ADVANCED_FACE ( 'NONE', ( #2992 ), #5292, .F. ) ;
#5938 =( NAMED_UNIT ( * ) PLANE_ANGLE_UNIT ( ) SI_UNIT ( $, .RADIAN. ) );
#5939 = CARTESIAN_POINT ( 'NONE',  ( 12.93429922887929528, 45.00000000000000000, -5.357602398257302667 ) ) ;
#5940 = CARTESIAN_POINT ( 'NONE',  ( 4.289024605226429365, 20.87010361168368888, -13.32739205801747140 ) ) ;
#5941 = VECTOR ( 'NONE', #4353, 1000.000000000000114 ) ;
#5942 = ORIENTED_EDGE ( 'NONE', *, *, #5858, .T. ) ;
#5943 = CARTESIAN_POINT ( 'NONE',  ( -12.36839355455031253, 35.40230361642216650, -4.918612659162118206 ) ) ;
#5944 = CARTESIAN_POINT ( 'NONE',  ( -12.78545152826161946, 34.49999999999998579, 5.703703114510136452 ) ) ;
#5945 = AXIS2_PLACEMENT_3D ( 'NONE', #913, #402, #6589 ) ;
#5946 = CARTESIAN_POINT ( 'NONE',  ( 12.87370783241214767, 21.86033588143859063, -4.247206598020386359 ) ) ;
#5947 = CARTESIAN_POINT ( 'NONE',  ( -18.50000000000000000, 0.000000000000000000, 0.000000000000000000 ) ) ;
#5948 = CARTESIAN_POINT ( 'NONE',  ( 0.4083661419883272692, 19.51652934860374344, -13.49260249347823226 ) ) ;
#5949 = DIRECTION ( 'NONE',  ( 0.7071067811865492381, 0.000000000000000000, -0.7071067811865457964 ) ) ;
#5950 = ADVANCED_FACE ( 'NONE', ( #389 ), #5425, .F. ) ;
#5951 = CARTESIAN_POINT ( 'NONE',  ( 12.78137704692133880, 36.68691250449280261, -4.496562282723016502 ) ) ;
#5952 = CARTESIAN_POINT ( 'NONE',  ( 13.40240189099600521, 38.94545226662716431, -2.290231805406364618 ) ) ;
#5953 = CARTESIAN_POINT ( 'NONE',  ( -3.251515687127453980, 38.29875350848564608, 13.01766348042293053 ) ) ;
#5954 = DIRECTION ( 'NONE',  ( -0.000000000000000000, -1.000000000000000000, -0.000000000000000000 ) ) ;
#5955 = ORIENTED_EDGE ( 'NONE', *, *, #419, .T. ) ;
#5956 = CARTESIAN_POINT ( 'NONE',  ( -12.39757199998641823, 35.68982059022270192, 4.857592969295862595 ) ) ;
#5957 = CARTESIAN_POINT ( 'NONE',  ( 13.61469021174394456, 38.63650904667081676, 3.275429913529624315 ) ) ;
#5958 = DIRECTION ( 'NONE',  ( -2.312964634635767510E-15, 0.000000000000000000, -1.000000000000000000 ) ) ;
#5959 = CARTESIAN_POINT ( 'NONE',  ( 13.31523040184448092, 20.30290868150389016, -2.717736405179261183 ) ) ;
#5960 = DIRECTION ( 'NONE',  ( 0.000000000000000000, 1.000000000000000000, 0.000000000000000000 ) ) ;
#5961 = ORIENTED_EDGE ( 'NONE', *, *, #4496, .F. ) ;
#5962 = VECTOR ( 'NONE', #2642, 1000.000000000000000 ) ;
#5963 = CARTESIAN_POINT ( 'NONE',  ( -4.550670471841190334, 36.57316618841657885, -12.53772155985312331 ) ) ;
#5964 = CARTESIAN_POINT ( 'NONE',  ( 2.792180702852482987, 20.35224868123586006, -13.14597342985594963 ) ) ;
#5965 = CARTESIAN_POINT ( 'NONE',  ( 13.75415739477019450, 19.95148513776213761, -2.613279471747850469 ) ) ;
#5966 = ORIENTED_EDGE ( 'NONE', *, *, #341, .F. ) ;
#5967 = CARTESIAN_POINT ( 'NONE',  ( -13.90487342823278638, 19.22914890673868982, 1.629900805558012422 ) ) ;
#5968 = CARTESIAN_POINT ( 'NONE',  ( 13.54875493210798609, 39.33676161750722144, 1.267856865701065816 ) ) ;
#5969 = CARTESIAN_POINT ( 'NONE',  ( -13.76882338338731770, 39.42819163016674366, -2.539130102179665727 ) ) ;
#5970 = CARTESIAN_POINT ( 'NONE',  ( -12.95327285091669900, 20.88785966677913208, 3.457289114074762360 ) ) ;
#5971 = VECTOR ( 'NONE', #3557, 1000.000000000000000 ) ;
#5972 = DIRECTION ( 'NONE',  ( 0.000000000000000000, 0.000000000000000000, -1.000000000000000000 ) ) ;
#5973 = CARTESIAN_POINT ( 'NONE',  ( 5.333661501374566960, 36.45696275828210275, 12.94442013425847726 ) ) ;
#5974 = CARTESIAN_POINT ( 'NONE',  ( 3.468797687914114469, 38.10226402880898888, 12.94980138871273034 ) ) ;
#5975 = CARTESIAN_POINT ( 'NONE',  ( -11.07350441368946292, 24.16572324112687298, 5.000000000000000888 ) ) ;
#5976 = CARTESIAN_POINT ( 'NONE',  ( 11.94796084268723391, 20.01168032220618542, 2.228010771830649439 ) ) ;
#5977 = VECTOR ( 'NONE', #1611, 1000.000000000000000 ) ;
#5978 = CARTESIAN_POINT ( 'NONE',  ( 12.60604082444112350, 23.67395143464811369, 4.931469240431024303 ) ) ;
#5979 = AXIS2_PLACEMENT_3D ( 'NONE', #3563, #7045, #7081 ) ;
#5980 = B_SPLINE_SURFACE_WITH_KNOTS ( 'NONE', 1, 3, ( 
 ( #2990, #5291, #6720, #4449, #3241, #7318, #5060, #6609, #6162, #7174, #1600, #6127, #5457, #5018, #351, #1041, #2602, #3919, #7246, #2056, #2126, #4946, #487, #2712, #5528, #3807, #7279, #4910, #6644, #897, #3883, #2195, #3203, #4412, #1008, #3314, #7208, #2089, #453, #6682, #1527, #2755, #5493, #1564, #5599, #421, #387, #3847, #4485, #6051, #4979, #3770, #2161, #4338, #6754, #3275, #936, #1489, #2640, #976, #1636, #3168, #5562, #4373, #6091, #2675, #1748, #2304, #5640, #5095, #1711, #6308, #5201, #4030, #2342, #4642, #6905, #6864, #1674, #3501, #1080, #1834, #5788, #5673, #6831, #4567, #676, #4683, #1153, #2939, #3388, #4601, #1791, #3425, #561, #1192, #4071, #3959, #2865, #6235, #84, #7354, #5240, #5164, #1116, #2792, #2829, #6271, #122, #3352, #3461, #6350, #5130, #1233, #5749, #635, #527, #2229, #3994, #2898, #2384, #6948, #6198, #4525, #6791, #11 ),
 ( #2268, #5711, #602, #45, #6071, #2660, #6555, #2584, #3579, #6387, #4891, #2073, #957, #7193, #3015, #4283, #4111, #7230, #5869, #756, #5313, #6987, #4720, #2418, #2004, #718, #1869, #5829, #5512, #6034, #7155, #6423, #1474, #371, #1303, #1267, #7126, #161, #334, #4357, #196, #6629, #4966, #2038, #4145, #2453, #4757, #1508, #2621, #4928, #1440, #3223, #406, #3718, #3790, #2979, #3539, #4322, #5281, #916, #6000, #881, #3153, #5442, #6592, #3753, #3187, #5475, #1696, #3945, #6739, #5042, #6220, #3830, #473, #5151, #546, #6256, #4435, #3337, #2215, #4551, #6147, #3298, #1658, #1064, #2736, #5002, #1103, #994, #1137, #6183, #7266, #6112, #2147, #2180, #3980, #4395, #511, #7378, #1026, #5115, #5080, #5623, #1548, #3262, #7301, #4508, #3372, #7340, #5660, #2811, #2255, #2776, #6704, #6817, #6665, #2109, #3411, #1585, #4468, #1622, #5694, #585, #3905, #6775 ) ),
 .UNSPECIFIED., .F., .F., .F.,
 ( 2, 2 ),
 ( 4, 2, 2, 2, 2, 2, 2, 2, 2, 2, 2, 2, 2, 2, 2, 2, 2, 2, 2, 2, 2, 2, 2, 2, 2, 2, 2, 2, 2, 2, 2, 2, 2, 2, 2, 2, 2, 2, 2, 2, 2, 2, 2, 2, 2, 2, 2, 2, 2, 2, 2, 2, 2, 2, 2, 2, 2, 2, 2, 2, 2, 2, 4 ),
 ( 0.000000000000000000, 1.000000000000000000 ),
 ( 0.000000000000000000, 0.0005430559330015048008, 0.001086111866003009602, 0.001357639832503762002, 0.001629167799004514403, 0.001900695765505266803, 0.002172223732006019203, 0.002443751698506771604, 0.002715279665007524004, 0.002986807631508276405, 0.003258335598009028805, 0.003529863564509781206, 0.003801391531010533606, 0.004072919497511286006, 0.004344447464012038407, 0.004887503397013543208, 0.005159031363514295608, 0.005294795346764672242, 0.005430559330015048008, 0.005702087296515800409, 0.005973615263016552809, 0.006516671196018057610, 0.007059727129019562411, 0.007195491112269938178, 0.007331255095520314811, 0.007467019078770691445, 0.007602783062021067212, 0.007874311028521818745, 0.008145838995022572013, 0.008417366961523325281, 0.008688894928024076814, 0.008960422894524828347, 0.009096186877775205848, 0.009231950861025581614, 0.009503478827526334882, 0.009775006794027086415, 0.01031806272702859122, 0.01058959069352934448, 0.01086111866003009602, 0.01113264662653084755, 0.01140417459303160082, 0.01194723052603310562, 0.01221875849253385715, 0.01249028645903461042, 0.01262605044228498619, 0.01276181442553536369, 0.01303334239203611522, 0.01330487035853686675, 0.01357639832503762002, 0.01384792629153837329, 0.01411945425803912482, 0.01439098222453987636, 0.01452674620779025386, 0.01466251019104062962, 0.01520556612404213442, 0.01574862205704363749, 0.01602015002354439249, 0.01629167799004514403, 0.01642744197329552153, 0.01656320595654589556, 0.01683473392304665056, 0.01710626188954740209, 0.01737778985604815363 ),
 .UNSPECIFIED. ) ;
#5981 = CARTESIAN_POINT ( 'NONE',  ( 5.000000000000000888, 24.16545597607326457, 11.07350441368947180 ) ) ;
#5982 = CARTESIAN_POINT ( 'NONE',  ( -12.32882846293112422, 34.49999999999999289, 5.000000000000000888 ) ) ;
#5983 = CARTESIAN_POINT ( 'NONE',  ( 12.99555613897943296, 21.35863643985966576, -3.890214725245789928 ) ) ;
#5984 = CARTESIAN_POINT ( 'NONE',  ( 2.294748772665788028, 20.05694407033306348, -13.26215498409429827 ) ) ;
#5985 = CARTESIAN_POINT ( 'NONE',  ( 9.499999999999994671, 3.499999999999982236, -21.84313483298443970 ) ) ;
#5986 = CARTESIAN_POINT ( 'NONE',  ( -3.717935608583177842, 21.15678560406439956, 12.86562106083054147 ) ) ;
#5987 = CARTESIAN_POINT ( 'NONE',  ( 13.10466399831629758, 38.03417727888534472, -3.536890281355653975 ) ) ;
#5988 = CARTESIAN_POINT ( 'NONE',  ( -1.430002684480631725, 39.29131374491647222, 13.40811255767653876 ) ) ;
#5989 = EDGE_LOOP ( 'NONE', ( #2959, #5925, #6892, #4930, #6207 ) ) ;
#5990 = B_SPLINE_CURVE_WITH_KNOTS ( 'NONE', 3,
 ( #6782, #860, #3693, #385, #312, #2638, #4336, #5978, #519, #6048, #6606, #3132, #2561, #931, #7134, #1455, #3199, #2087, #3805, #6089, #3530, #1824, #6339, #4671, #5156, #2969, #592, #38, #112, #5269, #2370, #2296, #4101, #6893, #3451, #4059, #6935, #4631, #1223, #1143, #2858, #6263, #4593, #627, #709, #6823, #3491, #1260, #6296, #5819, #5778, #6857, #5739, #666, #2927, #153, #2411, #4711, #6978, #4558, #1702, #2890, #3986, #3416, #5701, #5192, #73, #2333, #1777, #3288, #2283, #6175, #2206, #5574, #2137, #986, #5140, #5613, #3972, #2724, #3895, #3401, #2687, #1129, #4578, #5031, #3362, #5685, #3932, #4991, #7331, #2803, #1055, #7291, #6212, #5107, #7369, #577, #1094, #3253, #4499, #2844, #464, #24, #6842, #3819, #6103, #6766, #4425, #6695, #1018, #2244, #3858, #5539, #5071, #2171, #1649, #4541, #501, #434, #7256, #1575, #6138, #4459, #3327, #6730, #1612, #2767, #6998, #5762, #4734, #4693, #1208, #3474, #1845, #1278, #4123, #730, #6961, #173, #2431, #6877, #1882, #5251, #5176, #5842, #4157, #2395, #1167, #6398, #3553, #6361, #2991, #6435, #2951, #1313, #649, #3591, #5801, #135, #2911, #1806, #1723, #5879, #2465, #4768, #764, #4614, #2317, #57, #6916, #5724, #1761, #3436, #3026, #5323, #210, #4042, #4005, #6323, #4085, #6281, #612, #2876, #1244, #5212, #2355, #4653, #3513, #688, #4804, #353, #7175, #3060, #1459, #7071, #6469, #2603, #5354, #4871, #7140, #5458, #2019, #4193, #3735, #1350, #4911, #3625, #2641, #5983, #795, #864, #3661, #6610, #6017, #4264, #2532, #898, #5910, #5390, #7034, #1490, #5946, #1915, #3169, #248, #2497, #2057, #316, #4339, #1948, #3771, #4227, #6501, #6052, #937, #3204, #3135, #1385, #5494, #1984, #5424, #388, #828, #3098, #3697, #2564, #281, #4837, #7105, #6535, #1420, #4299, #3390 ),
 .UNSPECIFIED., .F., .F.,
 ( 4, 2, 2, 1, 2, 2, 1, 1, 2, 2, 2, 1, 2, 2, 2, 1, 1, 2, 2, 2, 1, 1, 2, 2, 1, 1, 2, 2, 1, 1, 1, 2, 2, 2, 1, 1, 2, 2, 2, 1, 2, 2, 2, 1, 1, 2, 2, 2, 1, 1, 2, 2, 1, 1, 2, 2, 1, 2, 2, 1, 2, 2, 2, 1, 2, 2, 2, 1, 2, 2, 1, 2, 2, 1, 2, 2, 2, 2, 2, 2, 2, 2, 1, 2, 2, 1, 1, 2, 2, 2, 1, 2, 2, 2, 1, 2, 2, 1, 2, 2, 1, 1, 2, 2, 1, 1, 1, 2, 2, 2, 1, 1, 1, 2, 2, 2, 1, 2, 2, 2, 1, 2, 2, 2, 1, 1, 2, 2, 1, 1, 2, 2, 1, 1, 2, 2, 2, 1, 1, 2, 2, 2, 1, 2, 2, 2, 2, 2, 1, 2, 2, 2, 2, 4 ),
 ( 0.000000000000000000, 0.01562500000000630745, 0.03125000000001261491, 0.04687500000001892236, 0.05468750000002241263, 0.06250000000002589595, 0.07812500000003221035, 0.08593750000003536060, 0.08984375000003692879, 0.09375000000003851086, 0.1093750000000454498, 0.1171875000000488914, 0.1210937500000503209, 0.1250000000000517641, 0.1406250000000565659, 0.1484375000000586753, 0.1523437500000594802, 0.1542968750000601463, 0.1562500000000608125, 0.1718750000000706657, 0.1796875000000755229, 0.1835937500000781597, 0.1855468750000797418, 0.1875000000000812961, 0.1953125000000882905, 0.1992187500000919820, 0.2011718750000938416, 0.2031250000000956735, 0.2109375000001040557, 0.2148437500001082745, 0.2167968750001106337, 0.2177734375001115774, 0.2187500000001125489, 0.2265625000001182943, 0.2304687500001211808, 0.2324218750001225964, 0.2333984375001235401, 0.2343750000001244560, 0.2382812500001273148, 0.2402343750001287581, 0.2412109375001292577, 0.2421875000001297573, 0.2460937500001313116, 0.2480468750001323108, 0.2490234375001324774, 0.2495117187501326161, 0.2500000000001327827, 0.2578125000001372791, 0.2617187500001395550, 0.2636718750001408873, 0.2646484375001416089, 0.2656250000001422751, 0.2734375000001473266, 0.2773437500001497136, 0.2792968750001508793, 0.2812500000001520450, 0.2890625000001562084, 0.2929687500001580402, 0.2968750000001599276, 0.3046875000001636469, 0.3085937500001652567, 0.3125000000001669220, 0.3281250000001726397, 0.3359375000001755263, 0.3398437500001767475, 0.3437500000001780243, 0.3593750000001823541, 0.3671875000001845746, 0.3710937500001858513, 0.3750000000001870726, 0.3906250000001914580, 0.3984375000001935674, 0.4062500000001957323, 0.4218750000001998957, 0.4296875000002020051, 0.4375000000002041145, 0.4531250000002082223, 0.4687500000002123857, 0.5000000000002207123, 0.5312500000002290390, 0.5468750000002331468, 0.5625000000002373657, 0.5781250000002414735, 0.5859375000002434719, 0.5937500000002455813, 0.6093750000002496892, 0.6171875000002517986, 0.6210937500002530198, 0.6250000000002543521, 0.6406250000002584599, 0.6484375000002604583, 0.6523437500002613465, 0.6562500000002622347, 0.6718750000002658984, 0.6796875000002675637, 0.6835937500002686740, 0.6875000000002696732, 0.6953125000002721157, 0.6992187500002733369, 0.7031250000002746692, 0.7109375000002771117, 0.7148437500002784439, 0.7167968750002791101, 0.7187500000002797762, 0.7265625000002834399, 0.7304687500002854383, 0.7324218750002862155, 0.7333984375002868816, 0.7343750000002874367, 0.7421875000002911005, 0.7460937500002928768, 0.7480468750002935430, 0.7490234375002936540, 0.7495117187502935430, 0.7500000000002934319, 0.7539062500002893241, 0.7558593750002874367, 0.7568359375002864375, 0.7578125000002853273, 0.7617187500002819966, 0.7636718750002805534, 0.7646484375002794431, 0.7656250000002784439, 0.7734375000002706724, 0.7773437500002671197, 0.7792968750002654543, 0.7802734375002645661, 0.7812500000002637890, 0.7890625000002562395, 0.7929687500002521316, 0.7949218750002500222, 0.7968750000002479128, 0.8046875000002391420, 0.8085937500002347011, 0.8105468750002323697, 0.8125000000002300382, 0.8281250000002120526, 0.8359375000002027267, 0.8398437500001981748, 0.8417968750001955103, 0.8437500000001928457, 0.8593750000001730838, 0.8671875000001634248, 0.8710937500001585398, 0.8750000000001536549, 0.8906250000001350031, 0.8984375000001257883, 0.9062500000001164624, 0.9218750000000972555, 0.9296875000000872635, 0.9375000000000773825, 0.9531250000000580647, 0.9687500000000386358, 1.000000000000000000 ),
 .UNSPECIFIED. ) ;
#5991 = EDGE_CURVE ( 'NONE', #3901, #3306, #2677, .T. ) ;
#5992 = CARTESIAN_POINT ( 'NONE',  ( -12.85256368306322017, 37.80149780064319032, 3.755123247059926062 ) ) ;
#5993 = CARTESIAN_POINT ( 'NONE',  ( 12.93430104254091617, 34.67257629126848428, 5.357598019723712746 ) ) ;
#5994 = CARTESIAN_POINT ( 'NONE',  ( -2.769180223568882049, 20.33685763055051154, -13.15185873234500846 ) ) ;
#5995 = CARTESIAN_POINT ( 'NONE',  ( -5.189616448541783278, 22.21630963866089203, -13.00268122915529112 ) ) ;
#5996 = CARTESIAN_POINT ( 'NONE',  ( 13.50898797941611029, 19.76675230879685330, 1.613416999200580459 ) ) ;
#5997 = CARTESIAN_POINT ( 'NONE',  ( 12.93429922887929706, 45.00000000000000000, -5.357602398257298226 ) ) ;
#5998 = ORIENTED_EDGE ( 'NONE', *, *, #7270, .F. ) ;
#5999 = CARTESIAN_POINT ( 'NONE',  ( -0.5741885885618587260, 39.46761925310544683, -13.48552442851636535 ) ) ;
#6000 = CARTESIAN_POINT ( 'NONE',  ( 0.08885227179066421122, 19.50010766279138608, 13.49995197187729623 ) ) ;
#6001 = CARTESIAN_POINT ( 'NONE',  ( 13.99574327948628216, 19.30134699580144186, 0.3480636455405355378 ) ) ;
#6002 = VERTEX_POINT ( 'NONE', #2604 ) ;
#6003 = CARTESIAN_POINT ( 'NONE',  ( -13.66989858999155416, 19.83537227569946637, 3.023322884259286081 ) ) ;
#6004 = CARTESIAN_POINT ( 'NONE',  ( 12.61218256800952986, 35.40833119317620259, -4.916978700903256616 ) ) ;
#6005 = CARTESIAN_POINT ( 'NONE',  ( -13.76933544867721793, 39.42951499610484234, 2.536343812281269816 ) ) ;
#6006 = CARTESIAN_POINT ( 'NONE',  ( -13.04440936237214288, 20.62630557405307741, 3.161425675320015838 ) ) ;
#6007 = ORIENTED_EDGE ( 'NONE', *, *, #2148, .T. ) ;
#6008 = CARTESIAN_POINT ( 'NONE',  ( -1.849989357959185732, 19.29416500896522990, -13.87842521533310070 ) ) ;
#6009 = CARTESIAN_POINT ( 'NONE',  ( -3.422768817904715988, 38.14837191126984095, 12.96501269751928831 ) ) ;
#6010 = CARTESIAN_POINT ( 'NONE',  ( 0.8179480077999826682, 39.43333421259102067, 13.47028253314200619 ) ) ;
#6011 = CARTESIAN_POINT ( 'NONE',  ( 12.57669679574055088, 34.66495937131796978, 5.000000000000003553 ) ) ;
#6012 = CARTESIAN_POINT ( 'NONE',  ( 11.69315155473987922, 20.73776320749302471, -3.308983564528550581 ) ) ;
#6013 = CARTESIAN_POINT ( 'NONE',  ( 5.625849304472809287, 23.58974353566505400, -12.81990864280811060 ) ) ;
#6014 = ORIENTED_EDGE ( 'NONE', *, *, #1106, .T. ) ;
#6015 = CARTESIAN_POINT ( 'NONE',  ( 2.512136218050622816, 20.16454046973600356, 11.89073670707140096 ) ) ;
#6016 = CARTESIAN_POINT ( 'NONE',  ( 7.499999999999990230, 14.00000000000000000, 19.84313483298444325 ) ) ;
#6017 = CARTESIAN_POINT ( 'NONE',  ( 12.95710815368516577, 21.50868595400583416, -4.006514136919451019 ) ) ;
#6018 = CARTESIAN_POINT ( 'NONE',  ( 1.714505518806294244E-15, 45.00000000000000000, 14.00000000000000000 ) ) ;
#6019 = CARTESIAN_POINT ( 'NONE',  ( -4.242281882313531760, 21.85243103206113346, -12.66791627514799146 ) ) ;
#6020 = FACE_OUTER_BOUND ( 'NONE', #5320, .T. ) ;
#6021 = CARTESIAN_POINT ( 'NONE',  ( -3.585003183396141324, 21.01453524939960360, 12.91119199856457023 ) ) ;
#6022 = CARTESIAN_POINT ( 'NONE',  ( 13.15200009834602923, 38.19260924500675003, -3.371150428719906333 ) ) ;
#6023 = CARTESIAN_POINT ( 'NONE',  ( -4.046280920942440851, 37.43756174009673288, 12.74521854772437024 ) ) ;
#6024 = ORIENTED_EDGE ( 'NONE', *, *, #6711, .F. ) ;
#6025 = CARTESIAN_POINT ( 'NONE',  ( -13.02666469754285039, 38.32404876233485425, 3.221367515787753266 ) ) ;
#6026 = CARTESIAN_POINT ( 'NONE',  ( -4.956440746733089320, 35.16376980564196941, -12.35010137138235642 ) ) ;
#6027 = CARTESIAN_POINT ( 'NONE',  ( -3.920549921022495887, 21.39552305932424048, -12.79281226049490527 ) ) ;
#6028 = CARTESIAN_POINT ( 'NONE',  ( -1.488505602796625249, 39.81254773648754508, 13.92183528198479792 ) ) ;
#6029 = CARTESIAN_POINT ( 'NONE',  ( 13.61295163221495130, 19.49995459928679153, 0.03527815285101068565 ) ) ;
#6030 = EDGE_CURVE ( 'NONE', #3490, #5147, #5596, .T. ) ;
#6031 = LINE ( 'NONE', #2104, #933 ) ;
#6032 = ORIENTED_EDGE ( 'NONE', *, *, #4534, .T. ) ;
#6033 = CARTESIAN_POINT ( 'NONE',  ( -2.798679341096137918, 38.64336593875432158, -13.14430010083316880 ) ) ;
#6034 = CARTESIAN_POINT ( 'NONE',  ( 3.422768817904700001, 20.85162808873018037, 12.96501269751930252 ) ) ;
#6035 = CARTESIAN_POINT ( 'NONE',  ( 13.97274741205988491, 19.36015228901394281, 0.8774977139849731156 ) ) ;
#6036 = VERTEX_POINT ( 'NONE', #1985 ) ;
#6037 = CARTESIAN_POINT ( 'NONE',  ( -13.08513458396846119, 21.81475576515099490, -4.977937607998674352 ) ) ;
#6038 = CARTESIAN_POINT ( 'NONE',  ( -12.33698375886569387, 34.91600940499633055, 4.983355963618929962 ) ) ;
#6039 = PLANE ( 'NONE',  #3942 ) ;
#6040 = ADVANCED_FACE ( 'NONE', ( #3698 ), #3736, .F. ) ;
#6041 = CARTESIAN_POINT ( 'NONE',  ( -12.49499534280868573, 22.65203592483169714, 4.646744365620945061 ) ) ;
#6042 = ORIENTED_EDGE ( 'NONE', *, *, #147, .F. ) ;
#6043 = CARTESIAN_POINT ( 'NONE',  ( 5.508939228528512366, 23.06360153087853604, 12.87070849513812298 ) ) ;
#6044 = CARTESIAN_POINT ( 'NONE',  ( 5.684716586081225209, 34.95761030577939010, 12.79390887205412497 ) ) ;
#6045 = CARTESIAN_POINT ( 'NONE',  ( -12.48209869952360940, 36.27443790146354274, -4.675266985663465213 ) ) ;
#6046 = CARTESIAN_POINT ( 'NONE',  ( -12.90663316724633347, 22.79636186523755370, -5.423995063362468727 ) ) ;
#6047 = CARTESIAN_POINT ( 'NONE',  ( -0.3306935803562491838, 39.50000000000003553, 12.15000000000001634 ) ) ;
#6048 = CARTESIAN_POINT ( 'NONE',  ( 12.61562157827130548, 23.54875354788306296, 4.908843990569452309 ) ) ;
#6049 = ORIENTED_EDGE ( 'NONE', *, *, #5672, .T. ) ;
#6050 = CARTESIAN_POINT ( 'NONE',  ( -12.44434331413302175, 36.03832604906591541, -4.757645877665823697 ) ) ;
#6051 = CARTESIAN_POINT ( 'NONE',  ( 1.356128664617169299, 19.15752774137235193, 13.93423987403175701 ) ) ;
#6052 = CARTESIAN_POINT ( 'NONE',  ( 12.74153168056870200, 22.53919547638539811, -4.599525210590642565 ) ) ;
#6053 = CARTESIAN_POINT ( 'NONE',  ( -4.166394831566562651, 38.26043568184131516, -13.36637053946852305 ) ) ;
#6054 = CARTESIAN_POINT ( 'NONE',  ( 3.047153119152830048, 20.53497210765112868, -13.07747853385274439 ) ) ;
#6055 = CARTESIAN_POINT ( 'NONE',  ( -7.499999999999994671, 3.499999999999985789, -12.99038105676656762 ) ) ;
#6056 = CARTESIAN_POINT ( 'NONE',  ( -3.733008690557821030, 21.17362452465426514, 12.86033923410671598 ) ) ;
#6057 = CARTESIAN_POINT ( 'NONE',  ( 13.50910443400450944, 39.23350445392037500, -1.611081477198861078 ) ) ;
#6058 = CARTESIAN_POINT ( 'NONE',  ( -2.074578311391378715, 39.05002349353448921, 13.30597309145356100 ) ) ;
#6059 = ORIENTED_EDGE ( 'NONE', *, *, #1740, .F. ) ;
#6060 = VECTOR ( 'NONE', #2473, 1000.000000000000000 ) ;
#6061 = CARTESIAN_POINT ( 'NONE',  ( -12.47580377302356602, 36.23617133232066578, 4.689068714747567590 ) ) ;
#6062 = CARTESIAN_POINT ( 'NONE',  ( 13.94703104101661495, 39.57346211534142100, 1.228970394714549608 ) ) ;
#6063 = CARTESIAN_POINT ( 'NONE',  ( -3.854718054385580128, 21.31546214372567860, -12.81681985180142824 ) ) ;
#6064 = CARTESIAN_POINT ( 'NONE',  ( -5.573798846018114261, 23.32937349705751018, -12.84263088824928545 ) ) ;
#6065 = CARTESIAN_POINT ( 'NONE',  ( 13.61199138530232844, 19.50236332071088086, 0.1591711124455043314 ) ) ;
#6066 = EDGE_CURVE ( 'NONE', #3569, #1582, #282, .T. ) ;
#6067 = CARTESIAN_POINT ( 'NONE',  ( 0.3301652024386746431, 39.49999999999997868, 12.14999999999999503 ) ) ;
#6068 = EDGE_LOOP ( 'NONE', ( #1945, #1335, #115, #1628 ) ) ;
#6069 = CARTESIAN_POINT ( 'NONE',  ( 0.9071277291941840515, 39.41769880281142946, -13.46336086142089883 ) ) ;
#6070 = CARTESIAN_POINT ( 'NONE',  ( 4.958924597476666030, 35.16046506117120174, -12.34890162366671440 ) ) ;
#6071 = CARTESIAN_POINT ( 'NONE',  ( 4.934553706097503323, 23.67713261335496355, 12.36075373155404655 ) ) ;
#6072 = CARTESIAN_POINT ( 'NONE',  ( 13.67007332974537981, 20.19792095507475693, -3.021669725403603124 ) ) ;
#6073 = ORIENTED_EDGE ( 'NONE', *, *, #792, .F. ) ;
#6074 = CARTESIAN_POINT ( 'NONE',  ( -12.36075373155409629, 23.67713261335495645, 4.934553706097502435 ) ) ;
#6075 = CARTESIAN_POINT ( 'NONE',  ( -12.33393433899865244, 34.83312777447439856, 4.989584202000875379 ) ) ;
#6076 = CARTESIAN_POINT ( 'NONE',  ( 10.36363636363635621, 3.499999999999982236, -21.64705618143756638 ) ) ;
#6077 = CARTESIAN_POINT ( 'NONE',  ( -3.765839553907416093, 37.80495863639384169, -11.55412764047986052 ) ) ;
#6078 = ORIENTED_EDGE ( 'NONE', *, *, #3708, .T. ) ;
#6079 = VECTOR ( 'NONE', #4840, 1000.000000000000000 ) ;
#6080 = EDGE_CURVE ( 'NONE', #7102, #2598, #5495, .T. ) ;
#6081 = CIRCLE ( 'NONE', #2144, 1.999999999999998224 ) ;
#6082 = AXIS2_PLACEMENT_3D ( 'NONE', #4067, #6945, #1830 ) ;
#6083 = CARTESIAN_POINT ( 'NONE',  ( -0.5061476900132648726, 14.00000000000000355, -14.00000000000000533 ) ) ;
#6084 = CARTESIAN_POINT ( 'NONE',  ( 5.632798964051831447, 35.36574385823350042, 12.81684968103182776 ) ) ;
#6085 = CARTESIAN_POINT ( 'NONE',  ( -12.79074651076275337, 34.86644052011806139, 5.691821390612587628 ) ) ;
#6086 = CARTESIAN_POINT ( 'NONE',  ( -11.07350441368946470, 34.83427675887313058, -5.000000000000000000 ) ) ;
#6087 = DIRECTION ( 'NONE',  ( 0.000000000000000000, -1.000000000000000000, 0.000000000000000000 ) ) ;
#6088 = CARTESIAN_POINT ( 'NONE',  ( -12.58659725602999302, 22.19601973810263118, -4.437617773987557079 ) ) ;
#6089 = CARTESIAN_POINT ( 'NONE',  ( 12.71444811658958685, 22.70784659756404267, 4.668102480875162996 ) ) ;
#6090 = CARTESIAN_POINT ( 'NONE',  ( -12.43896763249325410, 36.00201721378596886, -4.769245651925205109 ) ) ;
#6091 = CARTESIAN_POINT ( 'NONE',  ( -0.3708736252890544316, 19.01144792350532953, 13.99516733005112457 ) ) ;
#6092 = FACE_BOUND ( 'NONE', #2889, .T. ) ;
#6093 = CARTESIAN_POINT ( 'NONE',  ( -18.50000000000000000, 3.499999999999984901, 0.000000000000000000 ) ) ;
#6094 = CARTESIAN_POINT ( 'NONE',  ( 4.916655703749114537, 23.58992786611577586, -12.36932284729514642 ) ) ;
#6095 = CARTESIAN_POINT ( 'NONE',  ( 1.683889348827617951E-15, 45.00000000000000000, 13.75000000000005862 ) ) ;
#6096 = CARTESIAN_POINT ( 'NONE',  ( -2.712323981146505414, 20.29873831789400995, 13.16642807377322377 ) ) ;
#6097 = CARTESIAN_POINT ( 'NONE',  ( 13.53140118167920214, 39.29180402975801201, 1.428357066570684397 ) ) ;
#6098 = DIRECTION ( 'NONE',  ( 0.000000000000000000, 0.7071067811865470176, 0.7071067811865479058 ) ) ;
#6099 = ORIENTED_EDGE ( 'NONE', *, *, #6703, .F. ) ;
#6100 = VECTOR ( 'NONE', #4014, 1000.000000000000000 ) ;
#6101 = CARTESIAN_POINT ( 'NONE',  ( -12.56052950983190897, 36.68338917164999913, 4.498273743575603945 ) ) ;
#6102 = CARTESIAN_POINT ( 'NONE',  ( 5.144255099813705101, 11.96291727462328680, 11.00882128454166597 ) ) ;
#6103 = CARTESIAN_POINT ( 'NONE',  ( 13.40240189099683477, 20.05454773337050867, 2.290231805402046739 ) ) ;
#6104 = CARTESIAN_POINT ( 'NONE',  ( -3.059771721839655179, 20.54513125772342974, -13.07379436636405856 ) ) ;
#6105 = CARTESIAN_POINT ( 'NONE',  ( -3.554683097614863563, 20.19783895536090768, -13.54140589079207224 ) ) ;
#6106 = CARTESIAN_POINT ( 'NONE',  ( 12.61552439229116196, 23.54989206805876378, 4.909074137059394438 ) ) ;
#6107 = CARTESIAN_POINT ( 'NONE',  ( 13.33772214055228922, 38.76236667738716335, 2.614170760390870818 ) ) ;
#6108 = CARTESIAN_POINT ( 'NONE',  ( 12.57669683062196242, 34.49999999999999289, -4.999999999999999112 ) ) ;
#6109 = ORIENTED_EDGE ( 'NONE', *, *, #3239, .F. ) ;
#6110 = CARTESIAN_POINT ( 'NONE',  ( -3.585003183396159088, 37.98546475060038574, -12.91119199856398403 ) ) ;
#6111 = CARTESIAN_POINT ( 'NONE',  ( -4.629023732266728253, 37.71453872341653124, -13.21270344485243875 ) ) ;
#6112 = CARTESIAN_POINT ( 'NONE',  ( -3.592534665436431407, 21.02146162347822766, 12.90882221739415492 ) ) ;
#6113 = CARTESIAN_POINT ( 'NONE',  ( 13.35722611389089742, 21.25700116950499208, -4.193788211823488155 ) ) ;
#6114 = CARTESIAN_POINT ( 'NONE',  ( -13.21465491640605805, 20.17546319689840217, 2.510975509235504610 ) ) ;
#6115 = CARTESIAN_POINT ( 'NONE',  ( 12.57669683062196242, 34.49999999999999289, -4.999999999999999112 ) ) ;
#6116 = CARTESIAN_POINT ( 'NONE',  ( 0.000000000000000000, 4.000000000000000000, 0.000000000000000000 ) ) ;
#6117 = CARTESIAN_POINT ( 'NONE',  ( -12.38406334771586792, 23.43715393758181165, 4.885899535053309428 ) ) ;
#6118 = VERTEX_POINT ( 'NONE', #3243 ) ;
#6119 = CARTESIAN_POINT ( 'NONE',  ( 5.555138609307618935, 23.23984200717115201, 12.85076088326935562 ) ) ;
#6120 = CARTESIAN_POINT ( 'NONE',  ( 13.73954751948716790, 39.00660632853084309, 2.688986923777657356 ) ) ;
#6121 = CARTESIAN_POINT ( 'NONE',  ( -13.56182936677059914, 38.86153030304117095, 3.476011347220258507 ) ) ;
#6122 = CARTESIAN_POINT ( 'NONE',  ( -11.18814917504104045, 36.12495036868666176, -4.739867879818650209 ) ) ;
#6123 = CARTESIAN_POINT ( 'NONE',  ( -11.55473930832003226, 21.19290109793115562, -3.763983788879517345 ) ) ;
#6124 = CARTESIAN_POINT ( 'NONE',  ( -12.50292118952202003, 22.60973474021516694, -4.628966502456936638 ) ) ;
#6125 = ADVANCED_FACE ( 'NONE', ( #5459 ), #3686, .T. ) ;
#6126 = CARTESIAN_POINT ( 'NONE',  ( 4.983264626889136295, 24.08307934485626234, -12.33702870230449733 ) ) ;
#6127 = CARTESIAN_POINT ( 'NONE',  ( 5.333266973458610671, 22.54811847779509293, 12.94439843765958109 ) ) ;
#6128 = CARTESIAN_POINT ( 'NONE',  ( 18.50000000000000000, 4.000000000000000000, 0.000000000000000000 ) ) ;
#6129 = CARTESIAN_POINT ( 'NONE',  ( -5.654089700358897908, 35.22961883083385715, -12.80747858350263613 ) ) ;
#6130 = CARTESIAN_POINT ( 'NONE',  ( -8.000000000000005329, 4.000000000000000000, 12.68857754044950248 ) ) ;
#6131 = DIRECTION ( 'NONE',  ( 0.000000000000000000, 0.000000000000000000, -1.000000000000000000 ) ) ;
#6132 = CARTESIAN_POINT ( 'NONE',  ( -4.550670471910793324, 22.42683381173620560, 12.53772155982469982 ) ) ;
#6133 = CARTESIAN_POINT ( 'NONE',  ( 13.23340717946842382, 38.45159003136878795, 3.063958246944034070 ) ) ;
#6134 = CARTESIAN_POINT ( 'NONE',  ( -4.894093393224290267, 35.52448788922406209, 12.38014579232971002 ) ) ;
#6135 = EDGE_CURVE ( 'NONE', #1287, #395, #2026, .T. ) ;
#6136 = CARTESIAN_POINT ( 'NONE',  ( -13.44955914315918122, 39.38637355105737470, 1.060665051167354545 ) ) ;
#6137 = CARTESIAN_POINT ( 'NONE',  ( 13.98313122422863763, 39.66648705152318399, 0.7091033241078658067 ) ) ;
#6138 = CARTESIAN_POINT ( 'NONE',  ( 13.57134462634942906, 19.60524872301507671, 1.021344017583965869 ) ) ;
#6139 = CARTESIAN_POINT ( 'NONE',  ( -3.358634340408717112, 20.79600313654044541, -12.98463330005627192 ) ) ;
#6140 = CARTESIAN_POINT ( 'NONE',  ( -4.632729916779070756, 21.29040094083599755, -13.21140705271404059 ) ) ;
#6141 = CARTESIAN_POINT ( 'NONE',  ( 12.92365623905525851, 21.64436207348813923, 4.105109625236873505 ) ) ;
#6142 = CARTESIAN_POINT ( 'NONE',  ( 12.94713050033371182, 35.06198806115253319, -5.326521818281340082 ) ) ;
#6143 = DIRECTION ( 'NONE',  ( -0.000000000000000000, -1.000000000000000000, -0.000000000000000000 ) ) ;
#6144 = ORIENTED_EDGE ( 'NONE', *, *, #2330, .F. ) ;
#6145 = CARTESIAN_POINT ( 'NONE',  ( -3.180847314005010418, 38.35774922568391787, -13.03869228913645628 ) ) ;
#6146 = CARTESIAN_POINT ( 'NONE',  ( 4.731152084026909677, 36.11956862259696521, -12.45659356369185566 ) ) ;
#6147 = CARTESIAN_POINT ( 'NONE',  ( -2.648690145665281825, 20.25609830276241397, 13.18272709041976398 ) ) ;
#6148 = CARTESIAN_POINT ( 'NONE',  ( 13.57237390408923794, 20.50104976287410352, 3.433930276155543915 ) ) ;
#6149 = CARTESIAN_POINT ( 'NONE',  ( 5.484774508932599879, 11.62094453641123870, -10.84318737860573734 ) ) ;
#6150 = CARTESIAN_POINT ( 'NONE',  ( -12.58446503268419114, 22.20471917822503727, 4.442776316276324522 ) ) ;
#6151 = CARTESIAN_POINT ( 'NONE',  ( 0.000000000000000000, 45.00000000000000000, 0.000000000000000000 ) ) ;
#6152 = CARTESIAN_POINT ( 'NONE',  ( -5.000000000000010658, 24.50000000000000000, -12.32882846293107271 ) ) ;
#6153 = DIRECTION ( 'NONE',  ( 0.000000000000000000, 1.000000000000000000, 0.000000000000000000 ) ) ;
#6154 = CARTESIAN_POINT ( 'NONE',  ( 5.119861517778113047, 22.04975467718580617, 13.03114715581799032 ) ) ;
#6155 = CARTESIAN_POINT ( 'NONE',  ( 13.99842124899080531, 39.70546517196061842, -0.2148779529315456571 ) ) ;
#6156 = CARTESIAN_POINT ( 'NONE',  ( -12.87256149494085733, 35.94425244600728320, 5.504343272044716073 ) ) ;
#6157 = CARTESIAN_POINT ( 'NONE',  ( -12.95884646223030856, 22.46101720079219888, -5.298094224917483608 ) ) ;
#6158 = CARTESIAN_POINT ( 'NONE',  ( 4.464326232005121575, 37.92431106190272772, -13.26927361248401382 ) ) ;
#6159 = CARTESIAN_POINT ( 'NONE',  ( -12.48560775838905812, 22.70621577248364531, -4.667476213590359357 ) ) ;
#6160 = B_SPLINE_CURVE_WITH_KNOTS ( 'NONE', 3,
 ( #6499, #2530, #386, #5387, #935, #5492, #1383, #7173, #279, #4801, #2639, #4835, #3167, #5456, #7103, #246, #1982, #1488, #6533, #2495, #3769, #5352 ),
 .UNSPECIFIED., .F., .F.,
 ( 4, 2, 2, 2, 2, 2, 2, 2, 2, 2, 4 ),
 ( 1.238840354700144063E-17, 0.001494639340171119652, 0.002989278680342224558, 0.004483918020513328814, 0.005978557360684433504, 0.006725877030769989752, 0.007473196700855546000, 0.008967836041026657629, 0.009715155711112217346, 0.01046247538119777533, 0.01195711472136888956 ),
 .UNSPECIFIED. ) ;
#6161 = CARTESIAN_POINT ( 'NONE',  ( 3.874865514786371534, 21.34002382320232627, -12.80946492380017077 ) ) ;
#6162 = CARTESIAN_POINT ( 'NONE',  ( 5.481982651196905643, 22.97871163223215518, 12.88210987413217801 ) ) ;
#6163 = FACE_BOUND ( 'NONE', #4752, .T. ) ;
#6164 = CARTESIAN_POINT ( 'NONE',  ( -5.694173872587208862, 34.86583657075910025, 12.78971457666344946 ) ) ;
#6165 = DIRECTION ( 'NONE',  ( 0.000000000000000000, -1.000000000000000000, 0.000000000000000000 ) ) ;
#6166 = CARTESIAN_POINT ( 'NONE',  ( 4.631242855700080874, 37.71159502968692578, -13.21192781356746515 ) ) ;
#6167 = CARTESIAN_POINT ( 'NONE',  ( 2.331966488363055756, 20.07706360420309366, 13.25406959293547970 ) ) ;
#6168 = CARTESIAN_POINT ( 'NONE',  ( 13.36077529909678319, 38.82851641660440123, 2.504113731704283641 ) ) ;
#6169 = CARTESIAN_POINT ( 'NONE',  ( -4.583384843346279602, 36.49824149699953324, 12.52322511533634319 ) ) ;
#6170 = VECTOR ( 'NONE', #6891, 1000.000000000000000 ) ;
#6171 = EDGE_LOOP ( 'NONE', ( #2540, #7147, #7091, #220, #3176, #1298, #2947 ) ) ;
#6172 = CARTESIAN_POINT ( 'NONE',  ( -13.33881947268830359, 39.12870792251752050, -1.890898199909937016 ) ) ;
#6173 = CARTESIAN_POINT ( 'NONE',  ( 13.93069389159071747, 39.53097200272978995, 1.401749590396040412 ) ) ;
#6174 = ADVANCED_FACE ( 'NONE', ( #865 ), #4180, .F. ) ;
#6175 = CARTESIAN_POINT ( 'NONE',  ( 13.10318514236373133, 20.97087613000487849, 3.541934603457693065 ) ) ;
#6176 = CARTESIAN_POINT ( 'NONE',  ( -1.584681556434828220, 19.21634428239731562, -13.91009967128693781 ) ) ;
#6177 = CARTESIAN_POINT ( 'NONE',  ( -12.32882846293113488, 24.50000000000000000, 5.000000000000000000 ) ) ;
#6178 = CARTESIAN_POINT ( 'NONE',  ( 13.60489572689766824, 39.47980636958395451, -0.4494020762412099246 ) ) ;
#6179 = DIRECTION ( 'NONE',  ( -0.000000000000000000, -1.000000000000000000, -0.000000000000000000 ) ) ;
#6180 = VERTEX_POINT ( 'NONE', #2058 ) ;
#6181 = CARTESIAN_POINT ( 'NONE',  ( 1.544536249542088013, 39.25613163119534477, -13.39292899314075846 ) ) ;
#6182 = CARTESIAN_POINT ( 'NONE',  ( -5.333661501374591829, 36.45696275828209565, -12.94442013425846838 ) ) ;
#6183 = CARTESIAN_POINT ( 'NONE',  ( -3.419523776627223288, 20.85124019833671838, 12.96557111954840735 ) ) ;
#6184 = CARTESIAN_POINT ( 'NONE',  ( 13.14479926712476576, 22.22146569284223361, 4.818158573966036862 ) ) ;
#6185 = CARTESIAN_POINT ( 'NONE',  ( -12.81855921369416151, 35.40515404674718525, -5.629045868437763112 ) ) ;
#6186 = CARTESIAN_POINT ( 'NONE',  ( -12.72129217169056759, 21.64880528583395858, 4.108199442731407913 ) ) ;
#6187 = CARTESIAN_POINT ( 'NONE',  ( -4.738585594592556127, 36.12825324616997591, -11.18868245310069653 ) ) ;
#6188 = ORIENTED_EDGE ( 'NONE', *, *, #6458, .F. ) ;
#6189 = CARTESIAN_POINT ( 'NONE',  ( 4.386318388855497297, 22.09993717374358724, 12.60832716550740251 ) ) ;
#6190 = CARTESIAN_POINT ( 'NONE',  ( 1.488505602724253807, 19.18745226349795274, 13.92183528199338483 ) ) ;
#6191 = CARTESIAN_POINT ( 'NONE',  ( 13.54600292263900130, 38.41474470017188025, 3.539049447754467614 ) ) ;
#6192 = CARTESIAN_POINT ( 'NONE',  ( -12.61693223441083589, 36.93814034119377965, -4.366010438661029447 ) ) ;
#6193 = CARTESIAN_POINT ( 'NONE',  ( -12.88324087269275431, 22.96982576882174243, -5.479325394373145031 ) ) ;
#6194 = CONICAL_SURFACE ( 'NONE', #5597, 1.750000000000000000, 0.7853981633974489451 ) ;
#6195 = CARTESIAN_POINT ( 'NONE',  ( -12.86033923434662718, 21.17362452388697136, -3.733008689873411168 ) ) ;
#6196 = CIRCLE ( 'NONE', #2977, 1.999999999999998224 ) ;
#6197 = EDGE_CURVE ( 'NONE', #2598, #2918, #978, .T. ) ;
#6198 = CARTESIAN_POINT ( 'NONE',  ( -5.691821390612626708, 24.13355947988195283, 12.79074651076273383 ) ) ;
#6199 = CARTESIAN_POINT ( 'NONE',  ( 7.500000000000000000, 14.00000000000000000, -59.57475013247809414 ) ) ;
#6200 = CARTESIAN_POINT ( 'NONE',  ( -3.256440451767193434, 39.01569977310629866, 13.61606148701394758 ) ) ;
#6201 = CARTESIAN_POINT ( 'NONE',  ( 4.937843757787894639, 23.71296006057075445, -12.35910525360218060 ) ) ;
#6202 = CARTESIAN_POINT ( 'NONE',  ( 3.766412733257644252, 38.63417489416157480, -13.48466648398110301 ) ) ;
#6203 = CARTESIAN_POINT ( 'NONE',  ( -1.259329390645508973, 19.65997474487399899, 13.42924016620327876 ) ) ;
#6204 = CARTESIAN_POINT ( 'NONE',  ( 13.10909757725452351, 38.04929595945802845, 3.521726604640746494 ) ) ;
#6205 = DIRECTION ( 'NONE',  ( 0.000000000000000000, 1.000000000000000000, 0.000000000000000000 ) ) ;
#6206 = VECTOR ( 'NONE', #3517, 1000.000000000000000 ) ;
#6207 = ORIENTED_EDGE ( 'NONE', *, *, #6904, .F. ) ;
#6208 = CARTESIAN_POINT ( 'NONE',  ( -13.46397707461810889, 39.41909219733967973, 0.8997072181316430051 ) ) ;
#6209 = CLOSED_SHELL ( 'NONE', ( #6675, #1552, #6356, #974, #2818, #3656, #5950, #5609, #1789, #3410, #5045, #2779, #560, #827, #7261, #6607, #1728, #6488, #5408, #5266, #6493, #3467, #6718, #3273, #4110, #2517, #4635, #4401, #2015, #2106, #839, #2721, #5144, #5907, #3048, #1452, #4355, #3424, #1648, #2539, #3478, #1044, #646, #5720, #5937, #3929, #4476, #3941, #2272, #6040, #2477, #1413, #4253, #2928, #2280, #7008, #5862, #507, #6125, #1052, #3696, #6307, #2972, #2193, #6531, #1006, #3142, #2001, #6265, #1849, #3577, #4942, #3983, #7353, #3692, #965, #64, #1321, #4719, #4827, #333, #6174, #3922 ) ) ;
#6210 = CARTESIAN_POINT ( 'NONE',  ( 13.97318236276323589, 39.64104913101429872, 0.8832993530667154758 ) ) ;
#6211 = AXIS2_PLACEMENT_3D ( 'NONE', #4194, #2498, #6999 ) ;
#6212 = CARTESIAN_POINT ( 'NONE',  ( 13.26214964054961420, 20.46067567282919697, 2.947140127211919758 ) ) ;
#6213 = CARTESIAN_POINT ( 'NONE',  ( -4.932836312971978110, 23.67910174630770115, -12.36153381378382399 ) ) ;
#6214 = CARTESIAN_POINT ( 'NONE',  ( -1.629900805558031518, 19.22914890673865074, -13.90487342823278460 ) ) ;
#6215 = CARTESIAN_POINT ( 'NONE',  ( 12.62244102356981656, 23.46873355616083145, 4.892668339816887091 ) ) ;
#6216 = CARTESIAN_POINT ( 'NONE',  ( 12.93803159552175686, 24.15340109067386365, -5.348616044990964546 ) ) ;
#6217 = ORIENTED_EDGE ( 'NONE', *, *, #5271, .F. ) ;
#6218 = CARTESIAN_POINT ( 'NONE',  ( 1.659605232125581864, 39.21778130356467784, -13.37646957863613650 ) ) ;
#6219 = CARTESIAN_POINT ( 'NONE',  ( -3.692554111708212350, 38.69208647172014537, -13.50430973369981480 ) ) ;
#6220 = CARTESIAN_POINT ( 'NONE',  ( -1.301616152408270555, 19.66960598553523809, 13.42498538109131800 ) ) ;
#6221 = CARTESIAN_POINT ( 'NONE',  ( 13.66318149775766599, 20.21849962759310770, 3.053346861460877637 ) ) ;
#6222 = CARTESIAN_POINT ( 'NONE',  ( -12.95833794104594894, 36.53597637286085131, -5.299337663097206885 ) ) ;
#6223 = CARTESIAN_POINT ( 'NONE',  ( -13.49534014820031658, 19.51040677013378044, -0.3251165232860347420 ) ) ;
#6224 = FACE_OUTER_BOUND ( 'NONE', #835, .T. ) ;
#6225 = ORIENTED_EDGE ( 'NONE', *, *, #1598, .F. ) ;
#6226 = CARTESIAN_POINT ( 'NONE',  ( 5.505018526542472479, 23.05813459762703488, -12.87227261118028565 ) ) ;
#6227 = EDGE_CURVE ( 'NONE', #1923, #3793, #2764, .T. ) ;
#6228 = CARTESIAN_POINT ( 'NONE',  ( -13.24989011440865738, 21.14613706570887786, 4.521490543381597504 ) ) ;
#6229 = CARTESIAN_POINT ( 'NONE',  ( 13.79651999433977849, 39.16869564106311685, 2.383344043820425640 ) ) ;
#6230 = CARTESIAN_POINT ( 'NONE',  ( -13.30582717154894290, 39.04991643127421952, -2.079598625401978484 ) ) ;
#6231 = CARTESIAN_POINT ( 'NONE',  ( -11.89021982401207822, 38.83397761006775539, 2.514291828823876251 ) ) ;
#6232 = CARTESIAN_POINT ( 'NONE',  ( -0.6548938153536494333, 39.96438889897551405, -13.98499269927931898 ) ) ;
#6233 = CARTESIAN_POINT ( 'NONE',  ( -12.91119199856546551, 21.01453524939962136, -3.585003183396140880 ) ) ;
#6234 = B_SPLINE_CURVE_WITH_KNOTS ( 'NONE', 1,
 ( #5053, #4936 ),
 .UNSPECIFIED., .F., .F.,
 ( 2, 2 ),
 ( 0.000000000000000000, 1.000000000000000000 ),
 .UNSPECIFIED. ) ;
#6235 = CARTESIAN_POINT ( 'NONE',  ( -4.629023732266695390, 21.28546127658347586, 13.21270344485244941 ) ) ;
#6236 = CARTESIAN_POINT ( 'NONE',  ( 18.50000000000000000, 0.000000000000000000, 1.750000000000000000 ) ) ;
#6237 = LINE ( 'NONE', #563, #5853 ) ;
#6238 = LINE ( 'NONE', #2832, #481 ) ;
#6239 = CARTESIAN_POINT ( 'NONE',  ( 4.667476213628452442, 36.29378422741808663, 12.48560775837148107 ) ) ;
#6240 = FACE_OUTER_BOUND ( 'NONE', #3760, .T. ) ;
#6241 = CARTESIAN_POINT ( 'NONE',  ( -2.106334979788888173, 19.96513181688591132, 13.29974633398088102 ) ) ;
#6242 = CARTESIAN_POINT ( 'NONE',  ( 13.16256451264789895, 38.22713445814348177, 3.332967405684752915 ) ) ;
#6243 = CARTESIAN_POINT ( 'NONE',  ( -12.78545152826162123, 24.50000000000001421, -5.703703114510129346 ) ) ;
#6244 = CARTESIAN_POINT ( 'NONE',  ( 3.047153119152824274, 38.46502789234887132, 13.07747853385274617 ) ) ;
#6245 = CARTESIAN_POINT ( 'NONE',  ( -13.13425294058955295, 38.61697405515660364, 2.837454672566420477 ) ) ;
#6246 = FACE_BOUND ( 'NONE', #6594, .T. ) ;
#6247 = CARTESIAN_POINT ( 'NONE',  ( -4.286517685944757794, 20.87058512495778118, -13.32778963560509133 ) ) ;
#6248 = CARTESIAN_POINT ( 'NONE',  ( 12.61225980561942528, 23.59067482819150285, 4.916793624999829859 ) ) ;
#6249 = CARTESIAN_POINT ( 'NONE',  ( 13.45303584370152450, 39.08404946742798103, -1.997043446241467457 ) ) ;
#6250 = CARTESIAN_POINT ( 'NONE',  ( 12.99270295623133187, 23.30062660429552679, 5.214423616354885382 ) ) ;
#6251 = EDGE_CURVE ( 'NONE', #5473, #4190, #4115, .T. ) ;
#6252 = B_SPLINE_CURVE_WITH_KNOTS ( 'NONE', 3,
 ( #6608, #5981, #862, #1457, #5422, #3733, #350, #314, #1526, #3806, #2562, #6015, #4869, #7138, #4297, #2601, #4909, #2055, #4337, #6753 ),
 .UNSPECIFIED., .F., .F.,
 ( 4, 2, 2, 2, 2, 2, 2, 2, 2, 4 ),
 ( 0.000000000000000000, 0.0009883955495879814465, 0.001976791099175962893, 0.002965186648763944340, 0.003953582198351925786, 0.004941977747939906365, 0.005930373297527886944, 0.006424571072321877234, 0.006918768847115866656, 0.007907164396703846368 ),
 .UNSPECIFIED. ) ;
#6253 = ORIENTED_EDGE ( 'NONE', *, *, #1375, .F. ) ;
#6254 = CARTESIAN_POINT ( 'NONE',  ( 2.779301302199835622, 38.65638902241806107, -13.14927442024514193 ) ) ;
#6255 = CARTESIAN_POINT ( 'NONE',  ( -0.9008095298233989023, 39.41887138945748603, -13.46387945826258026 ) ) ;
#6256 = CARTESIAN_POINT ( 'NONE',  ( -1.999132676454189461, 19.91630153420357274, 13.31996301984297304 ) ) ;
#6257 = CARTESIAN_POINT ( 'NONE',  ( 13.49506592685516182, 20.75623153925688769, 3.726561595786038072 ) ) ;
#6258 = EDGE_CURVE ( 'NONE', #4919, #3006, #6238, .T. ) ;
#6259 = VERTEX_POINT ( 'NONE', #1602 ) ;
#6260 = CARTESIAN_POINT ( 'NONE',  ( -13.03136881055142560, 20.66267867427234961, -3.205718809805625291 ) ) ;
#6261 = DIRECTION ( 'NONE',  ( 0.000000000000000000, 0.000000000000000000, -1.000000000000000000 ) ) ;
#6262 = EDGE_LOOP ( 'NONE', ( #360, #1393, #1259, #6485 ) ) ;
#6263 = CARTESIAN_POINT ( 'NONE',  ( 12.94117536115916600, 21.57284568761278365, 4.053705345792096182 ) ) ;
#6264 = DIRECTION ( 'NONE',  ( 0.000000000000000000, 0.000000000000000000, -1.000000000000000000 ) ) ;
#6265 = ADVANCED_FACE ( 'NONE', ( #6756 ), #2686, .T. ) ;
#6266 = CARTESIAN_POINT ( 'NONE',  ( 7.499999999999994671, 3.833839396985338155, -13.18224679452502279 ) ) ;
#6267 = CARTESIAN_POINT ( 'NONE',  ( 13.98233170932146052, 39.66443167983046436, 0.7085224983825468836 ) ) ;
#6268 = CARTESIAN_POINT ( 'NONE',  ( -11.88997045172961009, 38.83336110286175114, -2.515724550329368370 ) ) ;
#6269 = CARTESIAN_POINT ( 'NONE',  ( 3.023322884259288301, 39.16462772430057981, -13.66989858999155238 ) ) ;
#6270 = CARTESIAN_POINT ( 'NONE',  ( -13.14430010082550382, 20.35663406126499453, -2.798679341124749254 ) ) ;
#6271 = CARTESIAN_POINT ( 'NONE',  ( -5.110825507945311763, 22.05173153040814427, 13.03412276383323132 ) ) ;
#6272 = CARTESIAN_POINT ( 'NONE',  ( -9.499999999999994671, 4.000000000000000000, -19.84313483298443970 ) ) ;
#6273 = CARTESIAN_POINT ( 'NONE',  ( 5.703702040690048491, 34.86620678563867415, 12.78545200730226838 ) ) ;
#6274 = CARTESIAN_POINT ( 'NONE',  ( -5.703697540710755298, 34.68380381776610477, 12.78545144272252898 ) ) ;
#6275 = CARTESIAN_POINT ( 'NONE',  ( 4.884684129105608008, 35.57067979534416224, 12.38465242237682595 ) ) ;
#6276 = CARTESIAN_POINT ( 'NONE',  ( 2.662901581386643013, 20.26774025534749057, 13.17848589097913603 ) ) ;
#6277 = CARTESIAN_POINT ( 'NONE',  ( 12.93383322631451016, 37.39733971223463982, 4.075329501822762879 ) ) ;
#6278 = CARTESIAN_POINT ( 'NONE',  ( 0.000000000000000000, 0.000000000000000000, 0.000000000000000000 ) ) ;
#6279 = CARTESIAN_POINT ( 'NONE',  ( -13.50009008622429540, 39.50020214636929694, 0.1577780454735900340 ) ) ;
#6280 = CARTESIAN_POINT ( 'NONE',  ( -2.866630205275969345, 19.74176805175364535, 13.70437896332063232 ) ) ;
#6281 = CARTESIAN_POINT ( 'NONE',  ( 13.12143241321474640, 20.90890707280224703, -3.479210996178672577 ) ) ;
#6282 = CARTESIAN_POINT ( 'NONE',  ( 3.692554111708182596, 20.30791352827984753, -13.50430973369982368 ) ) ;
#6283 = CARTESIAN_POINT ( 'NONE',  ( -12.78545152826161768, 45.00000000000000000, -5.703703114510131122 ) ) ;
#6284 = CARTESIAN_POINT ( 'NONE',  ( 13.17219753194038034, 38.25842823525444203, -3.297861390769909917 ) ) ;
#6285 = CARTESIAN_POINT ( 'NONE',  ( 1.487945860964033983E-15, 44.74999999999998579, 12.15000000000000036 ) ) ;
#6286 = CARTESIAN_POINT ( 'NONE',  ( 13.00838619382464323, 23.14219677590115154, -5.175417297135407324 ) ) ;
#6287 = ORIENTED_EDGE ( 'NONE', *, *, #755, .F. ) ;
#6288 = VECTOR ( 'NONE', #2643, 1000.000000000000000 ) ;
#6289 = CARTESIAN_POINT ( 'NONE',  ( 3.161425675333187968, 38.37369442593615787, -13.04440936236880511 ) ) ;
#6290 = CARTESIAN_POINT ( 'NONE',  ( -2.074142272177565971, 39.05023444236057628, -13.30606350558342932 ) ) ;
#6291 = EDGE_CURVE ( 'NONE', #6259, #1456, #5021, .T. ) ;
#6292 = CARTESIAN_POINT ( 'NONE',  ( -7.500000000000000000, 3.499999999999985789, -59.57475013247809414 ) ) ;
#6293 = CARTESIAN_POINT ( 'NONE',  ( 6.493775582438860994, 10.28288166222048261, -10.27375312177201749 ) ) ;
#6294 = DIRECTION ( 'NONE',  ( 0.000000000000000000, 1.000000000000000000, 0.000000000000000000 ) ) ;
#6295 = ORIENTED_EDGE ( 'NONE', *, *, #5491, .F. ) ;
#6296 = CARTESIAN_POINT ( 'NONE',  ( 12.99733445714959323, 21.35202092404309226, 3.884640078709585609 ) ) ;
#6297 = CARTESIAN_POINT ( 'NONE',  ( 4.605869013911751075, 22.55412721302315049, 12.51323822059236157 ) ) ;
#6298 = AXIS2_PLACEMENT_3D ( 'NONE', #5305, #228, #2480 ) ;
#6299 = CARTESIAN_POINT ( 'NONE',  ( 4.265120868647767516, 21.89032354819961057, -12.65857047865821627 ) ) ;
#6300 = PLANE ( 'NONE',  #4060 ) ;
#6301 = CARTESIAN_POINT ( 'NONE',  ( 12.98510016754705809, 35.61654165378233472, -5.233286314861243405 ) ) ;
#6302 = CARTESIAN_POINT ( 'NONE',  ( -13.07604002329430770, 38.46110698344757850, -3.052251993749838466 ) ) ;
#6303 = LINE ( 'NONE', #5198, #1071 ) ;
#6304 = CARTESIAN_POINT ( 'NONE',  ( 0.1953067770656375934, 39.99751874354353021, -13.99895140326644416 ) ) ;
#6305 = CARTESIAN_POINT ( 'NONE',  ( -13.42924016621515193, 19.65997474484691665, -1.259329390540883775 ) ) ;
#6306 = VECTOR ( 'NONE', #1712, 1000.000000000000000 ) ;
#6307 = ADVANCED_FACE ( 'NONE', ( #2221 ), #2380, .T. ) ;
#6308 = CARTESIAN_POINT ( 'NONE',  ( -1.303388515414713567, 19.14247736610217743, 13.94041626776710174 ) ) ;
#6309 = CARTESIAN_POINT ( 'NONE',  ( 13.00477575938352359, 23.18466280894201503, -5.184201152039418226 ) ) ;
#6310 = CARTESIAN_POINT ( 'NONE',  ( -10.36363636363635621, 4.000000000000000000, -21.64705618143756638 ) ) ;
#6311 = CARTESIAN_POINT ( 'NONE',  ( 4.629023732266692726, 37.71453872341653124, 13.21270344485245296 ) ) ;
#6312 = CARTESIAN_POINT ( 'NONE',  ( 4.407415215639042039, 36.86109737898173222, 12.59942132553806182 ) ) ;
#6313 = CARTESIAN_POINT ( 'NONE',  ( -12.87057825766937924, 23.06470154906676129, 5.509242507945594447 ) ) ;
#6314 = CARTESIAN_POINT ( 'NONE',  ( 1.387849626182640517, 19.69629182501034848, 13.41347779377253957 ) ) ;
#6315 = CARTESIAN_POINT ( 'NONE',  ( 12.64459601849649850, 35.76033488622355350, 4.839766324393163011 ) ) ;
#6316 = CARTESIAN_POINT ( 'NONE',  ( -1.011080324262352503, 13.94833972062521887, -12.11791934981715535 ) ) ;
#6317 = CARTESIAN_POINT ( 'NONE',  ( 0.07629025158929612915, 39.50009977257073501, 13.50004493787831805 ) ) ;
#6318 = VERTEX_POINT ( 'NONE', #3165 ) ;
#6319 = VECTOR ( 'NONE', #1529, 1000.000000000000000 ) ;
#6320 = AXIS2_PLACEMENT_3D ( 'NONE', #284, #3063, #3172 ) ;
#6321 = CARTESIAN_POINT ( 'NONE',  ( -13.25406959294105214, 38.92293639580855569, -2.331966488341035593 ) ) ;
#6322 = CARTESIAN_POINT ( 'NONE',  ( -0.3789385494482638284, 18.99999647026622185, 14.00000000000001066 ) ) ;
#6323 = CARTESIAN_POINT ( 'NONE',  ( 13.14045582676481416, 20.84534490681791752, -3.412495168793122424 ) ) ;
#6324 = CARTESIAN_POINT ( 'NONE',  ( 3.549106390198399907, 20.19354851404206030, -13.54287147602694397 ) ) ;
#6325 = CARTESIAN_POINT ( 'NONE',  ( 4.739453653875215444, 36.12620794048726935, -11.18832711823851156 ) ) ;
#6326 = CARTESIAN_POINT ( 'NONE',  ( 13.60631540813697526, 39.48337821149571170, -0.4078919242838688897 ) ) ;
#6327 = CARTESIAN_POINT ( 'NONE',  ( 12.97510804158708098, 37.56260115394091770, -3.952639054625745718 ) ) ;
#6328 = CARTESIAN_POINT ( 'NONE',  ( 13.16559840610694287, 36.89019448879244578, 4.761189708371056817 ) ) ;
#6329 = CARTESIAN_POINT ( 'NONE',  ( 13.54700165112569543, 20.58197036028299820, 3.535270842118875212 ) ) ;
#6330 = ORIENTED_EDGE ( 'NONE', *, *, #201, .F. ) ;
#6331 = AXIS2_PLACEMENT_3D ( 'NONE', #4712, #5373, #846 ) ;
#6332 = LINE ( 'NONE', #3485, #1207 ) ;
#6333 = CARTESIAN_POINT ( 'NONE',  ( 1.389169040376119657, 39.30332379652513453, -13.41331061875201769 ) ) ;
#6334 = DIRECTION ( 'NONE',  ( -1.206107350727848108E-16, 0.000000000000000000, -1.000000000000000000 ) ) ;
#6335 = CARTESIAN_POINT ( 'NONE',  ( 12.76089466515625936, 22.42525534296380485, -4.549950475355298174 ) ) ;
#6336 = CARTESIAN_POINT ( 'NONE',  ( -13.87780853716197882, 39.70431840068647489, -1.854462693391110806 ) ) ;
#6337 = CARTESIAN_POINT ( 'NONE',  ( -12.83340115196995512, 21.26020203208701176, -3.809226062134131841 ) ) ;
#6338 = ORIENTED_EDGE ( 'NONE', *, *, #5491, .T. ) ;
#6339 = CARTESIAN_POINT ( 'NONE',  ( 12.73304566194906329, 22.59064957435390397, 4.621121000715321614 ) ) ;
#6340 = DIRECTION ( 'NONE',  ( 0.000000000000000000, 1.000000000000000000, 0.000000000000000000 ) ) ;
#6341 = CARTESIAN_POINT ( 'NONE',  ( 4.620412418609206817, 22.58893607938203374, -12.50674842157540034 ) ) ;
#6342 = ORIENTED_EDGE ( 'NONE', *, *, #1409, .F. ) ;
#6343 = CARTESIAN_POINT ( 'NONE',  ( -13.59763959100848751, 20.03621413891710290, 3.332525600356657680 ) ) ;
#6344 = CARTESIAN_POINT ( 'NONE',  ( 13.07277617294496252, 36.35170888561345492, -5.010756510344073433 ) ) ;
#6345 = CARTESIAN_POINT ( 'NONE',  ( -12.90845743039531612, 37.97741654918203835, -3.593614260314077047 ) ) ;
#6346 = CARTESIAN_POINT ( 'NONE',  ( -11.94796084268723391, 38.98831967779381102, 2.228010771830648107 ) ) ;
#6347 = CARTESIAN_POINT ( 'NONE',  ( 4.286517685944732037, 38.12941487504222948, -13.32778963560509844 ) ) ;
#6348 = CARTESIAN_POINT ( 'NONE',  ( -13.43720889799982210, 19.64172905851303597, 1.187105691507271743 ) ) ;
#6349 = EDGE_CURVE ( 'NONE', #3720, #5268, #1070, .T. ) ;
#6350 = CARTESIAN_POINT ( 'NONE',  ( -5.479055640881011158, 22.96898268389843167, 12.88335488816705876 ) ) ;
#6351 = CARTESIAN_POINT ( 'NONE',  ( 13.15131076272116495, 22.18529451564502608, -4.800480930594964057 ) ) ;
#6352 = CARTESIAN_POINT ( 'NONE',  ( -5.119854430740645057, 22.04974057669215881, -13.03114996202748976 ) ) ;
#6353 = CARTESIAN_POINT ( 'NONE',  ( 3.797799817676489553, 38.60372437620776509, 13.47508796812852161 ) ) ;
#6354 = CARTESIAN_POINT ( 'NONE',  ( 4.265120868671049337, 37.10967645176233276, 12.65857047864875540 ) ) ;
#6355 = CARTESIAN_POINT ( 'NONE',  ( 5.479124338287454599, 11.62705568664249078, 12.88459145506222292 ) ) ;
#6356 = ADVANCED_FACE ( 'NONE', ( #5664 ), #2728, .T. ) ;
#6357 = CARTESIAN_POINT ( 'NONE',  ( 13.03597401399681743, 37.79198141105021591, 3.763575386378393617 ) ) ;
#6358 = ORIENTED_EDGE ( 'NONE', *, *, #4382, .F. ) ;
#6359 = CARTESIAN_POINT ( 'NONE',  ( -13.19117405387548914, 38.76476014870152653, -2.610263671816878794 ) ) ;
#6360 = CARTESIAN_POINT ( 'NONE',  ( -4.631100991409446976, 21.28823976707854726, 13.21197508685845179 ) ) ;
#6361 = CARTESIAN_POINT ( 'NONE',  ( 13.39468406164758107, 20.07617800906816186, -2.330286194807938749 ) ) ;
#6362 = CARTESIAN_POINT ( 'NONE',  ( 5.234567704836733171, 24.50000000000000711, -12.48103615137458355 ) ) ;
#6363 = CARTESIAN_POINT ( 'NONE',  ( 5.654013304805417306, 23.76985327716478835, -12.80751232184684341 ) ) ;
#6364 = DIRECTION ( 'NONE',  ( -0.000000000000000000, -1.000000000000000000, -0.000000000000000000 ) ) ;
#6365 = EDGE_CURVE ( 'NONE', #772, #3532, #6081, .T. ) ;
#6366 = CARTESIAN_POINT ( 'NONE',  ( 12.62609324499508112, 35.57164456412749587, -4.883981607671652014 ) ) ;
#6367 = CARTESIAN_POINT ( 'NONE',  ( 13.07135693306712909, 37.91867989379748138, -3.648678653404042294 ) ) ;
#6368 = CARTESIAN_POINT ( 'NONE',  ( 11.89021982401207644, 38.83397761006774829, -2.514291828823875363 ) ) ;
#6369 = CARTESIAN_POINT ( 'NONE',  ( 13.30750046446090806, 21.45635671265473476, 4.348952208903375194 ) ) ;
#6370 = ORIENTED_EDGE ( 'NONE', *, *, #1145, .F. ) ;
#6371 = CARTESIAN_POINT ( 'NONE',  ( 4.534408557170070075, 36.60731881552361244, -12.54479730384878167 ) ) ;
#6372 = CARTESIAN_POINT ( 'NONE',  ( 2.650315789200170968, 38.74057102649939566, -13.18168814367905739 ) ) ;
#6373 = CARTESIAN_POINT ( 'NONE',  ( -2.001732616180967650, 19.91751210394000537, -13.31946312805228416 ) ) ;
#6374 = CARTESIAN_POINT ( 'NONE',  ( -2.473005934680168938, 13.59761311500645142, 11.90480682986614269 ) ) ;
#6375 = CARTESIAN_POINT ( 'NONE',  ( 13.22047292263776619, 20.58831922992988694, -3.115334545966263136 ) ) ;
#6376 = CARTESIAN_POINT ( 'NONE',  ( -13.49995197187731755, 19.50010766279139318, 0.08885227179067435588 ) ) ;
#6377 = DIRECTION ( 'NONE',  ( -0.000000000000000000, -1.000000000000000000, -0.000000000000000000 ) ) ;
#6378 = VERTEX_POINT ( 'NONE', #5420 ) ;
#6379 = CARTESIAN_POINT ( 'NONE',  ( -3.874865514770772901, 37.65997617681680509, -12.80946492380611801 ) ) ;
#6380 = CARTESIAN_POINT ( 'NONE',  ( 4.931326442109432051, 23.67309738649197115, -12.36225651903230016 ) ) ;
#6381 = CARTESIAN_POINT ( 'NONE',  ( -7.499999999999997335, 7.006540356163306171, -11.82159041753689621 ) ) ;
#6382 = CARTESIAN_POINT ( 'NONE',  ( 13.87130881666844040, 39.37315749283778388, -1.894337980518462805 ) ) ;
#6383 = CARTESIAN_POINT ( 'NONE',  ( -12.79537119470486495, 37.61301032645717868, -3.913533140117248621 ) ) ;
#6384 = CARTESIAN_POINT ( 'NONE',  ( -11.48514694791506585, 37.55850097080361394, 3.968759428960836111 ) ) ;
#6385 = CARTESIAN_POINT ( 'NONE',  ( -13.44169410525717900, 19.63154233882623245, -1.140077555519288577 ) ) ;
#6386 = UNCERTAINTY_MEASURE_WITH_UNIT (LENGTH_MEASURE( 1.000000000000000082E-05 ), #5035, 'distance_accuracy_value', 'NONE');
#6387 = CARTESIAN_POINT ( 'NONE',  ( 4.757387328505471302, 22.95918879032698001, 12.44448618836001508 ) ) ;
#6388 = DIRECTION ( 'NONE',  ( 1.000000000000000000, 0.000000000000000000, -1.206107350727848108E-16 ) ) ;
#6389 = CARTESIAN_POINT ( 'NONE',  ( 0.7589124458876960189, 39.96301110828632375, 13.98425468437041452 ) ) ;
#6390 = CARTESIAN_POINT ( 'NONE',  ( 5.000540191323247008, 37.14591006642934445, 13.07651200955242921 ) ) ;
#6391 = CARTESIAN_POINT ( 'NONE',  ( 4.951491613415274884, 35.20345540453611477, 12.35251463378923908 ) ) ;
#6392 = DIRECTION ( 'NONE',  ( 0.000000000000000000, 0.000000000000000000, -1.000000000000000000 ) ) ;
#6393 = CARTESIAN_POINT ( 'NONE',  ( 13.01086021942016302, 37.69902972124859275, 3.842700713110775546 ) ) ;
#6394 = CARTESIAN_POINT ( 'NONE',  ( 11.07350441368945226, 24.50000000000000000, -5.000000000000000000 ) ) ;
#6395 = EDGE_CURVE ( 'NONE', #888, #1582, #1618, .T. ) ;
#6396 = CARTESIAN_POINT ( 'NONE',  ( -13.11469142388637721, 38.56536473059733794, -2.911947128354877457 ) ) ;
#6397 = CARTESIAN_POINT ( 'NONE',  ( -2.370679684547791766, 19.49434564341196108, 13.79892430890967780 ) ) ;
#6398 = CARTESIAN_POINT ( 'NONE',  ( 13.41185609424406167, 20.02844902552458706, -2.237907406648226516 ) ) ;
#6399 = CARTESIAN_POINT ( 'NONE',  ( -3.309382439479231497, 20.73804744802459155, 11.69304925789422533 ) ) ;
#6400 = CARTESIAN_POINT ( 'NONE',  ( 5.608628890089608632, 23.49892073961222394, -12.82744570394587669 ) ) ;
#6401 = CARTESIAN_POINT ( 'NONE',  ( 0.6579593970587001017, 39.46751351728806156, -12.13652228187247140 ) ) ;
#6402 = LINE ( 'NONE', #1282, #7160 ) ;
#6403 = CARTESIAN_POINT ( 'NONE',  ( 12.81484100335406318, 36.86016803568646338, -4.407913001362652849 ) ) ;
#6404 = CARTESIAN_POINT ( 'NONE',  ( 13.11044579656031495, 36.58411783481744095, 4.910958155600366304 ) ) ;
#6405 = CARTESIAN_POINT ( 'NONE',  ( 3.362532949875635335, 13.22178518030323247, -13.59799773826001967 ) ) ;
#6406 = VERTEX_POINT ( 'NONE', #1524 ) ;
#6407 = EDGE_CURVE ( 'NONE', #5147, #1517, #973, .T. ) ;
#6408 = CARTESIAN_POINT ( 'NONE',  ( 4.559594989029175593, 36.55252236101417651, -12.53375298275121530 ) ) ;
#6409 = CARTESIAN_POINT ( 'NONE',  ( 2.079598625401974488, 39.04991643127424084, -13.30582717154891448 ) ) ;
#6410 = LINE ( 'NONE', #2326, #6100 ) ;
#6411 = CARTESIAN_POINT ( 'NONE',  ( 12.98134409984495541, 23.42552812822610875, 5.242594326256108772 ) ) ;
#6412 = CARTESIAN_POINT ( 'NONE',  ( 7.499999999999994671, 3.499999999999982236, -19.84313483298444325 ) ) ;
#6413 = ORIENTED_EDGE ( 'NONE', *, *, #2730, .F. ) ;
#6414 = CARTESIAN_POINT ( 'NONE',  ( -3.838996741567268334, 37.70362957511959934, -12.82254934702560689 ) ) ;
#6415 = CARTESIAN_POINT ( 'NONE',  ( 2.485718513621717474, 20.16134579996576903, -13.22029294187855442 ) ) ;
#6416 = VECTOR ( 'NONE', #1662, 1000.000000000000114 ) ;
#6417 = ORIENTED_EDGE ( 'NONE', *, *, #6197, .T. ) ;
#6418 = CARTESIAN_POINT ( 'NONE',  ( -13.87780853716197349, 19.29568159931357130, 1.854462693391162320 ) ) ;
#6419 = CARTESIAN_POINT ( 'NONE',  ( 13.51232811181358606, 38.30214065012899027, -3.663530887271526648 ) ) ;
#6420 = CARTESIAN_POINT ( 'NONE',  ( -13.35503419095509869, 19.83277381405894957, 1.794436175722946780 ) ) ;
#6421 = B_SPLINE_CURVE_WITH_KNOTS ( 'NONE', 3,
 ( #648, #6322, #4004, #5800, #5841, #4692, #687, #6397, #2282, #6280, #4652, #2949, #5211, #3971, #1206, #4084, #56, #1166, #95, #6360, #1242, #3512, #22, #5106, #611, #1128, #3473, #5250, #3435, #134, #7367, #2910, #5684, #3400 ),
 .UNSPECIFIED., .F., .F.,
 ( 4, 2, 2, 2, 2, 2, 2, 2, 2, 2, 2, 2, 2, 2, 2, 2, 4 ),
 ( 0.5003935988724629302, 0.5628443990134054387, 0.5940697990838765818, 0.6252951991543478361, 0.6565205992248189792, 0.6877459992952901224, 0.7189713993657613766, 0.7501967994362325198, 0.7814221995067036630, 0.7970348995419392901, 0.8126475995771749172, 0.8750983997181159824, 0.8907110997533513874, 0.9063237997885866815, 0.9219364998238218645, 0.9375491998590572695, 1.000000000000000000 ),
 .UNSPECIFIED. ) ;
#6422 = AXIS2_PLACEMENT_3D ( 'NONE', #990, #6143, #1542 ) ;
#6423 = CARTESIAN_POINT ( 'NONE',  ( 3.116118621752685947, 20.58894416542819528, 13.05778446740549548 ) ) ;
#6424 = CARTESIAN_POINT ( 'NONE',  ( 5.119304911864182905, 36.95154760429511498, 13.03137399744062996 ) ) ;
#6425 = CARTESIAN_POINT ( 'NONE',  ( 3.251814073593585874, 39.01945358352107007, 13.61733902678895092 ) ) ;
#6426 = ADVANCED_BREP_SHAPE_REPRESENTATION ( 'hop dien 02 24.3', ( #289, #4182 ), #4794 ) ;
#6427 = CARTESIAN_POINT ( 'NONE',  ( 3.180847313989071168, 38.35774922569702738, 13.03869228914104106 ) ) ;
#6428 = CARTESIAN_POINT ( 'NONE',  ( 4.046280920580731966, 21.56243825940505587, 12.74521854786917530 ) ) ;
#6429 = CARTESIAN_POINT ( 'NONE',  ( 12.95710815369721480, 37.49131404604357698, 4.006514136882718624 ) ) ;
#6430 = CARTESIAN_POINT ( 'NONE',  ( -4.401520951471812104, 12.57739487106544019, -11.32671198200367613 ) ) ;
#6431 = CARTESIAN_POINT ( 'NONE',  ( 4.825236483681763389, 35.81295688305063152, 12.41282736075851467 ) ) ;
#6432 = VERTEX_POINT ( 'NONE', #7169 ) ;
#6433 = CARTESIAN_POINT ( 'NONE',  ( -12.98463330003416871, 38.20399686339546008, -3.358634340479259794 ) ) ;
#6434 = CARTESIAN_POINT ( 'NONE',  ( 0.000000000000000000, 14.00000000000000000, 0.000000000000000000 ) ) ;
#6435 = CARTESIAN_POINT ( 'NONE',  ( 13.37459829263018740, 20.13239580436374965, -2.435151695236302150 ) ) ;
#6436 = DIRECTION ( 'NONE',  ( 0.000000000000000000, 1.000000000000000000, 8.673617379884041635E-17 ) ) ;
#6437 = CARTESIAN_POINT ( 'NONE',  ( -1.309464140770330021, 19.67433740367898309, -13.42300906434764585 ) ) ;
#6438 = CARTESIAN_POINT ( 'NONE',  ( 0.000000000000000000, 45.00000000000000000, 0.000000000000000000 ) ) ;
#6439 = DIRECTION ( 'NONE',  ( -0.000000000000000000, 1.000000000000000000, -0.000000000000000000 ) ) ;
#6440 = CARTESIAN_POINT ( 'NONE',  ( 12.96337503969840199, 37.51634989908435358, -3.987858138486265247 ) ) ;
#6441 = CARTESIAN_POINT ( 'NONE',  ( 11.29153415845846098, 36.72812149340145993, 4.488015800938532252 ) ) ;
#6442 = CARTESIAN_POINT ( 'NONE',  ( 1.978901725835849224, 13.73851520122325098, -13.86153418999512255 ) ) ;
#6443 = ORIENTED_EDGE ( 'NONE', *, *, #6258, .T. ) ;
#6444 = CARTESIAN_POINT ( 'NONE',  ( 4.806041646972024850, 35.88166670483200704, -12.42184610739087702 ) ) ;
#6445 = AXIS2_PLACEMENT_3D ( 'NONE', #6093, #1491, #2533 ) ;
#6446 = CARTESIAN_POINT ( 'NONE',  ( -3.911652942236498731, 37.61535957536389674, -12.79606528306283231 ) ) ;
#6447 = CARTESIAN_POINT ( 'NONE',  ( -12.78545152826162123, 24.50000000000001421, -5.703703114510129346 ) ) ;
#6448 = CARTESIAN_POINT ( 'NONE',  ( 12.93890543194884302, 24.15336439895391862, 5.346470744137714171 ) ) ;
#6449 = DIRECTION ( 'NONE',  ( 0.000000000000000000, 0.000000000000000000, -1.000000000000000000 ) ) ;
#6450 = ORIENTED_EDGE ( 'NONE', *, *, #4261, .F. ) ;
#6451 = STYLED_ITEM ( 'NONE', ( #3785 ), #6426 ) ;
#6452 = CARTESIAN_POINT ( 'NONE',  ( -4.791252955418239701, 35.92980113625007021, -12.42872420026090019 ) ) ;
#6453 = CARTESIAN_POINT ( 'NONE',  ( 1.060665051175114781, 19.61362644894427021, -13.44955914315845469 ) ) ;
#6454 = EDGE_LOOP ( 'NONE', ( #5859, #5966, #6802, #2926 ) ) ;
#6455 = CARTESIAN_POINT ( 'NONE',  ( -13.87855329219238421, 19.29398862240143586, -1.842200009237901392 ) ) ;
#6456 = CARTESIAN_POINT ( 'NONE',  ( 13.29112398735040479, 37.47527631810180537, -4.398709034655637673 ) ) ;
#6457 = CARTESIAN_POINT ( 'NONE',  ( -12.94417618471814713, 36.45052984798618922, -5.333806400138005444 ) ) ;
#6458 = EDGE_CURVE ( 'NONE', #7365, #3450, #5990, .T. ) ;
#6459 = CARTESIAN_POINT ( 'NONE',  ( -13.01766348031940801, 20.70124649181224541, 3.251515687475137195 ) ) ;
#6460 = CARTESIAN_POINT ( 'NONE',  ( -4.162134552025653633, 20.73524224956217310, -13.36768937222492326 ) ) ;
#6461 = CARTESIAN_POINT ( 'NONE',  ( 1.027590024168304028, 39.91075805879661687, 13.96254142991348957 ) ) ;
#6462 = CARTESIAN_POINT ( 'NONE',  ( 3.270242672181837396, 38.28258263111020909, 13.01197419624450902 ) ) ;
#6463 = CARTESIAN_POINT ( 'NONE',  ( 3.649020369117455420, 21.08075893299798764, 12.88965255384727193 ) ) ;
#6464 = CARTESIAN_POINT ( 'NONE',  ( 12.14982594419685213, 19.50042295588276886, -0.3367253507142248248 ) ) ;
#6465 = CARTESIAN_POINT ( 'NONE',  ( -2.993004093864455354E-08, 19.00000048201913572, -13.99999999864344780 ) ) ;
#6466 = EDGE_LOOP ( 'NONE', ( #1981, #6884, #2314, #2630 ) ) ;
#6467 = CARTESIAN_POINT ( 'NONE',  ( -12.96736205565211719, 38.15375119696378192, -3.413462378789179130 ) ) ;
#6468 = CARTESIAN_POINT ( 'NONE',  ( -9.499999999999991118, 0.000000000000000000, 19.84313483298443970 ) ) ;
#6469 = CARTESIAN_POINT ( 'NONE',  ( 13.06358444950869924, 21.10880789792733836, -3.674223469721526136 ) ) ;
#6470 = CARTESIAN_POINT ( 'NONE',  ( -7.500000000000000000, 0.000000000000000000, -59.57475013247809414 ) ) ;
#6471 = CARTESIAN_POINT ( 'NONE',  ( -2.650315789200185623, 20.25942897350060434, -13.18168814367905561 ) ) ;
#6472 = CARTESIAN_POINT ( 'NONE',  ( -7.500000000000000000, 6.500000000000000888, -59.57475013247809414 ) ) ;
#6473 = CARTESIAN_POINT ( 'NONE',  ( -4.908659418199262880, 23.54779924257148949, 12.37316557604407485 ) ) ;
#6474 = CARTESIAN_POINT ( 'NONE',  ( 13.46197907781072090, 39.10815160916290267, -1.940459084624868602 ) ) ;
#6475 = CARTESIAN_POINT ( 'NONE',  ( 11.48514694791506763, 37.55850097080361394, -3.968759428960833446 ) ) ;
#6476 = CARTESIAN_POINT ( 'NONE',  ( 3.055594975482212927, 20.52908087909828794, -11.76274370722831186 ) ) ;
#6477 = EDGE_LOOP ( 'NONE', ( #2808, #5876, #5330, #5407 ) ) ;
#6478 = CARTESIAN_POINT ( 'NONE',  ( 4.967023529122728931, 35.07930931101386562, -12.34495114201457788 ) ) ;
#6479 = CARTESIAN_POINT ( 'NONE',  ( -4.999999708619942140, 34.58356962949728342, -12.32882844306656267 ) ) ;
#6480 = CARTESIAN_POINT ( 'NONE',  ( -0.3369661026102551138, 19.50870465536331366, -13.49609145640622110 ) ) ;
#6481 = CARTESIAN_POINT ( 'NONE',  ( 10.36363636363635266, 4.000000000000000000, 21.64705618143756638 ) ) ;
#6482 = CARTESIAN_POINT ( 'NONE',  ( 13.58643440844235606, 19.56682993754639810, 0.8189276179494252572 ) ) ;
#6483 = EDGE_CURVE ( 'NONE', #4935, #6406, #207, .T. ) ;
#6484 = FACE_BOUND ( 'NONE', #331, .T. ) ;
#6485 = ORIENTED_EDGE ( 'NONE', *, *, #422, .F. ) ;
#6486 = B_SPLINE_CURVE_WITH_KNOTS ( 'NONE', 3,
 ( #3198, #4447, #3312, #1523, #3238, #1561, #3844, #6789, #1634, #3387, #2086, #3881, #2122, #1597, #485, #5595, #1039, #3804, #7277, #6159, #2791, #6124, #1005, #2710, #5526, #5638, #2753, #6088, #6717, #418, #4370, #2673, #452, #2227, #2637, #5058, #526, #4409, #3351, #7316, #2192, #971, #4482, #6752, #5093, #4977, #3272, #5559, #5015, #7244, #7352, #3918, #6195, #1078, #4523, #1672, #3958, #6233, #383, #4941, #7205, #4069, #5163, #3993, #2826, #6985, #83, #1266, #4599, #5748, #5671, #1302, #44, #2303, #6863, #1151, #6270, #5709, #3460, #2266, #600, #5200, #1746, #5787, #4680, #2382, #4566, #3536, #2864, #6830, #8, #1868, #2340, #559, #6947, #1710, #4027, #717, #6305, #6385, #5828, #4109, #1832, #4641, #4718, #2416, #1189, #2978, #6903, #5277, #3500, #5129, #160, #1787, #4144, #6348, #1232, #675, #2938, #5238, #121, #6420, #4897, #2008, #3685, #2523, #2452, #4288, #1408, #5448, #2486, #3578, #7130, #4181, #194, #6561, #4252, #1447, #3615, #340, #1905, #1975, #3724, #815, #785, #6523, #6006, #1339, #270, #6459, #2555, #4756, #2590, #3047, #4793, #3125, #887, #5970, #7021, #7095, #4859, #7161, #5414, #854, #5898, #306, #3159, #5345, #6598, #6492, #2046, #237, #4328, #5867, #754, #3013, #5312, #7060, #1938, #4216, #1374, #3649, #5932, #3086, #5379, #4828, #6710, #1591, #3193, #3759, #377, #5050, #5518, #6041, #7307, #517, #5008, #1000, #4474, #1627, #6745, #3305, #6117, #4402, #5588, #5481, #7236, #4514, #2185, #5628, #3797 ),
 .UNSPECIFIED., .F., .F.,
 ( 4, 2, 2, 1, 2, 2, 1, 1, 2, 2, 2, 1, 2, 2, 2, 1, 1, 2, 2, 2, 1, 1, 2, 2, 2, 1, 1, 1, 2, 2, 2, 1, 2, 2, 1, 1, 2, 2, 2, 1, 1, 1, 2, 2, 2, 1, 1, 2, 2, 2, 1, 2, 2, 2, 1, 2, 2, 1, 2, 2, 1, 2, 2, 2, 2, 2, 2, 2, 2, 1, 2, 2, 1, 1, 2, 2, 2, 1, 2, 2, 2, 1, 1, 2, 2, 2, 1, 1, 2, 2, 1, 1, 1, 2, 2, 2, 1, 2, 2, 2, 1, 1, 2, 2, 2, 1, 1, 2, 2, 2, 1, 1, 2, 2, 2, 1, 2, 2, 2, 2, 2, 1, 2, 2, 2, 2, 4 ),
 ( 0.000000000000000000, 0.01562499999998361727, 0.03124999999996723454, 0.04687499999995085181, 0.05468749999994268474, 0.06249999999993452460, 0.07812499999991882882, 0.08593749999991094624, 0.08984374999990733801, 0.09374999999990372979, 0.1093749999998904210, 0.1171874999998838013, 0.1210937499998807898, 0.1249999999998777922, 0.1406249999998657740, 0.1484374999998598066, 0.1523437499998567535, 0.1542968749998555877, 0.1562499999998544220, 0.1718749999998487321, 0.1796874999998456512, 0.1835937499998444578, 0.1855468749998438471, 0.1874999999998432365, 0.2031249999998388234, 0.2109374999998366029, 0.2148437499998352429, 0.2167968749998345768, 0.2177734374998342437, 0.2187499999998339106, 0.2265624999998316069, 0.2304687499998307465, 0.2324218749998303302, 0.2343749999998299138, 0.2421874999998294975, 0.2460937499998290812, 0.2480468749998285816, 0.2499999999998280820, 0.2656249999998257505, 0.2734374999998245848, 0.2773437499998240852, 0.2792968749998238631, 0.2802734374998237521, 0.2812499999998236966, 0.2968749999998233080, 0.3046874999998228639, 0.3085937499998226419, 0.3105468749998225864, 0.3124999999998225308, 0.3281249999998228639, 0.3359374999998232525, 0.3398437499998234190, 0.3437499999998235856, 0.3593749999998240297, 0.3671874999998240852, 0.3710937499998241962, 0.3749999999998243072, 0.3906249999998254729, 0.3984374999998259725, 0.4062499999998265277, 0.4218749999998276379, 0.4296874999998281930, 0.4374999999998287481, 0.4531249999998300804, 0.4687499999998314681, 0.4999999999998342437, 0.5312499999998370193, 0.5468749999998383515, 0.5624999999998397948, 0.5781249999998411271, 0.5859374999998416822, 0.5937499999998423483, 0.6093749999998432365, 0.6171874999998437916, 0.6210937499998440137, 0.6249999999998442357, 0.6406249999998450129, 0.6484374999998453459, 0.6523437499998454570, 0.6562499999998455680, 0.6718749999998460121, 0.6796874999998463451, 0.6835937499998465672, 0.6855468749998466782, 0.6874999999998466782, 0.7031249999998493427, 0.7109374999998504530, 0.7148437499998511191, 0.7167968749998514522, 0.7187499999998516742, 0.7265624999998540057, 0.7304687499998548939, 0.7324218749998552269, 0.7333984374998553379, 0.7343749999998554490, 0.7421874999998597788, 0.7460937499998621103, 0.7480468749998632205, 0.7499999999998644418, 0.7656249999998727684, 0.7734374999998770983, 0.7773437499998793188, 0.7792968749998800959, 0.7812499999998809841, 0.7968749999998866462, 0.8046874999998895328, 0.8085937499998908651, 0.8105468749998914202, 0.8124999999998920863, 0.8281249999998968603, 0.8359374999998989697, 0.8398437499999004130, 0.8417968749999013012, 0.8437499999999023004, 0.8593749999999091838, 0.8671874999999127365, 0.8710937499999148459, 0.8749999999999169553, 0.8906249999999273914, 0.8984374999999328315, 0.9062499999999382716, 0.9218749999999491518, 0.9296874999999542588, 0.9374999999999593658, 0.9531249999999695799, 0.9687499999999796829, 1.000000000000000000 ),
 .UNSPECIFIED. ) ;
#6487 = CARTESIAN_POINT ( 'NONE',  ( -4.191937188782742574, 37.22552288191218395, -12.68809945280439955 ) ) ;
#6488 = ADVANCED_FACE ( 'NONE', ( #3277 ), #4980, .T. ) ;
#6489 = CARTESIAN_POINT ( 'NONE',  ( 3.468797687771173699, 20.89773597104810321, -12.94980138875800968 ) ) ;
#6490 = CARTESIAN_POINT ( 'NONE',  ( -13.98461992168038748, 19.03649825695849529, 0.6626552606838044257 ) ) ;
#6491 = CARTESIAN_POINT ( 'NONE',  ( 13.44063961180647659, 39.05077876638323886, 2.077710374512814262 ) ) ;
#6492 = CARTESIAN_POINT ( 'NONE',  ( -12.81681985180639316, 21.31546214370861492, 3.854718054371532254 ) ) ;
#6493 = ADVANCED_FACE ( 'NONE', ( #2090, #6163 ), #7247, .T. ) ;
#6494 = DIRECTION ( 'NONE',  ( 2.602085213965210149E-16, -1.000000000000000000, 6.587992640854282034E-16 ) ) ;
#6495 = CARTESIAN_POINT ( 'NONE',  ( -4.731152084026923887, 36.11956862259695811, 12.45659356369185566 ) ) ;
#6496 = CARTESIAN_POINT ( 'NONE',  ( 3.755123246595809317, 37.80149780116941827, 12.85256368322767884 ) ) ;
#6497 = CARTESIAN_POINT ( 'NONE',  ( 11.18885767316186985, 22.87050863427991132, 4.738177733636971034 ) ) ;
#6498 = CARTESIAN_POINT ( 'NONE',  ( 4.550245928475909807, 36.57886062731409282, 12.53805450426572499 ) ) ;
#6499 = CARTESIAN_POINT ( 'NONE',  ( -7.499999999999991118, 6.500000000000012434, 11.82159041753689444 ) ) ;
#6500 = DIRECTION ( 'NONE',  ( -1.206107350727848108E-16, 0.000000000000000000, -1.000000000000000000 ) ) ;
#6501 = CARTESIAN_POINT ( 'NONE',  ( 12.74761938437630526, 22.50308473586537161, -4.583962911123136585 ) ) ;
#6502 = CARTESIAN_POINT ( 'NONE',  ( -5.000000000000010658, 24.50000000000000000, -12.32882846293107271 ) ) ;
#6503 = CARTESIAN_POINT ( 'NONE',  ( -0.3355060095337654147, 19.51059107874397114, -13.49525739537452829 ) ) ;
#6504 = CARTESIAN_POINT ( 'NONE',  ( -5.703703114510189742, 34.49999999999998579, -12.78545152826159637 ) ) ;
#6505 = CARTESIAN_POINT ( 'NONE',  ( 12.59116526295032834, 35.08063397220873014, -4.966345494870360255 ) ) ;
#6506 = CARTESIAN_POINT ( 'NONE',  ( 13.10070940871314704, 38.02065283709971055, -3.550365418857805100 ) ) ;
#6507 = CARTESIAN_POINT ( 'NONE',  ( -2.610263671726355206, 38.76476014875694887, 13.19117405389800446 ) ) ;
#6508 = CARTESIAN_POINT ( 'NONE',  ( -7.500000000000000000, 14.00000000000000000, -59.57475013247809414 ) ) ;
#6509 = VERTEX_POINT ( 'NONE', #2127 ) ;
#6510 = CARTESIAN_POINT ( 'NONE',  ( 13.33871257018312839, 37.68140039185147572, 4.256846371749037239 ) ) ;
#6511 = DIRECTION ( 'NONE',  ( -0.000000000000000000, 1.000000000000000000, -0.000000000000000000 ) ) ;
#6512 = CARTESIAN_POINT ( 'NONE',  ( 13.44069452683205057, 19.94942191162406431, 2.072179995245715833 ) ) ;
#6513 = CARTESIAN_POINT ( 'NONE',  ( -13.96209530386597919, 39.90968802780633951, -1.033665515213554764 ) ) ;
#6514 = CARTESIAN_POINT ( 'NONE',  ( 0.000000000000000000, 44.74999999999998579, 0.000000000000000000 ) ) ;
#6515 = ORIENTED_EDGE ( 'NONE', *, *, #3732, .T. ) ;
#6516 = CARTESIAN_POINT ( 'NONE',  ( -4.916807255293307755, 35.40926059255255609, -12.36925077361445169 ) ) ;
#6517 = CARTESIAN_POINT ( 'NONE',  ( 2.837454672734987415, 20.38302594495915088, -13.13425294054489356 ) ) ;
#6518 = CARTESIAN_POINT ( 'NONE',  ( 13.61302226140998606, 20.37228431442306587, -3.269676868201025322 ) ) ;
#6519 = VERTEX_POINT ( 'NONE', #3315 ) ;
#6520 = CARTESIAN_POINT ( 'NONE',  ( -13.48484535929837946, 20.36658568045720585, -3.763014771086032439 ) ) ;
#6521 = CARTESIAN_POINT ( 'NONE',  ( 12.84499785600954347, 37.00754664881201705, 4.326522238050027447 ) ) ;
#6522 = CIRCLE ( 'NONE', #2820, 13.75000000000005862 ) ;
#6523 = CARTESIAN_POINT ( 'NONE',  ( -13.04939739922650688, 20.61244395041028099, 3.144364604730710333 ) ) ;
#6524 = AXIS2_PLACEMENT_3D ( 'NONE', #2294, #1822, #6261 ) ;
#6525 = CARTESIAN_POINT ( 'NONE',  ( -4.462162773393911763, 21.07307915345051086, -13.27000021754861159 ) ) ;
#6526 = CARTESIAN_POINT ( 'NONE',  ( -4.366010438661046322, 36.93814034119377254, 12.61693223441079326 ) ) ;
#6527 = CARTESIAN_POINT ( 'NONE',  ( 2.798679341133292642, 38.64336593872924652, 13.14430010082330114 ) ) ;
#6528 = CARTESIAN_POINT ( 'NONE',  ( -11.14561919677888291, 23.19420817392866496, 4.837629265843684578 ) ) ;
#6529 = CARTESIAN_POINT ( 'NONE',  ( 11.88997045172960654, 20.16663889713824531, -2.515724550329366149 ) ) ;
#6530 = CARTESIAN_POINT ( 'NONE',  ( -18.50000000000000000, 0.000000000000000000, 1.750000000000000000 ) ) ;
#6531 = ADVANCED_FACE ( 'NONE', ( #5061 ), #6721, .T. ) ;
#6532 = ORIENTED_EDGE ( 'NONE', *, *, #4860, .F. ) ;
#6533 = CARTESIAN_POINT ( 'NONE',  ( -1.735820950749145331, 13.80061545311244231, 13.89414320823695626 ) ) ;
#6534 = CARTESIAN_POINT ( 'NONE',  ( 5.000000000000005329, 34.50000000000000000, -22.79802623035600462 ) ) ;
#6535 = CARTESIAN_POINT ( 'NONE',  ( 12.59083981309923672, 23.92145907294140628, -4.967111133348352858 ) ) ;
#6536 = CARTESIAN_POINT ( 'NONE',  ( 18.50000000000000000, 0.000000000000000000, 0.000000000000000000 ) ) ;
#6537 = CARTESIAN_POINT ( 'NONE',  ( 0.8196811705556442673, 19.56695404817262229, -13.47015723515028540 ) ) ;
#6538 = LINE ( 'NONE', #867, #5849 ) ;
#6539 = CARTESIAN_POINT ( 'NONE',  ( -3.634023472299189539, 21.06536421908402801, 12.89465438079281334 ) ) ;
#6540 = CARTESIAN_POINT ( 'NONE',  ( 13.58654915843890976, 39.43346608105374429, -0.8171459113396197793 ) ) ;
#6541 = CARTESIAN_POINT ( 'NONE',  ( -2.751414200969859003, 38.67490519576335828, 13.15636920600752546 ) ) ;
#6542 = ORIENTED_EDGE ( 'NONE', *, *, #2383, .F. ) ;
#6543 = CARTESIAN_POINT ( 'NONE',  ( -12.69995325007536913, 37.27069833684678457, 4.162132685199478210 ) ) ;
#6544 = CARTESIAN_POINT ( 'NONE',  ( -4.550245928475931123, 36.57886062731407861, -12.53805450426570722 ) ) ;
#6545 = CARTESIAN_POINT ( 'NONE',  ( -2.848367512106090071, 20.38997928258775616, -13.13155950006752626 ) ) ;
#6546 = CARTESIAN_POINT ( 'NONE',  ( -0.7498821077379302924, 39.95526937444449800, 13.98115631734207476 ) ) ;
#6547 = CARTESIAN_POINT ( 'NONE',  ( 13.53601445380625101, 19.69620973051924295, -1.387554253608784371 ) ) ;
#6548 = VECTOR ( 'NONE', #1388, 1000.000000000000000 ) ;
#6549 = CARTESIAN_POINT ( 'NONE',  ( -13.98461992168038925, 39.96350174304151892, -0.6626552606837747827 ) ) ;
#6550 = CARTESIAN_POINT ( 'NONE',  ( -12.32882846293112422, 24.50000000000000000, -5.000000000000000000 ) ) ;
#6551 = FACE_OUTER_BOUND ( 'NONE', #918, .T. ) ;
#6552 = ORIENTED_EDGE ( 'NONE', *, *, #2248, .T. ) ;
#6553 = VECTOR ( 'NONE', #2976, 1000.000000000000000 ) ;
#6554 = CARTESIAN_POINT ( 'NONE',  ( -0.8997072181627366882, 39.41909219733346958, -13.46397707461672688 ) ) ;
#6555 = CARTESIAN_POINT ( 'NONE',  ( 4.867996716262329215, 23.35572582149749721, 12.39260856760606444 ) ) ;
#6556 = CARTESIAN_POINT ( 'NONE',  ( 13.99982975508212135, 19.29095497723709940, 0.08201676129515118874 ) ) ;
#6557 = ORIENTED_EDGE ( 'NONE', *, *, #4860, .T. ) ;
#6558 = CARTESIAN_POINT ( 'NONE',  ( -13.59906280377225052, 20.03196965641462057, -3.327365498151747314 ) ) ;
#6559 = CARTESIAN_POINT ( 'NONE',  ( -12.90882221739418512, 37.97853837652175457, 3.592534665436430963 ) ) ;
#6560 = CARTESIAN_POINT ( 'NONE',  ( -13.79972997050407102, 39.50771755868164803, 2.366000228165064723 ) ) ;
#6561 = CARTESIAN_POINT ( 'NONE',  ( -13.17848589096282197, 20.26774025538585988, 2.662901581447206567 ) ) ;
#6562 = ORIENTED_EDGE ( 'NONE', *, *, #745, .F. ) ;
#6563 = CIRCLE ( 'NONE', #2031, 1.499999999999984013 ) ;
#6564 = CARTESIAN_POINT ( 'NONE',  ( 0.000000000000000000, 44.75000000000005684, 0.000000000000000000 ) ) ;
#6565 = CARTESIAN_POINT ( 'NONE',  ( -2.226058449136672834, 38.98006685220514811, 13.27703707854270831 ) ) ;
#6566 = CARTESIAN_POINT ( 'NONE',  ( 2.217311639076807062, 38.98221318507111022, 13.27809444954031370 ) ) ;
#6567 = SURFACE_SIDE_STYLE ('',( #3020 ) ) ;
#6568 = CARTESIAN_POINT ( 'NONE',  ( -2.226075529799538266, 38.98894742385296297, 11.94821102485785325 ) ) ;
#6569 = EDGE_CURVE ( 'NONE', #4919, #2618, #4948, .T. ) ;
#6570 = CARTESIAN_POINT ( 'NONE',  ( 5.551181107074085297, 23.23335745833972865, -12.85243243400181257 ) ) ;
#6571 = VECTOR ( 'NONE', #1351, 1000.000000000000000 ) ;
#6572 = ORIENTED_EDGE ( 'NONE', *, *, #6569, .F. ) ;
#6573 = CARTESIAN_POINT ( 'NONE',  ( -12.46225512917723499, 36.15381380471224304, -4.718749163052997631 ) ) ;
#6574 = DIRECTION ( 'NONE',  ( 0.000000000000000000, -1.000000000000000000, 0.000000000000000000 ) ) ;
#6575 = EDGE_CURVE ( 'NONE', #4630, #5650, #7321, .T. ) ;
#6576 = CARTESIAN_POINT ( 'NONE',  ( -1.310459215789031795, 39.85595341747522014, -13.93976590883175248 ) ) ;
#6577 = CARTESIAN_POINT ( 'NONE',  ( -1.067859494714901158, 19.61518809545065878, -13.44887353666779006 ) ) ;
#6578 = CARTESIAN_POINT ( 'NONE',  ( 12.93429922887929528, 24.50000000000001421, 5.357602398257307108 ) ) ;
#6579 = CARTESIAN_POINT ( 'NONE',  ( -3.178498908779685106, 20.64031409042291543, 13.03938560544593628 ) ) ;
#6580 = CARTESIAN_POINT ( 'NONE',  ( 13.19769430813498445, 38.33986164154030263, -3.202429371520942869 ) ) ;
#6581 = CARTESIAN_POINT ( 'NONE',  ( -3.973706809239059723, 37.53583386674211653, 12.77291130180553225 ) ) ;
#6582 = VERTEX_POINT ( 'NONE', #4413 ) ;
#6583 = CARTESIAN_POINT ( 'NONE',  ( -12.97024241561820723, 38.16240835194356862, 3.404904219921364383 ) ) ;
#6584 = CARTESIAN_POINT ( 'NONE',  ( -4.803068752773862471, 35.89183404452901982, -12.42323527582722598 ) ) ;
#6585 = LINE ( 'NONE', #6481, #1815 ) ;
#6586 = CARTESIAN_POINT ( 'NONE',  ( 13.60873565678211605, 19.51053640912913067, -0.3346638630660230818 ) ) ;
#6587 = CARTESIAN_POINT ( 'NONE',  ( -13.98027744105184311, 39.95316568493409193, 0.7487021014490816695 ) ) ;
#6588 = FILL_AREA_STYLE_COLOUR ( '', #6800 ) ;
#6589 = DIRECTION ( 'NONE',  ( 0.000000000000000000, 0.000000000000000000, -1.000000000000000000 ) ) ;
#6590 = ORIENTED_EDGE ( 'NONE', *, *, #7031, .F. ) ;
#6591 = CARTESIAN_POINT ( 'NONE',  ( -2.434399678889654250, 38.86738792317277102, -13.23176100207888162 ) ) ;
#6592 = CARTESIAN_POINT ( 'NONE',  ( -0.3251165232860336873, 19.51040677013376978, 13.49534014820028638 ) ) ;
#6593 = CARTESIAN_POINT ( 'NONE',  ( 13.90201286699586092, 19.54477509085846165, -1.655667741171268803 ) ) ;
#6594 = EDGE_LOOP ( 'NONE', ( #4346, #2932, #2816, #30 ) ) ;
#6595 = CARTESIAN_POINT ( 'NONE',  ( -12.79074651076274982, 24.13355947988195993, -5.691821390612596510 ) ) ;
#6596 = CARTESIAN_POINT ( 'NONE',  ( -12.38488320632254691, 35.57305612334325673, 4.884201991027547152 ) ) ;
#6597 = CARTESIAN_POINT ( 'NONE',  ( -13.03173118341545056, 36.95334192809715290, 5.118402790661045643 ) ) ;
#6598 = CARTESIAN_POINT ( 'NONE',  ( -12.81883183690643691, 21.30877759090498813, 3.849181933423394320 ) ) ;
#6599 = ORIENTED_EDGE ( 'NONE', *, *, #5798, .T. ) ;
#6600 = CARTESIAN_POINT ( 'NONE',  ( -4.631242855630083533, 21.28840497022670419, -13.21192781359199842 ) ) ;
#6601 = CARTESIAN_POINT ( 'NONE',  ( 5.504343272044741830, 35.94425244600731162, 12.87256149494084490 ) ) ;
#6602 = CARTESIAN_POINT ( 'NONE',  ( -13.03412276383323487, 36.94826846959188771, 5.110825507945291335 ) ) ;
#6603 = CARTESIAN_POINT ( 'NONE',  ( -13.79972997042970917, 19.49228244152635625, -2.366000228633833746 ) ) ;
#6604 = CARTESIAN_POINT ( 'NONE',  ( 12.62173650920787793, 35.52329457572378146, 4.894342595336055091 ) ) ;
#6605 = CARTESIAN_POINT ( 'NONE',  ( -0.6579593970587028773, 39.46751351728808288, 12.13652228187247495 ) ) ;
#6606 = CARTESIAN_POINT ( 'NONE',  ( 12.62570496724881508, 23.43043134056327048, 4.884925734175519452 ) ) ;
#6607 = ADVANCED_FACE ( 'NONE', ( #7356, #6092 ), #6683, .F. ) ;
#6608 = CARTESIAN_POINT ( 'NONE',  ( 5.000000000000007994, 24.50000000000000000, 11.07350441368946647 ) ) ;
#6609 = CARTESIAN_POINT ( 'NONE',  ( 5.507218689092050035, 23.06597965546525941, 12.87133118078475924 ) ) ;
#6610 = CARTESIAN_POINT ( 'NONE',  ( 12.95874204422272769, 21.50217584113870828, -4.001642435425493360 ) ) ;
#6611 = CARTESIAN_POINT ( 'NONE',  ( -4.522388256859958489, 37.85621365908124858, -13.25002322966350476 ) ) ;
#6612 = CARTESIAN_POINT ( 'NONE',  ( 4.956440746733075109, 23.83623019435801993, -12.35010137138236885 ) ) ;
#6613 = DIRECTION ( 'NONE',  ( 0.000000000000000000, 0.000000000000000000, 1.000000000000000000 ) ) ;
#6614 = CARTESIAN_POINT ( 'NONE',  ( -3.885576650966529488, 21.35317356189210969, 12.80554299142557895 ) ) ;
#6615 = CARTESIAN_POINT ( 'NONE',  ( 13.23846942881937494, 38.46706820313237074, -3.043478447631867922 ) ) ;
#6616 = CARTESIAN_POINT ( 'NONE',  ( -1.066920012598310041, 39.38552186761744167, 13.44917931707811043 ) ) ;
#6617 = VERTEX_POINT ( 'NONE', #977 ) ;
#6618 = CARTESIAN_POINT ( 'NONE',  ( -12.89465438079410831, 37.93463578091594712, 3.634023472299197532 ) ) ;
#6619 = CARTESIAN_POINT ( 'NONE',  ( 13.54700165115387200, 38.41802963980686769, -3.535270842006332348 ) ) ;
#6620 = CARTESIAN_POINT ( 'NONE',  ( -3.457289114424699772, 20.88785966711404996, -12.95327285080458779 ) ) ;
#6621 = CARTESIAN_POINT ( 'NONE',  ( -18.50000000000000000, 4.000000000000000000, -2.250000000000015987 ) ) ;
#6622 = CARTESIAN_POINT ( 'NONE',  ( 13.48673868718754143, 19.82556625735577427, -1.776610990561376946 ) ) ;
#6623 = CARTESIAN_POINT ( 'NONE',  ( -13.99994996193350971, 39.99988109358798738, -0.1013573958687007115 ) ) ;
#6624 = SHAPE_DEFINITION_REPRESENTATION ( #7290, #6426 ) ;
#6625 = FACE_OUTER_BOUND ( 'NONE', #6874, .T. ) ;
#6626 = ORIENTED_EDGE ( 'NONE', *, *, #1145, .T. ) ;
#6627 = EDGE_CURVE ( 'NONE', #37, #4670, #4662, .T. ) ;
#6628 = CARTESIAN_POINT ( 'NONE',  ( -3.038730736924730280, 38.47148708902575009, -13.07983998616155752 ) ) ;
#6629 = CARTESIAN_POINT ( 'NONE',  ( 2.226058449136650630, 20.01993314779484123, 13.27703707854271542 ) ) ;
#6630 = CARTESIAN_POINT ( 'NONE',  ( 13.79651999433978027, 19.83130435893689736, -2.383344043820422975 ) ) ;
#6631 = EDGE_LOOP ( 'NONE', ( #3826, #6024, #2097, #1347 ) ) ;
#6632 = CARTESIAN_POINT ( 'NONE',  ( -13.11200982208081989, 20.44201250136330117, 2.921370146246554889 ) ) ;
#6633 = CARTESIAN_POINT ( 'NONE',  ( -12.94665238860166312, 38.09285274116029996, 3.478209825829477797 ) ) ;
#6634 = CARTESIAN_POINT ( 'NONE',  ( 5.000000000000005329, 34.50000000000000000, -11.07350441368946115 ) ) ;
#6635 = CARTESIAN_POINT ( 'NONE',  ( -4.480983187411008650, 36.72426943736228111, -11.29381041414358755 ) ) ;
#6636 = ORIENTED_EDGE ( 'NONE', *, *, #2694, .T. ) ;
#6637 = CARTESIAN_POINT ( 'NONE',  ( 2.534693009025648536, 19.56967978339090308, 13.76964318338129267 ) ) ;
#6638 = CARTESIAN_POINT ( 'NONE',  ( -4.991646442905445902, 34.83257872955967116, 12.33293925967238813 ) ) ;
#6639 = CARTESIAN_POINT ( 'NONE',  ( -12.34890162366675881, 35.16046506117119463, -4.958924597476662477 ) ) ;
#6640 = CARTESIAN_POINT ( 'NONE',  ( -12.94498447944936714, 22.54453215048366843, -5.331842600272809207 ) ) ;
#6641 = CARTESIAN_POINT ( 'NONE',  ( 5.573798846018106268, 35.67062650294250403, -12.84263088824929255 ) ) ;
#6642 = CARTESIAN_POINT ( 'NONE',  ( -5.703703114510168426, 24.50000000000001421, 12.78545152826160347 ) ) ;
#6643 = CARTESIAN_POINT ( 'NONE',  ( -12.32882846293113310, 34.49999999999999289, -4.999999999999999112 ) ) ;
#6644 = CARTESIAN_POINT ( 'NONE',  ( 4.099381769780390705, 20.67484212788996700, 13.38654822533801969 ) ) ;
#6645 = CARTESIAN_POINT ( 'NONE',  ( -10.14772727272725739, 4.000000000000000000, 21.19607584432427672 ) ) ;
#6646 = DIRECTION ( 'NONE',  ( -0.000000000000000000, 1.000000000000000000, -0.000000000000000000 ) ) ;
#6647 = CARTESIAN_POINT ( 'NONE',  ( 3.329240443822291784, 20.76934115238630341, -12.99383504092416786 ) ) ;
#6648 = CARTESIAN_POINT ( 'NONE',  ( 2.368581814781206329, 39.50657874172458150, -13.79928632303849945 ) ) ;
#6649 = CARTESIAN_POINT ( 'NONE',  ( -3.180847314005034843, 20.64225077431611766, 13.03869228913633904 ) ) ;
#6650 = CARTESIAN_POINT ( 'NONE',  ( 13.61300902718840611, 39.50019098156301567, -0.1578876557566327443 ) ) ;
#6651 = CARTESIAN_POINT ( 'NONE',  ( -4.867952758513000688, 35.64223113244126750, 12.39261419211442572 ) ) ;
#6652 = ORIENTED_EDGE ( 'NONE', *, *, #1734, .F. ) ;
#6653 = CIRCLE ( 'NONE', #2705, 1.999999999999998224 ) ;
#6654 = CARTESIAN_POINT ( 'NONE',  ( -12.65857047868287744, 37.10967645190076070, 4.265120868586351754 ) ) ;
#6655 = CARTESIAN_POINT ( 'NONE',  ( 6.491124190651298420, 10.28793003819653329, 10.27552159001598930 ) ) ;
#6656 = CARTESIAN_POINT ( 'NONE',  ( -4.598940812185863258, 22.53782541333378830, -12.51632130457026371 ) ) ;
#6657 = CARTESIAN_POINT ( 'NONE',  ( 1.484806420479564348, 19.18656704524872225, -13.92220683203125908 ) ) ;
#6658 = CARTESIAN_POINT ( 'NONE',  ( 12.89204722549650128, 21.77916115161367827, 4.195667855157427795 ) ) ;
#6659 = CARTESIAN_POINT ( 'NONE',  ( 13.29212853965149321, 38.62908878708056193, 2.819983176043906248 ) ) ;
#6660 = VECTOR ( 'NONE', #2958, 1000.000000000000000 ) ;
#6661 = DIRECTION ( 'NONE',  ( 0.000000000000000000, 1.000000000000000000, 0.000000000000000000 ) ) ;
#6662 = ORIENTED_EDGE ( 'NONE', *, *, #6937, .T. ) ;
#6663 = CARTESIAN_POINT ( 'NONE',  ( -2.385091477204794863, 38.89451793109031996, -13.24262678785274794 ) ) ;
#6664 = CARTESIAN_POINT ( 'NONE',  ( -5.396869404841534212, 36.28868391670797422, -12.91810128357445642 ) ) ;
#6665 = CARTESIAN_POINT ( 'NONE',  ( -4.916655703749123418, 23.58992786611576875, 12.36932284729515352 ) ) ;
#6666 = CARTESIAN_POINT ( 'NONE',  ( 13.98233170932146052, 19.33556832016954630, -0.7085224983825471057 ) ) ;
#6667 = ORIENTED_EDGE ( 'NONE', *, *, #1840, .F. ) ;
#6668 = CARTESIAN_POINT ( 'NONE',  ( -12.96501269751933094, 20.85162808873018037, 3.422768817904693783 ) ) ;
#6669 = CARTESIAN_POINT ( 'NONE',  ( 0.000000000000000000, 45.00000000000000000, -12.15000000000000036 ) ) ;
#6670 = CARTESIAN_POINT ( 'NONE',  ( 7.499999999999991118, 4.669203747859699050, 12.21334375751844981 ) ) ;
#6671 = DIRECTION ( 'NONE',  ( 0.000000000000000000, 0.000000000000000000, -1.000000000000000000 ) ) ;
#6672 = ORIENTED_EDGE ( 'NONE', *, *, #1514, .F. ) ;
#6673 = VECTOR ( 'NONE', #5091, 1000.000000000000000 ) ;
#6674 = AXIS2_PLACEMENT_3D ( 'NONE', #1109, #3730, #7206 ) ;
#6675 = ADVANCED_FACE ( 'NONE', ( #2714 ), #5279, .F. ) ;
#6676 = CARTESIAN_POINT ( 'NONE',  ( -6.496594062726485319, 10.27866157259092894, -12.40503512793322649 ) ) ;
#6677 = CARTESIAN_POINT ( 'NONE',  ( 13.28983208453768583, 37.46982001904184756, 4.402610886037099824 ) ) ;
#6678 = CARTESIAN_POINT ( 'NONE',  ( -12.45659356369190363, 36.11956862259695811, -4.731152084026907900 ) ) ;
#6679 = CARTESIAN_POINT ( 'NONE',  ( -12.78545152826162123, 24.50000000000001421, -5.703703114510129346 ) ) ;
#6680 = CARTESIAN_POINT ( 'NONE',  ( 4.789679312829610680, 37.48769974709129826, -13.15530250175442717 ) ) ;
#6681 = CARTESIAN_POINT ( 'NONE',  ( -12.32882846293113310, 34.49999999999999289, -4.999999999999999112 ) ) ;
#6682 = CARTESIAN_POINT ( 'NONE',  ( 2.864371766497063376, 19.74300992945325106, 13.70408635373658690 ) ) ;
#6683 = CYLINDRICAL_SURFACE ( 'NONE', #5261, 12.15000000000000036 ) ;
#6684 = CARTESIAN_POINT ( 'NONE',  ( -5.629045868437838607, 35.40515404674718525, 12.81855921369412421 ) ) ;
#6685 = DIRECTION ( 'NONE',  ( 0.000000000000000000, 0.000000000000000000, -1.000000000000000000 ) ) ;
#6686 = CARTESIAN_POINT ( 'NONE',  ( 0.1879400664666992515, 39.99776147043787944, -13.99905282046316657 ) ) ;
#6687 = CARTESIAN_POINT ( 'NONE',  ( -4.367017851428017572, 22.06383561423340822, 12.61649916010744299 ) ) ;
#6688 = CARTESIAN_POINT ( 'NONE',  ( 13.25638622694202340, 38.52180297372255069, 2.970768941723615164 ) ) ;
#6689 = CARTESIAN_POINT ( 'NONE',  ( -4.246700769434925249, 37.14047635474239684, 12.66613266075004773 ) ) ;
#6690 = EDGE_LOOP ( 'NONE', ( #63, #3141, #3875, #2579 ) ) ;
#6691 = PRESENTATION_LAYER_ASSIGNMENT (  '', '', ( #3832 ) ) ;
#6692 = CARTESIAN_POINT ( 'NONE',  ( -13.26280562132641805, 38.94467273587100209, 2.291739839495864572 ) ) ;
#6693 = LINE ( 'NONE', #1574, #5977 ) ;
#6694 = B_SPLINE_SURFACE_WITH_KNOTS ( 'NONE', 1, 3, ( 
 ( #2861, #4022, #3953, #5825, #4715, #6982, #158, #6825, #1146, #3419, #1741, #5124, #5704, #5666, #2414, #5782, #2337, #594, #1227, #5159, #1184, #40, #2, #6228, #3455, #1111, #3382, #5743, #630, #6898, #2893, #5195, #78, #4065, #6343, #3495, #2933, #5233, #6003, #192, #7129, #752, #303, #7092, #6418, #5967, #1299, #2007, #3574, #4894, #812, #3010, #3083, #5896, #1444, #3682, #6490, #4789, #852, #5864, #234, #1866, #2553, #884, #4178, #5377, #1972, #4286, #783, #3045, #1405, #268, #2483, #3721, #6455, #2521, #5412, #1371, #1336, #4824, #4857, #7018, #3122, #3156, #6558, #1902, #5445, #4249, #7057, #6520, #337, #5928, #2587, #5310, #4753, #5341, #1934, #4142, #2451, #3612, #4213, #3646, #1511, #997, #7267, #6037, #3907, #5585, #2778, #3264, #2182, #2625, #960, #5515, #2112, #4931, #5047, #5550, #3190, #3870, #2739, #443, #6595, #2149, #4439, #2701 ),
 ( #3794, #1624, #3834, #5005, #6074, #476, #515, #6742, #919, #7304, #5625, #3227, #6707, #4471, #1588, #5478, #6150, #1029, #4398, #409, #3301, #6186, #1066, #3340, #7158, #4325, #2043, #1477, #3756, #6668, #374, #7196, #2076, #4360, #6632, #2663, #4969, #7232, #1551, #6114, #2814, #4511, #663, #3376, #2887, #5189, #6778, #7342, #3947, #1220, #1699, #2217, #3488, #4098, #1178, #4590, #2924, #5225, #108, #5661, #6376, #5775, #70, #4016, #6223, #2367, #2329, #6931, #3982, #5083, #4668, #549, #1661, #1821, #5736, #1257, #5117, #3527, #7381, #2256, #5816, #4628, #1105, #1774, #4554, #704, #6820, #6260, #3448, #1140, #624, #3413, #5697, #6890, #2293, #589, #6337, #2855, #34, #6854, #1399, #7120, #185, #4207, #3076, #5405, #4171, #3605, #2513, #3639, #777, #2546, #4747, #5369, #843, #227, #4783, #1963, #4851, #3004, #7050, #5856, #1997, #1861, #4279, #6550 ) ),
 .UNSPECIFIED., .F., .F., .F.,
 ( 2, 2 ),
 ( 4, 2, 2, 2, 2, 2, 2, 2, 2, 2, 2, 2, 2, 2, 2, 2, 2, 2, 2, 2, 2, 2, 2, 2, 2, 2, 2, 2, 2, 2, 2, 2, 2, 2, 2, 2, 2, 2, 2, 2, 2, 2, 2, 2, 2, 2, 2, 2, 2, 2, 2, 2, 2, 2, 2, 2, 2, 2, 2, 2, 2, 2, 4 ),
 ( 0.000000000000000000, 1.000000000000000000 ),
 ( 0.000000000000000000, 0.0005430559330015016567, 0.001086111866003003313, 0.001357639832503754196, 0.001629167799004504862, 0.001900695765505255744, 0.002172223732006006627, 0.002443751698506757726, 0.002715279665007508392, 0.002986807631508259057, 0.003258335598009009723, 0.003529863564509760389, 0.003801391531010511488, 0.004072919497511262588, 0.004344447464012013253, 0.004887503397013515452, 0.005159031363514266118, 0.005294795346764641017, 0.005430559330015016783, 0.005702087296515767449, 0.005973615263016518115, 0.006516671196018019446, 0.007059727129019520778, 0.007195491112269896544, 0.007331255095520272311, 0.007467019078770648077, 0.007602783062021022976, 0.007874311028521773642, 0.008145838995022525175, 0.008417366961523276708, 0.008688894928024026507, 0.008960422894524776305, 0.009096186877775152071, 0.009231950861025527838, 0.009503478827526279371, 0.009775006794027030904, 0.01031806272702853224, 0.01058959069352928203, 0.01086111866003003357, 0.01113264662653078510, 0.01140417459303153490, 0.01194723052603303623, 0.01221875849253378776, 0.01249028645903453756, 0.01262605044228491333, 0.01276181442553528736, 0.01303334239203603889, 0.01330487035853679043, 0.01357639832503754022, 0.01384792629153829002, 0.01411945425803904156, 0.01439098222453979309, 0.01452674620779016885, 0.01466251019104054462, 0.01520556612404204595, 0.01574862205704354728, 0.01602015002354429882, 0.01629167799004505035, 0.01642744197329542438, 0.01656320595654580188, 0.01683473392304655342, 0.01710626188954730148, 0.01737778985604805301 ),
 .UNSPECIFIED. ) ;
#6695 = CARTESIAN_POINT ( 'NONE',  ( 13.44454795706928607, 19.93892246684905345, 2.049243471690497920 ) ) ;
#6696 = CARTESIAN_POINT ( 'NONE',  ( 2.106512885492506815, 19.38803811586794978, -13.84089460905202529 ) ) ;
#6697 = CARTESIAN_POINT ( 'NONE',  ( 13.24593313968284392, 20.50999895275344898, 3.013559184631659615 ) ) ;
#6698 = CARTESIAN_POINT ( 'NONE',  ( 12.97136923651289031, 37.54837381475794444, 3.964103102103793574 ) ) ;
#6699 = CARTESIAN_POINT ( 'NONE',  ( 4.966586009446703365, 35.16573300706096461, 11.08876428268567516 ) ) ;
#6700 = VERTEX_POINT ( 'NONE', #6645 ) ;
#6701 = CARTESIAN_POINT ( 'NONE',  ( -1.378850487522800483, 39.30683994543868209, -13.41481708061280997 ) ) ;
#6702 = CARTESIAN_POINT ( 'NONE',  ( 4.886122869753430464, 35.56420600412830879, -12.38396570382933781 ) ) ;
#6703 = EDGE_CURVE ( 'NONE', #1923, #6118, #5631, .T. ) ;
#6704 = CARTESIAN_POINT ( 'NONE',  ( -4.884201991027558698, 23.42694387665677169, 12.38488320632250783 ) ) ;
#6705 = CARTESIAN_POINT ( 'NONE',  ( 13.62256442226043163, 20.34283584593836025, 3.229090382974581175 ) ) ;
#6706 = ORIENTED_EDGE ( 'NONE', *, *, #147, .T. ) ;
#6707 = CARTESIAN_POINT ( 'NONE',  ( -12.49554036372539301, 22.64911222766747656, 4.645523755975102809 ) ) ;
#6708 = CARTESIAN_POINT ( 'NONE',  ( -12.35910525360222856, 35.28703993942922779, 4.937843757787895527 ) ) ;
#6709 = DIRECTION ( 'NONE',  ( 0.000000000000000000, 0.000000000000000000, -1.000000000000000000 ) ) ;
#6710 = CARTESIAN_POINT ( 'NONE',  ( -12.58367752228987335, 22.20818341572093502, 4.444637833511641212 ) ) ;
#6711 = EDGE_CURVE ( 'NONE', #4935, #7365, #6237, .T. ) ;
#6712 = CARTESIAN_POINT ( 'NONE',  ( 4.286578543107837369, 20.86739041333803968, 13.32818268260312955 ) ) ;
#6713 = CARTESIAN_POINT ( 'NONE',  ( 13.92089383006195114, 39.50504748631497876, 1.486792799369310414 ) ) ;
#6714 = CARTESIAN_POINT ( 'NONE',  ( -12.91810128357447773, 36.28868391670798843, 5.396869404841473816 ) ) ;
#6715 = CARTESIAN_POINT ( 'NONE',  ( -13.48520593142683488, 20.36418264477626749, -3.764477864652026717 ) ) ;
#6716 = CARTESIAN_POINT ( 'NONE',  ( 5.189616448541753968, 36.78369036133911152, -13.00268122915530355 ) ) ;
#6717 = CARTESIAN_POINT ( 'NONE',  ( -12.59286313942966906, 22.16799714870006710, -4.422880815317876468 ) ) ;
#6718 = ADVANCED_FACE ( 'NONE', ( #6755 ), #3920, .T. ) ;
#6719 = CARTESIAN_POINT ( 'NONE',  ( 4.174120316762309102, 21.74739444449377856, -12.69519241595423686 ) ) ;
#6720 = CARTESIAN_POINT ( 'NONE',  ( 5.694173872587203533, 24.13416342924089975, 12.78971457666344946 ) ) ;
#6721 = PLANE ( 'NONE',  #2610 ) ;
#6722 = CARTESIAN_POINT ( 'NONE',  ( -5.625849304491031155, 35.41025646419442552, -12.81990864280011522 ) ) ;
#6723 = CARTESIAN_POINT ( 'NONE',  ( 5.000000000000001776, 24.50000000000000000, -12.32882846293107626 ) ) ;
#6724 = CARTESIAN_POINT ( 'NONE',  ( 0.7498307552092481343, 39.95527597175122736, -13.98115908822722275 ) ) ;
#6725 = CARTESIAN_POINT ( 'NONE',  ( 2.769180223564102317, 20.33685763054733542, 13.15185873234660363 ) ) ;
#6726 = CARTESIAN_POINT ( 'NONE',  ( 13.44076853730283538, 39.05087938508870593, 2.072701441570522718 ) ) ;
#6727 = CARTESIAN_POINT ( 'NONE',  ( -4.309277088916358522, 37.03609476798656885, 12.64046198780401831 ) ) ;
#6728 = CARTESIAN_POINT ( 'NONE',  ( -13.39292899314899721, 39.25613163121080618, -1.544536249491731406 ) ) ;
#6729 = CARTESIAN_POINT ( 'NONE',  ( 8.650774836390002763E-15, 14.00000000000000000, 12.15000000000000036 ) ) ;
#6730 = CARTESIAN_POINT ( 'NONE',  ( 13.59614229025671683, 19.54224710122346309, 0.6538357653108929357 ) ) ;
#6731 = CARTESIAN_POINT ( 'NONE',  ( -1.493758939610311254, 19.19177160475455679, -13.92015731840523429 ) ) ;
#6732 = FACE_OUTER_BOUND ( 'NONE', #4272, .T. ) ;
#6733 = CARTESIAN_POINT ( 'NONE',  ( 12.65872100131005595, 35.88142912227411330, 4.805553660158674134 ) ) ;
#6734 =( NAMED_UNIT ( * ) SI_UNIT ( $, .STERADIAN. ) SOLID_ANGLE_UNIT ( ) );
#6735 = CARTESIAN_POINT ( 'NONE',  ( 5.000000000000005329, 34.49999999999998579, 12.32882846293108869 ) ) ;
#6736 = ORIENTED_EDGE ( 'NONE', *, *, #4296, .T. ) ;
#6737 = CARTESIAN_POINT ( 'NONE',  ( 2.769180223554672082, 38.66314236945895999, -13.15185873234842795 ) ) ;
#6738 = CARTESIAN_POINT ( 'NONE',  ( 4.805634638705522654, 35.88298954527592599, -12.42203472655944907 ) ) ;
#6739 = CARTESIAN_POINT ( 'NONE',  ( -0.9008095298233910198, 19.58112861054250331, 13.46387945826259092 ) ) ;
#6740 = CARTESIAN_POINT ( 'NONE',  ( 13.96701454738522052, 19.37489535288531073, 0.9643599030141210005 ) ) ;
#6741 = CARTESIAN_POINT ( 'NONE',  ( 7.499999999999995559, 7.011450533352993730, -9.558896379812900079 ) ) ;
#6742 = CARTESIAN_POINT ( 'NONE',  ( -12.41164098637416480, 23.19634502818627553, 4.827757141743352243 ) ) ;
#6743 = CARTESIAN_POINT ( 'NONE',  ( 12.70581909881102156, 36.23453820268021985, -4.689673090270749078 ) ) ;
#6744 = DIRECTION ( 'NONE',  ( -1.206107350727848108E-16, 0.000000000000000000, 1.000000000000000000 ) ) ;
#6745 = CARTESIAN_POINT ( 'NONE',  ( -12.40615633512465266, 23.23840767280262654, 4.839440520749718644 ) ) ;
#6746 = ORIENTED_EDGE ( 'NONE', *, *, #6251, .F. ) ;
#6747 = EDGE_CURVE ( 'NONE', #3155, #152, #5641, .T. ) ;
#6748 = CARTESIAN_POINT ( 'NONE',  ( 4.839440520755166730, 23.23840767282360531, 12.40615633512256011 ) ) ;
#6749 = CARTESIAN_POINT ( 'NONE',  ( 13.34019364328113255, 37.67608697362049242, 4.247617657354095577 ) ) ;
#6750 = CARTESIAN_POINT ( 'NONE',  ( -12.33293925967243077, 34.83257872955967827, -4.991646442905432579 ) ) ;
#6751 = CARTESIAN_POINT ( 'NONE',  ( -13.10034080676994250, 21.73164945788365188, -4.942693899743856534 ) ) ;
#6752 = CARTESIAN_POINT ( 'NONE',  ( -12.79650896791357795, 21.38364364206182344, -3.910139247232928383 ) ) ;
#6753 = CARTESIAN_POINT ( 'NONE',  ( -1.816669546110026372E-13, 19.49999999999796074, 12.15000000000083702 ) ) ;
#6754 = CARTESIAN_POINT ( 'NONE',  ( 0.9411519724455026381, 19.07463849969096614, 13.96863872226158243 ) ) ;
#6755 = FACE_OUTER_BOUND ( 'NONE', #2968, .T. ) ;
#6756 = FACE_OUTER_BOUND ( 'NONE', #1990, .T. ) ;
#6757 = CARTESIAN_POINT ( 'NONE',  ( 3.592534665436423413, 21.02146162347822411, -12.90882221739415137 ) ) ;
#6758 = CARTESIAN_POINT ( 'NONE',  ( -10.14772727272726094, 4.000000000000000000, -21.19607584432427672 ) ) ;
#6759 = CARTESIAN_POINT ( 'NONE',  ( 1.066920012598369993, 19.61447813238257964, 13.44917931707834668 ) ) ;
#6760 = CARTESIAN_POINT ( 'NONE',  ( 13.46992589580039557, 39.12949475334366412, 1.888971029145767311 ) ) ;
#6761 = CARTESIAN_POINT ( 'NONE',  ( -4.444637833519545111, 36.79181658426437451, 12.58367752228649117 ) ) ;
#6762 = CARTESIAN_POINT ( 'NONE',  ( 2.294748772665789804, 38.94305592966692586, 13.26215498409430360 ) ) ;
#6763 = CARTESIAN_POINT ( 'NONE',  ( -13.20832448877646925, 38.80840500944101024, 2.537575904324784304 ) ) ;
#6764 = CARTESIAN_POINT ( 'NONE',  ( 13.01000129510568293, 35.86520305629939998, -5.171113038893132341 ) ) ;
#6765 = VECTOR ( 'NONE', #3528, 1000.000000000000000 ) ;
#6766 = CARTESIAN_POINT ( 'NONE',  ( 13.41598472499713068, 20.01699128499620528, 2.215705356018478511 ) ) ;
#6767 = CARTESIAN_POINT ( 'NONE',  ( -4.867952758526631563, 23.35776886761722793, -12.39261419210828308 ) ) ;
#6768 = CARTESIAN_POINT ( 'NONE',  ( -0.9411519724455024161, 19.07463849969095548, -13.96863872226158598 ) ) ;
#6769 = CARTESIAN_POINT ( 'NONE',  ( 12.63377259621424464, 23.34799524492228429, 4.865653447303390777 ) ) ;
#6770 = CARTESIAN_POINT ( 'NONE',  ( 13.33130131248385375, 38.74463352874907685, -2.647520283182564160 ) ) ;
#6771 = CARTESIAN_POINT ( 'NONE',  ( 13.07267389996847662, 22.64891709678655118, 5.011027081382263049 ) ) ;
#6772 = ORIENTED_EDGE ( 'NONE', *, *, #5037, .F. ) ;
#6773 = CARTESIAN_POINT ( 'NONE',  ( 3.503917043557402522, 38.06688864840019448, -12.93809792132403302 ) ) ;
#6774 = CARTESIAN_POINT ( 'NONE',  ( -4.682389296490514496, 37.64186111711089922, -13.19387144847082816 ) ) ;
#6775 = CARTESIAN_POINT ( 'NONE',  ( -5.000000000000010658, 24.50000000000000000, 12.32882846293108159 ) ) ;
#6776 = CARTESIAN_POINT ( 'NONE',  ( 13.94753440269611211, 19.42522937510150172, 1.223206431636199021 ) ) ;
#6777 = CARTESIAN_POINT ( 'NONE',  ( -12.90539287117093004, 36.19489218353971438, -5.426944984505166936 ) ) ;
#6778 = CARTESIAN_POINT ( 'NONE',  ( -13.41331061875205499, 19.69667620347488679, 1.389169040376139197 ) ) ;
#6779 = CARTESIAN_POINT ( 'NONE',  ( 12.65956630745730926, 35.88812042740676844, -4.803494174840366782 ) ) ;
#6780 = CARTESIAN_POINT ( 'NONE',  ( 18.50000000000000000, 3.499999999999984901, -1.750000000000000000 ) ) ;
#6781 = EDGE_LOOP ( 'NONE', ( #4611, #3212, #5998, #2072 ) ) ;
#6782 = CARTESIAN_POINT ( 'NONE',  ( 12.57669683062193400, 24.50000000000000000, 5.000000000000000000 ) ) ;
#6783 = CARTESIAN_POINT ( 'NONE',  ( 4.894093393222556543, 23.47551211076737587, 12.38014579233027135 ) ) ;
#6784 = CARTESIAN_POINT ( 'NONE',  ( 5.396995604627873533, 22.71839942369115661, 12.91795765312695998 ) ) ;
#6785 = CARTESIAN_POINT ( 'NONE',  ( -12.85179736078887025, 37.79946835458508758, -3.757661995975793978 ) ) ;
#6786 = CARTESIAN_POINT ( 'NONE',  ( -11.94746679701664860, 38.98697040237949096, -2.230016253420331385 ) ) ;
#6787 = AXIS2_PLACEMENT_3D ( 'NONE', #319, #5393, #7108 ) ;
#6788 = CARTESIAN_POINT ( 'NONE',  ( 2.864371766497062932, 39.25699007054677736, -13.70408635373658868 ) ) ;
#6789 = CARTESIAN_POINT ( 'NONE',  ( -12.36225651903337663, 23.67309738647628592, -4.931326442106775509 ) ) ;
#6790 = VECTOR ( 'NONE', #4861, 1000.000000000000000 ) ;
#6791 = CARTESIAN_POINT ( 'NONE',  ( -5.703702782121086834, 24.40807341553139764, 12.78545150766137617 ) ) ;
#6792 = CARTESIAN_POINT ( 'NONE',  ( 5.000000000000007994, 24.50000000000000000, -11.07350441368945937 ) ) ;
#6793 = DIRECTION ( 'NONE',  ( -0.000000000000000000, -1.000000000000000000, -0.000000000000000000 ) ) ;
#6794 = CARTESIAN_POINT ( 'NONE',  ( -5.703703114510189742, 34.49999999999998579, -12.78545152826159637 ) ) ;
#6795 = CARTESIAN_POINT ( 'NONE',  ( 4.999999999999999112, 34.58292121951037501, 12.32882844322070071 ) ) ;
#6796 = CARTESIAN_POINT ( 'NONE',  ( 4.162134552045741565, 38.26475775041092220, -13.36768937221888365 ) ) ;
#6797 = CARTESIAN_POINT ( 'NONE',  ( -2.537575904312604713, 20.19159499055179907, 13.20832448878426213 ) ) ;
#6798 = CARTESIAN_POINT ( 'NONE',  ( 13.45274336272931670, 39.08331786843598366, 1.999831130610514762 ) ) ;
#6799 = CARTESIAN_POINT ( 'NONE',  ( -24.00000000000000355, 24.50000000000000000, 5.000000000000000000 ) ) ;
#6800 = COLOUR_RGB ( '',0.7921568627450980005, 0.8196078431372548767, 0.9333333333333333481 ) ;
#6801 = CARTESIAN_POINT ( 'NONE',  ( 1.614915759334810019, 39.23273802675883815, 13.38289089555150824 ) ) ;
#6802 = ORIENTED_EDGE ( 'NONE', *, *, #6483, .F. ) ;
#6803 = EDGE_CURVE ( 'NONE', #5051, #7043, #2583, .T. ) ;
#6804 = CARTESIAN_POINT ( 'NONE',  ( -13.28447375683369280, 38.99771892011405328, -2.184530099609678366 ) ) ;
#6805 = CARTESIAN_POINT ( 'NONE',  ( -18.50000000000000000, 4.000000000000000000, 2.250000000000015987 ) ) ;
#6806 = CONICAL_SURFACE ( 'NONE', #378, 1.499999999999987566, 0.7853981633974477239 ) ;
#6807 = CARTESIAN_POINT ( 'NONE',  ( -4.676954909403671756, 22.73000908666574205, -12.48133742605450536 ) ) ;
#6808 = CARTESIAN_POINT ( 'NONE',  ( 0.5132620449310245636, 19.02212257335657242, -13.99066853216511319 ) ) ;
#6809 = CARTESIAN_POINT ( 'NONE',  ( 12.80929154150280525, 22.16749449151091511, 4.422792265879502693 ) ) ;
#6810 = CARTESIAN_POINT ( 'NONE',  ( 13.24593313968284036, 38.49000104724652971, -3.013559184631661836 ) ) ;
#6811 = CARTESIAN_POINT ( 'NONE',  ( 13.01943525626244202, 23.05233251595587873, 5.147337237146515143 ) ) ;
#6812 = ORIENTED_EDGE ( 'NONE', *, *, #4166, .T. ) ;
#6813 = AXIS2_PLACEMENT_3D ( 'NONE', #3590, #3134, #5322 ) ;
#6814 = EDGE_CURVE ( 'NONE', #3306, #1382, #3939, .T. ) ;
#6815 = CARTESIAN_POINT ( 'NONE',  ( 1.307538022257160648, 39.32618722551355006, -13.42323708762845413 ) ) ;
#6816 = CARTESIAN_POINT ( 'NONE',  ( 4.934553706097503323, 35.32286738664504355, -12.36075373155404122 ) ) ;
#6817 = CARTESIAN_POINT ( 'NONE',  ( -4.908900487238251564, 23.54898740657082357, 12.37305018407113266 ) ) ;
#6818 = CARTESIAN_POINT ( 'NONE',  ( 13.83555582858624788, 19.72389946749819600, 2.139872951401468715 ) ) ;
#6819 = VERTEX_POINT ( 'NONE', #4644 ) ;
#6820 = CARTESIAN_POINT ( 'NONE',  ( -13.05919771033391186, 20.58504376389072732, -3.111229949161828934 ) ) ;
#6821 = CARTESIAN_POINT ( 'NONE',  ( 5.000000000000005329, 34.50000000000000000, 12.32882846293108869 ) ) ;
#6822 = ORIENTED_EDGE ( 'NONE', *, *, #3287, .T. ) ;
#6823 = CARTESIAN_POINT ( 'NONE',  ( 12.96337503968896065, 21.48365010095423244, 3.987858138515013362 ) ) ;
#6824 = CARTESIAN_POINT ( 'NONE',  ( 0.000000000000000000, 0.000000000000000000, 0.000000000000000000 ) ) ;
#6825 = CARTESIAN_POINT ( 'NONE',  ( -12.87133118078476990, 23.06597965546526652, 5.507218689092022501 ) ) ;
#6826 = CARTESIAN_POINT ( 'NONE',  ( 13.30643109273991698, 37.53923210128444055, 4.352230607450995770 ) ) ;
#6827 = CARTESIAN_POINT ( 'NONE',  ( -13.49100202159581308, 39.47988900188659045, 0.4499375533974266372 ) ) ;
#6828 = LINE ( 'NONE', #633, #2733 ) ;
#6829 = CARTESIAN_POINT ( 'NONE',  ( 1.033665515213560537, 39.90968802780638214, -13.96209530386597919 ) ) ;
#6830 = CARTESIAN_POINT ( 'NONE',  ( -13.32027703029083376, 19.91563227791191082, -1.995988435347980428 ) ) ;
#6831 = CARTESIAN_POINT ( 'NONE',  ( -3.327365498151774403, 20.03196965641458860, 13.59906280377224697 ) ) ;
#6832 = CARTESIAN_POINT ( 'NONE',  ( -5.000000000000007105, 34.49999999999998579, 12.32882846293108159 ) ) ;
#6833 = CARTESIAN_POINT ( 'NONE',  ( 3.024823227847680318, 39.16628495662853737, 13.67023772656497371 ) ) ;
#6834 = CARTESIAN_POINT ( 'NONE',  ( -4.979662303804649248, 37.18339543877201692, -13.08453988146107072 ) ) ;
#6835 = CARTESIAN_POINT ( 'NONE',  ( 4.628966502471221212, 36.39026525975000936, 12.50292118951570330 ) ) ;
#6836 = CARTESIAN_POINT ( 'NONE',  ( 2.610263671726355650, 20.23523985124306535, 13.19117405389800801 ) ) ;
#6837 = LINE ( 'NONE', #3547, #4021 ) ;
#6838 = CARTESIAN_POINT ( 'NONE',  ( -1.067859494714906488, 39.38481190454934477, 13.44887353666779894 ) ) ;
#6839 = EDGE_CURVE ( 'NONE', #626, #5509, #5143, .T. ) ;
#6840 = CARTESIAN_POINT ( 'NONE',  ( -13.18372039215645586, 38.74580256291192626, 2.641920017546915300 ) ) ;
#6841 = LINE ( 'NONE', #1722, #1085 ) ;
#6842 = CARTESIAN_POINT ( 'NONE',  ( 13.38152319241523003, 20.11302254546201240, 2.398918037967350259 ) ) ;
#6843 = CARTESIAN_POINT ( 'NONE',  ( 3.476011347220271830, 20.13846969695880063, -13.56182936677059736 ) ) ;
#6844 = CARTESIAN_POINT ( 'NONE',  ( -8.000000000000008882, 4.000000000000000000, -12.68857754044949893 ) ) ;
#6845 = CARTESIAN_POINT ( 'NONE',  ( 13.61276798953757527, 39.49958489146305851, -0.07654241132360470323 ) ) ;
#6846 = EDGE_CURVE ( 'NONE', #1382, #2571, #1750, .T. ) ;
#6847 = CARTESIAN_POINT ( 'NONE',  ( 7.252864856714572817, 8.472613890524492319, -11.97536078507279811 ) ) ;
#6848 = ORIENTED_EDGE ( 'NONE', *, *, #4080, .F. ) ;
#6849 = CARTESIAN_POINT ( 'NONE',  ( 2.911947128217618808, 38.56536473069567705, -13.11469142392547482 ) ) ;
#6850 = CARTESIAN_POINT ( 'NONE',  ( 3.757661995975790870, 37.79946835458508758, -12.85179736078883117 ) ) ;
#6851 = CARTESIAN_POINT ( 'NONE',  ( -4.837371801473681288, 23.19318863484703641, -11.14573164983104725 ) ) ;
#6852 = CARTESIAN_POINT ( 'NONE',  ( 13.34099022292542713, 21.32076888781934443, 4.245107124079379624 ) ) ;
#6853 = CARTESIAN_POINT ( 'NONE',  ( 4.980372281930891987, 12.12789386615656007, -11.08865400754037012 ) ) ;
#6854 = CARTESIAN_POINT ( 'NONE',  ( -12.74082138930243602, 21.57769181599064723, -4.057910833832229613 ) ) ;
#6855 = CARTESIAN_POINT ( 'NONE',  ( -18.50000000000000000, 3.499999999999984901, -1.750000000000000000 ) ) ;
#6856 = ORIENTED_EDGE ( 'NONE', *, *, #3276, .T. ) ;
#6857 = CARTESIAN_POINT ( 'NONE',  ( 13.00419173462508482, 21.32605543507058599, 3.863430356611077698 ) ) ;
#6858 = CARTESIAN_POINT ( 'NONE',  ( 4.482097176826321139, 22.28247455214750161, 12.56757455093652531 ) ) ;
#6859 = CARTESIAN_POINT ( 'NONE',  ( -24.00000000000000355, 34.49999999999999289, 5.000000000000000888 ) ) ;
#6860 = CARTESIAN_POINT ( 'NONE',  ( 13.85982617980990206, 39.34216908484291508, -1.976598832075367795 ) ) ;
#6861 = CARTESIAN_POINT ( 'NONE',  ( -12.08415513627562632, 39.33815967278583514, 1.303965404649162219 ) ) ;
#6862 = CARTESIAN_POINT ( 'NONE',  ( -2.534690903196578748, 39.42789538011037109, -13.76890250540220073 ) ) ;
#6863 = CARTESIAN_POINT ( 'NONE',  ( -13.13425294056233916, 20.38302594491282349, -2.837454672667512501 ) ) ;
#6864 = CARTESIAN_POINT ( 'NONE',  ( -2.280491854602140656, 19.45793212523119919, 13.81329475549791397 ) ) ;
#6865 = DIRECTION ( 'NONE',  ( 0.000000000000000000, 0.000000000000000000, -1.000000000000000000 ) ) ;
#6866 = CARTESIAN_POINT ( 'NONE',  ( 5.551178220480544212, 35.76665365795940943, 12.85243367939155945 ) ) ;
#6867 = CARTESIAN_POINT ( 'NONE',  ( 1.303388515414686255, 39.85752263389785810, 13.94041626776710707 ) ) ;
#6868 = CARTESIAN_POINT ( 'NONE',  ( 4.730528942923198699, 36.12133313891747832, 12.45688294738610402 ) ) ;
#6869 = CARTESIAN_POINT ( 'NONE',  ( -12.94417618473984355, 22.54947015184344750, 5.333806400085352450 ) ) ;
#6870 = CARTESIAN_POINT ( 'NONE',  ( 1.852304963228761148, 19.85571325631199358, 13.34536915247798206 ) ) ;
#6871 = CARTESIAN_POINT ( 'NONE',  ( 12.96259875344834533, 37.51314405189200585, 3.990119646200778192 ) ) ;
#6872 = CARTESIAN_POINT ( 'NONE',  ( -7.249676243227701100, 8.484897625859391113, -9.750910596835558053 ) ) ;
#6873 = CARTESIAN_POINT ( 'NONE',  ( 0.9008095298233739223, 39.41887138945749314, 13.46387945826259269 ) ) ;
#6874 = EDGE_LOOP ( 'NONE', ( #3184, #543, #206, #6532 ) ) ;
#6875 = CARTESIAN_POINT ( 'NONE',  ( -12.60832716548920196, 36.90006282617601840, -4.386318388899435483 ) ) ;
#6876 = CARTESIAN_POINT ( 'NONE',  ( 7.499999999999993783, 0.000000000000000000, -9.558896379812896527 ) ) ;
#6877 = CARTESIAN_POINT ( 'NONE',  ( 13.50334628220744726, 19.78153922475808102, -1.657668870783308712 ) ) ;
#6878 = CARTESIAN_POINT ( 'NONE',  ( -4.867996716262341650, 23.35572582149750076, -12.39260856760605378 ) ) ;
#6879 = CARTESIAN_POINT ( 'NONE',  ( -10.36363636363635621, 0.000000000000000000, -21.64705618143756638 ) ) ;
#6880 = CARTESIAN_POINT ( 'NONE',  ( 13.57095650447296542, 39.39375948525717064, 1.026069453808090559 ) ) ;
#6881 = CONICAL_SURFACE ( 'NONE', #3902, 1.750000000000000000, 0.7853981633974489451 ) ;
#6882 = CARTESIAN_POINT ( 'NONE',  ( 11.07350441368947003, 34.83427675887313058, 5.000000000000000888 ) ) ;
#6883 = CARTESIAN_POINT ( 'NONE',  ( 13.94703104100220870, 19.42653788469580789, -1.228970394904907559 ) ) ;
#6884 = ORIENTED_EDGE ( 'NONE', *, *, #6365, .F. ) ;
#6885 = CARTESIAN_POINT ( 'NONE',  ( 3.973706809411919227, 37.53583386651585130, -12.77291130174675615 ) ) ;
#6886 = CARTESIAN_POINT ( 'NONE',  ( -0.07629025158932191408, 39.50009977257073501, -13.50004493787831272 ) ) ;
#6887 = CARTESIAN_POINT ( 'NONE',  ( -7.499999999999992006, 6.500000000000012434, 9.558896379812898303 ) ) ;
#6888 = CARTESIAN_POINT ( 'NONE',  ( 12.68907171049694504, 22.88228316041543309, -4.731247661824506956 ) ) ;
#6889 = CARTESIAN_POINT ( 'NONE',  ( -13.76877896525450140, 39.42807310971139856, -2.539355301885846572 ) ) ;
#6890 = CARTESIAN_POINT ( 'NONE',  ( -12.90882221739419045, 21.02146162347823122, -3.592534665436416752 ) ) ;
#6891 = DIRECTION ( 'NONE',  ( -2.602085213965214093E-16, 1.000000000000000000, -1.552776445676392522E-16 ) ) ;
#6892 = ORIENTED_EDGE ( 'NONE', *, *, #5858, .F. ) ;
#6893 = CARTESIAN_POINT ( 'NONE',  ( 12.86709655682408915, 21.89086478225532417, 4.265452219948875801 ) ) ;
#6894 = CARTESIAN_POINT ( 'NONE',  ( 4.372525284281956637, 22.07478518761590536, 12.61413117269539441 ) ) ;
#6895 = EDGE_CURVE ( 'NONE', #5120, #3855, #4032, .T. ) ;
#6896 = CARTESIAN_POINT ( 'NONE',  ( 5.000000000000007994, 24.50000000000000000, -12.32882846293107626 ) ) ;
#6897 = ORIENTED_EDGE ( 'NONE', *, *, #4918, .T. ) ;
#6898 = CARTESIAN_POINT ( 'NONE',  ( -13.44519813101696393, 20.48679124591439660, 3.904491433386096944 ) ) ;
#6899 = CARTESIAN_POINT ( 'NONE',  ( 13.81638548614155937, 39.22334353963433529, -2.260333449052743582 ) ) ;
#6900 = B_SPLINE_CURVE_WITH_KNOTS ( 'NONE', 3,
 ( #6177, #3329, #2770, #5074 ),
 .UNSPECIFIED., .F., .F.,
 ( 4, 4 ),
 ( 0.000000000000000000, 1.000000000000000000 ),
 .UNSPECIFIED. ) ;
#6901 = CARTESIAN_POINT ( 'NONE',  ( -11.29413115610763363, 36.72590272807218525, 4.480177063389377601 ) ) ;
#6902 = CARTESIAN_POINT ( 'NONE',  ( 1.172074580325964011, 39.88281233726794284, -13.95092769689343015 ) ) ;
#6903 = CARTESIAN_POINT ( 'NONE',  ( -13.49990682353133842, 19.50021003659006524, 0.1703400657395018336 ) ) ;
#6904 = EDGE_CURVE ( 'NONE', #7263, #6259, #1895, .T. ) ;
#6905 = CARTESIAN_POINT ( 'NONE',  ( -2.106512885492494824, 19.38803811586795689, 13.84089460905202706 ) ) ;
#6906 = CARTESIAN_POINT ( 'NONE',  ( 13.11044579656031672, 22.41588216518254484, -4.910958155600362751 ) ) ;
#6907 = CARTESIAN_POINT ( 'NONE',  ( -5.298471438573257863, 22.46195389777401630, -12.95869154602133655 ) ) ;
#6908 = CARTESIAN_POINT ( 'NONE',  ( 0.7487021014490713444, 39.95316568493412746, 13.98027744105184134 ) ) ;
#6909 = CARTESIAN_POINT ( 'NONE',  ( 3.838996741019572667, 37.70362957578497998, 12.82254934722614514 ) ) ;
#6910 = CARTESIAN_POINT ( 'NONE',  ( 4.133445250697397100, 21.68669028359791895, 12.71128555227394230 ) ) ;
#6911 = CARTESIAN_POINT ( 'NONE',  ( 11.18814917504104045, 22.87504963131333824, -4.739867879818651986 ) ) ;
#6912 = VERTEX_POINT ( 'NONE', #889 ) ;
#6913 = AXIS2_PLACEMENT_3D ( 'NONE', #2091, #3809, #4838 ) ;
#6914 = CARTESIAN_POINT ( 'NONE',  ( -13.03094450934857029, 38.33611643672232105, -3.207113912910824371 ) ) ;
#6915 = DIRECTION ( 'NONE',  ( 0.000000000000000000, 1.000000000000000000, 0.000000000000000000 ) ) ;
#6916 = CARTESIAN_POINT ( 'NONE',  ( 13.20600658798958449, 20.63390294115636081, -3.170706346731781533 ) ) ;
#6917 = CARTESIAN_POINT ( 'NONE',  ( -9.499999999999994671, 4.000000000000000000, -19.84313483298443970 ) ) ;
#6918 = CARTESIAN_POINT ( 'NONE',  ( 3.967735243300699821, 20.54786232773453492, -13.42615781097218886 ) ) ;
#6919 = CARTESIAN_POINT ( 'NONE',  ( 18.50000000000000000, 3.499999999999984901, 0.000000000000000000 ) ) ;
#6920 = CARTESIAN_POINT ( 'NONE',  ( 12.57669681551364782, 34.58344066272152162, -4.999999712159389098 ) ) ;
#6921 = CARTESIAN_POINT ( 'NONE',  ( 13.06802599204240067, 37.90691962797792058, -3.659644877314738753 ) ) ;
#6922 = CARTESIAN_POINT ( 'NONE',  ( 11.07350441368946825, 34.83436905904791558, -5.000000000000000888 ) ) ;
#6923 = CARTESIAN_POINT ( 'NONE',  ( 13.35777394404870932, 21.25487033871466735, 4.192041773220402057 ) ) ;
#6924 = ORIENTED_EDGE ( 'NONE', *, *, #3276, .F. ) ;
#6925 = AXIS2_PLACEMENT_3D ( 'NONE', #4132, #1323, #2475 ) ;
#6926 = CARTESIAN_POINT ( 'NONE',  ( -12.32882846293112422, 34.49999999999999289, 5.000000000000000888 ) ) ;
#6927 = CARTESIAN_POINT ( 'NONE',  ( 3.913533140117255726, 37.61301032645717868, -12.79537119470482054 ) ) ;
#6928 = CARTESIAN_POINT ( 'NONE',  ( -1.305804782393039432, 19.67070460807572374, -12.08067167775899264 ) ) ;
#6929 = CARTESIAN_POINT ( 'NONE',  ( 12.98793080010013590, 21.38740491104923080, -3.913866595613387123 ) ) ;
#6930 = CARTESIAN_POINT ( 'NONE',  ( -13.30822710181431390, 38.06210116950623501, -4.346828957949927741 ) ) ;
#6931 = CARTESIAN_POINT ( 'NONE',  ( -13.48552889693684165, 19.53237329705797265, -0.5740952870516777828 ) ) ;
#6932 = AXIS2_PLACEMENT_3D ( 'NONE', #5891, #2443, #7010 ) ;
#6933 = CARTESIAN_POINT ( 'NONE',  ( 0.000000000000000000, 45.00000000000000000, -12.15000000000000036 ) ) ;
#6934 = ORIENTED_EDGE ( 'NONE', *, *, #4889, .T. ) ;
#6935 = CARTESIAN_POINT ( 'NONE',  ( 12.89941103293941005, 21.74797018529294945, 4.174499903540576540 ) ) ;
#6936 = B_SPLINE_CURVE_WITH_KNOTS ( 'NONE', 3,
 ( #6394, #2349, #1161, #4649, #6911, #4078, #7100, #7066, #3131, #6012, #243, #6529, #5349, #3729, #1345, #1485, #1415, #2491, #6464, #1943, #4833, #5489, #4188, #5976, #4222, #3691, #2560, #311, #5419, #3620, #1980, #4865, #4905, #6497, #3654, #822, #4258, #1380 ),
 .UNSPECIFIED., .F., .F.,
 ( 4, 2, 2, 2, 2, 2, 2, 2, 2, 2, 2, 2, 2, 2, 2, 2, 2, 2, 4 ),
 ( 0.000000000000000000, 0.0009876059267860280363, 0.001975211853572056073, 0.002962817780358084109, 0.003950423707144112145, 0.004938029633930140182, 0.005925635560716168218, 0.006419438524109184405, 0.006913241487502201459, 0.007900847414288234699, 0.008888453341074268807, 0.009876059267860301180, 0.01086366519464633529, 0.01185127112143236766, 0.01283887704821840003, 0.01333268001161141796, 0.01382648297500443588, 0.01481408890179046131, 0.01580169482857648675 ),
 .UNSPECIFIED. ) ;
#6937 = EDGE_CURVE ( 'NONE', #3901, #5629, #1785, .T. ) ;
#6938 = CIRCLE ( 'NONE', #3714, 1.499999999999984013 ) ;
#6939 = CARTESIAN_POINT ( 'NONE',  ( -4.265120868463516679, 37.10967645210154586, -12.65857047873206120 ) ) ;
#6940 = CARTESIAN_POINT ( 'NONE',  ( 4.667476213612422598, 22.70621577254054202, -12.48560775837936987 ) ) ;
#6941 = ORIENTED_EDGE ( 'NONE', *, *, #4664, .T. ) ;
#6942 = CARTESIAN_POINT ( 'NONE',  ( 7.499999999999995559, 4.669203747859696385, -12.21334375751844803 ) ) ;
#6943 = CARTESIAN_POINT ( 'NONE',  ( 13.90322995435352382, 39.45845096678886677, -1.645399486429018898 ) ) ;
#6944 = CARTESIAN_POINT ( 'NONE',  ( -13.44082727888748430, 39.36647471741390092, -1.148536051283311599 ) ) ;
#6945 = DIRECTION ( 'NONE',  ( 0.000000000000000000, 1.000000000000000000, 0.000000000000000000 ) ) ;
#6946 = CARTESIAN_POINT ( 'NONE',  ( 0.9411519724454836533, 39.92536150030905162, -13.96863872226158776 ) ) ;
#6947 = CARTESIAN_POINT ( 'NONE',  ( -13.38301547417990633, 19.76701957670642074, -1.612621738467953758 ) ) ;
#6948 = CARTESIAN_POINT ( 'NONE',  ( -5.684716586081231426, 24.04238969422063121, 12.79390887205413030 ) ) ;
#6949 = DIRECTION ( 'NONE',  ( 0.000000000000000000, -1.000000000000000000, 0.000000000000000000 ) ) ;
#6950 = CARTESIAN_POINT ( 'NONE',  ( 3.905196063711797727, 38.51258747041116237, 13.44499663420418223 ) ) ;
#6951 = CARTESIAN_POINT ( 'NONE',  ( 4.977937607998717873, 37.18524423484902997, 13.08513458396844342 ) ) ;
#6952 = CARTESIAN_POINT ( 'NONE',  ( 4.997936797311854029, 34.66600659212108582, 12.32984480898539559 ) ) ;
#6953 = CARTESIAN_POINT ( 'NONE',  ( 11.07350441368946825, 34.49999999999999289, 5.000000000000000888 ) ) ;
#6954 = CARTESIAN_POINT ( 'NONE',  ( 12.82779047451013632, 36.92418098145912353, 4.373098782746730251 ) ) ;
#6955 = DIRECTION ( 'NONE',  ( 0.000000000000000000, 1.000000000000000000, 0.000000000000000000 ) ) ;
#6956 = CARTESIAN_POINT ( 'NONE',  ( 3.911652942236476083, 37.61535957536391095, 12.79606528306285540 ) ) ;
#6957 = EDGE_CURVE ( 'NONE', #871, #2323, #7023, .T. ) ;
#6958 = ORIENTED_EDGE ( 'NONE', *, *, #6895, .T. ) ;
#6959 = CARTESIAN_POINT ( 'NONE',  ( -12.56757455096199827, 36.71752544796802198, -4.482097176769156199 ) ) ;
#6960 = FACE_OUTER_BOUND ( 'NONE', #5663, .T. ) ;
#6961 = CARTESIAN_POINT ( 'NONE',  ( 13.53617265841469042, 19.69579660762461160, -1.386134018074958618 ) ) ;
#6962 = CARTESIAN_POINT ( 'NONE',  ( -24.00000000000000355, 24.50000000000000000, -5.000000000000000000 ) ) ;
#6963 = CARTESIAN_POINT ( 'NONE',  ( 5.396869404841507567, 22.71131608329203289, -12.91810128357446885 ) ) ;
#6964 = CARTESIAN_POINT ( 'NONE',  ( 9.499999999999994671, 0.000000000000000000, -19.84313483298443970 ) ) ;
#6965 = LINE ( 'NONE', #4197, #6206 ) ;
#6966 = CARTESIAN_POINT ( 'NONE',  ( 13.05414663865725622, 37.85754071660029041, -3.704987830755082090 ) ) ;
#6967 = CARTESIAN_POINT ( 'NONE',  ( 12.13620261462348182, 39.46673592078796133, 0.6636896146849901035 ) ) ;
#6968 = CARTESIAN_POINT ( 'NONE',  ( 2.231973047200455973, 20.01367349219771086, -11.94721069196017460 ) ) ;
#6969 = ORIENTED_EDGE ( 'NONE', *, *, #3239, .T. ) ;
#6970 = CARTESIAN_POINT ( 'NONE',  ( 4.918612659162024947, 35.40230361642261414, -12.36839355455027700 ) ) ;
#6971 = CARTESIAN_POINT ( 'NONE',  ( 4.325913785942418599, 37.00859462435339253, -12.63364745731744065 ) ) ;
#6972 = CARTESIAN_POINT ( 'NONE',  ( -2.239676352613977794, 20.02933524175963598, -13.27340801963624273 ) ) ;
#6973 = CARTESIAN_POINT ( 'NONE',  ( -1.775246876952089714, 19.82292678745628223, -12.02057250157406720 ) ) ;
#6974 = CARTESIAN_POINT ( 'NONE',  ( 12.72321773026699887, 22.65057042027048695, -4.646105024517900972 ) ) ;
#6975 = CARTESIAN_POINT ( 'NONE',  ( -13.08422580486368680, 37.18195414254305575, -4.980485467394920818 ) ) ;
#6976 = FACE_OUTER_BOUND ( 'NONE', #3226, .T. ) ;
#6977 = VERTEX_POINT ( 'NONE', #856 ) ;
#6978 = CARTESIAN_POINT ( 'NONE',  ( 13.05253709908289217, 21.14822739461523682, 3.710209310816871664 ) ) ;
#6979 = CARTESIAN_POINT ( 'NONE',  ( -4.755869138106374905, 36.04529220316378968, -12.44518525709951007 ) ) ;
#6980 = CARTESIAN_POINT ( 'NONE',  ( 3.543694065365673662, 20.97262549992281677, -12.92497929227786990 ) ) ;
#6981 = ORIENTED_EDGE ( 'NONE', *, *, #4534, .F. ) ;
#6982 = CARTESIAN_POINT ( 'NONE',  ( -12.84263088824930676, 23.32937349705752439, 5.573798846018072517 ) ) ;
#6983 = CARTESIAN_POINT ( 'NONE',  ( 13.16619954631796752, 36.89249743214820398, -4.759373018465120175 ) ) ;
#6984 = CARTESIAN_POINT ( 'NONE',  ( -13.03079414835592331, 36.94847091778134995, -5.120752947946929368 ) ) ;
#6985 = CARTESIAN_POINT ( 'NONE',  ( -13.02666469751965472, 20.67595123772917276, -3.221367515863983844 ) ) ;
#6986 = B_SPLINE_CURVE_WITH_KNOTS ( 'NONE', 3,
 ( #607, #89, #5168, #4725, #6992, #5754, #6313, #1874, #16, #6869, #1121, #3393, #5678, #4606, #566, #1753, #1197, #2903, #4220, #1454, #760, #3019, #5902, #3052, #200, #2457, #1037, #4368, #7314, #5557, #2671, #5013, #5593, #450, #7275, #5488, #2084, #3236, #5524, #5636, #2751, #6603, #2158, #2190, #969, #4480, #4446, #6715, #3764, #2635, #7242, #1596, #3310, #3879, #5056, #6751, #1633, #6157, #6640, #3916, #6046, #6193, #3802, #2120, #4407, #1076, #2789, #6679 ),
 .UNSPECIFIED., .F., .F.,
 ( 4, 2, 2, 2, 2, 2, 2, 2, 2, 2, 2, 2, 2, 2, 2, 2, 2, 2, 2, 2, 2, 2, 2, 2, 2, 2, 2, 2, 2, 2, 2, 2, 2, 4 ),
 ( 0.000000000000000000, 0.03125000000000027062, 0.06250000000000054123, 0.09375000000000080491, 0.1093750000000006661, 0.1250000000000005274, 0.1875000000000009437, 0.2031250000000009437, 0.2187500000000009437, 0.2500000000000008882, 0.2812500000000008882, 0.3125000000000008882, 0.3437500000000008882, 0.3750000000000008327, 0.4062500000000008327, 0.4375000000000008327, 0.4687500000000007772, 0.5000000000000006661, 0.5625000000000006661, 0.5937500000000005551, 0.6250000000000005551, 0.6562500000000004441, 0.6875000000000004441, 0.7187500000000003331, 0.7500000000000002220, 0.7812500000000002220, 0.7968750000000000000, 0.8124999999999997780, 0.8750000000000001110, 0.8906250000000001110, 0.9062500000000002220, 0.9218750000000002220, 0.9375000000000002220, 1.000000000000000000 ),
 .UNSPECIFIED. ) ;
#6987 = CARTESIAN_POINT ( 'NONE',  ( 4.108199442731413242, 21.64880528583395503, 12.72129217169053383 ) ) ;
#6988 = CARTESIAN_POINT ( 'NONE',  ( 13.66202195514505568, 20.22216643059309149, -3.057858931660538016 ) ) ;
#6989 = CARTESIAN_POINT ( 'NONE',  ( -5.656844457300955753, 23.77357753937905827, -12.80626900168792481 ) ) ;
#6990 = CARTESIAN_POINT ( 'NONE',  ( 2.280491854602143764, 39.54206787476881146, 13.81329475549791574 ) ) ;
#6991 = CARTESIAN_POINT ( 'NONE',  ( 1.060665051197706266, 39.38637355105088034, 13.44955914315654155 ) ) ;
#6992 = CARTESIAN_POINT ( 'NONE',  ( -12.81855341049799435, 23.59491647615886123, 5.629058863207590413 ) ) ;
#6993 = CARTESIAN_POINT ( 'NONE',  ( 3.207113912860748872, 20.66388356323644615, 13.03094450936373150 ) ) ;
#6994 = CARTESIAN_POINT ( 'NONE',  ( 12.74153168056686347, 36.46080452360409652, 4.599525210595095004 ) ) ;
#6995 = CARTESIAN_POINT ( 'NONE',  ( 4.956440746733071556, 35.16376980564199073, 12.35010137138237418 ) ) ;
#6996 = CARTESIAN_POINT ( 'NONE',  ( -12.77291130179232148, 37.53583386667959587, -3.973706809286813524 ) ) ;
#6997 = DIRECTION ( 'NONE',  ( 0.000000000000000000, 1.000000000000000000, 0.000000000000000000 ) ) ;
#6998 = CARTESIAN_POINT ( 'NONE',  ( 13.61300902718839723, 19.49980901843698788, 0.1578876557509108769 ) ) ;
#6999 = DIRECTION ( 'NONE',  ( 0.000000000000000000, 0.000000000000000000, 1.000000000000000000 ) ) ;
#7000 = CARTESIAN_POINT ( 'NONE',  ( -4.805634638705535977, 23.11701045472408467, -12.42203472655944729 ) ) ;
#7001 = CARTESIAN_POINT ( 'NONE',  ( 3.970706697480614000, 37.55605232453267206, -11.48447783692756019 ) ) ;
#7002 = CARTESIAN_POINT ( 'NONE',  ( -4.951491613415493376, 23.79654459546534184, 12.35251463378954107 ) ) ;
#7003 = CARTESIAN_POINT ( 'NONE',  ( 12.73304566195176335, 36.40935042566000135, -4.621121000709509374 ) ) ;
#7004 = CARTESIAN_POINT ( 'NONE',  ( 11.94746679701664682, 38.98697040237951228, 2.230016253420331385 ) ) ;
#7005 = CARTESIAN_POINT ( 'NONE',  ( -8.000000000000008882, 4.000000000000000000, -19.84313483298443970 ) ) ;
#7006 = ORIENTED_EDGE ( 'NONE', *, *, #5398, .T. ) ;
#7007 = CARTESIAN_POINT ( 'NONE',  ( 3.116118621752682394, 38.41105583457179051, -13.05778446740548837 ) ) ;
#7008 = ADVANCED_FACE ( 'NONE', ( #1976 ), #3160, .T. ) ;
#7009 = CARTESIAN_POINT ( 'NONE',  ( -0.9071277291922442698, 19.58230119718816908, -13.46336086142115462 ) ) ;
#7010 = DIRECTION ( 'NONE',  ( 0.000000000000000000, 0.000000000000000000, 1.000000000000000000 ) ) ;
#7011 = CARTESIAN_POINT ( 'NONE',  ( 12.59430683584535871, 23.84037782264857697, -4.959030385131691254 ) ) ;
#7012 = DIRECTION ( 'NONE',  ( 2.602085213965214093E-16, -1.000000000000000000, 0.000000000000000000 ) ) ;
#7013 = EDGE_LOOP ( 'NONE', ( #665, #751, #6144, #779, #739 ) ) ;
#7014 = AXIS2_PLACEMENT_3D ( 'NONE', #2795, #4341, #1492 ) ;
#7015 = CARTESIAN_POINT ( 'NONE',  ( -3.885576650793501674, 37.64682643832109221, -12.80554299148733577 ) ) ;
#7016 = CARTESIAN_POINT ( 'NONE',  ( 1.845115717857942705, 19.85213553386132901, -13.34683969041262941 ) ) ;
#7017 = ORIENTED_EDGE ( 'NONE', *, *, #433, .T. ) ;
#7018 = CARTESIAN_POINT ( 'NONE',  ( -13.70514701348431608, 19.73971211462809450, -2.862991920204836394 ) ) ;
#7019 = CARTESIAN_POINT ( 'NONE',  ( 13.58927408719361551, 38.55285185828955008, -3.366428420092793861 ) ) ;
#7020 = CARTESIAN_POINT ( 'NONE',  ( -13.48385952716921921, 38.63172738059794398, -3.769293151289732968 ) ) ;
#7021 = CARTESIAN_POINT ( 'NONE',  ( -12.94591804147870739, 20.90969090901965544, 3.480018185270307374 ) ) ;
#7022 = AXIS2_PLACEMENT_3D ( 'NONE', #6508, #2998, #932 ) ;
#7023 = LINE ( 'NONE', #1410, #259 ) ;
#7024 = CARTESIAN_POINT ( 'NONE',  ( -1.629900805558032184, 39.77085109326134216, 13.90487342823278460 ) ) ;
#7025 = CARTESIAN_POINT ( 'NONE',  ( 2.051012581460322615, 39.06028194929211850, 13.31025193673365159 ) ) ;
#7026 = CARTESIAN_POINT ( 'NONE',  ( 3.358634340495161297, 20.79600313661896749, 12.98463330002917182 ) ) ;
#7027 = CARTESIAN_POINT ( 'NONE',  ( -11.18814917504104045, 22.87504963131333824, 4.739867879818651986 ) ) ;
#7028 = CARTESIAN_POINT ( 'NONE',  ( -4.966771218623803108, 35.16265039925737312, 11.08867366358972895 ) ) ;
#7029 = CARTESIAN_POINT ( 'NONE',  ( 3.756537396704786147, 37.80074594939386401, 12.85219483607875013 ) ) ;
#7030 = ORIENTED_EDGE ( 'NONE', *, *, #3798, .T. ) ;
#7031 = EDGE_CURVE ( 'NONE', #5629, #3901, #1191, .T. ) ;
#7032 = CARTESIAN_POINT ( 'NONE',  ( -13.07379436634782266, 38.45486874223470863, -3.059771721893401075 ) ) ;
#7033 = LINE ( 'NONE', #1914, #384 ) ;
#7034 = CARTESIAN_POINT ( 'NONE',  ( 12.90868663285278295, 21.70818951987754630, -4.148000956287817509 ) ) ;
#7035 = DIRECTION ( 'NONE',  ( -1.000000000000000000, 0.000000000000000000, 0.000000000000000000 ) ) ;
#7036 = CARTESIAN_POINT ( 'NONE',  ( -2.921370146246558441, 20.44201250136329051, -13.11200982208077725 ) ) ;
#7037 = CARTESIAN_POINT ( 'NONE',  ( 12.93429922887929351, 45.00000000000000000, 5.357602398257306220 ) ) ;
#7038 = CARTESIAN_POINT ( 'NONE',  ( 12.61225980561942706, 35.40932517180849715, -4.916793624999828083 ) ) ;
#7039 = CARTESIAN_POINT ( 'NONE',  ( 13.60980759048604938, 39.49217516906615089, -0.3253243664414718905 ) ) ;
#7040 = CARTESIAN_POINT ( 'NONE',  ( 12.95240995223144864, 35.18725738125214519, 5.313702616882110874 ) ) ;
#7041 = AXIS2_PLACEMENT_3D ( 'NONE', #7037, #5949, #2468 ) ;
#7042 = CARTESIAN_POINT ( 'NONE',  ( 1.623188266949138203, 19.75931554856502004, -12.04503245539651957 ) ) ;
#7043 = VERTEX_POINT ( 'NONE', #3127 ) ;
#7044 = EDGE_CURVE ( 'NONE', #5273, #2783, #1939, .T. ) ;
#7045 = DIRECTION ( 'NONE',  ( 0.000000000000000000, -1.000000000000000000, 0.000000000000000000 ) ) ;
#7046 = AXIS2_PLACEMENT_3D ( 'NONE', #6536, #6646, #4912 ) ;
#7047 = CARTESIAN_POINT ( 'NONE',  ( -3.111229949161857800, 38.41495623610929044, -13.05919771033386922 ) ) ;
#7048 = CARTESIAN_POINT ( 'NONE',  ( -5.333230293985113946, 36.45199730988525744, 12.94441370304864947 ) ) ;
#7049 = CARTESIAN_POINT ( 'NONE',  ( 12.87525197543213018, 21.85337715550318194, -4.242873121848152351 ) ) ;
#7050 = CARTESIAN_POINT ( 'NONE',  ( -12.34506618187405458, 23.91868057067391717, -4.966786507533383244 ) ) ;
#7051 = DIRECTION ( 'NONE',  ( 0.000000000000000000, 0.000000000000000000, -1.000000000000000000 ) ) ;
#7052 = ORIENTED_EDGE ( 'NONE', *, *, #5173, .F. ) ;
#7053 = EDGE_CURVE ( 'NONE', #6519, #20, #6196, .T. ) ;
#7054 = FACE_OUTER_BOUND ( 'NONE', #4201, .T. ) ;
#7055 = CARTESIAN_POINT ( 'NONE',  ( 2.291739839372145315, 20.05532726406251598, -13.26280562134857099 ) ) ;
#7056 = ORIENTED_EDGE ( 'NONE', *, *, #4174, .F. ) ;
#7057 = CARTESIAN_POINT ( 'NONE',  ( -13.50430973369982368, 20.30791352827987239, -3.692554111708164388 ) ) ;
#7058 = CARTESIAN_POINT ( 'NONE',  ( 12.93429921334138122, 34.58693645138176720, -5.357602089830198366 ) ) ;
#7059 = CARTESIAN_POINT ( 'NONE',  ( -13.35918727205280021, 39.17706511914928313, 1.769697180907771505 ) ) ;
#7060 = CARTESIAN_POINT ( 'NONE',  ( -12.70577230645996103, 21.70733951984579235, 4.147428755998045169 ) ) ;
#7061 = AXIS2_PLACEMENT_3D ( 'NONE', #1947, #1881, #1419 ) ;
#7062 = CARTESIAN_POINT ( 'NONE',  ( -3.330003931041081167, 20.03109136717094074, -13.59912592970161960 ) ) ;
#7063 = CARTESIAN_POINT ( 'NONE',  ( 5.599782199576259778, 35.54611376197850348, 12.83131109016825810 ) ) ;
#7064 = CARTESIAN_POINT ( 'NONE',  ( 1.022246400508613595, 39.39456306300371580, 13.45316316101501997 ) ) ;
#7065 = FILL_AREA_STYLE_COLOUR ( '', #5044 ) ;
#7066 = CARTESIAN_POINT ( 'NONE',  ( 11.48392590479280706, 21.44603332502846627, -3.972288696730134738 ) ) ;
#7067 = CARTESIAN_POINT ( 'NONE',  ( 2.871275226766576427, 19.73433531881500258, -13.70603578090591412 ) ) ;
#7068 = ORIENTED_EDGE ( 'NONE', *, *, #4296, .F. ) ;
#7069 = CARTESIAN_POINT ( 'NONE',  ( -12.32882838140005610, 34.66516375184302490, -4.999999999999999112 ) ) ;
#7070 = CARTESIAN_POINT ( 'NONE',  ( -7.499999999999993783, 0.000000000000000000, -9.558896379812896527 ) ) ;
#7071 = CARTESIAN_POINT ( 'NONE',  ( 13.06985892234238733, 21.08658711957129839, -3.653631128367181180 ) ) ;
#7072 = CARTESIAN_POINT ( 'NONE',  ( -5.000000000000013323, 24.16589827980266847, 11.07350441368946470 ) ) ;
#7073 = CARTESIAN_POINT ( 'NONE',  ( -0.4174432764730531820, 19.51677937368306104, -13.49248858780281601 ) ) ;
#7074 = DIRECTION ( 'NONE',  ( 0.000000000000000000, 1.000000000000000000, 0.000000000000000000 ) ) ;
#7075 = CARTESIAN_POINT ( 'NONE',  ( 12.59800497780949868, 35.20415549282379430, -4.950342560963529870 ) ) ;
#7076 = CARTESIAN_POINT ( 'NONE',  ( 13.49392485328464986, 39.19356054977400561, -1.726924891857458899 ) ) ;
#7077 = CARTESIAN_POINT ( 'NONE',  ( -2.724794792029393786, 38.69240731016247281, 13.16309275359572872 ) ) ;
#7078 = CARTESIAN_POINT ( 'NONE',  ( 0.000000000000000000, 3.499999999999982236, 0.000000000000000000 ) ) ;
#7079 = EDGE_CURVE ( 'NONE', #4867, #1911, #343, .T. ) ;
#7080 = ORIENTED_EDGE ( 'NONE', *, *, #74, .F. ) ;
#7081 = DIRECTION ( 'NONE',  ( 0.000000000000000000, -0.000000000000000000, -1.000000000000000000 ) ) ;
#7082 = CARTESIAN_POINT ( 'NONE',  ( 13.08506639948226358, 36.42740521865977854, 4.978184413308025746 ) ) ;
#7083 = CARTESIAN_POINT ( 'NONE',  ( -0.1703400657394739393, 19.50021003659006169, -13.49990682353130289 ) ) ;
#7084 = CARTESIAN_POINT ( 'NONE',  ( -5.426944984505229108, 22.80510781646027851, -12.90539287117089984 ) ) ;
#7085 = CARTESIAN_POINT ( 'NONE',  ( 13.50775008971844748, 19.77000786925669829, -1.622914563388635933 ) ) ;
#7086 = CARTESIAN_POINT ( 'NONE',  ( -13.92220683203126974, 39.81343295475127064, 1.484806420479544364 ) ) ;
#7087 = DIRECTION ( 'NONE',  ( 0.000000000000000000, 0.000000000000000000, -1.000000000000000000 ) ) ;
#7088 = EDGE_CURVE ( 'NONE', #4438, #3731, #2009, .T. ) ;
#7089 = ORIENTED_EDGE ( 'NONE', *, *, #7053, .T. ) ;
#7090 = CARTESIAN_POINT ( 'NONE',  ( -4.884684129094665650, 35.57067979539833402, -12.38465242238216035 ) ) ;
#7091 = ORIENTED_EDGE ( 'NONE', *, *, #2827, .T. ) ;
#7092 = CARTESIAN_POINT ( 'NONE',  ( -13.85314853604837992, 19.35697108262163368, 2.029858609477910303 ) ) ;
#7093 = CARTESIAN_POINT ( 'NONE',  ( 13.53154518868911182, 39.29217914065953465, 1.427134559171524986 ) ) ;
#7094 = CARTESIAN_POINT ( 'NONE',  ( -13.94044318815087280, 39.85758925739880709, 1.303051518860874225 ) ) ;
#7095 = CARTESIAN_POINT ( 'NONE',  ( -12.93809792131997938, 20.93311135161112091, 3.503917043568896439 ) ) ;
#7096 = DIRECTION ( 'NONE',  ( 8.659560562354903276E-17, 0.7071067811865500152, -0.7071067811865451302 ) ) ;
#7097 = CARTESIAN_POINT ( 'NONE',  ( 5.701314620220761853, 34.68359867059582768, 12.78651784332039121 ) ) ;
#7098 = CARTESIAN_POINT ( 'NONE',  ( -0.5802737701399246495, 39.46688294553106147, 13.48519778726661045 ) ) ;
#7099 = FILL_AREA_STYLE ('',( #7065 ) ) ;
#7100 = CARTESIAN_POINT ( 'NONE',  ( 11.35218299443599399, 21.98639362583811874, -4.334463396751604414 ) ) ;
#7101 = CARTESIAN_POINT ( 'NONE',  ( 3.592534665436421193, 37.97853837652176878, 12.90882221739416202 ) ) ;
#7102 = VERTEX_POINT ( 'NONE', #1450 ) ;
#7103 = CARTESIAN_POINT ( 'NONE',  ( -3.362532949875631783, 13.22178518030323602, 13.59799773826002500 ) ) ;
#7104 = DIRECTION ( 'NONE',  ( 1.206107350727848108E-16, 0.000000000000000000, -1.000000000000000000 ) ) ;
#7105 = CARTESIAN_POINT ( 'NONE',  ( 12.59506699491914539, 23.84237740148992302, -4.957243850407600405 ) ) ;
#7106 = CARTESIAN_POINT ( 'NONE',  ( -18.50000000000000000, 0.000000000000000000, 0.000000000000000000 ) ) ;
#7107 = CARTESIAN_POINT ( 'NONE',  ( -3.810532272350986904, 21.26172592848599763, -12.83293348860770600 ) ) ;
#7108 = DIRECTION ( 'NONE',  ( 0.000000000000000000, 0.000000000000000000, -1.000000000000000000 ) ) ;
#7109 = CARTESIAN_POINT ( 'NONE',  ( -3.775778907814621110, 21.22221119789824328, 12.84522969787891000 ) ) ;
#7110 = CARTESIAN_POINT ( 'NONE',  ( 13.36466600249852377, 38.83944968153954846, -2.484329570012745236 ) ) ;
#7111 = CARTESIAN_POINT ( 'NONE',  ( -3.358634340386951855, 38.20399686347933255, 12.98463330006297412 ) ) ;
#7112 = ORIENTED_EDGE ( 'NONE', *, *, #5366, .F. ) ;
#7113 = CARTESIAN_POINT ( 'NONE',  ( -12.80946492379130319, 37.65997617676577391, 3.874865514812392053 ) ) ;
#7114 = CARTESIAN_POINT ( 'NONE',  ( -3.329240443822311768, 38.23065884761367528, -12.99383504092416075 ) ) ;
#7115 = B_SPLINE_SURFACE_WITH_KNOTS ( 'NONE', 1, 3, ( 
 ( #5046, #514, #7303, #3906, #6185, #3339, #2777, #5082, #3375, #6777, #7380, #1660, #6222, #548, #5188, #4707, #2328, #6975, #5224, #3039, #5304, #5815, #4097, #2445, #69, #6930, #4627, #1328, #5335, #662, #1860, #744, #3604, #1256, #703, #4746, #4136, #5265, #226, #2923, #1928, #6889, #1773, #4056, #6336, #7189, #4241, #3148, #1962, #4352, #5368, #5604, #5438, #6513, #3075, #1398, #6549, #3319, #1364, #4885, #6623, #3114, #3888, #2035, #2577, #5923, #2512, #1996, #6587, #493, #4317, #3638, #7086, #842, #5404, #2545, #4850, #7119, #3712, #329, #2634, #3842, #1595, #2670, #4938, #6121, #3878, #3197, #2119, #927, #4445, #4332, #4479, #4406, #5487, #2050, #381, #5523, #7313, #345, #1004, #3309, #2083, #1036, #3271, #1559, #4903, #6602, #968, #5556, #6714, #449, #6156, #5592, #484, #2708, #7203, #2750, #2594, #1075, #5055, #4367, #6085, #3801, #2189, #5451 ),
 ( #5012, #416, #6750, #6639, #4975, #7165, #1483, #1520, #3235, #7241, #6678, #6045, #3763, #7274, #2157, #1632, #3915, #6192, #5197, #1743, #5668, #632, #1783, #556, #6383, #1148, #6785, #4024, #6345, #4563, #1229, #4107, #6302, #3955, #1669, #2823, #5784, #3497, #672, #5706, #2377, #118, #6230, #2935, #2225, #5235, #1186, #524, #80, #2788, #6944, #5090, #3349, #2300, #4520, #3457, #4, #5635, #7350, #596, #3421, #1113, #3384, #1707, #5126, #2263, #6827, #3990, #5745, #2895, #3123, #1904, #5343, #4858, #4791, #7059, #715, #4717, #1373, #7197, #4932, #1030, #2183, #2588, #1589, #7233, #5006, #1512, #4970, #3795, #2150, #5479, #6633, #6559, #1445, #920, #3191, #375, #2044, #7159, #4895, #4361, #3157, #4326, #885, #477, #998, #2113, #1478, #3835, #2702, #3757, #3722, #2077, #6596, #2664, #4440, #2626, #6708, #7305, #4399, #6038, #6075, #961, #3871, #7268 ) ),
 .UNSPECIFIED., .F., .F., .F.,
 ( 2, 2 ),
 ( 4, 2, 2, 2, 2, 2, 2, 2, 2, 2, 2, 2, 2, 2, 2, 2, 2, 2, 2, 2, 2, 2, 2, 2, 2, 2, 2, 2, 2, 2, 2, 2, 2, 2, 2, 2, 2, 2, 2, 2, 2, 2, 2, 2, 2, 2, 2, 2, 2, 2, 2, 2, 2, 2, 2, 2, 2, 2, 2, 2, 2, 2, 4 ),
 ( 0.000000000000000000, 1.000000000000000000 ),
 ( 0.000000000000000000, 0.0005430559330015017651, 0.001086111866003003530, 0.001357639832503754413, 0.001629167799004505295, 0.001900695765505256178, 0.002172223732006007060, 0.002443751698506757726, 0.002715279665007508825, 0.002986807631508259925, 0.003258335598009010591, 0.003529863564509761256, 0.003801391531010512356, 0.004072919497511263455, 0.004344447464012014121, 0.004887503397013515452, 0.005159031363514266985, 0.005294795346764642752, 0.005430559330015017651, 0.005702087296515768317, 0.005973615263016519850, 0.006516671196018021181, 0.007059727129019522512, 0.007195491112269898279, 0.007331255095520274045, 0.007467019078770649812, 0.007602783062021024711, 0.007874311028521775377, 0.008145838995022526910, 0.008417366961523276708, 0.008688894928024028241, 0.008960422894524779774, 0.009096186877775153806, 0.009231950861025529573, 0.009503478827526279371, 0.009775006794027030904, 0.01031806272702853397, 0.01058959069352928550, 0.01086111866003003530, 0.01113264662653078510, 0.01140417459303153663, 0.01194723052603303970, 0.01221875849253379123, 0.01249028645903454103, 0.01262605044228491680, 0.01276181442553529083, 0.01303334239203604236, 0.01330487035853679390, 0.01357639832503754369, 0.01384792629153829349, 0.01411945425803904502, 0.01439098222453979656, 0.01452674620779017232, 0.01466251019104054809, 0.01520556612404204942, 0.01574862205704355075, 0.01602015002354430229, 0.01629167799004505382, 0.01642744197329543132, 0.01656320595654580535, 0.01683473392304655342, 0.01710626188954730495, 0.01737778985604805648 ),
 .UNSPECIFIED. ) ;
#7116 = CARTESIAN_POINT ( 'NONE',  ( -3.144364604777628358, 20.61244395044826661, -13.04939739921388586 ) ) ;
#7117 = CARTESIAN_POINT ( 'NONE',  ( -5.333266973458630211, 22.54811847779509648, -12.94439843765957043 ) ) ;
#7118 = CARTESIAN_POINT ( 'NONE',  ( 13.40181376761419685, 20.05619379398555679, 2.293297665113274153 ) ) ;
#7119 = CARTESIAN_POINT ( 'NONE',  ( -13.81329475549791574, 39.54206787476876883, 2.280491854602166413 ) ) ;
#7120 = CARTESIAN_POINT ( 'NONE',  ( -12.68686278043297300, 21.77854377066732283, -4.195267373628944974 ) ) ;
#7121 = CYLINDRICAL_SURFACE ( 'NONE', #3549, 1.750000000000000000 ) ;
#7122 = EDGE_LOOP ( 'NONE', ( #7030, #5657, #4064, #4285 ) ) ;
#7123 = CARTESIAN_POINT ( 'NONE',  ( -3.187519599043987295, 38.35223798966109143, -13.03672044757276183 ) ) ;
#7124 = EDGE_CURVE ( 'NONE', #3742, #772, #1376, .T. ) ;
#7125 = CARTESIAN_POINT ( 'NONE',  ( 3.178498908780993393, 20.64031409042399545, -13.03938560544549041 ) ) ;
#7126 = CARTESIAN_POINT ( 'NONE',  ( 2.820922919498016324, 20.37155344778729216, 13.13859881270513341 ) ) ;
#7127 = CARTESIAN_POINT ( 'NONE',  ( 13.46025234675199655, 20.87666782525579379, -3.850407511204110289 ) ) ;
#7128 = VERTEX_POINT ( 'NONE', #307 ) ;
#7129 = CARTESIAN_POINT ( 'NONE',  ( -13.72067480238319170, 19.69878572119002769, 2.783879528940820247 ) ) ;
#7130 = CARTESIAN_POINT ( 'NONE',  ( -13.23144411092843420, 20.13328770616530861, 2.436749673415472550 ) ) ;
#7131 = CARTESIAN_POINT ( 'NONE',  ( -5.000000000000013323, 34.49999999999998579, 12.32882846293108159 ) ) ;
#7132 = CARTESIAN_POINT ( 'NONE',  ( 3.675245137617702440, 37.89030992498642547, 12.88048916269665334 ) ) ;
#7133 = CARTESIAN_POINT ( 'NONE',  ( -4.739453653875232320, 36.12620794048726935, 11.18832711823850801 ) ) ;
#7134 = CARTESIAN_POINT ( 'NONE',  ( 12.66439529037253386, 23.07187263320586723, 4.791751958618283069 ) ) ;
#7135 = CIRCLE ( 'NONE', #109, 12.15000000000000036 ) ;
#7136 = VERTEX_POINT ( 'NONE', #5380 ) ;
#7137 = EDGE_CURVE ( 'NONE', #4190, #7263, #273, .T. ) ;
#7138 = CARTESIAN_POINT ( 'NONE',  ( 1.775246876952087494, 19.82292678745628933, 12.02057250157407076 ) ) ;
#7139 = CARTESIAN_POINT ( 'NONE',  ( 9.499999999999991118, 4.000000000000000000, 19.84313483298443970 ) ) ;
#7140 = CARTESIAN_POINT ( 'NONE',  ( 13.05584264163339370, 21.13638846262210791, -3.699479893134946629 ) ) ;
#7141 = DIRECTION ( 'NONE',  ( 0.000000000000000000, 0.000000000000000000, -1.000000000000000000 ) ) ;
#7142 = CARTESIAN_POINT ( 'NONE',  ( -1.428809295313525851, 19.70831677206446031, -13.40827102715393337 ) ) ;
#7143 = CARTESIAN_POINT ( 'NONE',  ( 7.500000000000000000, 14.00000000000000000, -59.57475013247809414 ) ) ;
#7144 = CARTESIAN_POINT ( 'NONE',  ( -3.543694065332974930, 20.97262549989011049, 12.92497929228831666 ) ) ;
#7145 = CARTESIAN_POINT ( 'NONE',  ( 13.52334835802587421, 39.27081720897355410, -1.497008733758289578 ) ) ;
#7146 = CARTESIAN_POINT ( 'NONE',  ( -3.730638599172534153, 37.82926049214439246, 12.86119116919235594 ) ) ;
#7147 = ORIENTED_EDGE ( 'NONE', *, *, #2427, .T. ) ;
#7148 = CARTESIAN_POINT ( 'NONE',  ( -12.49592710255508621, 36.35164317174416482, 4.644550699233596980 ) ) ;
#7149 = CARTESIAN_POINT ( 'NONE',  ( -4.239045969329550800, 37.15276874771022619, -12.66922898022113131 ) ) ;
#7150 = CARTESIAN_POINT ( 'NONE',  ( -4.143558834723704898, 21.70160735705331945, -12.70729970935820674 ) ) ;
#7151 = CARTESIAN_POINT ( 'NONE',  ( -5.694087720466446179, 34.86677875510878977, 12.78975292877223957 ) ) ;
#7152 = CARTESIAN_POINT ( 'NONE',  ( 13.55666907625741224, 19.64285329265413793, -1.187370494309399005 ) ) ;
#7153 = CARTESIAN_POINT ( 'NONE',  ( 2.517872742605782754, 38.83187905775055526, 11.88945402565543930 ) ) ;
#7154 = ORIENTED_EDGE ( 'NONE', *, *, #5761, .F. ) ;
#7155 = CARTESIAN_POINT ( 'NONE',  ( 3.303421593126030675, 20.74319934754043260, 13.00253733355234687 ) ) ;
#7156 = CARTESIAN_POINT ( 'NONE',  ( 13.98016186836828112, 19.34113530603320896, 0.7463190767122472868 ) ) ;
#7157 = ORIENTED_EDGE ( 'NONE', *, *, #1598, .T. ) ;
#7158 = CARTESIAN_POINT ( 'NONE',  ( -12.79537119470486140, 21.38698967354283553, 3.913533140117258391 ) ) ;
#7159 = CARTESIAN_POINT ( 'NONE',  ( -12.74082138930243424, 37.42230818400935988, 4.057910833832236719 ) ) ;
#7160 = VECTOR ( 'NONE', #735, 1000.000000000000000 ) ;
#7161 = CARTESIAN_POINT ( 'NONE',  ( -12.92966737449800085, 20.95846999786284925, 3.529542010681488762 ) ) ;
#7162 = ORIENTED_EDGE ( 'NONE', *, *, #1872, .F. ) ;
#7163 = DIRECTION ( 'NONE',  ( 0.000000000000000000, -1.000000000000000000, 0.000000000000000000 ) ) ;
#7164 = CARTESIAN_POINT ( 'NONE',  ( -3.303421593126051548, 38.25680065245958161, 13.00253733355233621 ) ) ;
#7165 = CARTESIAN_POINT ( 'NONE',  ( -12.38396570382938400, 35.56420600412829458, -4.886122869753431353 ) ) ;
#7166 = CARTESIAN_POINT ( 'NONE',  ( -12.14982594419684503, 19.50042295588276531, 0.3367253507142274338 ) ) ;
#7167 = PLANE ( 'NONE',  #4632 ) ;
#7168 = CONICAL_SURFACE ( 'NONE', #150, 24.00000000000000355, 0.7853981633974482790 ) ;
#7169 = CARTESIAN_POINT ( 'NONE',  ( -5.703703114510179084, 34.49999999999998579, 12.78545152826159992 ) ) ;
#7170 = EDGE_CURVE ( 'NONE', #2027, #1382, #6234, .T. ) ;
#7171 = EDGE_LOOP ( 'NONE', ( #3369, #7200, #2882, #4710 ) ) ;
#7172 = B_SPLINE_SURFACE_WITH_KNOTS ( 'NONE', 1, 3, ( 
 ( #5712, #5165, #4112, #1749, #3540, #4031, #5830, #6309, #5750, #1193, #636, #2899, #5202, #85, #1234, #2343, #4643, #6906, #1792, #6351, #1970, #1509, #917, #162, #7194, #2419, #958, #4721, #6113, #2039, #4247, #4323, #7127, #848, #3791, #3224, #6518, #4929, #3120, #6988, #6072, #1403, #3188, #5476, #3680, #5282, #5965, #6630, #2005, #5410, #5513, #2110, #6593, #2585, #407, #2661, #4967, #301, #4396, #7231, #372, #1475, #2550, #6666, #2622, #1549, #4284, #2980, #3831, #4855, #6556, #1441, #3754, #3719, #6001, #882, #3154, #5443, #2074, #335, #4358, #4892, #7156, #6035, #6740, #6776, #4552, #5081, #3946, #4436, #3868, #7302, #2181, #4588, #6818, #4015, #2699, #4509, #2737, #2216, #1104, #6221, #1659, #6705, #512, #3373, #3412, #6148, #4469, #1623, #3338, #1027, #6257, #547, #1586, #5116, #3981, #1138, #6852, #5695, #586, #5624, #2812, #1697, #7379, #2853, #5043, #5152, #7341, #1733, #6184, #995, #441, #5003, #3299, #5584, #474, #1065, #743, #4170, #6411, #5187, #2408, #5303, #1255, #4667, #1292, #2444, #3003, #2886, #6448, #1219, #68, #623 ),
 ( #5774, #1327, #225, #7011, #3566, #5264, #2327, #3603, #4135, #776, #5223, #1177, #5892, #6888, #4625, #3038, #6974, #5334, #6335, #2479, #1772, #661, #4782, #7049, #1927, #2922, #3447, #4706, #6929, #1859, #5735, #2965, #4055, #107, #4096, #6375, #3526, #5814, #702, #7222, #5922, #328, #5959, #5437, #4316, #2034, #4884, #5367, #3711, #2576, #6622, #7085, #5403, #2544, #6547, #1961, #2070, #7152, #262, #911, #7188, #4351, #5506, #1503, #3784, #1435, #6586, #4925, #1470, #6029, #841, #6065, #876, #3748, #3113, #949, #4960, #3217, #3074, #400, #4206, #295, #3181, #6482, #5471, #2511, #365, #2616, #5996, #4849, #1363, #3637, #807, #4817, #4240, #6512, #1397, #3674, #7118, #3147, #1995, #4278, #988, #6697, #4543, #7259, #2805, #2247, #5542, #3935, #2140, #1540, #5109, #436, #7334, #2209, #3822, #4388, #3256, #5654, #6141, #6658, #540, #1131, #5615, #1614, #7371, #6809, #1690, #2690, #1652, #3974, #4501, #4994, #504, #1097, #4461, #5576, #6769, #3364, #6215, #6106, #6248, #4428, #1578, #3861, #5688, #3898, #5142, #3404, #1020, #3291, #579, #466 ) ),
 .UNSPECIFIED., .F., .F., .F.,
 ( 2, 2 ),
 ( 4, 2, 2, 2, 2, 2, 2, 2, 2, 2, 2, 2, 2, 2, 2, 2, 2, 2, 2, 2, 2, 2, 2, 2, 2, 2, 2, 2, 2, 2, 2, 2, 2, 2, 2, 2, 2, 2, 2, 2, 2, 2, 2, 2, 2, 2, 2, 2, 2, 2, 2, 2, 2, 2, 2, 2, 2, 2, 2, 2, 2, 2, 2, 2, 2, 2, 2, 2, 2, 2, 2, 2, 2, 2, 2, 2, 4 ),
 ( 0.000000000000000000, 1.000000000000000000 ),
 ( 0.000000000000000000, 0.0005136795353273290819, 0.001027359070654658164, 0.001284198838318322596, 0.001412618722150154812, 0.001541038605981987246, 0.001669458489813819679, 0.001797878373645651895, 0.002054718141309316327, 0.002311557908972980760, 0.002568397676636645192, 0.002825237444300309625, 0.003082077211963974491, 0.003338916979627639357, 0.003595756747291303790, 0.003852596514954968222, 0.004109436282618632655, 0.004623115817945961520, 0.004879955585609625952, 0.005008375469441458602, 0.005136795353273290385, 0.005265215237105122167, 0.005393635120936954817, 0.005650474888600619250, 0.006164154423927948982, 0.006420994191591613415, 0.006677833959255278715, 0.006806253843087110497, 0.006934673726918943147, 0.007063093610750775797, 0.007191513494582607580, 0.007448353262246272012, 0.007705193029909936445, 0.007962032797573601745, 0.008218872565237265310, 0.008347292449069097092, 0.008475712332900928875, 0.008604132216732760657, 0.008668342158648676549, 0.008732552100564594175, 0.008860971984396427692, 0.008989391868228259475, 0.009246231635891923040, 0.009759911171219251905, 0.01001675093888291720, 0.01014517082271474899, 0.01027359070654658077, 0.01040201059037841255, 0.01053043047421024433, 0.01078727024187390963, 0.01130094977720123850, 0.01155778954486490380, 0.01168620942869673732, 0.01181462931252856910, 0.01194304919636040088, 0.01207146908019223266, 0.01232830884785589796, 0.01258514861551956326, 0.01284198838318322683, 0.01309882815084689213, 0.01335566791851055743, 0.01361250768617422099, 0.01374092757000605278, 0.01386934745383788629, 0.01399776733766971981, 0.01412618722150155159, 0.01438302698916521516, 0.01489670652449254402, 0.01515354629215620932, 0.01528196617598804111, 0.01541038605981987289, 0.01553880594365170641, 0.01566722582748353992, 0.01579564571131537171, 0.01592406559514720349, 0.01618090536281086705, 0.01643774513047453062 ),
 .UNSPECIFIED. ) ;
#7173 = CARTESIAN_POINT ( 'NONE',  ( -5.953930690319380936, 11.08659322414745318, 12.67447328658989214 ) ) ;
#7174 = CARTESIAN_POINT ( 'NONE',  ( 5.426944984505202463, 22.80510781646029272, 12.90539287117091938 ) ) ;
#7175 = CARTESIAN_POINT ( 'NONE',  ( 13.08288553737591720, 21.04094610868997961, -3.610401153986596778 ) ) ;
#7176 = CARTESIAN_POINT ( 'NONE',  ( -3.486098052515785639, 38.86774116332357210, -13.56269732108961179 ) ) ;
#7177 = CARTESIAN_POINT ( 'NONE',  ( -0.8250359052273068539, 19.56785275347015940, -13.46975899026662304 ) ) ;
#7178 = LINE ( 'NONE', #1951, #366 ) ;
#7179 = EDGE_CURVE ( 'NONE', #2571, #708, #2054, .T. ) ;
#7180 = CARTESIAN_POINT ( 'NONE',  ( -2.798679341151727229, 20.35663406128316311, 13.14430010081823141 ) ) ;
#7181 = CARTESIAN_POINT ( 'NONE',  ( 13.20318575009256890, 38.35721295407563503, -3.181512712230260220 ) ) ;
#7182 = CARTESIAN_POINT ( 'NONE',  ( -3.353641160734111448, 38.20851995857088923, 12.98619512353028504 ) ) ;
#7183 = ORIENTED_EDGE ( 'NONE', *, *, #861, .T. ) ;
#7184 = CARTESIAN_POINT ( 'NONE',  ( -12.76462762114506155, 37.50640044061005796, 3.995396005398542005 ) ) ;
#7185 = CARTESIAN_POINT ( 'NONE',  ( 4.595843475238493347, 12.43181240200966364, 11.24907015614744843 ) ) ;
#7186 = CARTESIAN_POINT ( 'NONE',  ( -3.251515687732899451, 20.70124649203306788, -13.01766348024024111 ) ) ;
#7187 = CARTESIAN_POINT ( 'NONE',  ( -5.703703114510190630, 24.50000000000000711, -12.78545152826159459 ) ) ;
#7188 = CARTESIAN_POINT ( 'NONE',  ( 13.57095650447296542, 19.60624051474282226, -1.026069453808084120 ) ) ;
#7189 = CARTESIAN_POINT ( 'NONE',  ( -13.90487342823278816, 39.77085109326130663, -1.629900805558003318 ) ) ;
#7190 = CARTESIAN_POINT ( 'NONE',  ( -24.00000000000000355, 24.50000000000000000, -5.000000000000000000 ) ) ;
#7191 = ORIENTED_EDGE ( 'NONE', *, *, #3642, .T. ) ;
#7192 = CARTESIAN_POINT ( 'NONE',  ( -1.259329390645181013, 39.34002525512609338, -13.42924016620093042 ) ) ;
#7193 = CARTESIAN_POINT ( 'NONE',  ( 4.582564412539239740, 22.49830568311940837, 12.52363892634316045 ) ) ;
#7194 = CARTESIAN_POINT ( 'NONE',  ( 13.25728630060667967, 21.67105171424218923, -4.499664409926835695 ) ) ;
#7195 = ORIENTED_EDGE ( 'NONE', *, *, #5702, .T. ) ;
#7196 = CARTESIAN_POINT ( 'NONE',  ( -13.05778446740552567, 20.58894416542820949, 3.116118621752689499 ) ) ;
#7197 = CARTESIAN_POINT ( 'NONE',  ( -13.27715620654400830, 38.97990527982585007, 2.221969527786563425 ) ) ;
#7198 = PLANE ( 'NONE',  #4548 ) ;
#7199 = CARTESIAN_POINT ( 'NONE',  ( -0.3301652024386751427, 39.49999999999999289, -12.14999999999999147 ) ) ;
#7200 = ORIENTED_EDGE ( 'NONE', *, *, #4738, .T. ) ;
#7201 = CARTESIAN_POINT ( 'NONE',  ( -2.456333378295878056, 13.60335584031873069, -13.79059894343029491 ) ) ;
#7202 = CARTESIAN_POINT ( 'NONE',  ( 5.703702782121079728, 34.59192658446858104, 12.78545150766138150 ) ) ;
#7203 = CARTESIAN_POINT ( 'NONE',  ( -12.82744570394588735, 35.50107926038775474, 5.608628890089581098 ) ) ;
#7204 = CARTESIAN_POINT ( 'NONE',  ( 5.481982651196908307, 36.02128836776785903, -12.88210987413217623 ) ) ;
#7205 = CARTESIAN_POINT ( 'NONE',  ( -12.92497929227975639, 20.97262549991661373, -3.543694065359468404 ) ) ;
#7206 = DIRECTION ( 'NONE',  ( 0.000000000000000000, 0.000000000000000000, -1.000000000000000000 ) ) ;
#7207 = CARTESIAN_POINT ( 'NONE',  ( -12.49499534281281576, 36.34796407519697681, -4.646744365608975968 ) ) ;
#7208 = CARTESIAN_POINT ( 'NONE',  ( 3.217941368346765696, 19.95870918671022309, 13.62521335860814986 ) ) ;
#7209 = CARTESIAN_POINT ( 'NONE',  ( -7.499999999999991118, 4.669203747859696385, 12.21334375751844981 ) ) ;
#7210 = DIRECTION ( 'NONE',  ( -0.000000000000000000, 1.000000000000000000, -0.000000000000000000 ) ) ;
#7211 = CARTESIAN_POINT ( 'NONE',  ( 4.675612838091375068, 22.72094279260666383, -12.48211962124502961 ) ) ;
#7212 = DIRECTION ( 'NONE',  ( 8.659560562354873694E-17, -0.7071067811865524577, 0.7071067811865426878 ) ) ;
#7213 = CARTESIAN_POINT ( 'NONE',  ( -3.755123247779788898, 21.19850220017303499, 12.85256368280971806 ) ) ;
#7214 = CARTESIAN_POINT ( 'NONE',  ( 13.54483600172630631, 39.32664709589526097, 1.305839026473736952 ) ) ;
#7215 = CARTESIAN_POINT ( 'NONE',  ( -3.503917043904701600, 38.06688864805871475, 12.93809792121169089 ) ) ;
#7216 = B_SPLINE_CURVE_WITH_KNOTS ( 'NONE', 3,
 ( #554, #6942, #4637, #1828, #6266, #5274, #4561 ),
 .UNSPECIFIED., .F., .F.,
 ( 4, 3, 4 ),
 ( 1.110764993427085326E-17, 0.001538204004139530345, 0.002299636508648979141 ),
 .UNSPECIFIED. ) ;
#7217 = ORIENTED_EDGE ( 'NONE', *, *, #1409, .T. ) ;
#7218 = CARTESIAN_POINT ( 'NONE',  ( -12.61649916014612494, 36.93616438592896145, 4.367017851340623480 ) ) ;
#7219 = CARTESIAN_POINT ( 'NONE',  ( 14.00016011019780571, 39.70988745485851723, -0.3492084418709466842 ) ) ;
#7220 = CARTESIAN_POINT ( 'NONE',  ( -3.849181933424189239, 21.30877759090592249, -12.81883183690644046 ) ) ;
#7221 = CARTESIAN_POINT ( 'NONE',  ( -3.101765169835647651, 19.88350075338309964, -13.65230268329045771 ) ) ;
#7222 = CARTESIAN_POINT ( 'NONE',  ( 13.28429976627721665, 20.39418175724341964, -2.853756871408720919 ) ) ;
#7223 = CARTESIAN_POINT ( 'NONE',  ( 12.74797336754733834, 36.50031368388042807, 4.583167796473459177 ) ) ;
#7224 = APPLICATION_PROTOCOL_DEFINITION ( 'draft international standard', 'automotive_design', 1998, #170 ) ;
#7225 = DIRECTION ( 'NONE',  ( -0.000000000000000000, -1.000000000000000000, -0.000000000000000000 ) ) ;
#7226 = VERTEX_POINT ( 'NONE', #5010 ) ;
#7227 = EDGE_CURVE ( 'NONE', #4289, #4243, #5890, .T. ) ;
#7228 = CARTESIAN_POINT ( 'NONE',  ( -3.270242672348682600, 38.28258263096676473, -13.01197419619578532 ) ) ;
#7229 = CARTESIAN_POINT ( 'NONE',  ( -3.797799817676521972, 38.60372437620777220, -13.47508796812851273 ) ) ;
#7230 = CARTESIAN_POINT ( 'NONE',  ( 4.366010438661033888, 22.06185965880622746, 12.61693223441080214 ) ) ;
#7231 = CARTESIAN_POINT ( 'NONE',  ( 13.95335334627626267, 19.41021530243763138, -1.142720993722442513 ) ) ;
#7232 = CARTESIAN_POINT ( 'NONE',  ( -13.16472066193722057, 20.30318213882857847, 2.719080137555470067 ) ) ;
#7233 = CARTESIAN_POINT ( 'NONE',  ( -13.07747853385277814, 38.46502789234885711, 3.047153119152831824 ) ) ;
#7234 = CARTESIAN_POINT ( 'NONE',  ( 7.499999999999991118, 4.000000000000000000, 12.99038105676657118 ) ) ;
#7235 = B_SPLINE_SURFACE_WITH_KNOTS ( 'NONE', 1, 3, ( 
 ( #1249, #3440, #5328, #7040, #655, #1852, #737, #1921, #3519, #5257, #4740, #2401, #142, #4199, #2916, #4129, #4618, #6404, #5217, #4047, #6328, #3481, #4478, #3270, #1668, #6677, #6826, #6749, #5555, #4405, #448, #483, #2262, #2669, #6191, #5667, #4444, #3383, #3348, #3914, #7240, #1558, #555, #2822, #5125, #6120, #1706, #6229, #523, #1631, #3841, #1112, #5634, #4562, #6713, #415, #3954, #1003, #2707, #3, #1074, #3989, #5011, #6267, #7273, #2156, #4519, #1147, #3420, #1594, #4974, #2787, #6155, #5089, #2118, #7349, #2224, #3877, #1035, #3308, #5591, #2749, #5054, #7312, #2188, #1829, #79, #6943, #5826, #3534, #6382, #6860, #5234, #4106, #753, #1185, #6899, #4066, #671, #3456, #3575, #1264, #1742, #2415, #1300, #5865, #7019, #3011, #5311, #2934, #714, #6419, #2975, #159, #2338, #193, #2376, #5275, #4638, #4754, #6456, #1903, #4596, #4179, #1337, #1782, #4716, #5705, #6983, #4023, #1867, #4143, #117, #6344, #595, #2862, #5160, #41, #2299, #6301, #5744, #631, #2894, #4677, #5196, #1228, #3496, #5783, #6142, #1372, #4429, #3862, #7058, #5543 ),
 ( #1579, #2484, #2141, #1541, #784, #437, #3046, #1021, #5342, #6733, #2654, #235, #3292, #4790, #3613, #4961, #1935, #7223, #269, #5577, #2691, #951, #6521, #4995, #4214, #1973, #5897, #6698, #467, #5929, #2103, #3823, #2729, #2522, #4825, #3257, #4389, #4250, #5034, #813, #6659, #7260, #3218, #3084, #6107, #7294, #3647, #401, #6491, #2174, #5378, #4462, #989, #7093, #1406, #3683, #5968, #5507, #3899, #28, #6880, #5655, #4617, #4581, #5145, #1058, #505, #4545, #1726, #615, #6845, #5179, #60, #2320, #2286, #4502, #6326, #6178, #4657, #1211, #1098, #2249, #7372, #3479, #99, #3975, #4008, #3365, #7335, #3331, #2915, #3405, #4045, #541, #6249, #1615, #5766, #2359, #5616, #653, #6770, #2210, #1653, #6810, #2771, #3937, #5075, #5216, #3439, #6284, #2806, #1170, #5110, #1132, #5689, #580, #2847, #5727, #2879, #2536, #2502, #285, #215, #140, #5255, #4127, #1952, #5358, #3065, #1886, #5951, #3665, #2399, #4808, #5805, #252, #4772, #4089, #3629, #6366, #692, #2435, #7038, #5914, #1919, #7075, #4231, #6505, #2469, #4697, #1389, #1810, #6920, #832 ) ),
 .UNSPECIFIED., .F., .F., .F.,
 ( 2, 2 ),
 ( 4, 2, 2, 2, 2, 2, 2, 2, 2, 2, 2, 2, 2, 2, 2, 2, 2, 2, 2, 2, 2, 2, 2, 2, 2, 2, 2, 2, 2, 2, 2, 2, 2, 2, 2, 2, 2, 2, 2, 2, 2, 2, 2, 2, 2, 2, 2, 2, 2, 2, 2, 2, 2, 2, 2, 2, 2, 2, 2, 2, 2, 2, 2, 2, 2, 2, 2, 2, 2, 2, 2, 2, 2, 2, 2, 2, 4 ),
 ( 0.000000000000000000, 1.000000000000000000 ),
 ( 0.000000000000000000, 0.0005136795353273288650, 0.001027359070654657730, 0.001284198838318322163, 0.001412618722150154379, 0.001541038605981986595, 0.001669458489813818811, 0.001797878373645651028, 0.002054718141309315460, 0.002311557908972979893, 0.002568397676636644325, 0.002825237444300308758, 0.003082077211963973190, 0.003338916979627637623, 0.003595756747291302055, 0.003852596514954966488, 0.004109436282618630920, 0.004623115817945959785, 0.004879955585609624218, 0.005008375469441456868, 0.005136795353273288650, 0.005265215237105120433, 0.005393635120936953083, 0.005650474888600617515, 0.006164154423927946380, 0.006420994191591610813, 0.006677833959255275245, 0.006806253843087107028, 0.006934673726918939678, 0.007063093610750772328, 0.007191513494582604110, 0.007448353262246268543, 0.007705193029909932975, 0.007962032797573598275, 0.008218872565237261840, 0.008347292449069093623, 0.008475712332900925405, 0.008604132216732757188, 0.008668342158648673079, 0.008732552100564590705, 0.008860971984396424223, 0.008989391868228256005, 0.009246231635891919570, 0.009759911171219248435, 0.01001675093888291374, 0.01014517082271474552, 0.01027359070654657730, 0.01040201059037840908, 0.01053043047421024087, 0.01078727024187390617, 0.01130094977720123503, 0.01155778954486489860, 0.01168620942869673038, 0.01181462931252856390, 0.01194304919636039741, 0.01207146908019222920, 0.01232830884785589276, 0.01258514861551955633, 0.01284198838318322163, 0.01309882815084688693, 0.01335566791851055049, 0.01361250768617421406, 0.01374092757000604584, 0.01386934745383787936, 0.01399776733766971287, 0.01412618722150154466, 0.01438302698916520822, 0.01489670652449253709, 0.01515354629215620239, 0.01528196617598803417, 0.01541038605981986595, 0.01553880594365169947, 0.01566722582748353298, 0.01579564571131536477, 0.01592406559514719655, 0.01618090536281086012, 0.01643774513047452368 ),
 .UNSPECIFIED. ) ;
#7236 = CARTESIAN_POINT ( 'NONE',  ( -12.34976450109371093, 23.84158697147021400, 4.957140336661066016 ) ) ;
#7237 = ORIENTED_EDGE ( 'NONE', *, *, #4988, .T. ) ;
#7238 = B_SPLINE_CURVE_WITH_KNOTS ( 'NONE', 3,
 ( #203, #3584, #2527, #4762 ),
 .UNSPECIFIED., .F., .F.,
 ( 4, 4 ),
 ( 0.000000000000000000, 0.001125842092301350319 ),
 .UNSPECIFIED. ) ;
#7239 = CARTESIAN_POINT ( 'NONE',  ( -5.640337251793436479, 11.44921429304850768, -12.81463547616501764 ) ) ;
#7240 = CARTESIAN_POINT ( 'NONE',  ( 13.67007332974538336, 38.80207904492525017, 3.021669725403604456 ) ) ;
#7241 = CARTESIAN_POINT ( 'NONE',  ( -12.44448618836005416, 36.04081120967300222, -4.757387328505469526 ) ) ;
#7242 = CARTESIAN_POINT ( 'NONE',  ( -13.32829405689049551, 20.86699667630619004, -4.286245859725324792 ) ) ;
#7243 = CARTESIAN_POINT ( 'NONE',  ( 4.980485467394960786, 37.18195414254308417, -13.08422580486367792 ) ) ;
#7244 = CARTESIAN_POINT ( 'NONE',  ( -12.83115048359871224, 21.26800626609107070, -3.815211615559302771 ) ) ;
#7245 = CARTESIAN_POINT ( 'NONE',  ( 3.863119847349089309, 21.32567757890182136, -12.81375620129614212 ) ) ;
#7246 = CARTESIAN_POINT ( 'NONE',  ( 4.934745586796466910, 21.74054615270768664, 13.10156010981402197 ) ) ;
#7247 = PLANE ( 'NONE',  #369 ) ;
#7248 = CARTESIAN_POINT ( 'NONE',  ( -2.545161257505755614, 39.43537097652797030, -13.77117960063037749 ) ) ;
#7249 = CARTESIAN_POINT ( 'NONE',  ( 2.850616527814570755, 20.39140547657298441, -13.13100570689687707 ) ) ;
#7250 = FACE_OUTER_BOUND ( 'NONE', #4397, .T. ) ;
#7251 = CARTESIAN_POINT ( 'NONE',  ( -4.162132685224269935, 21.72930166319034839, 12.69995325006597220 ) ) ;
#7252 = CARTESIAN_POINT ( 'NONE',  ( 13.42168110725507368, 38.99859769550546673, 2.182720180158493672 ) ) ;
#7253 = EDGE_CURVE ( 'NONE', #6519, #2506, #2298, .T. ) ;
#7254 = CARTESIAN_POINT ( 'NONE',  ( -12.41515212021877623, 35.82965515279114044, 4.820274282099900276 ) ) ;
#7255 = CARTESIAN_POINT ( 'NONE',  ( 13.98644630221123819, 39.67530994659301058, -0.7061590031634359388 ) ) ;
#7256 = CARTESIAN_POINT ( 'NONE',  ( 13.56116791377299435, 19.63129514736771952, 1.139019871978995901 ) ) ;
#7257 = CARTESIAN_POINT ( 'NONE',  ( -3.345601216908864473, 20.78422527384854490, -12.98870409699094886 ) ) ;
#7258 = CARTESIAN_POINT ( 'NONE',  ( -4.934745586796501549, 21.74054615270768309, -13.10156010981400954 ) ) ;
#7259 = CARTESIAN_POINT ( 'NONE',  ( 13.22172084369954348, 20.58467036407379425, 3.109959333104844514 ) ) ;
#7260 = CARTESIAN_POINT ( 'NONE',  ( 13.30759686413474441, 38.67473375052926343, 2.751958250773406611 ) ) ;
#7261 = ADVANCED_FACE ( 'NONE', ( #670, #3988 ), #6300, .F. ) ;
#7262 = CARTESIAN_POINT ( 'NONE',  ( 4.241667547069255306, 37.15227967902369244, 11.38595707752070929 ) ) ;
#7263 = VERTEX_POINT ( 'NONE', #116 ) ;
#7264 = CARTESIAN_POINT ( 'NONE',  ( -1.995988435326859767, 39.08436772209726939, -13.32027703029487142 ) ) ;
#7265 = CARTESIAN_POINT ( 'NONE',  ( -2.617713144335288789, 39.38736109845312683, -13.75334568237771826 ) ) ;
#7266 = CARTESIAN_POINT ( 'NONE',  ( -3.478209825829485791, 20.90714725883968228, 12.94665238860162937 ) ) ;
#7267 = CARTESIAN_POINT ( 'NONE',  ( -13.10263265623421347, 21.73655457231307864, -4.931696440389163882 ) ) ;
#7268 = CARTESIAN_POINT ( 'NONE',  ( -12.32882846293112422, 34.49999999999998579, 5.000000000000000888 ) ) ;
#7269 = CARTESIAN_POINT ( 'NONE',  ( -7.836746053639396692, 3.836746053639391807, 12.98450044861821340 ) ) ;
#7270 = EDGE_CURVE ( 'NONE', #6819, #1582, #2821, .T. ) ;
#7271 = CARTESIAN_POINT ( 'NONE',  ( -3.309382439479241267, 38.26195255197539780, -11.69304925789423066 ) ) ;
#7272 = CARTESIAN_POINT ( 'NONE',  ( -7.092525009203756170, 8.951071953716612128, -12.07076505376874920 ) ) ;
#7273 = CARTESIAN_POINT ( 'NONE',  ( 13.98648314916357016, 39.67504177022791367, 0.6212513083740771602 ) ) ;
#7274 = CARTESIAN_POINT ( 'NONE',  ( -12.52363892634319598, 36.50169431688057387, -4.582564412539241516 ) ) ;
#7275 = CARTESIAN_POINT ( 'NONE',  ( -13.99990111771018242, 19.00023608556201538, 0.1967927216163080084 ) ) ;
#7276 = CARTESIAN_POINT ( 'NONE',  ( -11.48514694791506763, 21.44149902919638961, -3.968759428960835223 ) ) ;
#7277 = CARTESIAN_POINT ( 'NONE',  ( -12.47580377303266097, 22.76382866762707025, -4.689068714728211518 ) ) ;
#7278 = CARTESIAN_POINT ( 'NONE',  ( 4.755869138111906480, 22.95470779685424034, -12.44518525709626111 ) ) ;
#7279 = CARTESIAN_POINT ( 'NONE',  ( 4.286517685944734701, 20.87058512495778473, 13.32778963560510022 ) ) ;
#7280 = CARTESIAN_POINT ( 'NONE',  ( -12.78545152826161946, 34.50000000000000000, -5.703703114510133787 ) ) ;
#7281 = CARTESIAN_POINT ( 'NONE',  ( -5.481982651196925183, 36.02128836776784482, 12.88210987413217268 ) ) ;
#7282 = CARTESIAN_POINT ( 'NONE',  ( 4.966786507533384132, 23.91868057067390296, -12.34506618187401017 ) ) ;
#7283 = LINE ( 'NONE', #6095, #4537 ) ;
#7284 = CARTESIAN_POINT ( 'NONE',  ( 1.307538022297252134, 19.67381277449737809, 13.42323708762319612 ) ) ;
#7285 = CARTESIAN_POINT ( 'NONE',  ( 13.28100251504341678, 38.59602871489482112, 2.868011048686665898 ) ) ;
#7286 = CARTESIAN_POINT ( 'NONE',  ( -4.918612659155838784, 35.40230361645350143, 12.36839355455329681 ) ) ;
#7287 = CIRCLE ( 'NONE', #1329, 1.499999999999984013 ) ;
#7288 = CARTESIAN_POINT ( 'NONE',  ( -13.06079719107155590, 38.41941914315257378, 3.105800349011880179 ) ) ;
#7289 = CARTESIAN_POINT ( 'NONE',  ( 7.100141724915970620, 8.964865784550296368, 9.862226049016841856 ) ) ;
#7290 = PRODUCT_DEFINITION_SHAPE ( 'NONE', 'NONE',  #9 ) ;
#7291 = CARTESIAN_POINT ( 'NONE',  ( 13.24975878409988184, 20.49836294151309346, 2.997890064615174488 ) ) ;
#7292 = CARTESIAN_POINT ( 'NONE',  ( -3.256440451767204980, 19.98430022689369778, -13.61606148701394581 ) ) ;
#7293 = CARTESIAN_POINT ( 'NONE',  ( -18.50000000000000000, 0.000000000000000000, -1.750000000000000000 ) ) ;
#7294 = CARTESIAN_POINT ( 'NONE',  ( 13.35968193442565166, 38.82539185463672737, 2.509505860916740883 ) ) ;
#7295 =( NAMED_UNIT ( * ) SI_UNIT ( $, .STERADIAN. ) SOLID_ANGLE_UNIT ( ) );
#7296 = EDGE_CURVE ( 'NONE', #1701, #7102, #7216, .T. ) ;
#7297 = CARTESIAN_POINT ( 'NONE',  ( 5.000000000000005329, 34.50000000000000000, 11.07350441368946292 ) ) ;
#7298 = ORIENTED_EDGE ( 'NONE', *, *, #346, .T. ) ;
#7299 = CARTESIAN_POINT ( 'NONE',  ( 2.184530099614560239, 38.99771892011169427, -13.28447375683234100 ) ) ;
#7300 = CARTESIAN_POINT ( 'NONE',  ( 4.479445552867571401, 36.72287560563407993, -12.56871297596162407 ) ) ;
#7301 = CARTESIAN_POINT ( 'NONE',  ( -4.383590880285621161, 22.09462700357402909, 12.60949393166590937 ) ) ;
#7302 = CARTESIAN_POINT ( 'NONE',  ( 13.85982617980990206, 19.65783091515708492, 1.976598832075369572 ) ) ;
#7303 = CARTESIAN_POINT ( 'NONE',  ( -12.78971457666347256, 34.86583657075910736, -5.694173872587154683 ) ) ;
#7304 = CARTESIAN_POINT ( 'NONE',  ( -12.44448618836005238, 22.95918879032699422, 4.757387328505472190 ) ) ;
#7305 = CARTESIAN_POINT ( 'NONE',  ( -12.35010137138240971, 35.16376980564197652, 4.956440746733072444 ) ) ;
#7306 = CARTESIAN_POINT ( 'NONE',  ( -5.703703114510188854, 45.00000000000000000, -12.78545152826159637 ) ) ;
#7307 = CARTESIAN_POINT ( 'NONE',  ( -12.48133742606466967, 22.73000908661076735, 4.676954909382853742 ) ) ;
#7308 = ORIENTED_EDGE ( 'NONE', *, *, #639, .F. ) ;
#7309 = CARTESIAN_POINT ( 'NONE',  ( 4.967023529125286885, 23.92069068901176010, 12.34495114201459032 ) ) ;
#7310 = EDGE_CURVE ( 'NONE', #4465, #4935, #4105, .T. ) ;
#7311 = CARTESIAN_POINT ( 'NONE',  ( 4.943454461572573067, 21.73326457871075945, 13.10002257257890079 ) ) ;
#7312 = CARTESIAN_POINT ( 'NONE',  ( 13.97274741205987958, 39.63984771098607496, -0.8774977139849780006 ) ) ;
#7313 = CARTESIAN_POINT ( 'NONE',  ( -13.25076436672376978, 37.85705582794464163, 4.518919828210124834 ) ) ;
#7314 = CARTESIAN_POINT ( 'NONE',  ( -13.87770253544019994, 19.29595615770138650, 1.855384530547070643 ) ) ;
#7315 = CARTESIAN_POINT ( 'NONE',  ( -11.69377152177055912, 20.73580087293447605, -3.306853798221493612 ) ) ;
#7316 = CARTESIAN_POINT ( 'NONE',  ( -12.72023457256164214, 21.65290092517939158, -4.110833565453440031 ) ) ;
#7317 = CARTESIAN_POINT ( 'NONE',  ( 3.733008689664147894, 21.17362452365236436, -12.86033923441941695 ) ) ;
#7318 = CARTESIAN_POINT ( 'NONE',  ( 5.573798846018098274, 23.32937349705751018, 12.84263088824929433 ) ) ;
#7319 = CARTESIAN_POINT ( 'NONE',  ( -7.499999999999994671, 3.833839396981809422, -13.18224679452909598 ) ) ;
#7320 = CARTESIAN_POINT ( 'NONE',  ( -3.904491433386123145, 38.51320875408565314, 13.44519813101695682 ) ) ;
#7321 = B_SPLINE_CURVE_WITH_KNOTS ( 'NONE', 1,
 ( #7280, #1009 ),
 .UNSPECIFIED., .F., .F.,
 ( 2, 2 ),
 ( 0.000000000000000000, 1.000000000000000000 ),
 .UNSPECIFIED. ) ;
#7322 = CARTESIAN_POINT ( 'NONE',  ( 4.997906189854685266, 24.33309210315398019, -12.32985669532616946 ) ) ;
#7323 = CARTESIAN_POINT ( 'NONE',  ( 18.50000000000000000, 0.000000000000000000, -1.750000000000000000 ) ) ;
#7324 = CARTESIAN_POINT ( 'NONE',  ( 3.010043406646112807, 20.50734482982989348, 13.08770708899369239 ) ) ;
#7325 = CARTESIAN_POINT ( 'NONE',  ( 13.09002296547268251, 37.98385846796269760, 3.586505852796111782 ) ) ;
#7326 = CARTESIAN_POINT ( 'NONE',  ( -4.534408557234046455, 36.60731881538600163, 12.54479730381826030 ) ) ;
#7327 = CARTESIAN_POINT ( 'NONE',  ( -0.9061354478496004283, 39.41789863392711624, 13.46344926528098185 ) ) ;
#7328 = ORIENTED_EDGE ( 'NONE', *, *, #6627, .F. ) ;
#7329 = CARTESIAN_POINT ( 'NONE',  ( -13.44169410525196717, 39.36845766116526590, 1.140077555555777167 ) ) ;
#7330 = CARTESIAN_POINT ( 'NONE',  ( 13.71045640180257763, 38.92275072474339481, -2.836430083542033298 ) ) ;
#7331 = CARTESIAN_POINT ( 'NONE',  ( 13.22654142823857804, 20.56964532717927696, 3.091145753956612285 ) ) ;
#7332 = CARTESIAN_POINT ( 'NONE',  ( -4.646744365636052976, 22.65203592486785311, -12.49499534280189472 ) ) ;
#7333 = CARTESIAN_POINT ( 'NONE',  ( -4.521490543381650795, 21.14613706570885299, -13.24989011440864140 ) ) ;
#7334 = CARTESIAN_POINT ( 'NONE',  ( 13.07163951863051743, 21.07985527833694661, 3.648167850709816307 ) ) ;
#7335 = CARTESIAN_POINT ( 'NONE',  ( 13.50898797941611029, 39.23324769120315381, -1.613416999200577129 ) ) ;
#7336 = CARTESIAN_POINT ( 'NONE',  ( 13.98313122421387966, 19.33351294849585855, -0.7091033244946992609 ) ) ;
#7337 = ORIENTED_EDGE ( 'NONE', *, *, #5933, .F. ) ;
#7338 = CARTESIAN_POINT ( 'NONE',  ( 3.593655930146659738, 37.97737501180450437, -12.90844367894524325 ) ) ;
#7339 = CARTESIAN_POINT ( 'NONE',  ( -4.285234809871836248, 38.13082022920988834, -13.32820183219523180 ) ) ;
#7340 = CARTESIAN_POINT ( 'NONE',  ( -4.675612838091382173, 22.72094279260666028, 12.48211962124503493 ) ) ;
#7341 = CARTESIAN_POINT ( 'NONE',  ( 13.16619954631796574, 22.10750256785182088, 4.759373018465120175 ) ) ;
#7342 = CARTESIAN_POINT ( 'NONE',  ( -13.42300906434767604, 19.67433740367898665, 1.309464140770322471 ) ) ;
#7343 = CARTESIAN_POINT ( 'NONE',  ( 12.79089627678649776, 36.73780539708192805, -4.471607620239379521 ) ) ;
#7344 = FACE_OUTER_BOUND ( 'NONE', #3009, .T. ) ;
#7345 = ORIENTED_EDGE ( 'NONE', *, *, #3374, .F. ) ;
#7346 = DIRECTION ( 'NONE',  ( 0.000000000000000000, 0.000000000000000000, -1.000000000000000000 ) ) ;
#7347 = FACE_OUTER_BOUND ( 'NONE', #3041, .T. ) ;
#7348 = CARTESIAN_POINT ( 'NONE',  ( 5.703698528567248793, 24.31742584870375268, 12.78545357409134020 ) ) ;
#7349 = CARTESIAN_POINT ( 'NONE',  ( 13.99387164883247792, 39.69388650699169574, -0.4147921802564533134 ) ) ;
#7350 = CARTESIAN_POINT ( 'NONE',  ( -13.49525739537456204, 39.48940892125603597, -0.3355060095337548121 ) ) ;
#7351 = CARTESIAN_POINT ( 'NONE',  ( 5.299337663097252182, 36.53597637286087263, -12.95833794104592762 ) ) ;
#7352 = CARTESIAN_POINT ( 'NONE',  ( -12.84522969830538841, 21.22221119651793941, -3.775778906616342745 ) ) ;
#7353 = ADVANCED_FACE ( 'NONE', ( #3533 ), #6694, .T. ) ;
#7354 = CARTESIAN_POINT ( 'NONE',  ( -4.785711917034068286, 21.50639840755241750, 13.15674636991161250 ) ) ;
#7355 = PLANE ( 'NONE',  #4886 ) ;
#7356 = FACE_OUTER_BOUND ( 'NONE', #1173, .T. ) ;
#7357 = CARTESIAN_POINT ( 'NONE',  ( -5.507218689092057140, 35.93402034453475125, 12.87133118078475569 ) ) ;
#7358 = CARTESIAN_POINT ( 'NONE',  ( 3.205718809805625735, 20.66267867427234606, -13.03136881055138829 ) ) ;
#7359 = CARTESIAN_POINT ( 'NONE',  ( 3.021082151768798685, 39.16856351688741000, -13.67107219148452479 ) ) ;
#7360 = CARTESIAN_POINT ( 'NONE',  ( 0.8242388446750726905, 19.56771892207085628, 13.46981595863709025 ) ) ;
#7361 = CARTESIAN_POINT ( 'NONE',  ( 13.31584361320913779, 38.69885179934615849, 2.714791608787049615 ) ) ;
#7362 = CARTESIAN_POINT ( 'NONE',  ( -0.08885227179068110048, 39.49989233720860682, 13.49995197187729801 ) ) ;
#7363 = EDGE_CURVE ( 'NONE', #4421, #5501, #837, .T. ) ;
#7364 = VECTOR ( 'NONE', #4687, 1000.000000000000000 ) ;
#7365 = VERTEX_POINT ( 'NONE', #4708 ) ;
#7366 = CARTESIAN_POINT ( 'NONE',  ( -13.44917931709056269, 39.38552186763890006, -1.066920012491682890 ) ) ;
#7367 = CARTESIAN_POINT ( 'NONE',  ( -5.571751601774865392, 23.32025612961268024, 12.84351997479006080 ) ) ;
#7368 = VECTOR ( 'NONE', #5336, 1000.000000000000000 ) ;
#7369 = CARTESIAN_POINT ( 'NONE',  ( 13.28573527613139404, 20.38995106010919400, 2.847436167668524032 ) ) ;
#7370 = CARTESIAN_POINT ( 'NONE',  ( -4.099381769780408469, 20.67484212788995990, -13.38654822533801259 ) ) ;
#7371 = CARTESIAN_POINT ( 'NONE',  ( 12.82374604055085499, 22.09544255790202527, 4.384036595985327800 ) ) ;
#7372 = CARTESIAN_POINT ( 'NONE',  ( 13.59364387279016917, 39.45142235637239025, -0.6965047247207049042 ) ) ;
#7373 = CARTESIAN_POINT ( 'NONE',  ( 13.40866889220279212, 21.05515211707800560, -4.033874736076998424 ) ) ;
#7374 = EDGE_LOOP ( 'NONE', ( #878, #4853, #1222, #3833 ) ) ;
#7375 = AXIS2_PLACEMENT_3D ( 'NONE', #2656, #3750, #7225 ) ;
#7376 = CARTESIAN_POINT ( 'NONE',  ( 3.251515687616540973, 38.29875350806661061, -13.01766348027521225 ) ) ;
#7377 = CARTESIAN_POINT ( 'NONE',  ( -5.703702782121110815, 34.59192658446858104, -12.78545150766135841 ) ) ;
#7378 = CARTESIAN_POINT ( 'NONE',  ( -4.057910833832237607, 21.57769181599062946, 12.74082138930240404 ) ) ;
#7379 = CARTESIAN_POINT ( 'NONE',  ( 13.21128554789682497, 21.88305829288639615, 4.632760279420767624 ) ) ;
#7380 = CARTESIAN_POINT ( 'NONE',  ( -12.91794866760373850, 36.28152533023465764, -5.397017375377537007 ) ) ;
#7381 = CARTESIAN_POINT ( 'NONE',  ( -13.30606350558346485, 19.94976555763942372, -2.074142272177545987 ) ) ;
#7382 = CARTESIAN_POINT ( 'NONE',  ( -9.499999999999991118, 4.000000000000000000, 19.84313483298443970 ) ) ;
#7383 = ORIENTED_EDGE ( 'NONE', *, *, #2154, .F. ) ;
#7384 = CARTESIAN_POINT ( 'NONE',  ( -5.000000000000010658, 24.50000000000000000, 12.32882846293108159 ) ) ;
ENDSEC;
END-ISO-10303-21;
