ISO-10303-21;
HEADER;
FILE_DESCRIPTION (( 'STEP AP214' ),
    '1' );
FILE_NAME ('hop dien 01.STEP',
    '2026-09-28T04:52:33',
    ( '' ),
    ( '' ),
    'SwSTEP 2.0',
    'SolidWorks 2022',
    '' );
FILE_SCHEMA (( 'AUTOMOTIVE_DESIGN' ));
ENDSEC;

DATA;
#1 = CARTESIAN_POINT ( 'NONE',  ( 71.64396286278518744, 0.000000000000000000, -67.50000000000001421 ) ) ;
#2 = EDGE_CURVE ( 'NONE', #546, #639, #1169, .T. ) ;
#3 = DIRECTION ( 'NONE',  ( 0.000000000000000000, 0.000000000000000000, 1.000000000000000000 ) ) ;
#4 = DIRECTION ( 'NONE',  ( 0.000000000000000000, 1.000000000000000000, 0.000000000000000000 ) ) ;
#5 = FACE_BOUND ( 'NONE', #542, .T. ) ;
#6 = FACE_BOUND ( 'NONE', #630, .T. ) ;
#7 = ORIENTED_EDGE ( 'NONE', *, *, #171, .F. ) ;
#8 = EDGE_LOOP ( 'NONE', ( #906, #252, #265, #490 ) ) ;
#9 = CARTESIAN_POINT ( 'NONE',  ( 71.64396286278520165, 3.000000000000000000, -102.5000000000000284 ) ) ;
#10 = CARTESIAN_POINT ( 'NONE',  ( 160.0000000000000568, 0.000000000000000000, -158.2500000000000000 ) ) ;
#11 = CARTESIAN_POINT ( 'NONE',  ( 114.5000000000000000, 0.000000000000000000, -114.5000000000000284 ) ) ;
#12 = PLANE ( 'NONE',  #1369 ) ;
#13 = EDGE_CURVE ( 'NONE', #417, #1352, #240, .T. ) ;
#14 = ORIENTED_EDGE ( 'NONE', *, *, #908, .F. ) ;
#15 = ORIENTED_EDGE ( 'NONE', *, *, #1351, .T. ) ;
#16 = CYLINDRICAL_SURFACE ( 'NONE', #1535, 1.749999999999987566 ) ;
#17 = VECTOR ( 'NONE', #807, 1000.000000000000000 ) ;
#18 = AXIS2_PLACEMENT_3D ( 'NONE', #1051, #790, #1317 ) ;
#19 = CARTESIAN_POINT ( 'NONE',  ( 114.5000000000000000, 3.000000000000000000, -150.5000000000000284 ) ) ;
#20 = EDGE_CURVE ( 'NONE', #1434, #242, #617, .T. ) ;
#21 = AXIS2_PLACEMENT_3D ( 'NONE', #1602, #199, #955 ) ;
#22 = FACE_BOUND ( 'NONE', #831, .T. ) ;
#23 = AXIS2_PLACEMENT_3D ( 'NONE', #568, #340, #1492 ) ;
#24 = VECTOR ( 'NONE', #1383, 1000.000000000000000 ) ;
#25 = DIRECTION ( 'NONE',  ( 0.000000000000000000, 0.000000000000000000, 1.000000000000000000 ) ) ;
#26 = AXIS2_PLACEMENT_3D ( 'NONE', #133, #1420, #1644 ) ;
#27 = EDGE_CURVE ( 'NONE', #1216, #226, #1550, .T. ) ;
#28 = VERTEX_POINT ( 'NONE', #116 ) ;
#29 = ORIENTED_EDGE ( 'NONE', *, *, #1636, .F. ) ;
#30 = CARTESIAN_POINT ( 'NONE',  ( 114.5000000000000000, 0.000000000000000000, -150.5000000000000284 ) ) ;
#31 = CARTESIAN_POINT ( 'NONE',  ( 0.000000000000000000, 3.000000000000000000, -10.00000000000000000 ) ) ;
#32 = CARTESIAN_POINT ( 'NONE',  ( 114.5000000000000000, 0.000000000000000000, -55.50000000000000711 ) ) ;
#33 = UNCERTAINTY_MEASURE_WITH_UNIT (LENGTH_MEASURE( 1.000000000000000082E-05 ), #1211, 'distance_accuracy_value', 'NONE');
#34 = FACE_BOUND ( 'NONE', #1153, .T. ) ;
#35 = ADVANCED_FACE ( 'NONE', ( #738 ), #96, .F. ) ;
#36 = ORIENTED_EDGE ( 'NONE', *, *, #427, .T. ) ;
#37 = VERTEX_POINT ( 'NONE', #504 ) ;
#38 = CARTESIAN_POINT ( 'NONE',  ( 58.50000000000000000, 3.000000000000000000, -41.74999999999997868 ) ) ;
#39 = ADVANCED_FACE ( 'NONE', ( #1026 ), #1544, .F. ) ;
#40 = DIRECTION ( 'NONE',  ( -0.000000000000000000, 1.000000000000000000, -0.000000000000000000 ) ) ;
#41 = DIRECTION ( 'NONE',  ( 0.000000000000000000, 0.000000000000000000, 1.000000000000000000 ) ) ;
#42 = CARTESIAN_POINT ( 'NONE',  ( 9.999999999999953815, 0.000000000000000000, -11.75000000000003730 ) ) ;
#43 = ORIENTED_EDGE ( 'NONE', *, *, #319, .F. ) ;
#44 = ORIENTED_EDGE ( 'NONE', *, *, #489, .F. ) ;
#45 = LINE ( 'NONE', #1575, #1563 ) ;
#46 = FACE_OUTER_BOUND ( 'NONE', #806, .T. ) ;
#47 = DIRECTION ( 'NONE',  ( -0.000000000000000000, 1.000000000000000000, -0.000000000000000000 ) ) ;
#48 = AXIS2_PLACEMENT_3D ( 'NONE', #1, #922, #1046 ) ;
#49 = VECTOR ( 'NONE', #974, 1000.000000000000000 ) ;
#50 = LINE ( 'NONE', #167, #335 ) ;
#51 = AXIS2_PLACEMENT_3D ( 'NONE', #420, #1345, #560 ) ;
#52 = AXIS2_PLACEMENT_3D ( 'NONE', #1474, #1091, #1462 ) ;
#53 = LINE ( 'NONE', #1469, #1244 ) ;
#54 = ORIENTED_EDGE ( 'NONE', *, *, #1236, .F. ) ;
#55 = CIRCLE ( 'NONE', #1303, 1.499999999999973577 ) ;
#56 = ORIENTED_EDGE ( 'NONE', *, *, #1106, .T. ) ;
#57 = EDGE_LOOP ( 'NONE', ( #1641, #1516, #723, #865 ) ) ;
#58 = FILL_AREA_STYLE ('',( #572 ) ) ;
#59 = DIRECTION ( 'NONE',  ( 0.000000000000000000, 0.000000000000000000, 1.000000000000000000 ) ) ;
#60 = EDGE_CURVE ( 'NONE', #1368, #887, #782, .T. ) ;
#61 = CARTESIAN_POINT ( 'NONE',  ( 160.0000000000000568, 3.000000000000000000, -160.0000000000000000 ) ) ;
#62 = EDGE_LOOP ( 'NONE', ( #868, #1640, #1396, #589 ) ) ;
#63 = CARTESIAN_POINT ( 'NONE',  ( 114.5000000000000000, 0.000000000000000000, -55.50000000000000711 ) ) ;
#64 = DIRECTION ( 'NONE',  ( 0.000000000000000000, 1.000000000000000000, 0.000000000000000000 ) ) ;
#65 = CARTESIAN_POINT ( 'NONE',  ( 114.5000000000000000, 0.000000000000000000, -116.0000000000000284 ) ) ;
#66 = ORIENTED_EDGE ( 'NONE', *, *, #463, .T. ) ;
#67 = EDGE_CURVE ( 'NONE', #1162, #299, #746, .T. ) ;
#68 = LINE ( 'NONE', #338, #383 ) ;
#69 = DIRECTION ( 'NONE',  ( 0.000000000000000000, -1.000000000000000000, 0.000000000000000000 ) ) ;
#70 = LINE ( 'NONE', #837, #895 ) ;
#71 = CIRCLE ( 'NONE', #1223, 1.750000000000001554 ) ;
#72 = CARTESIAN_POINT ( 'NONE',  ( 71.64396286278520165, 0.000000000000000000, -104.2500000000000284 ) ) ;
#73 = AXIS2_PLACEMENT_3D ( 'NONE', #1004, #857, #1371 ) ;
#74 = VECTOR ( 'NONE', #1064, 1000.000000000000000 ) ;
#75 = EDGE_CURVE ( 'NONE', #1342, #1361, #817, .T. ) ;
#76 = AXIS2_PLACEMENT_3D ( 'NONE', #1105, #222, #483 ) ;
#77 = CIRCLE ( 'NONE', #508, 1.750000000000001554 ) ;
#78 = AXIS2_PLACEMENT_3D ( 'NONE', #859, #1130, #333 ) ;
#79 = AXIS2_PLACEMENT_3D ( 'NONE', #640, #744, #623 ) ;
#80 = CARTESIAN_POINT ( 'NONE',  ( 114.5000000000000000, 3.000000000000000000, -114.5000000000000284 ) ) ;
#81 = AXIS2_PLACEMENT_3D ( 'NONE', #696, #1380, #1343 ) ;
#82 = FACE_OUTER_BOUND ( 'NONE', #1471, .T. ) ;
#83 = LINE ( 'NONE', #1634, #638 ) ;
#84 = DIRECTION ( 'NONE',  ( 0.000000000000000000, 0.000000000000000000, 1.000000000000000000 ) ) ;
#85 = ADVANCED_FACE ( 'NONE', ( #541 ), #413, .F. ) ;
#86 = DIRECTION ( 'NONE',  ( 0.000000000000000000, 0.000000000000000000, 1.000000000000000000 ) ) ;
#87 = EDGE_CURVE ( 'NONE', #847, #1531, #1206, .T. ) ;
#88 = DIRECTION ( 'NONE',  ( 0.000000000000000000, 0.000000000000000000, 1.000000000000000000 ) ) ;
#89 = CARTESIAN_POINT ( 'NONE',  ( 160.0000000000000568, 0.000000000000000000, -10.00000000000001066 ) ) ;
#90 = ORIENTED_EDGE ( 'NONE', *, *, #400, .T. ) ;
#91 = DIRECTION ( 'NONE',  ( -0.000000000000000000, 1.000000000000000000, -0.000000000000000000 ) ) ;
#92 = EDGE_LOOP ( 'NONE', ( #1280, #1674 ) ) ;
#93 = DIRECTION ( 'NONE',  ( 0.000000000000000000, 1.000000000000000000, 0.000000000000000000 ) ) ;
#94 = DIRECTION ( 'NONE',  ( 0.000000000000000000, 0.000000000000000000, 1.000000000000000000 ) ) ;
#95 = DIRECTION ( 'NONE',  ( 0.000000000000000000, 1.000000000000000000, 0.000000000000000000 ) ) ;
#96 = CYLINDRICAL_SURFACE ( 'NONE', #804, 1.500000000000001332 ) ;
#97 = CIRCLE ( 'NONE', #1532, 1.750000000000001554 ) ;
#98 = VECTOR ( 'NONE', #1447, 1000.000000000000000 ) ;
#99 = ORIENTED_EDGE ( 'NONE', *, *, #576, .T. ) ;
#100 = AXIS2_PLACEMENT_3D ( 'NONE', #1584, #523, #1186 ) ;
#101 = ORIENTED_EDGE ( 'NONE', *, *, #921, .T. ) ;
#102 = CIRCLE ( 'NONE', #386, 1.750000000000001554 ) ;
#103 = AXIS2_PLACEMENT_3D ( 'NONE', #1264, #1651, #113 ) ;
#104 = ORIENTED_EDGE ( 'NONE', *, *, #976, .T. ) ;
#105 = DIRECTION ( 'NONE',  ( -0.000000000000000000, 1.000000000000000000, -0.000000000000000000 ) ) ;
#106 = DIRECTION ( 'NONE',  ( 0.000000000000000000, 0.000000000000000000, 1.000000000000000000 ) ) ;
#107 = EDGE_CURVE ( 'NONE', #1368, #1075, #478, .T. ) ;
#108 = CARTESIAN_POINT ( 'NONE',  ( 21.50000000000000000, 0.000000000000000000, -38.24999999999997868 ) ) ;
#109 = ORIENTED_EDGE ( 'NONE', *, *, #234, .T. ) ;
#110 = CARTESIAN_POINT ( 'NONE',  ( 9.999999999999953815, 3.000000000000000000, -159.9999999999999716 ) ) ;
#111 = VERTEX_POINT ( 'NONE', #934 ) ;
#112 = ORIENTED_EDGE ( 'NONE', *, *, #1123, .T. ) ;
#113 = DIRECTION ( 'NONE',  ( 0.000000000000000000, 0.000000000000000000, 1.000000000000000000 ) ) ;
#114 = CARTESIAN_POINT ( 'NONE',  ( 9.999999999999953815, 3.000000000000000000, -158.2499999999999716 ) ) ;
#115 = CARTESIAN_POINT ( 'NONE',  ( 71.64396286278520165, 0.000000000000000000, -100.7500000000000142 ) ) ;
#116 = CARTESIAN_POINT ( 'NONE',  ( 10.00000000000000000, 0.000000000000000000, 0.000000000000000000 ) ) ;
#117 = ORIENTED_EDGE ( 'NONE', *, *, #1646, .T. ) ;
#118 = EDGE_CURVE ( 'NONE', #1038, #652, #1454, .T. ) ;
#119 = ORIENTED_EDGE ( 'NONE', *, *, #773, .T. ) ;
#120 = EDGE_LOOP ( 'NONE', ( #1328, #291, #90, #321 ) ) ;
#121 = CARTESIAN_POINT ( 'NONE',  ( 114.5000000000000000, 3.000000000000000000, -113.0000000000000284 ) ) ;
#122 = FACE_OUTER_BOUND ( 'NONE', #709, .T. ) ;
#123 = LINE ( 'NONE', #634, #801 ) ;
#124 = DIRECTION ( 'NONE',  ( 0.000000000000000000, 0.000000000000000000, 1.000000000000000000 ) ) ;
#125 = EDGE_LOOP ( 'NONE', ( #1472, #1177 ) ) ;
#126 = EDGE_CURVE ( 'NONE', #1615, #1571, #554, .T. ) ;
#127 = ORIENTED_EDGE ( 'NONE', *, *, #118, .F. ) ;
#128 = CIRCLE ( 'NONE', #355, 1.500000000000001332 ) ;
#129 = AXIS2_PLACEMENT_3D ( 'NONE', #635, #1549, #625 ) ;
#130 = DIRECTION ( 'NONE',  ( -0.000000000000000000, 1.000000000000000000, -0.000000000000000000 ) ) ;
#131 = AXIS2_PLACEMENT_3D ( 'NONE', #764, #1265, #1411 ) ;
#132 = AXIS2_PLACEMENT_3D ( 'NONE', #11, #932, #279 ) ;
#133 = CARTESIAN_POINT ( 'NONE',  ( 9.999999999999953815, 0.000000000000000000, -159.9999999999999716 ) ) ;
#134 = VECTOR ( 'NONE', #1190, 1000.000000000000000 ) ;
#135 = CYLINDRICAL_SURFACE ( 'NONE', #1087, 1.749999999999999778 ) ;
#136 = CARTESIAN_POINT ( 'NONE',  ( 58.50000000000000000, 0.000000000000000000, -41.74999999999997868 ) ) ;
#137 = SHAPE_DEFINITION_REPRESENTATION ( #154, #472 ) ;
#138 = ORIENTED_EDGE ( 'NONE', *, *, #883, .F. ) ;
#139 = EDGE_CURVE ( 'NONE', #1132, #1615, #533, .T. ) ;
#140 = ORIENTED_EDGE ( 'NONE', *, *, #1533, .F. ) ;
#141 = CARTESIAN_POINT ( 'NONE',  ( 170.0000000000000000, 0.000000000000000000, -160.0000000000000000 ) ) ;
#142 = DIRECTION ( 'NONE',  ( 0.000000000000000000, 1.000000000000000000, 0.000000000000000000 ) ) ;
#143 = FACE_BOUND ( 'NONE', #1664, .T. ) ;
#144 = ADVANCED_FACE ( 'NONE', ( #6, #1181, #269, #1080, #34, #176, #422, #548, #1577, #428, #1587, #909, #942, #1334, #1187, #530, #771, #1455, #649 ), #311, .T. ) ;
#145 = CARTESIAN_POINT ( 'NONE',  ( 152.0000000000000000, 0.000000000000000000, -114.5000000000000284 ) ) ;
#146 = ORIENTED_EDGE ( 'NONE', *, *, #171, .T. ) ;
#147 = EDGE_LOOP ( 'NONE', ( #826, #732, #263, #1151 ) ) ;
#148 = CARTESIAN_POINT ( 'NONE',  ( 21.50000000000000000, 3.000000000000000000, -38.24999999999997868 ) ) ;
#149 = ORIENTED_EDGE ( 'NONE', *, *, #819, .F. ) ;
#150 = FACE_OUTER_BOUND ( 'NONE', #904, .T. ) ;
#151 = ADVANCED_FACE ( 'NONE', ( #1554 ), #12, .F. ) ;
#152 = FACE_BOUND ( 'NONE', #1103, .T. ) ;
#153 = DIRECTION ( 'NONE',  ( 0.000000000000000000, 0.000000000000000000, 1.000000000000000000 ) ) ;
#154 = PRODUCT_DEFINITION_SHAPE ( 'NONE', 'NONE',  #569 ) ;
#155 = ORIENTED_EDGE ( 'NONE', *, *, #107, .F. ) ;
#156 = ORIENTED_EDGE ( 'NONE', *, *, #668, .F. ) ;
#157 = VECTOR ( 'NONE', #1018, 1000.000000000000000 ) ;
#158 = DIRECTION ( 'NONE',  ( -0.000000000000000000, 1.000000000000000000, -0.000000000000000000 ) ) ;
#159 = CIRCLE ( 'NONE', #1019, 1.499999999999973577 ) ;
#160 = AXIS2_PLACEMENT_3D ( 'NONE', #676, #1042, #1301 ) ;
#161 = DIRECTION ( 'NONE',  ( 0.000000000000000000, 1.000000000000000000, 0.000000000000000000 ) ) ;
#162 = LINE ( 'NONE', #664, #1225 ) ;
#163 = VECTOR ( 'NONE', #1079, 1000.000000000000000 ) ;
#164 = DIRECTION ( 'NONE',  ( -0.000000000000000000, 1.000000000000000000, -0.000000000000000000 ) ) ;
#165 = EDGE_CURVE ( 'NONE', #394, #111, #1082, .T. ) ;
#166 = CIRCLE ( 'NONE', #775, 1.750000000000010214 ) ;
#167 = CARTESIAN_POINT ( 'NONE',  ( 170.0000000000000000, 3.000000000000000000, -160.0000000000000000 ) ) ;
#168 = CARTESIAN_POINT ( 'NONE',  ( 58.50000000000000000, 0.000000000000000000, -39.99999999999997868 ) ) ;
#169 = AXIS2_PLACEMENT_3D ( 'NONE', #551, #1077, #1061 ) ;
#170 = VERTEX_POINT ( 'NONE', #980 ) ;
#171 = EDGE_CURVE ( 'NONE', #1415, #546, #53, .T. ) ;
#172 = LINE ( 'NONE', #1295, #602 ) ;
#173 = DIRECTION ( 'NONE',  ( 0.000000000000000000, 1.000000000000000000, 0.000000000000000000 ) ) ;
#174 = CARTESIAN_POINT ( 'NONE',  ( 114.5000000000000000, 3.000000000000000000, -16.50000000000000355 ) ) ;
#175 = CARTESIAN_POINT ( 'NONE',  ( 160.0000000000000568, 0.000000000000000000, -160.0000000000000000 ) ) ;
#176 = FACE_BOUND ( 'NONE', #1143, .T. ) ;
#177 = EDGE_LOOP ( 'NONE', ( #1232, #1637, #884, #885 ) ) ;
#178 = ORIENTED_EDGE ( 'NONE', *, *, #27, .F. ) ;
#179 = ORIENTED_EDGE ( 'NONE', *, *, #1090, .T. ) ;
#180 = DIRECTION ( 'NONE',  ( 0.000000000000000000, 1.000000000000000000, -0.000000000000000000 ) ) ;
#181 = CARTESIAN_POINT ( 'NONE',  ( 114.5000000000000000, 3.000000000000000000, -116.0000000000000284 ) ) ;
#182 = CARTESIAN_POINT ( 'NONE',  ( 58.50000000000000000, 3.000000000000000000, -38.24999999999997868 ) ) ;
#183 = EDGE_LOOP ( 'NONE', ( #840, #762, #992, #1175 ) ) ;
#184 = ADVANCED_FACE ( 'NONE', ( #838 ), #324, .F. ) ;
#185 = ORIENTED_EDGE ( 'NONE', *, *, #1070, .T. ) ;
#186 = ORIENTED_EDGE ( 'NONE', *, *, #427, .F. ) ;
#187 = DIRECTION ( 'NONE',  ( -0.000000000000000000, 1.000000000000000000, -0.000000000000000000 ) ) ;
#188 = CYLINDRICAL_SURFACE ( 'NONE', #747, 1.500000000000001332 ) ;
#189 = CIRCLE ( 'NONE', #833, 1.499999999999973577 ) ;
#190 = AXIS2_PLACEMENT_3D ( 'NONE', #193, #1241, #1366 ) ;
#191 = CARTESIAN_POINT ( 'NONE',  ( 114.5000000000000000, 0.000000000000000000, -55.50000000000000711 ) ) ;
#192 = CIRCLE ( 'NONE', #100, 10.00000000000000000 ) ;
#193 = CARTESIAN_POINT ( 'NONE',  ( 114.5000000000000000, 3.000000000000000000, -152.0000000000000284 ) ) ;
#194 = AXIS2_PLACEMENT_3D ( 'NONE', #988, #581, #1510 ) ;
#195 = ORIENTED_EDGE ( 'NONE', *, *, #1231, .F. ) ;
#196 = COLOUR_RGB ( '',0.7921568627450980005, 0.8196078431372548767, 0.9333333333333333481 ) ;
#197 = DIRECTION ( 'NONE',  ( 0.000000000000000000, 0.000000000000000000, 1.000000000000000000 ) ) ;
#198 = DIRECTION ( 'NONE',  ( 0.000000000000000000, 1.000000000000000000, 0.000000000000000000 ) ) ;
#199 = DIRECTION ( 'NONE',  ( 0.000000000000000000, 1.000000000000000000, 0.000000000000000000 ) ) ;
#200 = CARTESIAN_POINT ( 'NONE',  ( 9.999999999999953815, 3.000000000000000000, -8.250000000000037303 ) ) ;
#201 = DIRECTION ( 'NONE',  ( 0.000000000000000000, 1.000000000000000000, 0.000000000000000000 ) ) ;
#202 = ADVANCED_FACE ( 'NONE', ( #1476 ), #447, .F. ) ;
#203 = ORIENTED_EDGE ( 'NONE', *, *, #1391, .F. ) ;
#204 = EDGE_LOOP ( 'NONE', ( #336, #918 ) ) ;
#205 = VERTEX_POINT ( 'NONE', #238 ) ;
#206 = CARTESIAN_POINT ( 'NONE',  ( 170.0000000000000000, 0.000000000000000000, 0.000000000000000000 ) ) ;
#207 = EDGE_CURVE ( 'NONE', #226, #170, #890, .T. ) ;
#208 = CARTESIAN_POINT ( 'NONE',  ( 152.0000000000000000, 3.000000000000000000, -54.00000000000003553 ) ) ;
#209 = VERTEX_POINT ( 'NONE', #208 ) ;
#210 = ORIENTED_EDGE ( 'NONE', *, *, #1451, .T. ) ;
#211 = EDGE_CURVE ( 'NONE', #1425, #1381, #431, .T. ) ;
#212 = DIRECTION ( 'NONE',  ( -0.000000000000000000, 1.000000000000000000, -0.000000000000000000 ) ) ;
#213 = DIRECTION ( 'NONE',  ( 0.000000000000000000, -0.000000000000000000, -1.000000000000000000 ) ) ;
#214 = DIRECTION ( 'NONE',  ( 0.000000000000000000, 0.000000000000000000, 1.000000000000000000 ) ) ;
#215 = PRESENTATION_LAYER_ASSIGNMENT (  '', '', ( #745 ) ) ;
#216 = DIRECTION ( 'NONE',  ( 0.000000000000000000, 1.000000000000000000, 0.000000000000000000 ) ) ;
#217 = EDGE_CURVE ( 'NONE', #1361, #1418, #685, .T. ) ;
#218 = VECTOR ( 'NONE', #823, 1000.000000000000000 ) ;
#219 = AXIS2_PLACEMENT_3D ( 'NONE', #579, #970, #567 ) ;
#220 = CIRCLE ( 'NONE', #1323, 1.750000000000010214 ) ;
#221 = EDGE_CURVE ( 'NONE', #877, #1531, #1427, .T. ) ;
#222 = DIRECTION ( 'NONE',  ( 0.000000000000000000, 1.000000000000000000, 0.000000000000000000 ) ) ;
#223 = DIRECTION ( 'NONE',  ( -0.000000000000000000, 1.000000000000000000, -0.000000000000000000 ) ) ;
#224 = CARTESIAN_POINT ( 'NONE',  ( 160.0000000000000568, 0.000000000000000000, -8.250000000000000000 ) ) ;
#225 = DIRECTION ( 'NONE',  ( 0.000000000000000000, 1.000000000000000000, 0.000000000000000000 ) ) ;
#226 = VERTEX_POINT ( 'NONE', #1501 ) ;
#227 = DIRECTION ( 'NONE',  ( 0.000000000000000000, 0.000000000000000000, 1.000000000000000000 ) ) ;
#228 = EDGE_LOOP ( 'NONE', ( #101, #104 ) ) ;
#229 = CARTESIAN_POINT ( 'NONE',  ( 160.0000000000000568, 0.000000000000000000, -160.0000000000000000 ) ) ;
#230 = CARTESIAN_POINT ( 'NONE',  ( 10.00000000000000000, 3.000000000000000000, -160.0000000000000000 ) ) ;
#231 = CARTESIAN_POINT ( 'NONE',  ( 9.999999999999953815, 0.000000000000000000, -159.9999999999999716 ) ) ;
#232 = VERTEX_POINT ( 'NONE', #72 ) ;
#233 = ORIENTED_EDGE ( 'NONE', *, *, #207, .F. ) ;
#234 = EDGE_CURVE ( 'NONE', #792, #242, #557, .T. ) ;
#235 = ORIENTED_EDGE ( 'NONE', *, *, #1626, .F. ) ;
#236 = CYLINDRICAL_SURFACE ( 'NONE', #272, 1.750000000000001554 ) ;
#237 = LINE ( 'NONE', #612, #1201 ) ;
#238 = CARTESIAN_POINT ( 'NONE',  ( 152.0000000000000000, 3.000000000000000000, -150.5000000000000568 ) ) ;
#239 = FACE_OUTER_BOUND ( 'NONE', #672, .T. ) ;
#240 = LINE ( 'NONE', #1291, #1022 ) ;
#241 = AXIS2_PLACEMENT_3D ( 'NONE', #484, #1659, #1158 ) ;
#242 = VERTEX_POINT ( 'NONE', #455 ) ;
#243 = VECTOR ( 'NONE', #1290, 1000.000000000000000 ) ;
#244 = ORIENTED_EDGE ( 'NONE', *, *, #1102, .F. ) ;
#245 = VECTOR ( 'NONE', #267, 1000.000000000000000 ) ;
#246 = VECTOR ( 'NONE', #911, 1000.000000000000000 ) ;
#247 = LINE ( 'NONE', #763, #17 ) ;
#248 = CIRCLE ( 'NONE', #81, 1.750000000000001554 ) ;
#249 = CARTESIAN_POINT ( 'NONE',  ( 0.000000000000000000, 3.000000000000000000, -160.0000000000000000 ) ) ;
#250 = CARTESIAN_POINT ( 'NONE',  ( 160.0000000000000568, 0.000000000000000000, -160.0000000000000000 ) ) ;
#251 = EDGE_CURVE ( 'NONE', #242, #792, #1503, .T. ) ;
#252 = ORIENTED_EDGE ( 'NONE', *, *, #1193, .F. ) ;
#253 = ORIENTED_EDGE ( 'NONE', *, *, #1412, .T. ) ;
#254 = ORIENTED_EDGE ( 'NONE', *, *, #211, .F. ) ;
#255 = EDGE_LOOP ( 'NONE', ( #1631, #1156 ) ) ;
#256 = CARTESIAN_POINT ( 'NONE',  ( 21.50000000000000000, 0.000000000000000000, -39.99999999999997868 ) ) ;
#257 = CARTESIAN_POINT ( 'NONE',  ( 71.64396286278518744, 0.000000000000000000, -65.75000000000002842 ) ) ;
#258 = CARTESIAN_POINT ( 'NONE',  ( 152.0000000000000000, 0.000000000000000000, -114.5000000000000284 ) ) ;
#259 = FACE_OUTER_BOUND ( 'NONE', #894, .T. ) ;
#260 = EDGE_CURVE ( 'NONE', #1483, #1286, #770, .T. ) ;
#261 = ORIENTED_EDGE ( 'NONE', *, *, #393, .T. ) ;
#262 = PRODUCT_RELATED_PRODUCT_CATEGORY ( 'part', '', ( #710 ) ) ;
#263 = ORIENTED_EDGE ( 'NONE', *, *, #1533, .T. ) ;
#264 = ORIENTED_EDGE ( 'NONE', *, *, #1052, .F. ) ;
#265 = ORIENTED_EDGE ( 'NONE', *, *, #1118, .F. ) ;
#266 = DIRECTION ( 'NONE',  ( 0.000000000000000000, 1.000000000000000000, 0.000000000000000000 ) ) ;
#267 = DIRECTION ( 'NONE',  ( 0.000000000000000000, -1.000000000000000000, 0.000000000000000000 ) ) ;
#268 = FACE_BOUND ( 'NONE', #204, .T. ) ;
#269 = FACE_BOUND ( 'NONE', #1399, .T. ) ;
#270 = EDGE_CURVE ( 'NONE', #637, #639, #1222, .T. ) ;
#271 = ORIENTED_EDGE ( 'NONE', *, *, #1494, .T. ) ;
#272 = AXIS2_PLACEMENT_3D ( 'NONE', #256, #105, #1400 ) ;
#273 = CIRCLE ( 'NONE', #608, 1.750000000000001554 ) ;
#274 = CIRCLE ( 'NONE', #479, 1.749999999999999778 ) ;
#275 = ORIENTED_EDGE ( 'NONE', *, *, #67, .T. ) ;
#276 = ADVANCED_FACE ( 'NONE', ( #1125 ), #469, .F. ) ;
#277 = AXIS2_PLACEMENT_3D ( 'NONE', #591, #352, #858 ) ;
#278 = CARTESIAN_POINT ( 'NONE',  ( 152.0000000000000000, 0.000000000000000000, -150.5000000000000568 ) ) ;
#279 = DIRECTION ( 'NONE',  ( 0.000000000000000000, 0.000000000000000000, 1.000000000000000000 ) ) ;
#280 = DIRECTION ( 'NONE',  ( 0.000000000000000000, 0.000000000000000000, -1.000000000000000000 ) ) ;
#281 = EDGE_LOOP ( 'NONE', ( #466, #519 ) ) ;
#282 = ADVANCED_FACE ( 'NONE', ( #562 ), #1597, .F. ) ;
#283 = ORIENTED_EDGE ( 'NONE', *, *, #976, .F. ) ;
#284 = CARTESIAN_POINT ( 'NONE',  ( 71.64396286278520165, 0.000000000000000000, -102.5000000000000284 ) ) ;
#285 = CARTESIAN_POINT ( 'NONE',  ( 58.50000000000000711, 0.000000000000000000, -130.0000000000000000 ) ) ;
#286 = DIRECTION ( 'NONE',  ( 0.000000000000000000, 0.000000000000000000, 1.000000000000000000 ) ) ;
#287 = CARTESIAN_POINT ( 'NONE',  ( 114.5000000000000000, 3.000000000000000000, -18.00000000000000711 ) ) ;
#288 = DIRECTION ( 'NONE',  ( 0.000000000000000000, 0.000000000000000000, 1.000000000000000000 ) ) ;
#289 = DIRECTION ( 'NONE',  ( 0.000000000000000000, 1.000000000000000000, 0.000000000000000000 ) ) ;
#290 = EDGE_LOOP ( 'NONE', ( #283, #374, #1489, #1555 ) ) ;
#291 = ORIENTED_EDGE ( 'NONE', *, *, #126, .T. ) ;
#292 = LINE ( 'NONE', #662, #381 ) ;
#293 = EDGE_CURVE ( 'NONE', #320, #983, #448, .T. ) ;
#294 = ORIENTED_EDGE ( 'NONE', *, *, #27, .T. ) ;
#295 = CARTESIAN_POINT ( 'NONE',  ( 160.0000000000000568, 0.000000000000000000, -11.75000000000002132 ) ) ;
#296 = DIRECTION ( 'NONE',  ( 0.000000000000000000, 1.000000000000000000, 0.000000000000000000 ) ) ;
#297 = DIRECTION ( 'NONE',  ( 0.000000000000000000, 0.000000000000000000, 1.000000000000000000 ) ) ;
#298 = CARTESIAN_POINT ( 'NONE',  ( 152.0000000000000000, 0.000000000000000000, -55.50000000000000711 ) ) ;
#299 = VERTEX_POINT ( 'NONE', #1612 ) ;
#300 = ORIENTED_EDGE ( 'NONE', *, *, #576, .F. ) ;
#301 = CIRCLE ( 'NONE', #1347, 10.00000000000000888 ) ;
#302 = ORIENTED_EDGE ( 'NONE', *, *, #1176, .T. ) ;
#303 = VECTOR ( 'NONE', #873, 1000.000000000000000 ) ;
#304 = LINE ( 'NONE', #1331, #1484 ) ;
#305 = DIRECTION ( 'NONE',  ( -0.000000000000000000, 1.000000000000000000, -0.000000000000000000 ) ) ;
#306 = AXIS2_PLACEMENT_3D ( 'NONE', #1596, #956, #1468 ) ;
#307 = CIRCLE ( 'NONE', #947, 1.500000000000001332 ) ;
#308 = DIRECTION ( 'NONE',  ( 0.000000000000000000, 1.000000000000000000, 0.000000000000000000 ) ) ;
#309 = AXIS2_PLACEMENT_3D ( 'NONE', #229, #1364, #733 ) ;
#310 = FACE_OUTER_BOUND ( 'NONE', #556, .T. ) ;
#311 = PLANE ( 'NONE',  #160 ) ;
#312 =( GEOMETRIC_REPRESENTATION_CONTEXT ( 3 ) GLOBAL_UNCERTAINTY_ASSIGNED_CONTEXT ( ( #441 ) ) GLOBAL_UNIT_ASSIGNED_CONTEXT ( ( #1002, #1152, #596 ) ) REPRESENTATION_CONTEXT ( 'NONE', 'WORKASPACE' ) );
#313 = EDGE_LOOP ( 'NONE', ( #178, #686, #15, #1440 ) ) ;
#314 = ORIENTED_EDGE ( 'NONE', *, *, #1580, .F. ) ;
#315 = DIRECTION ( 'NONE',  ( -0.000000000000000000, 1.000000000000000000, -0.000000000000000000 ) ) ;
#316 = SURFACE_STYLE_USAGE ( .BOTH. , #962 ) ;
#317 = CARTESIAN_POINT ( 'NONE',  ( 71.64396286278520165, 3.000000000000000000, -104.2500000000000284 ) ) ;
#318 = APPLICATION_CONTEXT ( 'automotive_design' ) ;
#319 = EDGE_CURVE ( 'NONE', #1318, #438, #845, .T. ) ;
#320 = VERTEX_POINT ( 'NONE', #902 ) ;
#321 = ORIENTED_EDGE ( 'NONE', *, *, #967, .F. ) ;
#322 =( NAMED_UNIT ( * ) SI_UNIT ( $, .STERADIAN. ) SOLID_ANGLE_UNIT ( ) );
#323 = CARTESIAN_POINT ( 'NONE',  ( 0.000000000000000000, 3.000000000000000000, -160.0000000000000000 ) ) ;
#324 = CYLINDRICAL_SURFACE ( 'NONE', #1638, 1.500000000000001332 ) ;
#325 = ORIENTED_EDGE ( 'NONE', *, *, #251, .T. ) ;
#326 = ORIENTED_EDGE ( 'NONE', *, *, #165, .F. ) ;
#327 = VERTEX_POINT ( 'NONE', #1283 ) ;
#328 = ADVANCED_FACE ( 'NONE', ( #259 ), #1276, .F. ) ;
#329 = LINE ( 'NONE', #1062, #354 ) ;
#330 = DIRECTION ( 'NONE',  ( 0.000000000000000000, 0.000000000000000000, 1.000000000000000000 ) ) ;
#331 = VECTOR ( 'NONE', #1014, 1000.000000000000000 ) ;
#332 = AXIS2_PLACEMENT_3D ( 'NONE', #1230, #342, #957 ) ;
#333 = DIRECTION ( 'NONE',  ( 0.000000000000000000, 0.000000000000000000, 1.000000000000000000 ) ) ;
#334 = AXIS2_PLACEMENT_3D ( 'NONE', #1671, #604, #1662 ) ;
#335 = VECTOR ( 'NONE', #799, 1000.000000000000000 ) ;
#336 = ORIENTED_EDGE ( 'NONE', *, *, #1632, .F. ) ;
#337 = ADVANCED_FACE ( 'NONE', ( #1036 ), #1023, .F. ) ;
#338 = CARTESIAN_POINT ( 'NONE',  ( 170.0000000000000000, 3.000000000000000000, -10.00000000000000000 ) ) ;
#339 = CARTESIAN_POINT ( 'NONE',  ( 58.50000000000000711, 3.000000000000000000, -131.7500000000000000 ) ) ;
#340 = DIRECTION ( 'NONE',  ( -0.000000000000000000, 1.000000000000000000, -0.000000000000000000 ) ) ;
#341 = CARTESIAN_POINT ( 'NONE',  ( 9.999999999999953815, 0.000000000000000000, -10.00000000000003730 ) ) ;
#342 = DIRECTION ( 'NONE',  ( -0.000000000000000000, 1.000000000000000000, -0.000000000000000000 ) ) ;
#343 = EDGE_CURVE ( 'NONE', #37, #417, #1025, .T. ) ;
#344 = VERTEX_POINT ( 'NONE', #1257 ) ;
#345 = CARTESIAN_POINT ( 'NONE',  ( 152.0000000000000000, 0.000000000000000000, -54.00000000000003553 ) ) ;
#346 = EDGE_CURVE ( 'NONE', #209, #480, #687, .T. ) ;
#347 = CYLINDRICAL_SURFACE ( 'NONE', #1589, 1.499999999999973577 ) ;
#348 = ORIENTED_EDGE ( 'NONE', *, *, #211, .T. ) ;
#349 = ORIENTED_EDGE ( 'NONE', *, *, #627, .T. ) ;
#350 = VERTEX_POINT ( 'NONE', #379 ) ;
#351 = DIRECTION ( 'NONE',  ( 0.000000000000000000, 0.000000000000000000, 1.000000000000000000 ) ) ;
#352 = DIRECTION ( 'NONE',  ( 0.000000000000000000, 1.000000000000000000, 0.000000000000000000 ) ) ;
#353 = FACE_OUTER_BOUND ( 'NONE', #1094, .T. ) ;
#354 = VECTOR ( 'NONE', #1568, 1000.000000000000000 ) ;
#355 = AXIS2_PLACEMENT_3D ( 'NONE', #80, #850, #841 ) ;
#356 = AXIS2_PLACEMENT_3D ( 'NONE', #1267, #95, #1170 ) ;
#357 = ORIENTED_EDGE ( 'NONE', *, *, #631, .T. ) ;
#358 = DIRECTION ( 'NONE',  ( 0.000000000000000000, 0.000000000000000000, 1.000000000000000000 ) ) ;
#359 = ORIENTED_EDGE ( 'NONE', *, *, #958, .F. ) ;
#360 = DIRECTION ( 'NONE',  ( 0.000000000000000000, 0.000000000000000000, 1.000000000000000000 ) ) ;
#361 = CARTESIAN_POINT ( 'NONE',  ( 58.50000000000000711, 3.000000000000000000, -128.2500000000000000 ) ) ;
#362 = CARTESIAN_POINT ( 'NONE',  ( 9.999999999999953815, 0.000000000000000000, -10.00000000000003730 ) ) ;
#363 = CARTESIAN_POINT ( 'NONE',  ( 114.5000000000000000, 3.000000000000000000, -57.00000000000000711 ) ) ;
#364 = ORIENTED_EDGE ( 'NONE', *, *, #668, .T. ) ;
#365 = EDGE_CURVE ( 'NONE', #1270, #1625, #660, .T. ) ;
#366 = PRESENTATION_STYLE_ASSIGNMENT (( #1104 ) ) ;
#367 = ORIENTED_EDGE ( 'NONE', *, *, #708, .F. ) ;
#368 = ORIENTED_EDGE ( 'NONE', *, *, #698, .T. ) ;
#369 = DIRECTION ( 'NONE',  ( 0.000000000000000000, 0.000000000000000000, 1.000000000000000000 ) ) ;
#370 = DIRECTION ( 'NONE',  ( -0.000000000000000000, 1.000000000000000000, -0.000000000000000000 ) ) ;
#371 = EDGE_LOOP ( 'NONE', ( #1564, #650 ) ) ;
#372 =( NAMED_UNIT ( * ) SI_UNIT ( $, .STERADIAN. ) SOLID_ANGLE_UNIT ( ) );
#373 = ORIENTED_EDGE ( 'NONE', *, *, #1242, .F. ) ;
#374 = ORIENTED_EDGE ( 'NONE', *, *, #319, .T. ) ;
#375 = DIRECTION ( 'NONE',  ( 0.000000000000000000, 0.000000000000000000, 1.000000000000000000 ) ) ;
#376 = EDGE_LOOP ( 'NONE', ( #491, #117, #848, #1271, #1523, #423, #740, #1207 ) ) ;
#377 = EDGE_CURVE ( 'NONE', #898, #910, #1653, .T. ) ;
#378 = DIRECTION ( 'NONE',  ( -0.000000000000000000, -0.000000000000000000, 1.000000000000000000 ) ) ;
#379 = CARTESIAN_POINT ( 'NONE',  ( 71.64396286278518744, 3.000000000000000000, -65.75000000000002842 ) ) ;
#380 = EDGE_LOOP ( 'NONE', ( #679, #693, #1409, #1608 ) ) ;
#381 = VECTOR ( 'NONE', #545, 1000.000000000000000 ) ;
#382 = ORIENTED_EDGE ( 'NONE', *, *, #2, .T. ) ;
#383 = VECTOR ( 'NONE', #725, 1000.000000000000000 ) ;
#384 = CIRCLE ( 'NONE', #861, 1.499999999999973577 ) ;
#385 = ORIENTED_EDGE ( 'NONE', *, *, #1619, .F. ) ;
#386 = AXIS2_PLACEMENT_3D ( 'NONE', #61, #64, #88 ) ;
#387 = CIRCLE ( 'NONE', #776, 1.500000000000001332 ) ;
#388 = FACE_OUTER_BOUND ( 'NONE', #748, .T. ) ;
#389 = EDGE_CURVE ( 'NONE', #299, #1162, #384, .T. ) ;
#390 = FACE_OUTER_BOUND ( 'NONE', #498, .T. ) ;
#391 = CARTESIAN_POINT ( 'NONE',  ( 21.50000000000000711, 3.000000000000000000, -131.7500000000000000 ) ) ;
#392 = ORIENTED_EDGE ( 'NONE', *, *, #365, .F. ) ;
#393 = EDGE_CURVE ( 'NONE', #1031, #1470, #1538, .T. ) ;
#394 = VERTEX_POINT ( 'NONE', #363 ) ;
#395 = EDGE_LOOP ( 'NONE', ( #1131, #975, #294, #1305, #903, #1311, #357, #271 ) ) ;
#396 = ORIENTED_EDGE ( 'NONE', *, *, #107, .T. ) ;
#397 = DIRECTION ( 'NONE',  ( -0.000000000000000000, 1.000000000000000000, -0.000000000000000000 ) ) ;
#398 = EDGE_CURVE ( 'NONE', #350, #1591, #1226, .T. ) ;
#399 = VERTEX_POINT ( 'NONE', #891 ) ;
#400 = EDGE_CURVE ( 'NONE', #1571, #620, #1248, .T. ) ;
#401 = ORIENTED_EDGE ( 'NONE', *, *, #631, .F. ) ;
#402 = ORIENTED_EDGE ( 'NONE', *, *, #967, .T. ) ;
#403 = DIRECTION ( 'NONE',  ( -0.000000000000000000, -1.000000000000000000, 0.000000000000000000 ) ) ;
#404 = FACE_BOUND ( 'NONE', #1395, .T. ) ;
#405 = DIRECTION ( 'NONE',  ( 0.000000000000000000, 0.000000000000000000, 1.000000000000000000 ) ) ;
#406 = EDGE_LOOP ( 'NONE', ( #1016, #1495 ) ) ;
#407 = CIRCLE ( 'NONE', #1172, 1.500000000000001332 ) ;
#408 = CIRCLE ( 'NONE', #1247, 10.00000000000000888 ) ;
#409 = CARTESIAN_POINT ( 'NONE',  ( 170.0000000000000000, 3.000000000000000000, -160.0000000000000000 ) ) ;
#410 = CIRCLE ( 'NONE', #26, 1.750000000000001554 ) ;
#411 = DIRECTION ( 'NONE',  ( 0.000000000000000000, 0.000000000000000000, 1.000000000000000000 ) ) ;
#412 = PRESENTATION_LAYER_ASSIGNMENT (  '', '', ( #839 ) ) ;
#413 = CYLINDRICAL_SURFACE ( 'NONE', #1614, 1.500000000000001332 ) ;
#414 = DIRECTION ( 'NONE',  ( 1.000000000000000000, 0.000000000000000000, 0.000000000000000000 ) ) ;
#415 = EDGE_CURVE ( 'NONE', #1003, #936, #1137, .T. ) ;
#416 = EDGE_LOOP ( 'NONE', ( #1394, #953 ) ) ;
#417 = VERTEX_POINT ( 'NONE', #486 ) ;
#418 = DIRECTION ( 'NONE',  ( -0.000000000000000000, 1.000000000000000000, -0.000000000000000000 ) ) ;
#419 = FACE_OUTER_BOUND ( 'NONE', #1436, .T. ) ;
#420 = CARTESIAN_POINT ( 'NONE',  ( 71.64396286278520165, 0.000000000000000000, -102.5000000000000284 ) ) ;
#421 = CARTESIAN_POINT ( 'NONE',  ( 0.000000000000000000, 3.000000000000000000, 0.000000000000000000 ) ) ;
#422 = FACE_BOUND ( 'NONE', #1067, .T. ) ;
#423 = ORIENTED_EDGE ( 'NONE', *, *, #415, .T. ) ;
#424 = DIRECTION ( 'NONE',  ( -0.000000000000000000, 1.000000000000000000, -0.000000000000000000 ) ) ;
#425 = LINE ( 'NONE', #1601, #892 ) ;
#426 = DIRECTION ( 'NONE',  ( -1.000000000000000000, -0.000000000000000000, -0.000000000000000000 ) ) ;
#427 = EDGE_CURVE ( 'NONE', #577, #792, #516, .T. ) ;
#428 = FACE_BOUND ( 'NONE', #1630, .T. ) ;
#429 = ORIENTED_EDGE ( 'NONE', *, *, #461, .T. ) ;
#430 = AXIS2_PLACEMENT_3D ( 'NONE', #258, #780, #1185 ) ;
#431 = CIRCLE ( 'NONE', #1558, 1.750000000000001554 ) ;
#432 = FACE_OUTER_BOUND ( 'NONE', #8, .T. ) ;
#433 = ADVANCED_FACE ( 'NONE', ( #239 ), #881, .T. ) ;
#434 = AXIS2_PLACEMENT_3D ( 'NONE', #1529, #1511, #495 ) ;
#435 = CARTESIAN_POINT ( 'NONE',  ( 0.000000000000000000, 3.000000000000000000, -170.0000000000000000 ) ) ;
#436 = ORIENTED_EDGE ( 'NONE', *, *, #1278, .T. ) ;
#437 = VERTEX_POINT ( 'NONE', #1542 ) ;
#438 = VERTEX_POINT ( 'NONE', #391 ) ;
#439 = DIRECTION ( 'NONE',  ( 0.000000000000000000, 0.000000000000000000, 1.000000000000000000 ) ) ;
#440 = EDGE_CURVE ( 'NONE', #1578, #327, #77, .T. ) ;
#441 = UNCERTAINTY_MEASURE_WITH_UNIT (LENGTH_MEASURE( 1.000000000000000082E-05 ), #1002, 'distance_accuracy_value', 'NONE');
#442 = CARTESIAN_POINT ( 'NONE',  ( 160.0000000000000568, 3.000000000000000000, -160.0000000000000000 ) ) ;
#443 = VERTEX_POINT ( 'NONE', #813 ) ;
#444 = CYLINDRICAL_SURFACE ( 'NONE', #1030, 1.750000000000001554 ) ;
#445 = CARTESIAN_POINT ( 'NONE',  ( 152.0000000000000000, 3.000000000000000000, -55.50000000000000711 ) ) ;
#446 = CARTESIAN_POINT ( 'NONE',  ( 9.999999999999953815, 0.000000000000000000, -161.7499999999999716 ) ) ;
#447 = CYLINDRICAL_SURFACE ( 'NONE', #1195, 1.749999999999999778 ) ;
#448 = LINE ( 'NONE', #65, #1478 ) ;
#449 = ORIENTED_EDGE ( 'NONE', *, *, #400, .F. ) ;
#450 = EDGE_CURVE ( 'NONE', #320, #1648, #893, .T. ) ;
#451 = AXIS2_PLACEMENT_3D ( 'NONE', #474, #223, #622 ) ;
#452 = AXIS2_PLACEMENT_3D ( 'NONE', #1282, #477, #862 ) ;
#453 = DIRECTION ( 'NONE',  ( -0.000000000000000000, 1.000000000000000000, -0.000000000000000000 ) ) ;
#454 = CIRCLE ( 'NONE', #1403, 1.500000000000001332 ) ;
#455 = CARTESIAN_POINT ( 'NONE',  ( 21.50000000000000000, 3.000000000000000000, -41.74999999999997868 ) ) ;
#456 = AXIS2_PLACEMENT_3D ( 'NONE', #1149, #1669, #493 ) ;
#457 = EDGE_LOOP ( 'NONE', ( #43, #1044, #607, #1012 ) ) ;
#458 = EDGE_CURVE ( 'NONE', #936, #399, #675, .T. ) ;
#459 = EDGE_LOOP ( 'NONE', ( #1066, #707 ) ) ;
#460 = LINE ( 'NONE', #1491, #1055 ) ;
#461 = EDGE_CURVE ( 'NONE', #1470, #1031, #407, .T. ) ;
#462 = DIRECTION ( 'NONE',  ( -0.000000000000000000, 1.000000000000000000, -0.000000000000000000 ) ) ;
#463 = EDGE_CURVE ( 'NONE', #443, #1126, #1198, .T. ) ;
#464 = FACE_OUTER_BOUND ( 'NONE', #120, .T. ) ;
#465 = ORIENTED_EDGE ( 'NONE', *, *, #270, .T. ) ;
#466 = ORIENTED_EDGE ( 'NONE', *, *, #1070, .F. ) ;
#467 = DIRECTION ( 'NONE',  ( -0.000000000000000000, 1.000000000000000000, -0.000000000000000000 ) ) ;
#468 = CYLINDRICAL_SURFACE ( 'NONE', #23, 1.750000000000001554 ) ;
#469 = CYLINDRICAL_SURFACE ( 'NONE', #603, 1.749999999999987566 ) ;
#470 = ORIENTED_EDGE ( 'NONE', *, *, #1481, .F. ) ;
#471 = ORIENTED_EDGE ( 'NONE', *, *, #1245, .T. ) ;
#472 = ADVANCED_BREP_SHAPE_REPRESENTATION ( 'hop dien 01', ( #982, #721 ), #312 ) ;
#473 = DIRECTION ( 'NONE',  ( 0.000000000000000000, 1.000000000000000000, 0.000000000000000000 ) ) ;
#474 = CARTESIAN_POINT ( 'NONE',  ( 21.50000000000000711, 0.000000000000000000, -130.0000000000000000 ) ) ;
#475 = DIRECTION ( 'NONE',  ( -0.000000000000000000, 1.000000000000000000, -0.000000000000000000 ) ) ;
#476 = ADVANCED_FACE ( 'NONE', ( #1308 ), #135, .F. ) ;
#477 = DIRECTION ( 'NONE',  ( -0.000000000000000000, 1.000000000000000000, -0.000000000000000000 ) ) ;
#478 = CIRCLE ( 'NONE', #1224, 1.749999999999999778 ) ;
#479 = AXIS2_PLACEMENT_3D ( 'NONE', #842, #978, #330 ) ;
#480 = VERTEX_POINT ( 'NONE', #1212 ) ;
#481 = AXIS2_PLACEMENT_3D ( 'NONE', #1622, #1488, #1376 ) ;
#482 = VERTEX_POINT ( 'NONE', #528 ) ;
#483 = DIRECTION ( 'NONE',  ( 0.000000000000000000, 0.000000000000000000, 1.000000000000000000 ) ) ;
#484 = CARTESIAN_POINT ( 'NONE',  ( 160.0000000000000000, 3.000000000000000000, -10.00000000000000000 ) ) ;
#485 = DIRECTION ( 'NONE',  ( -0.000000000000000000, 1.000000000000000000, -0.000000000000000000 ) ) ;
#486 = CARTESIAN_POINT ( 'NONE',  ( 152.0000000000000000, 0.000000000000000000, -16.50000000000003197 ) ) ;
#487 = CARTESIAN_POINT ( 'NONE',  ( 114.5000000000000000, 0.000000000000000000, -114.5000000000000284 ) ) ;
#488 = SURFACE_STYLE_FILL_AREA ( #58 ) ;
#489 = EDGE_CURVE ( 'NONE', #28, #1341, #192, .T. ) ;
#490 = ORIENTED_EDGE ( 'NONE', *, *, #1512, .F. ) ;
#491 = ORIENTED_EDGE ( 'NONE', *, *, #1351, .F. ) ;
#492 = CARTESIAN_POINT ( 'NONE',  ( 170.0000000000000000, 3.000000000000000000, 0.000000000000000000 ) ) ;
#493 = DIRECTION ( 'NONE',  ( 0.000000000000000000, 0.000000000000000000, 1.000000000000000000 ) ) ;
#494 = DIRECTION ( 'NONE',  ( -0.000000000000000000, 1.000000000000000000, -0.000000000000000000 ) ) ;
#495 = DIRECTION ( 'NONE',  ( 0.000000000000000000, 0.000000000000000000, 1.000000000000000000 ) ) ;
#496 = ORIENTED_EDGE ( 'NONE', *, *, #343, .F. ) ;
#497 = EDGE_CURVE ( 'NONE', #629, #983, #307, .T. ) ;
#498 = EDGE_LOOP ( 'NONE', ( #750, #14, #1119, #1287 ) ) ;
#499 = ORIENTED_EDGE ( 'NONE', *, *, #1193, .T. ) ;
#500 = DIRECTION ( 'NONE',  ( 0.000000000000000000, 0.000000000000000000, 1.000000000000000000 ) ) ;
#501 = DIRECTION ( 'NONE',  ( 0.000000000000000000, 1.000000000000000000, 0.000000000000000000 ) ) ;
#502 = CARTESIAN_POINT ( 'NONE',  ( 152.0000000000000000, 0.000000000000000000, -18.00000000000000711 ) ) ;
#503 = VECTOR ( 'NONE', #130, 1000.000000000000000 ) ;
#504 = CARTESIAN_POINT ( 'NONE',  ( 152.0000000000000000, 0.000000000000000000, -19.49999999999997868 ) ) ;
#505 = CIRCLE ( 'NONE', #1453, 1.499999999999973577 ) ;
#506 = AXIS2_PLACEMENT_3D ( 'NONE', #729, #766, #1258 ) ;
#507 = CIRCLE ( 'NONE', #946, 1.750000000000001554 ) ;
#508 = AXIS2_PLACEMENT_3D ( 'NONE', #175, #798, #1452 ) ;
#509 = EDGE_CURVE ( 'NONE', #1386, #535, #1457, .T. ) ;
#510 = VERTEX_POINT ( 'NONE', #1205 ) ;
#511 = EDGE_LOOP ( 'NONE', ( #1479, #1238, #348, #1536 ) ) ;
#512 = CIRCLE ( 'NONE', #1618, 1.500000000000001332 ) ;
#513 = FACE_OUTER_BOUND ( 'NONE', #1095, .T. ) ;
#514 = MECHANICAL_DESIGN_GEOMETRIC_PRESENTATION_REPRESENTATION (  '', ( #839 ), #897 ) ;
#515 = CARTESIAN_POINT ( 'NONE',  ( 114.5000000000000000, 0.000000000000000000, -152.0000000000000284 ) ) ;
#516 = LINE ( 'NONE', #108, #1298 ) ;
#517 = EDGE_CURVE ( 'NONE', #28, #936, #1072, .T. ) ;
#518 = ORIENTED_EDGE ( 'NONE', *, *, #377, .F. ) ;
#519 = ORIENTED_EDGE ( 'NONE', *, *, #1412, .F. ) ;
#520 = ORIENTED_EDGE ( 'NONE', *, *, #60, .T. ) ;
#521 = CARTESIAN_POINT ( 'NONE',  ( 152.0000000000000000, 3.000000000000000000, -18.00000000000000711 ) ) ;
#522 = FACE_OUTER_BOUND ( 'NONE', #183, .T. ) ;
#523 = DIRECTION ( 'NONE',  ( 0.000000000000000000, -1.000000000000000000, 0.000000000000000000 ) ) ;
#524 = DIRECTION ( 'NONE',  ( 0.000000000000000000, 0.000000000000000000, 1.000000000000000000 ) ) ;
#525 = ORIENTED_EDGE ( 'NONE', *, *, #708, .T. ) ;
#526 = CARTESIAN_POINT ( 'NONE',  ( 160.0000000000000000, 3.000000000000000000, -160.0000000000000000 ) ) ;
#527 = CARTESIAN_POINT ( 'NONE',  ( 21.50000000000000711, 0.000000000000000000, -128.2500000000000000 ) ) ;
#528 = CARTESIAN_POINT ( 'NONE',  ( 10.00000000000000000, 0.000000000000000000, -170.0000000000000000 ) ) ;
#529 = EDGE_CURVE ( 'NONE', #694, #854, #1576, .T. ) ;
#530 = FACE_BOUND ( 'NONE', #406, .T. ) ;
#531 = ORIENTED_EDGE ( 'NONE', *, *, #1090, .F. ) ;
#532 = CIRCLE ( 'NONE', #1477, 1.750000000000001554 ) ;
#533 = CIRCLE ( 'NONE', #993, 1.750000000000001554 ) ;
#534 = EDGE_CURVE ( 'NONE', #637, #1415, #559, .T. ) ;
#535 = VERTEX_POINT ( 'NONE', #951 ) ;
#536 = CYLINDRICAL_SURFACE ( 'NONE', #1613, 1.750000000000001554 ) ;
#537 = CIRCLE ( 'NONE', #78, 1.500000000000001332 ) ;
#538 = LINE ( 'NONE', #31, #690 ) ;
#539 = CIRCLE ( 'NONE', #1277, 1.500000000000001332 ) ;
#540 = FACE_OUTER_BOUND ( 'NONE', #395, .T. ) ;
#541 = FACE_OUTER_BOUND ( 'NONE', #1665, .T. ) ;
#542 = EDGE_LOOP ( 'NONE', ( #138, #449 ) ) ;
#543 = ORIENTED_EDGE ( 'NONE', *, *, #1481, .T. ) ;
#544 = ADVANCED_FACE ( 'NONE', ( #912, #1437, #1431, #268, #781, #1552, #641, #1179, #404, #152, #5, #1569, #1041, #143, #648, #655, #1192, #22, #540 ), #1063, .F. ) ;
#545 = DIRECTION ( 'NONE',  ( -0.000000000000000000, 1.000000000000000000, -0.000000000000000000 ) ) ;
#546 = VERTEX_POINT ( 'NONE', #339 ) ;
#547 = CARTESIAN_POINT ( 'NONE',  ( 0.000000000000000000, 0.000000000000000000, 0.000000000000000000 ) ) ;
#548 = FACE_BOUND ( 'NONE', #1262, .T. ) ;
#549 = EDGE_LOOP ( 'NONE', ( #56, #984 ) ) ;
#550 = ADVANCED_FACE ( 'NONE', ( #689 ), #1220, .F. ) ;
#551 = CARTESIAN_POINT ( 'NONE',  ( 9.999999999999953815, 0.000000000000000000, -159.9999999999999716 ) ) ;
#552 = DIRECTION ( 'NONE',  ( 0.000000000000000000, 0.000000000000000000, 1.000000000000000000 ) ) ;
#553 = UNCERTAINTY_MEASURE_WITH_UNIT (LENGTH_MEASURE( 1.000000000000000082E-05 ), #991, 'distance_accuracy_value', 'NONE');
#554 = LINE ( 'NONE', #136, #74 ) ;
#555 = ORIENTED_EDGE ( 'NONE', *, *, #450, .F. ) ;
#556 = EDGE_LOOP ( 'NONE', ( #470, #1101, #899, #571 ) ) ;
#557 = CIRCLE ( 'NONE', #715, 1.750000000000001554 ) ;
#558 = ADVANCED_FACE ( 'NONE', ( #82 ), #188, .F. ) ;
#559 = CIRCLE ( 'NONE', #805, 1.750000000000001554 ) ;
#560 = DIRECTION ( 'NONE',  ( 0.000000000000000000, 0.000000000000000000, 1.000000000000000000 ) ) ;
#561 = DIRECTION ( 'NONE',  ( 0.000000000000000000, 0.000000000000000000, 1.000000000000000000 ) ) ;
#562 = FACE_OUTER_BOUND ( 'NONE', #882, .T. ) ;
#563 = EDGE_CURVE ( 'NONE', #1591, #350, #772, .T. ) ;
#564 = EDGE_LOOP ( 'NONE', ( #7, #1253, #465, #1534 ) ) ;
#565 = CARTESIAN_POINT ( 'NONE',  ( 10.00000000000000000, 0.000000000000000000, -160.0000000000000000 ) ) ;
#566 = SURFACE_STYLE_FILL_AREA ( #940 ) ;
#567 = DIRECTION ( 'NONE',  ( 0.000000000000000000, 0.000000000000000000, 1.000000000000000000 ) ) ;
#568 = CARTESIAN_POINT ( 'NONE',  ( 58.50000000000000000, 0.000000000000000000, -39.99999999999997868 ) ) ;
#569 = PRODUCT_DEFINITION ( 'UNKNOWN', '', #1202, #816 ) ;
#570 = ORIENTED_EDGE ( 'NONE', *, *, #1553, .F. ) ;
#571 = ORIENTED_EDGE ( 'NONE', *, *, #346, .T. ) ;
#572 = FILL_AREA_STYLE_COLOUR ( '', #196 ) ;
#573 = CARTESIAN_POINT ( 'NONE',  ( 0.000000000000000000, 3.000000000000000000, -170.0000000000000000 ) ) ;
#574 = DIRECTION ( 'NONE',  ( -0.000000000000000000, 1.000000000000000000, -0.000000000000000000 ) ) ;
#575 = CARTESIAN_POINT ( 'NONE',  ( 9.999999999999953815, 3.000000000000000000, -159.9999999999999716 ) ) ;
#576 = EDGE_CURVE ( 'NONE', #37, #990, #1114, .T. ) ;
#577 = VERTEX_POINT ( 'NONE', #1099 ) ;
#578 = CARTESIAN_POINT ( 'NONE',  ( 71.64396286278518744, 0.000000000000000000, -67.50000000000001421 ) ) ;
#579 = CARTESIAN_POINT ( 'NONE',  ( 152.0000000000000000, 0.000000000000000000, -114.5000000000000284 ) ) ;
#580 = AXIS2_PLACEMENT_3D ( 'NONE', #492, #734, #375 ) ;
#581 = DIRECTION ( 'NONE',  ( -0.000000000000000000, 1.000000000000000000, -0.000000000000000000 ) ) ;
#582 = AXIS2_PLACEMENT_3D ( 'NONE', #1610, #453, #972 ) ;
#583 = ORIENTED_EDGE ( 'NONE', *, *, #645, .F. ) ;
#584 = CARTESIAN_POINT ( 'NONE',  ( 21.50000000000000000, 0.000000000000000000, -39.99999999999997868 ) ) ;
#585 = CARTESIAN_POINT ( 'NONE',  ( 114.5000000000000000, 0.000000000000000000, -114.5000000000000284 ) ) ;
#586 = DIRECTION ( 'NONE',  ( 0.000000000000000000, 0.000000000000000000, 1.000000000000000000 ) ) ;
#587 = ORIENTED_EDGE ( 'NONE', *, *, #1451, .F. ) ;
#588 = EDGE_CURVE ( 'NONE', #1272, #887, #274, .T. ) ;
#589 = ORIENTED_EDGE ( 'NONE', *, *, #497, .T. ) ;
#590 = DIRECTION ( 'NONE',  ( 0.000000000000000000, 0.000000000000000000, 1.000000000000000000 ) ) ;
#591 = CARTESIAN_POINT ( 'NONE',  ( 114.5000000000000000, 0.000000000000000000, -114.5000000000000284 ) ) ;
#592 = CARTESIAN_POINT ( 'NONE',  ( 0.000000000000000000, 0.000000000000000000, -10.00000000000000000 ) ) ;
#593 = DIRECTION ( 'NONE',  ( 0.000000000000000000, 0.000000000000000000, 1.000000000000000000 ) ) ;
#594 = CARTESIAN_POINT ( 'NONE',  ( 152.0000000000000000, 0.000000000000000000, -55.50000000000000711 ) ) ;
#595 = EDGE_LOOP ( 'NONE', ( #1514, #499, #401, #1117 ) ) ;
#596 =( NAMED_UNIT ( * ) SI_UNIT ( $, .STERADIAN. ) SOLID_ANGLE_UNIT ( ) );
#597 = ORIENTED_EDGE ( 'NONE', *, *, #606, .T. ) ;
#598 = DIRECTION ( 'NONE',  ( 0.000000000000000000, 0.000000000000000000, 1.000000000000000000 ) ) ;
#599 = DIRECTION ( 'NONE',  ( 0.000000000000000000, 0.000000000000000000, -1.000000000000000000 ) ) ;
#600 = CARTESIAN_POINT ( 'NONE',  ( 9.999999999999953815, 0.000000000000000000, -11.75000000000003730 ) ) ;
#601 = CARTESIAN_POINT ( 'NONE',  ( 58.50000000000000000, 3.000000000000000000, -39.99999999999997868 ) ) ;
#602 = VECTOR ( 'NONE', #671, 1000.000000000000000 ) ;
#603 = AXIS2_PLACEMENT_3D ( 'NONE', #1605, #1108, #1377 ) ;
#604 = DIRECTION ( 'NONE',  ( 0.000000000000000000, -1.000000000000000000, 0.000000000000000000 ) ) ;
#605 = AXIS2_PLACEMENT_3D ( 'NONE', #872, #1161, #1385 ) ;
#606 = EDGE_CURVE ( 'NONE', #1615, #1132, #1430, .T. ) ;
#607 = ORIENTED_EDGE ( 'NONE', *, *, #933, .T. ) ;
#608 = AXIS2_PLACEMENT_3D ( 'NONE', #584, #1517, #360 ) ;
#609 = EDGE_LOOP ( 'NONE', ( #244, #866, #325, #186 ) ) ;
#610 = VERTEX_POINT ( 'NONE', #317 ) ;
#611 = FACE_OUTER_BOUND ( 'NONE', #752, .T. ) ;
#612 = CARTESIAN_POINT ( 'NONE',  ( 152.0000000000000000, 0.000000000000000000, -56.99999999999997868 ) ) ;
#613 = CARTESIAN_POINT ( 'NONE',  ( 114.5000000000000000, 0.000000000000000000, -55.50000000000000711 ) ) ;
#614 = CARTESIAN_POINT ( 'NONE',  ( 10.00000000000000000, 3.000000000000000000, -10.00000000000000000 ) ) ;
#615 = ADVANCED_FACE ( 'NONE', ( #851 ), #822, .F. ) ;
#616 = EDGE_CURVE ( 'NONE', #1531, #877, #966, .T. ) ;
#617 = LINE ( 'NONE', #758, #303 ) ;
#618 = CARTESIAN_POINT ( 'NONE',  ( 0.000000000000000000, 0.000000000000000000, 0.000000000000000000 ) ) ;
#619 = EDGE_LOOP ( 'NONE', ( #1011, #149, #795, #1656 ) ) ;
#620 = VERTEX_POINT ( 'NONE', #182 ) ;
#621 = ORIENTED_EDGE ( 'NONE', *, *, #75, .T. ) ;
#622 = DIRECTION ( 'NONE',  ( 0.000000000000000000, 0.000000000000000000, 1.000000000000000000 ) ) ;
#623 = DIRECTION ( 'NONE',  ( 0.000000000000000000, 0.000000000000000000, 1.000000000000000000 ) ) ;
#624 = CARTESIAN_POINT ( 'NONE',  ( 21.50000000000000711, 0.000000000000000000, -130.0000000000000000 ) ) ;
#625 = DIRECTION ( 'NONE',  ( 0.000000000000000000, 0.000000000000000000, 1.000000000000000000 ) ) ;
#626 = ORIENTED_EDGE ( 'NONE', *, *, #1626, .T. ) ;
#627 = EDGE_CURVE ( 'NONE', #1126, #443, #454, .T. ) ;
#628 = ORIENTED_EDGE ( 'NONE', *, *, #377, .T. ) ;
#629 = VERTEX_POINT ( 'NONE', #121 ) ;
#630 = EDGE_LOOP ( 'NONE', ( #436, #396 ) ) ;
#631 = EDGE_CURVE ( 'NONE', #761, #1598, #1643, .T. ) ;
#632 = CARTESIAN_POINT ( 'NONE',  ( 152.0000000000000000, 0.000000000000000000, -113.0000000000000568 ) ) ;
#633 = CARTESIAN_POINT ( 'NONE',  ( 9.999999999999953815, 3.000000000000000000, -161.7499999999999716 ) ) ;
#634 = CARTESIAN_POINT ( 'NONE',  ( 152.0000000000000000, 0.000000000000000000, -150.5000000000000568 ) ) ;
#635 = CARTESIAN_POINT ( 'NONE',  ( 114.5000000000000000, 3.000000000000000000, -18.00000000000000711 ) ) ;
#636 = ORIENTED_EDGE ( 'NONE', *, *, #1294, .T. ) ;
#637 = VERTEX_POINT ( 'NONE', #987 ) ;
#638 = VECTOR ( 'NONE', #574, 1000.000000000000000 ) ;
#639 = VERTEX_POINT ( 'NONE', #361 ) ;
#640 = CARTESIAN_POINT ( 'NONE',  ( 152.0000000000000000, 0.000000000000000000, -152.0000000000000284 ) ) ;
#641 = FACE_BOUND ( 'NONE', #92, .T. ) ;
#642 = DIRECTION ( 'NONE',  ( 0.000000000000000000, 1.000000000000000000, 0.000000000000000000 ) ) ;
#643 = ORIENTED_EDGE ( 'NONE', *, *, #1294, .F. ) ;
#644 = ORIENTED_EDGE ( 'NONE', *, *, #458, .T. ) ;
#645 = EDGE_CURVE ( 'NONE', #1625, #1270, #1330, .T. ) ;
#646 = DIRECTION ( 'NONE',  ( 0.000000000000000000, 1.000000000000000000, 0.000000000000000000 ) ) ;
#647 = DIRECTION ( 'NONE',  ( 0.000000000000000000, 0.000000000000000000, 1.000000000000000000 ) ) ;
#648 = FACE_BOUND ( 'NONE', #416, .T. ) ;
#649 = FACE_OUTER_BOUND ( 'NONE', #376, .T. ) ;
#650 = ORIENTED_EDGE ( 'NONE', *, *, #677, .F. ) ;
#651 = FACE_OUTER_BOUND ( 'NONE', #564, .T. ) ;
#652 = VERTEX_POINT ( 'NONE', #632 ) ;
#653 = CARTESIAN_POINT ( 'NONE',  ( 71.64396286278518744, 3.000000000000000000, -69.25000000000000000 ) ) ;
#654 = DIRECTION ( 'NONE',  ( 0.000000000000000000, 0.000000000000000000, 1.000000000000000000 ) ) ;
#655 = FACE_BOUND ( 'NONE', #929, .T. ) ;
#656 = CARTESIAN_POINT ( 'NONE',  ( 114.5000000000000000, 0.000000000000000000, -152.0000000000000284 ) ) ;
#657 = CIRCLE ( 'NONE', #103, 1.750000000000001554 ) ;
#658 = ADVANCED_FACE ( 'NONE', ( #611 ), #878, .F. ) ;
#659 = EDGE_LOOP ( 'NONE', ( #385, #146, #382, #905 ) ) ;
#660 = CIRCLE ( 'NONE', #1668, 1.750000000000010214 ) ;
#661 = EDGE_LOOP ( 'NONE', ( #1279, #54, #802, #701 ) ) ;
#662 = CARTESIAN_POINT ( 'NONE',  ( 160.0000000000000568, 0.000000000000000000, -161.7500000000000000 ) ) ;
#663 = AXIS2_PLACEMENT_3D ( 'NONE', #1233, #968, #1382 ) ;
#664 = CARTESIAN_POINT ( 'NONE',  ( 71.64396286278520165, 0.000000000000000000, -104.2500000000000284 ) ) ;
#665 = AXIS2_PLACEMENT_3D ( 'NONE', #526, #1559, #1218 ) ;
#666 = CARTESIAN_POINT ( 'NONE',  ( 152.0000000000000000, 3.000000000000000000, -114.5000000000000284 ) ) ;
#667 = DIRECTION ( 'NONE',  ( -0.000000000000000000, 1.000000000000000000, -0.000000000000000000 ) ) ;
#668 = EDGE_CURVE ( 'NONE', #1483, #1031, #900, .T. ) ;
#669 = ORIENTED_EDGE ( 'NONE', *, *, #743, .F. ) ;
#670 = EDGE_LOOP ( 'NONE', ( #1314, #543, #945, #760 ) ) ;
#671 = DIRECTION ( 'NONE',  ( -0.000000000000000000, 1.000000000000000000, -0.000000000000000000 ) ) ;
#672 = EDGE_LOOP ( 'NONE', ( #233, #570, #44, #684 ) ) ;
#673 = DIRECTION ( 'NONE',  ( 0.000000000000000000, 0.000000000000000000, 1.000000000000000000 ) ) ;
#674 = FACE_OUTER_BOUND ( 'NONE', #659, .T. ) ;
#675 = LINE ( 'NONE', #1445, #163 ) ;
#676 = CARTESIAN_POINT ( 'NONE',  ( 0.000000000000000000, 0.000000000000000000, 0.000000000000000000 ) ) ;
#677 = EDGE_CURVE ( 'NONE', #510, #437, #220, .T. ) ;
#678 = VERTEX_POINT ( 'NONE', #1148 ) ;
#679 = ORIENTED_EDGE ( 'NONE', *, *, #75, .F. ) ;
#680 = DIRECTION ( 'NONE',  ( 0.000000000000000000, 0.000000000000000000, 1.000000000000000000 ) ) ;
#681 = EDGE_CURVE ( 'NONE', #399, #761, #836, .T. ) ;
#682 = DIRECTION ( 'NONE',  ( -0.000000000000000000, 1.000000000000000000, -0.000000000000000000 ) ) ;
#683 = DIRECTION ( 'NONE',  ( -0.000000000000000000, 1.000000000000000000, -0.000000000000000000 ) ) ;
#684 = ORIENTED_EDGE ( 'NONE', *, *, #1379, .F. ) ;
#685 = CIRCLE ( 'NONE', #1296, 1.750000000000001554 ) ;
#686 = ORIENTED_EDGE ( 'NONE', *, *, #1446, .T. ) ;
#687 = CIRCLE ( 'NONE', #434, 1.499999999999973577 ) ;
#688 = DIRECTION ( 'NONE',  ( 0.000000000000000000, 0.000000000000000000, 1.000000000000000000 ) ) ;
#689 = FACE_OUTER_BOUND ( 'NONE', #1573, .T. ) ;
#690 = VECTOR ( 'NONE', #180, 1000.000000000000000 ) ;
#691 = CARTESIAN_POINT ( 'NONE',  ( 114.5000000000000000, 0.000000000000000000, -19.50000000000000711 ) ) ;
#692 = DIRECTION ( 'NONE',  ( -0.000000000000000000, 1.000000000000000000, -0.000000000000000000 ) ) ;
#693 = ORIENTED_EDGE ( 'NONE', *, *, #1106, .F. ) ;
#694 = VERTEX_POINT ( 'NONE', #1136 ) ;
#695 = VERTEX_POINT ( 'NONE', #1633 ) ;
#696 = CARTESIAN_POINT ( 'NONE',  ( 21.50000000000000000, 0.000000000000000000, -39.99999999999997868 ) ) ;
#697 = CARTESIAN_POINT ( 'NONE',  ( 152.0000000000000000, 3.000000000000000000, -18.00000000000000711 ) ) ;
#698 = EDGE_CURVE ( 'NONE', #1648, #320, #1373, .T. ) ;
#699 = CARTESIAN_POINT ( 'NONE',  ( 152.0000000000000000, 0.000000000000000000, -18.00000000000000711 ) ) ;
#700 = CARTESIAN_POINT ( 'NONE',  ( 21.50000000000000000, 3.000000000000000000, -39.99999999999997868 ) ) ;
#701 = ORIENTED_EDGE ( 'NONE', *, *, #616, .T. ) ;
#702 = ORIENTED_EDGE ( 'NONE', *, *, #1619, .T. ) ;
#703 = ORIENTED_EDGE ( 'NONE', *, *, #1040, .F. ) ;
#704 = DIRECTION ( 'NONE',  ( 0.000000000000000000, 0.000000000000000000, -1.000000000000000000 ) ) ;
#705 = LINE ( 'NONE', #1358, #969 ) ;
#706 = DIRECTION ( 'NONE',  ( 0.000000000000000000, 0.000000000000000000, 1.000000000000000000 ) ) ;
#707 = ORIENTED_EDGE ( 'NONE', *, *, #118, .T. ) ;
#708 = EDGE_CURVE ( 'NONE', #610, #910, #657, .T. ) ;
#709 = EDGE_LOOP ( 'NONE', ( #1464, #1647, #1157, #644 ) ) ;
#710 = PRODUCT ( 'hop dien 01', 'hop dien 01', '', ( #791 ) ) ;
#711 = EDGE_LOOP ( 'NONE', ( #1502, #471, #1017, #1424 ) ) ;
#712 = VECTOR ( 'NONE', #40, 1000.000000000000000 ) ;
#713 = DIRECTION ( 'NONE',  ( 0.000000000000000000, 1.000000000000000000, 0.000000000000000000 ) ) ;
#714 = DIRECTION ( 'NONE',  ( 0.000000000000000000, 0.000000000000000000, 1.000000000000000000 ) ) ;
#715 = AXIS2_PLACEMENT_3D ( 'NONE', #981, #216, #1237 ) ;
#716 = DIRECTION ( 'NONE',  ( 0.000000000000000000, 1.000000000000000000, 0.000000000000000000 ) ) ;
#717 = CARTESIAN_POINT ( 'NONE',  ( 9.999999999999953815, 3.000000000000000000, -11.75000000000003730 ) ) ;
#718 = AXIS2_PLACEMENT_3D ( 'NONE', #997, #1365, #214 ) ;
#719 = VECTOR ( 'NONE', #426, 1000.000000000000000 ) ;
#720 = CARTESIAN_POINT ( 'NONE',  ( 114.5000000000000000, 0.000000000000000000, -18.00000000000000711 ) ) ;
#721 = AXIS2_PLACEMENT_3D ( 'NONE', #618, #783, #414 ) ;
#722 = ADVANCED_FACE ( 'NONE', ( #1129 ), #1374, .F. ) ;
#723 = ORIENTED_EDGE ( 'NONE', *, *, #1606, .T. ) ;
#724 = ORIENTED_EDGE ( 'NONE', *, *, #908, .T. ) ;
#725 = DIRECTION ( 'NONE',  ( 0.000000000000000000, -1.000000000000000000, 0.000000000000000000 ) ) ;
#726 = CARTESIAN_POINT ( 'NONE',  ( 160.0000000000000568, 3.000000000000000000, -10.00000000000001066 ) ) ;
#727 = DIRECTION ( 'NONE',  ( 0.000000000000000000, 1.000000000000000000, 0.000000000000000000 ) ) ;
#728 = DIRECTION ( 'NONE',  ( 0.000000000000000000, 0.000000000000000000, 1.000000000000000000 ) ) ;
#729 = CARTESIAN_POINT ( 'NONE',  ( 58.50000000000000711, 3.000000000000000000, -130.0000000000000000 ) ) ;
#730 = ADVANCED_FACE ( 'NONE', ( #388 ), #995, .T. ) ;
#731 = VERTEX_POINT ( 'NONE', #1273 ) ;
#732 = ORIENTED_EDGE ( 'NONE', *, *, #1313, .F. ) ;
#733 = DIRECTION ( 'NONE',  ( 0.000000000000000000, 0.000000000000000000, 1.000000000000000000 ) ) ;
#734 = DIRECTION ( 'NONE',  ( -1.000000000000000000, 0.000000000000000000, 0.000000000000000000 ) ) ;
#735 = ADVANCED_FACE ( 'NONE', ( #1509 ), #1005, .F. ) ;
#736 = DIRECTION ( 'NONE',  ( -0.000000000000000000, 1.000000000000000000, -0.000000000000000000 ) ) ;
#737 = DIRECTION ( 'NONE',  ( 0.000000000000000000, 1.000000000000000000, 0.000000000000000000 ) ) ;
#738 = FACE_OUTER_BOUND ( 'NONE', #62, .T. ) ;
#739 = SURFACE_SIDE_STYLE ('',( #488 ) ) ;
#740 = ORIENTED_EDGE ( 'NONE', *, *, #517, .F. ) ;
#741 = ORIENTED_EDGE ( 'NONE', *, *, #677, .T. ) ;
#742 = CARTESIAN_POINT ( 'NONE',  ( 160.0000000000000568, 0.000000000000000000, -10.00000000000001066 ) ) ;
#743 = EDGE_CURVE ( 'NONE', #854, #1216, #301, .T. ) ;
#744 = DIRECTION ( 'NONE',  ( -0.000000000000000000, 1.000000000000000000, -0.000000000000000000 ) ) ;
#745 = STYLED_ITEM ( 'NONE', ( #827 ), #982 ) ;
#746 = CIRCLE ( 'NONE', #1585, 1.499999999999973577 ) ;
#747 = AXIS2_PLACEMENT_3D ( 'NONE', #585, #47, #1228 ) ;
#748 = EDGE_LOOP ( 'NONE', ( #1165, #1164, #1513, #264 ) ) ;
#749 = AXIS2_PLACEMENT_3D ( 'NONE', #1551, #1519, #369 ) ;
#750 = ORIENTED_EDGE ( 'NONE', *, *, #986, .F. ) ;
#751 = AXIS2_PLACEMENT_3D ( 'NONE', #565, #1097, #1639 ) ;
#752 = EDGE_LOOP ( 'NONE', ( #643, #1246, #626, #1490 ) ) ;
#753 = DIRECTION ( 'NONE',  ( -0.000000000000000000, 1.000000000000000000, -0.000000000000000000 ) ) ;
#754 = EDGE_LOOP ( 'NONE', ( #1260, #1348 ) ) ;
#755 = PLANE ( 'NONE',  #131 ) ;
#756 = ADVANCED_FACE ( 'NONE', ( #1518 ), #236, .F. ) ;
#757 = DIRECTION ( 'NONE',  ( 0.000000000000000000, 1.000000000000000000, 0.000000000000000000 ) ) ;
#758 = CARTESIAN_POINT ( 'NONE',  ( 21.50000000000000000, 0.000000000000000000, -41.74999999999997868 ) ) ;
#759 = EDGE_CURVE ( 'NONE', #1189, #482, #247, .T. ) ;
#760 = ORIENTED_EDGE ( 'NONE', *, *, #789, .F. ) ;
#761 = VERTEX_POINT ( 'NONE', #1419 ) ;
#762 = ORIENTED_EDGE ( 'NONE', *, *, #463, .F. ) ;
#763 = CARTESIAN_POINT ( 'NONE',  ( 0.000000000000000000, 0.000000000000000000, -170.0000000000000000 ) ) ;
#764 = CARTESIAN_POINT ( 'NONE',  ( 0.000000000000000000, 3.000000000000000000, 0.000000000000000000 ) ) ;
#765 = DIRECTION ( 'NONE',  ( 0.000000000000000000, 0.000000000000000000, 1.000000000000000000 ) ) ;
#766 = DIRECTION ( 'NONE',  ( 0.000000000000000000, 1.000000000000000000, 0.000000000000000000 ) ) ;
#767 = ORIENTED_EDGE ( 'NONE', *, *, #563, .T. ) ;
#768 = CARTESIAN_POINT ( 'NONE',  ( 21.50000000000000000, 0.000000000000000000, -41.74999999999997868 ) ) ;
#769 = DIRECTION ( 'NONE',  ( 0.000000000000000000, 1.000000000000000000, 0.000000000000000000 ) ) ;
#770 = CIRCLE ( 'NONE', #1666, 1.500000000000001332 ) ;
#771 = FACE_BOUND ( 'NONE', #228, .T. ) ;
#772 = CIRCLE ( 'NONE', #52, 1.749999999999987566 ) ;
#773 = EDGE_CURVE ( 'NONE', #910, #610, #913, .T. ) ;
#774 = ORIENTED_EDGE ( 'NONE', *, *, #1416, .F. ) ;
#775 = AXIS2_PLACEMENT_3D ( 'NONE', #1620, #93, #598 ) ;
#776 = AXIS2_PLACEMENT_3D ( 'NONE', #1307, #1338, #1449 ) ;
#777 = DIRECTION ( 'NONE',  ( 0.000000000000000000, 0.000000000000000000, 1.000000000000000000 ) ) ;
#778 = ORIENTED_EDGE ( 'NONE', *, *, #13, .F. ) ;
#779 = DIRECTION ( 'NONE',  ( -0.000000000000000000, 1.000000000000000000, -0.000000000000000000 ) ) ;
#780 = DIRECTION ( 'NONE',  ( -0.000000000000000000, 1.000000000000000000, -0.000000000000000000 ) ) ;
#781 = FACE_BOUND ( 'NONE', #896, .T. ) ;
#782 = LINE ( 'NONE', #42, #965 ) ;
#783 = DIRECTION ( 'NONE',  ( 0.000000000000000000, 0.000000000000000000, 1.000000000000000000 ) ) ;
#784 = ORIENTED_EDGE ( 'NONE', *, *, #497, .F. ) ;
#785 = ORIENTED_EDGE ( 'NONE', *, *, #1543, .T. ) ;
#786 = DIRECTION ( 'NONE',  ( -0.000000000000000000, 1.000000000000000000, -0.000000000000000000 ) ) ;
#787 = DIRECTION ( 'NONE',  ( 0.000000000000000000, 1.000000000000000000, 0.000000000000000000 ) ) ;
#788 = DIRECTION ( 'NONE',  ( 0.000000000000000000, 0.000000000000000000, 1.000000000000000000 ) ) ;
#789 = EDGE_CURVE ( 'NONE', #1162, #209, #172, .T. ) ;
#790 = DIRECTION ( 'NONE',  ( 0.000000000000000000, 1.000000000000000000, 0.000000000000000000 ) ) ;
#791 = PRODUCT_CONTEXT ( 'NONE', #318, 'mechanical' ) ;
#792 = VERTEX_POINT ( 'NONE', #148 ) ;
#793 = EDGE_LOOP ( 'NONE', ( #1388, #1147 ) ) ;
#794 = DIRECTION ( 'NONE',  ( 0.000000000000000000, 0.000000000000000000, 1.000000000000000000 ) ) ;
#795 = ORIENTED_EDGE ( 'NONE', *, *, #1391, .T. ) ;
#796 = CARTESIAN_POINT ( 'NONE',  ( 160.0000000000000000, 3.000000000000000000, -160.0000000000000000 ) ) ;
#797 = EDGE_CURVE ( 'NONE', #1648, #629, #1566, .T. ) ;
#798 = DIRECTION ( 'NONE',  ( 0.000000000000000000, 1.000000000000000000, 0.000000000000000000 ) ) ;
#799 = DIRECTION ( 'NONE',  ( -0.000000000000000000, 1.000000000000000000, -0.000000000000000000 ) ) ;
#800 = DIRECTION ( 'NONE',  ( 0.000000000000000000, 1.000000000000000000, 0.000000000000000000 ) ) ;
#801 = VECTOR ( 'NONE', #1071, 1000.000000000000000 ) ;
#802 = ORIENTED_EDGE ( 'NONE', *, *, #87, .T. ) ;
#803 = CIRCLE ( 'NONE', #73, 1.750000000000001554 ) ;
#804 = AXIS2_PLACEMENT_3D ( 'NONE', #487, #1663, #1521 ) ;
#805 = AXIS2_PLACEMENT_3D ( 'NONE', #941, #308, #41 ) ;
#806 = EDGE_LOOP ( 'NONE', ( #195, #1076, #525, #518 ) ) ;
#807 = DIRECTION ( 'NONE',  ( -1.000000000000000000, -0.000000000000000000, -0.000000000000000000 ) ) ;
#808 = VECTOR ( 'NONE', #704, 1000.000000000000000 ) ;
#809 = ORIENTED_EDGE ( 'NONE', *, *, #1340, .F. ) ;
#810 = DIRECTION ( 'NONE',  ( 0.000000000000000000, 0.000000000000000000, -1.000000000000000000 ) ) ;
#811 = CARTESIAN_POINT ( 'NONE',  ( 21.50000000000000711, 0.000000000000000000, -130.0000000000000000 ) ) ;
#812 = CIRCLE ( 'NONE', #1621, 1.750000000000001554 ) ;
#813 = CARTESIAN_POINT ( 'NONE',  ( 114.5000000000000000, 0.000000000000000000, -54.00000000000000711 ) ) ;
#814 = ADVANCED_FACE ( 'NONE', ( #513 ), #16, .F. ) ;
#815 = CARTESIAN_POINT ( 'NONE',  ( 152.0000000000000000, 0.000000000000000000, -55.50000000000000711 ) ) ;
#816 = PRODUCT_DEFINITION_CONTEXT ( 'detailed design', #1155, 'design' ) ;
#817 = LINE ( 'NONE', #1325, #856 ) ;
#818 = ORIENTED_EDGE ( 'NONE', *, *, #1340, .T. ) ;
#819 = EDGE_CURVE ( 'NONE', #875, #876, #1557, .T. ) ;
#820 = ORIENTED_EDGE ( 'NONE', *, *, #1606, .F. ) ;
#821 = CARTESIAN_POINT ( 'NONE',  ( 58.50000000000000000, 0.000000000000000000, -41.74999999999997868 ) ) ;
#822 = CYLINDRICAL_SURFACE ( 'NONE', #917, 1.750000000000010214 ) ;
#823 = DIRECTION ( 'NONE',  ( -0.000000000000000000, 1.000000000000000000, -0.000000000000000000 ) ) ;
#824 = ORIENTED_EDGE ( 'NONE', *, *, #1446, .F. ) ;
#825 = ORIENTED_EDGE ( 'NONE', *, *, #1121, .F. ) ;
#826 = ORIENTED_EDGE ( 'NONE', *, *, #1020, .F. ) ;
#827 = PRESENTATION_STYLE_ASSIGNMENT (( #316 ) ) ;
#828 = CARTESIAN_POINT ( 'NONE',  ( 58.50000000000000711, 3.000000000000000000, -130.0000000000000000 ) ) ;
#829 = CARTESIAN_POINT ( 'NONE',  ( 114.5000000000000000, 0.000000000000000000, -18.00000000000000711 ) ) ;
#830 = DIRECTION ( 'NONE',  ( -0.000000000000000000, 1.000000000000000000, -0.000000000000000000 ) ) ;
#831 = EDGE_LOOP ( 'NONE', ( #1524, #235 ) ) ;
#832 = EDGE_CURVE ( 'NONE', #443, #111, #1306, .T. ) ;
#833 = AXIS2_PLACEMENT_3D ( 'NONE', #1251, #142, #1035 ) ;
#834 = VECTOR ( 'NONE', #1422, 1000.000000000000000 ) ;
#835 = VECTOR ( 'NONE', #467, 1000.000000000000000 ) ;
#836 = CIRCLE ( 'NONE', #1174, 10.00000000000000000 ) ;
#837 = CARTESIAN_POINT ( 'NONE',  ( 160.0000000000000568, 0.000000000000000000, -8.250000000000000000 ) ) ;
#838 = FACE_OUTER_BOUND ( 'NONE', #1243, .T. ) ;
#839 = STYLED_ITEM ( 'NONE', ( #366 ), #472 ) ;
#840 = ORIENTED_EDGE ( 'NONE', *, *, #1245, .F. ) ;
#841 = DIRECTION ( 'NONE',  ( 0.000000000000000000, 0.000000000000000000, 1.000000000000000000 ) ) ;
#842 = CARTESIAN_POINT ( 'NONE',  ( 9.999999999999953815, 3.000000000000000000, -10.00000000000003730 ) ) ;
#843 = DIRECTION ( 'NONE',  ( -0.000000000000000000, 1.000000000000000000, -0.000000000000000000 ) ) ;
#844 = CARTESIAN_POINT ( 'NONE',  ( 71.64396286278520165, 0.000000000000000000, -100.7500000000000142 ) ) ;
#845 = LINE ( 'NONE', #1414, #834 ) ;
#846 = ADVANCED_FACE ( 'NONE', ( #1435 ), #1203, .F. ) ;
#847 = VERTEX_POINT ( 'NONE', #30 ) ;
#848 = ORIENTED_EDGE ( 'NONE', *, *, #759, .F. ) ;
#849 = ORIENTED_EDGE ( 'NONE', *, *, #126, .F. ) ;
#850 = DIRECTION ( 'NONE',  ( 0.000000000000000000, 1.000000000000000000, 0.000000000000000000 ) ) ;
#851 = FACE_OUTER_BOUND ( 'NONE', #1133, .T. ) ;
#852 = FACE_OUTER_BOUND ( 'NONE', #661, .T. ) ;
#853 = ADVANCED_FACE ( 'NONE', ( #651 ), #536, .F. ) ;
#854 = VERTEX_POINT ( 'NONE', #1442 ) ;
#855 = AXIS2_PLACEMENT_3D ( 'NONE', #9, #266, #794 ) ;
#856 = VECTOR ( 'NONE', #1309, 1000.000000000000000 ) ;
#857 = DIRECTION ( 'NONE',  ( 0.000000000000000000, 1.000000000000000000, 0.000000000000000000 ) ) ;
#858 = DIRECTION ( 'NONE',  ( 0.000000000000000000, 0.000000000000000000, 1.000000000000000000 ) ) ;
#859 = CARTESIAN_POINT ( 'NONE',  ( 114.5000000000000000, 0.000000000000000000, -152.0000000000000284 ) ) ;
#860 = AXIS2_PLACEMENT_3D ( 'NONE', #1628, #727, #871 ) ;
#861 = AXIS2_PLACEMENT_3D ( 'NONE', #594, #757, #124 ) ;
#862 = DIRECTION ( 'NONE',  ( 0.000000000000000000, 0.000000000000000000, -1.000000000000000000 ) ) ;
#863 = EDGE_CURVE ( 'NONE', #327, #1425, #292, .T. ) ;
#864 = AXIS2_PLACEMENT_3D ( 'NONE', #231, #736, #94 ) ;
#865 = ORIENTED_EDGE ( 'NONE', *, *, #588, .T. ) ;
#866 = ORIENTED_EDGE ( 'NONE', *, *, #20, .T. ) ;
#867 = EDGE_CURVE ( 'NONE', #1578, #1381, #1068, .T. ) ;
#868 = ORIENTED_EDGE ( 'NONE', *, *, #293, .F. ) ;
#869 = CARTESIAN_POINT ( 'NONE',  ( 9.999999999999953815, 0.000000000000000000, -8.250000000000037303 ) ) ;
#870 = DIRECTION ( 'NONE',  ( 0.000000000000000000, 0.000000000000000000, 1.000000000000000000 ) ) ;
#871 = DIRECTION ( 'NONE',  ( 0.000000000000000000, 0.000000000000000000, 1.000000000000000000 ) ) ;
#872 = CARTESIAN_POINT ( 'NONE',  ( 71.64396286278518744, 3.000000000000000000, -67.50000000000001421 ) ) ;
#873 = DIRECTION ( 'NONE',  ( -0.000000000000000000, 1.000000000000000000, -0.000000000000000000 ) ) ;
#874 = APPLICATION_PROTOCOL_DEFINITION ( 'draft international standard', 'automotive_design', 1998, #318 ) ;
#875 = VERTEX_POINT ( 'NONE', #973 ) ;
#876 = VERTEX_POINT ( 'NONE', #1266 ) ;
#877 = VERTEX_POINT ( 'NONE', #1635 ) ;
#878 = CYLINDRICAL_SURFACE ( 'NONE', #1541, 1.499999999999973577 ) ;
#879 = ORIENTED_EDGE ( 'NONE', *, *, #989, .F. ) ;
#880 = CARTESIAN_POINT ( 'NONE',  ( 160.0000000000000568, 3.000000000000000000, -161.7500000000000000 ) ) ;
#881 = CYLINDRICAL_SURFACE ( 'NONE', #1616, 10.00000000000000000 ) ;
#882 = EDGE_LOOP ( 'NONE', ( #809, #926, #364, #261 ) ) ;
#883 = EDGE_CURVE ( 'NONE', #620, #1571, #71, .T. ) ;
#884 = ORIENTED_EDGE ( 'NONE', *, *, #867, .T. ) ;
#885 = ORIENTED_EDGE ( 'NONE', *, *, #1327, .T. ) ;
#886 = DIRECTION ( 'NONE',  ( -0.000000000000000000, 1.000000000000000000, -0.000000000000000000 ) ) ;
#887 = VERTEX_POINT ( 'NONE', #717 ) ;
#888 = CARTESIAN_POINT ( 'NONE',  ( 9.999999999999953815, 0.000000000000000000, -158.2499999999999716 ) ) ;
#889 = VECTOR ( 'NONE', #937, 1000.000000000000000 ) ;
#890 = CIRCLE ( 'NONE', #452, 10.00000000000000000 ) ;
#891 = CARTESIAN_POINT ( 'NONE',  ( 160.0000000000000000, 3.000000000000000000, 0.000000000000000000 ) ) ;
#892 = VECTOR ( 'NONE', #1332, 1000.000000000000000 ) ;
#893 = CIRCLE ( 'NONE', #132, 1.500000000000001332 ) ;
#894 = EDGE_LOOP ( 'NONE', ( #496, #99, #253, #778 ) ) ;
#895 = VECTOR ( 'NONE', #475, 1000.000000000000000 ) ;
#896 = EDGE_LOOP ( 'NONE', ( #1008, #359 ) ) ;
#897 =( GEOMETRIC_REPRESENTATION_CONTEXT ( 3 ) GLOBAL_UNCERTAINTY_ASSIGNED_CONTEXT ( ( #553 ) ) GLOBAL_UNIT_ASSIGNED_CONTEXT ( ( #991, #1504, #372 ) ) REPRESENTATION_CONTEXT ( 'NONE', 'WORKASPACE' ) );
#898 = VERTEX_POINT ( 'NONE', #844 ) ;
#899 = ORIENTED_EDGE ( 'NONE', *, *, #789, .T. ) ;
#900 = LINE ( 'NONE', #1390, #24 ) ;
#901 = CARTESIAN_POINT ( 'NONE',  ( 160.0000000000000568, 3.000000000000000000, -158.2500000000000000 ) ) ;
#902 = CARTESIAN_POINT ( 'NONE',  ( 114.5000000000000000, 0.000000000000000000, -116.0000000000000284 ) ) ;
#903 = ORIENTED_EDGE ( 'NONE', *, *, #1009, .T. ) ;
#904 = EDGE_LOOP ( 'NONE', ( #1037, #621, #1355, #314 ) ) ;
#905 = ORIENTED_EDGE ( 'NONE', *, *, #270, .F. ) ;
#906 = ORIENTED_EDGE ( 'NONE', *, *, #1494, .F. ) ;
#907 = CYLINDRICAL_SURFACE ( 'NONE', #919, 1.750000000000010214 ) ;
#908 = EDGE_CURVE ( 'NONE', #1525, #678, #189, .T. ) ;
#909 = FACE_BOUND ( 'NONE', #1227, .T. ) ;
#910 = VERTEX_POINT ( 'NONE', #1528 ) ;
#911 = DIRECTION ( 'NONE',  ( 0.000000000000000000, -1.000000000000000000, 0.000000000000000000 ) ) ;
#912 = FACE_BOUND ( 'NONE', #1127, .T. ) ;
#913 = CIRCLE ( 'NONE', #855, 1.750000000000001554 ) ;
#914 = VECTOR ( 'NONE', #1285, 1000.000000000000000 ) ;
#915 = CARTESIAN_POINT ( 'NONE',  ( 0.000000000000000000, 3.000000000000000000, 0.000000000000000000 ) ) ;
#916 = CIRCLE ( 'NONE', #76, 1.749999999999999778 ) ;
#917 = AXIS2_PLACEMENT_3D ( 'NONE', #1234, #462, #714 ) ;
#918 = ORIENTED_EDGE ( 'NONE', *, *, #217, .F. ) ;
#919 = AXIS2_PLACEMENT_3D ( 'NONE', #1384, #485, #3 ) ;
#920 = ORIENTED_EDGE ( 'NONE', *, *, #1515, .T. ) ;
#921 = EDGE_CURVE ( 'NONE', #344, #1318, #97, .T. ) ;
#922 = DIRECTION ( 'NONE',  ( 0.000000000000000000, 1.000000000000000000, 0.000000000000000000 ) ) ;
#923 = LINE ( 'NONE', #1567, #1115 ) ;
#924 = DIRECTION ( 'NONE',  ( 1.000000000000000000, 0.000000000000000000, 0.000000000000000000 ) ) ;
#925 = DIRECTION ( 'NONE',  ( 0.000000000000000000, 0.000000000000000000, 1.000000000000000000 ) ) ;
#926 = ORIENTED_EDGE ( 'NONE', *, *, #260, .F. ) ;
#927 = ADVANCED_FACE ( 'NONE', ( #522 ), #1429, .F. ) ;
#928 = DIRECTION ( 'NONE',  ( 0.000000000000000000, 0.000000000000000000, 1.000000000000000000 ) ) ;
#929 = EDGE_LOOP ( 'NONE', ( #1354, #367 ) ) ;
#930 = DIRECTION ( 'NONE',  ( -0.000000000000000000, 1.000000000000000000, -0.000000000000000000 ) ) ;
#931 = LINE ( 'NONE', #1219, #712 ) ;
#932 = DIRECTION ( 'NONE',  ( 0.000000000000000000, 1.000000000000000000, 0.000000000000000000 ) ) ;
#933 = EDGE_CURVE ( 'NONE', #344, #1459, #1160, .T. ) ;
#934 = CARTESIAN_POINT ( 'NONE',  ( 114.5000000000000000, 3.000000000000000000, -54.00000000000000711 ) ) ;
#935 = ORIENTED_EDGE ( 'NONE', *, *, #1646, .F. ) ;
#936 = VERTEX_POINT ( 'NONE', #1661 ) ;
#937 = DIRECTION ( 'NONE',  ( -0.000000000000000000, 1.000000000000000000, -0.000000000000000000 ) ) ;
#938 = ADVANCED_FACE ( 'NONE', ( #1421 ), #1413, .F. ) ;
#939 = DIRECTION ( 'NONE',  ( 0.000000000000000000, 0.000000000000000000, 1.000000000000000000 ) ) ;
#940 = FILL_AREA_STYLE ('',( #1191 ) ) ;
#941 = CARTESIAN_POINT ( 'NONE',  ( 58.50000000000000711, 0.000000000000000000, -130.0000000000000000 ) ) ;
#942 = FACE_BOUND ( 'NONE', #1310, .T. ) ;
#943 = EDGE_CURVE ( 'NONE', #1525, #205, #123, .T. ) ;
#944 = COLOUR_RGB ( '',1.000000000000000000, 0.5019607843137254832, 0.5019607843137254832 ) ;
#945 = ORIENTED_EDGE ( 'NONE', *, *, #958, .T. ) ;
#946 = AXIS2_PLACEMENT_3D ( 'NONE', #828, #1346, #288 ) ;
#947 = AXIS2_PLACEMENT_3D ( 'NONE', #1048, #1561, #788 ) ;
#948 = ORIENTED_EDGE ( 'NONE', *, *, #234, .F. ) ;
#949 = CYLINDRICAL_SURFACE ( 'NONE', #665, 10.00000000000000888 ) ;
#950 = CARTESIAN_POINT ( 'NONE',  ( 152.0000000000000000, 3.000000000000000000, -19.49999999999997868 ) ) ;
#951 = CARTESIAN_POINT ( 'NONE',  ( 152.0000000000000000, 3.000000000000000000, -116.0000000000000000 ) ) ;
#952 = ORIENTED_EDGE ( 'NONE', *, *, #398, .F. ) ;
#953 = ORIENTED_EDGE ( 'NONE', *, *, #1401, .F. ) ;
#954 = EDGE_LOOP ( 'NONE', ( #724, #636 ) ) ;
#955 = DIRECTION ( 'NONE',  ( 0.000000000000000000, 0.000000000000000000, 1.000000000000000000 ) ) ;
#956 = DIRECTION ( 'NONE',  ( -0.000000000000000000, -1.000000000000000000, 0.000000000000000000 ) ) ;
#957 = DIRECTION ( 'NONE',  ( 0.000000000000000000, 0.000000000000000000, 1.000000000000000000 ) ) ;
#958 = EDGE_CURVE ( 'NONE', #480, #209, #159, .T. ) ;
#959 = ORIENTED_EDGE ( 'NONE', *, *, #1357, .F. ) ;
#960 = ORIENTED_EDGE ( 'NONE', *, *, #759, .T. ) ;
#961 = CARTESIAN_POINT ( 'NONE',  ( 160.0000000000000568, 0.000000000000000000, -160.0000000000000000 ) ) ;
#962 = SURFACE_SIDE_STYLE ('',( #566 ) ) ;
#963 = CYLINDRICAL_SURFACE ( 'NONE', #1482, 1.500000000000001332 ) ;
#964 = ORIENTED_EDGE ( 'NONE', *, *, #20, .F. ) ;
#965 = VECTOR ( 'NONE', #1196, 1000.000000000000000 ) ;
#966 = CIRCLE ( 'NONE', #1349, 1.500000000000001332 ) ;
#967 = EDGE_CURVE ( 'NONE', #1132, #620, #931, .T. ) ;
#968 = DIRECTION ( 'NONE',  ( 0.000000000000000000, 1.000000000000000000, 0.000000000000000000 ) ) ;
#969 = VECTOR ( 'NONE', #378, 1000.000000000000000 ) ;
#970 = DIRECTION ( 'NONE',  ( -0.000000000000000000, 1.000000000000000000, -0.000000000000000000 ) ) ;
#971 = CIRCLE ( 'NONE', #1406, 1.499999999999973577 ) ;
#972 = DIRECTION ( 'NONE',  ( 0.000000000000000000, 0.000000000000000000, 1.000000000000000000 ) ) ;
#973 = CARTESIAN_POINT ( 'NONE',  ( 71.64396286278518744, 0.000000000000000000, -65.75000000000002842 ) ) ;
#974 = DIRECTION ( 'NONE',  ( -0.000000000000000000, 1.000000000000000000, -0.000000000000000000 ) ) ;
#975 = ORIENTED_EDGE ( 'NONE', *, *, #743, .T. ) ;
#976 = EDGE_CURVE ( 'NONE', #1318, #344, #532, .T. ) ;
#977 = CARTESIAN_POINT ( 'NONE',  ( 114.5000000000000000, 0.000000000000000000, -57.00000000000000711 ) ) ;
#978 = DIRECTION ( 'NONE',  ( 0.000000000000000000, 1.000000000000000000, 0.000000000000000000 ) ) ;
#979 = DIRECTION ( 'NONE',  ( 0.000000000000000000, 0.000000000000000000, 1.000000000000000000 ) ) ;
#980 = CARTESIAN_POINT ( 'NONE',  ( 10.00000000000000000, 3.000000000000000000, 0.000000000000000000 ) ) ;
#981 = CARTESIAN_POINT ( 'NONE',  ( 21.50000000000000000, 3.000000000000000000, -39.99999999999997868 ) ) ;
#982 = MANIFOLD_SOLID_BREP ( 'Fillet1', #1586 ) ;
#983 = VERTEX_POINT ( 'NONE', #181 ) ;
#984 = ORIENTED_EDGE ( 'NONE', *, *, #1463, .T. ) ;
#985 = LINE ( 'NONE', #1497, #218 ) ;
#986 = EDGE_CURVE ( 'NONE', #678, #731, #329, .T. ) ;
#987 = CARTESIAN_POINT ( 'NONE',  ( 58.50000000000000711, 0.000000000000000000, -128.2500000000000000 ) ) ;
#988 = CARTESIAN_POINT ( 'NONE',  ( 114.5000000000000000, 0.000000000000000000, -152.0000000000000284 ) ) ;
#989 = EDGE_CURVE ( 'NONE', #232, #610, #162, .T. ) ;
#990 = VERTEX_POINT ( 'NONE', #950 ) ;
#991 =( LENGTH_UNIT ( ) NAMED_UNIT ( * ) SI_UNIT ( .MILLI., .METRE. ) );
#992 = ORIENTED_EDGE ( 'NONE', *, *, #832, .T. ) ;
#993 = AXIS2_PLACEMENT_3D ( 'NONE', #168, #1214, #153 ) ;
#994 = CARTESIAN_POINT ( 'NONE',  ( 160.0000000000000000, 0.000000000000000000, -160.0000000000000000 ) ) ;
#995 = CYLINDRICAL_SURFACE ( 'NONE', #241, 10.00000000000000000 ) ;
#996 = VECTOR ( 'NONE', #1122, 1000.000000000000000 ) ;
#997 = CARTESIAN_POINT ( 'NONE',  ( 71.64396286278520165, 0.000000000000000000, -102.5000000000000284 ) ) ;
#998 = CIRCLE ( 'NONE', #749, 1.750000000000001554 ) ;
#999 = DIRECTION ( 'NONE',  ( 0.000000000000000000, 0.000000000000000000, 1.000000000000000000 ) ) ;
#1000 = ADVANCED_FACE ( 'NONE', ( #46 ), #1098, .F. ) ;
#1001 = ORIENTED_EDGE ( 'NONE', *, *, #1043, .F. ) ;
#1002 =( LENGTH_UNIT ( ) NAMED_UNIT ( * ) SI_UNIT ( .MILLI., .METRE. ) );
#1003 = VERTEX_POINT ( 'NONE', #1594 ) ;
#1004 = CARTESIAN_POINT ( 'NONE',  ( 71.64396286278520165, 0.000000000000000000, -102.5000000000000284 ) ) ;
#1005 = PLANE ( 'NONE',  #580 ) ;
#1006 = CARTESIAN_POINT ( 'NONE',  ( 114.5000000000000000, 3.000000000000000000, -19.50000000000000711 ) ) ;
#1007 = DIRECTION ( 'NONE',  ( -0.000000000000000000, 1.000000000000000000, -0.000000000000000000 ) ) ;
#1008 = ORIENTED_EDGE ( 'NONE', *, *, #346, .F. ) ;
#1009 = EDGE_CURVE ( 'NONE', #170, #399, #425, .T. ) ;
#1010 = CARTESIAN_POINT ( 'NONE',  ( 114.5000000000000000, 0.000000000000000000, -113.0000000000000284 ) ) ;
#1011 = ORIENTED_EDGE ( 'NONE', *, *, #1515, .F. ) ;
#1012 = ORIENTED_EDGE ( 'NONE', *, *, #1121, .T. ) ;
#1013 = DIRECTION ( 'NONE',  ( -0.000000000000000000, 1.000000000000000000, -0.000000000000000000 ) ) ;
#1014 = DIRECTION ( 'NONE',  ( -0.000000000000000000, 1.000000000000000000, -0.000000000000000000 ) ) ;
#1015 = CARTESIAN_POINT ( 'NONE',  ( 152.0000000000000000, 0.000000000000000000, -18.00000000000000711 ) ) ;
#1016 = ORIENTED_EDGE ( 'NONE', *, *, #1043, .T. ) ;
#1017 = ORIENTED_EDGE ( 'NONE', *, *, #165, .T. ) ;
#1018 = DIRECTION ( 'NONE',  ( 0.000000000000000000, 0.000000000000000000, -1.000000000000000000 ) ) ;
#1019 = AXIS2_PLACEMENT_3D ( 'NONE', #445, #296, #59 ) ;
#1020 = EDGE_CURVE ( 'NONE', #1038, #535, #1450, .T. ) ;
#1021 = CARTESIAN_POINT ( 'NONE',  ( 152.0000000000000000, 3.000000000000000000, -16.50000000000003197 ) ) ;
#1022 = VECTOR ( 'NONE', #1173, 1000.000000000000000 ) ;
#1023 = CYLINDRICAL_SURFACE ( 'NONE', #1053, 1.750000000000001554 ) ;
#1024 = CIRCLE ( 'NONE', #663, 1.750000000000001554 ) ;
#1025 = CIRCLE ( 'NONE', #1326, 1.499999999999973577 ) ;
#1026 = FACE_OUTER_BOUND ( 'NONE', #670, .T. ) ;
#1027 = CIRCLE ( 'NONE', #718, 1.750000000000001554 ) ;
#1028 = CIRCLE ( 'NONE', #1372, 10.00000000000000888 ) ;
#1029 = ORIENTED_EDGE ( 'NONE', *, *, #1139, .T. ) ;
#1030 = AXIS2_PLACEMENT_3D ( 'NONE', #1259, #187, #227 ) ;
#1031 = VERTEX_POINT ( 'NONE', #174 ) ;
#1032 = EDGE_LOOP ( 'NONE', ( #1084, #597 ) ) ;
#1033 = ADVANCED_FACE ( 'NONE', ( #674 ), #1078, .F. ) ;
#1034 = CARTESIAN_POINT ( 'NONE',  ( 21.50000000000000711, 3.000000000000000000, -128.2500000000000000 ) ) ;
#1035 = DIRECTION ( 'NONE',  ( 0.000000000000000000, 0.000000000000000000, 1.000000000000000000 ) ) ;
#1036 = FACE_OUTER_BOUND ( 'NONE', #177, .T. ) ;
#1037 = ORIENTED_EDGE ( 'NONE', *, *, #1463, .F. ) ;
#1038 = VERTEX_POINT ( 'NONE', #1485 ) ;
#1039 = CARTESIAN_POINT ( 'NONE',  ( 114.5000000000000000, 0.000000000000000000, -18.00000000000000711 ) ) ;
#1040 = EDGE_CURVE ( 'NONE', #887, #1272, #916, .T. ) ;
#1041 = FACE_BOUND ( 'NONE', #793, .T. ) ;
#1042 = DIRECTION ( 'NONE',  ( 0.000000000000000000, -1.000000000000000000, 0.000000000000000000 ) ) ;
#1043 = EDGE_CURVE ( 'NONE', #898, #232, #803, .T. ) ;
#1044 = ORIENTED_EDGE ( 'NONE', *, *, #921, .F. ) ;
#1045 = ORIENTED_EDGE ( 'NONE', *, *, #1163, .T. ) ;
#1046 = DIRECTION ( 'NONE',  ( 0.000000000000000000, 0.000000000000000000, 1.000000000000000000 ) ) ;
#1047 = LINE ( 'NONE', #1069, #246 ) ;
#1048 = CARTESIAN_POINT ( 'NONE',  ( 114.5000000000000000, 3.000000000000000000, -114.5000000000000284 ) ) ;
#1049 = AXIS2_PLACEMENT_3D ( 'NONE', #613, #494, #647 ) ;
#1050 = AXIS2_PLACEMENT_3D ( 'NONE', #145, #289, #405 ) ;
#1051 = CARTESIAN_POINT ( 'NONE',  ( 114.5000000000000000, 3.000000000000000000, -55.50000000000000711 ) ) ;
#1052 = EDGE_CURVE ( 'NONE', #761, #1003, #68, .T. ) ;
#1053 = AXIS2_PLACEMENT_3D ( 'NONE', #250, #1007, #728 ) ;
#1054 = ORIENTED_EDGE ( 'NONE', *, *, #1522, .F. ) ;
#1055 = VECTOR ( 'NONE', #212, 1000.000000000000000 ) ;
#1056 = AXIS2_PLACEMENT_3D ( 'NONE', #742, #1288, #500 ) ;
#1057 = VECTOR ( 'NONE', #403, 1000.000000000000000 ) ;
#1058 = ORIENTED_EDGE ( 'NONE', *, *, #1020, .T. ) ;
#1059 = AXIS2_PLACEMENT_3D ( 'NONE', #961, #91, #688 ) ;
#1060 = CARTESIAN_POINT ( 'NONE',  ( 58.50000000000000711, 0.000000000000000000, -130.0000000000000000 ) ) ;
#1061 = DIRECTION ( 'NONE',  ( 0.000000000000000000, 0.000000000000000000, 1.000000000000000000 ) ) ;
#1062 = CARTESIAN_POINT ( 'NONE',  ( 152.0000000000000000, 0.000000000000000000, -153.5000000000000000 ) ) ;
#1063 = PLANE ( 'NONE',  #1480 ) ;
#1064 = DIRECTION ( 'NONE',  ( -0.000000000000000000, 1.000000000000000000, -0.000000000000000000 ) ) ;
#1065 = ADVANCED_FACE ( 'NONE', ( #1356 ), #1254, .F. ) ;
#1066 = ORIENTED_EDGE ( 'NONE', *, *, #1313, .T. ) ;
#1067 = EDGE_LOOP ( 'NONE', ( #1074, #210 ) ) ;
#1068 = LINE ( 'NONE', #1574, #889 ) ;
#1069 = CARTESIAN_POINT ( 'NONE',  ( 160.0000000000000000, 3.000000000000000000, -170.0000000000000000 ) ) ;
#1070 = EDGE_CURVE ( 'NONE', #1352, #990, #505, .T. ) ;
#1071 = DIRECTION ( 'NONE',  ( -0.000000000000000000, 1.000000000000000000, -0.000000000000000000 ) ) ;
#1072 = LINE ( 'NONE', #547, #1085 ) ;
#1073 = CARTESIAN_POINT ( 'NONE',  ( 114.5000000000000000, 0.000000000000000000, -150.5000000000000284 ) ) ;
#1074 = ORIENTED_EDGE ( 'NONE', *, *, #260, .T. ) ;
#1075 = VERTEX_POINT ( 'NONE', #869 ) ;
#1076 = ORIENTED_EDGE ( 'NONE', *, *, #989, .T. ) ;
#1077 = DIRECTION ( 'NONE',  ( -0.000000000000000000, 1.000000000000000000, -0.000000000000000000 ) ) ;
#1078 = CYLINDRICAL_SURFACE ( 'NONE', #1402, 1.750000000000001554 ) ;
#1079 = DIRECTION ( 'NONE',  ( -0.000000000000000000, 1.000000000000000000, -0.000000000000000000 ) ) ;
#1080 = FACE_BOUND ( 'NONE', #549, .T. ) ;
#1081 =( GEOMETRIC_REPRESENTATION_CONTEXT ( 3 ) GLOBAL_UNCERTAINTY_ASSIGNED_CONTEXT ( ( #33 ) ) GLOBAL_UNIT_ASSIGNED_CONTEXT ( ( #1211, #1473, #322 ) ) REPRESENTATION_CONTEXT ( 'NONE', 'WORKASPACE' ) );
#1082 = CIRCLE ( 'NONE', #18, 1.500000000000001332 ) ;
#1083 = DIRECTION ( 'NONE',  ( 0.000000000000000000, 0.000000000000000000, 1.000000000000000000 ) ) ;
#1084 = ORIENTED_EDGE ( 'NONE', *, *, #139, .T. ) ;
#1085 = VECTOR ( 'NONE', #924, 1000.000000000000000 ) ;
#1086 = CIRCLE ( 'NONE', #1370, 1.749999999999987566 ) ;
#1087 = AXIS2_PLACEMENT_3D ( 'NONE', #1316, #164, #552 ) ;
#1088 = ORIENTED_EDGE ( 'NONE', *, *, #1180, .T. ) ;
#1089 = DIRECTION ( 'NONE',  ( -0.000000000000000000, 1.000000000000000000, -0.000000000000000000 ) ) ;
#1090 = EDGE_CURVE ( 'NONE', #983, #629, #128, .T. ) ;
#1091 = DIRECTION ( 'NONE',  ( 0.000000000000000000, 1.000000000000000000, 0.000000000000000000 ) ) ;
#1092 = CYLINDRICAL_SURFACE ( 'NONE', #306, 10.00000000000000888 ) ;
#1093 = DIRECTION ( 'NONE',  ( 0.000000000000000000, 0.000000000000000000, 1.000000000000000000 ) ) ;
#1094 = EDGE_LOOP ( 'NONE', ( #300, #1657, #1649, #185 ) ) ;
#1095 = EDGE_LOOP ( 'NONE', ( #1672, #920, #767, #203 ) ) ;
#1096 = ORIENTED_EDGE ( 'NONE', *, *, #251, .F. ) ;
#1097 = DIRECTION ( 'NONE',  ( 0.000000000000000000, -1.000000000000000000, 0.000000000000000000 ) ) ;
#1098 = CYLINDRICAL_SURFACE ( 'NONE', #51, 1.750000000000001554 ) ;
#1099 = CARTESIAN_POINT ( 'NONE',  ( 21.50000000000000000, 0.000000000000000000, -38.24999999999997868 ) ) ;
#1100 = CYLINDRICAL_SURFACE ( 'NONE', #194, 1.500000000000001332 ) ;
#1101 = ORIENTED_EDGE ( 'NONE', *, *, #67, .F. ) ;
#1102 = EDGE_CURVE ( 'NONE', #1434, #577, #273, .T. ) ;
#1103 = EDGE_LOOP ( 'NONE', ( #948, #1096 ) ) ;
#1104 = SURFACE_STYLE_USAGE ( .BOTH. , #739 ) ;
#1105 = CARTESIAN_POINT ( 'NONE',  ( 9.999999999999953815, 3.000000000000000000, -10.00000000000003730 ) ) ;
#1106 = EDGE_CURVE ( 'NONE', #1408, #1342, #1141, .T. ) ;
#1107 = FACE_OUTER_BOUND ( 'NONE', #1458, .T. ) ;
#1108 = DIRECTION ( 'NONE',  ( -0.000000000000000000, 1.000000000000000000, -0.000000000000000000 ) ) ;
#1109 = ORIENTED_EDGE ( 'NONE', *, *, #1401, .T. ) ;
#1110 = EDGE_CURVE ( 'NONE', #876, #875, #1086, .T. ) ;
#1111 = MECHANICAL_DESIGN_GEOMETRIC_PRESENTATION_REPRESENTATION (  '', ( #745 ), #1081 ) ;
#1112 = CARTESIAN_POINT ( 'NONE',  ( 114.5000000000000000, 0.000000000000000000, -153.5000000000000284 ) ) ;
#1113 = CIRCLE ( 'NONE', #481, 1.499999999999973577 ) ;
#1114 = LINE ( 'NONE', #1487, #996 ) ;
#1115 = VECTOR ( 'NONE', #315, 1000.000000000000000 ) ;
#1116 = FACE_OUTER_BOUND ( 'NONE', #711, .T. ) ;
#1117 = ORIENTED_EDGE ( 'NONE', *, *, #1052, .T. ) ;
#1118 = EDGE_CURVE ( 'NONE', #1189, #1547, #408, .T. ) ;
#1119 = ORIENTED_EDGE ( 'NONE', *, *, #943, .T. ) ;
#1120 = DIRECTION ( 'NONE',  ( 0.000000000000000000, 0.000000000000000000, -1.000000000000000000 ) ) ;
#1121 = EDGE_CURVE ( 'NONE', #1459, #438, #1024, .T. ) ;
#1122 = DIRECTION ( 'NONE',  ( -0.000000000000000000, 1.000000000000000000, -0.000000000000000000 ) ) ;
#1123 = EDGE_CURVE ( 'NONE', #695, #877, #1627, .T. ) ;
#1124 = CARTESIAN_POINT ( 'NONE',  ( 0.000000000000000000, 0.000000000000000000, -160.0000000000000000 ) ) ;
#1125 = FACE_OUTER_BOUND ( 'NONE', #619, .T. ) ;
#1126 = VERTEX_POINT ( 'NONE', #977 ) ;
#1127 = EDGE_LOOP ( 'NONE', ( #1389, #703 ) ) ;
#1128 = CARTESIAN_POINT ( 'NONE',  ( 9.999999999999953815, 0.000000000000000000, -159.9999999999999716 ) ) ;
#1129 = FACE_OUTER_BOUND ( 'NONE', #290, .T. ) ;
#1130 = DIRECTION ( 'NONE',  ( 0.000000000000000000, 1.000000000000000000, 0.000000000000000000 ) ) ;
#1131 = ORIENTED_EDGE ( 'NONE', *, *, #529, .T. ) ;
#1132 = VERTEX_POINT ( 'NONE', #1507 ) ;
#1133 = EDGE_LOOP ( 'NONE', ( #1650, #392, #1208, #1045 ) ) ;
#1134 = AXIS2_PLACEMENT_3D ( 'NONE', #700, #201, #1629 ) ;
#1135 = DIRECTION ( 'NONE',  ( 1.000000000000000000, 0.000000000000000000, -0.000000000000000000 ) ) ;
#1136 = CARTESIAN_POINT ( 'NONE',  ( 160.0000000000000000, 3.000000000000000000, -170.0000000000000000 ) ) ;
#1137 = CIRCLE ( 'NONE', #334, 10.00000000000000000 ) ;
#1138 = CARTESIAN_POINT ( 'NONE',  ( 152.0000000000000000, 3.000000000000000000, -113.0000000000000568 ) ) ;
#1139 = EDGE_CURVE ( 'NONE', #327, #1578, #1350, .T. ) ;
#1140 = DIRECTION ( 'NONE',  ( 0.000000000000000000, 1.000000000000000000, 0.000000000000000000 ) ) ;
#1141 = CIRCLE ( 'NONE', #1506, 1.750000000000001554 ) ;
#1142 = AXIS2_PLACEMENT_3D ( 'NONE', #1593, #1461, #939 ) ;
#1143 = EDGE_LOOP ( 'NONE', ( #66, #349 ) ) ;
#1144 = CIRCLE ( 'NONE', #1486, 1.750000000000001554 ) ;
#1145 = DIRECTION ( 'NONE',  ( 0.000000000000000000, 1.000000000000000000, 0.000000000000000000 ) ) ;
#1146 = EDGE_LOOP ( 'NONE', ( #879, #1001, #628, #119 ) ) ;
#1147 = ORIENTED_EDGE ( 'NONE', *, *, #221, .F. ) ;
#1148 = CARTESIAN_POINT ( 'NONE',  ( 152.0000000000000000, 0.000000000000000000, -153.5000000000000000 ) ) ;
#1149 = CARTESIAN_POINT ( 'NONE',  ( 152.0000000000000000, 3.000000000000000000, -114.5000000000000284 ) ) ;
#1150 = DIRECTION ( 'NONE',  ( 0.000000000000000000, -1.000000000000000000, 0.000000000000000000 ) ) ;
#1151 = ORIENTED_EDGE ( 'NONE', *, *, #509, .T. ) ;
#1152 =( NAMED_UNIT ( * ) PLANE_ANGLE_UNIT ( ) SI_UNIT ( $, .RADIAN. ) );
#1153 = EDGE_LOOP ( 'NONE', ( #275, #1581 ) ) ;
#1154 = EDGE_CURVE ( 'NONE', #1003, #1547, #1263, .T. ) ;
#1155 = APPLICATION_CONTEXT ( 'automotive_design' ) ;
#1156 = ORIENTED_EDGE ( 'NONE', *, *, #1110, .T. ) ;
#1157 = ORIENTED_EDGE ( 'NONE', *, *, #517, .T. ) ;
#1158 = DIRECTION ( 'NONE',  ( 0.000000000000000000, 0.000000000000000000, -1.000000000000000000 ) ) ;
#1159 = FACE_OUTER_BOUND ( 'NONE', #1448, .T. ) ;
#1160 = LINE ( 'NONE', #527, #331 ) ;
#1161 = DIRECTION ( 'NONE',  ( 0.000000000000000000, 1.000000000000000000, 0.000000000000000000 ) ) ;
#1162 = VERTEX_POINT ( 'NONE', #345 ) ;
#1163 = EDGE_CURVE ( 'NONE', #437, #510, #166, .T. ) ;
#1164 = ORIENTED_EDGE ( 'NONE', *, *, #458, .F. ) ;
#1165 = ORIENTED_EDGE ( 'NONE', *, *, #681, .F. ) ;
#1166 = CARTESIAN_POINT ( 'NONE',  ( 152.0000000000000000, 0.000000000000000000, -152.0000000000000284 ) ) ;
#1167 = DIRECTION ( 'NONE',  ( 0.000000000000000000, 0.000000000000000000, 1.000000000000000000 ) ) ;
#1168 = AXIS2_PLACEMENT_3D ( 'NONE', #573, #1609, #1135 ) ;
#1169 = CIRCLE ( 'NONE', #506, 1.750000000000001554 ) ;
#1170 = DIRECTION ( 'NONE',  ( 0.000000000000000000, 0.000000000000000000, 1.000000000000000000 ) ) ;
#1171 = CIRCLE ( 'NONE', #860, 1.499999999999973577 ) ;
#1172 = AXIS2_PLACEMENT_3D ( 'NONE', #287, #1299, #1333 ) ;
#1173 = DIRECTION ( 'NONE',  ( -0.000000000000000000, 1.000000000000000000, -0.000000000000000000 ) ) ;
#1174 = AXIS2_PLACEMENT_3D ( 'NONE', #1537, #753, #1498 ) ;
#1175 = ORIENTED_EDGE ( 'NONE', *, *, #1522, .T. ) ;
#1176 = EDGE_CURVE ( 'NONE', #1625, #510, #460, .T. ) ;
#1177 = ORIENTED_EDGE ( 'NONE', *, *, #2, .F. ) ;
#1178 = CYLINDRICAL_SURFACE ( 'NONE', #864, 1.750000000000001554 ) ;
#1179 = FACE_BOUND ( 'NONE', #281, .T. ) ;
#1180 = EDGE_CURVE ( 'NONE', #482, #854, #985, .T. ) ;
#1181 = FACE_BOUND ( 'NONE', #754, .T. ) ;
#1182 = ORIENTED_EDGE ( 'NONE', *, *, #440, .T. ) ;
#1183 = ORIENTED_EDGE ( 'NONE', *, *, #1236, .T. ) ;
#1184 = CYLINDRICAL_SURFACE ( 'NONE', #169, 1.750000000000001554 ) ;
#1185 = DIRECTION ( 'NONE',  ( 0.000000000000000000, 0.000000000000000000, 1.000000000000000000 ) ) ;
#1186 = DIRECTION ( 'NONE',  ( 0.000000000000000000, 0.000000000000000000, -1.000000000000000000 ) ) ;
#1187 = FACE_BOUND ( 'NONE', #459, .T. ) ;
#1188 = ORIENTED_EDGE ( 'NONE', *, *, #1416, .T. ) ;
#1189 = VERTEX_POINT ( 'NONE', #1213 ) ;
#1190 = DIRECTION ( 'NONE',  ( -0.000000000000000000, 1.000000000000000000, -0.000000000000000000 ) ) ;
#1191 = FILL_AREA_STYLE_COLOUR ( '', #944 ) ;
#1192 = FACE_BOUND ( 'NONE', #1505, .T. ) ;
#1193 = EDGE_CURVE ( 'NONE', #1547, #1598, #50, .T. ) ;
#1194 = VECTOR ( 'NONE', #158, 1000.000000000000000 ) ;
#1195 = AXIS2_PLACEMENT_3D ( 'NONE', #341, #1359, #593 ) ;
#1196 = DIRECTION ( 'NONE',  ( -0.000000000000000000, 1.000000000000000000, -0.000000000000000000 ) ) ;
#1197 = VECTOR ( 'NONE', #305, 1000.000000000000000 ) ;
#1198 = CIRCLE ( 'NONE', #1560, 1.500000000000001332 ) ;
#1199 = ORIENTED_EDGE ( 'NONE', *, *, #1636, .T. ) ;
#1200 = VECTOR ( 'NONE', #397, 1000.000000000000000 ) ;
#1201 = VECTOR ( 'NONE', #1013, 1000.000000000000000 ) ;
#1202 = PRODUCT_DEFINITION_FORMATION_WITH_SPECIFIED_SOURCE ( 'ANY', '', #710, .NOT_KNOWN. ) ;
#1203 = CYLINDRICAL_SURFACE ( 'NONE', #1397, 1.750000000000001554 ) ;
#1204 = LINE ( 'NONE', #1428, #134 ) ;
#1205 = CARTESIAN_POINT ( 'NONE',  ( 160.0000000000000568, 3.000000000000000000, -11.75000000000002132 ) ) ;
#1206 = LINE ( 'NONE', #1073, #98 ) ;
#1207 = ORIENTED_EDGE ( 'NONE', *, *, #489, .T. ) ;
#1208 = ORIENTED_EDGE ( 'NONE', *, *, #1242, .T. ) ;
#1209 = ADVANCED_FACE ( 'NONE', ( #310 ), #1324, .F. ) ;
#1210 = CARTESIAN_POINT ( 'NONE',  ( 152.0000000000000000, 3.000000000000000000, -152.0000000000000284 ) ) ;
#1211 =( LENGTH_UNIT ( ) NAMED_UNIT ( * ) SI_UNIT ( .MILLI., .METRE. ) );
#1212 = CARTESIAN_POINT ( 'NONE',  ( 152.0000000000000000, 3.000000000000000000, -56.99999999999997868 ) ) ;
#1213 = CARTESIAN_POINT ( 'NONE',  ( 160.0000000000000000, 0.000000000000000000, -170.0000000000000000 ) ) ;
#1214 = DIRECTION ( 'NONE',  ( 0.000000000000000000, 1.000000000000000000, 0.000000000000000000 ) ) ;
#1215 = ADVANCED_FACE ( 'NONE', ( #1221 ), #1092, .T. ) ;
#1216 = VERTEX_POINT ( 'NONE', #323 ) ;
#1217 = EDGE_CURVE ( 'NONE', #639, #546, #507, .T. ) ;
#1218 = DIRECTION ( 'NONE',  ( 0.000000000000000000, 0.000000000000000000, -1.000000000000000000 ) ) ;
#1219 = CARTESIAN_POINT ( 'NONE',  ( 58.50000000000000000, 0.000000000000000000, -38.24999999999997868 ) ) ;
#1220 = CYLINDRICAL_SURFACE ( 'NONE', #219, 1.499999999999973577 ) ;
#1221 = FACE_OUTER_BOUND ( 'NONE', #1599, .T. ) ;
#1222 = LINE ( 'NONE', #1252, #49 ) ;
#1223 = AXIS2_PLACEMENT_3D ( 'NONE', #601, #1140, #1083 ) ;
#1224 = AXIS2_PLACEMENT_3D ( 'NONE', #1439, #800, #925 ) ;
#1225 = VECTOR ( 'NONE', #682, 1000.000000000000000 ) ;
#1226 = CIRCLE ( 'NONE', #605, 1.749999999999987566 ) ;
#1227 = EDGE_LOOP ( 'NONE', ( #1363, #702 ) ) ;
#1228 = DIRECTION ( 'NONE',  ( 0.000000000000000000, 0.000000000000000000, 1.000000000000000000 ) ) ;
#1229 = DIRECTION ( 'NONE',  ( 0.000000000000000000, 0.000000000000000000, 1.000000000000000000 ) ) ;
#1230 = CARTESIAN_POINT ( 'NONE',  ( 114.5000000000000000, 0.000000000000000000, -18.00000000000000711 ) ) ;
#1231 = EDGE_CURVE ( 'NONE', #232, #898, #1027, .T. ) ;
#1232 = ORIENTED_EDGE ( 'NONE', *, *, #863, .F. ) ;
#1233 = CARTESIAN_POINT ( 'NONE',  ( 21.50000000000000711, 3.000000000000000000, -130.0000000000000000 ) ) ;
#1234 = CARTESIAN_POINT ( 'NONE',  ( 160.0000000000000568, 0.000000000000000000, -10.00000000000001066 ) ) ;
#1235 = DIRECTION ( 'NONE',  ( -0.000000000000000000, 1.000000000000000000, -0.000000000000000000 ) ) ;
#1236 = EDGE_CURVE ( 'NONE', #847, #695, #537, .T. ) ;
#1237 = DIRECTION ( 'NONE',  ( 0.000000000000000000, 0.000000000000000000, 1.000000000000000000 ) ) ;
#1238 = ORIENTED_EDGE ( 'NONE', *, *, #863, .T. ) ;
#1239 = DIRECTION ( 'NONE',  ( -0.000000000000000000, 1.000000000000000000, -0.000000000000000000 ) ) ;
#1240 = DIRECTION ( 'NONE',  ( 0.000000000000000000, 1.000000000000000000, 0.000000000000000000 ) ) ;
#1241 = DIRECTION ( 'NONE',  ( 0.000000000000000000, 1.000000000000000000, 0.000000000000000000 ) ) ;
#1242 = EDGE_CURVE ( 'NONE', #1270, #437, #70, .T. ) ;
#1243 = EDGE_LOOP ( 'NONE', ( #587, #818, #429, #156 ) ) ;
#1244 = VECTOR ( 'NONE', #692, 1000.000000000000000 ) ;
#1245 = EDGE_CURVE ( 'NONE', #1126, #394, #83, .T. ) ;
#1246 = ORIENTED_EDGE ( 'NONE', *, *, #986, .T. ) ;
#1247 = AXIS2_PLACEMENT_3D ( 'NONE', #994, #1353, #1120 ) ;
#1248 = CIRCLE ( 'NONE', #356, 1.750000000000001554 ) ;
#1249 = CIRCLE ( 'NONE', #1670, 1.499999999999973577 ) ;
#1250 = DIRECTION ( 'NONE',  ( -0.000000000000000000, 1.000000000000000000, -0.000000000000000000 ) ) ;
#1251 = CARTESIAN_POINT ( 'NONE',  ( 152.0000000000000000, 0.000000000000000000, -152.0000000000000284 ) ) ;
#1252 = CARTESIAN_POINT ( 'NONE',  ( 58.50000000000000711, 0.000000000000000000, -128.2500000000000000 ) ) ;
#1253 = ORIENTED_EDGE ( 'NONE', *, *, #534, .F. ) ;
#1254 = PLANE ( 'NONE',  #1168 ) ;
#1255 = CARTESIAN_POINT ( 'NONE',  ( 170.0000000000000000, 3.000000000000000000, 0.000000000000000000 ) ) ;
#1256 = CARTESIAN_POINT ( 'NONE',  ( 21.50000000000000711, 0.000000000000000000, -131.7500000000000000 ) ) ;
#1257 = CARTESIAN_POINT ( 'NONE',  ( 21.50000000000000711, 0.000000000000000000, -128.2500000000000000 ) ) ;
#1258 = DIRECTION ( 'NONE',  ( 0.000000000000000000, 0.000000000000000000, 1.000000000000000000 ) ) ;
#1259 = CARTESIAN_POINT ( 'NONE',  ( 21.50000000000000711, 0.000000000000000000, -130.0000000000000000 ) ) ;
#1260 = ORIENTED_EDGE ( 'NONE', *, *, #365, .T. ) ;
#1261 = ADVANCED_FACE ( 'NONE', ( #852 ), #1100, .F. ) ;
#1262 = EDGE_LOOP ( 'NONE', ( #785, #1579 ) ) ;
#1263 = LINE ( 'NONE', #206, #808 ) ;
#1264 = CARTESIAN_POINT ( 'NONE',  ( 71.64396286278520165, 3.000000000000000000, -102.5000000000000284 ) ) ;
#1265 = DIRECTION ( 'NONE',  ( 0.000000000000000000, 0.000000000000000000, -1.000000000000000000 ) ) ;
#1266 = CARTESIAN_POINT ( 'NONE',  ( 71.64396286278518744, 0.000000000000000000, -69.25000000000000000 ) ) ;
#1267 = CARTESIAN_POINT ( 'NONE',  ( 58.50000000000000000, 3.000000000000000000, -39.99999999999997868 ) ) ;
#1268 = CARTESIAN_POINT ( 'NONE',  ( 0.000000000000000000, 3.000000000000000000, 0.000000000000000000 ) ) ;
#1269 = FACE_OUTER_BOUND ( 'NONE', #457, .T. ) ;
#1270 = VERTEX_POINT ( 'NONE', #224 ) ;
#1271 = ORIENTED_EDGE ( 'NONE', *, *, #1118, .T. ) ;
#1272 = VERTEX_POINT ( 'NONE', #200 ) ;
#1273 = CARTESIAN_POINT ( 'NONE',  ( 152.0000000000000000, 3.000000000000000000, -153.5000000000000000 ) ) ;
#1274 = AXIS2_PLACEMENT_3D ( 'NONE', #666, #1322, #411 ) ;
#1275 = DIRECTION ( 'NONE',  ( 0.000000000000000000, 1.000000000000000000, 0.000000000000000000 ) ) ;
#1276 = CYLINDRICAL_SURFACE ( 'NONE', #1590, 1.499999999999973577 ) ;
#1277 = AXIS2_PLACEMENT_3D ( 'NONE', #1039, #501, #1539 ) ;
#1278 = EDGE_CURVE ( 'NONE', #1075, #1368, #1617, .T. ) ;
#1279 = ORIENTED_EDGE ( 'NONE', *, *, #1123, .F. ) ;
#1280 = ORIENTED_EDGE ( 'NONE', *, *, #393, .F. ) ;
#1281 = LINE ( 'NONE', #257, #1200 ) ;
#1282 = CARTESIAN_POINT ( 'NONE',  ( 10.00000000000000000, 3.000000000000000000, -10.00000000000000000 ) ) ;
#1283 = CARTESIAN_POINT ( 'NONE',  ( 160.0000000000000568, 0.000000000000000000, -161.7500000000000000 ) ) ;
#1284 = ADVANCED_FACE ( 'NONE', ( #1116 ), #963, .F. ) ;
#1285 = DIRECTION ( 'NONE',  ( -0.000000000000000000, -0.000000000000000000, 1.000000000000000000 ) ) ;
#1286 = VERTEX_POINT ( 'NONE', #691 ) ;
#1287 = ORIENTED_EDGE ( 'NONE', *, *, #1565, .T. ) ;
#1288 = DIRECTION ( 'NONE',  ( 0.000000000000000000, 1.000000000000000000, 0.000000000000000000 ) ) ;
#1289 = DIRECTION ( 'NONE',  ( 0.000000000000000000, 1.000000000000000000, 0.000000000000000000 ) ) ;
#1290 = DIRECTION ( 'NONE',  ( -0.000000000000000000, 1.000000000000000000, -0.000000000000000000 ) ) ;
#1291 = CARTESIAN_POINT ( 'NONE',  ( 152.0000000000000000, 0.000000000000000000, -16.50000000000003197 ) ) ;
#1292 = ADVANCED_FACE ( 'NONE', ( #353 ), #347, .F. ) ;
#1293 = VERTEX_POINT ( 'NONE', #1124 ) ;
#1294 = EDGE_CURVE ( 'NONE', #678, #1525, #1113, .T. ) ;
#1295 = CARTESIAN_POINT ( 'NONE',  ( 152.0000000000000000, 0.000000000000000000, -54.00000000000003553 ) ) ;
#1296 = AXIS2_PLACEMENT_3D ( 'NONE', #575, #1623, #1093 ) ;
#1297 = FACE_OUTER_BOUND ( 'NONE', #380, .T. ) ;
#1298 = VECTOR ( 'NONE', #370, 1000.000000000000000 ) ;
#1299 = DIRECTION ( 'NONE',  ( 0.000000000000000000, 1.000000000000000000, 0.000000000000000000 ) ) ;
#1300 = CIRCLE ( 'NONE', #456, 1.499999999999973577 ) ;
#1301 = DIRECTION ( 'NONE',  ( 0.000000000000000000, -0.000000000000000000, -1.000000000000000000 ) ) ;
#1302 = CIRCLE ( 'NONE', #1508, 1.499999999999973577 ) ;
#1303 = AXIS2_PLACEMENT_3D ( 'NONE', #1320, #161, #197 ) ;
#1304 = ORIENTED_EDGE ( 'NONE', *, *, #883, .T. ) ;
#1305 = ORIENTED_EDGE ( 'NONE', *, *, #207, .T. ) ;
#1306 = LINE ( 'NONE', #1556, #1194 ) ;
#1307 = CARTESIAN_POINT ( 'NONE',  ( 114.5000000000000000, 3.000000000000000000, -55.50000000000000711 ) ) ;
#1308 = FACE_OUTER_BOUND ( 'NONE', #1546, .T. ) ;
#1309 = DIRECTION ( 'NONE',  ( -0.000000000000000000, 1.000000000000000000, -0.000000000000000000 ) ) ;
#1310 = EDGE_LOOP ( 'NONE', ( #1183, #1188 ) ) ;
#1311 = ORIENTED_EDGE ( 'NONE', *, *, #681, .T. ) ;
#1312 = DIRECTION ( 'NONE',  ( 0.000000000000000000, 0.000000000000000000, 1.000000000000000000 ) ) ;
#1313 = EDGE_CURVE ( 'NONE', #652, #1038, #1171, .T. ) ;
#1314 = ORIENTED_EDGE ( 'NONE', *, *, #389, .F. ) ;
#1315 = CARTESIAN_POINT ( 'NONE',  ( 152.0000000000000000, 0.000000000000000000, -18.00000000000000711 ) ) ;
#1316 = CARTESIAN_POINT ( 'NONE',  ( 9.999999999999953815, 0.000000000000000000, -10.00000000000003730 ) ) ;
#1317 = DIRECTION ( 'NONE',  ( 0.000000000000000000, 0.000000000000000000, 1.000000000000000000 ) ) ;
#1318 = VERTEX_POINT ( 'NONE', #1256 ) ;
#1319 = CARTESIAN_POINT ( 'NONE',  ( 114.5000000000000000, 0.000000000000000000, -113.0000000000000284 ) ) ;
#1320 = CARTESIAN_POINT ( 'NONE',  ( 152.0000000000000000, 3.000000000000000000, -152.0000000000000284 ) ) ;
#1321 = CARTESIAN_POINT ( 'NONE',  ( 152.0000000000000000, 0.000000000000000000, -116.0000000000000000 ) ) ;
#1322 = DIRECTION ( 'NONE',  ( 0.000000000000000000, 1.000000000000000000, 0.000000000000000000 ) ) ;
#1323 = AXIS2_PLACEMENT_3D ( 'NONE', #726, #1526, #1667 ) ;
#1324 = CYLINDRICAL_SURFACE ( 'NONE', #1456, 1.499999999999973577 ) ;
#1325 = CARTESIAN_POINT ( 'NONE',  ( 9.999999999999953815, 0.000000000000000000, -161.7499999999999716 ) ) ;
#1326 = AXIS2_PLACEMENT_3D ( 'NONE', #1015, #1393, #1520 ) ;
#1327 = EDGE_CURVE ( 'NONE', #1381, #1425, #102, .T. ) ;
#1328 = ORIENTED_EDGE ( 'NONE', *, *, #606, .F. ) ;
#1329 = VECTOR ( 'NONE', #843, 1000.000000000000000 ) ;
#1330 = CIRCLE ( 'NONE', #1056, 1.750000000000010214 ) ;
#1331 = CARTESIAN_POINT ( 'NONE',  ( 152.0000000000000000, 0.000000000000000000, -113.0000000000000568 ) ) ;
#1332 = DIRECTION ( 'NONE',  ( 1.000000000000000000, 0.000000000000000000, 0.000000000000000000 ) ) ;
#1333 = DIRECTION ( 'NONE',  ( 0.000000000000000000, 0.000000000000000000, 1.000000000000000000 ) ) ;
#1334 = FACE_BOUND ( 'NONE', #1367, .T. ) ;
#1335 = ADVANCED_FACE ( 'NONE', ( #464 ), #468, .F. ) ;
#1336 = ORIENTED_EDGE ( 'NONE', *, *, #563, .F. ) ;
#1337 = EDGE_LOOP ( 'NONE', ( #960, #1088, #1362, #1417 ) ) ;
#1338 = DIRECTION ( 'NONE',  ( 0.000000000000000000, 1.000000000000000000, 0.000000000000000000 ) ) ;
#1339 = CARTESIAN_POINT ( 'NONE',  ( 114.5000000000000000, 3.000000000000000000, -152.0000000000000284 ) ) ;
#1340 = EDGE_CURVE ( 'NONE', #1286, #1470, #1603, .T. ) ;
#1341 = VERTEX_POINT ( 'NONE', #592 ) ;
#1342 = VERTEX_POINT ( 'NONE', #446 ) ;
#1343 = DIRECTION ( 'NONE',  ( 0.000000000000000000, 0.000000000000000000, 1.000000000000000000 ) ) ;
#1344 = ADVANCED_FACE ( 'NONE', ( #1107 ), #1475, .F. ) ;
#1345 = DIRECTION ( 'NONE',  ( -0.000000000000000000, 1.000000000000000000, -0.000000000000000000 ) ) ;
#1346 = DIRECTION ( 'NONE',  ( 0.000000000000000000, 1.000000000000000000, 0.000000000000000000 ) ) ;
#1347 = AXIS2_PLACEMENT_3D ( 'NONE', #230, #1410, #599 ) ;
#1348 = ORIENTED_EDGE ( 'NONE', *, *, #645, .T. ) ;
#1349 = AXIS2_PLACEMENT_3D ( 'NONE', #1339, #1240, #561 ) ;
#1350 = CIRCLE ( 'NONE', #309, 1.750000000000001554 ) ;
#1351 = EDGE_CURVE ( 'NONE', #1293, #1341, #705, .T. ) ;
#1352 = VERTEX_POINT ( 'NONE', #1021 ) ;
#1353 = DIRECTION ( 'NONE',  ( 0.000000000000000000, -1.000000000000000000, 0.000000000000000000 ) ) ;
#1354 = ORIENTED_EDGE ( 'NONE', *, *, #773, .F. ) ;
#1355 = ORIENTED_EDGE ( 'NONE', *, *, #217, .T. ) ;
#1356 = FACE_OUTER_BOUND ( 'NONE', #1337, .T. ) ;
#1357 = EDGE_CURVE ( 'NONE', #438, #1459, #998, .T. ) ;
#1358 = CARTESIAN_POINT ( 'NONE',  ( 0.000000000000000000, 0.000000000000000000, 0.000000000000000000 ) ) ;
#1359 = DIRECTION ( 'NONE',  ( -0.000000000000000000, 1.000000000000000000, -0.000000000000000000 ) ) ;
#1360 = ADVANCED_FACE ( 'NONE', ( #122 ), #755, .F. ) ;
#1361 = VERTEX_POINT ( 'NONE', #633 ) ;
#1362 = ORIENTED_EDGE ( 'NONE', *, *, #529, .F. ) ;
#1363 = ORIENTED_EDGE ( 'NONE', *, *, #534, .T. ) ;
#1364 = DIRECTION ( 'NONE',  ( 0.000000000000000000, 1.000000000000000000, 0.000000000000000000 ) ) ;
#1365 = DIRECTION ( 'NONE',  ( 0.000000000000000000, 1.000000000000000000, 0.000000000000000000 ) ) ;
#1366 = DIRECTION ( 'NONE',  ( 0.000000000000000000, 0.000000000000000000, 1.000000000000000000 ) ) ;
#1367 = EDGE_LOOP ( 'NONE', ( #368, #1496 ) ) ;
#1368 = VERTEX_POINT ( 'NONE', #600 ) ;
#1369 = AXIS2_PLACEMENT_3D ( 'NONE', #915, #1432, #280 ) ;
#1370 = AXIS2_PLACEMENT_3D ( 'NONE', #578, #473, #1642 ) ;
#1371 = DIRECTION ( 'NONE',  ( 0.000000000000000000, 0.000000000000000000, 1.000000000000000000 ) ) ;
#1372 = AXIS2_PLACEMENT_3D ( 'NONE', #796, #1089, #810 ) ;
#1373 = CIRCLE ( 'NONE', #277, 1.500000000000001332 ) ;
#1374 = CYLINDRICAL_SURFACE ( 'NONE', #451, 1.750000000000001554 ) ;
#1375 = ADVANCED_FACE ( 'NONE', ( #1159 ), #907, .F. ) ;
#1376 = DIRECTION ( 'NONE',  ( 0.000000000000000000, 0.000000000000000000, 1.000000000000000000 ) ) ;
#1377 = DIRECTION ( 'NONE',  ( 0.000000000000000000, 0.000000000000000000, 1.000000000000000000 ) ) ;
#1378 = ORIENTED_EDGE ( 'NONE', *, *, #1102, .T. ) ;
#1379 = EDGE_CURVE ( 'NONE', #170, #28, #1652, .T. ) ;
#1380 = DIRECTION ( 'NONE',  ( 0.000000000000000000, 1.000000000000000000, 0.000000000000000000 ) ) ;
#1381 = VERTEX_POINT ( 'NONE', #901 ) ;
#1382 = DIRECTION ( 'NONE',  ( 0.000000000000000000, 0.000000000000000000, 1.000000000000000000 ) ) ;
#1383 = DIRECTION ( 'NONE',  ( -0.000000000000000000, 1.000000000000000000, -0.000000000000000000 ) ) ;
#1384 = CARTESIAN_POINT ( 'NONE',  ( 160.0000000000000568, 0.000000000000000000, -10.00000000000001066 ) ) ;
#1385 = DIRECTION ( 'NONE',  ( 0.000000000000000000, 0.000000000000000000, 1.000000000000000000 ) ) ;
#1386 = VERTEX_POINT ( 'NONE', #1138 ) ;
#1387 = FACE_OUTER_BOUND ( 'NONE', #511, .T. ) ;
#1388 = ORIENTED_EDGE ( 'NONE', *, *, #616, .F. ) ;
#1389 = ORIENTED_EDGE ( 'NONE', *, *, #588, .F. ) ;
#1390 = CARTESIAN_POINT ( 'NONE',  ( 114.5000000000000000, 0.000000000000000000, -16.50000000000000355 ) ) ;
#1391 = EDGE_CURVE ( 'NONE', #875, #350, #1281, .T. ) ;
#1392 = LINE ( 'NONE', #249, #1057 ) ;
#1393 = DIRECTION ( 'NONE',  ( 0.000000000000000000, 1.000000000000000000, 0.000000000000000000 ) ) ;
#1394 = ORIENTED_EDGE ( 'NONE', *, *, #509, .F. ) ;
#1395 = EDGE_LOOP ( 'NONE', ( #952, #1336 ) ) ;
#1396 = ORIENTED_EDGE ( 'NONE', *, *, #797, .T. ) ;
#1397 = AXIS2_PLACEMENT_3D ( 'NONE', #284, #786, #1312 ) ;
#1398 = AXIS2_PLACEMENT_3D ( 'NONE', #298, #1562, #524 ) ;
#1399 = EDGE_LOOP ( 'NONE', ( #1182, #1029 ) ) ;
#1400 = DIRECTION ( 'NONE',  ( 0.000000000000000000, 0.000000000000000000, 1.000000000000000000 ) ) ;
#1401 = EDGE_CURVE ( 'NONE', #535, #1386, #1300, .T. ) ;
#1402 = AXIS2_PLACEMENT_3D ( 'NONE', #1583, #1239, #351 ) ;
#1403 = AXIS2_PLACEMENT_3D ( 'NONE', #63, #1595, #439 ) ;
#1404 = CARTESIAN_POINT ( 'NONE',  ( 58.50000000000000711, 0.000000000000000000, -131.7500000000000000 ) ) ;
#1405 = DIRECTION ( 'NONE',  ( 0.000000000000000000, 0.000000000000000000, -1.000000000000000000 ) ) ;
#1406 = AXIS2_PLACEMENT_3D ( 'NONE', #1210, #646, #673 ) ;
#1407 = ORIENTED_EDGE ( 'NONE', *, *, #1327, .F. ) ;
#1408 = VERTEX_POINT ( 'NONE', #888 ) ;
#1409 = ORIENTED_EDGE ( 'NONE', *, *, #1580, .T. ) ;
#1410 = DIRECTION ( 'NONE',  ( -0.000000000000000000, 1.000000000000000000, -0.000000000000000000 ) ) ;
#1411 = DIRECTION ( 'NONE',  ( -1.000000000000000000, 0.000000000000000000, -0.000000000000000000 ) ) ;
#1412 = EDGE_CURVE ( 'NONE', #990, #1352, #1249, .T. ) ;
#1413 = CYLINDRICAL_SURFACE ( 'NONE', #430, 1.499999999999973577 ) ;
#1414 = CARTESIAN_POINT ( 'NONE',  ( 21.50000000000000711, 0.000000000000000000, -131.7500000000000000 ) ) ;
#1415 = VERTEX_POINT ( 'NONE', #1404 ) ;
#1416 = EDGE_CURVE ( 'NONE', #695, #847, #512, .T. ) ;
#1417 = ORIENTED_EDGE ( 'NONE', *, *, #1512, .T. ) ;
#1418 = VERTEX_POINT ( 'NONE', #114 ) ;
#1419 = CARTESIAN_POINT ( 'NONE',  ( 170.0000000000000000, 3.000000000000000000, -10.00000000000000000 ) ) ;
#1420 = DIRECTION ( 'NONE',  ( 0.000000000000000000, 1.000000000000000000, 0.000000000000000000 ) ) ;
#1421 = FACE_OUTER_BOUND ( 'NONE', #147, .T. ) ;
#1422 = DIRECTION ( 'NONE',  ( -0.000000000000000000, 1.000000000000000000, -0.000000000000000000 ) ) ;
#1423 = DIRECTION ( 'NONE',  ( 0.000000000000000000, 0.000000000000000000, 1.000000000000000000 ) ) ;
#1424 = ORIENTED_EDGE ( 'NONE', *, *, #832, .F. ) ;
#1425 = VERTEX_POINT ( 'NONE', #880 ) ;
#1426 = CARTESIAN_POINT ( 'NONE',  ( 71.64396286278518744, 0.000000000000000000, -67.50000000000001421 ) ) ;
#1427 = CIRCLE ( 'NONE', #190, 1.500000000000001332 ) ;
#1428 = CARTESIAN_POINT ( 'NONE',  ( 71.64396286278518744, 0.000000000000000000, -69.25000000000000000 ) ) ;
#1429 = CYLINDRICAL_SURFACE ( 'NONE', #1049, 1.500000000000001332 ) ;
#1430 = CIRCLE ( 'NONE', #21, 1.750000000000001554 ) ;
#1431 = FACE_BOUND ( 'NONE', #1530, .T. ) ;
#1432 = DIRECTION ( 'NONE',  ( 1.000000000000000000, -0.000000000000000000, 0.000000000000000000 ) ) ;
#1433 = ADVANCED_FACE ( 'NONE', ( #390 ), #1548, .F. ) ;
#1434 = VERTEX_POINT ( 'NONE', #768 ) ;
#1435 = FACE_OUTER_BOUND ( 'NONE', #1146, .T. ) ;
#1436 = EDGE_LOOP ( 'NONE', ( #964, #29, #36, #109 ) ) ;
#1437 = FACE_BOUND ( 'NONE', #371, .T. ) ;
#1438 = DIRECTION ( 'NONE',  ( 0.000000000000000000, 0.000000000000000000, 1.000000000000000000 ) ) ;
#1439 = CARTESIAN_POINT ( 'NONE',  ( 9.999999999999953815, 0.000000000000000000, -10.00000000000003730 ) ) ;
#1440 = ORIENTED_EDGE ( 'NONE', *, *, #1553, .T. ) ;
#1441 = ORIENTED_EDGE ( 'NONE', *, *, #1180, .F. ) ;
#1442 = CARTESIAN_POINT ( 'NONE',  ( 10.00000000000000000, 3.000000000000000000, -170.0000000000000000 ) ) ;
#1443 = DIRECTION ( 'NONE',  ( 0.000000000000000000, 0.000000000000000000, 1.000000000000000000 ) ) ;
#1444 = DIRECTION ( 'NONE',  ( 0.000000000000000000, 1.000000000000000000, 0.000000000000000000 ) ) ;
#1445 = CARTESIAN_POINT ( 'NONE',  ( 160.0000000000000000, 3.000000000000000000, 0.000000000000000000 ) ) ;
#1446 = EDGE_CURVE ( 'NONE', #1216, #1293, #1392, .T. ) ;
#1447 = DIRECTION ( 'NONE',  ( -0.000000000000000000, 1.000000000000000000, -0.000000000000000000 ) ) ;
#1448 = EDGE_LOOP ( 'NONE', ( #583, #302, #741, #373 ) ) ;
#1449 = DIRECTION ( 'NONE',  ( 0.000000000000000000, 0.000000000000000000, 1.000000000000000000 ) ) ;
#1450 = LINE ( 'NONE', #1321, #1197 ) ;
#1451 = EDGE_CURVE ( 'NONE', #1286, #1483, #539, .T. ) ;
#1452 = DIRECTION ( 'NONE',  ( 0.000000000000000000, 0.000000000000000000, 1.000000000000000000 ) ) ;
#1453 = AXIS2_PLACEMENT_3D ( 'NONE', #697, #713, #86 ) ;
#1454 = CIRCLE ( 'NONE', #1050, 1.499999999999973577 ) ;
#1455 = FACE_BOUND ( 'NONE', #954, .T. ) ;
#1456 = AXIS2_PLACEMENT_3D ( 'NONE', #815, #683, #1438 ) ;
#1457 = CIRCLE ( 'NONE', #1274, 1.499999999999973577 ) ;
#1458 = EDGE_LOOP ( 'NONE', ( #849, #1466, #402, #1304 ) ) ;
#1459 = VERTEX_POINT ( 'NONE', #1034 ) ;
#1460 = CIRCLE ( 'NONE', #751, 10.00000000000000888 ) ;
#1461 = DIRECTION ( 'NONE',  ( -0.000000000000000000, 1.000000000000000000, -0.000000000000000000 ) ) ;
#1462 = DIRECTION ( 'NONE',  ( 0.000000000000000000, 0.000000000000000000, 1.000000000000000000 ) ) ;
#1463 = EDGE_CURVE ( 'NONE', #1342, #1408, #410, .T. ) ;
#1464 = ORIENTED_EDGE ( 'NONE', *, *, #1009, .F. ) ;
#1465 = ADVANCED_FACE ( 'NONE', ( #1297 ), #1178, .F. ) ;
#1466 = ORIENTED_EDGE ( 'NONE', *, *, #139, .F. ) ;
#1467 = ORIENTED_EDGE ( 'NONE', *, *, #1040, .T. ) ;
#1468 = DIRECTION ( 'NONE',  ( 0.000000000000000000, 0.000000000000000000, -1.000000000000000000 ) ) ;
#1469 = CARTESIAN_POINT ( 'NONE',  ( 58.50000000000000711, 0.000000000000000000, -131.7500000000000000 ) ) ;
#1470 = VERTEX_POINT ( 'NONE', #1006 ) ;
#1471 = EDGE_LOOP ( 'NONE', ( #555, #1654, #179, #1592 ) ) ;
#1472 = ORIENTED_EDGE ( 'NONE', *, *, #1217, .F. ) ;
#1473 =( NAMED_UNIT ( * ) PLANE_ANGLE_UNIT ( ) SI_UNIT ( $, .RADIAN. ) );
#1474 = CARTESIAN_POINT ( 'NONE',  ( 71.64396286278518744, 3.000000000000000000, -67.50000000000001421 ) ) ;
#1475 = CYLINDRICAL_SURFACE ( 'NONE', #582, 1.750000000000001554 ) ;
#1476 = FACE_OUTER_BOUND ( 'NONE', #57, .T. ) ;
#1477 = AXIS2_PLACEMENT_3D ( 'NONE', #811, #1444, #654 ) ;
#1478 = VECTOR ( 'NONE', #830, 1000.000000000000000 ) ;
#1479 = ORIENTED_EDGE ( 'NONE', *, *, #1139, .F. ) ;
#1480 = AXIS2_PLACEMENT_3D ( 'NONE', #421, #69, #213 ) ;
#1481 = EDGE_CURVE ( 'NONE', #299, #480, #237, .T. ) ;
#1482 = AXIS2_PLACEMENT_3D ( 'NONE', #191, #1250, #586 ) ;
#1483 = VERTEX_POINT ( 'NONE', #1527 ) ;
#1484 = VECTOR ( 'NONE', #779, 1000.000000000000000 ) ;
#1485 = CARTESIAN_POINT ( 'NONE',  ( 152.0000000000000000, 0.000000000000000000, -116.0000000000000000 ) ) ;
#1486 = AXIS2_PLACEMENT_3D ( 'NONE', #110, #1145, #358 ) ;
#1487 = CARTESIAN_POINT ( 'NONE',  ( 152.0000000000000000, 0.000000000000000000, -19.49999999999997868 ) ) ;
#1488 = DIRECTION ( 'NONE',  ( 0.000000000000000000, 1.000000000000000000, 0.000000000000000000 ) ) ;
#1489 = ORIENTED_EDGE ( 'NONE', *, *, #1357, .T. ) ;
#1490 = ORIENTED_EDGE ( 'NONE', *, *, #943, .F. ) ;
#1491 = CARTESIAN_POINT ( 'NONE',  ( 160.0000000000000568, 0.000000000000000000, -11.75000000000002132 ) ) ;
#1492 = DIRECTION ( 'NONE',  ( 0.000000000000000000, 0.000000000000000000, 1.000000000000000000 ) ) ;
#1493 = DIRECTION ( 'NONE',  ( 0.000000000000000000, 1.000000000000000000, 0.000000000000000000 ) ) ;
#1494 = EDGE_CURVE ( 'NONE', #1598, #694, #1028, .T. ) ;
#1495 = ORIENTED_EDGE ( 'NONE', *, *, #1231, .T. ) ;
#1496 = ORIENTED_EDGE ( 'NONE', *, *, #450, .T. ) ;
#1497 = CARTESIAN_POINT ( 'NONE',  ( 10.00000000000000000, 3.000000000000000000, -170.0000000000000000 ) ) ;
#1498 = DIRECTION ( 'NONE',  ( 0.000000000000000000, 0.000000000000000000, -1.000000000000000000 ) ) ;
#1499 = CARTESIAN_POINT ( 'NONE',  ( 114.5000000000000000, 0.000000000000000000, -19.50000000000000711 ) ) ;
#1500 = ADVANCED_FACE ( 'NONE', ( #419 ), #1582, .F. ) ;
#1501 = CARTESIAN_POINT ( 'NONE',  ( 0.000000000000000000, 3.000000000000000000, -10.00000000000000000 ) ) ;
#1502 = ORIENTED_EDGE ( 'NONE', *, *, #627, .F. ) ;
#1503 = CIRCLE ( 'NONE', #1134, 1.750000000000001554 ) ;
#1504 =( NAMED_UNIT ( * ) PLANE_ANGLE_UNIT ( ) SI_UNIT ( $, .RADIAN. ) );
#1505 = EDGE_LOOP ( 'NONE', ( #825, #959 ) ) ;
#1506 = AXIS2_PLACEMENT_3D ( 'NONE', #1128, #198, #590 ) ;
#1507 = CARTESIAN_POINT ( 'NONE',  ( 58.50000000000000000, 0.000000000000000000, -38.24999999999997868 ) ) ;
#1508 = AXIS2_PLACEMENT_3D ( 'NONE', #1315, #173, #680 ) ;
#1509 = FACE_OUTER_BOUND ( 'NONE', #595, .T. ) ;
#1510 = DIRECTION ( 'NONE',  ( 0.000000000000000000, 0.000000000000000000, 1.000000000000000000 ) ) ;
#1511 = DIRECTION ( 'NONE',  ( 0.000000000000000000, 1.000000000000000000, 0.000000000000000000 ) ) ;
#1512 = EDGE_CURVE ( 'NONE', #694, #1189, #1047, .T. ) ;
#1513 = ORIENTED_EDGE ( 'NONE', *, *, #415, .F. ) ;
#1514 = ORIENTED_EDGE ( 'NONE', *, *, #1154, .T. ) ;
#1515 = EDGE_CURVE ( 'NONE', #876, #1591, #1204, .T. ) ;
#1516 = ORIENTED_EDGE ( 'NONE', *, *, #1278, .F. ) ;
#1517 = DIRECTION ( 'NONE',  ( 0.000000000000000000, 1.000000000000000000, 0.000000000000000000 ) ) ;
#1518 = FACE_OUTER_BOUND ( 'NONE', #609, .T. ) ;
#1519 = DIRECTION ( 'NONE',  ( 0.000000000000000000, 1.000000000000000000, 0.000000000000000000 ) ) ;
#1520 = DIRECTION ( 'NONE',  ( 0.000000000000000000, 0.000000000000000000, 1.000000000000000000 ) ) ;
#1521 = DIRECTION ( 'NONE',  ( 0.000000000000000000, 0.000000000000000000, 1.000000000000000000 ) ) ;
#1522 = EDGE_CURVE ( 'NONE', #111, #394, #387, .T. ) ;
#1523 = ORIENTED_EDGE ( 'NONE', *, *, #1154, .F. ) ;
#1524 = ORIENTED_EDGE ( 'NONE', *, *, #1565, .F. ) ;
#1525 = VERTEX_POINT ( 'NONE', #278 ) ;
#1526 = DIRECTION ( 'NONE',  ( 0.000000000000000000, 1.000000000000000000, 0.000000000000000000 ) ) ;
#1527 = CARTESIAN_POINT ( 'NONE',  ( 114.5000000000000000, 0.000000000000000000, -16.50000000000000355 ) ) ;
#1528 = CARTESIAN_POINT ( 'NONE',  ( 71.64396286278520165, 3.000000000000000000, -100.7500000000000142 ) ) ;
#1529 = CARTESIAN_POINT ( 'NONE',  ( 152.0000000000000000, 3.000000000000000000, -55.50000000000000711 ) ) ;
#1530 = EDGE_LOOP ( 'NONE', ( #1407, #254 ) ) ;
#1531 = VERTEX_POINT ( 'NONE', #19 ) ;
#1532 = AXIS2_PLACEMENT_3D ( 'NONE', #624, #4, #286 ) ;
#1533 = EDGE_CURVE ( 'NONE', #652, #1386, #304, .T. ) ;
#1534 = ORIENTED_EDGE ( 'NONE', *, *, #1217, .T. ) ;
#1535 = AXIS2_PLACEMENT_3D ( 'NONE', #1426, #424, #777 ) ;
#1536 = ORIENTED_EDGE ( 'NONE', *, *, #867, .F. ) ;
#1537 = CARTESIAN_POINT ( 'NONE',  ( 160.0000000000000000, 3.000000000000000000, -10.00000000000000000 ) ) ;
#1538 = CIRCLE ( 'NONE', #129, 1.500000000000001332 ) ;
#1539 = DIRECTION ( 'NONE',  ( 0.000000000000000000, 0.000000000000000000, 1.000000000000000000 ) ) ;
#1540 = AXIS2_PLACEMENT_3D ( 'NONE', #362, #716, #1229 ) ;
#1541 = AXIS2_PLACEMENT_3D ( 'NONE', #1166, #886, #870 ) ;
#1542 = CARTESIAN_POINT ( 'NONE',  ( 160.0000000000000568, 3.000000000000000000, -8.250000000000000000 ) ) ;
#1543 = EDGE_CURVE ( 'NONE', #417, #37, #1302, .T. ) ;
#1544 = CYLINDRICAL_SURFACE ( 'NONE', #1398, 1.499999999999973577 ) ;
#1545 = ORIENTED_EDGE ( 'NONE', *, *, #221, .T. ) ;
#1546 = EDGE_LOOP ( 'NONE', ( #155, #520, #1467, #820 ) ) ;
#1547 = VERTEX_POINT ( 'NONE', #141 ) ;
#1548 = CYLINDRICAL_SURFACE ( 'NONE', #79, 1.499999999999973577 ) ;
#1549 = DIRECTION ( 'NONE',  ( 0.000000000000000000, 1.000000000000000000, 0.000000000000000000 ) ) ;
#1550 = LINE ( 'NONE', #1268, #914 ) ;
#1551 = CARTESIAN_POINT ( 'NONE',  ( 21.50000000000000711, 3.000000000000000000, -130.0000000000000000 ) ) ;
#1552 = FACE_BOUND ( 'NONE', #1607, .T. ) ;
#1553 = EDGE_CURVE ( 'NONE', #1341, #226, #538, .T. ) ;
#1554 = FACE_OUTER_BOUND ( 'NONE', #313, .T. ) ;
#1555 = ORIENTED_EDGE ( 'NONE', *, *, #933, .F. ) ;
#1556 = CARTESIAN_POINT ( 'NONE',  ( 114.5000000000000000, 0.000000000000000000, -54.00000000000000711 ) ) ;
#1557 = CIRCLE ( 'NONE', #48, 1.749999999999987566 ) ;
#1558 = AXIS2_PLACEMENT_3D ( 'NONE', #442, #1493, #706 ) ;
#1559 = DIRECTION ( 'NONE',  ( 0.000000000000000000, -1.000000000000000000, 0.000000000000000000 ) ) ;
#1560 = AXIS2_PLACEMENT_3D ( 'NONE', #32, #769, #297 ) ;
#1561 = DIRECTION ( 'NONE',  ( 0.000000000000000000, 1.000000000000000000, 0.000000000000000000 ) ) ;
#1562 = DIRECTION ( 'NONE',  ( -0.000000000000000000, 1.000000000000000000, -0.000000000000000000 ) ) ;
#1563 = VECTOR ( 'NONE', #930, 1000.000000000000000 ) ;
#1564 = ORIENTED_EDGE ( 'NONE', *, *, #1163, .F. ) ;
#1565 = EDGE_CURVE ( 'NONE', #205, #731, #971, .T. ) ;
#1566 = LINE ( 'NONE', #1319, #503 ) ;
#1567 = CARTESIAN_POINT ( 'NONE',  ( 9.999999999999953815, 0.000000000000000000, -8.250000000000037303 ) ) ;
#1568 = DIRECTION ( 'NONE',  ( -0.000000000000000000, 1.000000000000000000, -0.000000000000000000 ) ) ;
#1569 = FACE_BOUND ( 'NONE', #125, .T. ) ;
#1570 = CARTESIAN_POINT ( 'NONE',  ( 152.0000000000000000, 0.000000000000000000, -55.50000000000000711 ) ) ;
#1571 = VERTEX_POINT ( 'NONE', #38 ) ;
#1572 = ADVANCED_FACE ( 'NONE', ( #150 ), #1184, .F. ) ;
#1573 = EDGE_LOOP ( 'NONE', ( #127, #1058, #1109, #140 ) ) ;
#1574 = CARTESIAN_POINT ( 'NONE',  ( 160.0000000000000568, 0.000000000000000000, -158.2500000000000000 ) ) ;
#1575 = CARTESIAN_POINT ( 'NONE',  ( 9.999999999999953815, 0.000000000000000000, -158.2499999999999716 ) ) ;
#1576 = LINE ( 'NONE', #435, #719 ) ;
#1577 = FACE_BOUND ( 'NONE', #255, .T. ) ;
#1578 = VERTEX_POINT ( 'NONE', #10 ) ;
#1579 = ORIENTED_EDGE ( 'NONE', *, *, #343, .T. ) ;
#1580 = EDGE_CURVE ( 'NONE', #1408, #1418, #45, .T. ) ;
#1581 = ORIENTED_EDGE ( 'NONE', *, *, #389, .T. ) ;
#1582 = CYLINDRICAL_SURFACE ( 'NONE', #1142, 1.750000000000001554 ) ;
#1583 = CARTESIAN_POINT ( 'NONE',  ( 58.50000000000000711, 0.000000000000000000, -130.0000000000000000 ) ) ;
#1584 = CARTESIAN_POINT ( 'NONE',  ( 10.00000000000000000, 0.000000000000000000, -10.00000000000000000 ) ) ;
#1585 = AXIS2_PLACEMENT_3D ( 'NONE', #1570, #642, #25 ) ;
#1586 = CLOSED_SHELL ( 'NONE', ( #476, #1375, #1658, #1572, #39, #1284, #184, #328, #814, #756, #1335, #1033, #85, #558, #550, #1000, #722, #658, #151, #1360, #735, #1065, #544, #144, #1433, #1655, #846, #938, #35, #1261, #853, #1344, #1500, #276, #1292, #282, #927, #1209, #1465, #337, #615, #202, #1215, #433, #1588, #730 ) ) ;
#1587 = FACE_BOUND ( 'NONE', #1032, .T. ) ;
#1588 = ADVANCED_FACE ( 'NONE', ( #432 ), #949, .T. ) ;
#1589 = AXIS2_PLACEMENT_3D ( 'NONE', #699, #1235, #979 ) ;
#1590 = AXIS2_PLACEMENT_3D ( 'NONE', #502, #1645, #999 ) ;
#1591 = VERTEX_POINT ( 'NONE', #653 ) ;
#1592 = ORIENTED_EDGE ( 'NONE', *, *, #797, .F. ) ;
#1593 = CARTESIAN_POINT ( 'NONE',  ( 21.50000000000000000, 0.000000000000000000, -39.99999999999997868 ) ) ;
#1594 = CARTESIAN_POINT ( 'NONE',  ( 170.0000000000000000, 0.000000000000000000, -10.00000000000000000 ) ) ;
#1595 = DIRECTION ( 'NONE',  ( 0.000000000000000000, 1.000000000000000000, 0.000000000000000000 ) ) ;
#1596 = CARTESIAN_POINT ( 'NONE',  ( 10.00000000000000000, 3.000000000000000000, -160.0000000000000000 ) ) ;
#1597 = CYLINDRICAL_SURFACE ( 'NONE', #332, 1.500000000000001332 ) ;
#1598 = VERTEX_POINT ( 'NONE', #409 ) ;
#1599 = EDGE_LOOP ( 'NONE', ( #669, #1441, #935, #824 ) ) ;
#1600 = CYLINDRICAL_SURFACE ( 'NONE', #1059, 1.750000000000001554 ) ;
#1601 = CARTESIAN_POINT ( 'NONE',  ( 0.000000000000000000, 3.000000000000000000, 0.000000000000000000 ) ) ;
#1602 = CARTESIAN_POINT ( 'NONE',  ( 58.50000000000000000, 0.000000000000000000, -39.99999999999997868 ) ) ;
#1603 = LINE ( 'NONE', #1499, #1329 ) ;
#1604 = DIRECTION ( 'NONE',  ( 0.000000000000000000, 0.000000000000000000, 1.000000000000000000 ) ) ;
#1605 = CARTESIAN_POINT ( 'NONE',  ( 71.64396286278518744, 0.000000000000000000, -67.50000000000001421 ) ) ;
#1606 = EDGE_CURVE ( 'NONE', #1075, #1272, #923, .T. ) ;
#1607 = EDGE_LOOP ( 'NONE', ( #1054, #326 ) ) ;
#1608 = ORIENTED_EDGE ( 'NONE', *, *, #1632, .T. ) ;
#1609 = DIRECTION ( 'NONE',  ( 0.000000000000000000, 0.000000000000000000, 1.000000000000000000 ) ) ;
#1610 = CARTESIAN_POINT ( 'NONE',  ( 58.50000000000000000, 0.000000000000000000, -39.99999999999997868 ) ) ;
#1611 = DIRECTION ( 'NONE',  ( -0.000000000000000000, 1.000000000000000000, -0.000000000000000000 ) ) ;
#1612 = CARTESIAN_POINT ( 'NONE',  ( 152.0000000000000000, 0.000000000000000000, -56.99999999999997868 ) ) ;
#1613 = AXIS2_PLACEMENT_3D ( 'NONE', #1060, #418, #928 ) ;
#1614 = AXIS2_PLACEMENT_3D ( 'NONE', #656, #667, #1423 ) ;
#1615 = VERTEX_POINT ( 'NONE', #821 ) ;
#1616 = AXIS2_PLACEMENT_3D ( 'NONE', #614, #1150, #1405 ) ;
#1617 = CIRCLE ( 'NONE', #1540, 1.749999999999999778 ) ;
#1618 = AXIS2_PLACEMENT_3D ( 'NONE', #515, #1275, #106 ) ;
#1619 = EDGE_CURVE ( 'NONE', #1415, #637, #812, .T. ) ;
#1620 = CARTESIAN_POINT ( 'NONE',  ( 160.0000000000000568, 3.000000000000000000, -10.00000000000001066 ) ) ;
#1621 = AXIS2_PLACEMENT_3D ( 'NONE', #285, #787, #1443 ) ;
#1622 = CARTESIAN_POINT ( 'NONE',  ( 152.0000000000000000, 0.000000000000000000, -152.0000000000000284 ) ) ;
#1623 = DIRECTION ( 'NONE',  ( 0.000000000000000000, 1.000000000000000000, 0.000000000000000000 ) ) ;
#1624 = ORIENTED_EDGE ( 'NONE', *, *, #87, .F. ) ;
#1625 = VERTEX_POINT ( 'NONE', #295 ) ;
#1626 = EDGE_CURVE ( 'NONE', #731, #205, #55, .T. ) ;
#1627 = LINE ( 'NONE', #1112, #835 ) ;
#1628 = CARTESIAN_POINT ( 'NONE',  ( 152.0000000000000000, 0.000000000000000000, -114.5000000000000284 ) ) ;
#1629 = DIRECTION ( 'NONE',  ( 0.000000000000000000, 0.000000000000000000, 1.000000000000000000 ) ) ;
#1630 = EDGE_LOOP ( 'NONE', ( #1199, #1378 ) ) ;
#1631 = ORIENTED_EDGE ( 'NONE', *, *, #819, .T. ) ;
#1632 = EDGE_CURVE ( 'NONE', #1418, #1361, #1144, .T. ) ;
#1633 = CARTESIAN_POINT ( 'NONE',  ( 114.5000000000000000, 0.000000000000000000, -153.5000000000000284 ) ) ;
#1634 = CARTESIAN_POINT ( 'NONE',  ( 114.5000000000000000, 0.000000000000000000, -57.00000000000000711 ) ) ;
#1635 = CARTESIAN_POINT ( 'NONE',  ( 114.5000000000000000, 3.000000000000000000, -153.5000000000000284 ) ) ;
#1636 = EDGE_CURVE ( 'NONE', #577, #1434, #248, .T. ) ;
#1637 = ORIENTED_EDGE ( 'NONE', *, *, #440, .F. ) ;
#1638 = AXIS2_PLACEMENT_3D ( 'NONE', #829, #1611, #1604 ) ;
#1639 = DIRECTION ( 'NONE',  ( 0.000000000000000000, 0.000000000000000000, -1.000000000000000000 ) ) ;
#1640 = ORIENTED_EDGE ( 'NONE', *, *, #698, .F. ) ;
#1641 = ORIENTED_EDGE ( 'NONE', *, *, #60, .F. ) ;
#1642 = DIRECTION ( 'NONE',  ( 0.000000000000000000, 0.000000000000000000, 1.000000000000000000 ) ) ;
#1643 = LINE ( 'NONE', #1255, #157 ) ;
#1644 = DIRECTION ( 'NONE',  ( 0.000000000000000000, 0.000000000000000000, 1.000000000000000000 ) ) ;
#1645 = DIRECTION ( 'NONE',  ( -0.000000000000000000, 1.000000000000000000, -0.000000000000000000 ) ) ;
#1646 = EDGE_CURVE ( 'NONE', #1293, #482, #1460, .T. ) ;
#1647 = ORIENTED_EDGE ( 'NONE', *, *, #1379, .T. ) ;
#1648 = VERTEX_POINT ( 'NONE', #1010 ) ;
#1649 = ORIENTED_EDGE ( 'NONE', *, *, #13, .T. ) ;
#1650 = ORIENTED_EDGE ( 'NONE', *, *, #1176, .F. ) ;
#1651 = DIRECTION ( 'NONE',  ( 0.000000000000000000, 1.000000000000000000, 0.000000000000000000 ) ) ;
#1652 = LINE ( 'NONE', #1660, #245 ) ;
#1653 = LINE ( 'NONE', #115, #243 ) ;
#1654 = ORIENTED_EDGE ( 'NONE', *, *, #293, .T. ) ;
#1655 = ADVANCED_FACE ( 'NONE', ( #1269 ), #444, .F. ) ;
#1656 = ORIENTED_EDGE ( 'NONE', *, *, #398, .T. ) ;
#1657 = ORIENTED_EDGE ( 'NONE', *, *, #1543, .F. ) ;
#1658 = ADVANCED_FACE ( 'NONE', ( #1387 ), #1600, .F. ) ;
#1659 = DIRECTION ( 'NONE',  ( 0.000000000000000000, -1.000000000000000000, 0.000000000000000000 ) ) ;
#1660 = CARTESIAN_POINT ( 'NONE',  ( 10.00000000000000000, 3.000000000000000000, 0.000000000000000000 ) ) ;
#1661 = CARTESIAN_POINT ( 'NONE',  ( 160.0000000000000000, 0.000000000000000000, 0.000000000000000000 ) ) ;
#1662 = DIRECTION ( 'NONE',  ( 0.000000000000000000, 0.000000000000000000, -1.000000000000000000 ) ) ;
#1663 = DIRECTION ( 'NONE',  ( -0.000000000000000000, 1.000000000000000000, -0.000000000000000000 ) ) ;
#1664 = EDGE_LOOP ( 'NONE', ( #784, #531 ) ) ;
#1665 = EDGE_LOOP ( 'NONE', ( #774, #112, #1545, #1624 ) ) ;
#1666 = AXIS2_PLACEMENT_3D ( 'NONE', #720, #225, #84 ) ;
#1667 = DIRECTION ( 'NONE',  ( 0.000000000000000000, 0.000000000000000000, 1.000000000000000000 ) ) ;
#1668 = AXIS2_PLACEMENT_3D ( 'NONE', #89, #737, #765 ) ;
#1669 = DIRECTION ( 'NONE',  ( 0.000000000000000000, 1.000000000000000000, 0.000000000000000000 ) ) ;
#1670 = AXIS2_PLACEMENT_3D ( 'NONE', #521, #1289, #1167 ) ;
#1671 = CARTESIAN_POINT ( 'NONE',  ( 160.0000000000000000, 0.000000000000000000, -10.00000000000000000 ) ) ;
#1672 = ORIENTED_EDGE ( 'NONE', *, *, #1110, .F. ) ;
#1673 = APPLICATION_PROTOCOL_DEFINITION ( 'draft international standard', 'automotive_design', 1998, #1155 ) ;
#1674 = ORIENTED_EDGE ( 'NONE', *, *, #461, .F. ) ;
ENDSEC;
END-ISO-10303-21;
