ISO-10303-21;
HEADER;
FILE_DESCRIPTION(('Open CASCADE Model'),'2;1');
FILE_NAME('Open CASCADE Shape Model','2026-10-01T17:00:49',('Author'),(
    'Open CASCADE'),'Open CASCADE STEP processor 8.0','Open CASCADE 8.0'
  ,'Unknown');
FILE_SCHEMA(('AUTOMOTIVE_DESIGN { 1 0 10303 214 1 1 1 1 }'));
ENDSEC;
DATA;
#1 = APPLICATION_PROTOCOL_DEFINITION('international standard',
  'automotive_design',2000,#2);
#2 = APPLICATION_CONTEXT(
  'core data for automotive mechanical design processes');
#3 = SHAPE_DEFINITION_REPRESENTATION(#4,#10);
#4 = PRODUCT_DEFINITION_SHAPE('','',#5);
#5 = PRODUCT_DEFINITION('design','',#6,#9);
#6 = PRODUCT_DEFINITION_FORMATION('','',#7);
#7 = PRODUCT('Open CASCADE STEP translator 8.0 1',
  'Open CASCADE STEP translator 8.0 1','',(#8));
#8 = PRODUCT_CONTEXT('',#2,'mechanical');
#9 = PRODUCT_DEFINITION_CONTEXT('part definition',#2,'design');
#10 = ADVANCED_BREP_SHAPE_REPRESENTATION('',(#11,#15),#2337);
#11 = AXIS2_PLACEMENT_3D('',#12,#13,#14);
#12 = CARTESIAN_POINT('',(0.,0.,0.));
#13 = DIRECTION('',(0.,0.,1.));
#14 = DIRECTION('',(1.,0.,-0.));
#15 = MANIFOLD_SOLID_BREP('',#16);
#16 = CLOSED_SHELL('',(#17,#899,#975,#1025,#1075,#1124,#1173,#1223,#1273
    ,#1300,#1354,#1408,#1462,#1516,#1570,#1624,#1678,#1732,#1786,#1840,
    #1894,#1948,#2002,#2056,#2110,#2164,#2218,#2272));
#17 = ADVANCED_FACE('',(#18,#269,#304,#339,#374,#409,#444,#479,#514,#549
    ,#584,#619,#654,#689,#724,#759,#794,#829,#864),#32,.F.);
#18 = FACE_BOUND('',#19,.F.);
#19 = EDGE_LOOP('',(#20,#55,#88,#116,#149,#177,#210,#238));
#20 = ORIENTED_EDGE('',*,*,#21,.F.);
#21 = EDGE_CURVE('',#22,#24,#26,.T.);
#22 = VERTEX_POINT('',#23);
#23 = CARTESIAN_POINT('',(160.,3.,-170.));
#24 = VERTEX_POINT('',#25);
#25 = CARTESIAN_POINT('',(10.,3.,-170.));
#26 = SURFACE_CURVE('',#27,(#31,#43),.PCURVE_S1.);
#27 = LINE('',#28,#29);
#28 = CARTESIAN_POINT('',(0.,3.,-170.));
#29 = VECTOR('',#30,1.);
#30 = DIRECTION('',(-1.,-0.,-0.));
#31 = PCURVE('',#32,#37);
#32 = PLANE('',#33);
#33 = AXIS2_PLACEMENT_3D('',#34,#35,#36);
#34 = CARTESIAN_POINT('',(0.,3.,0.));
#35 = DIRECTION('',(0.,-1.,0.));
#36 = DIRECTION('',(0.,-0.,-1.));
#37 = DEFINITIONAL_REPRESENTATION('',(#38),#42);
#38 = LINE('',#39,#40);
#39 = CARTESIAN_POINT('',(170.,0.));
#40 = VECTOR('',#41,1.);
#41 = DIRECTION('',(0.,-1.));
#42 = ( GEOMETRIC_REPRESENTATION_CONTEXT(2) 
PARAMETRIC_REPRESENTATION_CONTEXT() REPRESENTATION_CONTEXT('2D SPACE',''
  ) );
#43 = PCURVE('',#44,#49);
#44 = PLANE('',#45);
#45 = AXIS2_PLACEMENT_3D('',#46,#47,#48);
#46 = CARTESIAN_POINT('',(0.,3.,-170.));
#47 = DIRECTION('',(0.,0.,1.));
#48 = DIRECTION('',(1.,0.,-0.));
#49 = DEFINITIONAL_REPRESENTATION('',(#50),#54);
#50 = LINE('',#51,#52);
#51 = CARTESIAN_POINT('',(0.,0.));
#52 = VECTOR('',#53,1.);
#53 = DIRECTION('',(-1.,0.));
#54 = ( GEOMETRIC_REPRESENTATION_CONTEXT(2) 
PARAMETRIC_REPRESENTATION_CONTEXT() REPRESENTATION_CONTEXT('2D SPACE',''
  ) );
#55 = ORIENTED_EDGE('',*,*,#56,.F.);
#56 = EDGE_CURVE('',#57,#22,#59,.T.);
#57 = VERTEX_POINT('',#58);
#58 = CARTESIAN_POINT('',(170.,3.,-160.));
#59 = SURFACE_CURVE('',#60,(#65,#76),.PCURVE_S1.);
#60 = CIRCLE('',#61,10.);
#61 = AXIS2_PLACEMENT_3D('',#62,#63,#64);
#62 = CARTESIAN_POINT('',(160.,3.,-160.));
#63 = DIRECTION('',(-0.,1.,0.));
#64 = DIRECTION('',(0.,0.,-1.));
#65 = PCURVE('',#32,#66);
#66 = DEFINITIONAL_REPRESENTATION('',(#67),#75);
#67 = ( BOUNDED_CURVE() B_SPLINE_CURVE(2,(#68,#69,#70,#71,#72,#73,#74),
.UNSPECIFIED.,.T.,.F.) B_SPLINE_CURVE_WITH_KNOTS((1,2,2,2,2,1),(
    -2.094395102393,0.,2.094395102393,4.188790204786,6.28318530718,
8.377580409573),.UNSPECIFIED.) CURVE() GEOMETRIC_REPRESENTATION_ITEM() 
RATIONAL_B_SPLINE_CURVE((1.,0.5,1.,0.5,1.,0.5,1.)) REPRESENTATION_ITEM(
  '') );
#68 = CARTESIAN_POINT('',(170.,160.));
#69 = CARTESIAN_POINT('',(170.,142.67949192431));
#70 = CARTESIAN_POINT('',(155.,151.33974596215));
#71 = CARTESIAN_POINT('',(140.,160.));
#72 = CARTESIAN_POINT('',(155.,168.66025403784));
#73 = CARTESIAN_POINT('',(170.,177.32050807568));
#74 = CARTESIAN_POINT('',(170.,160.));
#75 = ( GEOMETRIC_REPRESENTATION_CONTEXT(2) 
PARAMETRIC_REPRESENTATION_CONTEXT() REPRESENTATION_CONTEXT('2D SPACE',''
  ) );
#76 = PCURVE('',#77,#82);
#77 = CYLINDRICAL_SURFACE('',#78,10.);
#78 = AXIS2_PLACEMENT_3D('',#79,#80,#81);
#79 = CARTESIAN_POINT('',(160.,3.,-160.));
#80 = DIRECTION('',(0.,-1.,0.));
#81 = DIRECTION('',(0.,0.,-1.));
#82 = DEFINITIONAL_REPRESENTATION('',(#83),#87);
#83 = LINE('',#84,#85);
#84 = CARTESIAN_POINT('',(6.28318530718,0.));
#85 = VECTOR('',#86,1.);
#86 = DIRECTION('',(-1.,0.));
#87 = ( GEOMETRIC_REPRESENTATION_CONTEXT(2) 
PARAMETRIC_REPRESENTATION_CONTEXT() REPRESENTATION_CONTEXT('2D SPACE',''
  ) );
#88 = ORIENTED_EDGE('',*,*,#89,.F.);
#89 = EDGE_CURVE('',#90,#57,#92,.T.);
#90 = VERTEX_POINT('',#91);
#91 = CARTESIAN_POINT('',(170.,3.,-10.));
#92 = SURFACE_CURVE('',#93,(#97,#104),.PCURVE_S1.);
#93 = LINE('',#94,#95);
#94 = CARTESIAN_POINT('',(170.,3.,0.));
#95 = VECTOR('',#96,1.);
#96 = DIRECTION('',(0.,0.,-1.));
#97 = PCURVE('',#32,#98);
#98 = DEFINITIONAL_REPRESENTATION('',(#99),#103);
#99 = LINE('',#100,#101);
#100 = CARTESIAN_POINT('',(0.,170.));
#101 = VECTOR('',#102,1.);
#102 = DIRECTION('',(1.,0.));
#103 = ( GEOMETRIC_REPRESENTATION_CONTEXT(2) 
PARAMETRIC_REPRESENTATION_CONTEXT() REPRESENTATION_CONTEXT('2D SPACE',''
  ) );
#104 = PCURVE('',#105,#110);
#105 = PLANE('',#106);
#106 = AXIS2_PLACEMENT_3D('',#107,#108,#109);
#107 = CARTESIAN_POINT('',(170.,3.,0.));
#108 = DIRECTION('',(-1.,0.,0.));
#109 = DIRECTION('',(0.,0.,1.));
#110 = DEFINITIONAL_REPRESENTATION('',(#111),#115);
#111 = LINE('',#112,#113);
#112 = CARTESIAN_POINT('',(0.,0.));
#113 = VECTOR('',#114,1.);
#114 = DIRECTION('',(-1.,0.));
#115 = ( GEOMETRIC_REPRESENTATION_CONTEXT(2) 
PARAMETRIC_REPRESENTATION_CONTEXT() REPRESENTATION_CONTEXT('2D SPACE',''
  ) );
#116 = ORIENTED_EDGE('',*,*,#117,.F.);
#117 = EDGE_CURVE('',#118,#90,#120,.T.);
#118 = VERTEX_POINT('',#119);
#119 = CARTESIAN_POINT('',(160.,3.,0.));
#120 = SURFACE_CURVE('',#121,(#126,#137),.PCURVE_S1.);
#121 = CIRCLE('',#122,10.);
#122 = AXIS2_PLACEMENT_3D('',#123,#124,#125);
#123 = CARTESIAN_POINT('',(160.,3.,-10.));
#124 = DIRECTION('',(-0.,1.,0.));
#125 = DIRECTION('',(0.,0.,-1.));
#126 = PCURVE('',#32,#127);
#127 = DEFINITIONAL_REPRESENTATION('',(#128),#136);
#128 = ( BOUNDED_CURVE() B_SPLINE_CURVE(2,(#129,#130,#131,#132,#133,#134
,#135),.UNSPECIFIED.,.T.,.F.) B_SPLINE_CURVE_WITH_KNOTS((1,2,2,2,2,1),(
    -2.094395102393,0.,2.094395102393,4.188790204786,6.28318530718,
8.377580409573),.UNSPECIFIED.) CURVE() GEOMETRIC_REPRESENTATION_ITEM() 
RATIONAL_B_SPLINE_CURVE((1.,0.5,1.,0.5,1.,0.5,1.)) REPRESENTATION_ITEM(
  '') );
#129 = CARTESIAN_POINT('',(20.,160.));
#130 = CARTESIAN_POINT('',(20.,142.67949192431));
#131 = CARTESIAN_POINT('',(5.,151.33974596215));
#132 = CARTESIAN_POINT('',(-10.,160.));
#133 = CARTESIAN_POINT('',(5.,168.66025403784));
#134 = CARTESIAN_POINT('',(20.,177.32050807568));
#135 = CARTESIAN_POINT('',(20.,160.));
#136 = ( GEOMETRIC_REPRESENTATION_CONTEXT(2) 
PARAMETRIC_REPRESENTATION_CONTEXT() REPRESENTATION_CONTEXT('2D SPACE',''
  ) );
#137 = PCURVE('',#138,#143);
#138 = CYLINDRICAL_SURFACE('',#139,10.);
#139 = AXIS2_PLACEMENT_3D('',#140,#141,#142);
#140 = CARTESIAN_POINT('',(160.,3.,-10.));
#141 = DIRECTION('',(0.,-1.,0.));
#142 = DIRECTION('',(0.,0.,-1.));
#143 = DEFINITIONAL_REPRESENTATION('',(#144),#148);
#144 = LINE('',#145,#146);
#145 = CARTESIAN_POINT('',(6.28318530718,0.));
#146 = VECTOR('',#147,1.);
#147 = DIRECTION('',(-1.,0.));
#148 = ( GEOMETRIC_REPRESENTATION_CONTEXT(2) 
PARAMETRIC_REPRESENTATION_CONTEXT() REPRESENTATION_CONTEXT('2D SPACE',''
  ) );
#149 = ORIENTED_EDGE('',*,*,#150,.F.);
#150 = EDGE_CURVE('',#151,#118,#153,.T.);
#151 = VERTEX_POINT('',#152);
#152 = CARTESIAN_POINT('',(10.,3.,0.));
#153 = SURFACE_CURVE('',#154,(#158,#165),.PCURVE_S1.);
#154 = LINE('',#155,#156);
#155 = CARTESIAN_POINT('',(0.,3.,0.));
#156 = VECTOR('',#157,1.);
#157 = DIRECTION('',(1.,0.,0.));
#158 = PCURVE('',#32,#159);
#159 = DEFINITIONAL_REPRESENTATION('',(#160),#164);
#160 = LINE('',#161,#162);
#161 = CARTESIAN_POINT('',(0.,0.));
#162 = VECTOR('',#163,1.);
#163 = DIRECTION('',(0.,1.));
#164 = ( GEOMETRIC_REPRESENTATION_CONTEXT(2) 
PARAMETRIC_REPRESENTATION_CONTEXT() REPRESENTATION_CONTEXT('2D SPACE',''
  ) );
#165 = PCURVE('',#166,#171);
#166 = PLANE('',#167);
#167 = AXIS2_PLACEMENT_3D('',#168,#169,#170);
#168 = CARTESIAN_POINT('',(0.,3.,0.));
#169 = DIRECTION('',(0.,0.,-1.));
#170 = DIRECTION('',(-1.,0.,-0.));
#171 = DEFINITIONAL_REPRESENTATION('',(#172),#176);
#172 = LINE('',#173,#174);
#173 = CARTESIAN_POINT('',(0.,0.));
#174 = VECTOR('',#175,1.);
#175 = DIRECTION('',(-1.,0.));
#176 = ( GEOMETRIC_REPRESENTATION_CONTEXT(2) 
PARAMETRIC_REPRESENTATION_CONTEXT() REPRESENTATION_CONTEXT('2D SPACE',''
  ) );
#177 = ORIENTED_EDGE('',*,*,#178,.F.);
#178 = EDGE_CURVE('',#179,#151,#181,.T.);
#179 = VERTEX_POINT('',#180);
#180 = CARTESIAN_POINT('',(0.,3.,-10.));
#181 = SURFACE_CURVE('',#182,(#187,#198),.PCURVE_S1.);
#182 = CIRCLE('',#183,10.);
#183 = AXIS2_PLACEMENT_3D('',#184,#185,#186);
#184 = CARTESIAN_POINT('',(10.,3.,-10.));
#185 = DIRECTION('',(-0.,1.,0.));
#186 = DIRECTION('',(0.,0.,-1.));
#187 = PCURVE('',#32,#188);
#188 = DEFINITIONAL_REPRESENTATION('',(#189),#197);
#189 = ( BOUNDED_CURVE() B_SPLINE_CURVE(2,(#190,#191,#192,#193,#194,#195
,#196),.UNSPECIFIED.,.T.,.F.) B_SPLINE_CURVE_WITH_KNOTS((1,2,2,2,2,1),(
    -2.094395102393,0.,2.094395102393,4.188790204786,6.28318530718,
8.377580409573),.UNSPECIFIED.) CURVE() GEOMETRIC_REPRESENTATION_ITEM() 
RATIONAL_B_SPLINE_CURVE((1.,0.5,1.,0.5,1.,0.5,1.)) REPRESENTATION_ITEM(
  '') );
#190 = CARTESIAN_POINT('',(20.,10.));
#191 = CARTESIAN_POINT('',(20.,-7.320508075689));
#192 = CARTESIAN_POINT('',(5.,1.339745962156));
#193 = CARTESIAN_POINT('',(-10.,10.));
#194 = CARTESIAN_POINT('',(5.,18.660254037844));
#195 = CARTESIAN_POINT('',(20.,27.320508075689));
#196 = CARTESIAN_POINT('',(20.,10.));
#197 = ( GEOMETRIC_REPRESENTATION_CONTEXT(2) 
PARAMETRIC_REPRESENTATION_CONTEXT() REPRESENTATION_CONTEXT('2D SPACE',''
  ) );
#198 = PCURVE('',#199,#204);
#199 = CYLINDRICAL_SURFACE('',#200,10.);
#200 = AXIS2_PLACEMENT_3D('',#201,#202,#203);
#201 = CARTESIAN_POINT('',(10.,3.,-10.));
#202 = DIRECTION('',(0.,-1.,0.));
#203 = DIRECTION('',(0.,0.,-1.));
#204 = DEFINITIONAL_REPRESENTATION('',(#205),#209);
#205 = LINE('',#206,#207);
#206 = CARTESIAN_POINT('',(6.28318530718,0.));
#207 = VECTOR('',#208,1.);
#208 = DIRECTION('',(-1.,0.));
#209 = ( GEOMETRIC_REPRESENTATION_CONTEXT(2) 
PARAMETRIC_REPRESENTATION_CONTEXT() REPRESENTATION_CONTEXT('2D SPACE',''
  ) );
#210 = ORIENTED_EDGE('',*,*,#211,.F.);
#211 = EDGE_CURVE('',#212,#179,#214,.T.);
#212 = VERTEX_POINT('',#213);
#213 = CARTESIAN_POINT('',(0.,3.,-160.));
#214 = SURFACE_CURVE('',#215,(#219,#226),.PCURVE_S1.);
#215 = LINE('',#216,#217);
#216 = CARTESIAN_POINT('',(0.,3.,0.));
#217 = VECTOR('',#218,1.);
#218 = DIRECTION('',(-0.,-0.,1.));
#219 = PCURVE('',#32,#220);
#220 = DEFINITIONAL_REPRESENTATION('',(#221),#225);
#221 = LINE('',#222,#223);
#222 = CARTESIAN_POINT('',(0.,0.));
#223 = VECTOR('',#224,1.);
#224 = DIRECTION('',(-1.,0.));
#225 = ( GEOMETRIC_REPRESENTATION_CONTEXT(2) 
PARAMETRIC_REPRESENTATION_CONTEXT() REPRESENTATION_CONTEXT('2D SPACE',''
  ) );
#226 = PCURVE('',#227,#232);
#227 = PLANE('',#228);
#228 = AXIS2_PLACEMENT_3D('',#229,#230,#231);
#229 = CARTESIAN_POINT('',(0.,3.,0.));
#230 = DIRECTION('',(1.,-0.,0.));
#231 = DIRECTION('',(0.,0.,-1.));
#232 = DEFINITIONAL_REPRESENTATION('',(#233),#237);
#233 = LINE('',#234,#235);
#234 = CARTESIAN_POINT('',(0.,0.));
#235 = VECTOR('',#236,1.);
#236 = DIRECTION('',(-1.,0.));
#237 = ( GEOMETRIC_REPRESENTATION_CONTEXT(2) 
PARAMETRIC_REPRESENTATION_CONTEXT() REPRESENTATION_CONTEXT('2D SPACE',''
  ) );
#238 = ORIENTED_EDGE('',*,*,#239,.F.);
#239 = EDGE_CURVE('',#24,#212,#240,.T.);
#240 = SURFACE_CURVE('',#241,(#246,#257),.PCURVE_S1.);
#241 = CIRCLE('',#242,10.);
#242 = AXIS2_PLACEMENT_3D('',#243,#244,#245);
#243 = CARTESIAN_POINT('',(10.,3.,-160.));
#244 = DIRECTION('',(-0.,1.,0.));
#245 = DIRECTION('',(0.,0.,-1.));
#246 = PCURVE('',#32,#247);
#247 = DEFINITIONAL_REPRESENTATION('',(#248),#256);
#248 = ( BOUNDED_CURVE() B_SPLINE_CURVE(2,(#249,#250,#251,#252,#253,#254
,#255),.UNSPECIFIED.,.T.,.F.) B_SPLINE_CURVE_WITH_KNOTS((1,2,2,2,2,1),(
    -2.094395102393,0.,2.094395102393,4.188790204786,6.28318530718,
8.377580409573),.UNSPECIFIED.) CURVE() GEOMETRIC_REPRESENTATION_ITEM() 
RATIONAL_B_SPLINE_CURVE((1.,0.5,1.,0.5,1.,0.5,1.)) REPRESENTATION_ITEM(
  '') );
#249 = CARTESIAN_POINT('',(170.,10.));
#250 = CARTESIAN_POINT('',(170.,-7.320508075689));
#251 = CARTESIAN_POINT('',(155.,1.339745962156));
#252 = CARTESIAN_POINT('',(140.,10.));
#253 = CARTESIAN_POINT('',(155.,18.660254037844));
#254 = CARTESIAN_POINT('',(170.,27.320508075689));
#255 = CARTESIAN_POINT('',(170.,10.));
#256 = ( GEOMETRIC_REPRESENTATION_CONTEXT(2) 
PARAMETRIC_REPRESENTATION_CONTEXT() REPRESENTATION_CONTEXT('2D SPACE',''
  ) );
#257 = PCURVE('',#258,#263);
#258 = CYLINDRICAL_SURFACE('',#259,10.);
#259 = AXIS2_PLACEMENT_3D('',#260,#261,#262);
#260 = CARTESIAN_POINT('',(10.,3.,-160.));
#261 = DIRECTION('',(-0.,-1.,0.));
#262 = DIRECTION('',(-0.,0.,-1.));
#263 = DEFINITIONAL_REPRESENTATION('',(#264),#268);
#264 = LINE('',#265,#266);
#265 = CARTESIAN_POINT('',(6.28318530718,0.));
#266 = VECTOR('',#267,1.);
#267 = DIRECTION('',(-1.,0.));
#268 = ( GEOMETRIC_REPRESENTATION_CONTEXT(2) 
PARAMETRIC_REPRESENTATION_CONTEXT() REPRESENTATION_CONTEXT('2D SPACE',''
  ) );
#269 = FACE_BOUND('',#270,.F.);
#270 = EDGE_LOOP('',(#271));
#271 = ORIENTED_EDGE('',*,*,#272,.T.);
#272 = EDGE_CURVE('',#273,#273,#275,.T.);
#273 = VERTEX_POINT('',#274);
#274 = CARTESIAN_POINT('',(10.,3.,-8.));
#275 = SURFACE_CURVE('',#276,(#281,#292),.PCURVE_S1.);
#276 = CIRCLE('',#277,2.);
#277 = AXIS2_PLACEMENT_3D('',#278,#279,#280);
#278 = CARTESIAN_POINT('',(10.,3.,-10.));
#279 = DIRECTION('',(0.,1.,0.));
#280 = DIRECTION('',(0.,-0.,1.));
#281 = PCURVE('',#32,#282);
#282 = DEFINITIONAL_REPRESENTATION('',(#283),#291);
#283 = ( BOUNDED_CURVE() B_SPLINE_CURVE(2,(#284,#285,#286,#287,#288,#289
,#290),.UNSPECIFIED.,.T.,.F.) B_SPLINE_CURVE_WITH_KNOTS((1,2,2,2,2,1),(
    -2.094395102393,0.,2.094395102393,4.188790204786,6.28318530718,
8.377580409573),.UNSPECIFIED.) CURVE() GEOMETRIC_REPRESENTATION_ITEM() 
RATIONAL_B_SPLINE_CURVE((1.,0.5,1.,0.5,1.,0.5,1.)) REPRESENTATION_ITEM(
  '') );
#284 = CARTESIAN_POINT('',(8.,10.));
#285 = CARTESIAN_POINT('',(8.,13.464101615138));
#286 = CARTESIAN_POINT('',(11.,11.732050807569));
#287 = CARTESIAN_POINT('',(14.,10.));
#288 = CARTESIAN_POINT('',(11.,8.267949192431));
#289 = CARTESIAN_POINT('',(8.,6.535898384862));
#290 = CARTESIAN_POINT('',(8.,10.));
#291 = ( GEOMETRIC_REPRESENTATION_CONTEXT(2) 
PARAMETRIC_REPRESENTATION_CONTEXT() REPRESENTATION_CONTEXT('2D SPACE',''
  ) );
#292 = PCURVE('',#293,#298);
#293 = CYLINDRICAL_SURFACE('',#294,2.);
#294 = AXIS2_PLACEMENT_3D('',#295,#296,#297);
#295 = CARTESIAN_POINT('',(10.,-1.,-10.));
#296 = DIRECTION('',(0.,1.,0.));
#297 = DIRECTION('',(0.,-0.,1.));
#298 = DEFINITIONAL_REPRESENTATION('',(#299),#303);
#299 = LINE('',#300,#301);
#300 = CARTESIAN_POINT('',(0.,4.));
#301 = VECTOR('',#302,1.);
#302 = DIRECTION('',(1.,0.));
#303 = ( GEOMETRIC_REPRESENTATION_CONTEXT(2) 
PARAMETRIC_REPRESENTATION_CONTEXT() REPRESENTATION_CONTEXT('2D SPACE',''
  ) );
#304 = FACE_BOUND('',#305,.F.);
#305 = EDGE_LOOP('',(#306));
#306 = ORIENTED_EDGE('',*,*,#307,.T.);
#307 = EDGE_CURVE('',#308,#308,#310,.T.);
#308 = VERTEX_POINT('',#309);
#309 = CARTESIAN_POINT('',(21.5,3.,-38.));
#310 = SURFACE_CURVE('',#311,(#316,#327),.PCURVE_S1.);
#311 = CIRCLE('',#312,2.);
#312 = AXIS2_PLACEMENT_3D('',#313,#314,#315);
#313 = CARTESIAN_POINT('',(21.5,3.,-40.));
#314 = DIRECTION('',(0.,1.,0.));
#315 = DIRECTION('',(0.,-0.,1.));
#316 = PCURVE('',#32,#317);
#317 = DEFINITIONAL_REPRESENTATION('',(#318),#326);
#318 = ( BOUNDED_CURVE() B_SPLINE_CURVE(2,(#319,#320,#321,#322,#323,#324
,#325),.UNSPECIFIED.,.T.,.F.) B_SPLINE_CURVE_WITH_KNOTS((1,2,2,2,2,1),(
    -2.094395102393,0.,2.094395102393,4.188790204786,6.28318530718,
8.377580409573),.UNSPECIFIED.) CURVE() GEOMETRIC_REPRESENTATION_ITEM() 
RATIONAL_B_SPLINE_CURVE((1.,0.5,1.,0.5,1.,0.5,1.)) REPRESENTATION_ITEM(
  '') );
#319 = CARTESIAN_POINT('',(38.,21.5));
#320 = CARTESIAN_POINT('',(38.,24.964101615138));
#321 = CARTESIAN_POINT('',(41.,23.232050807569));
#322 = CARTESIAN_POINT('',(44.,21.5));
#323 = CARTESIAN_POINT('',(41.,19.767949192431));
#324 = CARTESIAN_POINT('',(38.,18.035898384862));
#325 = CARTESIAN_POINT('',(38.,21.5));
#326 = ( GEOMETRIC_REPRESENTATION_CONTEXT(2) 
PARAMETRIC_REPRESENTATION_CONTEXT() REPRESENTATION_CONTEXT('2D SPACE',''
  ) );
#327 = PCURVE('',#328,#333);
#328 = CYLINDRICAL_SURFACE('',#329,2.);
#329 = AXIS2_PLACEMENT_3D('',#330,#331,#332);
#330 = CARTESIAN_POINT('',(21.5,-1.,-40.));
#331 = DIRECTION('',(0.,1.,0.));
#332 = DIRECTION('',(0.,-0.,1.));
#333 = DEFINITIONAL_REPRESENTATION('',(#334),#338);
#334 = LINE('',#335,#336);
#335 = CARTESIAN_POINT('',(0.,4.));
#336 = VECTOR('',#337,1.);
#337 = DIRECTION('',(1.,0.));
#338 = ( GEOMETRIC_REPRESENTATION_CONTEXT(2) 
PARAMETRIC_REPRESENTATION_CONTEXT() REPRESENTATION_CONTEXT('2D SPACE',''
  ) );
#339 = FACE_BOUND('',#340,.F.);
#340 = EDGE_LOOP('',(#341));
#341 = ORIENTED_EDGE('',*,*,#342,.T.);
#342 = EDGE_CURVE('',#343,#343,#345,.T.);
#343 = VERTEX_POINT('',#344);
#344 = CARTESIAN_POINT('',(58.5,3.,-38.));
#345 = SURFACE_CURVE('',#346,(#351,#362),.PCURVE_S1.);
#346 = CIRCLE('',#347,2.);
#347 = AXIS2_PLACEMENT_3D('',#348,#349,#350);
#348 = CARTESIAN_POINT('',(58.5,3.,-40.));
#349 = DIRECTION('',(0.,1.,0.));
#350 = DIRECTION('',(0.,-0.,1.));
#351 = PCURVE('',#32,#352);
#352 = DEFINITIONAL_REPRESENTATION('',(#353),#361);
#353 = ( BOUNDED_CURVE() B_SPLINE_CURVE(2,(#354,#355,#356,#357,#358,#359
,#360),.UNSPECIFIED.,.T.,.F.) B_SPLINE_CURVE_WITH_KNOTS((1,2,2,2,2,1),(
    -2.094395102393,0.,2.094395102393,4.188790204786,6.28318530718,
8.377580409573),.UNSPECIFIED.) CURVE() GEOMETRIC_REPRESENTATION_ITEM() 
RATIONAL_B_SPLINE_CURVE((1.,0.5,1.,0.5,1.,0.5,1.)) REPRESENTATION_ITEM(
  '') );
#354 = CARTESIAN_POINT('',(38.,58.5));
#355 = CARTESIAN_POINT('',(38.,61.964101615138));
#356 = CARTESIAN_POINT('',(41.,60.232050807569));
#357 = CARTESIAN_POINT('',(44.,58.5));
#358 = CARTESIAN_POINT('',(41.,56.767949192431));
#359 = CARTESIAN_POINT('',(38.,55.035898384862));
#360 = CARTESIAN_POINT('',(38.,58.5));
#361 = ( GEOMETRIC_REPRESENTATION_CONTEXT(2) 
PARAMETRIC_REPRESENTATION_CONTEXT() REPRESENTATION_CONTEXT('2D SPACE',''
  ) );
#362 = PCURVE('',#363,#368);
#363 = CYLINDRICAL_SURFACE('',#364,2.);
#364 = AXIS2_PLACEMENT_3D('',#365,#366,#367);
#365 = CARTESIAN_POINT('',(58.5,-1.,-40.));
#366 = DIRECTION('',(0.,1.,0.));
#367 = DIRECTION('',(0.,-0.,1.));
#368 = DEFINITIONAL_REPRESENTATION('',(#369),#373);
#369 = LINE('',#370,#371);
#370 = CARTESIAN_POINT('',(0.,4.));
#371 = VECTOR('',#372,1.);
#372 = DIRECTION('',(1.,0.));
#373 = ( GEOMETRIC_REPRESENTATION_CONTEXT(2) 
PARAMETRIC_REPRESENTATION_CONTEXT() REPRESENTATION_CONTEXT('2D SPACE',''
  ) );
#374 = FACE_BOUND('',#375,.F.);
#375 = EDGE_LOOP('',(#376));
#376 = ORIENTED_EDGE('',*,*,#377,.T.);
#377 = EDGE_CURVE('',#378,#378,#380,.T.);
#378 = VERTEX_POINT('',#379);
#379 = CARTESIAN_POINT('',(71.644,3.,-65.5));
#380 = SURFACE_CURVE('',#381,(#386,#397),.PCURVE_S1.);
#381 = CIRCLE('',#382,2.);
#382 = AXIS2_PLACEMENT_3D('',#383,#384,#385);
#383 = CARTESIAN_POINT('',(71.644,3.,-67.5));
#384 = DIRECTION('',(0.,1.,0.));
#385 = DIRECTION('',(0.,-0.,1.));
#386 = PCURVE('',#32,#387);
#387 = DEFINITIONAL_REPRESENTATION('',(#388),#396);
#388 = ( BOUNDED_CURVE() B_SPLINE_CURVE(2,(#389,#390,#391,#392,#393,#394
,#395),.UNSPECIFIED.,.T.,.F.) B_SPLINE_CURVE_WITH_KNOTS((1,2,2,2,2,1),(
    -2.094395102393,0.,2.094395102393,4.188790204786,6.28318530718,
8.377580409573),.UNSPECIFIED.) CURVE() GEOMETRIC_REPRESENTATION_ITEM() 
RATIONAL_B_SPLINE_CURVE((1.,0.5,1.,0.5,1.,0.5,1.)) REPRESENTATION_ITEM(
  '') );
#389 = CARTESIAN_POINT('',(65.5,71.644));
#390 = CARTESIAN_POINT('',(65.5,75.108101615138));
#391 = CARTESIAN_POINT('',(68.5,73.376050807569));
#392 = CARTESIAN_POINT('',(71.5,71.644));
#393 = CARTESIAN_POINT('',(68.5,69.911949192431));
#394 = CARTESIAN_POINT('',(65.5,68.179898384862));
#395 = CARTESIAN_POINT('',(65.5,71.644));
#396 = ( GEOMETRIC_REPRESENTATION_CONTEXT(2) 
PARAMETRIC_REPRESENTATION_CONTEXT() REPRESENTATION_CONTEXT('2D SPACE',''
  ) );
#397 = PCURVE('',#398,#403);
#398 = CYLINDRICAL_SURFACE('',#399,2.);
#399 = AXIS2_PLACEMENT_3D('',#400,#401,#402);
#400 = CARTESIAN_POINT('',(71.644,-1.,-67.5));
#401 = DIRECTION('',(0.,1.,0.));
#402 = DIRECTION('',(0.,-0.,1.));
#403 = DEFINITIONAL_REPRESENTATION('',(#404),#408);
#404 = LINE('',#405,#406);
#405 = CARTESIAN_POINT('',(0.,4.));
#406 = VECTOR('',#407,1.);
#407 = DIRECTION('',(1.,0.));
#408 = ( GEOMETRIC_REPRESENTATION_CONTEXT(2) 
PARAMETRIC_REPRESENTATION_CONTEXT() REPRESENTATION_CONTEXT('2D SPACE',''
  ) );
#409 = FACE_BOUND('',#410,.F.);
#410 = EDGE_LOOP('',(#411));
#411 = ORIENTED_EDGE('',*,*,#412,.T.);
#412 = EDGE_CURVE('',#413,#413,#415,.T.);
#413 = VERTEX_POINT('',#414);
#414 = CARTESIAN_POINT('',(21.5,3.,-128.));
#415 = SURFACE_CURVE('',#416,(#421,#432),.PCURVE_S1.);
#416 = CIRCLE('',#417,2.);
#417 = AXIS2_PLACEMENT_3D('',#418,#419,#420);
#418 = CARTESIAN_POINT('',(21.5,3.,-130.));
#419 = DIRECTION('',(0.,1.,0.));
#420 = DIRECTION('',(0.,-0.,1.));
#421 = PCURVE('',#32,#422);
#422 = DEFINITIONAL_REPRESENTATION('',(#423),#431);
#423 = ( BOUNDED_CURVE() B_SPLINE_CURVE(2,(#424,#425,#426,#427,#428,#429
,#430),.UNSPECIFIED.,.T.,.F.) B_SPLINE_CURVE_WITH_KNOTS((1,2,2,2,2,1),(
    -2.094395102393,0.,2.094395102393,4.188790204786,6.28318530718,
8.377580409573),.UNSPECIFIED.) CURVE() GEOMETRIC_REPRESENTATION_ITEM() 
RATIONAL_B_SPLINE_CURVE((1.,0.5,1.,0.5,1.,0.5,1.)) REPRESENTATION_ITEM(
  '') );
#424 = CARTESIAN_POINT('',(128.,21.5));
#425 = CARTESIAN_POINT('',(128.,24.964101615138));
#426 = CARTESIAN_POINT('',(131.,23.232050807569));
#427 = CARTESIAN_POINT('',(134.,21.5));
#428 = CARTESIAN_POINT('',(131.,19.767949192431));
#429 = CARTESIAN_POINT('',(128.,18.035898384862));
#430 = CARTESIAN_POINT('',(128.,21.5));
#431 = ( GEOMETRIC_REPRESENTATION_CONTEXT(2) 
PARAMETRIC_REPRESENTATION_CONTEXT() REPRESENTATION_CONTEXT('2D SPACE',''
  ) );
#432 = PCURVE('',#433,#438);
#433 = CYLINDRICAL_SURFACE('',#434,2.);
#434 = AXIS2_PLACEMENT_3D('',#435,#436,#437);
#435 = CARTESIAN_POINT('',(21.5,-1.,-130.));
#436 = DIRECTION('',(0.,1.,0.));
#437 = DIRECTION('',(0.,-0.,1.));
#438 = DEFINITIONAL_REPRESENTATION('',(#439),#443);
#439 = LINE('',#440,#441);
#440 = CARTESIAN_POINT('',(0.,4.));
#441 = VECTOR('',#442,1.);
#442 = DIRECTION('',(1.,0.));
#443 = ( GEOMETRIC_REPRESENTATION_CONTEXT(2) 
PARAMETRIC_REPRESENTATION_CONTEXT() REPRESENTATION_CONTEXT('2D SPACE',''
  ) );
#444 = FACE_BOUND('',#445,.F.);
#445 = EDGE_LOOP('',(#446));
#446 = ORIENTED_EDGE('',*,*,#447,.T.);
#447 = EDGE_CURVE('',#448,#448,#450,.T.);
#448 = VERTEX_POINT('',#449);
#449 = CARTESIAN_POINT('',(10.,3.,-158.));
#450 = SURFACE_CURVE('',#451,(#456,#467),.PCURVE_S1.);
#451 = CIRCLE('',#452,2.);
#452 = AXIS2_PLACEMENT_3D('',#453,#454,#455);
#453 = CARTESIAN_POINT('',(10.,3.,-160.));
#454 = DIRECTION('',(0.,1.,0.));
#455 = DIRECTION('',(0.,-0.,1.));
#456 = PCURVE('',#32,#457);
#457 = DEFINITIONAL_REPRESENTATION('',(#458),#466);
#458 = ( BOUNDED_CURVE() B_SPLINE_CURVE(2,(#459,#460,#461,#462,#463,#464
,#465),.UNSPECIFIED.,.T.,.F.) B_SPLINE_CURVE_WITH_KNOTS((1,2,2,2,2,1),(
    -2.094395102393,0.,2.094395102393,4.188790204786,6.28318530718,
8.377580409573),.UNSPECIFIED.) CURVE() GEOMETRIC_REPRESENTATION_ITEM() 
RATIONAL_B_SPLINE_CURVE((1.,0.5,1.,0.5,1.,0.5,1.)) REPRESENTATION_ITEM(
  '') );
#459 = CARTESIAN_POINT('',(158.,10.));
#460 = CARTESIAN_POINT('',(158.,13.464101615138));
#461 = CARTESIAN_POINT('',(161.,11.732050807569));
#462 = CARTESIAN_POINT('',(164.,10.));
#463 = CARTESIAN_POINT('',(161.,8.267949192431));
#464 = CARTESIAN_POINT('',(158.,6.535898384862));
#465 = CARTESIAN_POINT('',(158.,10.));
#466 = ( GEOMETRIC_REPRESENTATION_CONTEXT(2) 
PARAMETRIC_REPRESENTATION_CONTEXT() REPRESENTATION_CONTEXT('2D SPACE',''
  ) );
#467 = PCURVE('',#468,#473);
#468 = CYLINDRICAL_SURFACE('',#469,2.);
#469 = AXIS2_PLACEMENT_3D('',#470,#471,#472);
#470 = CARTESIAN_POINT('',(10.,-1.,-160.));
#471 = DIRECTION('',(0.,1.,0.));
#472 = DIRECTION('',(0.,-0.,1.));
#473 = DEFINITIONAL_REPRESENTATION('',(#474),#478);
#474 = LINE('',#475,#476);
#475 = CARTESIAN_POINT('',(0.,4.));
#476 = VECTOR('',#477,1.);
#477 = DIRECTION('',(1.,0.));
#478 = ( GEOMETRIC_REPRESENTATION_CONTEXT(2) 
PARAMETRIC_REPRESENTATION_CONTEXT() REPRESENTATION_CONTEXT('2D SPACE',''
  ) );
#479 = FACE_BOUND('',#480,.F.);
#480 = EDGE_LOOP('',(#481));
#481 = ORIENTED_EDGE('',*,*,#482,.T.);
#482 = EDGE_CURVE('',#483,#483,#485,.T.);
#483 = VERTEX_POINT('',#484);
#484 = CARTESIAN_POINT('',(71.644,3.,-100.5));
#485 = SURFACE_CURVE('',#486,(#491,#502),.PCURVE_S1.);
#486 = CIRCLE('',#487,2.);
#487 = AXIS2_PLACEMENT_3D('',#488,#489,#490);
#488 = CARTESIAN_POINT('',(71.644,3.,-102.5));
#489 = DIRECTION('',(0.,1.,0.));
#490 = DIRECTION('',(0.,-0.,1.));
#491 = PCURVE('',#32,#492);
#492 = DEFINITIONAL_REPRESENTATION('',(#493),#501);
#493 = ( BOUNDED_CURVE() B_SPLINE_CURVE(2,(#494,#495,#496,#497,#498,#499
,#500),.UNSPECIFIED.,.T.,.F.) B_SPLINE_CURVE_WITH_KNOTS((1,2,2,2,2,1),(
    -2.094395102393,0.,2.094395102393,4.188790204786,6.28318530718,
8.377580409573),.UNSPECIFIED.) CURVE() GEOMETRIC_REPRESENTATION_ITEM() 
RATIONAL_B_SPLINE_CURVE((1.,0.5,1.,0.5,1.,0.5,1.)) REPRESENTATION_ITEM(
  '') );
#494 = CARTESIAN_POINT('',(100.5,71.644));
#495 = CARTESIAN_POINT('',(100.5,75.108101615138));
#496 = CARTESIAN_POINT('',(103.5,73.376050807569));
#497 = CARTESIAN_POINT('',(106.5,71.644));
#498 = CARTESIAN_POINT('',(103.5,69.911949192431));
#499 = CARTESIAN_POINT('',(100.5,68.179898384862));
#500 = CARTESIAN_POINT('',(100.5,71.644));
#501 = ( GEOMETRIC_REPRESENTATION_CONTEXT(2) 
PARAMETRIC_REPRESENTATION_CONTEXT() REPRESENTATION_CONTEXT('2D SPACE',''
  ) );
#502 = PCURVE('',#503,#508);
#503 = CYLINDRICAL_SURFACE('',#504,2.);
#504 = AXIS2_PLACEMENT_3D('',#505,#506,#507);
#505 = CARTESIAN_POINT('',(71.644,-1.,-102.5));
#506 = DIRECTION('',(0.,1.,0.));
#507 = DIRECTION('',(0.,-0.,1.));
#508 = DEFINITIONAL_REPRESENTATION('',(#509),#513);
#509 = LINE('',#510,#511);
#510 = CARTESIAN_POINT('',(0.,4.));
#511 = VECTOR('',#512,1.);
#512 = DIRECTION('',(1.,0.));
#513 = ( GEOMETRIC_REPRESENTATION_CONTEXT(2) 
PARAMETRIC_REPRESENTATION_CONTEXT() REPRESENTATION_CONTEXT('2D SPACE',''
  ) );
#514 = FACE_BOUND('',#515,.F.);
#515 = EDGE_LOOP('',(#516));
#516 = ORIENTED_EDGE('',*,*,#517,.T.);
#517 = EDGE_CURVE('',#518,#518,#520,.T.);
#518 = VERTEX_POINT('',#519);
#519 = CARTESIAN_POINT('',(58.5,3.,-128.));
#520 = SURFACE_CURVE('',#521,(#526,#537),.PCURVE_S1.);
#521 = CIRCLE('',#522,2.);
#522 = AXIS2_PLACEMENT_3D('',#523,#524,#525);
#523 = CARTESIAN_POINT('',(58.5,3.,-130.));
#524 = DIRECTION('',(0.,1.,0.));
#525 = DIRECTION('',(0.,-0.,1.));
#526 = PCURVE('',#32,#527);
#527 = DEFINITIONAL_REPRESENTATION('',(#528),#536);
#528 = ( BOUNDED_CURVE() B_SPLINE_CURVE(2,(#529,#530,#531,#532,#533,#534
,#535),.UNSPECIFIED.,.T.,.F.) B_SPLINE_CURVE_WITH_KNOTS((1,2,2,2,2,1),(
    -2.094395102393,0.,2.094395102393,4.188790204786,6.28318530718,
8.377580409573),.UNSPECIFIED.) CURVE() GEOMETRIC_REPRESENTATION_ITEM() 
RATIONAL_B_SPLINE_CURVE((1.,0.5,1.,0.5,1.,0.5,1.)) REPRESENTATION_ITEM(
  '') );
#529 = CARTESIAN_POINT('',(128.,58.5));
#530 = CARTESIAN_POINT('',(128.,61.964101615138));
#531 = CARTESIAN_POINT('',(131.,60.232050807569));
#532 = CARTESIAN_POINT('',(134.,58.5));
#533 = CARTESIAN_POINT('',(131.,56.767949192431));
#534 = CARTESIAN_POINT('',(128.,55.035898384862));
#535 = CARTESIAN_POINT('',(128.,58.5));
#536 = ( GEOMETRIC_REPRESENTATION_CONTEXT(2) 
PARAMETRIC_REPRESENTATION_CONTEXT() REPRESENTATION_CONTEXT('2D SPACE',''
  ) );
#537 = PCURVE('',#538,#543);
#538 = CYLINDRICAL_SURFACE('',#539,2.);
#539 = AXIS2_PLACEMENT_3D('',#540,#541,#542);
#540 = CARTESIAN_POINT('',(58.5,-1.,-130.));
#541 = DIRECTION('',(0.,1.,0.));
#542 = DIRECTION('',(0.,-0.,1.));
#543 = DEFINITIONAL_REPRESENTATION('',(#544),#548);
#544 = LINE('',#545,#546);
#545 = CARTESIAN_POINT('',(0.,4.));
#546 = VECTOR('',#547,1.);
#547 = DIRECTION('',(1.,0.));
#548 = ( GEOMETRIC_REPRESENTATION_CONTEXT(2) 
PARAMETRIC_REPRESENTATION_CONTEXT() REPRESENTATION_CONTEXT('2D SPACE',''
  ) );
#549 = FACE_BOUND('',#550,.F.);
#550 = EDGE_LOOP('',(#551));
#551 = ORIENTED_EDGE('',*,*,#552,.T.);
#552 = EDGE_CURVE('',#553,#553,#555,.T.);
#553 = VERTEX_POINT('',#554);
#554 = CARTESIAN_POINT('',(114.5,3.,-16.));
#555 = SURFACE_CURVE('',#556,(#561,#572),.PCURVE_S1.);
#556 = CIRCLE('',#557,2.);
#557 = AXIS2_PLACEMENT_3D('',#558,#559,#560);
#558 = CARTESIAN_POINT('',(114.5,3.,-18.));
#559 = DIRECTION('',(0.,1.,0.));
#560 = DIRECTION('',(0.,-0.,1.));
#561 = PCURVE('',#32,#562);
#562 = DEFINITIONAL_REPRESENTATION('',(#563),#571);
#563 = ( BOUNDED_CURVE() B_SPLINE_CURVE(2,(#564,#565,#566,#567,#568,#569
,#570),.UNSPECIFIED.,.T.,.F.) B_SPLINE_CURVE_WITH_KNOTS((1,2,2,2,2,1),(
    -2.094395102393,0.,2.094395102393,4.188790204786,6.28318530718,
8.377580409573),.UNSPECIFIED.) CURVE() GEOMETRIC_REPRESENTATION_ITEM() 
RATIONAL_B_SPLINE_CURVE((1.,0.5,1.,0.5,1.,0.5,1.)) REPRESENTATION_ITEM(
  '') );
#564 = CARTESIAN_POINT('',(16.,114.5));
#565 = CARTESIAN_POINT('',(16.,117.96410161513));
#566 = CARTESIAN_POINT('',(19.,116.23205080756));
#567 = CARTESIAN_POINT('',(22.,114.5));
#568 = CARTESIAN_POINT('',(19.,112.76794919243));
#569 = CARTESIAN_POINT('',(16.,111.03589838486));
#570 = CARTESIAN_POINT('',(16.,114.5));
#571 = ( GEOMETRIC_REPRESENTATION_CONTEXT(2) 
PARAMETRIC_REPRESENTATION_CONTEXT() REPRESENTATION_CONTEXT('2D SPACE',''
  ) );
#572 = PCURVE('',#573,#578);
#573 = CYLINDRICAL_SURFACE('',#574,2.);
#574 = AXIS2_PLACEMENT_3D('',#575,#576,#577);
#575 = CARTESIAN_POINT('',(114.5,-1.,-18.));
#576 = DIRECTION('',(0.,1.,0.));
#577 = DIRECTION('',(0.,-0.,1.));
#578 = DEFINITIONAL_REPRESENTATION('',(#579),#583);
#579 = LINE('',#580,#581);
#580 = CARTESIAN_POINT('',(0.,4.));
#581 = VECTOR('',#582,1.);
#582 = DIRECTION('',(1.,0.));
#583 = ( GEOMETRIC_REPRESENTATION_CONTEXT(2) 
PARAMETRIC_REPRESENTATION_CONTEXT() REPRESENTATION_CONTEXT('2D SPACE',''
  ) );
#584 = FACE_BOUND('',#585,.F.);
#585 = EDGE_LOOP('',(#586));
#586 = ORIENTED_EDGE('',*,*,#587,.T.);
#587 = EDGE_CURVE('',#588,#588,#590,.T.);
#588 = VERTEX_POINT('',#589);
#589 = CARTESIAN_POINT('',(114.5,3.,-53.5));
#590 = SURFACE_CURVE('',#591,(#596,#607),.PCURVE_S1.);
#591 = CIRCLE('',#592,2.);
#592 = AXIS2_PLACEMENT_3D('',#593,#594,#595);
#593 = CARTESIAN_POINT('',(114.5,3.,-55.5));
#594 = DIRECTION('',(0.,1.,0.));
#595 = DIRECTION('',(0.,-0.,1.));
#596 = PCURVE('',#32,#597);
#597 = DEFINITIONAL_REPRESENTATION('',(#598),#606);
#598 = ( BOUNDED_CURVE() B_SPLINE_CURVE(2,(#599,#600,#601,#602,#603,#604
,#605),.UNSPECIFIED.,.T.,.F.) B_SPLINE_CURVE_WITH_KNOTS((1,2,2,2,2,1),(
    -2.094395102393,0.,2.094395102393,4.188790204786,6.28318530718,
8.377580409573),.UNSPECIFIED.) CURVE() GEOMETRIC_REPRESENTATION_ITEM() 
RATIONAL_B_SPLINE_CURVE((1.,0.5,1.,0.5,1.,0.5,1.)) REPRESENTATION_ITEM(
  '') );
#599 = CARTESIAN_POINT('',(53.5,114.5));
#600 = CARTESIAN_POINT('',(53.5,117.96410161513));
#601 = CARTESIAN_POINT('',(56.5,116.23205080756));
#602 = CARTESIAN_POINT('',(59.5,114.5));
#603 = CARTESIAN_POINT('',(56.5,112.76794919243));
#604 = CARTESIAN_POINT('',(53.5,111.03589838486));
#605 = CARTESIAN_POINT('',(53.5,114.5));
#606 = ( GEOMETRIC_REPRESENTATION_CONTEXT(2) 
PARAMETRIC_REPRESENTATION_CONTEXT() REPRESENTATION_CONTEXT('2D SPACE',''
  ) );
#607 = PCURVE('',#608,#613);
#608 = CYLINDRICAL_SURFACE('',#609,2.);
#609 = AXIS2_PLACEMENT_3D('',#610,#611,#612);
#610 = CARTESIAN_POINT('',(114.5,-1.,-55.5));
#611 = DIRECTION('',(0.,1.,0.));
#612 = DIRECTION('',(0.,-0.,1.));
#613 = DEFINITIONAL_REPRESENTATION('',(#614),#618);
#614 = LINE('',#615,#616);
#615 = CARTESIAN_POINT('',(0.,4.));
#616 = VECTOR('',#617,1.);
#617 = DIRECTION('',(1.,0.));
#618 = ( GEOMETRIC_REPRESENTATION_CONTEXT(2) 
PARAMETRIC_REPRESENTATION_CONTEXT() REPRESENTATION_CONTEXT('2D SPACE',''
  ) );
#619 = FACE_BOUND('',#620,.F.);
#620 = EDGE_LOOP('',(#621));
#621 = ORIENTED_EDGE('',*,*,#622,.T.);
#622 = EDGE_CURVE('',#623,#623,#625,.T.);
#623 = VERTEX_POINT('',#624);
#624 = CARTESIAN_POINT('',(152.,3.,-16.));
#625 = SURFACE_CURVE('',#626,(#631,#642),.PCURVE_S1.);
#626 = CIRCLE('',#627,2.);
#627 = AXIS2_PLACEMENT_3D('',#628,#629,#630);
#628 = CARTESIAN_POINT('',(152.,3.,-18.));
#629 = DIRECTION('',(0.,1.,0.));
#630 = DIRECTION('',(0.,-0.,1.));
#631 = PCURVE('',#32,#632);
#632 = DEFINITIONAL_REPRESENTATION('',(#633),#641);
#633 = ( BOUNDED_CURVE() B_SPLINE_CURVE(2,(#634,#635,#636,#637,#638,#639
,#640),.UNSPECIFIED.,.T.,.F.) B_SPLINE_CURVE_WITH_KNOTS((1,2,2,2,2,1),(
    -2.094395102393,0.,2.094395102393,4.188790204786,6.28318530718,
8.377580409573),.UNSPECIFIED.) CURVE() GEOMETRIC_REPRESENTATION_ITEM() 
RATIONAL_B_SPLINE_CURVE((1.,0.5,1.,0.5,1.,0.5,1.)) REPRESENTATION_ITEM(
  '') );
#634 = CARTESIAN_POINT('',(16.,152.));
#635 = CARTESIAN_POINT('',(16.,155.46410161513));
#636 = CARTESIAN_POINT('',(19.,153.73205080756));
#637 = CARTESIAN_POINT('',(22.,152.));
#638 = CARTESIAN_POINT('',(19.,150.26794919243));
#639 = CARTESIAN_POINT('',(16.,148.53589838486));
#640 = CARTESIAN_POINT('',(16.,152.));
#641 = ( GEOMETRIC_REPRESENTATION_CONTEXT(2) 
PARAMETRIC_REPRESENTATION_CONTEXT() REPRESENTATION_CONTEXT('2D SPACE',''
  ) );
#642 = PCURVE('',#643,#648);
#643 = CYLINDRICAL_SURFACE('',#644,2.);
#644 = AXIS2_PLACEMENT_3D('',#645,#646,#647);
#645 = CARTESIAN_POINT('',(152.,-1.,-18.));
#646 = DIRECTION('',(0.,1.,0.));
#647 = DIRECTION('',(0.,-0.,1.));
#648 = DEFINITIONAL_REPRESENTATION('',(#649),#653);
#649 = LINE('',#650,#651);
#650 = CARTESIAN_POINT('',(0.,4.));
#651 = VECTOR('',#652,1.);
#652 = DIRECTION('',(1.,0.));
#653 = ( GEOMETRIC_REPRESENTATION_CONTEXT(2) 
PARAMETRIC_REPRESENTATION_CONTEXT() REPRESENTATION_CONTEXT('2D SPACE',''
  ) );
#654 = FACE_BOUND('',#655,.F.);
#655 = EDGE_LOOP('',(#656));
#656 = ORIENTED_EDGE('',*,*,#657,.T.);
#657 = EDGE_CURVE('',#658,#658,#660,.T.);
#658 = VERTEX_POINT('',#659);
#659 = CARTESIAN_POINT('',(160.,3.,-8.));
#660 = SURFACE_CURVE('',#661,(#666,#677),.PCURVE_S1.);
#661 = CIRCLE('',#662,2.);
#662 = AXIS2_PLACEMENT_3D('',#663,#664,#665);
#663 = CARTESIAN_POINT('',(160.,3.,-10.));
#664 = DIRECTION('',(0.,1.,0.));
#665 = DIRECTION('',(0.,-0.,1.));
#666 = PCURVE('',#32,#667);
#667 = DEFINITIONAL_REPRESENTATION('',(#668),#676);
#668 = ( BOUNDED_CURVE() B_SPLINE_CURVE(2,(#669,#670,#671,#672,#673,#674
,#675),.UNSPECIFIED.,.T.,.F.) B_SPLINE_CURVE_WITH_KNOTS((1,2,2,2,2,1),(
    -2.094395102393,0.,2.094395102393,4.188790204786,6.28318530718,
8.377580409573),.UNSPECIFIED.) CURVE() GEOMETRIC_REPRESENTATION_ITEM() 
RATIONAL_B_SPLINE_CURVE((1.,0.5,1.,0.5,1.,0.5,1.)) REPRESENTATION_ITEM(
  '') );
#669 = CARTESIAN_POINT('',(8.,160.));
#670 = CARTESIAN_POINT('',(8.,163.46410161513));
#671 = CARTESIAN_POINT('',(11.,161.73205080756));
#672 = CARTESIAN_POINT('',(14.,160.));
#673 = CARTESIAN_POINT('',(11.,158.26794919243));
#674 = CARTESIAN_POINT('',(8.,156.53589838486));
#675 = CARTESIAN_POINT('',(8.,160.));
#676 = ( GEOMETRIC_REPRESENTATION_CONTEXT(2) 
PARAMETRIC_REPRESENTATION_CONTEXT() REPRESENTATION_CONTEXT('2D SPACE',''
  ) );
#677 = PCURVE('',#678,#683);
#678 = CYLINDRICAL_SURFACE('',#679,2.);
#679 = AXIS2_PLACEMENT_3D('',#680,#681,#682);
#680 = CARTESIAN_POINT('',(160.,-1.,-10.));
#681 = DIRECTION('',(0.,1.,0.));
#682 = DIRECTION('',(0.,-0.,1.));
#683 = DEFINITIONAL_REPRESENTATION('',(#684),#688);
#684 = LINE('',#685,#686);
#685 = CARTESIAN_POINT('',(0.,4.));
#686 = VECTOR('',#687,1.);
#687 = DIRECTION('',(1.,0.));
#688 = ( GEOMETRIC_REPRESENTATION_CONTEXT(2) 
PARAMETRIC_REPRESENTATION_CONTEXT() REPRESENTATION_CONTEXT('2D SPACE',''
  ) );
#689 = FACE_BOUND('',#690,.F.);
#690 = EDGE_LOOP('',(#691));
#691 = ORIENTED_EDGE('',*,*,#692,.T.);
#692 = EDGE_CURVE('',#693,#693,#695,.T.);
#693 = VERTEX_POINT('',#694);
#694 = CARTESIAN_POINT('',(152.,3.,-53.5));
#695 = SURFACE_CURVE('',#696,(#701,#712),.PCURVE_S1.);
#696 = CIRCLE('',#697,2.);
#697 = AXIS2_PLACEMENT_3D('',#698,#699,#700);
#698 = CARTESIAN_POINT('',(152.,3.,-55.5));
#699 = DIRECTION('',(0.,1.,0.));
#700 = DIRECTION('',(0.,-0.,1.));
#701 = PCURVE('',#32,#702);
#702 = DEFINITIONAL_REPRESENTATION('',(#703),#711);
#703 = ( BOUNDED_CURVE() B_SPLINE_CURVE(2,(#704,#705,#706,#707,#708,#709
,#710),.UNSPECIFIED.,.T.,.F.) B_SPLINE_CURVE_WITH_KNOTS((1,2,2,2,2,1),(
    -2.094395102393,0.,2.094395102393,4.188790204786,6.28318530718,
8.377580409573),.UNSPECIFIED.) CURVE() GEOMETRIC_REPRESENTATION_ITEM() 
RATIONAL_B_SPLINE_CURVE((1.,0.5,1.,0.5,1.,0.5,1.)) REPRESENTATION_ITEM(
  '') );
#704 = CARTESIAN_POINT('',(53.5,152.));
#705 = CARTESIAN_POINT('',(53.5,155.46410161513));
#706 = CARTESIAN_POINT('',(56.5,153.73205080756));
#707 = CARTESIAN_POINT('',(59.5,152.));
#708 = CARTESIAN_POINT('',(56.5,150.26794919243));
#709 = CARTESIAN_POINT('',(53.5,148.53589838486));
#710 = CARTESIAN_POINT('',(53.5,152.));
#711 = ( GEOMETRIC_REPRESENTATION_CONTEXT(2) 
PARAMETRIC_REPRESENTATION_CONTEXT() REPRESENTATION_CONTEXT('2D SPACE',''
  ) );
#712 = PCURVE('',#713,#718);
#713 = CYLINDRICAL_SURFACE('',#714,2.);
#714 = AXIS2_PLACEMENT_3D('',#715,#716,#717);
#715 = CARTESIAN_POINT('',(152.,-1.,-55.5));
#716 = DIRECTION('',(0.,1.,0.));
#717 = DIRECTION('',(0.,-0.,1.));
#718 = DEFINITIONAL_REPRESENTATION('',(#719),#723);
#719 = LINE('',#720,#721);
#720 = CARTESIAN_POINT('',(0.,4.));
#721 = VECTOR('',#722,1.);
#722 = DIRECTION('',(1.,0.));
#723 = ( GEOMETRIC_REPRESENTATION_CONTEXT(2) 
PARAMETRIC_REPRESENTATION_CONTEXT() REPRESENTATION_CONTEXT('2D SPACE',''
  ) );
#724 = FACE_BOUND('',#725,.F.);
#725 = EDGE_LOOP('',(#726));
#726 = ORIENTED_EDGE('',*,*,#727,.T.);
#727 = EDGE_CURVE('',#728,#728,#730,.T.);
#728 = VERTEX_POINT('',#729);
#729 = CARTESIAN_POINT('',(114.5,3.,-112.5));
#730 = SURFACE_CURVE('',#731,(#736,#747),.PCURVE_S1.);
#731 = CIRCLE('',#732,2.);
#732 = AXIS2_PLACEMENT_3D('',#733,#734,#735);
#733 = CARTESIAN_POINT('',(114.5,3.,-114.5));
#734 = DIRECTION('',(0.,1.,0.));
#735 = DIRECTION('',(0.,-0.,1.));
#736 = PCURVE('',#32,#737);
#737 = DEFINITIONAL_REPRESENTATION('',(#738),#746);
#738 = ( BOUNDED_CURVE() B_SPLINE_CURVE(2,(#739,#740,#741,#742,#743,#744
,#745),.UNSPECIFIED.,.T.,.F.) B_SPLINE_CURVE_WITH_KNOTS((1,2,2,2,2,1),(
    -2.094395102393,0.,2.094395102393,4.188790204786,6.28318530718,
8.377580409573),.UNSPECIFIED.) CURVE() GEOMETRIC_REPRESENTATION_ITEM() 
RATIONAL_B_SPLINE_CURVE((1.,0.5,1.,0.5,1.,0.5,1.)) REPRESENTATION_ITEM(
  '') );
#739 = CARTESIAN_POINT('',(112.5,114.5));
#740 = CARTESIAN_POINT('',(112.5,117.96410161513));
#741 = CARTESIAN_POINT('',(115.5,116.23205080756));
#742 = CARTESIAN_POINT('',(118.5,114.5));
#743 = CARTESIAN_POINT('',(115.5,112.76794919243));
#744 = CARTESIAN_POINT('',(112.5,111.03589838486));
#745 = CARTESIAN_POINT('',(112.5,114.5));
#746 = ( GEOMETRIC_REPRESENTATION_CONTEXT(2) 
PARAMETRIC_REPRESENTATION_CONTEXT() REPRESENTATION_CONTEXT('2D SPACE',''
  ) );
#747 = PCURVE('',#748,#753);
#748 = CYLINDRICAL_SURFACE('',#749,2.);
#749 = AXIS2_PLACEMENT_3D('',#750,#751,#752);
#750 = CARTESIAN_POINT('',(114.5,-1.,-114.5));
#751 = DIRECTION('',(0.,1.,0.));
#752 = DIRECTION('',(0.,-0.,1.));
#753 = DEFINITIONAL_REPRESENTATION('',(#754),#758);
#754 = LINE('',#755,#756);
#755 = CARTESIAN_POINT('',(0.,4.));
#756 = VECTOR('',#757,1.);
#757 = DIRECTION('',(1.,0.));
#758 = ( GEOMETRIC_REPRESENTATION_CONTEXT(2) 
PARAMETRIC_REPRESENTATION_CONTEXT() REPRESENTATION_CONTEXT('2D SPACE',''
  ) );
#759 = FACE_BOUND('',#760,.F.);
#760 = EDGE_LOOP('',(#761));
#761 = ORIENTED_EDGE('',*,*,#762,.T.);
#762 = EDGE_CURVE('',#763,#763,#765,.T.);
#763 = VERTEX_POINT('',#764);
#764 = CARTESIAN_POINT('',(114.5,3.,-150.));
#765 = SURFACE_CURVE('',#766,(#771,#782),.PCURVE_S1.);
#766 = CIRCLE('',#767,2.);
#767 = AXIS2_PLACEMENT_3D('',#768,#769,#770);
#768 = CARTESIAN_POINT('',(114.5,3.,-152.));
#769 = DIRECTION('',(0.,1.,0.));
#770 = DIRECTION('',(0.,-0.,1.));
#771 = PCURVE('',#32,#772);
#772 = DEFINITIONAL_REPRESENTATION('',(#773),#781);
#773 = ( BOUNDED_CURVE() B_SPLINE_CURVE(2,(#774,#775,#776,#777,#778,#779
,#780),.UNSPECIFIED.,.T.,.F.) B_SPLINE_CURVE_WITH_KNOTS((1,2,2,2,2,1),(
    -2.094395102393,0.,2.094395102393,4.188790204786,6.28318530718,
8.377580409573),.UNSPECIFIED.) CURVE() GEOMETRIC_REPRESENTATION_ITEM() 
RATIONAL_B_SPLINE_CURVE((1.,0.5,1.,0.5,1.,0.5,1.)) REPRESENTATION_ITEM(
  '') );
#774 = CARTESIAN_POINT('',(150.,114.5));
#775 = CARTESIAN_POINT('',(150.,117.96410161513));
#776 = CARTESIAN_POINT('',(153.,116.23205080756));
#777 = CARTESIAN_POINT('',(156.,114.5));
#778 = CARTESIAN_POINT('',(153.,112.76794919243));
#779 = CARTESIAN_POINT('',(150.,111.03589838486));
#780 = CARTESIAN_POINT('',(150.,114.5));
#781 = ( GEOMETRIC_REPRESENTATION_CONTEXT(2) 
PARAMETRIC_REPRESENTATION_CONTEXT() REPRESENTATION_CONTEXT('2D SPACE',''
  ) );
#782 = PCURVE('',#783,#788);
#783 = CYLINDRICAL_SURFACE('',#784,2.);
#784 = AXIS2_PLACEMENT_3D('',#785,#786,#787);
#785 = CARTESIAN_POINT('',(114.5,-1.,-152.));
#786 = DIRECTION('',(0.,1.,0.));
#787 = DIRECTION('',(0.,-0.,1.));
#788 = DEFINITIONAL_REPRESENTATION('',(#789),#793);
#789 = LINE('',#790,#791);
#790 = CARTESIAN_POINT('',(0.,4.));
#791 = VECTOR('',#792,1.);
#792 = DIRECTION('',(1.,0.));
#793 = ( GEOMETRIC_REPRESENTATION_CONTEXT(2) 
PARAMETRIC_REPRESENTATION_CONTEXT() REPRESENTATION_CONTEXT('2D SPACE',''
  ) );
#794 = FACE_BOUND('',#795,.F.);
#795 = EDGE_LOOP('',(#796));
#796 = ORIENTED_EDGE('',*,*,#797,.T.);
#797 = EDGE_CURVE('',#798,#798,#800,.T.);
#798 = VERTEX_POINT('',#799);
#799 = CARTESIAN_POINT('',(152.,3.,-112.5));
#800 = SURFACE_CURVE('',#801,(#806,#817),.PCURVE_S1.);
#801 = CIRCLE('',#802,2.);
#802 = AXIS2_PLACEMENT_3D('',#803,#804,#805);
#803 = CARTESIAN_POINT('',(152.,3.,-114.5));
#804 = DIRECTION('',(0.,1.,0.));
#805 = DIRECTION('',(0.,-0.,1.));
#806 = PCURVE('',#32,#807);
#807 = DEFINITIONAL_REPRESENTATION('',(#808),#816);
#808 = ( BOUNDED_CURVE() B_SPLINE_CURVE(2,(#809,#810,#811,#812,#813,#814
,#815),.UNSPECIFIED.,.T.,.F.) B_SPLINE_CURVE_WITH_KNOTS((1,2,2,2,2,1),(
    -2.094395102393,0.,2.094395102393,4.188790204786,6.28318530718,
8.377580409573),.UNSPECIFIED.) CURVE() GEOMETRIC_REPRESENTATION_ITEM() 
RATIONAL_B_SPLINE_CURVE((1.,0.5,1.,0.5,1.,0.5,1.)) REPRESENTATION_ITEM(
  '') );
#809 = CARTESIAN_POINT('',(112.5,152.));
#810 = CARTESIAN_POINT('',(112.5,155.46410161513));
#811 = CARTESIAN_POINT('',(115.5,153.73205080756));
#812 = CARTESIAN_POINT('',(118.5,152.));
#813 = CARTESIAN_POINT('',(115.5,150.26794919243));
#814 = CARTESIAN_POINT('',(112.5,148.53589838486));
#815 = CARTESIAN_POINT('',(112.5,152.));
#816 = ( GEOMETRIC_REPRESENTATION_CONTEXT(2) 
PARAMETRIC_REPRESENTATION_CONTEXT() REPRESENTATION_CONTEXT('2D SPACE',''
  ) );
#817 = PCURVE('',#818,#823);
#818 = CYLINDRICAL_SURFACE('',#819,2.);
#819 = AXIS2_PLACEMENT_3D('',#820,#821,#822);
#820 = CARTESIAN_POINT('',(152.,-1.,-114.5));
#821 = DIRECTION('',(0.,1.,0.));
#822 = DIRECTION('',(0.,-0.,1.));
#823 = DEFINITIONAL_REPRESENTATION('',(#824),#828);
#824 = LINE('',#825,#826);
#825 = CARTESIAN_POINT('',(0.,4.));
#826 = VECTOR('',#827,1.);
#827 = DIRECTION('',(1.,0.));
#828 = ( GEOMETRIC_REPRESENTATION_CONTEXT(2) 
PARAMETRIC_REPRESENTATION_CONTEXT() REPRESENTATION_CONTEXT('2D SPACE',''
  ) );
#829 = FACE_BOUND('',#830,.F.);
#830 = EDGE_LOOP('',(#831));
#831 = ORIENTED_EDGE('',*,*,#832,.T.);
#832 = EDGE_CURVE('',#833,#833,#835,.T.);
#833 = VERTEX_POINT('',#834);
#834 = CARTESIAN_POINT('',(152.,3.,-150.));
#835 = SURFACE_CURVE('',#836,(#841,#852),.PCURVE_S1.);
#836 = CIRCLE('',#837,2.);
#837 = AXIS2_PLACEMENT_3D('',#838,#839,#840);
#838 = CARTESIAN_POINT('',(152.,3.,-152.));
#839 = DIRECTION('',(0.,1.,0.));
#840 = DIRECTION('',(0.,-0.,1.));
#841 = PCURVE('',#32,#842);
#842 = DEFINITIONAL_REPRESENTATION('',(#843),#851);
#843 = ( BOUNDED_CURVE() B_SPLINE_CURVE(2,(#844,#845,#846,#847,#848,#849
,#850),.UNSPECIFIED.,.T.,.F.) B_SPLINE_CURVE_WITH_KNOTS((1,2,2,2,2,1),(
    -2.094395102393,0.,2.094395102393,4.188790204786,6.28318530718,
8.377580409573),.UNSPECIFIED.) CURVE() GEOMETRIC_REPRESENTATION_ITEM() 
RATIONAL_B_SPLINE_CURVE((1.,0.5,1.,0.5,1.,0.5,1.)) REPRESENTATION_ITEM(
  '') );
#844 = CARTESIAN_POINT('',(150.,152.));
#845 = CARTESIAN_POINT('',(150.,155.46410161513));
#846 = CARTESIAN_POINT('',(153.,153.73205080756));
#847 = CARTESIAN_POINT('',(156.,152.));
#848 = CARTESIAN_POINT('',(153.,150.26794919243));
#849 = CARTESIAN_POINT('',(150.,148.53589838486));
#850 = CARTESIAN_POINT('',(150.,152.));
#851 = ( GEOMETRIC_REPRESENTATION_CONTEXT(2) 
PARAMETRIC_REPRESENTATION_CONTEXT() REPRESENTATION_CONTEXT('2D SPACE',''
  ) );
#852 = PCURVE('',#853,#858);
#853 = CYLINDRICAL_SURFACE('',#854,2.);
#854 = AXIS2_PLACEMENT_3D('',#855,#856,#857);
#855 = CARTESIAN_POINT('',(152.,-1.,-152.));
#856 = DIRECTION('',(0.,1.,0.));
#857 = DIRECTION('',(0.,-0.,1.));
#858 = DEFINITIONAL_REPRESENTATION('',(#859),#863);
#859 = LINE('',#860,#861);
#860 = CARTESIAN_POINT('',(0.,4.));
#861 = VECTOR('',#862,1.);
#862 = DIRECTION('',(1.,0.));
#863 = ( GEOMETRIC_REPRESENTATION_CONTEXT(2) 
PARAMETRIC_REPRESENTATION_CONTEXT() REPRESENTATION_CONTEXT('2D SPACE',''
  ) );
#864 = FACE_BOUND('',#865,.F.);
#865 = EDGE_LOOP('',(#866));
#866 = ORIENTED_EDGE('',*,*,#867,.T.);
#867 = EDGE_CURVE('',#868,#868,#870,.T.);
#868 = VERTEX_POINT('',#869);
#869 = CARTESIAN_POINT('',(160.,3.,-158.));
#870 = SURFACE_CURVE('',#871,(#876,#887),.PCURVE_S1.);
#871 = CIRCLE('',#872,2.);
#872 = AXIS2_PLACEMENT_3D('',#873,#874,#875);
#873 = CARTESIAN_POINT('',(160.,3.,-160.));
#874 = DIRECTION('',(0.,1.,0.));
#875 = DIRECTION('',(0.,-0.,1.));
#876 = PCURVE('',#32,#877);
#877 = DEFINITIONAL_REPRESENTATION('',(#878),#886);
#878 = ( BOUNDED_CURVE() B_SPLINE_CURVE(2,(#879,#880,#881,#882,#883,#884
,#885),.UNSPECIFIED.,.T.,.F.) B_SPLINE_CURVE_WITH_KNOTS((1,2,2,2,2,1),(
    -2.094395102393,0.,2.094395102393,4.188790204786,6.28318530718,
8.377580409573),.UNSPECIFIED.) CURVE() GEOMETRIC_REPRESENTATION_ITEM() 
RATIONAL_B_SPLINE_CURVE((1.,0.5,1.,0.5,1.,0.5,1.)) REPRESENTATION_ITEM(
  '') );
#879 = CARTESIAN_POINT('',(158.,160.));
#880 = CARTESIAN_POINT('',(158.,163.46410161513));
#881 = CARTESIAN_POINT('',(161.,161.73205080756));
#882 = CARTESIAN_POINT('',(164.,160.));
#883 = CARTESIAN_POINT('',(161.,158.26794919243));
#884 = CARTESIAN_POINT('',(158.,156.53589838486));
#885 = CARTESIAN_POINT('',(158.,160.));
#886 = ( GEOMETRIC_REPRESENTATION_CONTEXT(2) 
PARAMETRIC_REPRESENTATION_CONTEXT() REPRESENTATION_CONTEXT('2D SPACE',''
  ) );
#887 = PCURVE('',#888,#893);
#888 = CYLINDRICAL_SURFACE('',#889,2.);
#889 = AXIS2_PLACEMENT_3D('',#890,#891,#892);
#890 = CARTESIAN_POINT('',(160.,-1.,-160.));
#891 = DIRECTION('',(0.,1.,0.));
#892 = DIRECTION('',(0.,-0.,1.));
#893 = DEFINITIONAL_REPRESENTATION('',(#894),#898);
#894 = LINE('',#895,#896);
#895 = CARTESIAN_POINT('',(0.,4.));
#896 = VECTOR('',#897,1.);
#897 = DIRECTION('',(1.,0.));
#898 = ( GEOMETRIC_REPRESENTATION_CONTEXT(2) 
PARAMETRIC_REPRESENTATION_CONTEXT() REPRESENTATION_CONTEXT('2D SPACE',''
  ) );
#899 = ADVANCED_FACE('',(#900),#44,.F.);
#900 = FACE_BOUND('',#901,.T.);
#901 = EDGE_LOOP('',(#902,#932,#953,#954));
#902 = ORIENTED_EDGE('',*,*,#903,.T.);
#903 = EDGE_CURVE('',#904,#906,#908,.T.);
#904 = VERTEX_POINT('',#905);
#905 = CARTESIAN_POINT('',(160.,0.,-170.));
#906 = VERTEX_POINT('',#907);
#907 = CARTESIAN_POINT('',(10.,0.,-170.));
#908 = SURFACE_CURVE('',#909,(#913,#920),.PCURVE_S1.);
#909 = LINE('',#910,#911);
#910 = CARTESIAN_POINT('',(0.,0.,-170.));
#911 = VECTOR('',#912,1.);
#912 = DIRECTION('',(-1.,-0.,-0.));
#913 = PCURVE('',#44,#914);
#914 = DEFINITIONAL_REPRESENTATION('',(#915),#919);
#915 = LINE('',#916,#917);
#916 = CARTESIAN_POINT('',(0.,-3.));
#917 = VECTOR('',#918,1.);
#918 = DIRECTION('',(-1.,0.));
#919 = ( GEOMETRIC_REPRESENTATION_CONTEXT(2) 
PARAMETRIC_REPRESENTATION_CONTEXT() REPRESENTATION_CONTEXT('2D SPACE',''
  ) );
#920 = PCURVE('',#921,#926);
#921 = PLANE('',#922);
#922 = AXIS2_PLACEMENT_3D('',#923,#924,#925);
#923 = CARTESIAN_POINT('',(0.,0.,0.));
#924 = DIRECTION('',(0.,-1.,0.));
#925 = DIRECTION('',(0.,-0.,-1.));
#926 = DEFINITIONAL_REPRESENTATION('',(#927),#931);
#927 = LINE('',#928,#929);
#928 = CARTESIAN_POINT('',(170.,0.));
#929 = VECTOR('',#930,1.);
#930 = DIRECTION('',(0.,-1.));
#931 = ( GEOMETRIC_REPRESENTATION_CONTEXT(2) 
PARAMETRIC_REPRESENTATION_CONTEXT() REPRESENTATION_CONTEXT('2D SPACE',''
  ) );
#932 = ORIENTED_EDGE('',*,*,#933,.T.);
#933 = EDGE_CURVE('',#906,#24,#934,.T.);
#934 = SURFACE_CURVE('',#935,(#939,#946),.PCURVE_S1.);
#935 = LINE('',#936,#937);
#936 = CARTESIAN_POINT('',(10.,3.,-170.));
#937 = VECTOR('',#938,1.);
#938 = DIRECTION('',(-0.,1.,-0.));
#939 = PCURVE('',#44,#940);
#940 = DEFINITIONAL_REPRESENTATION('',(#941),#945);
#941 = LINE('',#942,#943);
#942 = CARTESIAN_POINT('',(10.,0.));
#943 = VECTOR('',#944,1.);
#944 = DIRECTION('',(0.,1.));
#945 = ( GEOMETRIC_REPRESENTATION_CONTEXT(2) 
PARAMETRIC_REPRESENTATION_CONTEXT() REPRESENTATION_CONTEXT('2D SPACE',''
  ) );
#946 = PCURVE('',#258,#947);
#947 = DEFINITIONAL_REPRESENTATION('',(#948),#952);
#948 = LINE('',#949,#950);
#949 = CARTESIAN_POINT('',(6.28318530718,0.));
#950 = VECTOR('',#951,1.);
#951 = DIRECTION('',(0.,-1.));
#952 = ( GEOMETRIC_REPRESENTATION_CONTEXT(2) 
PARAMETRIC_REPRESENTATION_CONTEXT() REPRESENTATION_CONTEXT('2D SPACE',''
  ) );
#953 = ORIENTED_EDGE('',*,*,#21,.F.);
#954 = ORIENTED_EDGE('',*,*,#955,.T.);
#955 = EDGE_CURVE('',#22,#904,#956,.T.);
#956 = SURFACE_CURVE('',#957,(#961,#968),.PCURVE_S1.);
#957 = LINE('',#958,#959);
#958 = CARTESIAN_POINT('',(160.,3.,-170.));
#959 = VECTOR('',#960,1.);
#960 = DIRECTION('',(0.,-1.,0.));
#961 = PCURVE('',#44,#962);
#962 = DEFINITIONAL_REPRESENTATION('',(#963),#967);
#963 = LINE('',#964,#965);
#964 = CARTESIAN_POINT('',(160.,0.));
#965 = VECTOR('',#966,1.);
#966 = DIRECTION('',(0.,-1.));
#967 = ( GEOMETRIC_REPRESENTATION_CONTEXT(2) 
PARAMETRIC_REPRESENTATION_CONTEXT() REPRESENTATION_CONTEXT('2D SPACE',''
  ) );
#968 = PCURVE('',#77,#969);
#969 = DEFINITIONAL_REPRESENTATION('',(#970),#974);
#970 = LINE('',#971,#972);
#971 = CARTESIAN_POINT('',(0.,0.));
#972 = VECTOR('',#973,1.);
#973 = DIRECTION('',(0.,1.));
#974 = ( GEOMETRIC_REPRESENTATION_CONTEXT(2) 
PARAMETRIC_REPRESENTATION_CONTEXT() REPRESENTATION_CONTEXT('2D SPACE',''
  ) );
#975 = ADVANCED_FACE('',(#976),#77,.T.);
#976 = FACE_BOUND('',#977,.T.);
#977 = EDGE_LOOP('',(#978,#979,#1002,#1024));
#978 = ORIENTED_EDGE('',*,*,#56,.F.);
#979 = ORIENTED_EDGE('',*,*,#980,.F.);
#980 = EDGE_CURVE('',#981,#57,#983,.T.);
#981 = VERTEX_POINT('',#982);
#982 = CARTESIAN_POINT('',(170.,0.,-160.));
#983 = SURFACE_CURVE('',#984,(#988,#995),.PCURVE_S1.);
#984 = LINE('',#985,#986);
#985 = CARTESIAN_POINT('',(170.,3.,-160.));
#986 = VECTOR('',#987,1.);
#987 = DIRECTION('',(-0.,1.,-0.));
#988 = PCURVE('',#77,#989);
#989 = DEFINITIONAL_REPRESENTATION('',(#990),#994);
#990 = LINE('',#991,#992);
#991 = CARTESIAN_POINT('',(1.570796326795,0.));
#992 = VECTOR('',#993,1.);
#993 = DIRECTION('',(0.,-1.));
#994 = ( GEOMETRIC_REPRESENTATION_CONTEXT(2) 
PARAMETRIC_REPRESENTATION_CONTEXT() REPRESENTATION_CONTEXT('2D SPACE',''
  ) );
#995 = PCURVE('',#105,#996);
#996 = DEFINITIONAL_REPRESENTATION('',(#997),#1001);
#997 = LINE('',#998,#999);
#998 = CARTESIAN_POINT('',(-160.,0.));
#999 = VECTOR('',#1000,1.);
#1000 = DIRECTION('',(0.,1.));
#1001 = ( GEOMETRIC_REPRESENTATION_CONTEXT(2) 
PARAMETRIC_REPRESENTATION_CONTEXT() REPRESENTATION_CONTEXT('2D SPACE',''
  ) );
#1002 = ORIENTED_EDGE('',*,*,#1003,.F.);
#1003 = EDGE_CURVE('',#904,#981,#1004,.T.);
#1004 = SURFACE_CURVE('',#1005,(#1010,#1017),.PCURVE_S1.);
#1005 = CIRCLE('',#1006,10.);
#1006 = AXIS2_PLACEMENT_3D('',#1007,#1008,#1009);
#1007 = CARTESIAN_POINT('',(160.,0.,-160.));
#1008 = DIRECTION('',(0.,-1.,0.));
#1009 = DIRECTION('',(0.,0.,-1.));
#1010 = PCURVE('',#77,#1011);
#1011 = DEFINITIONAL_REPRESENTATION('',(#1012),#1016);
#1012 = LINE('',#1013,#1014);
#1013 = CARTESIAN_POINT('',(0.,3.));
#1014 = VECTOR('',#1015,1.);
#1015 = DIRECTION('',(1.,0.));
#1016 = ( GEOMETRIC_REPRESENTATION_CONTEXT(2) 
PARAMETRIC_REPRESENTATION_CONTEXT() REPRESENTATION_CONTEXT('2D SPACE',''
  ) );
#1017 = PCURVE('',#921,#1018);
#1018 = DEFINITIONAL_REPRESENTATION('',(#1019),#1023);
#1019 = CIRCLE('',#1020,10.);
#1020 = AXIS2_PLACEMENT_2D('',#1021,#1022);
#1021 = CARTESIAN_POINT('',(160.,160.));
#1022 = DIRECTION('',(1.,0.));
#1023 = ( GEOMETRIC_REPRESENTATION_CONTEXT(2) 
PARAMETRIC_REPRESENTATION_CONTEXT() REPRESENTATION_CONTEXT('2D SPACE',''
  ) );
#1024 = ORIENTED_EDGE('',*,*,#955,.F.);
#1025 = ADVANCED_FACE('',(#1026),#258,.T.);
#1026 = FACE_BOUND('',#1027,.T.);
#1027 = EDGE_LOOP('',(#1028,#1029,#1030,#1054));
#1028 = ORIENTED_EDGE('',*,*,#239,.F.);
#1029 = ORIENTED_EDGE('',*,*,#933,.F.);
#1030 = ORIENTED_EDGE('',*,*,#1031,.F.);
#1031 = EDGE_CURVE('',#1032,#906,#1034,.T.);
#1032 = VERTEX_POINT('',#1033);
#1033 = CARTESIAN_POINT('',(0.,0.,-160.));
#1034 = SURFACE_CURVE('',#1035,(#1040,#1047),.PCURVE_S1.);
#1035 = CIRCLE('',#1036,10.);
#1036 = AXIS2_PLACEMENT_3D('',#1037,#1038,#1039);
#1037 = CARTESIAN_POINT('',(10.,0.,-160.));
#1038 = DIRECTION('',(0.,-1.,0.));
#1039 = DIRECTION('',(0.,0.,-1.));
#1040 = PCURVE('',#258,#1041);
#1041 = DEFINITIONAL_REPRESENTATION('',(#1042),#1046);
#1042 = LINE('',#1043,#1044);
#1043 = CARTESIAN_POINT('',(0.,3.));
#1044 = VECTOR('',#1045,1.);
#1045 = DIRECTION('',(1.,0.));
#1046 = ( GEOMETRIC_REPRESENTATION_CONTEXT(2) 
PARAMETRIC_REPRESENTATION_CONTEXT() REPRESENTATION_CONTEXT('2D SPACE',''
  ) );
#1047 = PCURVE('',#921,#1048);
#1048 = DEFINITIONAL_REPRESENTATION('',(#1049),#1053);
#1049 = CIRCLE('',#1050,10.);
#1050 = AXIS2_PLACEMENT_2D('',#1051,#1052);
#1051 = CARTESIAN_POINT('',(160.,10.));
#1052 = DIRECTION('',(1.,0.));
#1053 = ( GEOMETRIC_REPRESENTATION_CONTEXT(2) 
PARAMETRIC_REPRESENTATION_CONTEXT() REPRESENTATION_CONTEXT('2D SPACE',''
  ) );
#1054 = ORIENTED_EDGE('',*,*,#1055,.F.);
#1055 = EDGE_CURVE('',#212,#1032,#1056,.T.);
#1056 = SURFACE_CURVE('',#1057,(#1061,#1068),.PCURVE_S1.);
#1057 = LINE('',#1058,#1059);
#1058 = CARTESIAN_POINT('',(0.,3.,-160.));
#1059 = VECTOR('',#1060,1.);
#1060 = DIRECTION('',(-0.,-1.,0.));
#1061 = PCURVE('',#258,#1062);
#1062 = DEFINITIONAL_REPRESENTATION('',(#1063),#1067);
#1063 = LINE('',#1064,#1065);
#1064 = CARTESIAN_POINT('',(4.712388980385,0.));
#1065 = VECTOR('',#1066,1.);
#1066 = DIRECTION('',(0.,1.));
#1067 = ( GEOMETRIC_REPRESENTATION_CONTEXT(2) 
PARAMETRIC_REPRESENTATION_CONTEXT() REPRESENTATION_CONTEXT('2D SPACE',''
  ) );
#1068 = PCURVE('',#227,#1069);
#1069 = DEFINITIONAL_REPRESENTATION('',(#1070),#1074);
#1070 = LINE('',#1071,#1072);
#1071 = CARTESIAN_POINT('',(160.,0.));
#1072 = VECTOR('',#1073,1.);
#1073 = DIRECTION('',(-0.,-1.));
#1074 = ( GEOMETRIC_REPRESENTATION_CONTEXT(2) 
PARAMETRIC_REPRESENTATION_CONTEXT() REPRESENTATION_CONTEXT('2D SPACE',''
  ) );
#1075 = ADVANCED_FACE('',(#1076),#105,.F.);
#1076 = FACE_BOUND('',#1077,.T.);
#1077 = EDGE_LOOP('',(#1078,#1101,#1102,#1103));
#1078 = ORIENTED_EDGE('',*,*,#1079,.T.);
#1079 = EDGE_CURVE('',#1080,#981,#1082,.T.);
#1080 = VERTEX_POINT('',#1081);
#1081 = CARTESIAN_POINT('',(170.,0.,-10.));
#1082 = SURFACE_CURVE('',#1083,(#1087,#1094),.PCURVE_S1.);
#1083 = LINE('',#1084,#1085);
#1084 = CARTESIAN_POINT('',(170.,0.,0.));
#1085 = VECTOR('',#1086,1.);
#1086 = DIRECTION('',(0.,0.,-1.));
#1087 = PCURVE('',#105,#1088);
#1088 = DEFINITIONAL_REPRESENTATION('',(#1089),#1093);
#1089 = LINE('',#1090,#1091);
#1090 = CARTESIAN_POINT('',(0.,-3.));
#1091 = VECTOR('',#1092,1.);
#1092 = DIRECTION('',(-1.,0.));
#1093 = ( GEOMETRIC_REPRESENTATION_CONTEXT(2) 
PARAMETRIC_REPRESENTATION_CONTEXT() REPRESENTATION_CONTEXT('2D SPACE',''
  ) );
#1094 = PCURVE('',#921,#1095);
#1095 = DEFINITIONAL_REPRESENTATION('',(#1096),#1100);
#1096 = LINE('',#1097,#1098);
#1097 = CARTESIAN_POINT('',(0.,170.));
#1098 = VECTOR('',#1099,1.);
#1099 = DIRECTION('',(1.,0.));
#1100 = ( GEOMETRIC_REPRESENTATION_CONTEXT(2) 
PARAMETRIC_REPRESENTATION_CONTEXT() REPRESENTATION_CONTEXT('2D SPACE',''
  ) );
#1101 = ORIENTED_EDGE('',*,*,#980,.T.);
#1102 = ORIENTED_EDGE('',*,*,#89,.F.);
#1103 = ORIENTED_EDGE('',*,*,#1104,.T.);
#1104 = EDGE_CURVE('',#90,#1080,#1105,.T.);
#1105 = SURFACE_CURVE('',#1106,(#1110,#1117),.PCURVE_S1.);
#1106 = LINE('',#1107,#1108);
#1107 = CARTESIAN_POINT('',(170.,3.,-10.));
#1108 = VECTOR('',#1109,1.);
#1109 = DIRECTION('',(0.,-1.,0.));
#1110 = PCURVE('',#105,#1111);
#1111 = DEFINITIONAL_REPRESENTATION('',(#1112),#1116);
#1112 = LINE('',#1113,#1114);
#1113 = CARTESIAN_POINT('',(-10.,0.));
#1114 = VECTOR('',#1115,1.);
#1115 = DIRECTION('',(0.,-1.));
#1116 = ( GEOMETRIC_REPRESENTATION_CONTEXT(2) 
PARAMETRIC_REPRESENTATION_CONTEXT() REPRESENTATION_CONTEXT('2D SPACE',''
  ) );
#1117 = PCURVE('',#138,#1118);
#1118 = DEFINITIONAL_REPRESENTATION('',(#1119),#1123);
#1119 = LINE('',#1120,#1121);
#1120 = CARTESIAN_POINT('',(1.570796326795,0.));
#1121 = VECTOR('',#1122,1.);
#1122 = DIRECTION('',(0.,1.));
#1123 = ( GEOMETRIC_REPRESENTATION_CONTEXT(2) 
PARAMETRIC_REPRESENTATION_CONTEXT() REPRESENTATION_CONTEXT('2D SPACE',''
  ) );
#1124 = ADVANCED_FACE('',(#1125),#227,.F.);
#1125 = FACE_BOUND('',#1126,.T.);
#1126 = EDGE_LOOP('',(#1127,#1128,#1129,#1152));
#1127 = ORIENTED_EDGE('',*,*,#211,.F.);
#1128 = ORIENTED_EDGE('',*,*,#1055,.T.);
#1129 = ORIENTED_EDGE('',*,*,#1130,.T.);
#1130 = EDGE_CURVE('',#1032,#1131,#1133,.T.);
#1131 = VERTEX_POINT('',#1132);
#1132 = CARTESIAN_POINT('',(0.,0.,-10.));
#1133 = SURFACE_CURVE('',#1134,(#1138,#1145),.PCURVE_S1.);
#1134 = LINE('',#1135,#1136);
#1135 = CARTESIAN_POINT('',(0.,0.,0.));
#1136 = VECTOR('',#1137,1.);
#1137 = DIRECTION('',(-0.,-0.,1.));
#1138 = PCURVE('',#227,#1139);
#1139 = DEFINITIONAL_REPRESENTATION('',(#1140),#1144);
#1140 = LINE('',#1141,#1142);
#1141 = CARTESIAN_POINT('',(0.,-3.));
#1142 = VECTOR('',#1143,1.);
#1143 = DIRECTION('',(-1.,0.));
#1144 = ( GEOMETRIC_REPRESENTATION_CONTEXT(2) 
PARAMETRIC_REPRESENTATION_CONTEXT() REPRESENTATION_CONTEXT('2D SPACE',''
  ) );
#1145 = PCURVE('',#921,#1146);
#1146 = DEFINITIONAL_REPRESENTATION('',(#1147),#1151);
#1147 = LINE('',#1148,#1149);
#1148 = CARTESIAN_POINT('',(0.,0.));
#1149 = VECTOR('',#1150,1.);
#1150 = DIRECTION('',(-1.,0.));
#1151 = ( GEOMETRIC_REPRESENTATION_CONTEXT(2) 
PARAMETRIC_REPRESENTATION_CONTEXT() REPRESENTATION_CONTEXT('2D SPACE',''
  ) );
#1152 = ORIENTED_EDGE('',*,*,#1153,.T.);
#1153 = EDGE_CURVE('',#1131,#179,#1154,.T.);
#1154 = SURFACE_CURVE('',#1155,(#1159,#1166),.PCURVE_S1.);
#1155 = LINE('',#1156,#1157);
#1156 = CARTESIAN_POINT('',(0.,3.,-10.));
#1157 = VECTOR('',#1158,1.);
#1158 = DIRECTION('',(0.,1.,-0.));
#1159 = PCURVE('',#227,#1160);
#1160 = DEFINITIONAL_REPRESENTATION('',(#1161),#1165);
#1161 = LINE('',#1162,#1163);
#1162 = CARTESIAN_POINT('',(10.,0.));
#1163 = VECTOR('',#1164,1.);
#1164 = DIRECTION('',(0.,1.));
#1165 = ( GEOMETRIC_REPRESENTATION_CONTEXT(2) 
PARAMETRIC_REPRESENTATION_CONTEXT() REPRESENTATION_CONTEXT('2D SPACE',''
  ) );
#1166 = PCURVE('',#199,#1167);
#1167 = DEFINITIONAL_REPRESENTATION('',(#1168),#1172);
#1168 = LINE('',#1169,#1170);
#1169 = CARTESIAN_POINT('',(4.712388980385,0.));
#1170 = VECTOR('',#1171,1.);
#1171 = DIRECTION('',(0.,-1.));
#1172 = ( GEOMETRIC_REPRESENTATION_CONTEXT(2) 
PARAMETRIC_REPRESENTATION_CONTEXT() REPRESENTATION_CONTEXT('2D SPACE',''
  ) );
#1173 = ADVANCED_FACE('',(#1174),#138,.T.);
#1174 = FACE_BOUND('',#1175,.T.);
#1175 = EDGE_LOOP('',(#1176,#1177,#1200,#1222));
#1176 = ORIENTED_EDGE('',*,*,#117,.F.);
#1177 = ORIENTED_EDGE('',*,*,#1178,.F.);
#1178 = EDGE_CURVE('',#1179,#118,#1181,.T.);
#1179 = VERTEX_POINT('',#1180);
#1180 = CARTESIAN_POINT('',(160.,0.,0.));
#1181 = SURFACE_CURVE('',#1182,(#1186,#1193),.PCURVE_S1.);
#1182 = LINE('',#1183,#1184);
#1183 = CARTESIAN_POINT('',(160.,3.,0.));
#1184 = VECTOR('',#1185,1.);
#1185 = DIRECTION('',(-0.,1.,-0.));
#1186 = PCURVE('',#138,#1187);
#1187 = DEFINITIONAL_REPRESENTATION('',(#1188),#1192);
#1188 = LINE('',#1189,#1190);
#1189 = CARTESIAN_POINT('',(3.14159265359,0.));
#1190 = VECTOR('',#1191,1.);
#1191 = DIRECTION('',(0.,-1.));
#1192 = ( GEOMETRIC_REPRESENTATION_CONTEXT(2) 
PARAMETRIC_REPRESENTATION_CONTEXT() REPRESENTATION_CONTEXT('2D SPACE',''
  ) );
#1193 = PCURVE('',#166,#1194);
#1194 = DEFINITIONAL_REPRESENTATION('',(#1195),#1199);
#1195 = LINE('',#1196,#1197);
#1196 = CARTESIAN_POINT('',(-160.,0.));
#1197 = VECTOR('',#1198,1.);
#1198 = DIRECTION('',(0.,1.));
#1199 = ( GEOMETRIC_REPRESENTATION_CONTEXT(2) 
PARAMETRIC_REPRESENTATION_CONTEXT() REPRESENTATION_CONTEXT('2D SPACE',''
  ) );
#1200 = ORIENTED_EDGE('',*,*,#1201,.F.);
#1201 = EDGE_CURVE('',#1080,#1179,#1202,.T.);
#1202 = SURFACE_CURVE('',#1203,(#1208,#1215),.PCURVE_S1.);
#1203 = CIRCLE('',#1204,10.);
#1204 = AXIS2_PLACEMENT_3D('',#1205,#1206,#1207);
#1205 = CARTESIAN_POINT('',(160.,0.,-10.));
#1206 = DIRECTION('',(0.,-1.,0.));
#1207 = DIRECTION('',(0.,0.,-1.));
#1208 = PCURVE('',#138,#1209);
#1209 = DEFINITIONAL_REPRESENTATION('',(#1210),#1214);
#1210 = LINE('',#1211,#1212);
#1211 = CARTESIAN_POINT('',(0.,3.));
#1212 = VECTOR('',#1213,1.);
#1213 = DIRECTION('',(1.,0.));
#1214 = ( GEOMETRIC_REPRESENTATION_CONTEXT(2) 
PARAMETRIC_REPRESENTATION_CONTEXT() REPRESENTATION_CONTEXT('2D SPACE',''
  ) );
#1215 = PCURVE('',#921,#1216);
#1216 = DEFINITIONAL_REPRESENTATION('',(#1217),#1221);
#1217 = CIRCLE('',#1218,10.);
#1218 = AXIS2_PLACEMENT_2D('',#1219,#1220);
#1219 = CARTESIAN_POINT('',(10.,160.));
#1220 = DIRECTION('',(1.,0.));
#1221 = ( GEOMETRIC_REPRESENTATION_CONTEXT(2) 
PARAMETRIC_REPRESENTATION_CONTEXT() REPRESENTATION_CONTEXT('2D SPACE',''
  ) );
#1222 = ORIENTED_EDGE('',*,*,#1104,.F.);
#1223 = ADVANCED_FACE('',(#1224),#199,.T.);
#1224 = FACE_BOUND('',#1225,.T.);
#1225 = EDGE_LOOP('',(#1226,#1227,#1228,#1252));
#1226 = ORIENTED_EDGE('',*,*,#178,.F.);
#1227 = ORIENTED_EDGE('',*,*,#1153,.F.);
#1228 = ORIENTED_EDGE('',*,*,#1229,.F.);
#1229 = EDGE_CURVE('',#1230,#1131,#1232,.T.);
#1230 = VERTEX_POINT('',#1231);
#1231 = CARTESIAN_POINT('',(10.,0.,0.));
#1232 = SURFACE_CURVE('',#1233,(#1238,#1245),.PCURVE_S1.);
#1233 = CIRCLE('',#1234,10.);
#1234 = AXIS2_PLACEMENT_3D('',#1235,#1236,#1237);
#1235 = CARTESIAN_POINT('',(10.,0.,-10.));
#1236 = DIRECTION('',(0.,-1.,0.));
#1237 = DIRECTION('',(0.,0.,-1.));
#1238 = PCURVE('',#199,#1239);
#1239 = DEFINITIONAL_REPRESENTATION('',(#1240),#1244);
#1240 = LINE('',#1241,#1242);
#1241 = CARTESIAN_POINT('',(0.,3.));
#1242 = VECTOR('',#1243,1.);
#1243 = DIRECTION('',(1.,0.));
#1244 = ( GEOMETRIC_REPRESENTATION_CONTEXT(2) 
PARAMETRIC_REPRESENTATION_CONTEXT() REPRESENTATION_CONTEXT('2D SPACE',''
  ) );
#1245 = PCURVE('',#921,#1246);
#1246 = DEFINITIONAL_REPRESENTATION('',(#1247),#1251);
#1247 = CIRCLE('',#1248,10.);
#1248 = AXIS2_PLACEMENT_2D('',#1249,#1250);
#1249 = CARTESIAN_POINT('',(10.,10.));
#1250 = DIRECTION('',(1.,0.));
#1251 = ( GEOMETRIC_REPRESENTATION_CONTEXT(2) 
PARAMETRIC_REPRESENTATION_CONTEXT() REPRESENTATION_CONTEXT('2D SPACE',''
  ) );
#1252 = ORIENTED_EDGE('',*,*,#1253,.F.);
#1253 = EDGE_CURVE('',#151,#1230,#1254,.T.);
#1254 = SURFACE_CURVE('',#1255,(#1259,#1266),.PCURVE_S1.);
#1255 = LINE('',#1256,#1257);
#1256 = CARTESIAN_POINT('',(10.,3.,0.));
#1257 = VECTOR('',#1258,1.);
#1258 = DIRECTION('',(0.,-1.,0.));
#1259 = PCURVE('',#199,#1260);
#1260 = DEFINITIONAL_REPRESENTATION('',(#1261),#1265);
#1261 = LINE('',#1262,#1263);
#1262 = CARTESIAN_POINT('',(3.14159265359,0.));
#1263 = VECTOR('',#1264,1.);
#1264 = DIRECTION('',(0.,1.));
#1265 = ( GEOMETRIC_REPRESENTATION_CONTEXT(2) 
PARAMETRIC_REPRESENTATION_CONTEXT() REPRESENTATION_CONTEXT('2D SPACE',''
  ) );
#1266 = PCURVE('',#166,#1267);
#1267 = DEFINITIONAL_REPRESENTATION('',(#1268),#1272);
#1268 = LINE('',#1269,#1270);
#1269 = CARTESIAN_POINT('',(-10.,0.));
#1270 = VECTOR('',#1271,1.);
#1271 = DIRECTION('',(-0.,-1.));
#1272 = ( GEOMETRIC_REPRESENTATION_CONTEXT(2) 
PARAMETRIC_REPRESENTATION_CONTEXT() REPRESENTATION_CONTEXT('2D SPACE',''
  ) );
#1273 = ADVANCED_FACE('',(#1274),#166,.F.);
#1274 = FACE_BOUND('',#1275,.T.);
#1275 = EDGE_LOOP('',(#1276,#1277,#1278,#1299));
#1276 = ORIENTED_EDGE('',*,*,#150,.F.);
#1277 = ORIENTED_EDGE('',*,*,#1253,.T.);
#1278 = ORIENTED_EDGE('',*,*,#1279,.T.);
#1279 = EDGE_CURVE('',#1230,#1179,#1280,.T.);
#1280 = SURFACE_CURVE('',#1281,(#1285,#1292),.PCURVE_S1.);
#1281 = LINE('',#1282,#1283);
#1282 = CARTESIAN_POINT('',(0.,0.,0.));
#1283 = VECTOR('',#1284,1.);
#1284 = DIRECTION('',(1.,0.,0.));
#1285 = PCURVE('',#166,#1286);
#1286 = DEFINITIONAL_REPRESENTATION('',(#1287),#1291);
#1287 = LINE('',#1288,#1289);
#1288 = CARTESIAN_POINT('',(-0.,-3.));
#1289 = VECTOR('',#1290,1.);
#1290 = DIRECTION('',(-1.,0.));
#1291 = ( GEOMETRIC_REPRESENTATION_CONTEXT(2) 
PARAMETRIC_REPRESENTATION_CONTEXT() REPRESENTATION_CONTEXT('2D SPACE',''
  ) );
#1292 = PCURVE('',#921,#1293);
#1293 = DEFINITIONAL_REPRESENTATION('',(#1294),#1298);
#1294 = LINE('',#1295,#1296);
#1295 = CARTESIAN_POINT('',(0.,0.));
#1296 = VECTOR('',#1297,1.);
#1297 = DIRECTION('',(0.,1.));
#1298 = ( GEOMETRIC_REPRESENTATION_CONTEXT(2) 
PARAMETRIC_REPRESENTATION_CONTEXT() REPRESENTATION_CONTEXT('2D SPACE',''
  ) );
#1299 = ORIENTED_EDGE('',*,*,#1178,.T.);
#1300 = ADVANCED_FACE('',(#1301),#293,.F.);
#1301 = FACE_BOUND('',#1302,.F.);
#1302 = EDGE_LOOP('',(#1303,#1304,#1327,#1353));
#1303 = ORIENTED_EDGE('',*,*,#272,.F.);
#1304 = ORIENTED_EDGE('',*,*,#1305,.F.);
#1305 = EDGE_CURVE('',#1306,#273,#1308,.T.);
#1306 = VERTEX_POINT('',#1307);
#1307 = CARTESIAN_POINT('',(10.,0.,-8.));
#1308 = SEAM_CURVE('',#1309,(#1313,#1320),.PCURVE_S1.);
#1309 = LINE('',#1310,#1311);
#1310 = CARTESIAN_POINT('',(10.,-1.,-8.));
#1311 = VECTOR('',#1312,1.);
#1312 = DIRECTION('',(0.,1.,0.));
#1313 = PCURVE('',#293,#1314);
#1314 = DEFINITIONAL_REPRESENTATION('',(#1315),#1319);
#1315 = LINE('',#1316,#1317);
#1316 = CARTESIAN_POINT('',(6.28318530718,-0.));
#1317 = VECTOR('',#1318,1.);
#1318 = DIRECTION('',(0.,1.));
#1319 = ( GEOMETRIC_REPRESENTATION_CONTEXT(2) 
PARAMETRIC_REPRESENTATION_CONTEXT() REPRESENTATION_CONTEXT('2D SPACE',''
  ) );
#1320 = PCURVE('',#293,#1321);
#1321 = DEFINITIONAL_REPRESENTATION('',(#1322),#1326);
#1322 = LINE('',#1323,#1324);
#1323 = CARTESIAN_POINT('',(0.,-0.));
#1324 = VECTOR('',#1325,1.);
#1325 = DIRECTION('',(0.,1.));
#1326 = ( GEOMETRIC_REPRESENTATION_CONTEXT(2) 
PARAMETRIC_REPRESENTATION_CONTEXT() REPRESENTATION_CONTEXT('2D SPACE',''
  ) );
#1327 = ORIENTED_EDGE('',*,*,#1328,.T.);
#1328 = EDGE_CURVE('',#1306,#1306,#1329,.T.);
#1329 = SURFACE_CURVE('',#1330,(#1335,#1342),.PCURVE_S1.);
#1330 = CIRCLE('',#1331,2.);
#1331 = AXIS2_PLACEMENT_3D('',#1332,#1333,#1334);
#1332 = CARTESIAN_POINT('',(10.,0.,-10.));
#1333 = DIRECTION('',(0.,1.,0.));
#1334 = DIRECTION('',(0.,-0.,1.));
#1335 = PCURVE('',#293,#1336);
#1336 = DEFINITIONAL_REPRESENTATION('',(#1337),#1341);
#1337 = LINE('',#1338,#1339);
#1338 = CARTESIAN_POINT('',(0.,1.));
#1339 = VECTOR('',#1340,1.);
#1340 = DIRECTION('',(1.,0.));
#1341 = ( GEOMETRIC_REPRESENTATION_CONTEXT(2) 
PARAMETRIC_REPRESENTATION_CONTEXT() REPRESENTATION_CONTEXT('2D SPACE',''
  ) );
#1342 = PCURVE('',#921,#1343);
#1343 = DEFINITIONAL_REPRESENTATION('',(#1344),#1352);
#1344 = ( BOUNDED_CURVE() B_SPLINE_CURVE(2,(#1345,#1346,#1347,#1348,
#1349,#1350,#1351),.UNSPECIFIED.,.T.,.F.) B_SPLINE_CURVE_WITH_KNOTS((1,2
    ,2,2,2,1),(-2.094395102393,0.,2.094395102393,4.188790204786,
6.28318530718,8.377580409573),.UNSPECIFIED.) CURVE() 
GEOMETRIC_REPRESENTATION_ITEM() RATIONAL_B_SPLINE_CURVE((1.,0.5,1.,0.5,
1.,0.5,1.)) REPRESENTATION_ITEM('') );
#1345 = CARTESIAN_POINT('',(8.,10.));
#1346 = CARTESIAN_POINT('',(8.,13.464101615138));
#1347 = CARTESIAN_POINT('',(11.,11.732050807569));
#1348 = CARTESIAN_POINT('',(14.,10.));
#1349 = CARTESIAN_POINT('',(11.,8.267949192431));
#1350 = CARTESIAN_POINT('',(8.,6.535898384862));
#1351 = CARTESIAN_POINT('',(8.,10.));
#1352 = ( GEOMETRIC_REPRESENTATION_CONTEXT(2) 
PARAMETRIC_REPRESENTATION_CONTEXT() REPRESENTATION_CONTEXT('2D SPACE',''
  ) );
#1353 = ORIENTED_EDGE('',*,*,#1305,.T.);
#1354 = ADVANCED_FACE('',(#1355),#328,.F.);
#1355 = FACE_BOUND('',#1356,.F.);
#1356 = EDGE_LOOP('',(#1357,#1358,#1381,#1407));
#1357 = ORIENTED_EDGE('',*,*,#307,.F.);
#1358 = ORIENTED_EDGE('',*,*,#1359,.F.);
#1359 = EDGE_CURVE('',#1360,#308,#1362,.T.);
#1360 = VERTEX_POINT('',#1361);
#1361 = CARTESIAN_POINT('',(21.5,0.,-38.));
#1362 = SEAM_CURVE('',#1363,(#1367,#1374),.PCURVE_S1.);
#1363 = LINE('',#1364,#1365);
#1364 = CARTESIAN_POINT('',(21.5,-1.,-38.));
#1365 = VECTOR('',#1366,1.);
#1366 = DIRECTION('',(0.,1.,0.));
#1367 = PCURVE('',#328,#1368);
#1368 = DEFINITIONAL_REPRESENTATION('',(#1369),#1373);
#1369 = LINE('',#1370,#1371);
#1370 = CARTESIAN_POINT('',(6.28318530718,-0.));
#1371 = VECTOR('',#1372,1.);
#1372 = DIRECTION('',(0.,1.));
#1373 = ( GEOMETRIC_REPRESENTATION_CONTEXT(2) 
PARAMETRIC_REPRESENTATION_CONTEXT() REPRESENTATION_CONTEXT('2D SPACE',''
  ) );
#1374 = PCURVE('',#328,#1375);
#1375 = DEFINITIONAL_REPRESENTATION('',(#1376),#1380);
#1376 = LINE('',#1377,#1378);
#1377 = CARTESIAN_POINT('',(0.,-0.));
#1378 = VECTOR('',#1379,1.);
#1379 = DIRECTION('',(0.,1.));
#1380 = ( GEOMETRIC_REPRESENTATION_CONTEXT(2) 
PARAMETRIC_REPRESENTATION_CONTEXT() REPRESENTATION_CONTEXT('2D SPACE',''
  ) );
#1381 = ORIENTED_EDGE('',*,*,#1382,.T.);
#1382 = EDGE_CURVE('',#1360,#1360,#1383,.T.);
#1383 = SURFACE_CURVE('',#1384,(#1389,#1396),.PCURVE_S1.);
#1384 = CIRCLE('',#1385,2.);
#1385 = AXIS2_PLACEMENT_3D('',#1386,#1387,#1388);
#1386 = CARTESIAN_POINT('',(21.5,0.,-40.));
#1387 = DIRECTION('',(0.,1.,0.));
#1388 = DIRECTION('',(0.,-0.,1.));
#1389 = PCURVE('',#328,#1390);
#1390 = DEFINITIONAL_REPRESENTATION('',(#1391),#1395);
#1391 = LINE('',#1392,#1393);
#1392 = CARTESIAN_POINT('',(0.,1.));
#1393 = VECTOR('',#1394,1.);
#1394 = DIRECTION('',(1.,0.));
#1395 = ( GEOMETRIC_REPRESENTATION_CONTEXT(2) 
PARAMETRIC_REPRESENTATION_CONTEXT() REPRESENTATION_CONTEXT('2D SPACE',''
  ) );
#1396 = PCURVE('',#921,#1397);
#1397 = DEFINITIONAL_REPRESENTATION('',(#1398),#1406);
#1398 = ( BOUNDED_CURVE() B_SPLINE_CURVE(2,(#1399,#1400,#1401,#1402,
#1403,#1404,#1405),.UNSPECIFIED.,.T.,.F.) B_SPLINE_CURVE_WITH_KNOTS((1,2
    ,2,2,2,1),(-2.094395102393,0.,2.094395102393,4.188790204786,
6.28318530718,8.377580409573),.UNSPECIFIED.) CURVE() 
GEOMETRIC_REPRESENTATION_ITEM() RATIONAL_B_SPLINE_CURVE((1.,0.5,1.,0.5,
1.,0.5,1.)) REPRESENTATION_ITEM('') );
#1399 = CARTESIAN_POINT('',(38.,21.5));
#1400 = CARTESIAN_POINT('',(38.,24.964101615138));
#1401 = CARTESIAN_POINT('',(41.,23.232050807569));
#1402 = CARTESIAN_POINT('',(44.,21.5));
#1403 = CARTESIAN_POINT('',(41.,19.767949192431));
#1404 = CARTESIAN_POINT('',(38.,18.035898384862));
#1405 = CARTESIAN_POINT('',(38.,21.5));
#1406 = ( GEOMETRIC_REPRESENTATION_CONTEXT(2) 
PARAMETRIC_REPRESENTATION_CONTEXT() REPRESENTATION_CONTEXT('2D SPACE',''
  ) );
#1407 = ORIENTED_EDGE('',*,*,#1359,.T.);
#1408 = ADVANCED_FACE('',(#1409),#363,.F.);
#1409 = FACE_BOUND('',#1410,.F.);
#1410 = EDGE_LOOP('',(#1411,#1412,#1435,#1461));
#1411 = ORIENTED_EDGE('',*,*,#342,.F.);
#1412 = ORIENTED_EDGE('',*,*,#1413,.F.);
#1413 = EDGE_CURVE('',#1414,#343,#1416,.T.);
#1414 = VERTEX_POINT('',#1415);
#1415 = CARTESIAN_POINT('',(58.5,0.,-38.));
#1416 = SEAM_CURVE('',#1417,(#1421,#1428),.PCURVE_S1.);
#1417 = LINE('',#1418,#1419);
#1418 = CARTESIAN_POINT('',(58.5,-1.,-38.));
#1419 = VECTOR('',#1420,1.);
#1420 = DIRECTION('',(0.,1.,0.));
#1421 = PCURVE('',#363,#1422);
#1422 = DEFINITIONAL_REPRESENTATION('',(#1423),#1427);
#1423 = LINE('',#1424,#1425);
#1424 = CARTESIAN_POINT('',(6.28318530718,-0.));
#1425 = VECTOR('',#1426,1.);
#1426 = DIRECTION('',(0.,1.));
#1427 = ( GEOMETRIC_REPRESENTATION_CONTEXT(2) 
PARAMETRIC_REPRESENTATION_CONTEXT() REPRESENTATION_CONTEXT('2D SPACE',''
  ) );
#1428 = PCURVE('',#363,#1429);
#1429 = DEFINITIONAL_REPRESENTATION('',(#1430),#1434);
#1430 = LINE('',#1431,#1432);
#1431 = CARTESIAN_POINT('',(0.,-0.));
#1432 = VECTOR('',#1433,1.);
#1433 = DIRECTION('',(0.,1.));
#1434 = ( GEOMETRIC_REPRESENTATION_CONTEXT(2) 
PARAMETRIC_REPRESENTATION_CONTEXT() REPRESENTATION_CONTEXT('2D SPACE',''
  ) );
#1435 = ORIENTED_EDGE('',*,*,#1436,.T.);
#1436 = EDGE_CURVE('',#1414,#1414,#1437,.T.);
#1437 = SURFACE_CURVE('',#1438,(#1443,#1450),.PCURVE_S1.);
#1438 = CIRCLE('',#1439,2.);
#1439 = AXIS2_PLACEMENT_3D('',#1440,#1441,#1442);
#1440 = CARTESIAN_POINT('',(58.5,0.,-40.));
#1441 = DIRECTION('',(0.,1.,0.));
#1442 = DIRECTION('',(0.,-0.,1.));
#1443 = PCURVE('',#363,#1444);
#1444 = DEFINITIONAL_REPRESENTATION('',(#1445),#1449);
#1445 = LINE('',#1446,#1447);
#1446 = CARTESIAN_POINT('',(0.,1.));
#1447 = VECTOR('',#1448,1.);
#1448 = DIRECTION('',(1.,0.));
#1449 = ( GEOMETRIC_REPRESENTATION_CONTEXT(2) 
PARAMETRIC_REPRESENTATION_CONTEXT() REPRESENTATION_CONTEXT('2D SPACE',''
  ) );
#1450 = PCURVE('',#921,#1451);
#1451 = DEFINITIONAL_REPRESENTATION('',(#1452),#1460);
#1452 = ( BOUNDED_CURVE() B_SPLINE_CURVE(2,(#1453,#1454,#1455,#1456,
#1457,#1458,#1459),.UNSPECIFIED.,.T.,.F.) B_SPLINE_CURVE_WITH_KNOTS((1,2
    ,2,2,2,1),(-2.094395102393,0.,2.094395102393,4.188790204786,
6.28318530718,8.377580409573),.UNSPECIFIED.) CURVE() 
GEOMETRIC_REPRESENTATION_ITEM() RATIONAL_B_SPLINE_CURVE((1.,0.5,1.,0.5,
1.,0.5,1.)) REPRESENTATION_ITEM('') );
#1453 = CARTESIAN_POINT('',(38.,58.5));
#1454 = CARTESIAN_POINT('',(38.,61.964101615138));
#1455 = CARTESIAN_POINT('',(41.,60.232050807569));
#1456 = CARTESIAN_POINT('',(44.,58.5));
#1457 = CARTESIAN_POINT('',(41.,56.767949192431));
#1458 = CARTESIAN_POINT('',(38.,55.035898384862));
#1459 = CARTESIAN_POINT('',(38.,58.5));
#1460 = ( GEOMETRIC_REPRESENTATION_CONTEXT(2) 
PARAMETRIC_REPRESENTATION_CONTEXT() REPRESENTATION_CONTEXT('2D SPACE',''
  ) );
#1461 = ORIENTED_EDGE('',*,*,#1413,.T.);
#1462 = ADVANCED_FACE('',(#1463),#398,.F.);
#1463 = FACE_BOUND('',#1464,.F.);
#1464 = EDGE_LOOP('',(#1465,#1466,#1489,#1515));
#1465 = ORIENTED_EDGE('',*,*,#377,.F.);
#1466 = ORIENTED_EDGE('',*,*,#1467,.F.);
#1467 = EDGE_CURVE('',#1468,#378,#1470,.T.);
#1468 = VERTEX_POINT('',#1469);
#1469 = CARTESIAN_POINT('',(71.644,0.,-65.5));
#1470 = SEAM_CURVE('',#1471,(#1475,#1482),.PCURVE_S1.);
#1471 = LINE('',#1472,#1473);
#1472 = CARTESIAN_POINT('',(71.644,-1.,-65.5));
#1473 = VECTOR('',#1474,1.);
#1474 = DIRECTION('',(0.,1.,0.));
#1475 = PCURVE('',#398,#1476);
#1476 = DEFINITIONAL_REPRESENTATION('',(#1477),#1481);
#1477 = LINE('',#1478,#1479);
#1478 = CARTESIAN_POINT('',(6.28318530718,-0.));
#1479 = VECTOR('',#1480,1.);
#1480 = DIRECTION('',(0.,1.));
#1481 = ( GEOMETRIC_REPRESENTATION_CONTEXT(2) 
PARAMETRIC_REPRESENTATION_CONTEXT() REPRESENTATION_CONTEXT('2D SPACE',''
  ) );
#1482 = PCURVE('',#398,#1483);
#1483 = DEFINITIONAL_REPRESENTATION('',(#1484),#1488);
#1484 = LINE('',#1485,#1486);
#1485 = CARTESIAN_POINT('',(0.,-0.));
#1486 = VECTOR('',#1487,1.);
#1487 = DIRECTION('',(0.,1.));
#1488 = ( GEOMETRIC_REPRESENTATION_CONTEXT(2) 
PARAMETRIC_REPRESENTATION_CONTEXT() REPRESENTATION_CONTEXT('2D SPACE',''
  ) );
#1489 = ORIENTED_EDGE('',*,*,#1490,.T.);
#1490 = EDGE_CURVE('',#1468,#1468,#1491,.T.);
#1491 = SURFACE_CURVE('',#1492,(#1497,#1504),.PCURVE_S1.);
#1492 = CIRCLE('',#1493,2.);
#1493 = AXIS2_PLACEMENT_3D('',#1494,#1495,#1496);
#1494 = CARTESIAN_POINT('',(71.644,0.,-67.5));
#1495 = DIRECTION('',(0.,1.,0.));
#1496 = DIRECTION('',(0.,-0.,1.));
#1497 = PCURVE('',#398,#1498);
#1498 = DEFINITIONAL_REPRESENTATION('',(#1499),#1503);
#1499 = LINE('',#1500,#1501);
#1500 = CARTESIAN_POINT('',(0.,1.));
#1501 = VECTOR('',#1502,1.);
#1502 = DIRECTION('',(1.,0.));
#1503 = ( GEOMETRIC_REPRESENTATION_CONTEXT(2) 
PARAMETRIC_REPRESENTATION_CONTEXT() REPRESENTATION_CONTEXT('2D SPACE',''
  ) );
#1504 = PCURVE('',#921,#1505);
#1505 = DEFINITIONAL_REPRESENTATION('',(#1506),#1514);
#1506 = ( BOUNDED_CURVE() B_SPLINE_CURVE(2,(#1507,#1508,#1509,#1510,
#1511,#1512,#1513),.UNSPECIFIED.,.T.,.F.) B_SPLINE_CURVE_WITH_KNOTS((1,2
    ,2,2,2,1),(-2.094395102393,0.,2.094395102393,4.188790204786,
6.28318530718,8.377580409573),.UNSPECIFIED.) CURVE() 
GEOMETRIC_REPRESENTATION_ITEM() RATIONAL_B_SPLINE_CURVE((1.,0.5,1.,0.5,
1.,0.5,1.)) REPRESENTATION_ITEM('') );
#1507 = CARTESIAN_POINT('',(65.5,71.644));
#1508 = CARTESIAN_POINT('',(65.5,75.108101615138));
#1509 = CARTESIAN_POINT('',(68.5,73.376050807569));
#1510 = CARTESIAN_POINT('',(71.5,71.644));
#1511 = CARTESIAN_POINT('',(68.5,69.911949192431));
#1512 = CARTESIAN_POINT('',(65.5,68.179898384862));
#1513 = CARTESIAN_POINT('',(65.5,71.644));
#1514 = ( GEOMETRIC_REPRESENTATION_CONTEXT(2) 
PARAMETRIC_REPRESENTATION_CONTEXT() REPRESENTATION_CONTEXT('2D SPACE',''
  ) );
#1515 = ORIENTED_EDGE('',*,*,#1467,.T.);
#1516 = ADVANCED_FACE('',(#1517),#433,.F.);
#1517 = FACE_BOUND('',#1518,.F.);
#1518 = EDGE_LOOP('',(#1519,#1520,#1543,#1569));
#1519 = ORIENTED_EDGE('',*,*,#412,.F.);
#1520 = ORIENTED_EDGE('',*,*,#1521,.F.);
#1521 = EDGE_CURVE('',#1522,#413,#1524,.T.);
#1522 = VERTEX_POINT('',#1523);
#1523 = CARTESIAN_POINT('',(21.5,0.,-128.));
#1524 = SEAM_CURVE('',#1525,(#1529,#1536),.PCURVE_S1.);
#1525 = LINE('',#1526,#1527);
#1526 = CARTESIAN_POINT('',(21.5,-1.,-128.));
#1527 = VECTOR('',#1528,1.);
#1528 = DIRECTION('',(0.,1.,0.));
#1529 = PCURVE('',#433,#1530);
#1530 = DEFINITIONAL_REPRESENTATION('',(#1531),#1535);
#1531 = LINE('',#1532,#1533);
#1532 = CARTESIAN_POINT('',(6.28318530718,-0.));
#1533 = VECTOR('',#1534,1.);
#1534 = DIRECTION('',(0.,1.));
#1535 = ( GEOMETRIC_REPRESENTATION_CONTEXT(2) 
PARAMETRIC_REPRESENTATION_CONTEXT() REPRESENTATION_CONTEXT('2D SPACE',''
  ) );
#1536 = PCURVE('',#433,#1537);
#1537 = DEFINITIONAL_REPRESENTATION('',(#1538),#1542);
#1538 = LINE('',#1539,#1540);
#1539 = CARTESIAN_POINT('',(0.,-0.));
#1540 = VECTOR('',#1541,1.);
#1541 = DIRECTION('',(0.,1.));
#1542 = ( GEOMETRIC_REPRESENTATION_CONTEXT(2) 
PARAMETRIC_REPRESENTATION_CONTEXT() REPRESENTATION_CONTEXT('2D SPACE',''
  ) );
#1543 = ORIENTED_EDGE('',*,*,#1544,.T.);
#1544 = EDGE_CURVE('',#1522,#1522,#1545,.T.);
#1545 = SURFACE_CURVE('',#1546,(#1551,#1558),.PCURVE_S1.);
#1546 = CIRCLE('',#1547,2.);
#1547 = AXIS2_PLACEMENT_3D('',#1548,#1549,#1550);
#1548 = CARTESIAN_POINT('',(21.5,0.,-130.));
#1549 = DIRECTION('',(0.,1.,0.));
#1550 = DIRECTION('',(0.,-0.,1.));
#1551 = PCURVE('',#433,#1552);
#1552 = DEFINITIONAL_REPRESENTATION('',(#1553),#1557);
#1553 = LINE('',#1554,#1555);
#1554 = CARTESIAN_POINT('',(0.,1.));
#1555 = VECTOR('',#1556,1.);
#1556 = DIRECTION('',(1.,0.));
#1557 = ( GEOMETRIC_REPRESENTATION_CONTEXT(2) 
PARAMETRIC_REPRESENTATION_CONTEXT() REPRESENTATION_CONTEXT('2D SPACE',''
  ) );
#1558 = PCURVE('',#921,#1559);
#1559 = DEFINITIONAL_REPRESENTATION('',(#1560),#1568);
#1560 = ( BOUNDED_CURVE() B_SPLINE_CURVE(2,(#1561,#1562,#1563,#1564,
#1565,#1566,#1567),.UNSPECIFIED.,.T.,.F.) B_SPLINE_CURVE_WITH_KNOTS((1,2
    ,2,2,2,1),(-2.094395102393,0.,2.094395102393,4.188790204786,
6.28318530718,8.377580409573),.UNSPECIFIED.) CURVE() 
GEOMETRIC_REPRESENTATION_ITEM() RATIONAL_B_SPLINE_CURVE((1.,0.5,1.,0.5,
1.,0.5,1.)) REPRESENTATION_ITEM('') );
#1561 = CARTESIAN_POINT('',(128.,21.5));
#1562 = CARTESIAN_POINT('',(128.,24.964101615138));
#1563 = CARTESIAN_POINT('',(131.,23.232050807569));
#1564 = CARTESIAN_POINT('',(134.,21.5));
#1565 = CARTESIAN_POINT('',(131.,19.767949192431));
#1566 = CARTESIAN_POINT('',(128.,18.035898384862));
#1567 = CARTESIAN_POINT('',(128.,21.5));
#1568 = ( GEOMETRIC_REPRESENTATION_CONTEXT(2) 
PARAMETRIC_REPRESENTATION_CONTEXT() REPRESENTATION_CONTEXT('2D SPACE',''
  ) );
#1569 = ORIENTED_EDGE('',*,*,#1521,.T.);
#1570 = ADVANCED_FACE('',(#1571),#468,.F.);
#1571 = FACE_BOUND('',#1572,.F.);
#1572 = EDGE_LOOP('',(#1573,#1574,#1597,#1623));
#1573 = ORIENTED_EDGE('',*,*,#447,.F.);
#1574 = ORIENTED_EDGE('',*,*,#1575,.F.);
#1575 = EDGE_CURVE('',#1576,#448,#1578,.T.);
#1576 = VERTEX_POINT('',#1577);
#1577 = CARTESIAN_POINT('',(10.,0.,-158.));
#1578 = SEAM_CURVE('',#1579,(#1583,#1590),.PCURVE_S1.);
#1579 = LINE('',#1580,#1581);
#1580 = CARTESIAN_POINT('',(10.,-1.,-158.));
#1581 = VECTOR('',#1582,1.);
#1582 = DIRECTION('',(0.,1.,0.));
#1583 = PCURVE('',#468,#1584);
#1584 = DEFINITIONAL_REPRESENTATION('',(#1585),#1589);
#1585 = LINE('',#1586,#1587);
#1586 = CARTESIAN_POINT('',(6.28318530718,-0.));
#1587 = VECTOR('',#1588,1.);
#1588 = DIRECTION('',(0.,1.));
#1589 = ( GEOMETRIC_REPRESENTATION_CONTEXT(2) 
PARAMETRIC_REPRESENTATION_CONTEXT() REPRESENTATION_CONTEXT('2D SPACE',''
  ) );
#1590 = PCURVE('',#468,#1591);
#1591 = DEFINITIONAL_REPRESENTATION('',(#1592),#1596);
#1592 = LINE('',#1593,#1594);
#1593 = CARTESIAN_POINT('',(0.,-0.));
#1594 = VECTOR('',#1595,1.);
#1595 = DIRECTION('',(0.,1.));
#1596 = ( GEOMETRIC_REPRESENTATION_CONTEXT(2) 
PARAMETRIC_REPRESENTATION_CONTEXT() REPRESENTATION_CONTEXT('2D SPACE',''
  ) );
#1597 = ORIENTED_EDGE('',*,*,#1598,.T.);
#1598 = EDGE_CURVE('',#1576,#1576,#1599,.T.);
#1599 = SURFACE_CURVE('',#1600,(#1605,#1612),.PCURVE_S1.);
#1600 = CIRCLE('',#1601,2.);
#1601 = AXIS2_PLACEMENT_3D('',#1602,#1603,#1604);
#1602 = CARTESIAN_POINT('',(10.,0.,-160.));
#1603 = DIRECTION('',(0.,1.,0.));
#1604 = DIRECTION('',(0.,-0.,1.));
#1605 = PCURVE('',#468,#1606);
#1606 = DEFINITIONAL_REPRESENTATION('',(#1607),#1611);
#1607 = LINE('',#1608,#1609);
#1608 = CARTESIAN_POINT('',(0.,1.));
#1609 = VECTOR('',#1610,1.);
#1610 = DIRECTION('',(1.,0.));
#1611 = ( GEOMETRIC_REPRESENTATION_CONTEXT(2) 
PARAMETRIC_REPRESENTATION_CONTEXT() REPRESENTATION_CONTEXT('2D SPACE',''
  ) );
#1612 = PCURVE('',#921,#1613);
#1613 = DEFINITIONAL_REPRESENTATION('',(#1614),#1622);
#1614 = ( BOUNDED_CURVE() B_SPLINE_CURVE(2,(#1615,#1616,#1617,#1618,
#1619,#1620,#1621),.UNSPECIFIED.,.T.,.F.) B_SPLINE_CURVE_WITH_KNOTS((1,2
    ,2,2,2,1),(-2.094395102393,0.,2.094395102393,4.188790204786,
6.28318530718,8.377580409573),.UNSPECIFIED.) CURVE() 
GEOMETRIC_REPRESENTATION_ITEM() RATIONAL_B_SPLINE_CURVE((1.,0.5,1.,0.5,
1.,0.5,1.)) REPRESENTATION_ITEM('') );
#1615 = CARTESIAN_POINT('',(158.,10.));
#1616 = CARTESIAN_POINT('',(158.,13.464101615138));
#1617 = CARTESIAN_POINT('',(161.,11.732050807569));
#1618 = CARTESIAN_POINT('',(164.,10.));
#1619 = CARTESIAN_POINT('',(161.,8.267949192431));
#1620 = CARTESIAN_POINT('',(158.,6.535898384862));
#1621 = CARTESIAN_POINT('',(158.,10.));
#1622 = ( GEOMETRIC_REPRESENTATION_CONTEXT(2) 
PARAMETRIC_REPRESENTATION_CONTEXT() REPRESENTATION_CONTEXT('2D SPACE',''
  ) );
#1623 = ORIENTED_EDGE('',*,*,#1575,.T.);
#1624 = ADVANCED_FACE('',(#1625),#503,.F.);
#1625 = FACE_BOUND('',#1626,.F.);
#1626 = EDGE_LOOP('',(#1627,#1628,#1651,#1677));
#1627 = ORIENTED_EDGE('',*,*,#482,.F.);
#1628 = ORIENTED_EDGE('',*,*,#1629,.F.);
#1629 = EDGE_CURVE('',#1630,#483,#1632,.T.);
#1630 = VERTEX_POINT('',#1631);
#1631 = CARTESIAN_POINT('',(71.644,0.,-100.5));
#1632 = SEAM_CURVE('',#1633,(#1637,#1644),.PCURVE_S1.);
#1633 = LINE('',#1634,#1635);
#1634 = CARTESIAN_POINT('',(71.644,-1.,-100.5));
#1635 = VECTOR('',#1636,1.);
#1636 = DIRECTION('',(0.,1.,0.));
#1637 = PCURVE('',#503,#1638);
#1638 = DEFINITIONAL_REPRESENTATION('',(#1639),#1643);
#1639 = LINE('',#1640,#1641);
#1640 = CARTESIAN_POINT('',(6.28318530718,-0.));
#1641 = VECTOR('',#1642,1.);
#1642 = DIRECTION('',(0.,1.));
#1643 = ( GEOMETRIC_REPRESENTATION_CONTEXT(2) 
PARAMETRIC_REPRESENTATION_CONTEXT() REPRESENTATION_CONTEXT('2D SPACE',''
  ) );
#1644 = PCURVE('',#503,#1645);
#1645 = DEFINITIONAL_REPRESENTATION('',(#1646),#1650);
#1646 = LINE('',#1647,#1648);
#1647 = CARTESIAN_POINT('',(0.,-0.));
#1648 = VECTOR('',#1649,1.);
#1649 = DIRECTION('',(0.,1.));
#1650 = ( GEOMETRIC_REPRESENTATION_CONTEXT(2) 
PARAMETRIC_REPRESENTATION_CONTEXT() REPRESENTATION_CONTEXT('2D SPACE',''
  ) );
#1651 = ORIENTED_EDGE('',*,*,#1652,.T.);
#1652 = EDGE_CURVE('',#1630,#1630,#1653,.T.);
#1653 = SURFACE_CURVE('',#1654,(#1659,#1666),.PCURVE_S1.);
#1654 = CIRCLE('',#1655,2.);
#1655 = AXIS2_PLACEMENT_3D('',#1656,#1657,#1658);
#1656 = CARTESIAN_POINT('',(71.644,0.,-102.5));
#1657 = DIRECTION('',(0.,1.,0.));
#1658 = DIRECTION('',(0.,-0.,1.));
#1659 = PCURVE('',#503,#1660);
#1660 = DEFINITIONAL_REPRESENTATION('',(#1661),#1665);
#1661 = LINE('',#1662,#1663);
#1662 = CARTESIAN_POINT('',(0.,1.));
#1663 = VECTOR('',#1664,1.);
#1664 = DIRECTION('',(1.,0.));
#1665 = ( GEOMETRIC_REPRESENTATION_CONTEXT(2) 
PARAMETRIC_REPRESENTATION_CONTEXT() REPRESENTATION_CONTEXT('2D SPACE',''
  ) );
#1666 = PCURVE('',#921,#1667);
#1667 = DEFINITIONAL_REPRESENTATION('',(#1668),#1676);
#1668 = ( BOUNDED_CURVE() B_SPLINE_CURVE(2,(#1669,#1670,#1671,#1672,
#1673,#1674,#1675),.UNSPECIFIED.,.T.,.F.) B_SPLINE_CURVE_WITH_KNOTS((1,2
    ,2,2,2,1),(-2.094395102393,0.,2.094395102393,4.188790204786,
6.28318530718,8.377580409573),.UNSPECIFIED.) CURVE() 
GEOMETRIC_REPRESENTATION_ITEM() RATIONAL_B_SPLINE_CURVE((1.,0.5,1.,0.5,
1.,0.5,1.)) REPRESENTATION_ITEM('') );
#1669 = CARTESIAN_POINT('',(100.5,71.644));
#1670 = CARTESIAN_POINT('',(100.5,75.108101615138));
#1671 = CARTESIAN_POINT('',(103.5,73.376050807569));
#1672 = CARTESIAN_POINT('',(106.5,71.644));
#1673 = CARTESIAN_POINT('',(103.5,69.911949192431));
#1674 = CARTESIAN_POINT('',(100.5,68.179898384862));
#1675 = CARTESIAN_POINT('',(100.5,71.644));
#1676 = ( GEOMETRIC_REPRESENTATION_CONTEXT(2) 
PARAMETRIC_REPRESENTATION_CONTEXT() REPRESENTATION_CONTEXT('2D SPACE',''
  ) );
#1677 = ORIENTED_EDGE('',*,*,#1629,.T.);
#1678 = ADVANCED_FACE('',(#1679),#538,.F.);
#1679 = FACE_BOUND('',#1680,.F.);
#1680 = EDGE_LOOP('',(#1681,#1682,#1705,#1731));
#1681 = ORIENTED_EDGE('',*,*,#517,.F.);
#1682 = ORIENTED_EDGE('',*,*,#1683,.F.);
#1683 = EDGE_CURVE('',#1684,#518,#1686,.T.);
#1684 = VERTEX_POINT('',#1685);
#1685 = CARTESIAN_POINT('',(58.5,0.,-128.));
#1686 = SEAM_CURVE('',#1687,(#1691,#1698),.PCURVE_S1.);
#1687 = LINE('',#1688,#1689);
#1688 = CARTESIAN_POINT('',(58.5,-1.,-128.));
#1689 = VECTOR('',#1690,1.);
#1690 = DIRECTION('',(0.,1.,0.));
#1691 = PCURVE('',#538,#1692);
#1692 = DEFINITIONAL_REPRESENTATION('',(#1693),#1697);
#1693 = LINE('',#1694,#1695);
#1694 = CARTESIAN_POINT('',(6.28318530718,-0.));
#1695 = VECTOR('',#1696,1.);
#1696 = DIRECTION('',(0.,1.));
#1697 = ( GEOMETRIC_REPRESENTATION_CONTEXT(2) 
PARAMETRIC_REPRESENTATION_CONTEXT() REPRESENTATION_CONTEXT('2D SPACE',''
  ) );
#1698 = PCURVE('',#538,#1699);
#1699 = DEFINITIONAL_REPRESENTATION('',(#1700),#1704);
#1700 = LINE('',#1701,#1702);
#1701 = CARTESIAN_POINT('',(0.,-0.));
#1702 = VECTOR('',#1703,1.);
#1703 = DIRECTION('',(0.,1.));
#1704 = ( GEOMETRIC_REPRESENTATION_CONTEXT(2) 
PARAMETRIC_REPRESENTATION_CONTEXT() REPRESENTATION_CONTEXT('2D SPACE',''
  ) );
#1705 = ORIENTED_EDGE('',*,*,#1706,.T.);
#1706 = EDGE_CURVE('',#1684,#1684,#1707,.T.);
#1707 = SURFACE_CURVE('',#1708,(#1713,#1720),.PCURVE_S1.);
#1708 = CIRCLE('',#1709,2.);
#1709 = AXIS2_PLACEMENT_3D('',#1710,#1711,#1712);
#1710 = CARTESIAN_POINT('',(58.5,0.,-130.));
#1711 = DIRECTION('',(0.,1.,0.));
#1712 = DIRECTION('',(0.,-0.,1.));
#1713 = PCURVE('',#538,#1714);
#1714 = DEFINITIONAL_REPRESENTATION('',(#1715),#1719);
#1715 = LINE('',#1716,#1717);
#1716 = CARTESIAN_POINT('',(0.,1.));
#1717 = VECTOR('',#1718,1.);
#1718 = DIRECTION('',(1.,0.));
#1719 = ( GEOMETRIC_REPRESENTATION_CONTEXT(2) 
PARAMETRIC_REPRESENTATION_CONTEXT() REPRESENTATION_CONTEXT('2D SPACE',''
  ) );
#1720 = PCURVE('',#921,#1721);
#1721 = DEFINITIONAL_REPRESENTATION('',(#1722),#1730);
#1722 = ( BOUNDED_CURVE() B_SPLINE_CURVE(2,(#1723,#1724,#1725,#1726,
#1727,#1728,#1729),.UNSPECIFIED.,.T.,.F.) B_SPLINE_CURVE_WITH_KNOTS((1,2
    ,2,2,2,1),(-2.094395102393,0.,2.094395102393,4.188790204786,
6.28318530718,8.377580409573),.UNSPECIFIED.) CURVE() 
GEOMETRIC_REPRESENTATION_ITEM() RATIONAL_B_SPLINE_CURVE((1.,0.5,1.,0.5,
1.,0.5,1.)) REPRESENTATION_ITEM('') );
#1723 = CARTESIAN_POINT('',(128.,58.5));
#1724 = CARTESIAN_POINT('',(128.,61.964101615138));
#1725 = CARTESIAN_POINT('',(131.,60.232050807569));
#1726 = CARTESIAN_POINT('',(134.,58.5));
#1727 = CARTESIAN_POINT('',(131.,56.767949192431));
#1728 = CARTESIAN_POINT('',(128.,55.035898384862));
#1729 = CARTESIAN_POINT('',(128.,58.5));
#1730 = ( GEOMETRIC_REPRESENTATION_CONTEXT(2) 
PARAMETRIC_REPRESENTATION_CONTEXT() REPRESENTATION_CONTEXT('2D SPACE',''
  ) );
#1731 = ORIENTED_EDGE('',*,*,#1683,.T.);
#1732 = ADVANCED_FACE('',(#1733),#573,.F.);
#1733 = FACE_BOUND('',#1734,.F.);
#1734 = EDGE_LOOP('',(#1735,#1736,#1759,#1785));
#1735 = ORIENTED_EDGE('',*,*,#552,.F.);
#1736 = ORIENTED_EDGE('',*,*,#1737,.F.);
#1737 = EDGE_CURVE('',#1738,#553,#1740,.T.);
#1738 = VERTEX_POINT('',#1739);
#1739 = CARTESIAN_POINT('',(114.5,0.,-16.));
#1740 = SEAM_CURVE('',#1741,(#1745,#1752),.PCURVE_S1.);
#1741 = LINE('',#1742,#1743);
#1742 = CARTESIAN_POINT('',(114.5,-1.,-16.));
#1743 = VECTOR('',#1744,1.);
#1744 = DIRECTION('',(0.,1.,0.));
#1745 = PCURVE('',#573,#1746);
#1746 = DEFINITIONAL_REPRESENTATION('',(#1747),#1751);
#1747 = LINE('',#1748,#1749);
#1748 = CARTESIAN_POINT('',(6.28318530718,-0.));
#1749 = VECTOR('',#1750,1.);
#1750 = DIRECTION('',(0.,1.));
#1751 = ( GEOMETRIC_REPRESENTATION_CONTEXT(2) 
PARAMETRIC_REPRESENTATION_CONTEXT() REPRESENTATION_CONTEXT('2D SPACE',''
  ) );
#1752 = PCURVE('',#573,#1753);
#1753 = DEFINITIONAL_REPRESENTATION('',(#1754),#1758);
#1754 = LINE('',#1755,#1756);
#1755 = CARTESIAN_POINT('',(0.,-0.));
#1756 = VECTOR('',#1757,1.);
#1757 = DIRECTION('',(0.,1.));
#1758 = ( GEOMETRIC_REPRESENTATION_CONTEXT(2) 
PARAMETRIC_REPRESENTATION_CONTEXT() REPRESENTATION_CONTEXT('2D SPACE',''
  ) );
#1759 = ORIENTED_EDGE('',*,*,#1760,.T.);
#1760 = EDGE_CURVE('',#1738,#1738,#1761,.T.);
#1761 = SURFACE_CURVE('',#1762,(#1767,#1774),.PCURVE_S1.);
#1762 = CIRCLE('',#1763,2.);
#1763 = AXIS2_PLACEMENT_3D('',#1764,#1765,#1766);
#1764 = CARTESIAN_POINT('',(114.5,0.,-18.));
#1765 = DIRECTION('',(0.,1.,0.));
#1766 = DIRECTION('',(0.,-0.,1.));
#1767 = PCURVE('',#573,#1768);
#1768 = DEFINITIONAL_REPRESENTATION('',(#1769),#1773);
#1769 = LINE('',#1770,#1771);
#1770 = CARTESIAN_POINT('',(0.,1.));
#1771 = VECTOR('',#1772,1.);
#1772 = DIRECTION('',(1.,0.));
#1773 = ( GEOMETRIC_REPRESENTATION_CONTEXT(2) 
PARAMETRIC_REPRESENTATION_CONTEXT() REPRESENTATION_CONTEXT('2D SPACE',''
  ) );
#1774 = PCURVE('',#921,#1775);
#1775 = DEFINITIONAL_REPRESENTATION('',(#1776),#1784);
#1776 = ( BOUNDED_CURVE() B_SPLINE_CURVE(2,(#1777,#1778,#1779,#1780,
#1781,#1782,#1783),.UNSPECIFIED.,.T.,.F.) B_SPLINE_CURVE_WITH_KNOTS((1,2
    ,2,2,2,1),(-2.094395102393,0.,2.094395102393,4.188790204786,
6.28318530718,8.377580409573),.UNSPECIFIED.) CURVE() 
GEOMETRIC_REPRESENTATION_ITEM() RATIONAL_B_SPLINE_CURVE((1.,0.5,1.,0.5,
1.,0.5,1.)) REPRESENTATION_ITEM('') );
#1777 = CARTESIAN_POINT('',(16.,114.5));
#1778 = CARTESIAN_POINT('',(16.,117.96410161513));
#1779 = CARTESIAN_POINT('',(19.,116.23205080756));
#1780 = CARTESIAN_POINT('',(22.,114.5));
#1781 = CARTESIAN_POINT('',(19.,112.76794919243));
#1782 = CARTESIAN_POINT('',(16.,111.03589838486));
#1783 = CARTESIAN_POINT('',(16.,114.5));
#1784 = ( GEOMETRIC_REPRESENTATION_CONTEXT(2) 
PARAMETRIC_REPRESENTATION_CONTEXT() REPRESENTATION_CONTEXT('2D SPACE',''
  ) );
#1785 = ORIENTED_EDGE('',*,*,#1737,.T.);
#1786 = ADVANCED_FACE('',(#1787),#608,.F.);
#1787 = FACE_BOUND('',#1788,.F.);
#1788 = EDGE_LOOP('',(#1789,#1790,#1813,#1839));
#1789 = ORIENTED_EDGE('',*,*,#587,.F.);
#1790 = ORIENTED_EDGE('',*,*,#1791,.F.);
#1791 = EDGE_CURVE('',#1792,#588,#1794,.T.);
#1792 = VERTEX_POINT('',#1793);
#1793 = CARTESIAN_POINT('',(114.5,0.,-53.5));
#1794 = SEAM_CURVE('',#1795,(#1799,#1806),.PCURVE_S1.);
#1795 = LINE('',#1796,#1797);
#1796 = CARTESIAN_POINT('',(114.5,-1.,-53.5));
#1797 = VECTOR('',#1798,1.);
#1798 = DIRECTION('',(0.,1.,0.));
#1799 = PCURVE('',#608,#1800);
#1800 = DEFINITIONAL_REPRESENTATION('',(#1801),#1805);
#1801 = LINE('',#1802,#1803);
#1802 = CARTESIAN_POINT('',(6.28318530718,-0.));
#1803 = VECTOR('',#1804,1.);
#1804 = DIRECTION('',(0.,1.));
#1805 = ( GEOMETRIC_REPRESENTATION_CONTEXT(2) 
PARAMETRIC_REPRESENTATION_CONTEXT() REPRESENTATION_CONTEXT('2D SPACE',''
  ) );
#1806 = PCURVE('',#608,#1807);
#1807 = DEFINITIONAL_REPRESENTATION('',(#1808),#1812);
#1808 = LINE('',#1809,#1810);
#1809 = CARTESIAN_POINT('',(0.,-0.));
#1810 = VECTOR('',#1811,1.);
#1811 = DIRECTION('',(0.,1.));
#1812 = ( GEOMETRIC_REPRESENTATION_CONTEXT(2) 
PARAMETRIC_REPRESENTATION_CONTEXT() REPRESENTATION_CONTEXT('2D SPACE',''
  ) );
#1813 = ORIENTED_EDGE('',*,*,#1814,.T.);
#1814 = EDGE_CURVE('',#1792,#1792,#1815,.T.);
#1815 = SURFACE_CURVE('',#1816,(#1821,#1828),.PCURVE_S1.);
#1816 = CIRCLE('',#1817,2.);
#1817 = AXIS2_PLACEMENT_3D('',#1818,#1819,#1820);
#1818 = CARTESIAN_POINT('',(114.5,0.,-55.5));
#1819 = DIRECTION('',(0.,1.,0.));
#1820 = DIRECTION('',(0.,-0.,1.));
#1821 = PCURVE('',#608,#1822);
#1822 = DEFINITIONAL_REPRESENTATION('',(#1823),#1827);
#1823 = LINE('',#1824,#1825);
#1824 = CARTESIAN_POINT('',(0.,1.));
#1825 = VECTOR('',#1826,1.);
#1826 = DIRECTION('',(1.,0.));
#1827 = ( GEOMETRIC_REPRESENTATION_CONTEXT(2) 
PARAMETRIC_REPRESENTATION_CONTEXT() REPRESENTATION_CONTEXT('2D SPACE',''
  ) );
#1828 = PCURVE('',#921,#1829);
#1829 = DEFINITIONAL_REPRESENTATION('',(#1830),#1838);
#1830 = ( BOUNDED_CURVE() B_SPLINE_CURVE(2,(#1831,#1832,#1833,#1834,
#1835,#1836,#1837),.UNSPECIFIED.,.T.,.F.) B_SPLINE_CURVE_WITH_KNOTS((1,2
    ,2,2,2,1),(-2.094395102393,0.,2.094395102393,4.188790204786,
6.28318530718,8.377580409573),.UNSPECIFIED.) CURVE() 
GEOMETRIC_REPRESENTATION_ITEM() RATIONAL_B_SPLINE_CURVE((1.,0.5,1.,0.5,
1.,0.5,1.)) REPRESENTATION_ITEM('') );
#1831 = CARTESIAN_POINT('',(53.5,114.5));
#1832 = CARTESIAN_POINT('',(53.5,117.96410161513));
#1833 = CARTESIAN_POINT('',(56.5,116.23205080756));
#1834 = CARTESIAN_POINT('',(59.5,114.5));
#1835 = CARTESIAN_POINT('',(56.5,112.76794919243));
#1836 = CARTESIAN_POINT('',(53.5,111.03589838486));
#1837 = CARTESIAN_POINT('',(53.5,114.5));
#1838 = ( GEOMETRIC_REPRESENTATION_CONTEXT(2) 
PARAMETRIC_REPRESENTATION_CONTEXT() REPRESENTATION_CONTEXT('2D SPACE',''
  ) );
#1839 = ORIENTED_EDGE('',*,*,#1791,.T.);
#1840 = ADVANCED_FACE('',(#1841),#643,.F.);
#1841 = FACE_BOUND('',#1842,.F.);
#1842 = EDGE_LOOP('',(#1843,#1844,#1867,#1893));
#1843 = ORIENTED_EDGE('',*,*,#622,.F.);
#1844 = ORIENTED_EDGE('',*,*,#1845,.F.);
#1845 = EDGE_CURVE('',#1846,#623,#1848,.T.);
#1846 = VERTEX_POINT('',#1847);
#1847 = CARTESIAN_POINT('',(152.,0.,-16.));
#1848 = SEAM_CURVE('',#1849,(#1853,#1860),.PCURVE_S1.);
#1849 = LINE('',#1850,#1851);
#1850 = CARTESIAN_POINT('',(152.,-1.,-16.));
#1851 = VECTOR('',#1852,1.);
#1852 = DIRECTION('',(0.,1.,0.));
#1853 = PCURVE('',#643,#1854);
#1854 = DEFINITIONAL_REPRESENTATION('',(#1855),#1859);
#1855 = LINE('',#1856,#1857);
#1856 = CARTESIAN_POINT('',(6.28318530718,-0.));
#1857 = VECTOR('',#1858,1.);
#1858 = DIRECTION('',(0.,1.));
#1859 = ( GEOMETRIC_REPRESENTATION_CONTEXT(2) 
PARAMETRIC_REPRESENTATION_CONTEXT() REPRESENTATION_CONTEXT('2D SPACE',''
  ) );
#1860 = PCURVE('',#643,#1861);
#1861 = DEFINITIONAL_REPRESENTATION('',(#1862),#1866);
#1862 = LINE('',#1863,#1864);
#1863 = CARTESIAN_POINT('',(0.,-0.));
#1864 = VECTOR('',#1865,1.);
#1865 = DIRECTION('',(0.,1.));
#1866 = ( GEOMETRIC_REPRESENTATION_CONTEXT(2) 
PARAMETRIC_REPRESENTATION_CONTEXT() REPRESENTATION_CONTEXT('2D SPACE',''
  ) );
#1867 = ORIENTED_EDGE('',*,*,#1868,.T.);
#1868 = EDGE_CURVE('',#1846,#1846,#1869,.T.);
#1869 = SURFACE_CURVE('',#1870,(#1875,#1882),.PCURVE_S1.);
#1870 = CIRCLE('',#1871,2.);
#1871 = AXIS2_PLACEMENT_3D('',#1872,#1873,#1874);
#1872 = CARTESIAN_POINT('',(152.,0.,-18.));
#1873 = DIRECTION('',(0.,1.,0.));
#1874 = DIRECTION('',(0.,-0.,1.));
#1875 = PCURVE('',#643,#1876);
#1876 = DEFINITIONAL_REPRESENTATION('',(#1877),#1881);
#1877 = LINE('',#1878,#1879);
#1878 = CARTESIAN_POINT('',(0.,1.));
#1879 = VECTOR('',#1880,1.);
#1880 = DIRECTION('',(1.,0.));
#1881 = ( GEOMETRIC_REPRESENTATION_CONTEXT(2) 
PARAMETRIC_REPRESENTATION_CONTEXT() REPRESENTATION_CONTEXT('2D SPACE',''
  ) );
#1882 = PCURVE('',#921,#1883);
#1883 = DEFINITIONAL_REPRESENTATION('',(#1884),#1892);
#1884 = ( BOUNDED_CURVE() B_SPLINE_CURVE(2,(#1885,#1886,#1887,#1888,
#1889,#1890,#1891),.UNSPECIFIED.,.T.,.F.) B_SPLINE_CURVE_WITH_KNOTS((1,2
    ,2,2,2,1),(-2.094395102393,0.,2.094395102393,4.188790204786,
6.28318530718,8.377580409573),.UNSPECIFIED.) CURVE() 
GEOMETRIC_REPRESENTATION_ITEM() RATIONAL_B_SPLINE_CURVE((1.,0.5,1.,0.5,
1.,0.5,1.)) REPRESENTATION_ITEM('') );
#1885 = CARTESIAN_POINT('',(16.,152.));
#1886 = CARTESIAN_POINT('',(16.,155.46410161513));
#1887 = CARTESIAN_POINT('',(19.,153.73205080756));
#1888 = CARTESIAN_POINT('',(22.,152.));
#1889 = CARTESIAN_POINT('',(19.,150.26794919243));
#1890 = CARTESIAN_POINT('',(16.,148.53589838486));
#1891 = CARTESIAN_POINT('',(16.,152.));
#1892 = ( GEOMETRIC_REPRESENTATION_CONTEXT(2) 
PARAMETRIC_REPRESENTATION_CONTEXT() REPRESENTATION_CONTEXT('2D SPACE',''
  ) );
#1893 = ORIENTED_EDGE('',*,*,#1845,.T.);
#1894 = ADVANCED_FACE('',(#1895),#678,.F.);
#1895 = FACE_BOUND('',#1896,.F.);
#1896 = EDGE_LOOP('',(#1897,#1898,#1921,#1947));
#1897 = ORIENTED_EDGE('',*,*,#657,.F.);
#1898 = ORIENTED_EDGE('',*,*,#1899,.F.);
#1899 = EDGE_CURVE('',#1900,#658,#1902,.T.);
#1900 = VERTEX_POINT('',#1901);
#1901 = CARTESIAN_POINT('',(160.,0.,-8.));
#1902 = SEAM_CURVE('',#1903,(#1907,#1914),.PCURVE_S1.);
#1903 = LINE('',#1904,#1905);
#1904 = CARTESIAN_POINT('',(160.,-1.,-8.));
#1905 = VECTOR('',#1906,1.);
#1906 = DIRECTION('',(0.,1.,0.));
#1907 = PCURVE('',#678,#1908);
#1908 = DEFINITIONAL_REPRESENTATION('',(#1909),#1913);
#1909 = LINE('',#1910,#1911);
#1910 = CARTESIAN_POINT('',(6.28318530718,-0.));
#1911 = VECTOR('',#1912,1.);
#1912 = DIRECTION('',(0.,1.));
#1913 = ( GEOMETRIC_REPRESENTATION_CONTEXT(2) 
PARAMETRIC_REPRESENTATION_CONTEXT() REPRESENTATION_CONTEXT('2D SPACE',''
  ) );
#1914 = PCURVE('',#678,#1915);
#1915 = DEFINITIONAL_REPRESENTATION('',(#1916),#1920);
#1916 = LINE('',#1917,#1918);
#1917 = CARTESIAN_POINT('',(0.,-0.));
#1918 = VECTOR('',#1919,1.);
#1919 = DIRECTION('',(0.,1.));
#1920 = ( GEOMETRIC_REPRESENTATION_CONTEXT(2) 
PARAMETRIC_REPRESENTATION_CONTEXT() REPRESENTATION_CONTEXT('2D SPACE',''
  ) );
#1921 = ORIENTED_EDGE('',*,*,#1922,.T.);
#1922 = EDGE_CURVE('',#1900,#1900,#1923,.T.);
#1923 = SURFACE_CURVE('',#1924,(#1929,#1936),.PCURVE_S1.);
#1924 = CIRCLE('',#1925,2.);
#1925 = AXIS2_PLACEMENT_3D('',#1926,#1927,#1928);
#1926 = CARTESIAN_POINT('',(160.,0.,-10.));
#1927 = DIRECTION('',(0.,1.,0.));
#1928 = DIRECTION('',(0.,-0.,1.));
#1929 = PCURVE('',#678,#1930);
#1930 = DEFINITIONAL_REPRESENTATION('',(#1931),#1935);
#1931 = LINE('',#1932,#1933);
#1932 = CARTESIAN_POINT('',(0.,1.));
#1933 = VECTOR('',#1934,1.);
#1934 = DIRECTION('',(1.,0.));
#1935 = ( GEOMETRIC_REPRESENTATION_CONTEXT(2) 
PARAMETRIC_REPRESENTATION_CONTEXT() REPRESENTATION_CONTEXT('2D SPACE',''
  ) );
#1936 = PCURVE('',#921,#1937);
#1937 = DEFINITIONAL_REPRESENTATION('',(#1938),#1946);
#1938 = ( BOUNDED_CURVE() B_SPLINE_CURVE(2,(#1939,#1940,#1941,#1942,
#1943,#1944,#1945),.UNSPECIFIED.,.T.,.F.) B_SPLINE_CURVE_WITH_KNOTS((1,2
    ,2,2,2,1),(-2.094395102393,0.,2.094395102393,4.188790204786,
6.28318530718,8.377580409573),.UNSPECIFIED.) CURVE() 
GEOMETRIC_REPRESENTATION_ITEM() RATIONAL_B_SPLINE_CURVE((1.,0.5,1.,0.5,
1.,0.5,1.)) REPRESENTATION_ITEM('') );
#1939 = CARTESIAN_POINT('',(8.,160.));
#1940 = CARTESIAN_POINT('',(8.,163.46410161513));
#1941 = CARTESIAN_POINT('',(11.,161.73205080756));
#1942 = CARTESIAN_POINT('',(14.,160.));
#1943 = CARTESIAN_POINT('',(11.,158.26794919243));
#1944 = CARTESIAN_POINT('',(8.,156.53589838486));
#1945 = CARTESIAN_POINT('',(8.,160.));
#1946 = ( GEOMETRIC_REPRESENTATION_CONTEXT(2) 
PARAMETRIC_REPRESENTATION_CONTEXT() REPRESENTATION_CONTEXT('2D SPACE',''
  ) );
#1947 = ORIENTED_EDGE('',*,*,#1899,.T.);
#1948 = ADVANCED_FACE('',(#1949),#713,.F.);
#1949 = FACE_BOUND('',#1950,.F.);
#1950 = EDGE_LOOP('',(#1951,#1952,#1975,#2001));
#1951 = ORIENTED_EDGE('',*,*,#692,.F.);
#1952 = ORIENTED_EDGE('',*,*,#1953,.F.);
#1953 = EDGE_CURVE('',#1954,#693,#1956,.T.);
#1954 = VERTEX_POINT('',#1955);
#1955 = CARTESIAN_POINT('',(152.,0.,-53.5));
#1956 = SEAM_CURVE('',#1957,(#1961,#1968),.PCURVE_S1.);
#1957 = LINE('',#1958,#1959);
#1958 = CARTESIAN_POINT('',(152.,-1.,-53.5));
#1959 = VECTOR('',#1960,1.);
#1960 = DIRECTION('',(0.,1.,0.));
#1961 = PCURVE('',#713,#1962);
#1962 = DEFINITIONAL_REPRESENTATION('',(#1963),#1967);
#1963 = LINE('',#1964,#1965);
#1964 = CARTESIAN_POINT('',(6.28318530718,-0.));
#1965 = VECTOR('',#1966,1.);
#1966 = DIRECTION('',(0.,1.));
#1967 = ( GEOMETRIC_REPRESENTATION_CONTEXT(2) 
PARAMETRIC_REPRESENTATION_CONTEXT() REPRESENTATION_CONTEXT('2D SPACE',''
  ) );
#1968 = PCURVE('',#713,#1969);
#1969 = DEFINITIONAL_REPRESENTATION('',(#1970),#1974);
#1970 = LINE('',#1971,#1972);
#1971 = CARTESIAN_POINT('',(0.,-0.));
#1972 = VECTOR('',#1973,1.);
#1973 = DIRECTION('',(0.,1.));
#1974 = ( GEOMETRIC_REPRESENTATION_CONTEXT(2) 
PARAMETRIC_REPRESENTATION_CONTEXT() REPRESENTATION_CONTEXT('2D SPACE',''
  ) );
#1975 = ORIENTED_EDGE('',*,*,#1976,.T.);
#1976 = EDGE_CURVE('',#1954,#1954,#1977,.T.);
#1977 = SURFACE_CURVE('',#1978,(#1983,#1990),.PCURVE_S1.);
#1978 = CIRCLE('',#1979,2.);
#1979 = AXIS2_PLACEMENT_3D('',#1980,#1981,#1982);
#1980 = CARTESIAN_POINT('',(152.,0.,-55.5));
#1981 = DIRECTION('',(0.,1.,0.));
#1982 = DIRECTION('',(0.,-0.,1.));
#1983 = PCURVE('',#713,#1984);
#1984 = DEFINITIONAL_REPRESENTATION('',(#1985),#1989);
#1985 = LINE('',#1986,#1987);
#1986 = CARTESIAN_POINT('',(0.,1.));
#1987 = VECTOR('',#1988,1.);
#1988 = DIRECTION('',(1.,0.));
#1989 = ( GEOMETRIC_REPRESENTATION_CONTEXT(2) 
PARAMETRIC_REPRESENTATION_CONTEXT() REPRESENTATION_CONTEXT('2D SPACE',''
  ) );
#1990 = PCURVE('',#921,#1991);
#1991 = DEFINITIONAL_REPRESENTATION('',(#1992),#2000);
#1992 = ( BOUNDED_CURVE() B_SPLINE_CURVE(2,(#1993,#1994,#1995,#1996,
#1997,#1998,#1999),.UNSPECIFIED.,.T.,.F.) B_SPLINE_CURVE_WITH_KNOTS((1,2
    ,2,2,2,1),(-2.094395102393,0.,2.094395102393,4.188790204786,
6.28318530718,8.377580409573),.UNSPECIFIED.) CURVE() 
GEOMETRIC_REPRESENTATION_ITEM() RATIONAL_B_SPLINE_CURVE((1.,0.5,1.,0.5,
1.,0.5,1.)) REPRESENTATION_ITEM('') );
#1993 = CARTESIAN_POINT('',(53.5,152.));
#1994 = CARTESIAN_POINT('',(53.5,155.46410161513));
#1995 = CARTESIAN_POINT('',(56.5,153.73205080756));
#1996 = CARTESIAN_POINT('',(59.5,152.));
#1997 = CARTESIAN_POINT('',(56.5,150.26794919243));
#1998 = CARTESIAN_POINT('',(53.5,148.53589838486));
#1999 = CARTESIAN_POINT('',(53.5,152.));
#2000 = ( GEOMETRIC_REPRESENTATION_CONTEXT(2) 
PARAMETRIC_REPRESENTATION_CONTEXT() REPRESENTATION_CONTEXT('2D SPACE',''
  ) );
#2001 = ORIENTED_EDGE('',*,*,#1953,.T.);
#2002 = ADVANCED_FACE('',(#2003),#748,.F.);
#2003 = FACE_BOUND('',#2004,.F.);
#2004 = EDGE_LOOP('',(#2005,#2006,#2029,#2055));
#2005 = ORIENTED_EDGE('',*,*,#727,.F.);
#2006 = ORIENTED_EDGE('',*,*,#2007,.F.);
#2007 = EDGE_CURVE('',#2008,#728,#2010,.T.);
#2008 = VERTEX_POINT('',#2009);
#2009 = CARTESIAN_POINT('',(114.5,0.,-112.5));
#2010 = SEAM_CURVE('',#2011,(#2015,#2022),.PCURVE_S1.);
#2011 = LINE('',#2012,#2013);
#2012 = CARTESIAN_POINT('',(114.5,-1.,-112.5));
#2013 = VECTOR('',#2014,1.);
#2014 = DIRECTION('',(0.,1.,0.));
#2015 = PCURVE('',#748,#2016);
#2016 = DEFINITIONAL_REPRESENTATION('',(#2017),#2021);
#2017 = LINE('',#2018,#2019);
#2018 = CARTESIAN_POINT('',(6.28318530718,-0.));
#2019 = VECTOR('',#2020,1.);
#2020 = DIRECTION('',(0.,1.));
#2021 = ( GEOMETRIC_REPRESENTATION_CONTEXT(2) 
PARAMETRIC_REPRESENTATION_CONTEXT() REPRESENTATION_CONTEXT('2D SPACE',''
  ) );
#2022 = PCURVE('',#748,#2023);
#2023 = DEFINITIONAL_REPRESENTATION('',(#2024),#2028);
#2024 = LINE('',#2025,#2026);
#2025 = CARTESIAN_POINT('',(0.,-0.));
#2026 = VECTOR('',#2027,1.);
#2027 = DIRECTION('',(0.,1.));
#2028 = ( GEOMETRIC_REPRESENTATION_CONTEXT(2) 
PARAMETRIC_REPRESENTATION_CONTEXT() REPRESENTATION_CONTEXT('2D SPACE',''
  ) );
#2029 = ORIENTED_EDGE('',*,*,#2030,.T.);
#2030 = EDGE_CURVE('',#2008,#2008,#2031,.T.);
#2031 = SURFACE_CURVE('',#2032,(#2037,#2044),.PCURVE_S1.);
#2032 = CIRCLE('',#2033,2.);
#2033 = AXIS2_PLACEMENT_3D('',#2034,#2035,#2036);
#2034 = CARTESIAN_POINT('',(114.5,0.,-114.5));
#2035 = DIRECTION('',(0.,1.,0.));
#2036 = DIRECTION('',(0.,-0.,1.));
#2037 = PCURVE('',#748,#2038);
#2038 = DEFINITIONAL_REPRESENTATION('',(#2039),#2043);
#2039 = LINE('',#2040,#2041);
#2040 = CARTESIAN_POINT('',(0.,1.));
#2041 = VECTOR('',#2042,1.);
#2042 = DIRECTION('',(1.,0.));
#2043 = ( GEOMETRIC_REPRESENTATION_CONTEXT(2) 
PARAMETRIC_REPRESENTATION_CONTEXT() REPRESENTATION_CONTEXT('2D SPACE',''
  ) );
#2044 = PCURVE('',#921,#2045);
#2045 = DEFINITIONAL_REPRESENTATION('',(#2046),#2054);
#2046 = ( BOUNDED_CURVE() B_SPLINE_CURVE(2,(#2047,#2048,#2049,#2050,
#2051,#2052,#2053),.UNSPECIFIED.,.T.,.F.) B_SPLINE_CURVE_WITH_KNOTS((1,2
    ,2,2,2,1),(-2.094395102393,0.,2.094395102393,4.188790204786,
6.28318530718,8.377580409573),.UNSPECIFIED.) CURVE() 
GEOMETRIC_REPRESENTATION_ITEM() RATIONAL_B_SPLINE_CURVE((1.,0.5,1.,0.5,
1.,0.5,1.)) REPRESENTATION_ITEM('') );
#2047 = CARTESIAN_POINT('',(112.5,114.5));
#2048 = CARTESIAN_POINT('',(112.5,117.96410161513));
#2049 = CARTESIAN_POINT('',(115.5,116.23205080756));
#2050 = CARTESIAN_POINT('',(118.5,114.5));
#2051 = CARTESIAN_POINT('',(115.5,112.76794919243));
#2052 = CARTESIAN_POINT('',(112.5,111.03589838486));
#2053 = CARTESIAN_POINT('',(112.5,114.5));
#2054 = ( GEOMETRIC_REPRESENTATION_CONTEXT(2) 
PARAMETRIC_REPRESENTATION_CONTEXT() REPRESENTATION_CONTEXT('2D SPACE',''
  ) );
#2055 = ORIENTED_EDGE('',*,*,#2007,.T.);
#2056 = ADVANCED_FACE('',(#2057),#783,.F.);
#2057 = FACE_BOUND('',#2058,.F.);
#2058 = EDGE_LOOP('',(#2059,#2060,#2083,#2109));
#2059 = ORIENTED_EDGE('',*,*,#762,.F.);
#2060 = ORIENTED_EDGE('',*,*,#2061,.F.);
#2061 = EDGE_CURVE('',#2062,#763,#2064,.T.);
#2062 = VERTEX_POINT('',#2063);
#2063 = CARTESIAN_POINT('',(114.5,0.,-150.));
#2064 = SEAM_CURVE('',#2065,(#2069,#2076),.PCURVE_S1.);
#2065 = LINE('',#2066,#2067);
#2066 = CARTESIAN_POINT('',(114.5,-1.,-150.));
#2067 = VECTOR('',#2068,1.);
#2068 = DIRECTION('',(0.,1.,0.));
#2069 = PCURVE('',#783,#2070);
#2070 = DEFINITIONAL_REPRESENTATION('',(#2071),#2075);
#2071 = LINE('',#2072,#2073);
#2072 = CARTESIAN_POINT('',(6.28318530718,-0.));
#2073 = VECTOR('',#2074,1.);
#2074 = DIRECTION('',(0.,1.));
#2075 = ( GEOMETRIC_REPRESENTATION_CONTEXT(2) 
PARAMETRIC_REPRESENTATION_CONTEXT() REPRESENTATION_CONTEXT('2D SPACE',''
  ) );
#2076 = PCURVE('',#783,#2077);
#2077 = DEFINITIONAL_REPRESENTATION('',(#2078),#2082);
#2078 = LINE('',#2079,#2080);
#2079 = CARTESIAN_POINT('',(0.,-0.));
#2080 = VECTOR('',#2081,1.);
#2081 = DIRECTION('',(0.,1.));
#2082 = ( GEOMETRIC_REPRESENTATION_CONTEXT(2) 
PARAMETRIC_REPRESENTATION_CONTEXT() REPRESENTATION_CONTEXT('2D SPACE',''
  ) );
#2083 = ORIENTED_EDGE('',*,*,#2084,.T.);
#2084 = EDGE_CURVE('',#2062,#2062,#2085,.T.);
#2085 = SURFACE_CURVE('',#2086,(#2091,#2098),.PCURVE_S1.);
#2086 = CIRCLE('',#2087,2.);
#2087 = AXIS2_PLACEMENT_3D('',#2088,#2089,#2090);
#2088 = CARTESIAN_POINT('',(114.5,0.,-152.));
#2089 = DIRECTION('',(0.,1.,0.));
#2090 = DIRECTION('',(0.,-0.,1.));
#2091 = PCURVE('',#783,#2092);
#2092 = DEFINITIONAL_REPRESENTATION('',(#2093),#2097);
#2093 = LINE('',#2094,#2095);
#2094 = CARTESIAN_POINT('',(0.,1.));
#2095 = VECTOR('',#2096,1.);
#2096 = DIRECTION('',(1.,0.));
#2097 = ( GEOMETRIC_REPRESENTATION_CONTEXT(2) 
PARAMETRIC_REPRESENTATION_CONTEXT() REPRESENTATION_CONTEXT('2D SPACE',''
  ) );
#2098 = PCURVE('',#921,#2099);
#2099 = DEFINITIONAL_REPRESENTATION('',(#2100),#2108);
#2100 = ( BOUNDED_CURVE() B_SPLINE_CURVE(2,(#2101,#2102,#2103,#2104,
#2105,#2106,#2107),.UNSPECIFIED.,.T.,.F.) B_SPLINE_CURVE_WITH_KNOTS((1,2
    ,2,2,2,1),(-2.094395102393,0.,2.094395102393,4.188790204786,
6.28318530718,8.377580409573),.UNSPECIFIED.) CURVE() 
GEOMETRIC_REPRESENTATION_ITEM() RATIONAL_B_SPLINE_CURVE((1.,0.5,1.,0.5,
1.,0.5,1.)) REPRESENTATION_ITEM('') );
#2101 = CARTESIAN_POINT('',(150.,114.5));
#2102 = CARTESIAN_POINT('',(150.,117.96410161513));
#2103 = CARTESIAN_POINT('',(153.,116.23205080756));
#2104 = CARTESIAN_POINT('',(156.,114.5));
#2105 = CARTESIAN_POINT('',(153.,112.76794919243));
#2106 = CARTESIAN_POINT('',(150.,111.03589838486));
#2107 = CARTESIAN_POINT('',(150.,114.5));
#2108 = ( GEOMETRIC_REPRESENTATION_CONTEXT(2) 
PARAMETRIC_REPRESENTATION_CONTEXT() REPRESENTATION_CONTEXT('2D SPACE',''
  ) );
#2109 = ORIENTED_EDGE('',*,*,#2061,.T.);
#2110 = ADVANCED_FACE('',(#2111),#818,.F.);
#2111 = FACE_BOUND('',#2112,.F.);
#2112 = EDGE_LOOP('',(#2113,#2114,#2137,#2163));
#2113 = ORIENTED_EDGE('',*,*,#797,.F.);
#2114 = ORIENTED_EDGE('',*,*,#2115,.F.);
#2115 = EDGE_CURVE('',#2116,#798,#2118,.T.);
#2116 = VERTEX_POINT('',#2117);
#2117 = CARTESIAN_POINT('',(152.,0.,-112.5));
#2118 = SEAM_CURVE('',#2119,(#2123,#2130),.PCURVE_S1.);
#2119 = LINE('',#2120,#2121);
#2120 = CARTESIAN_POINT('',(152.,-1.,-112.5));
#2121 = VECTOR('',#2122,1.);
#2122 = DIRECTION('',(0.,1.,0.));
#2123 = PCURVE('',#818,#2124);
#2124 = DEFINITIONAL_REPRESENTATION('',(#2125),#2129);
#2125 = LINE('',#2126,#2127);
#2126 = CARTESIAN_POINT('',(6.28318530718,-0.));
#2127 = VECTOR('',#2128,1.);
#2128 = DIRECTION('',(0.,1.));
#2129 = ( GEOMETRIC_REPRESENTATION_CONTEXT(2) 
PARAMETRIC_REPRESENTATION_CONTEXT() REPRESENTATION_CONTEXT('2D SPACE',''
  ) );
#2130 = PCURVE('',#818,#2131);
#2131 = DEFINITIONAL_REPRESENTATION('',(#2132),#2136);
#2132 = LINE('',#2133,#2134);
#2133 = CARTESIAN_POINT('',(0.,-0.));
#2134 = VECTOR('',#2135,1.);
#2135 = DIRECTION('',(0.,1.));
#2136 = ( GEOMETRIC_REPRESENTATION_CONTEXT(2) 
PARAMETRIC_REPRESENTATION_CONTEXT() REPRESENTATION_CONTEXT('2D SPACE',''
  ) );
#2137 = ORIENTED_EDGE('',*,*,#2138,.T.);
#2138 = EDGE_CURVE('',#2116,#2116,#2139,.T.);
#2139 = SURFACE_CURVE('',#2140,(#2145,#2152),.PCURVE_S1.);
#2140 = CIRCLE('',#2141,2.);
#2141 = AXIS2_PLACEMENT_3D('',#2142,#2143,#2144);
#2142 = CARTESIAN_POINT('',(152.,0.,-114.5));
#2143 = DIRECTION('',(0.,1.,0.));
#2144 = DIRECTION('',(0.,-0.,1.));
#2145 = PCURVE('',#818,#2146);
#2146 = DEFINITIONAL_REPRESENTATION('',(#2147),#2151);
#2147 = LINE('',#2148,#2149);
#2148 = CARTESIAN_POINT('',(0.,1.));
#2149 = VECTOR('',#2150,1.);
#2150 = DIRECTION('',(1.,0.));
#2151 = ( GEOMETRIC_REPRESENTATION_CONTEXT(2) 
PARAMETRIC_REPRESENTATION_CONTEXT() REPRESENTATION_CONTEXT('2D SPACE',''
  ) );
#2152 = PCURVE('',#921,#2153);
#2153 = DEFINITIONAL_REPRESENTATION('',(#2154),#2162);
#2154 = ( BOUNDED_CURVE() B_SPLINE_CURVE(2,(#2155,#2156,#2157,#2158,
#2159,#2160,#2161),.UNSPECIFIED.,.T.,.F.) B_SPLINE_CURVE_WITH_KNOTS((1,2
    ,2,2,2,1),(-2.094395102393,0.,2.094395102393,4.188790204786,
6.28318530718,8.377580409573),.UNSPECIFIED.) CURVE() 
GEOMETRIC_REPRESENTATION_ITEM() RATIONAL_B_SPLINE_CURVE((1.,0.5,1.,0.5,
1.,0.5,1.)) REPRESENTATION_ITEM('') );
#2155 = CARTESIAN_POINT('',(112.5,152.));
#2156 = CARTESIAN_POINT('',(112.5,155.46410161513));
#2157 = CARTESIAN_POINT('',(115.5,153.73205080756));
#2158 = CARTESIAN_POINT('',(118.5,152.));
#2159 = CARTESIAN_POINT('',(115.5,150.26794919243));
#2160 = CARTESIAN_POINT('',(112.5,148.53589838486));
#2161 = CARTESIAN_POINT('',(112.5,152.));
#2162 = ( GEOMETRIC_REPRESENTATION_CONTEXT(2) 
PARAMETRIC_REPRESENTATION_CONTEXT() REPRESENTATION_CONTEXT('2D SPACE',''
  ) );
#2163 = ORIENTED_EDGE('',*,*,#2115,.T.);
#2164 = ADVANCED_FACE('',(#2165),#853,.F.);
#2165 = FACE_BOUND('',#2166,.F.);
#2166 = EDGE_LOOP('',(#2167,#2168,#2191,#2217));
#2167 = ORIENTED_EDGE('',*,*,#832,.F.);
#2168 = ORIENTED_EDGE('',*,*,#2169,.F.);
#2169 = EDGE_CURVE('',#2170,#833,#2172,.T.);
#2170 = VERTEX_POINT('',#2171);
#2171 = CARTESIAN_POINT('',(152.,0.,-150.));
#2172 = SEAM_CURVE('',#2173,(#2177,#2184),.PCURVE_S1.);
#2173 = LINE('',#2174,#2175);
#2174 = CARTESIAN_POINT('',(152.,-1.,-150.));
#2175 = VECTOR('',#2176,1.);
#2176 = DIRECTION('',(0.,1.,0.));
#2177 = PCURVE('',#853,#2178);
#2178 = DEFINITIONAL_REPRESENTATION('',(#2179),#2183);
#2179 = LINE('',#2180,#2181);
#2180 = CARTESIAN_POINT('',(6.28318530718,-0.));
#2181 = VECTOR('',#2182,1.);
#2182 = DIRECTION('',(0.,1.));
#2183 = ( GEOMETRIC_REPRESENTATION_CONTEXT(2) 
PARAMETRIC_REPRESENTATION_CONTEXT() REPRESENTATION_CONTEXT('2D SPACE',''
  ) );
#2184 = PCURVE('',#853,#2185);
#2185 = DEFINITIONAL_REPRESENTATION('',(#2186),#2190);
#2186 = LINE('',#2187,#2188);
#2187 = CARTESIAN_POINT('',(0.,-0.));
#2188 = VECTOR('',#2189,1.);
#2189 = DIRECTION('',(0.,1.));
#2190 = ( GEOMETRIC_REPRESENTATION_CONTEXT(2) 
PARAMETRIC_REPRESENTATION_CONTEXT() REPRESENTATION_CONTEXT('2D SPACE',''
  ) );
#2191 = ORIENTED_EDGE('',*,*,#2192,.T.);
#2192 = EDGE_CURVE('',#2170,#2170,#2193,.T.);
#2193 = SURFACE_CURVE('',#2194,(#2199,#2206),.PCURVE_S1.);
#2194 = CIRCLE('',#2195,2.);
#2195 = AXIS2_PLACEMENT_3D('',#2196,#2197,#2198);
#2196 = CARTESIAN_POINT('',(152.,0.,-152.));
#2197 = DIRECTION('',(0.,1.,0.));
#2198 = DIRECTION('',(0.,-0.,1.));
#2199 = PCURVE('',#853,#2200);
#2200 = DEFINITIONAL_REPRESENTATION('',(#2201),#2205);
#2201 = LINE('',#2202,#2203);
#2202 = CARTESIAN_POINT('',(0.,1.));
#2203 = VECTOR('',#2204,1.);
#2204 = DIRECTION('',(1.,0.));
#2205 = ( GEOMETRIC_REPRESENTATION_CONTEXT(2) 
PARAMETRIC_REPRESENTATION_CONTEXT() REPRESENTATION_CONTEXT('2D SPACE',''
  ) );
#2206 = PCURVE('',#921,#2207);
#2207 = DEFINITIONAL_REPRESENTATION('',(#2208),#2216);
#2208 = ( BOUNDED_CURVE() B_SPLINE_CURVE(2,(#2209,#2210,#2211,#2212,
#2213,#2214,#2215),.UNSPECIFIED.,.T.,.F.) B_SPLINE_CURVE_WITH_KNOTS((1,2
    ,2,2,2,1),(-2.094395102393,0.,2.094395102393,4.188790204786,
6.28318530718,8.377580409573),.UNSPECIFIED.) CURVE() 
GEOMETRIC_REPRESENTATION_ITEM() RATIONAL_B_SPLINE_CURVE((1.,0.5,1.,0.5,
1.,0.5,1.)) REPRESENTATION_ITEM('') );
#2209 = CARTESIAN_POINT('',(150.,152.));
#2210 = CARTESIAN_POINT('',(150.,155.46410161513));
#2211 = CARTESIAN_POINT('',(153.,153.73205080756));
#2212 = CARTESIAN_POINT('',(156.,152.));
#2213 = CARTESIAN_POINT('',(153.,150.26794919243));
#2214 = CARTESIAN_POINT('',(150.,148.53589838486));
#2215 = CARTESIAN_POINT('',(150.,152.));
#2216 = ( GEOMETRIC_REPRESENTATION_CONTEXT(2) 
PARAMETRIC_REPRESENTATION_CONTEXT() REPRESENTATION_CONTEXT('2D SPACE',''
  ) );
#2217 = ORIENTED_EDGE('',*,*,#2169,.T.);
#2218 = ADVANCED_FACE('',(#2219),#888,.F.);
#2219 = FACE_BOUND('',#2220,.F.);
#2220 = EDGE_LOOP('',(#2221,#2222,#2245,#2271));
#2221 = ORIENTED_EDGE('',*,*,#867,.F.);
#2222 = ORIENTED_EDGE('',*,*,#2223,.F.);
#2223 = EDGE_CURVE('',#2224,#868,#2226,.T.);
#2224 = VERTEX_POINT('',#2225);
#2225 = CARTESIAN_POINT('',(160.,0.,-158.));
#2226 = SEAM_CURVE('',#2227,(#2231,#2238),.PCURVE_S1.);
#2227 = LINE('',#2228,#2229);
#2228 = CARTESIAN_POINT('',(160.,-1.,-158.));
#2229 = VECTOR('',#2230,1.);
#2230 = DIRECTION('',(0.,1.,0.));
#2231 = PCURVE('',#888,#2232);
#2232 = DEFINITIONAL_REPRESENTATION('',(#2233),#2237);
#2233 = LINE('',#2234,#2235);
#2234 = CARTESIAN_POINT('',(6.28318530718,-0.));
#2235 = VECTOR('',#2236,1.);
#2236 = DIRECTION('',(0.,1.));
#2237 = ( GEOMETRIC_REPRESENTATION_CONTEXT(2) 
PARAMETRIC_REPRESENTATION_CONTEXT() REPRESENTATION_CONTEXT('2D SPACE',''
  ) );
#2238 = PCURVE('',#888,#2239);
#2239 = DEFINITIONAL_REPRESENTATION('',(#2240),#2244);
#2240 = LINE('',#2241,#2242);
#2241 = CARTESIAN_POINT('',(0.,-0.));
#2242 = VECTOR('',#2243,1.);
#2243 = DIRECTION('',(0.,1.));
#2244 = ( GEOMETRIC_REPRESENTATION_CONTEXT(2) 
PARAMETRIC_REPRESENTATION_CONTEXT() REPRESENTATION_CONTEXT('2D SPACE',''
  ) );
#2245 = ORIENTED_EDGE('',*,*,#2246,.T.);
#2246 = EDGE_CURVE('',#2224,#2224,#2247,.T.);
#2247 = SURFACE_CURVE('',#2248,(#2253,#2260),.PCURVE_S1.);
#2248 = CIRCLE('',#2249,2.);
#2249 = AXIS2_PLACEMENT_3D('',#2250,#2251,#2252);
#2250 = CARTESIAN_POINT('',(160.,0.,-160.));
#2251 = DIRECTION('',(0.,1.,0.));
#2252 = DIRECTION('',(0.,-0.,1.));
#2253 = PCURVE('',#888,#2254);
#2254 = DEFINITIONAL_REPRESENTATION('',(#2255),#2259);
#2255 = LINE('',#2256,#2257);
#2256 = CARTESIAN_POINT('',(0.,1.));
#2257 = VECTOR('',#2258,1.);
#2258 = DIRECTION('',(1.,0.));
#2259 = ( GEOMETRIC_REPRESENTATION_CONTEXT(2) 
PARAMETRIC_REPRESENTATION_CONTEXT() REPRESENTATION_CONTEXT('2D SPACE',''
  ) );
#2260 = PCURVE('',#921,#2261);
#2261 = DEFINITIONAL_REPRESENTATION('',(#2262),#2270);
#2262 = ( BOUNDED_CURVE() B_SPLINE_CURVE(2,(#2263,#2264,#2265,#2266,
#2267,#2268,#2269),.UNSPECIFIED.,.T.,.F.) B_SPLINE_CURVE_WITH_KNOTS((1,2
    ,2,2,2,1),(-2.094395102393,0.,2.094395102393,4.188790204786,
6.28318530718,8.377580409573),.UNSPECIFIED.) CURVE() 
GEOMETRIC_REPRESENTATION_ITEM() RATIONAL_B_SPLINE_CURVE((1.,0.5,1.,0.5,
1.,0.5,1.)) REPRESENTATION_ITEM('') );
#2263 = CARTESIAN_POINT('',(158.,160.));
#2264 = CARTESIAN_POINT('',(158.,163.46410161513));
#2265 = CARTESIAN_POINT('',(161.,161.73205080756));
#2266 = CARTESIAN_POINT('',(164.,160.));
#2267 = CARTESIAN_POINT('',(161.,158.26794919243));
#2268 = CARTESIAN_POINT('',(158.,156.53589838486));
#2269 = CARTESIAN_POINT('',(158.,160.));
#2270 = ( GEOMETRIC_REPRESENTATION_CONTEXT(2) 
PARAMETRIC_REPRESENTATION_CONTEXT() REPRESENTATION_CONTEXT('2D SPACE',''
  ) );
#2271 = ORIENTED_EDGE('',*,*,#2223,.T.);
#2272 = ADVANCED_FACE('',(#2273,#2283,#2286,#2289,#2292,#2295,#2298,
    #2301,#2304,#2307,#2310,#2313,#2316,#2319,#2322,#2325,#2328,#2331,
    #2334),#921,.T.);
#2273 = FACE_BOUND('',#2274,.T.);
#2274 = EDGE_LOOP('',(#2275,#2276,#2277,#2278,#2279,#2280,#2281,#2282));
#2275 = ORIENTED_EDGE('',*,*,#1130,.F.);
#2276 = ORIENTED_EDGE('',*,*,#1031,.T.);
#2277 = ORIENTED_EDGE('',*,*,#903,.F.);
#2278 = ORIENTED_EDGE('',*,*,#1003,.T.);
#2279 = ORIENTED_EDGE('',*,*,#1079,.F.);
#2280 = ORIENTED_EDGE('',*,*,#1201,.T.);
#2281 = ORIENTED_EDGE('',*,*,#1279,.F.);
#2282 = ORIENTED_EDGE('',*,*,#1229,.T.);
#2283 = FACE_BOUND('',#2284,.T.);
#2284 = EDGE_LOOP('',(#2285));
#2285 = ORIENTED_EDGE('',*,*,#1328,.T.);
#2286 = FACE_BOUND('',#2287,.T.);
#2287 = EDGE_LOOP('',(#2288));
#2288 = ORIENTED_EDGE('',*,*,#1382,.T.);
#2289 = FACE_BOUND('',#2290,.T.);
#2290 = EDGE_LOOP('',(#2291));
#2291 = ORIENTED_EDGE('',*,*,#1436,.T.);
#2292 = FACE_BOUND('',#2293,.T.);
#2293 = EDGE_LOOP('',(#2294));
#2294 = ORIENTED_EDGE('',*,*,#1490,.T.);
#2295 = FACE_BOUND('',#2296,.T.);
#2296 = EDGE_LOOP('',(#2297));
#2297 = ORIENTED_EDGE('',*,*,#1544,.T.);
#2298 = FACE_BOUND('',#2299,.T.);
#2299 = EDGE_LOOP('',(#2300));
#2300 = ORIENTED_EDGE('',*,*,#1598,.T.);
#2301 = FACE_BOUND('',#2302,.T.);
#2302 = EDGE_LOOP('',(#2303));
#2303 = ORIENTED_EDGE('',*,*,#1652,.T.);
#2304 = FACE_BOUND('',#2305,.T.);
#2305 = EDGE_LOOP('',(#2306));
#2306 = ORIENTED_EDGE('',*,*,#1706,.T.);
#2307 = FACE_BOUND('',#2308,.T.);
#2308 = EDGE_LOOP('',(#2309));
#2309 = ORIENTED_EDGE('',*,*,#1760,.T.);
#2310 = FACE_BOUND('',#2311,.T.);
#2311 = EDGE_LOOP('',(#2312));
#2312 = ORIENTED_EDGE('',*,*,#1814,.T.);
#2313 = FACE_BOUND('',#2314,.T.);
#2314 = EDGE_LOOP('',(#2315));
#2315 = ORIENTED_EDGE('',*,*,#1868,.T.);
#2316 = FACE_BOUND('',#2317,.T.);
#2317 = EDGE_LOOP('',(#2318));
#2318 = ORIENTED_EDGE('',*,*,#1922,.T.);
#2319 = FACE_BOUND('',#2320,.T.);
#2320 = EDGE_LOOP('',(#2321));
#2321 = ORIENTED_EDGE('',*,*,#1976,.T.);
#2322 = FACE_BOUND('',#2323,.T.);
#2323 = EDGE_LOOP('',(#2324));
#2324 = ORIENTED_EDGE('',*,*,#2030,.T.);
#2325 = FACE_BOUND('',#2326,.T.);
#2326 = EDGE_LOOP('',(#2327));
#2327 = ORIENTED_EDGE('',*,*,#2084,.T.);
#2328 = FACE_BOUND('',#2329,.T.);
#2329 = EDGE_LOOP('',(#2330));
#2330 = ORIENTED_EDGE('',*,*,#2138,.T.);
#2331 = FACE_BOUND('',#2332,.T.);
#2332 = EDGE_LOOP('',(#2333));
#2333 = ORIENTED_EDGE('',*,*,#2192,.T.);
#2334 = FACE_BOUND('',#2335,.T.);
#2335 = EDGE_LOOP('',(#2336));
#2336 = ORIENTED_EDGE('',*,*,#2246,.T.);
#2337 = ( GEOMETRIC_REPRESENTATION_CONTEXT(3) 
GLOBAL_UNCERTAINTY_ASSIGNED_CONTEXT((#2341)) 
GLOBAL_UNIT_ASSIGNED_CONTEXT((#2338,#2339,#2340)) REPRESENTATION_CONTEXT
('Context #1','3D Context with UNIT and UNCERTAINTY') );
#2338 = ( LENGTH_UNIT() NAMED_UNIT(*) SI_UNIT(.MILLI.,.METRE.) );
#2339 = ( NAMED_UNIT(*) PLANE_ANGLE_UNIT() SI_UNIT($,.RADIAN.) );
#2340 = ( NAMED_UNIT(*) SI_UNIT($,.STERADIAN.) SOLID_ANGLE_UNIT() );
#2341 = UNCERTAINTY_MEASURE_WITH_UNIT(LENGTH_MEASURE(1.E-07),#2338,
  'distance_accuracy_value','confusion accuracy');
#2342 = PRODUCT_RELATED_PRODUCT_CATEGORY('part',$,(#7));
ENDSEC;
END-ISO-10303-21;
