ISO-10303-21;
HEADER;
FILE_DESCRIPTION (( 'STEP AP214' ),
    '1' );
FILE_NAME ('hop dien 02.STEP',
    '2026-09-28T04:52:57',
    ( '' ),
    ( '' ),
    'SwSTEP 2.0',
    'SolidWorks 2022',
    '' );
FILE_SCHEMA (( 'AUTOMOTIVE_DESIGN' ));
ENDSEC;

DATA;
#1 = CARTESIAN_POINT ( 'NONE',  ( 13.42168110725507368, 38.99859769550546673, 2.182720180158493672 ) ) ;
#2 = CARTESIAN_POINT ( 'NONE',  ( -7.499999999999992006, 0.000000000000000000, 8.849293757131137639 ) ) ;
#3 = CARTESIAN_POINT ( 'NONE',  ( -13.27340801963627470, 20.02933524175967861, 2.239676352614030197 ) ) ;
#4 = CARTESIAN_POINT ( 'NONE',  ( -12.81684968103184730, 23.63425614176649958, -5.632798964051789703 ) ) ;
#5 = CARTESIAN_POINT ( 'NONE',  ( -12.57228049768920108, 36.73882054885756787, 4.471098792098762154 ) ) ;
#6 = CARTESIAN_POINT ( 'NONE',  ( 3.957568217975704350, 21.44370710784628642, -12.77890952821277004 ) ) ;
#7 = CARTESIAN_POINT ( 'NONE',  ( 13.58094931320120757, 19.58075311317355727, 0.8988574579146535459 ) ) ;
#8 = EDGE_CURVE ( 'NONE', #2020, #2376, #77, .T. ) ;
#9 = CARTESIAN_POINT ( 'NONE',  ( -12.78545150766138505, 34.59192658446861657, 5.703702782121049530 ) ) ;
#10 = CARTESIAN_POINT ( 'NONE',  ( 4.991809502322574588, 24.16905293588013492, 12.33285904097949626 ) ) ;
#11 = CARTESIAN_POINT ( 'NONE',  ( -12.94980138877361320, 38.10226402899424869, 3.468797687728828905 ) ) ;
#12 = CARTESIAN_POINT ( 'NONE',  ( 1.625665516082752893, 19.76880104330979648, 13.38217273889676306 ) ) ;
#13 = CARTESIAN_POINT ( 'NONE',  ( -0.5063422316147441204, 14.00000000000000000, 14.00000000000000355 ) ) ;
#14 = CARTESIAN_POINT ( 'NONE',  ( 12.58030127295343270, 34.83211488347875928, 4.991670977193270353 ) ) ;
#15 = CARTESIAN_POINT ( 'NONE',  ( 4.104692339770045884, 37.35623762708807760, 12.72266196392034487 ) ) ;
#16 = B_SPLINE_CURVE_WITH_KNOTS ( 'NONE', 3,
 ( #6054, #5666, #2293, #7185, #2058, #4501, #3209, #6257, #6775, #4341, #6219, #6611, #3774, #2814, #1121, #3380, #1638, #1711, #594, #942, #13, #5496 ),
 .UNSPECIFIED., .F., .F.,
 ( 4, 2, 2, 2, 2, 2, 2, 2, 2, 2, 4 ),
 ( 1.238840354700144063E-17, 0.001494639340171119652, 0.002989278680342224558, 0.004483918020513328814, 0.005978557360684433504, 0.006725877030769989752, 0.007473196700855546000, 0.008967836041026657629, 0.009715155711112217346, 0.01046247538119777533, 0.01195711472136888956 ),
 .UNSPECIFIED. ) ;
#17 = CARTESIAN_POINT ( 'NONE',  ( 13.10456301438806115, 20.96616725229280220, 3.537235517163885845 ) ) ;
#18 = CARTESIAN_POINT ( 'NONE',  ( 4.241452426879087412, 21.84737630448524470, -10.79719713559871153 ) ) ;
#19 = CARTESIAN_POINT ( 'NONE',  ( -3.775778907814621110, 21.22221119789824328, 12.84522969787891000 ) ) ;
#20 = ORIENTED_EDGE ( 'NONE', *, *, #4453, .F. ) ;
#21 = CARTESIAN_POINT ( 'NONE',  ( 13.16559840610694287, 36.89019448879244578, 4.761189708371056817 ) ) ;
#22 = CARTESIAN_POINT ( 'NONE',  ( 4.605140081073927583, 12.43919097070444657, 10.65529068696062787 ) ) ;
#23 = CARTESIAN_POINT ( 'NONE',  ( -3.101765169835637881, 39.11649924661689681, 13.65230268329045415 ) ) ;
#24 = CARTESIAN_POINT ( 'NONE',  ( -3.543694065333015786, 38.02737450010985754, -12.92497929228816389 ) ) ;
#25 = CARTESIAN_POINT ( 'NONE',  ( -1.846618629337108963, 39.14723847982317295, -13.34657716478094258 ) ) ;
#26 = ORIENTED_EDGE ( 'NONE', *, *, #6215, .T. ) ;
#27 = VECTOR ( 'NONE', #2077, 1000.000000000000000 ) ;
#28 = DIRECTION ( 'NONE',  ( 0.000000000000000000, 0.000000000000000000, 1.000000000000000000 ) ) ;
#29 = CARTESIAN_POINT ( 'NONE',  ( 13.39183942174743258, 21.12474175274575217, 4.081904354803451263 ) ) ;
#30 = CARTESIAN_POINT ( 'NONE',  ( -4.395606017597247117, 12.58178010251259415, -13.29373922966072463 ) ) ;
#31 = FACE_OUTER_BOUND ( 'NONE', #1628, .T. ) ;
#32 = DIRECTION ( 'NONE',  ( -1.206107350727848108E-16, 0.000000000000000000, 1.000000000000000000 ) ) ;
#33 = CARTESIAN_POINT ( 'NONE',  ( -0.1953067770656641555, 19.00248125645648400, -13.99895140326644238 ) ) ;
#34 = VECTOR ( 'NONE', #5930, 1000.000000000000000 ) ;
#35 = CARTESIAN_POINT ( 'NONE',  ( -12.95843592024415258, 36.53653222700908287, -5.299096166479428049 ) ) ;
#36 = CARTESIAN_POINT ( 'NONE',  ( 0.000000000000000000, 45.00000000000000000, 0.000000000000000000 ) ) ;
#37 = VERTEX_POINT ( 'NONE', #3331 ) ;
#38 = CARTESIAN_POINT ( 'NONE',  ( -5.571607621624121265, 35.68036163323267118, -12.84358237230044253 ) ) ;
#39 = CARTESIAN_POINT ( 'NONE',  ( 4.834659418723583180, 35.81785451519272812, 10.54473180560966838 ) ) ;
#40 = VECTOR ( 'NONE', #991, 1000.000000000000000 ) ;
#41 = CARTESIAN_POINT ( 'NONE',  ( 12.93430104254091972, 24.32742370873146953, -5.357598019723707417 ) ) ;
#42 = VECTOR ( 'NONE', #4650, 1000.000000000000000 ) ;
#43 = CARTESIAN_POINT ( 'NONE',  ( -13.01766348031940801, 20.70124649181224541, 3.251515687475137195 ) ) ;
#44 = EDGE_CURVE ( 'NONE', #6668, #4375, #4491, .T. ) ;
#45 = CARTESIAN_POINT ( 'NONE',  ( -12.79074651076274982, 24.13355947988195993, -5.691821390612596510 ) ) ;
#46 = CARTESIAN_POINT ( 'NONE',  ( -12.45688294739710322, 36.12133313897869868, 4.730528942902219036 ) ) ;
#47 = CARTESIAN_POINT ( 'NONE',  ( 2.051012581366599363, 19.93971805066605185, -13.31025193675143825 ) ) ;
#48 = CARTESIAN_POINT ( 'NONE',  ( -12.78651784332040009, 34.68359867059581347, 5.701314620220739648 ) ) ;
#49 = VECTOR ( 'NONE', #2068, 1000.000000000000000 ) ;
#50 = CARTESIAN_POINT ( 'NONE',  ( 5.703703114510170202, 34.50000000000000000, 12.78545152826160347 ) ) ;
#51 = CARTESIAN_POINT ( 'NONE',  ( 7.499999999999994671, 4.335663632535883494, -12.60279007956304831 ) ) ;
#52 = CARTESIAN_POINT ( 'NONE',  ( -11.32705839714184570, 20.16746187704726978, 2.517078906283527928 ) ) ;
#53 = CARTESIAN_POINT ( 'NONE',  ( -3.478209825829485791, 20.90714725883968228, 12.94665238860162937 ) ) ;
#54 = CARTESIAN_POINT ( 'NONE',  ( 9.499999999999991118, 3.499999999999982236, 19.84313483298443970 ) ) ;
#55 = EDGE_CURVE ( 'NONE', #2620, #825, #6280, .T. ) ;
#56 = CIRCLE ( 'NONE', #4197, 1.999999999999998224 ) ;
#57 = CARTESIAN_POINT ( 'NONE',  ( 12.89075408331456529, 37.21519386881845293, 4.199326560132996988 ) ) ;
#58 = CARTESIAN_POINT ( 'NONE',  ( 2.916846679560655797, 38.56184611942842366, 13.11338220583994563 ) ) ;
#59 = CARTESIAN_POINT ( 'NONE',  ( -4.367017851428017572, 22.06383561423340822, 12.61649916010744299 ) ) ;
#60 = CIRCLE ( 'NONE', #3727, 1.999999999999998224 ) ;
#61 = EDGE_LOOP ( 'NONE', ( #2452, #6608, #1793, #5159 ) ) ;
#62 = CARTESIAN_POINT ( 'NONE',  ( 13.21022905310216977, 37.11260158071196713, 4.635957183738084630 ) ) ;
#63 = CARTESIAN_POINT ( 'NONE',  ( 4.684849608131352205, 21.36154341787030120, 13.19299833198177652 ) ) ;
#64 = CARTESIAN_POINT ( 'NONE',  ( -1.447932209777617274, 39.82002359685574078, 13.92499993276642734 ) ) ;
#65 = CYLINDRICAL_SURFACE ( 'NONE', #3830, 5.000000000000006217 ) ;
#66 = CARTESIAN_POINT ( 'NONE',  ( -4.825236483681781152, 35.81295688305061731, -12.41282736075848980 ) ) ;
#67 = EDGE_LOOP ( 'NONE', ( #180, #6931, #2946, #6297 ) ) ;
#68 = STYLED_ITEM ( 'NONE', ( #2972 ), #5518 ) ;
#69 = CARTESIAN_POINT ( 'NONE',  ( 4.686389991307216007, 21.36368608662188606, 13.19245092321893864 ) ) ;
#70 = CARTESIAN_POINT ( 'NONE',  ( 12.60470849845369479, 23.67813786072100157, -4.934716277368554671 ) ) ;
#71 = CARTESIAN_POINT ( 'NONE',  ( 18.50000000000000000, 3.499999999999984901, 0.000000000000000000 ) ) ;
#72 = CARTESIAN_POINT ( 'NONE',  ( -0.6656928297917534820, 39.46638104883197684, -11.58539941088602632 ) ) ;
#73 = CARTESIAN_POINT ( 'NONE',  ( -5.628942251264815511, 35.40578585039429527, 12.81860481407846564 ) ) ;
#74 = CARTESIAN_POINT ( 'NONE',  ( -1.172074580325987769, 19.11718766273205361, -13.95092769689342660 ) ) ;
#75 = CARTESIAN_POINT ( 'NONE',  ( -13.98080615988684983, 39.95443563446259105, -0.7563435829699509672 ) ) ;
#76 = DIRECTION ( 'NONE',  ( 1.000000000000000000, -0.000000000000000000, -0.000000000000000000 ) ) ;
#77 = LINE ( 'NONE', #1734, #5738 ) ;
#78 = CARTESIAN_POINT ( 'NONE',  ( 13.03895962487519711, 22.89632241328990148, -5.097622730105543454 ) ) ;
#79 = CARTESIAN_POINT ( 'NONE',  ( 13.99991777728337006, 19.29073295130967836, -0.1841457061414630281 ) ) ;
#80 = CARTESIAN_POINT ( 'NONE',  ( -13.03094450935523696, 20.66388356326132936, 3.207113912890967367 ) ) ;
#81 = CARTESIAN_POINT ( 'NONE',  ( -13.11200982208081989, 20.44201250136330117, 2.921370146246554889 ) ) ;
#82 = CARTESIAN_POINT ( 'NONE',  ( -12.49592710255508621, 36.35164317174416482, 4.644550699233596980 ) ) ;
#83 = CARTESIAN_POINT ( 'NONE',  ( 2.814150084912287575, 20.36712610205726293, -13.14030203581245537 ) ) ;
#84 = CARTESIAN_POINT ( 'NONE',  ( -12.36075373155409096, 35.32286738664504355, -4.934553706097500658 ) ) ;
#85 = CARTESIAN_POINT ( 'NONE',  ( -10.76381254596937431, 21.98619334919461821, -4.325194241191673505 ) ) ;
#86 = CARTESIAN_POINT ( 'NONE',  ( -13.35503419095802613, 39.16722618594894811, -1.794436175702580405 ) ) ;
#87 = CARTESIAN_POINT ( 'NONE',  ( 12.82994109240881464, 36.93543899215014648, -4.367425867490507763 ) ) ;
#88 = CARTESIAN_POINT ( 'NONE',  ( -2.294748772665797798, 20.05694407033306703, 13.26215498409430360 ) ) ;
#89 = CARTESIAN_POINT ( 'NONE',  ( 0.000000000000000000, 3.499999999999982236, 0.000000000000000000 ) ) ;
#90 = CARTESIAN_POINT ( 'NONE',  ( 12.64959764776914142, 35.80216951601920528, 4.827633680932030380 ) ) ;
#91 = CARTESIAN_POINT ( 'NONE',  ( 4.302474751766709460, 37.04762454111517656, 12.64325777577634646 ) ) ;
#92 = EDGE_CURVE ( 'NONE', #7288, #7365, #6328, .T. ) ;
#93 = CARTESIAN_POINT ( 'NONE',  ( -4.582997241992631032, 22.49946109573014397, 12.52344162747054668 ) ) ;
#94 = EDGE_LOOP ( 'NONE', ( #4072, #3496, #6866, #420, #2674, #2747, #7052 ) ) ;
#95 = CARTESIAN_POINT ( 'NONE',  ( 13.46025234675199478, 38.12333217474419200, 3.850407511204111177 ) ) ;
#96 = CARTESIAN_POINT ( 'NONE',  ( -12.49592710256020389, 22.64835682822672069, -4.644550699221960066 ) ) ;
#97 = CARTESIAN_POINT ( 'NONE',  ( -1.493758939610307257, 39.80822839524544321, 13.92015731840523607 ) ) ;
#98 = CARTESIAN_POINT ( 'NONE',  ( 2.993005169205806252E-08, 39.99999951798087494, -13.99999999864344424 ) ) ;
#99 = CARTESIAN_POINT ( 'NONE',  ( -12.80626813905144878, 35.22651150423862276, -5.656846734249174169 ) ) ;
#100 = EDGE_CURVE ( 'NONE', #4401, #2369, #3872, .T. ) ;
#101 = CARTESIAN_POINT ( 'NONE',  ( -3.205718809805649272, 38.33732132572764328, -13.03136881055138119 ) ) ;
#102 = ORIENTED_EDGE ( 'NONE', *, *, #665, .F. ) ;
#103 = CARTESIAN_POINT ( 'NONE',  ( 4.162794158420993540, 20.73905667800701735, 13.36695009634698117 ) ) ;
#104 = CARTESIAN_POINT ( 'NONE',  ( 12.98134409984495541, 23.42552812822610875, 5.242594326256108772 ) ) ;
#105 = DIRECTION ( 'NONE',  ( 0.000000000000000000, 1.000000000000000000, 0.000000000000000000 ) ) ;
#106 = CARTESIAN_POINT ( 'NONE',  ( 12.90868663285414364, 37.29181048012867450, 4.148000956283652840 ) ) ;
#107 = CARTESIAN_POINT ( 'NONE',  ( 0.000000000000000000, 44.75000000000005684, 0.000000000000000000 ) ) ;
#108 = ORIENTED_EDGE ( 'NONE', *, *, #2468, .F. ) ;
#109 = CARTESIAN_POINT ( 'NONE',  ( 4.865803874062690326, 23.34643366512457519, -12.39365093232150095 ) ) ;
#110 = CARTESIAN_POINT ( 'NONE',  ( 0.6548938153536201234, 19.03561110102451082, -13.98499269927931543 ) ) ;
#111 = FACE_OUTER_BOUND ( 'NONE', #6566, .T. ) ;
#112 = DIRECTION ( 'NONE',  ( 0.000000000000000000, -0.000000000000000000, -1.000000000000000000 ) ) ;
#113 = CARTESIAN_POINT ( 'NONE',  ( 5.000000000000007994, 24.50000000000000000, 12.32882846293108869 ) ) ;
#114 = DIRECTION ( 'NONE',  ( 0.000000000000000000, -1.000000000000000000, 0.000000000000000000 ) ) ;
#115 = CARTESIAN_POINT ( 'NONE',  ( 13.82373690273494482, 19.75599654563354690, 2.220627992964188557 ) ) ;
#116 = CARTESIAN_POINT ( 'NONE',  ( -12.95833794104593828, 22.46402362713915934, 5.299337663097226425 ) ) ;
#117 = CARTESIAN_POINT ( 'NONE',  ( -13.39292899314677321, 19.74386836879408236, 1.544536249507639347 ) ) ;
#118 = CARTESIAN_POINT ( 'NONE',  ( -13.35839345172301407, 19.82451876022777171, 1.779421692120399801 ) ) ;
#119 = CARTESIAN_POINT ( 'NONE',  ( -12.36925077361392233, 35.40926059255988889, 4.916807255291922196 ) ) ;
#120 = CARTESIAN_POINT ( 'NONE',  ( 2.712323981063381240, 20.29873831783830695, -13.16642807379296976 ) ) ;
#121 = CARTESIAN_POINT ( 'NONE',  ( -12.42203472655949525, 35.88298954527591889, -4.805634638705523543 ) ) ;
#122 = DIRECTION ( 'NONE',  ( 0.000000000000000000, 0.000000000000000000, -1.000000000000000000 ) ) ;
#123 = CARTESIAN_POINT ( 'NONE',  ( 13.07497831787844333, 37.93139996701322758, -3.636692184133111461 ) ) ;
#124 = CARTESIAN_POINT ( 'NONE',  ( -1.536983677115858926, 19.74138579950568229, 13.39399708042342318 ) ) ;
#125 = CARTESIAN_POINT ( 'NONE',  ( 8.000000000000008882, 4.000000000000000000, -19.84313483298444325 ) ) ;
#126 = CARTESIAN_POINT ( 'NONE',  ( 13.56043213187402507, 39.36681193888472308, 1.147105819758132528 ) ) ;
#127 = CARTESIAN_POINT ( 'NONE',  ( 4.057910833832230502, 37.42230818400936698, 12.74082138930240049 ) ) ;
#128 = CARTESIAN_POINT ( 'NONE',  ( 13.27419876062285908, 20.42434306398347488, 2.896874339305661739 ) ) ;
#129 = CARTESIAN_POINT ( 'NONE',  ( -3.468797688032843496, 20.89773597130972860, 12.94980138867452091 ) ) ;
#130 = ORIENTED_EDGE ( 'NONE', *, *, #1535, .F. ) ;
#131 = ORIENTED_EDGE ( 'NONE', *, *, #184, .T. ) ;
#132 = CARTESIAN_POINT ( 'NONE',  ( 12.58117568320771440, 24.16730291132829578, 4.989611347304148126 ) ) ;
#133 = CARTESIAN_POINT ( 'NONE',  ( -12.36925077361327929, 23.59073940744844222, -4.916807255293481838 ) ) ;
#134 = CARTESIAN_POINT ( 'NONE',  ( -3.332525600356689210, 38.96378586108292552, 13.59763959100848218 ) ) ;
#135 = EDGE_CURVE ( 'NONE', #875, #6941, #6370, .T. ) ;
#136 = LINE ( 'NONE', #5295, #5533 ) ;
#137 = CARTESIAN_POINT ( 'NONE',  ( -1.769697180907786382, 39.17706511914929735, -13.35918727205276291 ) ) ;
#138 = ORIENTED_EDGE ( 'NONE', *, *, #3396, .F. ) ;
#139 = CARTESIAN_POINT ( 'NONE',  ( 3.023322884259297627, 19.83537227569943795, 13.66989858999155416 ) ) ;
#140 = CARTESIAN_POINT ( 'NONE',  ( 12.62509219258608795, 23.43700718923837911, -4.886385696586523331 ) ) ;
#141 = CARTESIAN_POINT ( 'NONE',  ( 12.57669683062193400, 24.50000000000000000, 5.000000000000000000 ) ) ;
#142 = CARTESIAN_POINT ( 'NONE',  ( -1.013816334239812322, 13.94804385871121255, 11.56621683532873490 ) ) ;
#143 = VERTEX_POINT ( 'NONE', #3532 ) ;
#144 = EDGE_CURVE ( 'NONE', #2376, #4700, #5819, .T. ) ;
#145 = CARTESIAN_POINT ( 'NONE',  ( 4.962912056030384989, 12.12829394477397571, 13.09231239433387550 ) ) ;
#146 = CARTESIAN_POINT ( 'NONE',  ( -1.854462693391148109, 19.29568159931353577, -13.87780853716196461 ) ) ;
#147 = CARTESIAN_POINT ( 'NONE',  ( 0.000000000000000000, 4.000000000000003553, 0.000000000000000000 ) ) ;
#148 = CARTESIAN_POINT ( 'NONE',  ( -13.02201317247600443, 38.31098803232405459, 3.236979588150683540 ) ) ;
#149 = CARTESIAN_POINT ( 'NONE',  ( 0.000000000000000000, 45.00000000000000000, 0.000000000000000000 ) ) ;
#150 = CARTESIAN_POINT ( 'NONE',  ( 12.93429965475706744, 24.15323480723895955, 5.357601370105143701 ) ) ;
#151 = CARTESIAN_POINT ( 'NONE',  ( -12.74521854774709517, 21.56243825983784035, 4.046280920894913535 ) ) ;
#152 = VECTOR ( 'NONE', #1340, 1000.000000000000000 ) ;
#153 = CARTESIAN_POINT ( 'NONE',  ( -12.79390887205413918, 24.04238969422063832, -5.684716586081198564 ) ) ;
#154 = CARTESIAN_POINT ( 'NONE',  ( 1.022246400489377427, 19.60543693699242951, -13.45316316101667020 ) ) ;
#155 = CARTESIAN_POINT ( 'NONE',  ( -12.73957129686263201, 37.41781757975368805, -4.061159762149457286 ) ) ;
#156 = AXIS2_PLACEMENT_3D ( 'NONE', #1243, #1100, #1724 ) ;
#157 = CARTESIAN_POINT ( 'NONE',  ( -13.46981595863742065, 39.43228107793757431, -0.8242388446247823630 ) ) ;
#158 = CARTESIAN_POINT ( 'NONE',  ( -4.195267373628950303, 21.77854377066731217, 12.68686278043293747 ) ) ;
#159 = CARTESIAN_POINT ( 'NONE',  ( 4.684837364551960093, 37.63847359372116586, -13.19300268228773199 ) ) ;
#160 = CARTESIAN_POINT ( 'NONE',  ( 13.59575372283739370, 39.45676548899907488, 0.6612309441000990828 ) ) ;
#161 = VECTOR ( 'NONE', #649, 1000.000000000000114 ) ;
#162 = CARTESIAN_POINT ( 'NONE',  ( 3.038730737145302285, 38.47148708885697488, 13.07983998610035492 ) ) ;
#163 = CARTESIAN_POINT ( 'NONE',  ( 13.28573527613139404, 20.38995106010919400, 2.847436167668524032 ) ) ;
#164 = LINE ( 'NONE', #6516, #34 ) ;
#165 = CARTESIAN_POINT ( 'NONE',  ( -2.291739839437325177, 20.05532726409753508, 13.26280562133526963 ) ) ;
#166 = ORIENTED_EDGE ( 'NONE', *, *, #3182, .T. ) ;
#167 = CARTESIAN_POINT ( 'NONE',  ( 13.66202195514505746, 38.77783356940690140, 3.057858931660532242 ) ) ;
#168 = CARTESIAN_POINT ( 'NONE',  ( -4.789679312829626667, 37.48769974709129116, 13.15530250175442184 ) ) ;
#169 = CARTESIAN_POINT ( 'NONE',  ( -13.72067480238319170, 19.69878572119002769, 2.783879528940820247 ) ) ;
#170 = DIRECTION ( 'NONE',  ( 0.000000000000000000, 0.000000000000000000, -1.000000000000000000 ) ) ;
#171 = CARTESIAN_POINT ( 'NONE',  ( -0.4083661419883461430, 39.48347065139626011, -13.49260249347823404 ) ) ;
#172 = EDGE_LOOP ( 'NONE', ( #1685, #1519, #5678, #4245, #166, #6930, #4548 ) ) ;
#173 = PRODUCT_RELATED_PRODUCT_CATEGORY ( 'part', '', ( #4332 ) ) ;
#174 = CARTESIAN_POINT ( 'NONE',  ( -2.106512885492494824, 19.38803811586795689, 13.84089460905202706 ) ) ;
#175 = CARTESIAN_POINT ( 'NONE',  ( 13.49506592685516182, 20.75623153925688769, 3.726561595786038072 ) ) ;
#176 = CARTESIAN_POINT ( 'NONE',  ( -3.789409796498332206, 12.99060700576011307, -13.48405700324767942 ) ) ;
#177 = CARTESIAN_POINT ( 'NONE',  ( 12.81927260627234233, 36.88223372039428227, 4.396027002920618543 ) ) ;
#178 = AXIS2_PLACEMENT_3D ( 'NONE', #1616, #6087, #7291 ) ;
#179 = DIRECTION ( 'NONE',  ( 0.000000000000000000, 0.000000000000000000, -1.000000000000000000 ) ) ;
#180 = ORIENTED_EDGE ( 'NONE', *, *, #1585, .T. ) ;
#181 = CARTESIAN_POINT ( 'NONE',  ( 12.81509842946019440, 34.50000000000000000, 5.238401598838206219 ) ) ;
#182 = CARTESIAN_POINT ( 'NONE',  ( 2.534690903196556544, 19.57210461988963957, -13.76890250540220251 ) ) ;
#183 = DIRECTION ( 'NONE',  ( -0.000000000000000000, -1.000000000000000000, -0.000000000000000000 ) ) ;
#184 = EDGE_CURVE ( 'NONE', #37, #2620, #5851, .T. ) ;
#185 = CARTESIAN_POINT ( 'NONE',  ( 8.000000000000005329, 4.000000000000000000, 19.84313483298444325 ) ) ;
#186 = CARTESIAN_POINT ( 'NONE',  ( 13.40862389131449994, 21.06236376116900288, -4.026473537913708434 ) ) ;
#187 = CARTESIAN_POINT ( 'NONE',  ( 13.93069389160452332, 19.46902799724622923, -1.401749590273819290 ) ) ;
#188 = CARTESIAN_POINT ( 'NONE',  ( -12.46225512917103728, 22.84618619533171469, 4.718749163068410191 ) ) ;
#189 = CARTESIAN_POINT ( 'NONE',  ( -13.21567769546508231, 20.17246518316152759, -2.509765903596065773 ) ) ;
#190 = CARTESIAN_POINT ( 'NONE',  ( 2.400313730683139024, 20.11378602182388775, -13.23929517712455706 ) ) ;
#191 = CARTESIAN_POINT ( 'NONE',  ( -13.39399708042344805, 39.25861420049429285, 1.536983677115858260 ) ) ;
#192 = ADVANCED_FACE ( 'NONE', ( #6626 ), #1452, .T. ) ;
#193 = CARTESIAN_POINT ( 'NONE',  ( -13.48519778726691776, 39.46688294553480603, -0.5802737701022998573 ) ) ;
#194 = CARTESIAN_POINT ( 'NONE',  ( 12.79089627678649776, 36.73780539708192805, -4.471607620239379521 ) ) ;
#195 = CARTESIAN_POINT ( 'NONE',  ( 0.5808991521648709799, 19.53317980252220920, 13.48516943281774338 ) ) ;
#196 = CARTESIAN_POINT ( 'NONE',  ( 0.7498307552092481343, 39.95527597175122736, -13.98115908822722275 ) ) ;
#197 = CARTESIAN_POINT ( 'NONE',  ( 13.36054604212864483, 38.82827330025170198, -2.508499090564386691 ) ) ;
#198 = CARTESIAN_POINT ( 'NONE',  ( 1.612621738545935379, 39.23298042326714352, 13.38301547416802784 ) ) ;
#199 = CARTESIAN_POINT ( 'NONE',  ( 13.19769430813025046, 20.66013835847472535, 3.202429371538995095 ) ) ;
#200 = CARTESIAN_POINT ( 'NONE',  ( 0.3369661026846382246, 19.50870465537077436, 13.49609145639744945 ) ) ;
#201 = ORIENTED_EDGE ( 'NONE', *, *, #228, .T. ) ;
#202 = CARTESIAN_POINT ( 'NONE',  ( 2.352015372865881915, 38.91230030851853172, -13.24978018892406517 ) ) ;
#203 = CARTESIAN_POINT ( 'NONE',  ( 13.71696332677044694, 38.94094067968445216, 2.801137507064847654 ) ) ;
#204 = CARTESIAN_POINT ( 'NONE',  ( 3.692554111708182596, 38.69208647172015247, 13.50430973369982190 ) ) ;
#205 = CARTESIAN_POINT ( 'NONE',  ( 2.372282631324149182, 39.50490764002085342, -13.79863535750954995 ) ) ;
#206 = CARTESIAN_POINT ( 'NONE',  ( -7.499999999999994671, 3.499999999999985789, -13.56465996626677750 ) ) ;
#207 = DIRECTION ( 'NONE',  ( 8.659560562354937789E-17, 0.7071067811865470176, -0.7071067811865479058 ) ) ;
#208 = VERTEX_POINT ( 'NONE', #1627 ) ;
#209 = CARTESIAN_POINT ( 'NONE',  ( -4.908007728350646026, 21.69761324799591051, 13.11152636582908393 ) ) ;
#210 = CARTESIAN_POINT ( 'NONE',  ( 13.22047292263776619, 20.58831922992988694, -3.115334545966263136 ) ) ;
#211 = CARTESIAN_POINT ( 'NONE',  ( -5.119304911750216291, 22.04845239545492674, 13.03137399748688274 ) ) ;
#212 = CARTESIAN_POINT ( 'NONE',  ( 12.67342110822860057, 36.00047093037374424, 4.769731826868857105 ) ) ;
#213 = CYLINDRICAL_SURFACE ( 'NONE', #2886, 1.999999999999998224 ) ;
#214 = EDGE_LOOP ( 'NONE', ( #1053, #6387 ) ) ;
#215 = CARTESIAN_POINT ( 'NONE',  ( -0.7498821077379302924, 39.95526937444449800, 13.98115631734207476 ) ) ;
#216 = CARTESIAN_POINT ( 'NONE',  ( 2.106512885492506815, 19.38803811586794978, -13.84089460905202529 ) ) ;
#217 = FACE_OUTER_BOUND ( 'NONE', #6353, .T. ) ;
#218 = CARTESIAN_POINT ( 'NONE',  ( -13.26215498409433380, 38.94305592966691165, 2.294748772665789360 ) ) ;
#219 = DIRECTION ( 'NONE',  ( 0.000000000000000000, 1.000000000000000000, 0.000000000000000000 ) ) ;
#220 = DIRECTION ( 'NONE',  ( 0.000000000000000000, -1.000000000000000000, 0.000000000000000000 ) ) ;
#221 = CARTESIAN_POINT ( 'NONE',  ( 5.000000000000005329, 34.50000000000000000, -22.79802623035600462 ) ) ;
#222 = CARTESIAN_POINT ( 'NONE',  ( 13.02354128964992697, 23.01950235219539209, -5.136882775377932475 ) ) ;
#223 = CARTESIAN_POINT ( 'NONE',  ( 12.93430104254091617, 34.67257629126848428, 5.357598019723712746 ) ) ;
#224 = DIRECTION ( 'NONE',  ( 0.000000000000000000, 0.000000000000000000, 1.000000000000000000 ) ) ;
#225 = CARTESIAN_POINT ( 'NONE',  ( -12.51323822059070423, 22.55412721303390455, 4.605869013916233712 ) ) ;
#226 = CARTESIAN_POINT ( 'NONE',  ( -13.48552889693684165, 19.53237329705797265, -0.5740952870516777828 ) ) ;
#227 = CARTESIAN_POINT ( 'NONE',  ( -4.339379587590557641, 22.01555816816681599, -12.62800428897515381 ) ) ;
#228 = EDGE_CURVE ( 'NONE', #1461, #3294, #2500, .T. ) ;
#229 = CARTESIAN_POINT ( 'NONE',  ( 13.15560928537647811, 20.79556671346014696, -3.358152911573939914 ) ) ;
#230 = CARTESIAN_POINT ( 'NONE',  ( -13.41331061875205322, 39.30332379652512031, -1.389169040376130537 ) ) ;
#231 = CARTESIAN_POINT ( 'NONE',  ( -13.24262678785746061, 38.89451793110404054, 2.385091477179219321 ) ) ;
#232 = CARTESIAN_POINT ( 'NONE',  ( -4.916655703749123418, 23.58992786611576875, 12.36932284729515352 ) ) ;
#233 = CARTESIAN_POINT ( 'NONE',  ( 5.396991814167032331, 36.28161128305494287, -12.91795923787352329 ) ) ;
#234 = CARTESIAN_POINT ( 'NONE',  ( 1.142580959466394708, 19.62952445556070202, -13.44254448012600278 ) ) ;
#235 = EDGE_CURVE ( 'NONE', #2475, #1234, #797, .T. ) ;
#236 = CARTESIAN_POINT ( 'NONE',  ( 3.709144386759172907, 37.85296133011375019, 12.86869030475471476 ) ) ;
#237 = LINE ( 'NONE', #736, #152 ) ;
#238 = CARTESIAN_POINT ( 'NONE',  ( -2.400313730724321637, 20.11378602184633024, 13.23929517711529513 ) ) ;
#239 = ORIENTED_EDGE ( 'NONE', *, *, #55, .F. ) ;
#240 = CARTESIAN_POINT ( 'NONE',  ( 2.862991920204851493, 39.26028788537195169, 13.70514701348431252 ) ) ;
#241 = CARTESIAN_POINT ( 'NONE',  ( -13.36695009634699005, 20.73905667800703867, 4.162794158420974000 ) ) ;
#242 = CARTESIAN_POINT ( 'NONE',  ( 2.029858609477905418, 39.64302891737843026, -13.85314853604837459 ) ) ;
#243 = CARTESIAN_POINT ( 'NONE',  ( -12.90539287117093004, 36.19489218353971438, -5.426944984505166936 ) ) ;
#244 = CARTESIAN_POINT ( 'NONE',  ( -11.38795889675433415, 38.98766270045381788, 2.229296179027451252 ) ) ;
#245 = ORIENTED_EDGE ( 'NONE', *, *, #5169, .T. ) ;
#246 = CARTESIAN_POINT ( 'NONE',  ( -1.303388515414713567, 19.14247736610217743, 13.94041626776710174 ) ) ;
#247 = CARTESIAN_POINT ( 'NONE',  ( 13.33029371721799805, 20.25909023789695951, -2.648839576189882639 ) ) ;
#248 = DIRECTION ( 'NONE',  ( 0.7071067811865473507, 0.7071067811865476838, -8.528466865386027644E-17 ) ) ;
#249 = CARTESIAN_POINT ( 'NONE',  ( 12.78672233369871947, 36.71637024325351462, 4.482669239825619378 ) ) ;
#250 = CARTESIAN_POINT ( 'NONE',  ( -3.479250816617085462, 20.13809631097731767, -13.56159683874086674 ) ) ;
#251 = ORIENTED_EDGE ( 'NONE', *, *, #3437, .T. ) ;
#252 = CARTESIAN_POINT ( 'NONE',  ( 12.69589763004109528, 34.50000000000000000, 5.119200799419105330 ) ) ;
#253 = CARTESIAN_POINT ( 'NONE',  ( 3.251814073593595644, 19.98054641647892637, -13.61733902678894559 ) ) ;
#254 = CARTESIAN_POINT ( 'NONE',  ( -0.3312080070389942787, 39.50000000000002842, 11.60000000000001563 ) ) ;
#255 = DIRECTION ( 'NONE',  ( -0.000000000000000000, 1.000000000000000000, -0.000000000000000000 ) ) ;
#256 = CARTESIAN_POINT ( 'NONE',  ( -12.63324383981811927, 24.50000000000000711, 5.469135409673424597 ) ) ;
#257 = CARTESIAN_POINT ( 'NONE',  ( -12.81681985180639316, 21.31546214370861492, 3.854718054371532254 ) ) ;
#258 = CARTESIAN_POINT ( 'NONE',  ( -13.05919771033391186, 20.58504376389072732, -3.111229949161828934 ) ) ;
#259 = CARTESIAN_POINT ( 'NONE',  ( -2.505635748130229157, 20.17236649574733676, -13.21587577327476204 ) ) ;
#260 = CARTESIAN_POINT ( 'NONE',  ( -4.885899535051051679, 35.56284606242875412, 12.38406334771729078 ) ) ;
#261 = ORIENTED_EDGE ( 'NONE', *, *, #3437, .F. ) ;
#262 = CARTESIAN_POINT ( 'NONE',  ( 13.49392485328464986, 39.19356054977400561, -1.726924891857458899 ) ) ;
#263 = EDGE_CURVE ( 'NONE', #6816, #2475, #5592, .T. ) ;
#265 = CARTESIAN_POINT ( 'NONE',  ( -12.32882846293113310, 34.49999999999999289, -4.999999999999999112 ) ) ;
#264 = VECTOR ( 'NONE', #3840, 1000.000000000000000 ) ;
#266 = CARTESIAN_POINT ( 'NONE',  ( -13.76933544871921811, 19.57048500375148947, -2.536343812067547443 ) ) ;
#267 = CARTESIAN_POINT ( 'NONE',  ( 13.51883894195912639, 39.25906743564060264, -1.535574464209137346 ) ) ;
#268 = CARTESIAN_POINT ( 'NONE',  ( -0.3355060095337654147, 19.51059107874397114, -13.49525739537452829 ) ) ;
#269 = CARTESIAN_POINT ( 'NONE',  ( 1.498366509558003212, 39.27039123500752993, 13.39908123066200574 ) ) ;
#270 = CIRCLE ( 'NONE', #6327, 1.499999999999984013 ) ;
#271 = CARTESIAN_POINT ( 'NONE',  ( 0.000000000000000000, 45.00000000000000000, 0.000000000000000000 ) ) ;
#272 = CARTESIAN_POINT ( 'NONE',  ( 0.9071277291645817309, 19.58230119718259488, 13.46336086142473043 ) ) ;
#273 = ORIENTED_EDGE ( 'NONE', *, *, #5178, .F. ) ;
#274 = ADVANCED_FACE ( 'NONE', ( #111 ), #6563, .T. ) ;
#275 = CARTESIAN_POINT ( 'NONE',  ( 2.848367512055721917, 38.61002071744606212, -13.13155950008121842 ) ) ;
#276 = AXIS2_PLACEMENT_3D ( 'NONE', #6655, #1550, #6691 ) ;
#277 = CARTESIAN_POINT ( 'NONE',  ( 13.96701454738522052, 39.62510464711467506, -0.9643599030141207784 ) ) ;
#278 = CARTESIAN_POINT ( 'NONE',  ( 3.797799817676489553, 38.60372437620776509, 13.47508796812852161 ) ) ;
#279 = CARTESIAN_POINT ( 'NONE',  ( -13.99066853216511319, 19.02212257335661505, -0.5132620449310102417 ) ) ;
#280 = CARTESIAN_POINT ( 'NONE',  ( -2.280491854602182400, 39.54206787476881857, -13.81329475549791219 ) ) ;
#281 = CARTESIAN_POINT ( 'NONE',  ( -13.89007081705471336, 39.73447516623748044, 1.753299717222385645 ) ) ;
#282 = CARTESIAN_POINT ( 'NONE',  ( -11.52663357022707480, 39.32754888168313556, -1.312246728742002322 ) ) ;
#283 = ORIENTED_EDGE ( 'NONE', *, *, #7197, .F. ) ;
#284 = CARTESIAN_POINT ( 'NONE',  ( -0.9350436090806760747, 19.07364992394947834, 13.96905171694893610 ) ) ;
#285 = CARTESIAN_POINT ( 'NONE',  ( 13.23665479672808587, 20.53826327327085366, -3.051436655008765708 ) ) ;
#286 = CARTESIAN_POINT ( 'NONE',  ( -5.424430237716798331, 22.79765468006582196, 12.90645016869947526 ) ) ;
#287 = CARTESIAN_POINT ( 'NONE',  ( -4.241452426879103399, 37.15262369551476240, -10.79719713559870797 ) ) ;
#288 = ORIENTED_EDGE ( 'NONE', *, *, #5682, .F. ) ;
#289 = VECTOR ( 'NONE', #696, 1000.000000000000000 ) ;
#290 = CARTESIAN_POINT ( 'NONE',  ( 8.873904696274653317E-15, 14.00000000000000000, 14.00000000000000000 ) ) ;
#291 = CARTESIAN_POINT ( 'NONE',  ( 5.333661501374575842, 22.54303724171792211, -12.94442013425847726 ) ) ;
#292 = CARTESIAN_POINT ( 'NONE',  ( 5.953930690319383601, 11.08659322414745141, -12.67447328658988503 ) ) ;
#293 = CARTESIAN_POINT ( 'NONE',  ( 0.3789385498479122538, 40.00000352974799966, 14.00000000000001243 ) ) ;
#294 = CARTESIAN_POINT ( 'NONE',  ( 12.58115621937254502, 24.16807362864549802, 4.989663254173780871 ) ) ;
#295 = VECTOR ( 'NONE', #4625, 1000.000000000000000 ) ;
#296 = CARTESIAN_POINT ( 'NONE',  ( -12.40615633512734206, 35.76159232721533243, -4.839440520745061036 ) ) ;
#297 = DIRECTION ( 'NONE',  ( 0.000000000000000000, 1.000000000000000000, 0.000000000000000000 ) ) ;
#298 = CARTESIAN_POINT ( 'NONE',  ( 5.654089700340691138, 23.77038116902564013, -12.80747858351067414 ) ) ;
#299 = CARTESIAN_POINT ( 'NONE',  ( -12.52322511533920668, 22.50175850298758817, 4.583384843340657433 ) ) ;
#300 = CARTESIAN_POINT ( 'NONE',  ( -13.18272709041978707, 20.25609830276243173, -2.648690145665288487 ) ) ;
#301 = CARTESIAN_POINT ( 'NONE',  ( -4.143558834723704898, 21.70160735705331945, -12.70729970935820674 ) ) ;
#302 = CARTESIAN_POINT ( 'NONE',  ( -13.35839345172301051, 39.17548123977223185, -1.779421692120394249 ) ) ;
#303 = VERTEX_POINT ( 'NONE', #5688 ) ;
#304 = CARTESIAN_POINT ( 'NONE',  ( -13.00104079338331786, 38.25130306683649906, -3.305828676004790800 ) ) ;
#305 = CARTESIAN_POINT ( 'NONE',  ( 6.720712226696899272, 9.864225642193385823, -9.457660577475806463 ) ) ;
#306 = CARTESIAN_POINT ( 'NONE',  ( 7.499999999999992006, 6.500000000000012434, 8.849293757131135862 ) ) ;
#307 = CARTESIAN_POINT ( 'NONE',  ( -12.33702870230380455, 24.08307934486778734, -4.983264626890287374 ) ) ;
#308 = CARTESIAN_POINT ( 'NONE',  ( 13.33130131248385375, 38.74463352874907685, -2.647520283182564160 ) ) ;
#309 = CARTESIAN_POINT ( 'NONE',  ( 0.5740952870517048723, 19.53237329705796554, -13.48552889693681145 ) ) ;
#310 = CARTESIAN_POINT ( 'NONE',  ( 2.217311639076807062, 38.98221318507111022, 13.27809444954031370 ) ) ;
#311 = CARTESIAN_POINT ( 'NONE',  ( 2.239676352636489121, 20.02933524177099756, 13.27340801962850492 ) ) ;
#312 = ORIENTED_EDGE ( 'NONE', *, *, #3536, .T. ) ;
#313 = CARTESIAN_POINT ( 'NONE',  ( 2.331966488342530397, 38.92293639580776698, -13.25406959294060449 ) ) ;
#314 = ORIENTED_EDGE ( 'NONE', *, *, #1359, .T. ) ;
#315 = CARTESIAN_POINT ( 'NONE',  ( 13.85982617980990206, 39.34216908484291508, -1.976598832075367795 ) ) ;
#316 = CARTESIAN_POINT ( 'NONE',  ( 5.571607621624089290, 35.68036163323270671, 12.84358237230044431 ) ) ;
#317 = CARTESIAN_POINT ( 'NONE',  ( -13.96254142991348957, 19.08924194120341511, -1.027590024168307803 ) ) ;
#318 = CARTESIAN_POINT ( 'NONE',  ( 0.9411519724454836533, 39.92536150030905162, -13.96863872226158776 ) ) ;
#319 = ADVANCED_FACE ( 'NONE', ( #6241 ), #6835, .F. ) ;
#320 = CARTESIAN_POINT ( 'NONE',  ( -13.90487342823278816, 39.77085109326130663, -1.629900805558003318 ) ) ;
#321 = CARTESIAN_POINT ( 'NONE',  ( -11.49044202593873010, 39.24170503409241206, 1.620219533437838422 ) ) ;
#322 = CARTESIAN_POINT ( 'NONE',  ( 3.815211615418520719, 37.73199373407513946, 12.83115048364991218 ) ) ;
#323 = CARTESIAN_POINT ( 'NONE',  ( -3.797799817676497547, 20.39627562379222780, 13.47508796812852161 ) ) ;
#324 = CARTESIAN_POINT ( 'NONE',  ( -2.026099883426029091, 19.35555655227866367, 13.85371262557900884 ) ) ;
#325 = CARTESIAN_POINT ( 'NONE',  ( -1.849989357959185732, 19.29416500896522990, -13.87842521533310070 ) ) ;
#326 = ORIENTED_EDGE ( 'NONE', *, *, #3979, .F. ) ;
#327 = CARTESIAN_POINT ( 'NONE',  ( -3.863119847262585616, 37.67432242120329988, -12.81375620132771864 ) ) ;
#328 = CARTESIAN_POINT ( 'NONE',  ( 5.571607621624100837, 23.31963836676734303, -12.84358237230044431 ) ) ;
#329 = CARTESIAN_POINT ( 'NONE',  ( 7.252864856714572817, 8.472613890524492319, -11.97536078507279811 ) ) ;
#330 = CARTESIAN_POINT ( 'NONE',  ( 2.227540700111001470, 38.98822384683508346, -11.38819384543075230 ) ) ;
#331 = CARTESIAN_POINT ( 'NONE',  ( 12.61562157827130548, 23.54875354788306296, 4.908843990569452309 ) ) ;
#332 = CARTESIAN_POINT ( 'NONE',  ( 1.714505518806294244E-15, 44.75000000000005684, 14.00000000000000000 ) ) ;
#333 = CARTESIAN_POINT ( 'NONE',  ( 13.97318236276323589, 39.64104913101429872, 0.8832993530667154758 ) ) ;
#334 = CARTESIAN_POINT ( 'NONE',  ( -8.000000000000008882, 4.000000000000000000, -19.84313483298444325 ) ) ;
#335 = CARTESIAN_POINT ( 'NONE',  ( -9.499999999999991118, 0.000000000000000000, 19.84313483298443970 ) ) ;
#336 = CARTESIAN_POINT ( 'NONE',  ( -4.046280920739071085, 21.56243825962315341, -12.74521854780600449 ) ) ;
#337 = FACE_OUTER_BOUND ( 'NONE', #4296, .T. ) ;
#338 = VERTEX_POINT ( 'NONE', #579 ) ;
#339 = CARTESIAN_POINT ( 'NONE',  ( -13.08770708897103319, 38.49265517010606885, -3.010043406731043092 ) ) ;
#340 = LINE ( 'NONE', #6589, #27 ) ;
#341 = CARTESIAN_POINT ( 'NONE',  ( -12.87057825766937924, 23.06470154906676129, 5.509242507945594447 ) ) ;
#342 = CARTESIAN_POINT ( 'NONE',  ( 0.7498821080462159117, 19.04473062556125385, 13.98115631732991737 ) ) ;
#343 = CARTESIAN_POINT ( 'NONE',  ( 13.56191847840651654, 39.37070978135333377, -1.141561411907157986 ) ) ;
#344 = CARTESIAN_POINT ( 'NONE',  ( 3.756537396704778597, 21.19925405060612533, -12.85219483607874125 ) ) ;
#345 = CARTESIAN_POINT ( 'NONE',  ( 3.118840111215754440, 20.59184613311929368, 13.05682688509260814 ) ) ;
#346 = EDGE_LOOP ( 'NONE', ( #4799, #1618, #2411, #3052 ) ) ;
#347 = CARTESIAN_POINT ( 'NONE',  ( 13.14045582668430434, 38.15465509291449564, 3.412495169079697188 ) ) ;
#348 = CARTESIAN_POINT ( 'NONE',  ( 3.973706809411919227, 37.53583386651585130, -12.77291130174675615 ) ) ;
#349 = CARTESIAN_POINT ( 'NONE',  ( 13.87688367558154923, 39.38813803596589480, -1.853063449583051803 ) ) ;
#350 = CARTESIAN_POINT ( 'NONE',  ( -4.805634638705543082, 35.88298954527591178, 12.42203472655945262 ) ) ;
#351 = CARTESIAN_POINT ( 'NONE',  ( -13.48484535929837946, 20.36658568045720585, -3.763014771086032439 ) ) ;
#352 = CARTESIAN_POINT ( 'NONE',  ( -13.75334568237772714, 39.38736109845310551, 2.617713144335239051 ) ) ;
#353 = CARTESIAN_POINT ( 'NONE',  ( 9.499999999999994671, 0.000000000000000000, -19.84313483298443970 ) ) ;
#354 = ORIENTED_EDGE ( 'NONE', *, *, #5263, .F. ) ;
#355 = CARTESIAN_POINT ( 'NONE',  ( 4.675266985663468766, 22.72556209853645370, 12.48209869952356854 ) ) ;
#356 = CYLINDRICAL_SURFACE ( 'NONE', #986, 11.59999999999999964 ) ;
#357 = ADVANCED_FACE ( 'NONE', ( #4667 ), #1250, .F. ) ;
#358 = CARTESIAN_POINT ( 'NONE',  ( -2.368581814670573049, 19.49342125824672323, -13.79928632305602676 ) ) ;
#359 = ORIENTED_EDGE ( 'NONE', *, *, #2806, .T. ) ;
#360 = CARTESIAN_POINT ( 'NONE',  ( 4.789679312829610680, 37.48769974709129826, -13.15530250175442717 ) ) ;
#361 = CARTESIAN_POINT ( 'NONE',  ( -4.820274282105867947, 35.82965515276980284, -12.41515212021476167 ) ) ;
#362 = CARTESIAN_POINT ( 'NONE',  ( -4.479445552867589164, 22.27712439436593428, -12.56871297596161696 ) ) ;
#363 = CARTESIAN_POINT ( 'NONE',  ( -1.622716872065365523, 39.23223694498882708, 11.48704180865846958 ) ) ;
#364 = FACE_OUTER_BOUND ( 'NONE', #172, .T. ) ;
#365 = CARTESIAN_POINT ( 'NONE',  ( 13.33871257018312839, 37.68140039185147572, 4.256846371749037239 ) ) ;
#366 = EDGE_CURVE ( 'NONE', #2529, #5498, #7375, .T. ) ;
#367 =( LENGTH_UNIT ( ) NAMED_UNIT ( * ) SI_UNIT ( .MILLI., .METRE. ) );
#368 = B_SPLINE_CURVE_WITH_KNOTS ( 'NONE', 3,
 ( #6170, #4524, #1144, #1111, #5089, #1069, #3334 ),
 .UNSPECIFIED., .F., .F.,
 ( 4, 3, 4 ),
 ( -0.0007614325045201562675, 0.000000000000000000, 0.001538204004139539453 ),
 .UNSPECIFIED. ) ;
#369 = CYLINDRICAL_SURFACE ( 'NONE', #1806, 1.999999999999998224 ) ;
#370 = CARTESIAN_POINT ( 'NONE',  ( -5.694173872587219520, 24.13416342924090685, -12.78971457666344236 ) ) ;
#371 = LINE ( 'NONE', #5551, #6440 ) ;
#372 = DIRECTION ( 'NONE',  ( 0.000000000000000000, -1.000000000000000000, 0.000000000000000000 ) ) ;
#373 = CARTESIAN_POINT ( 'NONE',  ( -12.61413117266514483, 36.92521481225088564, -4.372525284355545772 ) ) ;
#374 = CARTESIAN_POINT ( 'NONE',  ( 13.43521717918004654, 39.03566717256184404, -2.104614606196828941 ) ) ;
#375 = CARTESIAN_POINT ( 'NONE',  ( -5.000000000000010658, 24.50000000000000000, 12.32882846293108159 ) ) ;
#376 = DIRECTION ( 'NONE',  ( -1.206107350727848108E-16, 0.000000000000000000, 1.000000000000000000 ) ) ;
#377 = CARTESIAN_POINT ( 'NONE',  ( -12.86562106096384461, 21.15678560364001015, -3.717935608200853004 ) ) ;
#378 = CARTESIAN_POINT ( 'NONE',  ( 4.302474751766711236, 21.95237545888481634, -12.64325777577633581 ) ) ;
#379 = CARTESIAN_POINT ( 'NONE',  ( -2.331966488274856530, 38.92293639584360676, 13.25406959295450271 ) ) ;
#380 = CARTESIAN_POINT ( 'NONE',  ( 3.593655930146677946, 21.02262498819552050, 12.90844367894735889 ) ) ;
#381 = EDGE_LOOP ( 'NONE', ( #870, #6557, #7164, #1749 ) ) ;
#382 = CARTESIAN_POINT ( 'NONE',  ( 4.386318388900162013, 36.90006282617469680, -12.60832716548886623 ) ) ;
#383 = CARTESIAN_POINT ( 'NONE',  ( 13.44331498349789022, 38.06343341022743942, -3.909086565241620903 ) ) ;
#384 = CARTESIAN_POINT ( 'NONE',  ( -2.079598625401995360, 39.04991643127424084, 13.30582717154891625 ) ) ;
#385 = CARTESIAN_POINT ( 'NONE',  ( -12.85267482874190215, 23.23107714176845917, -5.550620142217374209 ) ) ;
#386 = AXIS2_PLACEMENT_3D ( 'NONE', #7255, #5570, #2053 ) ;
#387 = CARTESIAN_POINT ( 'NONE',  ( -13.21140705271406546, 37.70959905916399890, -4.632729916779014800 ) ) ;
#388 = CARTESIAN_POINT ( 'NONE',  ( -10.46709128650361542, 34.49999999999999289, 5.000000000000000888 ) ) ;
#389 = ORIENTED_EDGE ( 'NONE', *, *, #3572, .T. ) ;
#390 = CARTESIAN_POINT ( 'NONE',  ( 13.12195967233857630, 20.90677165359966949, 3.477825824661975318 ) ) ;
#391 = DIRECTION ( 'NONE',  ( -0.000000000000000000, -1.000000000000000000, -0.000000000000000000 ) ) ;
#392 = CARTESIAN_POINT ( 'NONE',  ( -5.703703114510168426, 24.50000000000001421, 12.78545152826160347 ) ) ;
#393 = VERTEX_POINT ( 'NONE', #1142 ) ;
#394 = CARTESIAN_POINT ( 'NONE',  ( 12.59748660551015575, 35.20271250109454542, -4.951594864234172277 ) ) ;
#395 = CARTESIAN_POINT ( 'NONE',  ( -4.067498962810228491, 37.40894887967429838, -12.73713490990286701 ) ) ;
#396 = CARTESIAN_POINT ( 'NONE',  ( -2.650315789200185623, 20.25942897350060434, -13.18168814367905561 ) ) ;
#397 = AXIS2_PLACEMENT_3D ( 'NONE', #2988, #114, #1287 ) ;
#398 = CARTESIAN_POINT ( 'NONE',  ( -13.32829405691668612, 38.13300332380627111, 4.286245859646288459 ) ) ;
#399 = CARTESIAN_POINT ( 'NONE',  ( 3.913533140117255726, 37.61301032645717868, -12.79537119470482054 ) ) ;
#400 = CARTESIAN_POINT ( 'NONE',  ( 12.90361029055088515, 21.72989242984738922, 4.162525867244548650 ) ) ;
#401 = CARTESIAN_POINT ( 'NONE',  ( -1.490251640469970607, 39.81201870821553257, -13.92162653298006703 ) ) ;
#402 = CARTESIAN_POINT ( 'NONE',  ( -1.135938862185735843E-13, 19.49999999999867129, 11.60000000000056808 ) ) ;
#403 = CARTESIAN_POINT ( 'NONE',  ( 1.848428660546170832, 19.29369309284854594, -13.87861112513369477 ) ) ;
#404 = DIRECTION ( 'NONE',  ( 1.206107350727848108E-16, 0.000000000000000000, -1.000000000000000000 ) ) ;
#405 = CARTESIAN_POINT ( 'NONE',  ( -7.499999999999994671, 45.00000000000000000, -11.82159041753689088 ) ) ;
#406 = CARTESIAN_POINT ( 'NONE',  ( -7.499999999999994671, 4.999999999999997335, -11.82159041753689088 ) ) ;
#407 = CARTESIAN_POINT ( 'NONE',  ( 12.65838020213486814, 23.11971700730814661, -4.806437112111929366 ) ) ;
#408 = ADVANCED_FACE ( 'NONE', ( #6951 ), #1803, .T. ) ;
#409 = VECTOR ( 'NONE', #2114, 1000.000000000000000 ) ;
#410 = ORIENTED_EDGE ( 'NONE', *, *, #5250, .F. ) ;
#411 = CARTESIAN_POINT ( 'NONE',  ( -13.01766348030773202, 38.29875350815844115, -3.251515687509322294 ) ) ;
#412 = CARTESIAN_POINT ( 'NONE',  ( 13.29331237436002944, 38.63255586502599925, -2.814671746346738335 ) ) ;
#413 = CARTESIAN_POINT ( 'NONE',  ( -14.00019226415712659, 18.99954227979420551, -0.3720904331084827210 ) ) ;
#414 = CARTESIAN_POINT ( 'NONE',  ( -13.41481708062095279, 19.69316005454336604, -1.378850487463925800 ) ) ;
#415 = AXIS2_PLACEMENT_3D ( 'NONE', #6647, #6677, #5497 ) ;
#416 = CARTESIAN_POINT ( 'NONE',  ( 4.791252955417615311, 23.07019886374789763, -12.42872420026151659 ) ) ;
#417 = CARTESIAN_POINT ( 'NONE',  ( -2.295026805656632973, 38.94221634158360956, 13.26186817762673797 ) ) ;
#418 = CARTESIAN_POINT ( 'NONE',  ( 10.97478249428248809, 37.80641360404730023, 3.764464029401852763 ) ) ;
#419 = CARTESIAN_POINT ( 'NONE',  ( 4.372525284281956637, 22.07478518761590536, 12.61413117269539441 ) ) ;
#420 = ORIENTED_EDGE ( 'NONE', *, *, #5306, .F. ) ;
#421 = CARTESIAN_POINT ( 'NONE',  ( -12.84263088824930676, 23.32937349705752439, 5.573798846018072517 ) ) ;
#422 = CARTESIAN_POINT ( 'NONE',  ( 12.99299787136308737, 35.70026857547381383, -5.213647315672311322 ) ) ;
#423 = CARTESIAN_POINT ( 'NONE',  ( -4.366010438661046322, 36.93814034119377254, 12.61693223441079326 ) ) ;
#424 = CARTESIAN_POINT ( 'NONE',  ( 13.01971112307029799, 21.26785066885135222, 3.815080399458508520 ) ) ;
#425 = CARTESIAN_POINT ( 'NONE',  ( -13.76877896525450140, 39.42807310971139856, -2.539355301885846572 ) ) ;
#426 = CARTESIAN_POINT ( 'NONE',  ( 10.36363636363635266, 3.499999999999982236, 21.64705618143756638 ) ) ;
#427 = ORIENTED_EDGE ( 'NONE', *, *, #4490, .T. ) ;
#428 = CARTESIAN_POINT ( 'NONE',  ( 12.71134521881293189, 22.72274990378214810, 4.676304938169075776 ) ) ;
#429 = CARTESIAN_POINT ( 'NONE',  ( -5.469135409673453907, 24.50000000000000711, 12.63324383981809262 ) ) ;
#430 = CARTESIAN_POINT ( 'NONE',  ( -4.174120316702561340, 37.25260555559674458, -12.69519241597691916 ) ) ;
#431 = CARTESIAN_POINT ( 'NONE',  ( -4.582564412539251286, 22.49830568311941548, -12.52363892634314624 ) ) ;
#432 = CARTESIAN_POINT ( 'NONE',  ( 1.625665516082742235, 39.23119895669022839, -13.38217273889673997 ) ) ;
#433 = EDGE_LOOP ( 'NONE', ( #4262, #923, #6119, #5967 ) ) ;
#434 = CARTESIAN_POINT ( 'NONE',  ( 12.95165662587735511, 21.53051443743838078, 4.022718786622260900 ) ) ;
#435 = CARTESIAN_POINT ( 'NONE',  ( -5.703703114510189742, 34.49999999999998579, -12.78545152826159637 ) ) ;
#436 = CARTESIAN_POINT ( 'NONE',  ( 13.98016186836828112, 19.34113530603320896, 0.7463190767122472868 ) ) ;
#437 = CARTESIAN_POINT ( 'NONE',  ( -2.227540700111006355, 20.01177615316492364, -11.38819384543075053 ) ) ;
#438 = CARTESIAN_POINT ( 'NONE',  ( -7.499999999999992006, 6.500000000000012434, 8.849293757131135862 ) ) ;
#439 = CYLINDRICAL_SURFACE ( 'NONE', #3106, 24.00000000000000355 ) ;
#440 = LINE ( 'NONE', #1028, #617 ) ;
#441 = CARTESIAN_POINT ( 'NONE',  ( 13.06985892234238733, 21.08658711957129839, -3.653631128367181180 ) ) ;
#442 = ORIENTED_EDGE ( 'NONE', *, *, #4268, .F. ) ;
#443 = CARTESIAN_POINT ( 'NONE',  ( 12.60539818607777818, 23.68005604166466682, -4.932993612368102632 ) ) ;
#444 = CARTESIAN_POINT ( 'NONE',  ( 13.51794351817208018, 39.25672132231872524, 1.542712331806772141 ) ) ;
#445 = CARTESIAN_POINT ( 'NONE',  ( 13.40866889220279212, 21.05515211707800560, -4.033874736076998424 ) ) ;
#446 = CARTESIAN_POINT ( 'NONE',  ( -13.14030203582297318, 20.36712610202956597, -2.814150084871549051 ) ) ;
#447 = EDGE_CURVE ( 'NONE', #3154, #563, #1768, .T. ) ;
#448 = CARTESIAN_POINT ( 'NONE',  ( 12.71134521881292123, 36.27725009621789098, -4.676304938169058012 ) ) ;
#449 = CARTESIAN_POINT ( 'NONE',  ( -3.171412703757511498, 38.36551769144173107, 13.04147481779778772 ) ) ;
#450 = CARTESIAN_POINT ( 'NONE',  ( 11.52663357022707480, 39.32754888168312135, 1.312246728742002544 ) ) ;
#451 = B_SPLINE_CURVE_WITH_KNOTS ( 'NONE', 3,
 ( #609, #2867, #72, #4588, #6865, #1761, #1357, #6612, #2608, #5943, #5980, #287, #2451, #3619, #6529, #7109, #5337, #3775, #3051, #3094 ),
 .UNSPECIFIED., .F., .F.,
 ( 4, 2, 2, 2, 2, 2, 2, 2, 2, 4 ),
 ( 0.007916567192656587953, 0.008904488142882657428, 0.009892409093108726903, 0.01088033004333479811, 0.01186825099356086759, 0.01285617194378693706, 0.01335013241889997093, 0.01384409289401300827, 0.01483201384423909683, 0.01581993479446518885 ),
 .UNSPECIFIED. ) ;
#452 = CARTESIAN_POINT ( 'NONE',  ( 3.144364604770808924, 20.61244395044274214, 13.04939739921515418 ) ) ;
#453 = ORIENTED_EDGE ( 'NONE', *, *, #2290, .T. ) ;
#454 = EDGE_CURVE ( 'NONE', #4474, #3090, #4035, .T. ) ;
#455 = CARTESIAN_POINT ( 'NONE',  ( 12.93429922887929706, 34.50000000000000000, -5.357602398257307108 ) ) ;
#456 = CARTESIAN_POINT ( 'NONE',  ( -1.067859494714906488, 39.38481190454934477, 13.44887353666779894 ) ) ;
#457 = B_SPLINE_CURVE_WITH_KNOTS ( 'NONE', 3,
 ( #1335, #5319, #5285, #1883, #3528, #4643, #2927, #732, #233, #3638, #6332, #4089, #3563, #159, #3490, #2962, #6925, #2433, #7041, #5240, #1922, #4683, #6432, #6966, #1781, #4127, #811, #2329, #1850, #1816, #3598, #2467, #196, #4162, #5815, #6367, #5208, #2999 ),
 .UNSPECIFIED., .F., .F.,
 ( 4, 2, 2, 2, 2, 2, 2, 2, 2, 2, 2, 2, 2, 2, 2, 2, 2, 2, 4 ),
 ( 0.000000000000000000, 0.03127479542991520867, 0.06254959085983041733, 0.09382438628974562600, 0.1094617840047031887, 0.1250991817196607514, 0.1876487725794878381, 0.2032861702944446236, 0.2189235680094014369, 0.2501983634393141753, 0.2814731588692269137, 0.3127479542991395967, 0.3440227497290523351, 0.3752975451589650180, 0.4065723405888777009, 0.4378471360187904393, 0.4691219314487031222, 0.4847593291636595469, 0.5003967268786159162 ),
 .UNSPECIFIED. ) ;
#458 = CARTESIAN_POINT ( 'NONE',  ( -12.83131109016827232, 35.54611376197848926, 5.599782199576229580 ) ) ;
#459 = FACE_OUTER_BOUND ( 'NONE', #2854, .T. ) ;
#460 = ORIENTED_EDGE ( 'NONE', *, *, #3117, .F. ) ;
#461 = CARTESIAN_POINT ( 'NONE',  ( 13.33130131248385375, 20.25536647125094447, 2.647520283182576151 ) ) ;
#462 = DIRECTION ( 'NONE',  ( 0.000000000000000000, -1.000000000000000000, 0.000000000000000000 ) ) ;
#463 = CARTESIAN_POINT ( 'NONE',  ( -3.815211616254121196, 37.73199373308874982, -12.83115048334911812 ) ) ;
#464 = CARTESIAN_POINT ( 'NONE',  ( 3.116118621752682394, 38.41105583457179051, -13.05778446740548837 ) ) ;
#465 = ORIENTED_EDGE ( 'NONE', *, *, #5920, .F. ) ;
#466 = CARTESIAN_POINT ( 'NONE',  ( 12.73304566194906329, 22.59064957435390397, 4.621121000715321614 ) ) ;
#467 = CARTESIAN_POINT ( 'NONE',  ( -4.786815722997276090, 37.49194423801036891, -13.15634317582025758 ) ) ;
#468 = CARTESIAN_POINT ( 'NONE',  ( -5.000000000000010658, 24.50000000000000000, -10.46709128650361187 ) ) ;
#469 = PLANE ( 'NONE',  #2880 ) ;
#470 = LINE ( 'NONE', #2173, #1214 ) ;
#471 = CARTESIAN_POINT ( 'NONE',  ( -4.646744365636052976, 22.65203592486785311, -12.49499534280189472 ) ) ;
#472 = CARTESIAN_POINT ( 'NONE',  ( -13.26937275378932313, 37.92466063868587867, -4.464027168959013636 ) ) ;
#473 = CARTESIAN_POINT ( 'NONE',  ( 12.67342110823960333, 22.99952906953563669, -4.769731826841182354 ) ) ;
#474 = VERTEX_POINT ( 'NONE', #3400 ) ;
#475 = CARTESIAN_POINT ( 'NONE',  ( -3.797799817676521972, 38.60372437620777220, -13.47508796812851273 ) ) ;
#476 = CARTESIAN_POINT ( 'NONE',  ( 12.61141986520338598, 23.59874139080113764, -4.918802479900727498 ) ) ;
#477 = CARTESIAN_POINT ( 'NONE',  ( 13.30356431903524062, 38.66283440689040418, 2.769692042606558324 ) ) ;
#478 = CARTESIAN_POINT ( 'NONE',  ( -13.56205755489646592, 20.13677890865176678, -3.477451291408729439 ) ) ;
#479 = CARTESIAN_POINT ( 'NONE',  ( -12.81209070266856465, 21.33123739661141727, -3.867683513290021136 ) ) ;
#480 = CARTESIAN_POINT ( 'NONE',  ( 12.87647970066205261, 37.15212926436241503, -4.239443592649569936 ) ) ;
#481 = CARTESIAN_POINT ( 'NONE',  ( 4.162132685210012895, 21.72930166316899658, -12.69995325007135634 ) ) ;
#482 = ADVANCED_FACE ( 'NONE', ( #5119 ), #6692, .T. ) ;
#483 = CARTESIAN_POINT ( 'NONE',  ( 3.413462378600936820, 20.84624880286035520, 12.96736205571166245 ) ) ;
#484 = CARTESIAN_POINT ( 'NONE',  ( 5.000000000000001776, 24.50000000000000000, 12.32882846293108869 ) ) ;
#485 = CARTESIAN_POINT ( 'NONE',  ( 4.769245651922232376, 36.00201721379571751, -12.43896763249415471 ) ) ;
#486 = EDGE_LOOP ( 'NONE', ( #2403, #3534, #6530, #2167 ) ) ;
#487 = CARTESIAN_POINT ( 'NONE',  ( 13.16619954631796752, 36.89249743214820398, -4.759373018465120175 ) ) ;
#488 = CARTESIAN_POINT ( 'NONE',  ( -2.226058449136672834, 38.98006685220514811, 13.27703707854270831 ) ) ;
#489 = CARTESIAN_POINT ( 'NONE',  ( 13.07135693302426560, 21.08132010635421238, 3.648678653546409301 ) ) ;
#490 = ADVANCED_FACE ( 'NONE', ( #7027, #217 ), #7114, .F. ) ;
#491 = DIRECTION ( 'NONE',  ( 0.5443312118026703006, -0.000000000000000000, 0.8388703903806812301 ) ) ;
#492 = ORIENTED_EDGE ( 'NONE', *, *, #6275, .F. ) ;
#493 = CARTESIAN_POINT ( 'NONE',  ( 13.58643440844235606, 19.56682993754639810, 0.8189276179494252572 ) ) ;
#494 = DIRECTION ( 'NONE',  ( 0.000000000000000000, 0.000000000000000000, -1.000000000000000000 ) ) ;
#495 = CARTESIAN_POINT ( 'NONE',  ( -10.14772727272725739, 4.000000000000000000, 21.19607584432427672 ) ) ;
#496 = CARTESIAN_POINT ( 'NONE',  ( 3.874865514769895825, 37.65997617681787091, 12.80946492380588886 ) ) ;
#497 = CARTESIAN_POINT ( 'NONE',  ( -5.632798964051859869, 35.36574385823349331, -12.81684968103181710 ) ) ;
#498 = VECTOR ( 'NONE', #5699, 1000.000000000000114 ) ;
#499 = AXIS2_PLACEMENT_3D ( 'NONE', #1321, #3585, #3661 ) ;
#500 = VERTEX_POINT ( 'NONE', #1362 ) ;
#501 = CARTESIAN_POINT ( 'NONE',  ( 12.86709655682408915, 21.89086478225532417, 4.265452219948875801 ) ) ;
#502 = PLANE ( 'NONE',  #5383 ) ;
#503 = CARTESIAN_POINT ( 'NONE',  ( 13.59766368039761453, 20.42063565370742850, 3.332385116305045525 ) ) ;
#504 = CARTESIAN_POINT ( 'NONE',  ( 4.332879406324915195, 21.98364962898873287, 10.76214967380653142 ) ) ;
#505 = CARTESIAN_POINT ( 'NONE',  ( 13.10505451315174064, 38.03551088560359261, 3.535557114925624411 ) ) ;
#506 = FACE_OUTER_BOUND ( 'NONE', #6613, .T. ) ;
#507 = CARTESIAN_POINT ( 'NONE',  ( 4.956440746733075109, 23.83623019435801993, -12.35010137138236885 ) ) ;
#508 = VECTOR ( 'NONE', #3144, 1000.000000000000114 ) ;
#509 = CARTESIAN_POINT ( 'NONE',  ( 5.703703114510171979, 24.50000000000001421, 12.78545152826160347 ) ) ;
#510 = CARTESIAN_POINT ( 'NONE',  ( 12.82779047451847809, 22.07581901850073081, -4.373098782724559541 ) ) ;
#511 = ORIENTED_EDGE ( 'NONE', *, *, #5358, .T. ) ;
#512 = CARTESIAN_POINT ( 'NONE',  ( 4.480468425174030322, 36.72528328079328475, 10.70010964043188473 ) ) ;
#513 = CARTESIAN_POINT ( 'NONE',  ( 13.19669736043878139, 38.33676347447499921, 3.206338929466988397 ) ) ;
#514 = CARTESIAN_POINT ( 'NONE',  ( -12.88324087269275431, 22.96982576882174243, -5.479325394373145031 ) ) ;
#515 = CARTESIAN_POINT ( 'NONE',  ( -13.23176100206423556, 20.13261207686401022, -2.434399678955747159 ) ) ;
#516 = CARTESIAN_POINT ( 'NONE',  ( -13.67097601622317349, 19.83170853820601920, -3.021468446641536687 ) ) ;
#517 = CARTESIAN_POINT ( 'NONE',  ( 12.85358684258238426, 37.04709131716525405, -4.302790406235987852 ) ) ;
#518 = CARTESIAN_POINT ( 'NONE',  ( 3.874865514786371534, 21.34002382320232627, -12.80946492380017077 ) ) ;
#519 = CIRCLE ( 'NONE', #6346, 1.499999999999984013 ) ;
#520 = CARTESIAN_POINT ( 'NONE',  ( 10.79767963928659213, 37.15458946522366546, -4.240227137758234122 ) ) ;
#521 = CARTESIAN_POINT ( 'NONE',  ( -10.90054098416931083, 21.44551488769173986, 3.971875971329322130 ) ) ;
#522 = CARTESIAN_POINT ( 'NONE',  ( -12.91119199856555966, 37.98546475060037864, 3.585003183396144433 ) ) ;
#523 = VECTOR ( 'NONE', #1827, 1000.000000000000000 ) ;
#524 = CARTESIAN_POINT ( 'NONE',  ( 3.303421593126030675, 20.74319934754043260, 13.00253733355234687 ) ) ;
#525 = DIRECTION ( 'NONE',  ( 0.000000000000000000, 0.000000000000000000, 1.000000000000000000 ) ) ;
#526 = CARTESIAN_POINT ( 'NONE',  ( 4.718749163043541195, 36.15381380473925077, -12.46225512917983735 ) ) ;
#527 = CARTESIAN_POINT ( 'NONE',  ( 13.62256442226042985, 38.65716415406162554, -3.229090382974579398 ) ) ;
#528 = CARTESIAN_POINT ( 'NONE',  ( -3.422768817904715988, 38.14837191126984095, 12.96501269751928831 ) ) ;
#529 = CARTESIAN_POINT ( 'NONE',  ( 4.966636725105686878, 23.83427343518677333, -10.48321611854493085 ) ) ;
#530 = FACE_OUTER_BOUND ( 'NONE', #679, .T. ) ;
#531 = EDGE_LOOP ( 'NONE', ( #2438, #2142, #427, #3326 ) ) ;
#532 = CARTESIAN_POINT ( 'NONE',  ( 13.22172084369954348, 20.58467036407379425, 3.109959333104844514 ) ) ;
#533 = CARTESIAN_POINT ( 'NONE',  ( 12.57669683062193400, 34.49999999999999289, 5.000000000000000888 ) ) ;
#534 = CARTESIAN_POINT ( 'NONE',  ( -5.629045868437838607, 35.40515404674718525, 12.81855921369412421 ) ) ;
#535 = EDGE_CURVE ( 'NONE', #3613, #1891, #5907, .T. ) ;
#536 = CARTESIAN_POINT ( 'NONE',  ( 4.983264626887201842, 34.91692065516299692, 12.33702870230530912 ) ) ;
#537 = CARTESIAN_POINT ( 'NONE',  ( 4.991646442905430803, 34.83257872955968537, -12.33293925967237925 ) ) ;
#538 = ORIENTED_EDGE ( 'NONE', *, *, #1665, .F. ) ;
#539 = CARTESIAN_POINT ( 'NONE',  ( 2.372282631324157176, 19.49509235997916790, 13.79863535750954817 ) ) ;
#540 = CARTESIAN_POINT ( 'NONE',  ( 13.98233170932146052, 19.33556832016954630, -0.7085224983825471057 ) ) ;
#541 = CARTESIAN_POINT ( 'NONE',  ( -2.513338726991408034, 20.16527303076320976, -11.32789720824170310 ) ) ;
#542 = CARTESIAN_POINT ( 'NONE',  ( 13.10290094765954905, 38.02815573982733355, 3.542908765884075883 ) ) ;
#543 = DIRECTION ( 'NONE',  ( 1.206107350727848108E-16, -0.000000000000000000, 1.000000000000000000 ) ) ;
#544 = CARTESIAN_POINT ( 'NONE',  ( 4.983355963618932627, 24.08399059500366235, -12.33698375886564236 ) ) ;
#545 = CARTESIAN_POINT ( 'NONE',  ( -1.356128664617174628, 19.15752774137234837, -13.93423987403175524 ) ) ;
#546 = CARTESIAN_POINT ( 'NONE',  ( -12.90533793012786212, 36.19448618790044492, -5.427074472838699926 ) ) ;
#547 = CARTESIAN_POINT ( 'NONE',  ( 5.119304911864182905, 36.95154760429511498, 13.03137399744062996 ) ) ;
#548 = CARTESIAN_POINT ( 'NONE',  ( -4.285234809871836248, 38.13082022920988834, -13.32820183219523180 ) ) ;
#549 = CARTESIAN_POINT ( 'NONE',  ( 13.26090997420722672, 38.53552029652724542, 2.952119665098870804 ) ) ;
#550 = CARTESIAN_POINT ( 'NONE',  ( 13.08506639948811667, 22.57259478130411168, -4.978184413292530586 ) ) ;
#551 = CARTESIAN_POINT ( 'NONE',  ( -13.48066893231909091, 19.54327545544121492, 0.6615497669394916347 ) ) ;
#552 = CARTESIAN_POINT ( 'NONE',  ( -12.49554036372539301, 22.64911222766747656, 4.645523755975102809 ) ) ;
#553 = CARTESIAN_POINT ( 'NONE',  ( -12.48560775838109649, 36.29378422747087996, 4.667476213607991475 ) ) ;
#554 = CARTESIAN_POINT ( 'NONE',  ( 3.468797687771173699, 20.89773597104810321, -12.94980138875800968 ) ) ;
#555 = CARTESIAN_POINT ( 'NONE',  ( -3.836257343051976409, 37.70674782587934715, 12.82351753231193925 ) ) ;
#556 = CARTESIAN_POINT ( 'NONE',  ( 5.000000000000002665, 24.33483624810560997, 12.32882838140000814 ) ) ;
#557 = CARTESIAN_POINT ( 'NONE',  ( 4.991646442905432579, 24.16742127044031108, 12.33293925967240057 ) ) ;
#558 = DIRECTION ( 'NONE',  ( -0.000000000000000000, 1.000000000000000000, -0.000000000000000000 ) ) ;
#559 = CARTESIAN_POINT ( 'NONE',  ( 13.35968193442565166, 38.82539185463672737, 2.509505860916740883 ) ) ;
#560 = CARTESIAN_POINT ( 'NONE',  ( 3.592534665436421193, 37.97853837652176878, 12.90882221739416202 ) ) ;
#561 = CARTESIAN_POINT ( 'NONE',  ( -0.5741885885618587260, 39.46761925310544683, -13.48552442851636535 ) ) ;
#562 = CARTESIAN_POINT ( 'NONE',  ( -3.874865514872440464, 21.34002382330780279, 12.80946492376995316 ) ) ;
#563 = VERTEX_POINT ( 'NONE', #5948 ) ;
#564 = CARTESIAN_POINT ( 'NONE',  ( 12.60328065869651581, 23.71367214691155212, 4.937956554433330147 ) ) ;
#565 = CARTESIAN_POINT ( 'NONE',  ( 5.656845037531003761, 23.77358202297778433, 12.80626874498441481 ) ) ;
#566 = CARTESIAN_POINT ( 'NONE',  ( -1.629900805558032184, 39.77085109326134216, 13.90487342823278460 ) ) ;
#567 = CARTESIAN_POINT ( 'NONE',  ( -1.995988435326859767, 39.08436772209726939, -13.32027703029487142 ) ) ;
#568 = CARTESIAN_POINT ( 'NONE',  ( 4.154873143112798317, 37.28156540987286860, 12.70282834712556230 ) ) ;
#569 = CARTESIAN_POINT ( 'NONE',  ( -3.648191677156975565, 37.92011614878272496, -12.88990531660744310 ) ) ;
#570 = EDGE_CURVE ( 'NONE', #5364, #2020, #5875, .T. ) ;
#571 = DIRECTION ( 'NONE',  ( -1.156482317317883755E-15, 0.000000000000000000, -1.000000000000000000 ) ) ;
#572 = CARTESIAN_POINT ( 'NONE',  ( 13.96666127856449435, 19.37580514601740234, -0.9694957550715758154 ) ) ;
#573 = CARTESIAN_POINT ( 'NONE',  ( -18.50000000000000000, 4.000000000000000000, -2.250000000000015987 ) ) ;
#574 = CARTESIAN_POINT ( 'NONE',  ( 13.01744370854627064, 37.72364351813657635, 3.822136491469663166 ) ) ;
#575 = CARTESIAN_POINT ( 'NONE',  ( -18.50000000000000000, 3.499999999999984901, 0.000000000000000000 ) ) ;
#576 = CARTESIAN_POINT ( 'NONE',  ( -5.703698528567243464, 34.68257415134224431, 12.78545357409134375 ) ) ;
#577 = CARTESIAN_POINT ( 'NONE',  ( -0.9411519724455024161, 19.07463849969095548, -13.96863872226158598 ) ) ;
#578 = CARTESIAN_POINT ( 'NONE',  ( -13.56075670571497405, 38.85947425161585045, -3.482515782763668799 ) ) ;
#579 = CARTESIAN_POINT ( 'NONE',  ( -1.135938862185735843E-13, 19.49999999999867129, 11.60000000000056808 ) ) ;
#580 = EDGE_CURVE ( 'NONE', #1930, #3090, #4505, .T. ) ;
#581 = ORIENTED_EDGE ( 'NONE', *, *, #673, .F. ) ;
#582 = CARTESIAN_POINT ( 'NONE',  ( -5.479055640881036027, 36.03101731610156122, -12.88335488816704810 ) ) ;
#583 = CARTESIAN_POINT ( 'NONE',  ( 4.326285824547212222, 37.01191838105488330, 10.76337282595778966 ) ) ;
#584 = CARTESIAN_POINT ( 'NONE',  ( 13.60947771890227642, 39.49135041870856355, 0.3360789735251864530 ) ) ;
#585 = CARTESIAN_POINT ( 'NONE',  ( -5.469135409673461012, 24.50000000000000711, -12.63324383981808552 ) ) ;
#586 = CARTESIAN_POINT ( 'NONE',  ( -13.07379436639990899, 20.54513125761784664, 3.059771721704025005 ) ) ;
#587 = CARTESIAN_POINT ( 'NONE',  ( -12.80229064392444727, 23.86054868324004374, -5.665815134425008281 ) ) ;
#588 = CARTESIAN_POINT ( 'NONE',  ( 2.485718513621717474, 20.16134579996576903, -13.22029294187855442 ) ) ;
#589 = CARTESIAN_POINT ( 'NONE',  ( -13.19387144847084770, 37.64186111711087790, 4.682389296490458541 ) ) ;
#590 = CARTESIAN_POINT ( 'NONE',  ( -12.78545152826162123, 24.50000000000001421, -5.703703114510129346 ) ) ;
#591 = CARTESIAN_POINT ( 'NONE',  ( 4.732093756845904942, 22.88478174635010731, 12.45612845990082285 ) ) ;
#592 = CARTESIAN_POINT ( 'NONE',  ( -13.06079719107155590, 38.41941914315257378, 3.105800349011880179 ) ) ;
#593 = CARTESIAN_POINT ( 'NONE',  ( -5.571607621624100837, 23.31963836676733948, 12.84358237230044786 ) ) ;
#594 = CARTESIAN_POINT ( 'NONE',  ( -1.735820950749145331, 13.80061545311244231, 13.89414320823695626 ) ) ;
#595 = CARTESIAN_POINT ( 'NONE',  ( 12.76089466515625936, 36.57474465703619160, 4.549950475355297286 ) ) ;
#596 = CARTESIAN_POINT ( 'NONE',  ( 3.236979588150678211, 38.31098803232406880, 13.02201317247597601 ) ) ;
#597 = CARTESIAN_POINT ( 'NONE',  ( -4.784849330108421839, 23.04892950157215736, 12.43170838603891681 ) ) ;
#598 = ORIENTED_EDGE ( 'NONE', *, *, #4453, .T. ) ;
#599 = CARTESIAN_POINT ( 'NONE',  ( 12.58385155655167864, 24.08449953946211863, 4.983397382625333272 ) ) ;
#600 = CARTESIAN_POINT ( 'NONE',  ( 5.298476366059938769, 22.46196583326072016, 12.95868952993192558 ) ) ;
#601 = CARTESIAN_POINT ( 'NONE',  ( 0.1814956330750105429, 39.99797165681349753, 13.99914273714450275 ) ) ;
#602 = CARTESIAN_POINT ( 'NONE',  ( -3.105800349025503948, 38.41941914314141115, -13.06079719106776160 ) ) ;
#603 = CARTESIAN_POINT ( 'NONE',  ( 4.908659418199211366, 35.45220075742872012, 12.37316557604397715 ) ) ;
#604 = CARTESIAN_POINT ( 'NONE',  ( -4.363776925323216815, 36.94113133445878816, -12.61780855713342930 ) ) ;
#605 = EDGE_LOOP ( 'NONE', ( #7187, #4400, #108, #4820 ) ) ;
#606 = CARTESIAN_POINT ( 'NONE',  ( -18.50000000000000000, 3.499999999999984901, 1.750000000000000000 ) ) ;
#607 = CARTESIAN_POINT ( 'NONE',  ( 13.24260604401620611, 21.73675844211738450, 4.542650631850943199 ) ) ;
#608 = DIRECTION ( 'NONE',  ( 0.000000000000000000, 1.000000000000000000, 0.000000000000000000 ) ) ;
#609 = CARTESIAN_POINT ( 'NONE',  ( -1.150144766899951097E-13, 39.50000000000133582, -11.60000000000056808 ) ) ;
#610 = CARTESIAN_POINT ( 'NONE',  ( -5.703703114510179084, 34.49999999999998579, 12.78545152826159992 ) ) ;
#611 = CARTESIAN_POINT ( 'NONE',  ( -1.584681556434828220, 19.21634428239731562, -13.91009967128693781 ) ) ;
#612 = VECTOR ( 'NONE', #5362, 1000.000000000000000 ) ;
#613 = CARTESIAN_POINT ( 'NONE',  ( 5.298717085089395873, 36.53747418901505029, 12.95859161684998995 ) ) ;
#614 = CARTESIAN_POINT ( 'NONE',  ( 0.000000000000000000, 0.000000000000000000, 0.000000000000000000 ) ) ;
#615 = CARTESIAN_POINT ( 'NONE',  ( -4.977937607998745406, 37.18524423484902286, -13.08513458396843454 ) ) ;
#616 = CARTESIAN_POINT ( 'NONE',  ( 13.54600292263899775, 20.58525529982815883, -3.539049447754470279 ) ) ;
#617 = VECTOR ( 'NONE', #6541, 1000.000000000000000 ) ;
#618 = DIRECTION ( 'NONE',  ( -0.000000000000000000, -1.000000000000000000, -0.000000000000000000 ) ) ;
#619 = CARTESIAN_POINT ( 'NONE',  ( -13.08770708903055890, 20.50734482972882233, 3.010043406512033837 ) ) ;
#620 = CARTESIAN_POINT ( 'NONE',  ( -12.85179736078886670, 21.20053164541492308, 3.757661995975803304 ) ) ;
#621 = CARTESIAN_POINT ( 'NONE',  ( -12.42322373168213723, 35.88972633096061315, 4.803029970452032060 ) ) ;
#622 = CARTESIAN_POINT ( 'NONE',  ( 2.434399678910496245, 20.13261207683882859, -13.23176100207521877 ) ) ;
#623 = EDGE_CURVE ( 'NONE', #1485, #5449, #4149, .T. ) ;
#624 = CARTESIAN_POINT ( 'NONE',  ( 13.42168110724350960, 20.00140230452563728, -2.182720180222649908 ) ) ;
#625 = CARTESIAN_POINT ( 'NONE',  ( -12.79390887205414451, 34.95761030577937589, 5.684716586081193235 ) ) ;
#626 = AXIS2_PLACEMENT_3D ( 'NONE', #4783, #4184, #6948 ) ;
#627 = CARTESIAN_POINT ( 'NONE',  ( -4.332879406324929406, 37.01635037101124226, 10.76214967380652787 ) ) ;
#628 = CARTESIAN_POINT ( 'NONE',  ( -11.60018711982958450, 19.49956588168339167, -0.3242568011507285797 ) ) ;
#629 = CARTESIAN_POINT ( 'NONE',  ( 12.66700930848845807, 35.94931342870153657, -4.785381884119416007 ) ) ;
#630 = CARTESIAN_POINT ( 'NONE',  ( -4.104692339770056542, 21.64376237291192595, 12.72266196392033955 ) ) ;
#631 = CARTESIAN_POINT ( 'NONE',  ( -7.499999999999993783, 0.000000000000000000, -8.849293757131134086 ) ) ;
#632 = CARTESIAN_POINT ( 'NONE',  ( 12.67334338361105495, 35.99985099103965069, 4.769921155417718772 ) ) ;
#633 = CARTESIAN_POINT ( 'NONE',  ( 2.509765903596073766, 38.82753481683850794, 13.21567769546506099 ) ) ;
#634 = ADVANCED_FACE ( 'NONE', ( #3303, #1183 ), #4198, .F. ) ;
#635 = CARTESIAN_POINT ( 'NONE',  ( -3.585003183396141324, 21.01453524939960360, 12.91119199856457023 ) ) ;
#636 = AXIS2_PLACEMENT_3D ( 'NONE', #5807, #618, #721 ) ;
#637 = ORIENTED_EDGE ( 'NONE', *, *, #5454, .T. ) ;
#638 = CARTESIAN_POINT ( 'NONE',  ( 13.35722611389089209, 37.74299883049501148, 4.193788211823495260 ) ) ;
#639 = CARTESIAN_POINT ( 'NONE',  ( 4.162152656181743460, 20.73526091016045214, 13.36768372078118539 ) ) ;
#640 = CARTESIAN_POINT ( 'NONE',  ( -0.9411519724455067459, 39.92536150030903741, 13.96863872226158598 ) ) ;
#641 = AXIS2_PLACEMENT_3D ( 'NONE', #2929, #1674, #1818 ) ;
#642 = CARTESIAN_POINT ( 'NONE',  ( 0.000000000000000000, 45.00000000000000000, 0.000000000000000000 ) ) ;
#643 = CARTESIAN_POINT ( 'NONE',  ( 18.50000000000000000, 0.000000000000000000, 0.000000000000000000 ) ) ;
#644 = CARTESIAN_POINT ( 'NONE',  ( 4.730528942923198699, 36.12133313891747832, 12.45688294738610402 ) ) ;
#645 = CARTESIAN_POINT ( 'NONE',  ( -3.809226062134155377, 37.73979796791297758, -12.83340115196990716 ) ) ;
#646 = VERTEX_POINT ( 'NONE', #768 ) ;
#647 = CARTESIAN_POINT ( 'NONE',  ( 3.332525600356671891, 20.03621413891707448, 13.59763959100848929 ) ) ;
#648 = CARTESIAN_POINT ( 'NONE',  ( 13.21906225659761347, 21.84619700710420886, 4.610528039929819855 ) ) ;
#649 = DIRECTION ( 'NONE',  ( 0.000000000000000000, -0.7071067811865479058, -0.7071067811865470176 ) ) ;
#650 = FACE_OUTER_BOUND ( 'NONE', #7093, .T. ) ;
#651 = VERTEX_POINT ( 'NONE', #4319 ) ;
#652 = CARTESIAN_POINT ( 'NONE',  ( 5.000000000000001776, 24.50000000000000000, -12.32882846293107626 ) ) ;
#653 = CARTESIAN_POINT ( 'NONE',  ( 0.4658398471838612331, 19.01818275923776369, -13.99232828075660962 ) ) ;
#654 = CARTESIAN_POINT ( 'NONE',  ( 5.332413182156533260, 36.45401739410938546, 12.94474931292905318 ) ) ;
#655 = CARTESIAN_POINT ( 'NONE',  ( 13.05549118195976632, 22.77384807843275993, -5.055136805291754243 ) ) ;
#656 = DIRECTION ( 'NONE',  ( 0.000000000000000000, -1.000000000000000000, 0.000000000000000000 ) ) ;
#657 = CARTESIAN_POINT ( 'NONE',  ( 13.98644630222980290, 19.32469005335904910, 0.7061590029167680305 ) ) ;
#658 = CARTESIAN_POINT ( 'NONE',  ( -13.28447375682481280, 20.00228107990820448, 2.184530099655546120 ) ) ;
#659 = CARTESIAN_POINT ( 'NONE',  ( -12.79537119470486140, 21.38698967354283553, 3.913533140117258391 ) ) ;
#660 = CARTESIAN_POINT ( 'NONE',  ( -12.59942132553526584, 36.86109737896982352, 4.407415215645451134 ) ) ;
#661 = CARTESIAN_POINT ( 'NONE',  ( 2.217311638971664944, 20.01778681487687805, -13.27809444956063878 ) ) ;
#662 = CARTESIAN_POINT ( 'NONE',  ( -12.32882846293112422, 34.49999999999999289, -4.999999999999999112 ) ) ;
#663 = CARTESIAN_POINT ( 'NONE',  ( 0.000000000000000000, 3.499999999999985789, 0.000000000000000000 ) ) ;
#664 = CARTESIAN_POINT ( 'NONE',  ( -13.20832448877646925, 38.80840500944101024, 2.537575904324784304 ) ) ;
#665 = EDGE_CURVE ( 'NONE', #825, #6045, #1331, .T. ) ;
#666 = CARTESIAN_POINT ( 'NONE',  ( -0.5740952870517167517, 19.53237329705796554, 13.48552889693681500 ) ) ;
#667 = CARTESIAN_POINT ( 'NONE',  ( -7.500000000000000000, 0.000000000000000000, -59.57475013247809414 ) ) ;
#668 = CARTESIAN_POINT ( 'NONE',  ( 13.13822847558574658, 38.14881112973737487, 3.422311032728997393 ) ) ;
#669 = CARTESIAN_POINT ( 'NONE',  ( 12.57669683062196242, 24.50000000000000000, -5.000000000000000000 ) ) ;
#670 = CARTESIAN_POINT ( 'NONE',  ( -3.717935608583177842, 21.15678560406439956, 12.86562106083054147 ) ) ;
#671 = EDGE_LOOP ( 'NONE', ( #442, #2194, #1012, #1428 ) ) ;
#672 = ORIENTED_EDGE ( 'NONE', *, *, #5315, .T. ) ;
#673 = EDGE_CURVE ( 'NONE', #3535, #4177, #806, .T. ) ;
#674 = CARTESIAN_POINT ( 'NONE',  ( 12.57669683062197663, 24.50000000000000000, 5.000000000000000000 ) ) ;
#675 = CARTESIAN_POINT ( 'NONE',  ( -12.33391031146504169, 24.16770197931412767, -4.989640111671361566 ) ) ;
#676 = CARTESIAN_POINT ( 'NONE',  ( -1.584681556434821337, 39.78365571760267727, 13.91009967128693603 ) ) ;
#677 = CARTESIAN_POINT ( 'NONE',  ( -12.63324383981812105, 24.50000000000000711, -5.469135409673422821 ) ) ;
#678 = CARTESIAN_POINT ( 'NONE',  ( -3.419523776627247713, 38.14875980166328162, -12.96557111954839847 ) ) ;
#679 = EDGE_LOOP ( 'NONE', ( #7247, #1030, #1242, #3260, #1127, #5139, #5213 ) ) ;
#680 = CARTESIAN_POINT ( 'NONE',  ( 4.346828957949953498, 20.93789883049374012, 13.30822710181430679 ) ) ;
#681 = CARTESIAN_POINT ( 'NONE',  ( 12.93429922887929528, 24.50000000000000711, 5.357602398257307108 ) ) ;
#682 = LINE ( 'NONE', #1833, #4659 ) ;
#683 = CARTESIAN_POINT ( 'NONE',  ( 12.81779905190161095, 36.87492264146504084, 4.399983560780248659 ) ) ;
#684 = CARTESIAN_POINT ( 'NONE',  ( 18.50000000000000000, 0.000000000000000000, -1.750000000000000000 ) ) ;
#685 = EDGE_LOOP ( 'NONE', ( #1612, #7376, #2604, #2574 ) ) ;
#686 = DIRECTION ( 'NONE',  ( -2.312964634635767510E-15, 0.000000000000000000, -1.000000000000000000 ) ) ;
#687 = CARTESIAN_POINT ( 'NONE',  ( -3.256440451767204980, 19.98430022689369778, -13.61606148701394581 ) ) ;
#688 = DIRECTION ( 'NONE',  ( 3.041637444052560821E-16, 1.000000000000000000, 8.673617379884041635E-17 ) ) ;
#689 = CARTESIAN_POINT ( 'NONE',  ( -13.50009008622433448, 19.49979785363062490, -0.1577780455381343205 ) ) ;
#690 = CARTESIAN_POINT ( 'NONE',  ( -13.42300906434767604, 19.67433740367898665, 1.309464140770322471 ) ) ;
#691 = CARTESIAN_POINT ( 'NONE',  ( -12.63270960131727172, 37.00467070993857988, 4.328197484380799764 ) ) ;
#692 = CARTESIAN_POINT ( 'NONE',  ( -0.3369661026102551138, 19.50870465536331366, -13.49609145640622110 ) ) ;
#693 = CARTESIAN_POINT ( 'NONE',  ( -12.88955923427051609, 37.91903968037259176, -3.649203048306367325 ) ) ;
#694 = CARTESIAN_POINT ( 'NONE',  ( -13.32685364616189716, 39.10013461235149634, 1.959377144301827967 ) ) ;
#695 = CARTESIAN_POINT ( 'NONE',  ( -1.301616152408270555, 19.66960598553523809, 13.42498538109131800 ) ) ;
#696 = DIRECTION ( 'NONE',  ( 0.000000000000000000, -1.000000000000000000, 0.000000000000000000 ) ) ;
#697 = CARTESIAN_POINT ( 'NONE',  ( 13.57095650447296542, 39.39375948525717064, 1.026069453808090559 ) ) ;
#698 = CARTESIAN_POINT ( 'NONE',  ( 2.074142272177530888, 39.05023444236059049, 13.30606350558343820 ) ) ;
#699 = CARTESIAN_POINT ( 'NONE',  ( 3.549617570061632144, 38.02140836447217964, 12.92300924958916220 ) ) ;
#700 = CARTESIAN_POINT ( 'NONE',  ( -1.259329390645508973, 19.65997474487399899, 13.42924016620327876 ) ) ;
#701 = ORIENTED_EDGE ( 'NONE', *, *, #5550, .F. ) ;
#702 = CARTESIAN_POINT ( 'NONE',  ( 13.63766099902045070, 38.70370250253358790, 3.164726747263039375 ) ) ;
#703 = CARTESIAN_POINT ( 'NONE',  ( -3.904491433386123145, 38.51320875408565314, 13.44519813101695682 ) ) ;
#704 = CARTESIAN_POINT ( 'NONE',  ( 3.332525600356669671, 38.96378586108294684, -13.59763959100849107 ) ) ;
#705 =( LENGTH_UNIT ( ) NAMED_UNIT ( * ) SI_UNIT ( .MILLI., .METRE. ) );
#706 = EDGE_CURVE ( 'NONE', #2981, #958, #2639, .T. ) ;
#707 = LINE ( 'NONE', #6939, #6799 ) ;
#708 = CARTESIAN_POINT ( 'NONE',  ( -1.999132676454210555, 39.08369846579642370, -13.31996301984296238 ) ) ;
#709 = EDGE_LOOP ( 'NONE', ( #3776, #2562 ) ) ;
#710 = CARTESIAN_POINT ( 'NONE',  ( -4.285234809871813155, 20.86917977079010811, 13.32820183219523358 ) ) ;
#711 = CARTESIAN_POINT ( 'NONE',  ( 13.11080060483949872, 22.41378886151639449, 4.910009565298490308 ) ) ;
#712 = CARTESIAN_POINT ( 'NONE',  ( 1.776708755119235983, 19.82348113261901901, 11.46414105624237578 ) ) ;
#713 = CARTESIAN_POINT ( 'NONE',  ( 12.75690251222856553, 36.55125637594831289, 4.560165217835458584 ) ) ;
#714 = DIRECTION ( 'NONE',  ( 1.000000000000000000, 0.000000000000000000, 0.000000000000000000 ) ) ;
#715 = ORIENTED_EDGE ( 'NONE', *, *, #2478, .F. ) ;
#716 = CARTESIAN_POINT ( 'NONE',  ( 4.590981638777801521, 12.43557717472161350, 13.22732125183043728 ) ) ;
#717 = CARTESIAN_POINT ( 'NONE',  ( 4.285234809871810491, 20.86917977079009745, -13.32820183219523713 ) ) ;
#718 = CARTESIAN_POINT ( 'NONE',  ( -12.77752299314138895, 37.55186919937058576, 3.961391167708267158 ) ) ;
#719 = PLANE ( 'NONE',  #5137 ) ;
#720 = CARTESIAN_POINT ( 'NONE',  ( 13.34019364328113255, 21.32391302637951114, -4.247617657354099130 ) ) ;
#721 = DIRECTION ( 'NONE',  ( 0.000000000000000000, 0.000000000000000000, 1.000000000000000000 ) ) ;
#722 = CARTESIAN_POINT ( 'NONE',  ( -12.84701007857786514, 21.21619634570616597, 3.770874616818256975 ) ) ;
#723 = VECTOR ( 'NONE', #3873, 1000.000000000000000 ) ;
#724 = CARTESIAN_POINT ( 'NONE',  ( -13.34657716478097633, 19.85276152017683415, -1.846618629337094086 ) ) ;
#725 = VECTOR ( 'NONE', #5804, 1000.000000000000000 ) ;
#726 = CARTESIAN_POINT ( 'NONE',  ( -2.074578311655814300, 19.94997650658610411, -13.30597309140153683 ) ) ;
#727 = CARTESIAN_POINT ( 'NONE',  ( 13.37459829263018740, 20.13239580436374965, -2.435151695236302150 ) ) ;
#728 = CARTESIAN_POINT ( 'NONE',  ( -13.44254448012603120, 39.37047554443929442, 1.142580959466428014 ) ) ;
#729 = CARTESIAN_POINT ( 'NONE',  ( -13.31025193672235041, 39.06028194925882957, 2.051012581534948254 ) ) ;
#730 = CARTESIAN_POINT ( 'NONE',  ( 12.78052551700338313, 36.68229646687987611, -4.498804541448659045 ) ) ;
#731 = CARTESIAN_POINT ( 'NONE',  ( -4.675612838091382173, 22.72094279260666028, 12.48211962124503493 ) ) ;
#732 = CARTESIAN_POINT ( 'NONE',  ( 5.426640323561243484, 36.19578262522669121, -12.90552060042426064 ) ) ;
#733 = CARTESIAN_POINT ( 'NONE',  ( 13.40181376761419330, 38.94380620601442189, -2.293297665113272821 ) ) ;
#734 = VECTOR ( 'NONE', #2457, 1000.000000000000114 ) ;
#735 = CARTESIAN_POINT ( 'NONE',  ( 3.314265686466807193, 38.24396779904887467, 12.99846936739714209 ) ) ;
#736 = CARTESIAN_POINT ( 'NONE',  ( 1.420590287010929336E-15, 45.00000000000000000, 11.59999999999999964 ) ) ;
#737 = CARTESIAN_POINT ( 'NONE',  ( 3.788409620771134190, 12.99104737276440602, -13.48428867225058525 ) ) ;
#738 = VERTEX_POINT ( 'NONE', #3111 ) ;
#739 = CARTESIAN_POINT ( 'NONE',  ( 5.190650374805587219, 36.78674649157932919, 13.00242667865683011 ) ) ;
#740 = CARTESIAN_POINT ( 'NONE',  ( -13.93863546651184038, 19.14687827544873500, 1.310181730566368996 ) ) ;
#741 = CARTESIAN_POINT ( 'NONE',  ( 1.033665515213560537, 39.90968802780638214, -13.96209530386597919 ) ) ;
#742 = AXIS2_PLACEMENT_3D ( 'NONE', #2458, #4748, #3440 ) ;
#743 = CARTESIAN_POINT ( 'NONE',  ( -11.12042845719042283, 38.26170828158034709, -3.309548481889833749 ) ) ;
#744 = VERTEX_POINT ( 'NONE', #1960 ) ;
#745 = CARTESIAN_POINT ( 'NONE',  ( -2.534690903196566758, 19.57210461988965022, 13.76890250540220251 ) ) ;
#746 = CARTESIAN_POINT ( 'NONE',  ( 12.98793080010013590, 21.38740491104923080, -3.913866595613387123 ) ) ;
#747 = DIRECTION ( 'NONE',  ( 0.000000000000000000, 0.000000000000000000, -1.000000000000000000 ) ) ;
#748 = ADVANCED_FACE ( 'NONE', ( #3071 ), #4234, .F. ) ;
#749 = CARTESIAN_POINT ( 'NONE',  ( 12.69393507788945819, 36.15244944502433100, 4.719227134613314334 ) ) ;
#750 = AXIS2_PLACEMENT_3D ( 'NONE', #5743, #4091, #6369 ) ;
#751 = DIRECTION ( 'NONE',  ( 1.000000000000000000, -0.000000000000000000, -0.000000000000000000 ) ) ;
#752 = EDGE_LOOP ( 'NONE', ( #3771, #6024, #5667, #846 ) ) ;
#753 = LINE ( 'NONE', #4739, #6357 ) ;
#754 = LINE ( 'NONE', #6495, #5514 ) ;
#755 = CARTESIAN_POINT ( 'NONE',  ( -4.827757141743362901, 23.19634502818627553, -12.41164098637411684 ) ) ;
#756 = CARTESIAN_POINT ( 'NONE',  ( -5.650424506270819158, 11.45469718283885285, -10.13781583445288881 ) ) ;
#757 = CARTESIAN_POINT ( 'NONE',  ( -12.46225512917723499, 36.15381380471224304, -4.718749163052997631 ) ) ;
#758 = CARTESIAN_POINT ( 'NONE',  ( 13.46025234675199655, 20.87666782525579379, -3.850407511204110289 ) ) ;
#759 = CARTESIAN_POINT ( 'NONE',  ( 13.74001212457289434, 39.00838394263536202, 2.690056535559854023 ) ) ;
#760 = ADVANCED_FACE ( 'NONE', ( #6954, #1733 ), #3552, .F. ) ;
#761 = DIRECTION ( 'NONE',  ( 0.000000000000000000, 0.000000000000000000, 1.000000000000000000 ) ) ;
#762 = CARTESIAN_POINT ( 'NONE',  ( -13.05055611474004884, 21.97519131517882229, 5.068055422443444868 ) ) ;
#763 = CARTESIAN_POINT ( 'NONE',  ( -12.83055227578261182, 21.27001900324045991, 3.816796735050992595 ) ) ;
#764 = CARTESIAN_POINT ( 'NONE',  ( -13.48516943281776648, 19.53317980252221986, 0.5808991521648815270 ) ) ;
#765 = CARTESIAN_POINT ( 'NONE',  ( -4.147428756000662631, 21.70733951984967547, -12.70577230645893430 ) ) ;
#766 = CARTESIAN_POINT ( 'NONE',  ( 13.24510700734386681, 20.51253312243050075, -3.016881992802949775 ) ) ;
#767 = CARTESIAN_POINT ( 'NONE',  ( -12.90845743039531612, 37.97741654918203835, -3.593614260314077047 ) ) ;
#768 = CARTESIAN_POINT ( 'NONE',  ( -10.14772727272725739, 4.000000000000000000, 21.19607584432427672 ) ) ;
#769 = CARTESIAN_POINT ( 'NONE',  ( 12.89315433064866134, 37.22496691808886027, -4.192298469889903956 ) ) ;
#770 = CARTESIAN_POINT ( 'NONE',  ( -3.298747055674239093, 20.74235029246642270, 13.00324395399328914 ) ) ;
#771 = DIRECTION ( 'NONE',  ( 1.000000000000000000, 0.000000000000000000, -1.206107350727848108E-16 ) ) ;
#772 = CARTESIAN_POINT ( 'NONE',  ( 13.61289310296712074, 39.49989862626349435, 0.08836555026938618107 ) ) ;
#773 = CARTESIAN_POINT ( 'NONE',  ( 2.916846679560656685, 20.43815388057157634, -13.11338220583992964 ) ) ;
#774 = CARTESIAN_POINT ( 'NONE',  ( 2.291739839441024440, 38.94467273590048251, 13.26280562133502450 ) ) ;
#775 = CARTESIAN_POINT ( 'NONE',  ( 13.35404603745464058, 20.19079162802988492, 2.536211758953724527 ) ) ;
#776 = CARTESIAN_POINT ( 'NONE',  ( -2.641920017534909348, 20.25419743708058107, 13.18372039216425229 ) ) ;
#777 = VERTEX_POINT ( 'NONE', #6392 ) ;
#778 = CARTESIAN_POINT ( 'NONE',  ( 2.769180223554672082, 38.66314236945895999, -13.15185873234842795 ) ) ;
#779 = CARTESIAN_POINT ( 'NONE',  ( 13.98845290418556608, 39.68006850443114786, -0.5702189998647130276 ) ) ;
#780 = CARTESIAN_POINT ( 'NONE',  ( 1.753299717222379872, 39.73447516623751596, 13.89007081705471514 ) ) ;
#781 = DIRECTION ( 'NONE',  ( 0.000000000000000000, 1.000000000000000000, 0.000000000000000000 ) ) ;
#782 = CARTESIAN_POINT ( 'NONE',  ( -24.00000000000000355, 34.49999999999999289, -4.999999999999999112 ) ) ;
#783 = CARTESIAN_POINT ( 'NONE',  ( -11.19429426029311792, 38.47244953368198139, 3.053625481271334152 ) ) ;
#784 = ORIENTED_EDGE ( 'NONE', *, *, #3761, .F. ) ;
#785 = CARTESIAN_POINT ( 'NONE',  ( -3.900789682978044848, 20.48636456651874127, 13.44577723533384450 ) ) ;
#786 = CARTESIAN_POINT ( 'NONE',  ( 12.89075408331456174, 21.78480613118153641, -4.199326560132997876 ) ) ;
#787 = CARTESIAN_POINT ( 'NONE',  ( -7.500000000000000000, 3.499999999999985789, -59.57475013247809414 ) ) ;
#788 = CARTESIAN_POINT ( 'NONE',  ( -5.703703114510191519, 24.50000000000001421, -12.78545152826159637 ) ) ;
#789 = VERTEX_POINT ( 'NONE', #2352 ) ;
#790 = CARTESIAN_POINT ( 'NONE',  ( 4.464326232005121575, 37.92431106190272772, -13.26927361248401382 ) ) ;
#791 = DIRECTION ( 'NONE',  ( 0.8388703903806783435, -0.000000000000000000, 0.5443312118026746305 ) ) ;
#792 = CARTESIAN_POINT ( 'NONE',  ( 4.518919828210150591, 21.14294417205533705, -13.25076436672375912 ) ) ;
#793 = CARTESIAN_POINT ( 'NONE',  ( 7.499999999999994671, 6.500000000000012434, -11.82159041753689088 ) ) ;
#794 = EDGE_CURVE ( 'NONE', #4700, #6852, #1927, .T. ) ;
#795 = CARTESIAN_POINT ( 'NONE',  ( -13.11338220583996694, 38.56184611942839524, 2.916846679560673117 ) ) ;
#796 = CARTESIAN_POINT ( 'NONE',  ( 3.306934637485806405, 38.26402919486675813, -11.12121326487176276 ) ) ;
#797 = LINE ( 'NONE', #4594, #1092 ) ;
#798 = CYLINDRICAL_SURFACE ( 'NONE', #499, 5.000000000000006217 ) ;
#799 = CARTESIAN_POINT ( 'NONE',  ( 13.89606868221370028, 39.44089843682987606, -1.734023568393637360 ) ) ;
#800 = CARTESIAN_POINT ( 'NONE',  ( 3.773486494132320512, 20.36026274093343602, -13.48464418669187737 ) ) ;
#801 = CARTESIAN_POINT ( 'NONE',  ( -12.53375298272892735, 22.44747763908711491, 4.559594989074419402 ) ) ;
#802 = CARTESIAN_POINT ( 'NONE',  ( -13.49534014820031658, 19.51040677013378044, -0.3251165232860347420 ) ) ;
#803 = CARTESIAN_POINT ( 'NONE',  ( -3.386422033734539649, 20.82124216300521979, -12.97592763941893956 ) ) ;
#804 = EDGE_CURVE ( 'NONE', #1282, #1508, #7361, .T. ) ;
#805 = CARTESIAN_POINT ( 'NONE',  ( -13.49525739537456204, 39.48940892125603597, -0.3355060095337548121 ) ) ;
#806 = LINE ( 'NONE', #7201, #2385 ) ;
#807 = ORIENTED_EDGE ( 'NONE', *, *, #2127, .T. ) ;
#808 = CARTESIAN_POINT ( 'NONE',  ( -12.98463330003416871, 38.20399686339546008, -3.358634340479259794 ) ) ;
#809 = CARTESIAN_POINT ( 'NONE',  ( 13.13685146137114046, 38.14262641082877536, -3.425154782122877606 ) ) ;
#810 = CARTESIAN_POINT ( 'NONE',  ( 5.655486541625206698, 11.44891168739252407, -10.13497998571738279 ) ) ;
#811 = CARTESIAN_POINT ( 'NONE',  ( 2.368581814781206329, 39.50657874172458150, -13.79928632303849945 ) ) ;
#812 = CARTESIAN_POINT ( 'NONE',  ( 0.9355347288956283869, 19.07146006371356606, 13.96993076308772963 ) ) ;
#813 = CARTESIAN_POINT ( 'NONE',  ( 13.59988581010997422, 39.46718610479341294, -0.5733899484312137140 ) ) ;
#814 = CARTESIAN_POINT ( 'NONE',  ( -0.8250359052273068539, 19.56785275347015940, -13.46975899026662304 ) ) ;
#815 = CARTESIAN_POINT ( 'NONE',  ( 3.270242672181837396, 38.28258263111020909, 13.01197419624450902 ) ) ;
#816 = CARTESIAN_POINT ( 'NONE',  ( 13.36466600248812497, 20.16055031849086987, 2.484329570066219350 ) ) ;
#817 = CARTESIAN_POINT ( 'NONE',  ( 0.1703400655483091330, 19.50021003658981655, 13.49990682353430671 ) ) ;
#818 = ORIENTED_EDGE ( 'NONE', *, *, #535, .F. ) ;
#819 = CARTESIAN_POINT ( 'NONE',  ( 13.95682941355264362, 39.59878600777549451, 1.099454433300149025 ) ) ;
#820 = CARTESIAN_POINT ( 'NONE',  ( 5.599782199576259778, 35.54611376197850348, 12.83131109016825810 ) ) ;
#821 = CARTESIAN_POINT ( 'NONE',  ( -13.94041626776710707, 19.14247736610221651, -1.303388515414702908 ) ) ;
#822 = CARTESIAN_POINT ( 'NONE',  ( 1.447932209777590851, 39.82002359685574788, -13.92499993276642734 ) ) ;
#823 = CARTESIAN_POINT ( 'NONE',  ( -13.92220683203126974, 39.81343295475127064, 1.484806420479544364 ) ) ;
#824 = CARTESIAN_POINT ( 'NONE',  ( -4.966786507533398343, 35.08131942932607927, -12.34506618187399951 ) ) ;
#825 = VERTEX_POINT ( 'NONE', #6764 ) ;
#826 = CARTESIAN_POINT ( 'NONE',  ( 1.854462693391143446, 19.29568159931353932, 13.87780853716197349 ) ) ;
#827 = CARTESIAN_POINT ( 'NONE',  ( 13.60873565678211605, 19.51053640912913067, -0.3346638630660230818 ) ) ;
#828 = FACE_OUTER_BOUND ( 'NONE', #5921, .T. ) ;
#829 = DIRECTION ( 'NONE',  ( 2.602085213965214093E-16, -1.000000000000000000, 0.000000000000000000 ) ) ;
#830 = ORIENTED_EDGE ( 'NONE', *, *, #2478, .T. ) ;
#831 = CARTESIAN_POINT ( 'NONE',  ( 7.499999999999991118, 6.500000000000012434, 11.82159041753689444 ) ) ;
#832 = CARTESIAN_POINT ( 'NONE',  ( 5.504343272044753377, 23.05574755399270259, -12.87256149494084312 ) ) ;
#833 = CARTESIAN_POINT ( 'NONE',  ( 6.726078347945043667, 9.853935401544283934, -12.28035996669494878 ) ) ;
#834 = CARTESIAN_POINT ( 'NONE',  ( -13.30606350558346485, 39.05023444236056918, 2.074142272177549984 ) ) ;
#835 = CARTESIAN_POINT ( 'NONE',  ( -1.144796383982136678, 39.36998365259718469, 11.54451713147690661 ) ) ;
#836 = CARTESIAN_POINT ( 'NONE',  ( 5.000000000000007994, 24.50000000000000000, -12.32882846293107626 ) ) ;
#837 = CARTESIAN_POINT ( 'NONE',  ( 13.64582434854905379, 20.27132916270961616, -3.129348051609063042 ) ) ;
#838 = CARTESIAN_POINT ( 'NONE',  ( 13.89237800249784627, 39.42977780788994835, 1.740967446879002622 ) ) ;
#839 = DIRECTION ( 'NONE',  ( -0.000000000000000000, -0.000000000000000000, 1.000000000000000000 ) ) ;
#840 = CARTESIAN_POINT ( 'NONE',  ( -12.70577230645996103, 21.70733951984579235, 4.147428755998045169 ) ) ;
#841 = CARTESIAN_POINT ( 'NONE',  ( -12.85219483607878033, 21.19925405060614310, -3.756537396704783038 ) ) ;
#842 = CARTESIAN_POINT ( 'NONE',  ( -3.207113913040679165, 20.66388356338461918, -13.03094450930998072 ) ) ;
#843 = CARTESIAN_POINT ( 'NONE',  ( -4.957140336651826296, 35.15841302859946182, 12.34976450109949653 ) ) ;
#844 = CARTESIAN_POINT ( 'NONE',  ( 13.15923970401981968, 20.78370632007896290, -3.345024781807556025 ) ) ;
#845 = CARTESIAN_POINT ( 'NONE',  ( -13.48098204071396999, 39.45742378020096197, 0.6563298320562569454 ) ) ;
#846 = ORIENTED_EDGE ( 'NONE', *, *, #6223, .F. ) ;
#847 = CARTESIAN_POINT ( 'NONE',  ( -12.70729970934293185, 37.29839264288979450, -4.143558834762033349 ) ) ;
#848 = CARTESIAN_POINT ( 'NONE',  ( 13.51884122014448408, 39.25903936893283230, -1.534011807778809855 ) ) ;
#849 = CARTESIAN_POINT ( 'NONE',  ( -4.931124666855692062, 23.67190592424519835, 12.36235163672387571 ) ) ;
#850 = CARTESIAN_POINT ( 'NONE',  ( -13.36697259364097867, 20.73760966181564669, 4.164430037720503464 ) ) ;
#851 = CARTESIAN_POINT ( 'NONE',  ( 2.861566942672410185, 19.73892251589705182, 13.70544332301026991 ) ) ;
#852 = EDGE_CURVE ( 'NONE', #1562, #744, #1660, .T. ) ;
#853 = CARTESIAN_POINT ( 'NONE',  ( 3.236979588150677767, 20.68901196767592410, -13.02201317247597068 ) ) ;
#854 = CARTESIAN_POINT ( 'NONE',  ( 3.404904220209257204, 38.16240835167591428, 12.97024241552689361 ) ) ;
#855 = VECTOR ( 'NONE', #5724, 1000.000000000000000 ) ;
#856 = CARTESIAN_POINT ( 'NONE',  ( 2.184530099681402326, 20.00228107992075977, 13.28447375681592924 ) ) ;
#857 = ORIENTED_EDGE ( 'NONE', *, *, #2428, .F. ) ;
#858 = CARTESIAN_POINT ( 'NONE',  ( 3.520103013722931440, 38.05091594535789312, -12.93278110550067339 ) ) ;
#859 = ORIENTED_EDGE ( 'NONE', *, *, #2876, .F. ) ;
#860 = EDGE_CURVE ( 'NONE', #2261, #7024, #5087, .T. ) ;
#861 = VECTOR ( 'NONE', #5509, 1000.000000000000000 ) ;
#862 = CARTESIAN_POINT ( 'NONE',  ( 13.97274741205987958, 39.63984771098607496, -0.8774977139849780006 ) ) ;
#863 = CARTESIAN_POINT ( 'NONE',  ( 5.333661501374566960, 36.45696275828210275, 12.94442013425847726 ) ) ;
#864 = AXIS2_PLACEMENT_3D ( 'NONE', #5010, #7298, #2168 ) ;
#865 = CARTESIAN_POINT ( 'NONE',  ( -13.30871208603377198, 20.93622254460034426, -4.345338910893524087 ) ) ;
#866 = CARTESIAN_POINT ( 'NONE',  ( 1.584681556434802241, 39.78365571760268438, -13.91009967128694491 ) ) ;
#867 = CARTESIAN_POINT ( 'NONE',  ( -13.99221015635442456, 39.98154221319881430, -0.4761945032301589942 ) ) ;
#868 = B_SPLINE_CURVE_WITH_KNOTS ( 'NONE', 3,
 ( #3399, #6240, #4520, #3329, #6167, #5654, #3473, #546, #2834, #1141, #35, #1063, #5687, #2870, #5017, #5083, #472, #7372, #2242, #1657, #2278, #578, #2728, #5118, #3998, #4557, #6834, #1731, #6278, #1172, #3435, #5157, #75, #2315, #6869, #6313, #1209, #1767, #4034, #6950, #4703, #4147, #5874, #5947, #7153, #2538, #3779, #5425, #4347, #6617, #398, #4941, #3811, #6682, #978, #1986, #2266, #7294, #2718, #6193, #5644, #5071, #4512, #3951, #5826, #4102, #6898, #3502 ),
 .UNSPECIFIED., .F., .F.,
 ( 4, 2, 2, 2, 2, 2, 2, 2, 2, 2, 2, 2, 2, 2, 2, 2, 2, 2, 2, 2, 2, 2, 2, 2, 2, 2, 2, 2, 2, 2, 2, 2, 2, 4 ),
 ( 0.000000000000000000, 0.03125000000000066613, 0.06250000000000133227, 0.09375000000000199840, 0.1093750000000022898, 0.1250000000000025813, 0.1875000000000017486, 0.2031250000000016931, 0.2187500000000016376, 0.2500000000000015543, 0.2812500000000014433, 0.3125000000000013323, 0.3437500000000012212, 0.3750000000000011102, 0.4062500000000009992, 0.4375000000000008882, 0.4687500000000008327, 0.5000000000000007772, 0.5625000000000006661, 0.5937500000000006661, 0.6250000000000006661, 0.6562500000000006661, 0.6875000000000006661, 0.7187500000000006661, 0.7500000000000006661, 0.7812500000000005551, 0.7968750000000001110, 0.8124999999999996669, 0.8749999999999995559, 0.8906249999999994449, 0.9062499999999993339, 0.9218749999999992228, 0.9374999999999991118, 1.000000000000000000 ),
 .UNSPECIFIED. ) ;
#869 = CARTESIAN_POINT ( 'NONE',  ( -11.38737894735862888, 38.98616012975386980, -2.231650263030903858 ) ) ;
#870 = ORIENTED_EDGE ( 'NONE', *, *, #1087, .T. ) ;
#871 = CARTESIAN_POINT ( 'NONE',  ( -3.656893671946418678, 20.27894690804995292, 13.51401187672898097 ) ) ;
#872 = CARTESIAN_POINT ( 'NONE',  ( 13.29212853965149321, 20.37091121291943807, -2.819983176043900475 ) ) ;
#873 = CARTESIAN_POINT ( 'NONE',  ( 1.420590287010929336E-15, 44.74999999999997868, 11.59999999999999964 ) ) ;
#874 = DIRECTION ( 'NONE',  ( -1.000000000000000000, -2.602085213965214093E-16, 0.000000000000000000 ) ) ;
#875 = VERTEX_POINT ( 'NONE', #4522 ) ;
#876 = CIRCLE ( 'NONE', #3958, 11.85000000000001918 ) ;
#877 = CARTESIAN_POINT ( 'NONE',  ( -3.957568217892915463, 37.55629289226025236, -12.77890952824531112 ) ) ;
#878 = CARTESIAN_POINT ( 'NONE',  ( 4.161640446266047455, 20.73787256285864800, -13.36730899654235394 ) ) ;
#879 = CARTESIAN_POINT ( 'NONE',  ( -7.248350998202448103, 8.489965785801214082, -9.057485678712190236 ) ) ;
#880 = CARTESIAN_POINT ( 'NONE',  ( 3.970225590749234090, 37.55666025230199523, -10.90114756847775546 ) ) ;
#881 = AXIS2_PLACEMENT_3D ( 'NONE', #1268, #1123, #7303 ) ;
#882 = CARTESIAN_POINT ( 'NONE',  ( 0.000000000000000000, 45.00000000000000000, 0.000000000000000000 ) ) ;
#883 = CARTESIAN_POINT ( 'NONE',  ( 13.94600579378791494, 19.42929051964716791, -1.229147378198210516 ) ) ;
#884 = CARTESIAN_POINT ( 'NONE',  ( 13.30750046444178203, 37.54364328727572797, -4.348952208961893717 ) ) ;
#885 =( NAMED_UNIT ( * ) PLANE_ANGLE_UNIT ( ) SI_UNIT ( $, .RADIAN. ) );
#886 = CARTESIAN_POINT ( 'NONE',  ( -13.50004493787834292, 19.49990022742927565, -0.07629025158930580197 ) ) ;
#887 = CARTESIAN_POINT ( 'NONE',  ( -4.482097176783401693, 22.28247455206073724, -12.56757455095477560 ) ) ;
#888 = LINE ( 'NONE', #3152, #2507 ) ;
#889 = EDGE_LOOP ( 'NONE', ( #131, #5333, #7221, #3072, #4207, #2818, #2786 ) ) ;
#890 = CARTESIAN_POINT ( 'NONE',  ( -13.14927442024843884, 38.65638902242589836, -2.779301302188156964 ) ) ;
#891 = CARTESIAN_POINT ( 'NONE',  ( 13.38152319241894084, 38.88697745454848587, -2.398918037948060356 ) ) ;
#892 = CARTESIAN_POINT ( 'NONE',  ( -4.884201991027558698, 23.42694387665677169, 12.38488320632250783 ) ) ;
#893 = PLANE ( 'NONE',  #3127 ) ;
#894 = CARTESIAN_POINT ( 'NONE',  ( -12.61649916012971495, 22.06383561414011396, -4.367017851377802629 ) ) ;
#895 = CARTESIAN_POINT ( 'NONE',  ( 13.61199138530232844, 39.49763667928911559, -0.1591711124455059689 ) ) ;
#896 = CARTESIAN_POINT ( 'NONE',  ( 2.850616527814570755, 20.39140547657298441, -13.13100570689687707 ) ) ;
#897 = CARTESIAN_POINT ( 'NONE',  ( -3.457289114679610975, 38.11214033264197099, 12.95327285072420231 ) ) ;
#898 = ADVANCED_FACE ( 'NONE', ( #1699, #5690 ), #4746, .T. ) ;
#899 = CARTESIAN_POINT ( 'NONE',  ( 4.147428756009148287, 21.70733951986235866, 12.70577230645597844 ) ) ;
#900 = ORIENTED_EDGE ( 'NONE', *, *, #4526, .T. ) ;
#901 = CARTESIAN_POINT ( 'NONE',  ( 3.118840111190871678, 38.40815386690066191, -13.05682688510098721 ) ) ;
#902 = EDGE_LOOP ( 'NONE', ( #4852, #6130, #944, #3311 ) ) ;
#903 = CARTESIAN_POINT ( 'NONE',  ( 13.98648314916357016, 39.67504177022791367, 0.6212513083740771602 ) ) ;
#904 = CARTESIAN_POINT ( 'NONE',  ( -4.958924597476681129, 35.16046506117118753, 12.34890162366671795 ) ) ;
#905 = CARTESIAN_POINT ( 'NONE',  ( -13.47508796812853049, 20.39627562379225267, -3.797799817676465572 ) ) ;
#906 = CARTESIAN_POINT ( 'NONE',  ( -13.61606148701395469, 39.01569977310627735, -3.256440451767158351 ) ) ;
#907 = ADVANCED_FACE ( 'NONE', ( #4151 ), #4001, .T. ) ;
#908 = DIRECTION ( 'NONE',  ( 0.000000000000000000, 0.000000000000000000, 1.000000000000000000 ) ) ;
#909 = VERTEX_POINT ( 'NONE', #113 ) ;
#910 = CARTESIAN_POINT ( 'NONE',  ( -5.654013304805411089, 23.76985327716479546, 12.80751232184684696 ) ) ;
#911 = DIRECTION ( 'NONE',  ( -0.000000000000000000, -1.000000000000000000, -0.000000000000000000 ) ) ;
#912 = CARTESIAN_POINT ( 'NONE',  ( -3.330003931041081167, 20.03109136717094074, -13.59912592970161960 ) ) ;
#913 = ORIENTED_EDGE ( 'NONE', *, *, #2713, .F. ) ;
#914 = CARTESIAN_POINT ( 'NONE',  ( -4.916807255293307755, 35.40926059255255609, -12.36925077361445169 ) ) ;
#915 = CARTESIAN_POINT ( 'NONE',  ( -4.108199442731418571, 21.64880528583395147, -12.72129217169052140 ) ) ;
#916 = CARTESIAN_POINT ( 'NONE',  ( -12.36932284729519083, 35.41007213388421349, 4.916655703749114537 ) ) ;
#917 = CARTESIAN_POINT ( 'NONE',  ( -5.191492415451519626, 36.78494310632414965, -13.00208960656679480 ) ) ;
#918 = CARTESIAN_POINT ( 'NONE',  ( 13.82373690275107414, 39.24400345441652149, -2.220627992855717991 ) ) ;
#919 = CARTESIAN_POINT ( 'NONE',  ( 0.000000000000000000, 45.00000000000000000, -14.00000000000000000 ) ) ;
#920 = CARTESIAN_POINT ( 'NONE',  ( -3.144364604777628358, 20.61244395044826661, -13.04939739921388586 ) ) ;
#921 = CARTESIAN_POINT ( 'NONE',  ( -5.000000000000007105, 34.49999999999998579, -22.79802623035600462 ) ) ;
#922 = DIRECTION ( 'NONE',  ( 0.000000000000000000, 0.000000000000000000, -1.000000000000000000 ) ) ;
#923 = ORIENTED_EDGE ( 'NONE', *, *, #6215, .F. ) ;
#924 = CARTESIAN_POINT ( 'NONE',  ( -12.71128555222541046, 37.31330971622563908, -4.133445250817368688 ) ) ;
#925 = CARTESIAN_POINT ( 'NONE',  ( 13.31686150315691819, 38.70204582993469700, -2.711112597026088089 ) ) ;
#926 = CARTESIAN_POINT ( 'NONE',  ( 5.961446130317717085, 11.07587427620595300, -9.955923640727300850 ) ) ;
#927 = CARTESIAN_POINT ( 'NONE',  ( -13.70459566326727163, 19.74119051866240326, 2.865612804464177543 ) ) ;
#928 = CARTESIAN_POINT ( 'NONE',  ( -13.27809444954818474, 20.01778681491129319, -2.217311639041223525 ) ) ;
#929 = CARTESIAN_POINT ( 'NONE',  ( 13.19713026914141984, 38.33814904649121758, -3.204726686392886492 ) ) ;
#930 = CARTESIAN_POINT ( 'NONE',  ( -0.9061354478495931009, 19.58210136607288376, -13.46344926528098185 ) ) ;
#931 = CARTESIAN_POINT ( 'NONE',  ( 4.583384843358182081, 22.50175850302787239, 12.52322511533069793 ) ) ;
#932 = ORIENTED_EDGE ( 'NONE', *, *, #3898, .T. ) ;
#933 = PRODUCT_DEFINITION_CONTEXT ( 'detailed design', #1545, 'design' ) ;
#934 = CARTESIAN_POINT ( 'NONE',  ( 4.309277088797536237, 37.03609476818844826, -12.64046198785077557 ) ) ;
#935 = CARTESIAN_POINT ( 'NONE',  ( 14.00001861940574521, 39.70952482528041116, -0.03780126326412042159 ) ) ;
#936 = CARTESIAN_POINT ( 'NONE',  ( -2.440414124868621304, 38.86474063228447307, 13.23065092072204862 ) ) ;
#937 = CARTESIAN_POINT ( 'NONE',  ( -12.88335488816707475, 22.96898268389843878, -5.479055640880970302 ) ) ;
#938 = CARTESIAN_POINT ( 'NONE',  ( -13.32778963560511087, 38.12941487504220106, -4.286517685944692957 ) ) ;
#939 = DIRECTION ( 'NONE',  ( -0.5443312118026710777, 0.000000000000000000, -0.8388703903806807860 ) ) ;
#940 = ORIENTED_EDGE ( 'NONE', *, *, #2745, .F. ) ;
#941 = CARTESIAN_POINT ( 'NONE',  ( 13.50898797941611029, 19.76675230879685330, 1.613416999200580459 ) ) ;
#942 = CARTESIAN_POINT ( 'NONE',  ( -1.003394321277599310, 13.94925776874201873, 13.97262893274758611 ) ) ;
#943 = CARTESIAN_POINT ( 'NONE',  ( -1.304117591173080237, 19.14262949453454254, -13.94035396117776138 ) ) ;
#944 = ORIENTED_EDGE ( 'NONE', *, *, #4497, .T. ) ;
#945 = ADVANCED_FACE ( 'NONE', ( #4706 ), #6166, .T. ) ;
#946 = CARTESIAN_POINT ( 'NONE',  ( -4.582997241949461120, 36.50053890437310145, -12.52344162748949152 ) ) ;
#947 = CARTESIAN_POINT ( 'NONE',  ( -4.442776316276333404, 22.20471917822503016, -12.58446503268414673 ) ) ;
#948 = CARTESIAN_POINT ( 'NONE',  ( 3.963644716955024627, 37.54896656852456971, -12.77667996410927920 ) ) ;
#949 = CARTESIAN_POINT ( 'NONE',  ( -5.665867317136195069, 35.13900560235826021, -12.80226754374839260 ) ) ;
#950 = CARTESIAN_POINT ( 'NONE',  ( -3.310127655427908877, 20.73875090997718829, 11.12026424643223699 ) ) ;
#951 = CARTESIAN_POINT ( 'NONE',  ( -12.78545152826161768, 24.50000000000001421, 5.703703114510133787 ) ) ;
#952 = EDGE_CURVE ( 'NONE', #3741, #2475, #1300, .T. ) ;
#953 = LINE ( 'NONE', #4354, #861 ) ;
#954 = DIRECTION ( 'NONE',  ( 0.000000000000000000, -8.673617379884041635E-17, 1.000000000000000000 ) ) ;
#955 = CARTESIAN_POINT ( 'NONE',  ( -18.50000000000000000, 4.000000000000000000, 2.250000000000015987 ) ) ;
#956 = CARTESIAN_POINT ( 'NONE',  ( 12.73880628985305385, 22.55555946619944763, -4.606473768639173016 ) ) ;
#957 = CARTESIAN_POINT ( 'NONE',  ( 1.310262428491203002, 19.66354468289867441, -11.53030089901728239 ) ) ;
#958 = VERTEX_POINT ( 'NONE', #1788 ) ;
#959 = CARTESIAN_POINT ( 'NONE',  ( -12.54479730383369507, 36.60731881545468269, -4.534408557202098677 ) ) ;
#960 = CARTESIAN_POINT ( 'NONE',  ( 13.56814831298772184, 39.38658463092747297, -1.059690452722849674 ) ) ;
#961 = CARTESIAN_POINT ( 'NONE',  ( -5.703703114510189742, 34.49999999999998579, -12.78545152826159637 ) ) ;
#962 = CARTESIAN_POINT ( 'NONE',  ( -13.39399478054642856, 19.74142468105186765, -1.535452211095236663 ) ) ;
#963 = CARTESIAN_POINT ( 'NONE',  ( 12.60613227855022878, 35.32735929232021732, -4.931248163703846110 ) ) ;
#964 = CARTESIAN_POINT ( 'NONE',  ( 4.191937188881241561, 21.77447711823870691, -12.68809945276672124 ) ) ;
#965 = CARTESIAN_POINT ( 'NONE',  ( -1.387849626182596996, 39.30370817498967284, 13.41347779377232818 ) ) ;
#966 = CARTESIAN_POINT ( 'NONE',  ( 3.503917043201044468, 20.93311135124939071, 12.93809792143995807 ) ) ;
#967 = ORIENTED_EDGE ( 'NONE', *, *, #3259, .T. ) ;
#968 = CARTESIAN_POINT ( 'NONE',  ( -4.325913785942441692, 37.00859462435337832, 12.63364745731745487 ) ) ;
#969 = CARTESIAN_POINT ( 'NONE',  ( -13.98499269927931543, 39.96438889897547853, 0.6548938153535753814 ) ) ;
#970 = CARTESIAN_POINT ( 'NONE',  ( -5.703703114510179084, 45.00000000000000000, 12.78545152826159992 ) ) ;
#971 = EDGE_LOOP ( 'NONE', ( #2910, #7174, #2720, #3282 ) ) ;
#972 = VECTOR ( 'NONE', #4744, 1000.000000000000000 ) ;
#973 = CIRCLE ( 'NONE', #5252, 14.99999999999998757 ) ;
#974 = CARTESIAN_POINT ( 'NONE',  ( 12.78137704692133525, 22.31308749550719028, 4.496562282723019166 ) ) ;
#975 = CARTESIAN_POINT ( 'NONE',  ( -3.867683513282032415, 37.66876260339834204, -12.81209070267155248 ) ) ;
#976 = CARTESIAN_POINT ( 'NONE',  ( -4.645523755975109914, 22.64911222766746945, -12.49554036372534682 ) ) ;
#977 = CIRCLE ( 'NONE', #276, 11.59999999999999964 ) ;
#978 = CARTESIAN_POINT ( 'NONE',  ( -13.19405093482077262, 37.64257655804162539, 4.681889783449454612 ) ) ;
#979 = CARTESIAN_POINT ( 'NONE',  ( 2.854672119489175319, 38.60518196820858350, -13.12977379352218144 ) ) ;
#980 = EDGE_CURVE ( 'NONE', #3954, #1485, #5141, .T. ) ;
#981 = CARTESIAN_POINT ( 'NONE',  ( 12.76039431520183065, 22.42811378026919655, 4.551255670532222908 ) ) ;
#982 = CARTESIAN_POINT ( 'NONE',  ( -5.551181107128947190, 35.76664254145197930, -12.85243243397811241 ) ) ;
#983 = CARTESIAN_POINT ( 'NONE',  ( 13.82286360204871478, 19.75877314686182729, 2.220383302429847383 ) ) ;
#984 = CARTESIAN_POINT ( 'NONE',  ( -4.241452426879098070, 21.84737630448524470, 10.79719713559870975 ) ) ;
#985 = CARTESIAN_POINT ( 'NONE',  ( 13.10604790306316936, 38.03890194756235132, 3.532163888553053077 ) ) ;
#986 = AXIS2_PLACEMENT_3D ( 'NONE', #2607, #2486, #1980 ) ;
#987 = CARTESIAN_POINT ( 'NONE',  ( 5.703703114510183525, 34.50000000000000000, -12.78545152826159992 ) ) ;
#988 = VERTEX_POINT ( 'NONE', #6226 ) ;
#989 = CARTESIAN_POINT ( 'NONE',  ( 7.499999999999991118, 3.499999999999982236, 13.56465996626474713 ) ) ;
#990 = LINE ( 'NONE', #3328, #1208 ) ;
#991 = DIRECTION ( 'NONE',  ( 1.206107350727848108E-16, -0.000000000000000000, 1.000000000000000000 ) ) ;
#992 = CARTESIAN_POINT ( 'NONE',  ( 12.80091870326708658, 22.20932223122719762, -4.445224425914658717 ) ) ;
#993 = AXIS2_PLACEMENT_3D ( 'NONE', #2725, #543, #4979 ) ;
#994 = ADVANCED_FACE ( 'NONE', ( #2262 ), #5326, .T. ) ;
#995 = VERTEX_POINT ( 'NONE', #3758 ) ;
#996 = CARTESIAN_POINT ( 'NONE',  ( 13.30792843375263423, 38.67566756895943314, 2.750318211689961156 ) ) ;
#997 = CARTESIAN_POINT ( 'NONE',  ( -12.87240545980508166, 23.05702867226560215, -5.504708053755432928 ) ) ;
#998 = CARTESIAN_POINT ( 'NONE',  ( -12.84522969830538841, 21.22221119651793941, -3.775778906616342745 ) ) ;
#999 = CIRCLE ( 'NONE', #5767, 1.750000000000000000 ) ;
#1000 = CARTESIAN_POINT ( 'NONE',  ( 12.59800497780949868, 35.20415549282379430, -4.950342560963529870 ) ) ;
#1001 = CARTESIAN_POINT ( 'NONE',  ( 4.908659418205138181, 23.54779924260057200, -12.37316557604062872 ) ) ;
#1002 = CARTESIAN_POINT ( 'NONE',  ( -0.9071277291646655527, 39.41769880281741223, 13.46336086142496136 ) ) ;
#1003 = CARTESIAN_POINT ( 'NONE',  ( 13.60980759048603694, 19.50782483093328779, 0.3253243664360694343 ) ) ;
#1004 = CARTESIAN_POINT ( 'NONE',  ( 0.5063422316147486724, 13.99999999999999467, -13.99999999999999822 ) ) ;
#1005 = CARTESIAN_POINT ( 'NONE',  ( 3.730638598652893378, 21.17073950728273601, 12.86119116937086027 ) ) ;
#1006 = ORIENTED_EDGE ( 'NONE', *, *, #7101, .T. ) ;
#1007 = CARTESIAN_POINT ( 'NONE',  ( 4.885899535055101772, 35.56284606240986790, -12.38406334771550910 ) ) ;
#1008 = CARTESIAN_POINT ( 'NONE',  ( 13.94600579378791316, 39.57070948035283919, 1.229147378198214957 ) ) ;
#1009 = CARTESIAN_POINT ( 'NONE',  ( 12.98134409984495719, 35.57447187177390191, -5.242594326256105219 ) ) ;
#1010 = CARTESIAN_POINT ( 'NONE',  ( -3.303421593126051548, 38.25680065245958161, 13.00253733355233621 ) ) ;
#1011 = CARTESIAN_POINT ( 'NONE',  ( -7.499999999999991118, 3.499999999999985789, 13.56465996625054693 ) ) ;
#1012 = ORIENTED_EDGE ( 'NONE', *, *, #5771, .F. ) ;
#1013 = CARTESIAN_POINT ( 'NONE',  ( 12.63377259621424464, 23.34799524492228429, 4.865653447303390777 ) ) ;
#1014 = CARTESIAN_POINT ( 'NONE',  ( -9.499999999999994671, 4.000000000000000000, -19.84313483298443970 ) ) ;
#1015 = FACE_OUTER_BOUND ( 'NONE', #752, .T. ) ;
#1016 = CARTESIAN_POINT ( 'NONE',  ( -4.931326442106517938, 35.32690261352529149, -12.36225651903525069 ) ) ;
#1017 = CARTESIAN_POINT ( 'NONE',  ( 4.198745285886900547, 37.21609091490676491, -12.68547047897265934 ) ) ;
#1018 = EDGE_LOOP ( 'NONE', ( #2111, #4289, #1006, #967 ) ) ;
#1019 = CARTESIAN_POINT ( 'NONE',  ( 12.66439529037253386, 23.07187263320586723, 4.791751958618283069 ) ) ;
#1020 = CARTESIAN_POINT ( 'NONE',  ( -2.025124997333792365, 39.64483907613048785, -13.85386866907779968 ) ) ;
#1021 = CARTESIAN_POINT ( 'NONE',  ( 13.98648314916357016, 19.32495822977210054, -0.6212513083740747177 ) ) ;
#1022 = CARTESIAN_POINT ( 'NONE',  ( 13.04998742826938773, 36.19370955959047365, -5.069608290756712599 ) ) ;
#1023 = CARTESIAN_POINT ( 'NONE',  ( -9.499999999999991118, 3.499999999999985789, 19.84313483298443970 ) ) ;
#1024 = FACE_OUTER_BOUND ( 'NONE', #3909, .T. ) ;
#1025 = DIRECTION ( 'NONE',  ( 0.000000000000000000, 0.000000000000000000, -1.000000000000000000 ) ) ;
#1026 = DIRECTION ( 'NONE',  ( 0.000000000000000000, 1.000000000000000000, 0.000000000000000000 ) ) ;
#1027 = EDGE_CURVE ( 'NONE', #738, #5410, #2734, .T. ) ;
#1028 = CARTESIAN_POINT ( 'NONE',  ( -7.500000000000000000, 0.000000000000000000, -59.57475013247809414 ) ) ;
#1029 = CARTESIAN_POINT ( 'NONE',  ( 12.71073209689544825, 22.73135617086396465, -4.677464555866403195 ) ) ;
#1030 = ORIENTED_EDGE ( 'NONE', *, *, #5734, .T. ) ;
#1031 = CARTESIAN_POINT ( 'NONE',  ( -7.499999999999991118, 45.00000000000000000, 11.82159041753689444 ) ) ;
#1032 = CARTESIAN_POINT ( 'NONE',  ( -12.86033923434662718, 21.17362452388697136, -3.733008689873411168 ) ) ;
#1033 = CARTESIAN_POINT ( 'NONE',  ( -12.32984480898545776, 34.66600659213109736, 4.997936797311525403 ) ) ;
#1034 = CARTESIAN_POINT ( 'NONE',  ( 3.717935608083954069, 21.15678560351023307, -12.86562106100426384 ) ) ;
#1035 = EDGE_CURVE ( 'NONE', #4067, #4104, #4677, .T. ) ;
#1036 = CARTESIAN_POINT ( 'NONE',  ( -2.610263671726355206, 38.76476014875694887, 13.19117405389800446 ) ) ;
#1037 = CARTESIAN_POINT ( 'NONE',  ( 13.53731409827290477, 19.69279609614227056, 1.377577071631044037 ) ) ;
#1038 = CARTESIAN_POINT ( 'NONE',  ( 12.57669683062198906, 24.49999999999998224, 5.000000000000000000 ) ) ;
#1039 = CARTESIAN_POINT ( 'NONE',  ( 3.010043406646112807, 20.50734482982989348, 13.08770708899369239 ) ) ;
#1040 = B_SPLINE_CURVE_WITH_KNOTS ( 'NONE', 3,
 ( #3310, #2193, #4473, #6186, #1085, #1785, #6851, #1269, #3533, #1126, #2817, #6929, #5821, #1675, #2785, #597, #4056, #5138, #6780, #1748, #5066, #4538, #4575, #93, #3418, #4095, #3494, #5705, #1233, #6224, #6371, #59, #7356, #2228, #4506, #3943, #2853, #3383, #2368, #5671, #1190, #2298, #1156, #2333, #4016, #562, #5787, #5102, #6338, #6814, #19, #3453, #2260, #670, #1716, #6296, #3980, #635, #6261, #5746, #6890, #129, #2894, #5176, #4610, #2932, #4647, #5212, #1381, #3038, #5247, #4132, #1925, #2474, #3002, #6553, #5855, #5890, #3725, #776, #5324, #5363, #3602, #238, #2966, #165, #4244, #1853, #2402, #7092, #4764, #4206, #1968, #6481, #6970, #6517, #7049, #1458, #700, #1302, #5289, #2561, #3641, #4849, #5406, #4686, #4167, #3566, #817, #200, #5931, #2437, #3081, #272, #1341, #7135, #1419, #2518, #3679, #4723, #2007, #3124, #7007, #1887, #6436, #4808, #5966, #856, #311, #4285, #3269, #1530, #4367, #5565, #5524, #4467, #1605, #7173, #7280, #2630, #4330, #5029, #1039, #7212, #345, #452, #4962, #4926, #3304, #6705, #3869, #5594, #6667, #6637, #2045, #2187, #483, #3798, #1561, #966, #3163, #6740, #380, #2086, #1005, #6078, #2120, #6145, #2704, #2739, #6108, #1636, #6009, #4994, #2673, #3762, #3233, #899, #5444, #4433, #2597, #7246, #419, #4399, #3833, #4886, #6598, #2151, #1494, #6044, #931, #3198, #5486, #6921, #6805, #6290, #591, #3447, #3342, #1741, #6326, #2288, #6177, #1075, #3410, #3900, #2222, #4603, #10, #556, #5700 ),
 .UNSPECIFIED., .F., .F.,
 ( 4, 2, 2, 1, 2, 2, 1, 1, 2, 2, 2, 1, 2, 2, 2, 1, 1, 2, 2, 2, 1, 1, 2, 2, 2, 1, 1, 1, 2, 2, 2, 1, 2, 2, 1, 1, 2, 2, 2, 1, 1, 1, 2, 2, 2, 1, 1, 2, 2, 2, 1, 2, 2, 2, 1, 2, 2, 1, 2, 2, 1, 2, 2, 2, 2, 2, 2, 2, 2, 1, 2, 2, 1, 1, 2, 2, 2, 1, 2, 2, 2, 1, 1, 2, 2, 2, 1, 1, 2, 2, 1, 1, 1, 2, 2, 2, 1, 2, 2, 2, 1, 1, 2, 2, 2, 1, 1, 2, 2, 2, 1, 1, 2, 2, 2, 1, 2, 2, 2, 2, 2, 1, 2, 2, 2, 2, 4 ),
 ( 0.000000000000000000, 0.01562499999999666933, 0.03124999999999333866, 0.04687499999999000799, 0.05468749999998832878, 0.06249999999998664957, 0.07812499999998394340, 0.08593749999998259725, 0.08984374999998187561, 0.09374999999998115396, 0.1093749999999763106, 0.1171874999999736322, 0.1210937499999726191, 0.1249999999999716060, 0.1406249999999672484, 0.1484374999999650280, 0.1523437499999642508, 0.1542968749999635847, 0.1562499999999629186, 0.1718749999999577283, 0.1796874999999551192, 0.1835937499999538702, 0.1855468749999532874, 0.1874999999999527045, 0.2031249999999498457, 0.2109374999999484024, 0.2148437499999476807, 0.2167968749999472922, 0.2177734374999471534, 0.2187499999999469869, 0.2265624999999442113, 0.2304687499999430733, 0.2324218749999426570, 0.2343749999999422406, 0.2421874999999404643, 0.2460937499999397426, 0.2480468749999394096, 0.2499999999999390765, 0.2656249999999356071, 0.2734374999999336087, 0.2773437499999327760, 0.2792968749999326095, 0.2802734374999327205, 0.2812499999999328315, 0.2968749999999346079, 0.3046874999999355516, 0.3085937499999359956, 0.3105468749999362177, 0.3124999999999364952, 0.3281249999999376055, 0.3359374999999379940, 0.3398437499999380496, 0.3437499999999381051, 0.3593749999999380496, 0.3671874999999380496, 0.3710937499999379940, 0.3749999999999379385, 0.3906249999999381606, 0.3984374999999382716, 0.4062499999999383826, 0.4218749999999384936, 0.4296874999999386602, 0.4374999999999388267, 0.4531249999999392153, 0.4687499999999396039, 0.4999999999999403810, 0.5312499999999411582, 0.5468749999999416023, 0.5624999999999420464, 0.5781249999999424904, 0.5859374999999427125, 0.5937499999999429345, 0.6093749999999436007, 0.6171874999999438227, 0.6210937499999439337, 0.6249999999999441558, 0.6406249999999447109, 0.6484374999999452660, 0.6523437499999454880, 0.6562499999999458211, 0.6718749999999465983, 0.6796874999999469313, 0.6835937499999468203, 0.6855468749999470424, 0.6874999999999471534, 0.7031249999999505951, 0.7109374999999522604, 0.7148437499999532596, 0.7167968749999538147, 0.7187499999999542588, 0.7265624999999551470, 0.7304687499999554801, 0.7324218749999557021, 0.7333984374999558131, 0.7343749999999559241, 0.7421874999999573674, 0.7460937499999578115, 0.7480468749999583666, 0.7499999999999588107, 0.7656249999999596989, 0.7734374999999601430, 0.7773437499999600320, 0.7792968749999600320, 0.7812499999999599209, 0.7968749999999602540, 0.8046874999999606981, 0.8085937499999611422, 0.8105468749999614753, 0.8124999999999616973, 0.8281249999999631406, 0.8359374999999638067, 0.8398437499999641398, 0.8417968749999644729, 0.8437499999999646949, 0.8593749999999698019, 0.8671874999999726885, 0.8710937499999737987, 0.8749999999999750200, 0.8906249999999783507, 0.8984374999999797939, 0.9062499999999812372, 0.9218749999999840128, 0.9296874999999856781, 0.9374999999999873435, 0.9531249999999906741, 0.9687499999999940048, 1.000000000000000000 ),
 .UNSPECIFIED. ) ;
#1041 = CARTESIAN_POINT ( 'NONE',  ( 2.820922919498016324, 20.37155344778729216, 13.13859881270513341 ) ) ;
#1042 = CARTESIAN_POINT ( 'NONE',  ( 4.147428755995079541, 37.29266048015864499, -12.70577230646099309 ) ) ;
#1043 = CARTESIAN_POINT ( 'NONE',  ( 12.57669683062197663, 34.49999999999999289, 5.000000000000000888 ) ) ;
#1044 = CARTESIAN_POINT ( 'NONE',  ( 1.301616152408246574, 39.33039401446479388, 13.42498538109131445 ) ) ;
#1045 = CARTESIAN_POINT ( 'NONE',  ( -3.549106390198408789, 38.80645148595795035, -13.54287147602694752 ) ) ;
#1046 = DIRECTION ( 'NONE',  ( 0.000000000000000000, 1.000000000000000000, 0.000000000000000000 ) ) ;
#1047 = EDGE_LOOP ( 'NONE', ( #1420, #5609 ) ) ;
#1048 = CARTESIAN_POINT ( 'NONE',  ( 12.74831836622718662, 22.49767718597515653, 4.582282521465130820 ) ) ;
#1049 = DIRECTION ( 'NONE',  ( 0.000000000000000000, 0.000000000000000000, -1.000000000000000000 ) ) ;
#1050 = CARTESIAN_POINT ( 'NONE',  ( -2.814150084817230280, 38.63287389800740357, -13.14030203583758727 ) ) ;
#1051 = CARTESIAN_POINT ( 'NONE',  ( 3.910139247181129818, 37.61635635800293187, 12.79650896793167369 ) ) ;
#1052 = CARTESIAN_POINT ( 'NONE',  ( 4.645523755975101032, 36.35088777233253410, -12.49554036372535215 ) ) ;
#1053 = ORIENTED_EDGE ( 'NONE', *, *, #7257, .T. ) ;
#1054 = CARTESIAN_POINT ( 'NONE',  ( 12.81276942718058720, 22.15021249537577219, 4.413457920760030184 ) ) ;
#1055 = DIRECTION ( 'NONE',  ( -2.602085213965210149E-16, 1.000000000000000000, 0.000000000000000000 ) ) ;
#1056 = CARTESIAN_POINT ( 'NONE',  ( 13.90322995435352382, 19.54154903321113323, 1.645399486429017566 ) ) ;
#1057 = CARTESIAN_POINT ( 'NONE',  ( 4.837049466821842003, 23.19192968162786173, 10.54362685303157399 ) ) ;
#1058 = CARTESIAN_POINT ( 'NONE',  ( 13.03597401399681743, 37.79198141105021591, 3.763575386378393617 ) ) ;
#1059 = CARTESIAN_POINT ( 'NONE',  ( 11.19429426029311969, 20.52755046631800795, 3.053625481271333264 ) ) ;
#1060 = CARTESIAN_POINT ( 'NONE',  ( 8.000000000000005329, 4.000000000000000000, 12.68857754044950248 ) ) ;
#1061 = B_SPLINE_CURVE_WITH_KNOTS ( 'NONE', 3,
 ( #5692, #3374, #585, #4493 ),
 .UNSPECIFIED., .F., .F.,
 ( 4, 4 ),
 ( 0.000000000000000000, 1.000000000000000000 ),
 .UNSPECIFIED. ) ;
#1062 = CARTESIAN_POINT ( 'NONE',  ( -5.703697540710780167, 24.31619618223387036, -12.78545144272252188 ) ) ;
#1063 = CARTESIAN_POINT ( 'NONE',  ( -13.03079414835592331, 36.94847091778134995, -5.120752947946929368 ) ) ;
#1064 = CARTESIAN_POINT ( 'NONE',  ( 13.01086021937194381, 21.30097027893249617, -3.842700713261288037 ) ) ;
#1065 = ORIENTED_EDGE ( 'NONE', *, *, #6223, .T. ) ;
#1066 = CARTESIAN_POINT ( 'NONE',  ( -4.161640446266074989, 38.26212743714136622, -13.36730899654234506 ) ) ;
#1067 = CARTESIAN_POINT ( 'NONE',  ( 1.310262428491204556, 39.33645531710132559, 11.53030089901728417 ) ) ;
#1068 = CARTESIAN_POINT ( 'NONE',  ( 13.39087335187358185, 38.91317971739744053, 2.350364954371132242 ) ) ;
#1069 = CARTESIAN_POINT ( 'NONE',  ( 7.499999999999991118, 4.669203747859699050, 12.21334375751844981 ) ) ;
#1070 = CARTESIAN_POINT ( 'NONE',  ( -12.91828201975141432, 20.99294333257871159, -3.563797875099077306 ) ) ;
#1071 = CARTESIAN_POINT ( 'NONE',  ( -13.81329475549791752, 19.45793212523122762, -2.280491854602139323 ) ) ;
#1072 = CARTESIAN_POINT ( 'NONE',  ( 12.61552439229115841, 35.45010793194123977, -4.909074137059397991 ) ) ;
#1073 = CARTESIAN_POINT ( 'NONE',  ( 3.549617570061636584, 20.97859163552783812, -12.92300924958956010 ) ) ;
#1074 = CARTESIAN_POINT ( 'NONE',  ( 13.38447185114954152, 20.10474401987381299, 2.383731390645710491 ) ) ;
#1075 = CARTESIAN_POINT ( 'NONE',  ( 4.894093393222556543, 23.47551211076737587, 12.38014579233027135 ) ) ;
#1076 = CARTESIAN_POINT ( 'NONE',  ( -13.14597342985909911, 38.64775131877173209, 2.792180702841125850 ) ) ;
#1077 = EDGE_CURVE ( 'NONE', #1799, #1310, #973, .T. ) ;
#1078 = CARTESIAN_POINT ( 'NONE',  ( 3.810532272350982463, 21.26172592848600473, 12.83293348860772021 ) ) ;
#1079 = LINE ( 'NONE', #5741, #3240 ) ;
#1080 = CARTESIAN_POINT ( 'NONE',  ( 13.14479926712476932, 36.77853430715776994, -4.818158573966035085 ) ) ;
#1081 = CARTESIAN_POINT ( 'NONE',  ( 0.07629025158929612915, 39.50009977257073501, 13.50004493787831805 ) ) ;
#1083 = CARTESIAN_POINT ( 'NONE',  ( 13.01205890514498797, 21.29639113085729107, 3.839017634474247931 ) ) ;
#1082 = B_SPLINE_CURVE_WITH_KNOTS ( 'NONE', 3,
 ( #1945, #6458, #5267, #5304 ),
 .UNSPECIFIED., .F., .F.,
 ( 4, 4 ),
 ( 0.000000000000000000, 1.000000000000000000 ),
 .UNSPECIFIED. ) ;
#1084 = CARTESIAN_POINT ( 'NONE',  ( 4.738029291366757434, 22.87017117674693623, -10.58913083692367785 ) ) ;
#1085 = CARTESIAN_POINT ( 'NONE',  ( -4.983264626887132565, 24.08307934483618240, 12.33702870230512971 ) ) ;
#1086 = ORIENTED_EDGE ( 'NONE', *, *, #1131, .T. ) ;
#1087 = EDGE_CURVE ( 'NONE', #2235, #2261, #5760, .T. ) ;
#1088 = CARTESIAN_POINT ( 'NONE',  ( 13.60170568132270041, 19.52822645641848354, 0.5321587507597127509 ) ) ;
#1089 = CARTESIAN_POINT ( 'NONE',  ( 7.248350998202443662, 8.489965785801212306, 9.057485678712190236 ) ) ;
#1090 = CIRCLE ( 'NONE', #1330, 11.59999999999999964 ) ;
#1091 = CARTESIAN_POINT ( 'NONE',  ( -12.78545152826161946, 45.00000000000000000, -5.703703114510132011 ) ) ;
#1092 = VECTOR ( 'NONE', #183, 1000.000000000000000 ) ;
#1093 = CARTESIAN_POINT ( 'NONE',  ( -13.10156010981403085, 21.74054615270769730, 4.934745586796449146 ) ) ;
#1094 = CARTESIAN_POINT ( 'NONE',  ( 4.997936797311854029, 34.66600659212108582, 12.32984480898539559 ) ) ;
#1095 = CARTESIAN_POINT ( 'NONE',  ( -5.701314620220789386, 34.68359867059581347, -12.78651784332038233 ) ) ;
#1096 = VECTOR ( 'NONE', #2659, 1000.000000000000000 ) ;
#1097 = CIRCLE ( 'NONE', #7183, 1.499999999999984013 ) ;
#1098 = ORIENTED_EDGE ( 'NONE', *, *, #1077, .F. ) ;
#1099 = CARTESIAN_POINT ( 'NONE',  ( 12.66700930848046447, 23.05068657135172216, 4.785381884135778030 ) ) ;
#1100 = DIRECTION ( 'NONE',  ( 0.7071067811865473507, 0.7071067811865476838, -8.528466865386027644E-17 ) ) ;
#1101 = CARTESIAN_POINT ( 'NONE',  ( 13.87688367558154923, 19.61186196403409454, 1.853063449583052691 ) ) ;
#1102 = CARTESIAN_POINT ( 'NONE',  ( -5.703703114510191519, 24.50000000000001421, -12.78545152826159637 ) ) ;
#1103 = CARTESIAN_POINT ( 'NONE',  ( 13.08288553789121167, 37.95905389310785694, 3.610401152266070834 ) ) ;
#1104 = CARTESIAN_POINT ( 'NONE',  ( 10.54350258727023615, 23.19299428079994030, -4.837318589981705941 ) ) ;
#1105 = VECTOR ( 'NONE', #7304, 1000.000000000000000 ) ;
#1106 = CARTESIAN_POINT ( 'NONE',  ( 4.997906189854685266, 24.33309210315398019, -12.32985669532616946 ) ) ;
#1107 = CARTESIAN_POINT ( 'NONE',  ( -4.718749163087863074, 22.84618619538718676, -12.46225512916087474 ) ) ;
#1108 = CARTESIAN_POINT ( 'NONE',  ( 12.74153168056870200, 22.53919547638539811, -4.599525210590642565 ) ) ;
#1109 = DIRECTION ( 'NONE',  ( 1.000000000000000000, -0.000000000000000000, -0.000000000000000000 ) ) ;
#1110 = CARTESIAN_POINT ( 'NONE',  ( 13.58043044190942794, 39.41792772645593601, 0.9058736229400199402 ) ) ;
#1111 = CARTESIAN_POINT ( 'NONE',  ( 7.499999999999991118, 4.000000000000000000, 12.99038105676657118 ) ) ;
#1112 = CARTESIAN_POINT ( 'NONE',  ( -13.47028253313982837, 19.56666578740921381, -0.8179480078013533495 ) ) ;
#1113 = CARTESIAN_POINT ( 'NONE',  ( -12.80751232184684696, 23.76985327716480256, -5.654013304805387996 ) ) ;
#1114 = CARTESIAN_POINT ( 'NONE',  ( -12.47580377302356602, 36.23617133232066578, 4.689068714747567590 ) ) ;
#1115 = CARTESIAN_POINT ( 'NONE',  ( 3.563797875099082635, 20.99294333257871159, -12.91828201975198631 ) ) ;
#1116 = CIRCLE ( 'NONE', #742, 14.99999999999998757 ) ;
#1117 = DIRECTION ( 'NONE',  ( -0.7071067811865510144, 0.000000000000000000, -0.7071067811865440200 ) ) ;
#1118 = CARTESIAN_POINT ( 'NONE',  ( -10.97501911028695609, 21.19276876862741332, -3.763820590992039694 ) ) ;
#1119 = CIRCLE ( 'NONE', #4084, 2.250000000000015987 ) ;
#1120 = CARTESIAN_POINT ( 'NONE',  ( -5.190650374805596989, 22.21325350842065660, 13.00242667865682478 ) ) ;
#1121 = CARTESIAN_POINT ( 'NONE',  ( -3.362532949875631783, 13.22178518030323602, 13.59799773826002500 ) ) ;
#1122 = CARTESIAN_POINT ( 'NONE',  ( 12.65872100131005595, 35.88142912227411330, 4.805553660158674134 ) ) ;
#1123 = DIRECTION ( 'NONE',  ( 0.000000000000000000, 1.000000000000000000, -0.000000000000000000 ) ) ;
#1124 = CARTESIAN_POINT ( 'NONE',  ( 13.07497831785087428, 21.06860003308402085, 3.636692184224919355 ) ) ;
#1125 = ADVANCED_FACE ( 'NONE', ( #4309 ), #798, .F. ) ;
#1126 = CARTESIAN_POINT ( 'NONE',  ( -4.908659418199262880, 23.54779924257148949, 12.37316557604407485 ) ) ;
#1127 = ORIENTED_EDGE ( 'NONE', *, *, #2566, .T. ) ;
#1128 = CARTESIAN_POINT ( 'NONE',  ( 12.59116526295032656, 23.91936602779126275, 4.966345494870361144 ) ) ;
#1129 = CARTESIAN_POINT ( 'NONE',  ( 12.57669679574055088, 34.66495937131796978, 5.000000000000003553 ) ) ;
#1130 = CARTESIAN_POINT ( 'NONE',  ( -1.172074580325988435, 39.88281233726794284, 13.95092769689342838 ) ) ;
#1131 = EDGE_CURVE ( 'NONE', #5498, #4507, #5949, .T. ) ;
#1132 = CARTESIAN_POINT ( 'NONE',  ( 4.550670471897206859, 36.57316618829357679, 12.53772155983016567 ) ) ;
#1133 = CARTESIAN_POINT ( 'NONE',  ( -4.057910833832246489, 37.42230818400936698, -12.74082138930238806 ) ) ;
#1134 = VERTEX_POINT ( 'NONE', #836 ) ;
#1135 = CARTESIAN_POINT ( 'NONE',  ( -12.78545152826161768, 24.50000000000001421, 5.703703114510133787 ) ) ;
#1136 = CARTESIAN_POINT ( 'NONE',  ( 13.99319370272607799, 19.30784064423788493, 0.4370645503546118360 ) ) ;
#1137 = DIRECTION ( 'NONE',  ( 0.000000000000000000, 1.000000000000000000, 8.673617379884041635E-17 ) ) ;
#1138 = DIRECTION ( 'NONE',  ( 0.000000000000000000, 0.000000000000000000, 1.000000000000000000 ) ) ;
#1139 = CARTESIAN_POINT ( 'NONE',  ( 4.550245928475914248, 22.42113937268590718, -12.53805450426571078 ) ) ;
#1140 = CARTESIAN_POINT ( 'NONE',  ( -4.521490543381650795, 21.14613706570885299, -13.24989011440864140 ) ) ;
#1141 = CARTESIAN_POINT ( 'NONE',  ( -12.94417618471814713, 36.45052984798618922, -5.333806400138005444 ) ) ;
#1142 = CARTESIAN_POINT ( 'NONE',  ( 18.50000000000000000, 0.000000000000000000, 1.750000000000000000 ) ) ;
#1143 = CARTESIAN_POINT ( 'NONE',  ( 12.93429922887929706, 45.00000000000000000, -5.357602398257298226 ) ) ;
#1144 = CARTESIAN_POINT ( 'NONE',  ( 7.499999999999991118, 3.833839396981220560, 13.18224679452977632 ) ) ;
#1145 = CARTESIAN_POINT ( 'NONE',  ( -13.05682688511143397, 20.59184613306571165, 3.118840111148865279 ) ) ;
#1146 = CARTESIAN_POINT ( 'NONE',  ( -13.12977379352221519, 20.39481803179142716, 2.854672119489188198 ) ) ;
#1147 = CARTESIAN_POINT ( 'NONE',  ( 3.187519598975517621, 20.64776201028229252, -13.03672044759256821 ) ) ;
#1148 = DIRECTION ( 'NONE',  ( 0.000000000000000000, 0.000000000000000000, 1.000000000000000000 ) ) ;
#1149 = CARTESIAN_POINT ( 'NONE',  ( -10.79767963928659213, 21.84541053477632033, -4.240227137758231457 ) ) ;
#1150 = B_SPLINE_CURVE_WITH_KNOTS ( 'NONE', 3,
 ( #1440, #3588, #2339, #4729 ),
 .UNSPECIFIED., .F., .F.,
 ( 4, 4 ),
 ( 0.000000000000000000, 0.001125842092301350319 ),
 .UNSPECIFIED. ) ;
#1151 = CARTESIAN_POINT ( 'NONE',  ( 4.867996716262329215, 23.35572582149749721, 12.39260856760606444 ) ) ;
#1152 = CARTESIAN_POINT ( 'NONE',  ( -10.46709128650362075, 24.50000000000000000, 5.000000000000000000 ) ) ;
#1153 = CARTESIAN_POINT ( 'NONE',  ( 12.98793080010012702, 37.61259508895076920, 3.913866595613390231 ) ) ;
#1154 = CARTESIAN_POINT ( 'NONE',  ( 2.294748772665789804, 38.94305592966692586, 13.26215498409430360 ) ) ;
#1155 = CARTESIAN_POINT ( 'NONE',  ( 13.04665240055834374, 21.16938676079232451, 3.729240928605775718 ) ) ;
#1156 = CARTESIAN_POINT ( 'NONE',  ( -3.957568218432109042, 21.44370710843355710, 12.77890952804763813 ) ) ;
#1157 = ORIENTED_EDGE ( 'NONE', *, *, #4913, .T. ) ;
#1158 = CARTESIAN_POINT ( 'NONE',  ( 13.44303055766123478, 38.06242046174899230, 3.910065591505454741 ) ) ;
#1159 = CARTESIAN_POINT ( 'NONE',  ( 5.396995604627873533, 22.71839942369115661, 12.91795765312695998 ) ) ;
#1160 = CARTESIAN_POINT ( 'NONE',  ( -3.370175340068939374, 38.93742329717827033, 13.58835512833717374 ) ) ;
#1161 = CARTESIAN_POINT ( 'NONE',  ( -13.30822710181431390, 20.93789883049376144, 4.346828957949929517 ) ) ;
#1162 = CARTESIAN_POINT ( 'NONE',  ( -1.498366509558608950, 39.27039123500735229, -13.39908123066265944 ) ) ;
#1163 = CARTESIAN_POINT ( 'NONE',  ( -0.8196811705556665828, 39.43304595182735994, -13.47015723515028540 ) ) ;
#1164 = CARTESIAN_POINT ( 'NONE',  ( 5.068055422443471514, 21.97519131517881519, 13.05055611474003818 ) ) ;
#1165 = CARTESIAN_POINT ( 'NONE',  ( 13.35785736278945457, 21.25455285421266538, 4.191772091332021333 ) ) ;
#1166 = CARTESIAN_POINT ( 'NONE',  ( -5.640337251793436479, 11.44921429304850768, -12.81463547616501764 ) ) ;
#1167 = ADVANCED_FACE ( 'NONE', ( #4787 ), #4830, .F. ) ;
#1168 = CARTESIAN_POINT ( 'NONE',  ( 12.94634082558988020, 37.44823333584668035, 4.038534909466776845 ) ) ;
#1169 = CARTESIAN_POINT ( 'NONE',  ( -5.655486541625203145, 11.44891168739251697, 10.13497998571738279 ) ) ;
#1170 = CARTESIAN_POINT ( 'NONE',  ( 4.999999708619929706, 24.41643037050268816, -12.32882844306656622 ) ) ;
#1171 = CARTESIAN_POINT ( 'NONE',  ( -3.554683097614863563, 20.19783895536090768, -13.54140589079207224 ) ) ;
#1172 = CARTESIAN_POINT ( 'NONE',  ( -13.92121836457536155, 39.81104526714774039, -1.494241835882147873 ) ) ;
#1173 = CARTESIAN_POINT ( 'NONE',  ( 3.332515343651855311, 38.96714343879206410, 13.59850346710445734 ) ) ;
#1174 = CARTESIAN_POINT ( 'NONE',  ( 13.15131076272116495, 22.18529451564502608, -4.800480930594964057 ) ) ;
#1175 = ADVANCED_FACE ( 'NONE', ( #4269 ), #4869, .F. ) ;
#1176 = CARTESIAN_POINT ( 'NONE',  ( 12.57669683062199617, 24.49999999999998934, -5.000000000000000000 ) ) ;
#1177 = CARTESIAN_POINT ( 'NONE',  ( -12.98870409701183704, 20.78422527378871365, 3.345601216842432279 ) ) ;
#1178 = CARTESIAN_POINT ( 'NONE',  ( -12.82021630050983774, 23.58909659572818285, -5.625134224076505873 ) ) ;
#1179 = CARTESIAN_POINT ( 'NONE',  ( -12.42872420026236568, 35.92980113625764460, 4.791252955415948200 ) ) ;
#1180 = CARTESIAN_POINT ( 'NONE',  ( 2.892507243015312479, 20.42127313565367785, -13.11977440062643652 ) ) ;
#1181 = CARTESIAN_POINT ( 'NONE',  ( -13.50430973369982723, 38.69208647172012405, 3.692554111708156395 ) ) ;
#1182 = CARTESIAN_POINT ( 'NONE',  ( 9.499999999999994671, 4.000000000000000000, -21.34313483298442549 ) ) ;
#1183 = FACE_OUTER_BOUND ( 'NONE', #4863, .T. ) ;
#1184 = CARTESIAN_POINT ( 'NONE',  ( -11.58549179710779953, 19.53340002416018351, 0.6647730666755763407 ) ) ;
#1185 = CARTESIAN_POINT ( 'NONE',  ( -13.14030203583935652, 38.63287389801195104, 2.814150084810502772 ) ) ;
#1186 = CARTESIAN_POINT ( 'NONE',  ( -0.6563298320562616084, 19.54257621979901671, 13.48098204071393980 ) ) ;
#1187 = LINE ( 'NONE', #5098, #1586 ) ;
#1188 = CARTESIAN_POINT ( 'NONE',  ( 13.37388788164514608, 38.86561521055472213, 2.438851633146982945 ) ) ;
#1189 = DIRECTION ( 'NONE',  ( 0.000000000000000000, 0.000000000000000000, -1.000000000000000000 ) ) ;
#1190 = CARTESIAN_POINT ( 'NONE',  ( -4.067498963394434064, 21.59105112114258773, 12.73713490967695705 ) ) ;
#1191 = ORIENTED_EDGE ( 'NONE', *, *, #1211, .T. ) ;
#1192 = CARTESIAN_POINT ( 'NONE',  ( 13.02354128964992697, 35.98049764780461857, 5.136882775377932475 ) ) ;
#1193 = CARTESIAN_POINT ( 'NONE',  ( 1.850031902216660695, 19.29417911058872903, 13.87841952489828046 ) ) ;
#1194 = CARTESIAN_POINT ( 'NONE',  ( -2.864371766497079808, 39.25699007054674894, 13.70408635373658157 ) ) ;
#1195 = CARTESIAN_POINT ( 'NONE',  ( -13.79863535750954817, 19.49509235997918921, 2.372282631324143409 ) ) ;
#1196 = CARTESIAN_POINT ( 'NONE',  ( -3.549617570061660121, 38.02140836447215833, -12.92300924958870212 ) ) ;
#1197 = SURFACE_STYLE_USAGE ( .BOTH. , #3571 ) ;
#1198 = DIRECTION ( 'NONE',  ( 1.000000000000000000, -0.000000000000000000, -0.000000000000000000 ) ) ;
#1199 = CARTESIAN_POINT ( 'NONE',  ( 4.110833565393028799, 37.34709907491050984, 12.72023457258529433 ) ) ;
#1200 = CARTESIAN_POINT ( 'NONE',  ( -2.850616527814594292, 38.60859452342700138, -13.13100570689686997 ) ) ;
#1201 = ORIENTED_EDGE ( 'NONE', *, *, #4574, .F. ) ;
#1202 = CARTESIAN_POINT ( 'NONE',  ( 4.839343276956327600, 21.58767438803155159, 13.13709814253309460 ) ) ;
#1203 = CARTESIAN_POINT ( 'NONE',  ( 12.94165739035218188, 24.06709193804946878, 5.339812353724536109 ) ) ;
#1204 = CARTESIAN_POINT ( 'NONE',  ( 5.000000000000005329, 34.50000000000000000, -12.32882846293108337 ) ) ;
#1205 = VERTEX_POINT ( 'NONE', #332 ) ;
#1206 = DIRECTION ( 'NONE',  ( -0.3053415646032809350, -0.7071067811865474617, -0.6377825091091949838 ) ) ;
#1207 = CARTESIAN_POINT ( 'NONE',  ( -1.218150705172926118, 19.12670737135038834, -13.94697973370184663 ) ) ;
#1208 = VECTOR ( 'NONE', #1656, 1000.000000000000000 ) ;
#1209 = CARTESIAN_POINT ( 'NONE',  ( -13.98461275129233172, 39.96386023669334975, 0.7524655260296216897 ) ) ;
#1210 = CARTESIAN_POINT ( 'NONE',  ( 3.905196063711797727, 38.51258747041116237, 13.44499663420418223 ) ) ;
#1211 = EDGE_CURVE ( 'NONE', #5898, #4067, #1401, .T. ) ;
#1212 = CARTESIAN_POINT ( 'NONE',  ( 13.24134340997886916, 21.74249555622159846, -4.546325442623015967 ) ) ;
#1213 = DIRECTION ( 'NONE',  ( 0.000000000000000000, 1.000000000000000000, 0.000000000000000000 ) ) ;
#1214 = VECTOR ( 'NONE', #6726, 1000.000000000000000 ) ;
#1215 = CARTESIAN_POINT ( 'NONE',  ( 13.29127539966545157, 21.52407087897010740, 4.398257085592354620 ) ) ;
#1216 = VECTOR ( 'NONE', #2758, 1000.000000000000000 ) ;
#1217 = CARTESIAN_POINT ( 'NONE',  ( -13.42924016621515193, 19.65997474484691665, -1.259329390540883775 ) ) ;
#1218 = CARTESIAN_POINT ( 'NONE',  ( -12.52363892634319598, 22.49830568311942969, 4.582564412539240628 ) ) ;
#1219 = CARTESIAN_POINT ( 'NONE',  ( -12.59706931276864772, 36.85070523625830674, 4.412969170207934333 ) ) ;
#1220 = CARTESIAN_POINT ( 'NONE',  ( 2.537575904183277942, 20.19159499047563600, -13.20832448881388643 ) ) ;
#1221 = CARTESIAN_POINT ( 'NONE',  ( 13.48432192180602662, 19.83202206490772923, -1.792479680344463366 ) ) ;
#1222 = EDGE_CURVE ( 'NONE', #5487, #4024, #3101, .T. ) ;
#1223 = CARTESIAN_POINT ( 'NONE',  ( -13.47508796812852694, 38.60372437620774377, 3.797799817676471790 ) ) ;
#1224 = VECTOR ( 'NONE', #391, 1000.000000000000000 ) ;
#1225 = CARTESIAN_POINT ( 'NONE',  ( 11.12105513620524633, 38.26358888417949800, -3.307494908510439480 ) ) ;
#1226 = CARTESIAN_POINT ( 'NONE',  ( -11.12105513620524633, 20.73641111582050556, -3.307494908510437703 ) ) ;
#1227 = CARTESIAN_POINT ( 'NONE',  ( -13.41347779378322258, 39.30370817501627556, -1.387849626091219868 ) ) ;
#1228 = CARTESIAN_POINT ( 'NONE',  ( 13.05414663865725622, 37.85754071660029041, -3.704987830755082090 ) ) ;
#1229 = CARTESIAN_POINT ( 'NONE',  ( -3.205718809805637726, 20.66267867427234961, 13.03136881055139895 ) ) ;
#1230 = LINE ( 'NONE', #667, #3474 ) ;
#1231 = CARTESIAN_POINT ( 'NONE',  ( 12.71138175140882254, 36.27296137391337538, 4.675828788347340392 ) ) ;
#1232 = CARTESIAN_POINT ( 'NONE',  ( 4.865803874062684109, 35.65356633487543547, 12.39365093232151160 ) ) ;
#1233 = CARTESIAN_POINT ( 'NONE',  ( -4.422880815328843696, 22.16799714872081850, 12.59286313942545199 ) ) ;
#1234 = VERTEX_POINT ( 'NONE', #6535 ) ;
#1235 = AXIS2_PLACEMENT_3D ( 'NONE', #5762, #6946, #6905 ) ;
#1236 = ORIENTED_EDGE ( 'NONE', *, *, #5039, .F. ) ;
#1237 = CARTESIAN_POINT ( 'NONE',  ( 5.000000000000005329, 34.50000000000000000, 12.32882846293108869 ) ) ;
#1238 = CARTESIAN_POINT ( 'NONE',  ( -12.37316557603892520, 23.54779924261691804, -4.908659418208442204 ) ) ;
#1239 = CARTESIAN_POINT ( 'NONE',  ( 0.3708736252890396656, 39.98855207649468468, 13.99516733005112634 ) ) ;
#1240 = CARTESIAN_POINT ( 'NONE',  ( -13.48411256774212319, 20.36751964095744682, 3.768347205850464565 ) ) ;
#1241 = CARTESIAN_POINT ( 'NONE',  ( -4.302474751766731664, 37.04762454111516234, -12.64325777577633048 ) ) ;
#1242 = ORIENTED_EDGE ( 'NONE', *, *, #4925, .T. ) ;
#1243 = CARTESIAN_POINT ( 'NONE',  ( -7.500000000000000000, 3.499999999999985789, -59.57475013247809414 ) ) ;
#1244 = CARTESIAN_POINT ( 'NONE',  ( 12.99713951345694696, 23.25807426066227990, 5.203316305408121956 ) ) ;
#1245 = CARTESIAN_POINT ( 'NONE',  ( -6.496594062726485319, 10.27866157259092894, -12.40503512793322649 ) ) ;
#1246 = CARTESIAN_POINT ( 'NONE',  ( 10.46709128650359943, 24.50000000000000000, 5.000000000000000000 ) ) ;
#1247 = ORIENTED_EDGE ( 'NONE', *, *, #1626, .F. ) ;
#1248 = CARTESIAN_POINT ( 'NONE',  ( -2.534693008929511659, 39.43032021667254128, 13.76964318340020021 ) ) ;
#1249 = CARTESIAN_POINT ( 'NONE',  ( -2.372282631324163837, 19.49509235997916079, -13.79863535750954462 ) ) ;
#1250 = PLANE ( 'NONE',  #4308 ) ;
#1251 = CARTESIAN_POINT ( 'NONE',  ( -12.74082138930243424, 37.42230818400935988, 4.057910833832236719 ) ) ;
#1252 = CARTESIAN_POINT ( 'NONE',  ( 12.93800615894958739, 24.15397099593083041, -5.348677679744787916 ) ) ;
#1253 = CARTESIAN_POINT ( 'NONE',  ( -10.36363636363635088, 0.000000000000000000, 21.64705618143756638 ) ) ;
#1254 = CARTESIAN_POINT ( 'NONE',  ( 13.01943525626244202, 23.05233251595587873, 5.147337237146515143 ) ) ;
#1255 = CARTESIAN_POINT ( 'NONE',  ( -13.25406959293828635, 20.07706360419890146, 2.331966488355122102 ) ) ;
#1256 = ADVANCED_FACE ( 'NONE', ( #1438, #3701 ), #719, .T. ) ;
#1257 = CARTESIAN_POINT ( 'NONE',  ( -12.83293348860775041, 21.26172592848600473, 3.810532272350978023 ) ) ;
#1258 = CARTESIAN_POINT ( 'NONE',  ( 0.6545171478486446759, 19.54233596340402102, -13.48108581574561526 ) ) ;
#1259 = CARTESIAN_POINT ( 'NONE',  ( -4.386318388934702384, 36.90006282611151534, 12.60832716547450438 ) ) ;
#1260 = CARTESIAN_POINT ( 'NONE',  ( 13.53617265841469042, 19.69579660762461160, -1.386134018074958618 ) ) ;
#1261 = CARTESIAN_POINT ( 'NONE',  ( -13.42615781097219241, 38.45213767226545087, 3.967735243300678061 ) ) ;
#1262 = CARTESIAN_POINT ( 'NONE',  ( -13.38301547418434545, 39.23298042330367252, 1.612621738438191343 ) ) ;
#1263 = CARTESIAN_POINT ( 'NONE',  ( 12.95405839860464425, 37.47911846368402422, -4.015587053250959215 ) ) ;
#1264 = CARTESIAN_POINT ( 'NONE',  ( -3.809226062134150048, 21.26020203208701531, 12.83340115196991249 ) ) ;
#1265 = LINE ( 'NONE', #4759, #2164 ) ;
#1266 = ADVANCED_FACE ( 'NONE', ( #2581 ), #2422, .F. ) ;
#1267 = CARTESIAN_POINT ( 'NONE',  ( 12.69453811643371388, 36.15674188449661131, 4.717722993904777340 ) ) ;
#1268 = CARTESIAN_POINT ( 'NONE',  ( -18.50000000000000000, 0.000000000000000000, 0.000000000000000000 ) ) ;
#1269 = CARTESIAN_POINT ( 'NONE',  ( -4.931326442114075448, 23.67309738651934836, 12.36225651903145284 ) ) ;
#1270 = ORIENTED_EDGE ( 'NONE', *, *, #6306, .T. ) ;
#1271 = VERTEX_POINT ( 'NONE', #4904 ) ;
#1272 = CARTESIAN_POINT ( 'NONE',  ( 13.54600292263900130, 38.41474470017188025, 3.539049447754467614 ) ) ;
#1273 = CARTESIAN_POINT ( 'NONE',  ( 4.286578543107837369, 20.86739041333803968, 13.32818268260312955 ) ) ;
#1274 = CARTESIAN_POINT ( 'NONE',  ( -3.256440451767193434, 39.01569977310629866, 13.61606148701394758 ) ) ;
#1275 = CARTESIAN_POINT ( 'NONE',  ( 0.000000000000000000, 0.000000000000000000, 0.000000000000000000 ) ) ;
#1276 = CARTESIAN_POINT ( 'NONE',  ( -0.6563298320562692689, 39.45742378020098329, -13.48098204071393802 ) ) ;
#1277 = ORIENTED_EDGE ( 'NONE', *, *, #6401, .F. ) ;
#1278 = CARTESIAN_POINT ( 'NONE',  ( -1.753299717222388310, 19.26552483376248404, 13.89007081705471514 ) ) ;
#1279 = CARTESIAN_POINT ( 'NONE',  ( 12.69453811643371743, 22.84325811550337093, -4.717722993904774675 ) ) ;
#1280 = CARTESIAN_POINT ( 'NONE',  ( -7.499999999999990230, 3.499999999999985789, 19.84313483298444325 ) ) ;
#1281 = CARTESIAN_POINT ( 'NONE',  ( -7.447868894519078076, 7.513371511985137197, 8.894145116746219770 ) ) ;
#1282 = VERTEX_POINT ( 'NONE', #7192 ) ;
#1283 = CARTESIAN_POINT ( 'NONE',  ( 3.361750103306877957, 13.22234141519431994, 13.59826566613505250 ) ) ;
#1284 = CARTESIAN_POINT ( 'NONE',  ( -5.109885510233906913, 22.05483704602119488, -13.03422064877895359 ) ) ;
#1285 = CARTESIAN_POINT ( 'NONE',  ( 3.024823227847680318, 39.16628495662853737, 13.67023772656497371 ) ) ;
#1286 = CARTESIAN_POINT ( 'NONE',  ( 13.00927288815645610, 23.14327543516748165, -5.172908357373838584 ) ) ;
#1287 = DIRECTION ( 'NONE',  ( 0.000000000000000000, 0.000000000000000000, -1.000000000000000000 ) ) ;
#1288 = CARTESIAN_POINT ( 'NONE',  ( 13.89606868224594471, 19.55910156307003689, 1.734023568176691121 ) ) ;
#1289 = CARTESIAN_POINT ( 'NONE',  ( -12.70729970934873343, 21.70160735708884658, 4.143558834747635977 ) ) ;
#1290 = CARTESIAN_POINT ( 'NONE',  ( -12.35910525360223033, 23.71296006057075800, -4.937843757787893750 ) ) ;
#1291 = CARTESIAN_POINT ( 'NONE',  ( -1.890898199934724966, 19.87129207749263671, -13.33881947268415402 ) ) ;
#1292 = CARTESIAN_POINT ( 'NONE',  ( -13.49248858780284799, 39.48322062631692120, -0.4174432764730425238 ) ) ;
#1293 = CARTESIAN_POINT ( 'NONE',  ( -13.48552442851639732, 39.46761925310553210, 0.5741885885609190332 ) ) ;
#1294 = CARTESIAN_POINT ( 'NONE',  ( 13.00283960883598944, 37.66883828200943896, -3.867621115853108638 ) ) ;
#1295 = CARTESIAN_POINT ( 'NONE',  ( -4.383590880285621161, 22.09462700357402909, 12.60949393166590937 ) ) ;
#1296 = DIRECTION ( 'NONE',  ( -1.206107350727848108E-16, 0.000000000000000000, -1.000000000000000000 ) ) ;
#1297 = CARTESIAN_POINT ( 'NONE',  ( 13.60489572689766824, 39.47980636958395451, -0.4494020762412099246 ) ) ;
#1298 = CARTESIAN_POINT ( 'NONE',  ( -0.3369661026770612300, 39.49129534462998237, 13.49609145639762708 ) ) ;
#1299 = CARTESIAN_POINT ( 'NONE',  ( 13.24628304062140671, 20.50897813276552384, 3.011998613007683456 ) ) ;
#1300 = B_SPLINE_CURVE_WITH_KNOTS ( 'NONE', 1,
 ( #1237, #6853 ),
 .UNSPECIFIED., .F., .F.,
 ( 2, 2 ),
 ( 0.000000000000000000, 1.000000000000000000 ),
 .UNSPECIFIED. ) ;
#1301 = EDGE_CURVE ( 'NONE', #1271, #2235, #4351, .T. ) ;
#1302 = CARTESIAN_POINT ( 'NONE',  ( -1.140077555601965331, 19.63154233884544553, 13.44169410524783892 ) ) ;
#1303 = EDGE_LOOP ( 'NONE', ( #6906, #4110, #913, #1459 ) ) ;
#1304 = CARTESIAN_POINT ( 'NONE',  ( 2.295026805779049717, 38.94221634152022915, -13.26186817760173220 ) ) ;
#1305 = CARTESIAN_POINT ( 'NONE',  ( 4.977937607998717873, 37.18524423484902997, 13.08513458396844342 ) ) ;
#1306 = CARTESIAN_POINT ( 'NONE',  ( -13.92499993276642556, 19.17997640314430186, 1.447932209777609502 ) ) ;
#1307 = CARTESIAN_POINT ( 'NONE',  ( -13.03422064877896602, 36.94516295397879446, -5.109885510233873163 ) ) ;
#1308 = EDGE_CURVE ( 'NONE', #7271, #5498, #4055, .T. ) ;
#1309 = CARTESIAN_POINT ( 'NONE',  ( -10.97478249428248986, 37.80641360404730733, -3.764464029401848766 ) ) ;
#1310 = VERTEX_POINT ( 'NONE', #6687 ) ;
#1311 = CARTESIAN_POINT ( 'NONE',  ( -4.835651939563316404, 21.58195463077949938, 13.13845946629018435 ) ) ;
#1312 = CARTESIAN_POINT ( 'NONE',  ( 13.25861621164387927, 21.66517023540746578, 4.495744032616516783 ) ) ;
#1313 = CARTESIAN_POINT ( 'NONE',  ( -3.024823227942640802, 19.83371504343903524, 13.67023772654285274 ) ) ;
#1314 = DIRECTION ( 'NONE',  ( -0.000000000000000000, -1.000000000000000000, -0.000000000000000000 ) ) ;
#1315 = ORIENTED_EDGE ( 'NONE', *, *, #4214, .F. ) ;
#1316 = CARTESIAN_POINT ( 'NONE',  ( 4.686389991307212455, 37.63631391337813170, -13.19245092321893686 ) ) ;
#1317 = DIRECTION ( 'NONE',  ( -0.000000000000000000, -1.000000000000000000, -0.000000000000000000 ) ) ;
#1318 = CARTESIAN_POINT ( 'NONE',  ( 5.550620142217417730, 23.23107714176845207, -12.85267482874187550 ) ) ;
#1319 = CARTESIAN_POINT ( 'NONE',  ( -7.447972673219878992, 7.513044461399305263, -8.894062180589290989 ) ) ;
#1320 = CARTESIAN_POINT ( 'NONE',  ( -12.60949393166594490, 36.90537299642595315, 4.383590880285611391 ) ) ;
#1321 = CARTESIAN_POINT ( 'NONE',  ( -7.203724254300489681E-15, 34.50000000000000000, -22.79802623035600462 ) ) ;
#1322 = CARTESIAN_POINT ( 'NONE',  ( 13.39143870821355442, 21.12623661956997267, -4.083223944426608298 ) ) ;
#1323 = CARTESIAN_POINT ( 'NONE',  ( 13.64735888225361649, 20.26577383374716845, 3.125947201020007338 ) ) ;
#1324 = B_SPLINE_CURVE_WITH_KNOTS ( 'NONE', 1,
 ( #987, #7302 ),
 .UNSPECIFIED., .F., .F.,
 ( 2, 2 ),
 ( 0.000000000000000000, 1.000000000000000000 ),
 .UNSPECIFIED. ) ;
#1325 = CARTESIAN_POINT ( 'NONE',  ( -12.61413117267126793, 22.07478518772281362, 4.372525284341010732 ) ) ;
#1326 = CARTESIAN_POINT ( 'NONE',  ( -13.49647389307612677, 19.50787350752064953, -0.2835621117645356626 ) ) ;
#1327 = AXIS2_PLACEMENT_3D ( 'NONE', #614, #2873, #1769 ) ;
#1328 = CARTESIAN_POINT ( 'NONE',  ( -3.593655930146696598, 21.02262498819553826, -12.90844367894443145 ) ) ;
#1329 = CARTESIAN_POINT ( 'NONE',  ( -13.48516943281776648, 39.46682019747778725, -0.5808991521648756429 ) ) ;
#1330 = AXIS2_PLACEMENT_3D ( 'NONE', #6214, #3377, #1148 ) ;
#1331 = CIRCLE ( 'NONE', #4654, 1.999999999999998224 ) ;
#1332 = CARTESIAN_POINT ( 'NONE',  ( -13.39908123066054202, 39.27039123500234297, 1.498366509574982741 ) ) ;
#1333 = CARTESIAN_POINT ( 'NONE',  ( 13.03217821614399519, 37.77800698686922942, -3.775589640351661114 ) ) ;
#1334 = CARTESIAN_POINT ( 'NONE',  ( -2.916846679560673561, 20.43815388057157634, 13.11338220583994207 ) ) ;
#1335 = CARTESIAN_POINT ( 'NONE',  ( 5.703703114510183525, 34.50000000000000000, -12.78545152826159992 ) ) ;
#1336 = CARTESIAN_POINT ( 'NONE',  ( -12.85159385794372611, 23.24129851289154303, 5.553121606394121557 ) ) ;
#1337 = CARTESIAN_POINT ( 'NONE',  ( 2.221969527786563425, 20.02009472017414993, -13.27715620654397632 ) ) ;
#1338 = VECTOR ( 'NONE', #6944, 1000.000000000000000 ) ;
#1339 = CARTESIAN_POINT ( 'NONE',  ( 3.543694065347801736, 38.02737450009504983, 12.92497929228354359 ) ) ;
#1340 = DIRECTION ( 'NONE',  ( -0.000000000000000000, -1.000000000000000000, -0.000000000000000000 ) ) ;
#1341 = CARTESIAN_POINT ( 'NONE',  ( 1.066920012598369993, 19.61447813238257964, 13.44917931707834668 ) ) ;
#1342 = ORIENTED_EDGE ( 'NONE', *, *, #5734, .F. ) ;
#1343 = CARTESIAN_POINT ( 'NONE',  ( 3.333582251271388408, 38.22658438531237834, -12.99244741164600292 ) ) ;
#1344 = CARTESIAN_POINT ( 'NONE',  ( 13.73954751948716790, 39.00660632853084309, 2.688986923777657356 ) ) ;
#1345 = VERTEX_POINT ( 'NONE', #4383 ) ;
#1346 = CARTESIAN_POINT ( 'NONE',  ( 2.617713144335255038, 39.38736109845312683, 13.75334568237772359 ) ) ;
#1347 = CARTESIAN_POINT ( 'NONE',  ( -0.9350436090806967249, 39.92635007605052522, -13.96905171694893610 ) ) ;
#1348 = ADVANCED_FACE ( 'NONE', ( #3217 ), #502, .T. ) ;
#1349 =( NAMED_UNIT ( * ) PLANE_ANGLE_UNIT ( ) SI_UNIT ( $, .RADIAN. ) );
#1350 = CARTESIAN_POINT ( 'NONE',  ( -11.58549179710780308, 39.46659997583980584, -0.6647730666755735651 ) ) ;
#1351 = ORIENTED_EDGE ( 'NONE', *, *, #4817, .F. ) ;
#1352 = CARTESIAN_POINT ( 'NONE',  ( -1.842200009237928482, 19.29398862240140744, 13.87855329219237888 ) ) ;
#1353 = CARTESIAN_POINT ( 'NONE',  ( 13.47563228442246341, 19.85514663341785990, -1.852552823420018813 ) ) ;
#1354 = FACE_OUTER_BOUND ( 'NONE', #61, .T. ) ;
#1355 = CARTESIAN_POINT ( 'NONE',  ( 12.63269691845314924, 35.64104210998362277, 4.868231443496548572 ) ) ;
#1356 = VECTOR ( 'NONE', #751, 1000.000000000000000 ) ;
#1357 = CARTESIAN_POINT ( 'NONE',  ( -2.519125259311005394, 38.83114525639508940, -11.32654678312217378 ) ) ;
#1358 = ORIENTED_EDGE ( 'NONE', *, *, #3761, .T. ) ;
#1359 = EDGE_CURVE ( 'NONE', #3613, #738, #6336, .T. ) ;
#1360 = CARTESIAN_POINT ( 'NONE',  ( -4.528403227616835965E-13, 39.99999955379117722, 13.99999999864343359 ) ) ;
#1361 = CARTESIAN_POINT ( 'NONE',  ( 3.692554111708182596, 20.30791352827984753, -13.50430973369982368 ) ) ;
#1362 = CARTESIAN_POINT ( 'NONE',  ( -5.000000000000010658, 24.50000000000000000, -10.46709128650361187 ) ) ;
#1363 = CARTESIAN_POINT ( 'NONE',  ( -12.83340115196995157, 37.73979796791298469, 3.809226062134134505 ) ) ;
#1364 = CARTESIAN_POINT ( 'NONE',  ( 4.837049466821839339, 35.80807031837212406, -10.54362685303157221 ) ) ;
#1365 = CARTESIAN_POINT ( 'NONE',  ( -12.36153381378432137, 35.32089825370280067, -4.932836312970222181 ) ) ;
#1366 = CARTESIAN_POINT ( 'NONE',  ( 13.91629748706849234, 19.50705009660596545, -1.529203907370650040 ) ) ;
#1367 = CARTESIAN_POINT ( 'NONE',  ( 13.20840581496124244, 37.11736791294818971, 4.645428924214896504 ) ) ;
#1368 = CARTESIAN_POINT ( 'NONE',  ( -12.61780855713348259, 22.05886866554117987, -4.363776925323185729 ) ) ;
#1369 = CARTESIAN_POINT ( 'NONE',  ( -3.171412703669593824, 20.63448230848585752, -13.04147481782388240 ) ) ;
#1370 = CARTESIAN_POINT ( 'NONE',  ( -4.559594989083357142, 36.55252236089290818, 12.53375298272449356 ) ) ;
#1371 = CARTESIAN_POINT ( 'NONE',  ( 13.20844776803802034, 20.62622688797666015, -3.161327819940176642 ) ) ;
#1372 = CARTESIAN_POINT ( 'NONE',  ( -13.40827102715396535, 39.29168322793552193, -1.428809295313514527 ) ) ;
#1373 = CARTESIAN_POINT ( 'NONE',  ( -13.46397707461810889, 39.41909219733967973, 0.8997072181316430051 ) ) ;
#1374 = CARTESIAN_POINT ( 'NONE',  ( 13.40240189099600521, 38.94545226662716431, -2.290231805406364618 ) ) ;
#1375 = CARTESIAN_POINT ( 'NONE',  ( 4.618218389475111429, 12.42948130575058663, -10.64981694255728861 ) ) ;
#1376 = DIRECTION ( 'NONE',  ( -0.7071067811865450192, -0.7071067811865500152, 0.000000000000000000 ) ) ;
#1377 = CARTESIAN_POINT ( 'NONE',  ( 13.61139842526655030, 39.49614898950662933, -0.2005355539274825405 ) ) ;
#1378 = CARTESIAN_POINT ( 'NONE',  ( -1.188814211917134767, 19.64320661608419272, -13.43658867178311311 ) ) ;
#1379 = CARTESIAN_POINT ( 'NONE',  ( 3.585003183396137771, 37.98546475060037864, 12.91119199856520439 ) ) ;
#1380 = B_SPLINE_CURVE_WITH_KNOTS ( 'NONE', 3,
 ( #4456, #7268, #3371, #509 ),
 .UNSPECIFIED., .F., .F.,
 ( 4, 4 ),
 ( 0.000000000000000000, 1.000000000000000000 ),
 .UNSPECIFIED. ) ;
#1381 = CARTESIAN_POINT ( 'NONE',  ( -3.180847314005034843, 20.64225077431611766, 13.03869228913633904 ) ) ;
#1382 = ORIENTED_EDGE ( 'NONE', *, *, #5595, .T. ) ;
#1383 = CARTESIAN_POINT ( 'NONE',  ( 3.207113912973093672, 38.33611643667103408, -13.03094450932996651 ) ) ;
#1384 = CARTESIAN_POINT ( 'NONE',  ( 3.476011347220262948, 38.86153030304120648, 13.56182936677059736 ) ) ;
#1385 = CARTESIAN_POINT ( 'NONE',  ( -13.11152636582910525, 21.69761324799592117, -4.908007728350598953 ) ) ;
#1386 = CARTESIAN_POINT ( 'NONE',  ( 2.539355301885880323, 39.42807310971144830, -13.76877896525449430 ) ) ;
#1387 = CARTESIAN_POINT ( 'NONE',  ( -13.96905171694893433, 39.92635007605048258, 0.9350436090806842904 ) ) ;
#1388 = CARTESIAN_POINT ( 'NONE',  ( -4.983355963618943285, 34.91600940499633055, -12.33698375886564236 ) ) ;
#1389 = ORIENTED_EDGE ( 'NONE', *, *, #8, .T. ) ;
#1390 = CARTESIAN_POINT ( 'NONE',  ( 0.3827253343028761967, 19.01165066295894235, 13.99508151230731734 ) ) ;
#1391 = CARTESIAN_POINT ( 'NONE',  ( 13.61199138530232844, 19.50236332071088086, 0.1591711124455043314 ) ) ;
#1392 = CARTESIAN_POINT ( 'NONE',  ( -5.332413182200808954, 22.54598260598811521, 12.94474931291080821 ) ) ;
#1393 = CARTESIAN_POINT ( 'NONE',  ( 9.499999999999991118, 4.000000000000000000, 19.84313483298443970 ) ) ;
#1394 = EDGE_LOOP ( 'NONE', ( #2090, #4301, #5338, #6586 ) ) ;
#1395 = B_SPLINE_CURVE_WITH_KNOTS ( 'NONE', 3,
 ( #5793, #677, #1859, #2939 ),
 .UNSPECIFIED., .F., .F.,
 ( 4, 4 ),
 ( 0.000000000000000000, 1.000000000000000000 ),
 .UNSPECIFIED. ) ;
#1396 = CARTESIAN_POINT ( 'NONE',  ( 12.63704651614421337, 35.68853808767278224, -4.857902941238759986 ) ) ;
#1397 = CARTESIAN_POINT ( 'NONE',  ( 4.395606017597245341, 12.58178010251259593, 13.29373922966072641 ) ) ;
#1398 = CARTESIAN_POINT ( 'NONE',  ( 4.098150232047106378, 20.67360811792331177, -13.38692652296025365 ) ) ;
#1399 = CARTESIAN_POINT ( 'NONE',  ( -3.970225590749246525, 37.55666025230199523, 10.90114756847774835 ) ) ;
#1400 = EDGE_CURVE ( 'NONE', #303, #1554, #3851, .T. ) ;
#1401 = LINE ( 'NONE', #4227, #1684 ) ;
#1402 = LINE ( 'NONE', #3747, #49 ) ;
#1403 = PRESENTATION_STYLE_ASSIGNMENT (( #3476 ) ) ;
#1404 = CARTESIAN_POINT ( 'NONE',  ( -13.00324395399331401, 20.74235029246642625, -3.298747055674231543 ) ) ;
#1405 = CARTESIAN_POINT ( 'NONE',  ( -3.251515687732899451, 20.70124649203306788, -13.01766348024024111 ) ) ;
#1406 = APPLICATION_CONTEXT ( 'automotive_design' ) ;
#1407 = CARTESIAN_POINT ( 'NONE',  ( -13.49534014820031658, 39.48959322986620890, 0.3251165232860400711 ) ) ;
#1408 = ORIENTED_EDGE ( 'NONE', *, *, #1308, .F. ) ;
#1409 = CARTESIAN_POINT ( 'NONE',  ( -12.71733177542030901, 37.33585170145069299, -4.118073773633041057 ) ) ;
#1410 = CARTESIAN_POINT ( 'NONE',  ( 13.46197907781072090, 39.10815160916290267, -1.940459084624868602 ) ) ;
#1411 = CARTESIAN_POINT ( 'NONE',  ( 5.299337663097252182, 36.53597637286087263, -12.95833794104592762 ) ) ;
#1412 = CARTESIAN_POINT ( 'NONE',  ( -12.32882846293112067, 24.50000000000000711, -5.000000000000000000 ) ) ;
#1413 = CARTESIAN_POINT ( 'NONE',  ( -12.57228049768582068, 22.26117945116206442, -4.471098792108664455 ) ) ;
#1414 = CARTESIAN_POINT ( 'NONE',  ( 13.43439551531576015, 39.03341387812005081, -2.109463600535166350 ) ) ;
#1415 = CARTESIAN_POINT ( 'NONE',  ( 2.294748772665788028, 20.05694407033306348, -13.26215498409429827 ) ) ;
#1416 = CARTESIAN_POINT ( 'NONE',  ( 1.140077555603304482, 39.36845766115424539, 13.44169410524783359 ) ) ;
#1417 = CARTESIAN_POINT ( 'NONE',  ( 13.31686150314899386, 20.29795417009139769, 2.711112597065033381 ) ) ;
#1418 = CARTESIAN_POINT ( 'NONE',  ( 12.57669683062193400, 34.49999999999999289, 5.000000000000000888 ) ) ;
#1419 = CARTESIAN_POINT ( 'NONE',  ( 1.307538022297252134, 19.67381277449737809, 13.42323708762319612 ) ) ;
#1420 = ORIENTED_EDGE ( 'NONE', *, *, #7335, .T. ) ;
#1421 = CARTESIAN_POINT ( 'NONE',  ( 13.82280712558436164, 39.24143593865246515, 2.226309217073267455 ) ) ;
#1422 = ORIENTED_EDGE ( 'NONE', *, *, #7248, .T. ) ;
#1423 = CARTESIAN_POINT ( 'NONE',  ( 13.99387164883247792, 39.69388650699169574, -0.4147921802564533134 ) ) ;
#1424 = CARTESIAN_POINT ( 'NONE',  ( 4.462181413903412164, 37.92689523547583974, 13.26999340780638015 ) ) ;
#1425 = CARTESIAN_POINT ( 'NONE',  ( -13.44577723533385871, 20.48636456651876614, -3.900789682977984896 ) ) ;
#1426 = CARTESIAN_POINT ( 'NONE',  ( -13.56033757806795137, 38.85721730362418214, -3.481827840604006408 ) ) ;
#1427 = CARTESIAN_POINT ( 'NONE',  ( -10.70046256247231042, 36.72698504793748953, 4.479627964232502535 ) ) ;
#1428 = ORIENTED_EDGE ( 'NONE', *, *, #5075, .F. ) ;
#1429 = CARTESIAN_POINT ( 'NONE',  ( 3.775778906473568064, 37.77778880364653702, 12.84522969835659012 ) ) ;
#1430 = CARTESIAN_POINT ( 'NONE',  ( -3.021468446641565997, 19.83170853820598367, 13.67097601622316283 ) ) ;
#1431 = CARTESIAN_POINT ( 'NONE',  ( 13.58051654196286862, 19.58185337985506180, -0.9047850913562693886 ) ) ;
#1432 = CARTESIAN_POINT ( 'NONE',  ( -4.165614940564288382, 20.73880991660795914, 13.36660551362080618 ) ) ;
#1433 = FACE_OUTER_BOUND ( 'NONE', #5870, .T. ) ;
#1434 = ORIENTED_EDGE ( 'NONE', *, *, #2566, .F. ) ;
#1435 = CARTESIAN_POINT ( 'NONE',  ( -4.550670471841190334, 36.57316618841657885, -12.53772155985312331 ) ) ;
#1436 = CARTESIAN_POINT ( 'NONE',  ( -4.991646442905444125, 24.16742127044032173, -12.33293925967237747 ) ) ;
#1437 = CARTESIAN_POINT ( 'NONE',  ( 4.486653603843376636, 36.73088440251831344, -10.69807669424815444 ) ) ;
#1438 = FACE_OUTER_BOUND ( 'NONE', #214, .T. ) ;
#1439 = CARTESIAN_POINT ( 'NONE',  ( 13.54700165115387200, 38.41802963980686769, -3.535270842006332348 ) ) ;
#1440 = CARTESIAN_POINT ( 'NONE',  ( 8.000000000000008882, 4.000000000000000000, -12.68857754044949893 ) ) ;
#1441 = CARTESIAN_POINT ( 'NONE',  ( -12.38488320632254869, 23.42694387665676459, -4.884201991027546264 ) ) ;
#1442 = CARTESIAN_POINT ( 'NONE',  ( -4.372525284327153372, 22.07478518769770304, -12.61413117267719919 ) ) ;
#1443 = ADVANCED_FACE ( 'NONE', ( #364 ), #7263, .T. ) ;
#1444 = CARTESIAN_POINT ( 'NONE',  ( 12.57669683062196242, 24.50000000000000000, -5.000000000000000000 ) ) ;
#1445 = CARTESIAN_POINT ( 'NONE',  ( -13.46387945826261578, 39.41887138945747893, 0.9008095298233861348 ) ) ;
#1446 = DIRECTION ( 'NONE',  ( 8.659560562354903276E-17, 0.7071067811865500152, -0.7071067811865451302 ) ) ;
#1447 = ORIENTED_EDGE ( 'NONE', *, *, #7157, .T. ) ;
#1448 = CARTESIAN_POINT ( 'NONE',  ( -13.15636920600063320, 38.67490519574539576, -2.751414200997061243 ) ) ;
#1449 = CARTESIAN_POINT ( 'NONE',  ( 13.55011479137741048, 39.34032854805081314, -1.258153762736204939 ) ) ;
#1450 = CARTESIAN_POINT ( 'NONE',  ( -4.999999708619938588, 24.41643037050269882, 12.32882844306657333 ) ) ;
#1451 = CARTESIAN_POINT ( 'NONE',  ( -12.95843592020236734, 22.46346777319702781, 5.299096166582413225 ) ) ;
#1452 = CONICAL_SURFACE ( 'NONE', #4776, 1.499999999999987566, 0.7853981633974477239 ) ;
#1453 = CARTESIAN_POINT ( 'NONE',  ( 2.023758546002307313, 19.35469250434424993, 13.85405657782101940 ) ) ;
#1454 = CARTESIAN_POINT ( 'NONE',  ( 3.047153119152830048, 20.53497210765112868, -13.07747853385274439 ) ) ;
#1455 = ADVANCED_FACE ( 'NONE', ( #4451 ), #1808, .T. ) ;
#1456 = CARTESIAN_POINT ( 'NONE',  ( 1.978901725835849224, 13.73851520122325098, -13.86153418999512255 ) ) ;
#1457 = AXIS2_PLACEMENT_3D ( 'NONE', #5467, #5543, #1619 ) ;
#1458 = CARTESIAN_POINT ( 'NONE',  ( -1.378850487522981227, 19.69316005456136764, 13.41481708061415112 ) ) ;
#1459 = ORIENTED_EDGE ( 'NONE', *, *, #447, .F. ) ;
#1460 = CARTESIAN_POINT ( 'NONE',  ( 3.854718054352178847, 37.68453785631492536, -12.81681985181313976 ) ) ;
#1461 = VERTEX_POINT ( 'NONE', #5714 ) ;
#1462 = CIRCLE ( 'NONE', #626, 14.00000000000000000 ) ;
#1463 = CARTESIAN_POINT ( 'NONE',  ( 2.534690903196542333, 39.42789538011036399, 13.76890250540220251 ) ) ;
#1464 = CARTESIAN_POINT ( 'NONE',  ( -13.54287147602695462, 20.19354851404207452, -3.549106390198359939 ) ) ;
#1465 = CARTESIAN_POINT ( 'NONE',  ( -13.85314853604837992, 39.64302891737837342, -2.029858609477894316 ) ) ;
#1466 = CARTESIAN_POINT ( 'NONE',  ( -10.46709128650361720, 34.83481644314130676, 5.000000000000001776 ) ) ;
#1467 = ORIENTED_EDGE ( 'NONE', *, *, #1400, .T. ) ;
#1468 = CARTESIAN_POINT ( 'NONE',  ( 4.325913785942428369, 21.99140537564661813, 12.63364745731744243 ) ) ;
#1469 = CARTESIAN_POINT ( 'NONE',  ( 13.61204152707787429, 19.50223612398462336, -0.1705959954947466328 ) ) ;
#1470 = CARTESIAN_POINT ( 'NONE',  ( -3.767326279347889439, 20.36660113057441279, 13.48440826314029728 ) ) ;
#1471 = CARTESIAN_POINT ( 'NONE',  ( -3.021082151409013150, 19.83143648290432282, -13.67107219156821785 ) ) ;
#1472 = EDGE_LOOP ( 'NONE', ( #2202, #3361, #102, #3199 ) ) ;
#1473 = DIRECTION ( 'NONE',  ( -1.206107350727848108E-16, 0.000000000000000000, 1.000000000000000000 ) ) ;
#1474 = VECTOR ( 'NONE', #1480, 1000.000000000000114 ) ;
#1475 = CARTESIAN_POINT ( 'NONE',  ( -2.820922919498025649, 20.37155344778729216, -13.13859881270512453 ) ) ;
#1476 = CONICAL_SURFACE ( 'NONE', #750, 1.750000000000000000, 0.7853981633974489451 ) ;
#1477 = DIRECTION ( 'NONE',  ( -0.5443312118026726321, 0.000000000000000000, 0.8388703903806797868 ) ) ;
#1478 = CARTESIAN_POINT ( 'NONE',  ( 13.67007332974537981, 20.19792095507475693, -3.021669725403603124 ) ) ;
#1479 = CARTESIAN_POINT ( 'NONE',  ( 12.99107301817255511, 35.69145342177544933, 5.218564169739781100 ) ) ;
#1480 = DIRECTION ( 'NONE',  ( 0.7071067811865474617, -0.7071067811865474617, 0.000000000000000000 ) ) ;
#1481 = CARTESIAN_POINT ( 'NONE',  ( -7.499999999999991118, 6.500000000000012434, 11.82159041753689444 ) ) ;
#1482 = CARTESIAN_POINT ( 'NONE',  ( -3.730638598967716213, 21.17073950762980417, -12.86119116926253447 ) ) ;
#1483 = LINE ( 'NONE', #7163, #1096 ) ;
#1484 = CARTESIAN_POINT ( 'NONE',  ( 13.23340717947115941, 20.54840996862080260, -3.063958246930631457 ) ) ;
#1485 = VERTEX_POINT ( 'NONE', #4621 ) ;
#1486 = CARTESIAN_POINT ( 'NONE',  ( -12.90844367894659683, 37.97737501180448305, -3.593655930146661071 ) ) ;
#1487 = CARTESIAN_POINT ( 'NONE',  ( 13.27419876065306603, 38.57565693610693813, -2.896874339178268087 ) ) ;
#1488 = DIRECTION ( 'NONE',  ( 0.000000000000000000, 1.000000000000000000, 0.000000000000000000 ) ) ;
#1489 = DIRECTION ( 'NONE',  ( -0.000000000000000000, 1.000000000000000000, -0.000000000000000000 ) ) ;
#1490 = CARTESIAN_POINT ( 'NONE',  ( -13.07983998611393162, 20.52851291110424370, -3.038730737094585077 ) ) ;
#1491 = CARTESIAN_POINT ( 'NONE',  ( 12.76122235086845791, 36.57660375853756562, -4.549104524150304307 ) ) ;
#1492 = CARTESIAN_POINT ( 'NONE',  ( 4.239045969329539254, 21.84723125228979512, -12.66922898022114374 ) ) ;
#1493 = CARTESIAN_POINT ( 'NONE',  ( -3.413462379882977515, 38.15375119594192910, 12.96736205530585728 ) ) ;
#1494 = CARTESIAN_POINT ( 'NONE',  ( 4.534408557256417893, 22.39268118466219093, 12.54479730380822033 ) ) ;
#1495 = ORIENTED_EDGE ( 'NONE', *, *, #5502, .F. ) ;
#1496 = ADVANCED_FACE ( 'NONE', ( #6349 ), #1758, .T. ) ;
#1497 = CARTESIAN_POINT ( 'NONE',  ( -12.80626813905144168, 23.77348849576137368, 5.656846734249192821 ) ) ;
#1498 = CARTESIAN_POINT ( 'NONE',  ( -4.645523755975112579, 36.35088777233253410, 12.49554036372534682 ) ) ;
#1499 = CARTESIAN_POINT ( 'NONE',  ( -12.94442013425849503, 22.54303724171793988, -5.333661501374530545 ) ) ;
#1500 = CARTESIAN_POINT ( 'NONE',  ( -13.79863535750954817, 39.50490764002081079, -2.372282631324148294 ) ) ;
#1501 = CARTESIAN_POINT ( 'NONE',  ( -7.499999999999993783, 6.500000000000012434, -8.849293757131134086 ) ) ;
#1502 = EDGE_LOOP ( 'NONE', ( #6013, #6686, #2609, #1676 ) ) ;
#1503 = EDGE_CURVE ( 'NONE', #4144, #3207, #4584, .T. ) ;
#1504 = CARTESIAN_POINT ( 'NONE',  ( 3.913533140117260167, 21.38698967354282843, 12.79537119470482942 ) ) ;
#1505 = CARTESIAN_POINT ( 'NONE',  ( 12.84499785600954347, 21.99245335118797939, -4.326522238050031888 ) ) ;
#1506 = CARTESIAN_POINT ( 'NONE',  ( -5.703703114510179084, 34.49999999999998579, 12.78545152826159992 ) ) ;
#1507 = CARTESIAN_POINT ( 'NONE',  ( -5.119854430740645057, 22.04974057669215881, -13.03114996202748976 ) ) ;
#1508 = VERTEX_POINT ( 'NONE', #6901 ) ;
#1509 = CARTESIAN_POINT ( 'NONE',  ( 4.099381769780388041, 38.32515787211003300, -13.38654822533801791 ) ) ;
#1510 = CARTESIAN_POINT ( 'NONE',  ( 12.61562157827451358, 35.45124645216547776, -4.908843990559636161 ) ) ;
#1511 = CARTESIAN_POINT ( 'NONE',  ( 1.714505518806294244E-15, 45.00000000000000000, 14.00000000000000000 ) ) ;
#1512 = CARTESIAN_POINT ( 'NONE',  ( -4.731152084026924776, 22.88043137740305610, -12.45659356369185389 ) ) ;
#1513 = CARTESIAN_POINT ( 'NONE',  ( -5.625849304491031155, 35.41025646419442552, -12.81990864280011522 ) ) ;
#1514 = CARTESIAN_POINT ( 'NONE',  ( 4.166394831194860870, 20.73956431783336640, -13.36637053958041932 ) ) ;
#1515 = CARTESIAN_POINT ( 'NONE',  ( -24.00000000000000355, 24.50000000000000000, 0.000000000000000000 ) ) ;
#1516 = CARTESIAN_POINT ( 'NONE',  ( -7.499999999999991118, 3.499999999999985789, 13.56465996625054693 ) ) ;
#1517 = CARTESIAN_POINT ( 'NONE',  ( -5.000000000000009770, 24.50000000000000000, 10.46709128650361187 ) ) ;
#1518 = CARTESIAN_POINT ( 'NONE',  ( 12.87370783241214767, 21.86033588143859063, -4.247206598020386359 ) ) ;
#1519 = ORIENTED_EDGE ( 'NONE', *, *, #6601, .T. ) ;
#1520 = CARTESIAN_POINT ( 'NONE',  ( -12.56757455096199827, 36.71752544796802198, -4.482097176769156199 ) ) ;
#1521 = CARTESIAN_POINT ( 'NONE',  ( 13.44454795706820782, 39.06107753314830688, -2.049243471696369223 ) ) ;
#1522 = DIRECTION ( 'NONE',  ( 0.000000000000000000, 1.000000000000000000, 0.000000000000000000 ) ) ;
#1523 = CARTESIAN_POINT ( 'NONE',  ( -13.99602391816207003, 19.00939167821524833, 0.3825061805972733708 ) ) ;
#1524 = CARTESIAN_POINT ( 'NONE',  ( -13.38301547417990633, 19.76701957670642074, -1.612621738467953758 ) ) ;
#1525 = CARTESIAN_POINT ( 'NONE',  ( 13.21356320265600637, 38.38988323761790866, -3.141730357956211694 ) ) ;
#1526 = CARTESIAN_POINT ( 'NONE',  ( 3.270242671980653437, 20.71741736871679862, -13.01197419630395302 ) ) ;
#1527 = CARTESIAN_POINT ( 'NONE',  ( -2.724794792029393786, 38.69240731016247281, 13.16309275359572872 ) ) ;
#1528 = CARTESIAN_POINT ( 'NONE',  ( 13.56785592536306773, 19.61415066601681900, -1.065409043043556769 ) ) ;
#1529 = CARTESIAN_POINT ( 'NONE',  ( 10.76171355909803751, 37.01447097454562396, 4.333948978830234111 ) ) ;
#1530 = CARTESIAN_POINT ( 'NONE',  ( 2.352015372855597697, 20.08769969147593315, 13.24978018892595166 ) ) ;
#1531 = EDGE_LOOP ( 'NONE', ( #4687, #4539, #1820, #1757, #1201, #6571, #4481, #2934, #1434, #5944, #1650, #7082, #5969, #273, #3713, #715 ) ) ;
#1532 = CARTESIAN_POINT ( 'NONE',  ( 4.967023529122728931, 35.07930931101386562, -12.34495114201457788 ) ) ;
#1533 = CARTESIAN_POINT ( 'NONE',  ( 13.34099022292542713, 37.67923111218065912, -4.245107124079376071 ) ) ;
#1534 = CARTESIAN_POINT ( 'NONE',  ( -2.854672119489201521, 38.60518196820858350, 13.12977379352217966 ) ) ;
#1535 = EDGE_CURVE ( 'NONE', #738, #7050, #1097, .T. ) ;
#1536 = CARTESIAN_POINT ( 'NONE',  ( -13.99516733005112457, 39.98855207649463495, 0.3708736252890706409 ) ) ;
#1537 = CARTESIAN_POINT ( 'NONE',  ( -18.50000000000000000, 3.499999999999984901, -1.750000000000000000 ) ) ;
#1538 = EDGE_LOOP ( 'NONE', ( #6084, #3940, #2508, #1247 ) ) ;
#1539 = CARTESIAN_POINT ( 'NONE',  ( 12.84602514125325712, 21.98828774496076122, 4.323538716616673661 ) ) ;
#1540 = CARTESIAN_POINT ( 'NONE',  ( 12.93429922887929528, 24.50000000000001421, 5.357602398257307108 ) ) ;
#1541 = CARTESIAN_POINT ( 'NONE',  ( -3.733008690275897212, 37.82637547566182690, -12.86033923420621683 ) ) ;
#1542 = CARTESIAN_POINT ( 'NONE',  ( -2.921370146246558441, 20.44201250136329051, -13.11200982208077725 ) ) ;
#1543 = EDGE_CURVE ( 'NONE', #4877, #3535, #5858, .T. ) ;
#1544 = CARTESIAN_POINT ( 'NONE',  ( 3.052251993749816261, 38.46110698344760692, -13.07604002329427573 ) ) ;
#1545 = APPLICATION_CONTEXT ( 'automotive_design' ) ;
#1546 = CARTESIAN_POINT ( 'NONE',  ( -4.979662303804649248, 37.18339543877201692, -13.08453988146107072 ) ) ;
#1547 = CARTESIAN_POINT ( 'NONE',  ( 13.98658128724667371, 19.32471112741933439, 0.6143990725703413203 ) ) ;
#1548 = CARTESIAN_POINT ( 'NONE',  ( -3.765755156529383196, 21.19499955922871592, 10.97434782147806231 ) ) ;
#1549 = CARTESIAN_POINT ( 'NONE',  ( 10.70046256247231220, 22.27301495206252113, 4.479627964232505200 ) ) ;
#1550 = DIRECTION ( 'NONE',  ( 0.000000000000000000, 1.000000000000000000, 0.000000000000000000 ) ) ;
#1551 = CARTESIAN_POINT ( 'NONE',  ( -4.885899535059086141, 23.43715393760860621, -12.38406334771337747 ) ) ;
#1552 = CARTESIAN_POINT ( 'NONE',  ( -9.499999999999994671, 3.499999999999985789, -21.84313483298443970 ) ) ;
#1553 = CARTESIAN_POINT ( 'NONE',  ( 12.84004414896764779, 22.01649825962824281, -4.339918504424723267 ) ) ;
#1554 = VERTEX_POINT ( 'NONE', #1135 ) ;
#1555 = CARTESIAN_POINT ( 'NONE',  ( 13.61300902718840611, 39.50019098156301567, -0.1578876557566327443 ) ) ;
#1556 = CARTESIAN_POINT ( 'NONE',  ( -12.78545152826161768, 24.50000000000001421, 5.703703114510133787 ) ) ;
#1557 = CARTESIAN_POINT ( 'NONE',  ( -12.83115048359871224, 21.26800626609107070, -3.815211615559302771 ) ) ;
#1558 = CARTESIAN_POINT ( 'NONE',  ( 4.582997241981388470, 22.49946109570327479, -12.52344162747524692 ) ) ;
#1559 = CARTESIAN_POINT ( 'NONE',  ( -3.593655930146680166, 37.97737501180448305, 12.90844367894196942 ) ) ;
#1560 = CARTESIAN_POINT ( 'NONE',  ( 13.57134462634942906, 19.60524872301507671, 1.021344017583965869 ) ) ;
#1561 = CARTESIAN_POINT ( 'NONE',  ( 3.480018184694914307, 20.90969090846020961, 12.94591804166534565 ) ) ;
#1562 = VERTEX_POINT ( 'NONE', #2308 ) ;
#1563 = CARTESIAN_POINT ( 'NONE',  ( 4.534408557170070075, 36.60731881552361244, -12.54479730384878167 ) ) ;
#1564 = CARTESIAN_POINT ( 'NONE',  ( 12.93890543194884479, 34.84663560104608848, -5.346470744137712394 ) ) ;
#1565 = CARTESIAN_POINT ( 'NONE',  ( -0.8250359052273072979, 39.43214724652983705, 13.46975899026662482 ) ) ;
#1566 = VECTOR ( 'NONE', #7006, 1000.000000000000000 ) ;
#1567 = CARTESIAN_POINT ( 'NONE',  ( 13.06175136832605155, 21.11529611242103144, 3.680242860415143813 ) ) ;
#1568 = CARTESIAN_POINT ( 'NONE',  ( -13.48484535929836525, 38.63341431954278704, 3.763014771086075960 ) ) ;
#1569 = PLANE ( 'NONE',  #6915 ) ;
#1570 = ORIENTED_EDGE ( 'NONE', *, *, #235, .T. ) ;
#1571 = CIRCLE ( 'NONE', #2861, 11.59999999999999964 ) ;
#1572 = AXIS2_PLACEMENT_3D ( 'NONE', #3698, #7154, #2023 ) ;
#1573 = CARTESIAN_POINT ( 'NONE',  ( 13.54633293040551933, 19.66929654947931994, 1.300445610738946822 ) ) ;
#1574 = ADVANCED_FACE ( 'NONE', ( #6827 ), #5526, .T. ) ;
#1575 = CARTESIAN_POINT ( 'NONE',  ( -5.000000000000007105, 34.49999999999997158, 12.32882846293108159 ) ) ;
#1576 = CARTESIAN_POINT ( 'NONE',  ( -3.563797875099105283, 38.00705666742128130, -12.91828201975044799 ) ) ;
#1577 = CIRCLE ( 'NONE', #4790, 1.999999999999998224 ) ;
#1578 = CARTESIAN_POINT ( 'NONE',  ( -12.35010137138240971, 35.16376980564197652, 4.956440746733072444 ) ) ;
#1579 = CARTESIAN_POINT ( 'NONE',  ( 4.999995113876630981, 34.66709439428971962, -12.32882838044696250 ) ) ;
#1580 = EDGE_LOOP ( 'NONE', ( #7105, #1969, #6068, #1944 ) ) ;
#1581 = CARTESIAN_POINT ( 'NONE',  ( 12.80905820819339347, 22.16892782406426932, 4.423371411693330479 ) ) ;
#1582 = CARTESIAN_POINT ( 'NONE',  ( -5.654089700358897908, 35.22961883083385715, -12.80747858350263613 ) ) ;
#1583 = CARTESIAN_POINT ( 'NONE',  ( 13.99315866949696563, 19.30792422313490420, -0.4462896507758006281 ) ) ;
#1584 = CARTESIAN_POINT ( 'NONE',  ( -2.519125259311000509, 20.16885474360489994, 11.32654678312217733 ) ) ;
#1585 = EDGE_CURVE ( 'NONE', #2756, #4104, #5206, .T. ) ;
#1586 = VECTOR ( 'NONE', #1672, 1000.000000000000000 ) ;
#1587 = CARTESIAN_POINT ( 'NONE',  ( 5.703703114510171979, 45.00000000000000000, 12.78545152826160169 ) ) ;
#1588 = CARTESIAN_POINT ( 'NONE',  ( -9.499999999999994671, 4.000000000000000000, -19.84313483298443970 ) ) ;
#1589 = LINE ( 'NONE', #919, #1105 ) ;
#1590 = DIRECTION ( 'NONE',  ( 0.000000000000000000, 0.000000000000000000, -1.000000000000000000 ) ) ;
#1591 = B_SPLINE_SURFACE_WITH_KNOTS ( 'NONE', 1, 3, ( 
 ( #2790, #3356, #5641, #7360, #534, #2232, #4510, #1680, #3949, #3422, #6300, #2857, #2899, #5792, #1752, #5251, #1824, #4019, #6935, #4543, #168, #5750, #6973, #4136, #2406, #5106, #5824, #3984, #6376, #703, #6895, #6265, #5181, #1160, #134, #1274, #5709, #23, #2265, #1194, #6820, #3458, #2937, #4689, #1855, #566, #676, #97, #64, #2969, #4100, #3539, #1130, #1790, #640, #1720, #3387, #5675, #2337, #4062, #4614, #2821, #601, #6343, #1239, #5143, #2302, #4579, #3499, #6855, #5217, #2373, #4653, #780, #5329, #3042, #2049, #4291, #3005, #1463, #1346, #240, #4813, #5367, #2479, #1384, #1932, #5292, #204, #1972, #278, #3085, #1893, #2441, #4769, #6410, #4211, #1424, #2523, #5970, #5857, #4249, #3730, #3569, #6484, #1305, #3644, #5935, #739, #863, #4728, #7098, #2011, #5412, #316, #820, #2563, #4170, #6520, #7013, #7176, #7055, #3685, #3130, #4853, #7140 ),
 ( #6015, #6441, #6559, #904, #3609, #3169, #5451, #5893, #350, #2600, #4890, #6603, #1498, #3837, #7354, #2636, #5033, #423, #968, #6114, #5569, #1641, #5600, #4929, #6744, #1609, #3309, #2744, #5634, #528, #1010, #3766, #5490, #7319, #3906, #1534, #3871, #7252, #2124, #6047, #936, #488, #384, #3202, #2192, #3271, #7216, #6183, #2092, #3238, #4472, #456, #2783, #5064, #1565, #4372, #6641, #3802, #6081, #4334, #4403, #1081, #6670, #5530, #2708, #2677, #4966, #4997, #7283, #3349, #2155, #4437, #1044, #6710, #6148, #5100, #5173, #4645, #698, #3382, #1154, #633, #4571, #5669, #58, #3978, #6886, #5134, #596, #1783, #1746, #2964, #5210, #560, #3492, #6259, #2816, #2891, #3530, #127, #15, #2226, #5817, #91, #2259, #4537, #6334, #3452, #5242, #3941, #5785, #2367, #2331, #1232, #2851, #1713, #6812, #4609, #6927, #4503, #3415, #5704, #4052, #6849, #2295, #4015 ) ),
 .UNSPECIFIED., .F., .F., .F.,
 ( 2, 2 ),
 ( 4, 2, 2, 2, 2, 2, 2, 2, 2, 2, 2, 2, 2, 2, 2, 2, 2, 2, 2, 2, 2, 2, 2, 2, 2, 2, 2, 2, 2, 2, 2, 2, 2, 2, 2, 2, 2, 2, 2, 2, 2, 2, 2, 2, 2, 2, 2, 2, 2, 2, 2, 2, 2, 2, 2, 2, 2, 2, 2, 2, 2, 2, 4 ),
 ( 0.000000000000000000, 1.000000000000000000 ),
 ( 0.000000000000000000, 0.0005430559330015052345, 0.001086111866003010469, 0.001357639832503763086, 0.001629167799004515704, 0.001900695765505268321, 0.002172223732006020938, 0.002443751698506773339, 0.002715279665007526173, 0.002986807631508279007, 0.003258335598009031407, 0.003529863564509783808, 0.003801391531010536642, 0.004072919497511289476, 0.004344447464012041876, 0.004887503397013546677, 0.005159031363514299945, 0.005294795346764675711, 0.005430559330015052345, 0.005702087296515804746, 0.005973615263016558014, 0.006516671196018062814, 0.007059727129019567615, 0.007195491112269944249, 0.007331255095520320883, 0.007467019078770696650, 0.007602783062021073283, 0.007874311028521825684, 0.008145838995022578952, 0.008417366961523332219, 0.008688894928024083752, 0.008960422894524835286, 0.009096186877775212787, 0.009231950861025588553, 0.009503478827526341821, 0.009775006794027093354, 0.01031806272702859989, 0.01058959069352935142, 0.01086111866003010469, 0.01113264662653085796, 0.01140417459303160949, 0.01194723052603311603, 0.01221875849253386756, 0.01249028645903462083, 0.01262605044228499659, 0.01276181442553537410, 0.01303334239203612563, 0.01330487035853687716, 0.01357639832503763043, 0.01384792629153838370, 0.01411945425803913523, 0.01439098222453988850, 0.01452674620779026426, 0.01466251019104064177, 0.01520556612404214657, 0.01574862205704365137, 0.01602015002354440637, 0.01629167799004515790, 0.01642744197329553540, 0.01656320595654590944, 0.01683473392304666444, 0.01710626188954741597, 0.01737778985604816750 ),
 .UNSPECIFIED. ) ;
#1592 = CARTESIAN_POINT ( 'NONE',  ( 4.989640111671750589, 24.16770197931994701, -12.33391031146498307 ) ) ;
#1593 = CARTESIAN_POINT ( 'NONE',  ( 12.69393507788648812, 22.84755055499136489, -4.719227134618819264 ) ) ;
#1594 = CIRCLE ( 'NONE', #636, 1.999999999999998224 ) ;
#1595 = ORIENTED_EDGE ( 'NONE', *, *, #7111, .F. ) ;
#1596 = B_SPLINE_CURVE_WITH_KNOTS ( 'NONE', 3,
 ( #3508, #5154, #142, #1866, #2311, #4664, #2382, #1834, #6831, #1169, #4109, #3013, #5718, #2980, #3468, #1281, #3546, #5833 ),
 .UNSPECIFIED., .F., .F.,
 ( 4, 2, 2, 2, 2, 2, 2, 2, 4 ),
 ( 0.000000000000000000, 0.001513101231944654007, 0.003026202463889308015, 0.004539303695833962239, 0.006052404927778616030, 0.007565506159723268953, 0.009078607391667924478, 0.01059170862361257827, 0.01210480985555722859 ),
 .UNSPECIFIED. ) ;
#1597 = CARTESIAN_POINT ( 'NONE',  ( 13.59614229025617327, 39.45775289877524727, -0.6538357653207546027 ) ) ;
#1598 = CARTESIAN_POINT ( 'NONE',  ( 13.74001212461294585, 19.99161605725723589, -2.690056535342480792 ) ) ;
#1599 = CARTESIAN_POINT ( 'NONE',  ( -12.88048916269685584, 21.10969007501356032, -3.675245137617697999 ) ) ;
#1600 = VECTOR ( 'NONE', #4445, 1000.000000000000000 ) ;
#1601 = CARTESIAN_POINT ( 'NONE',  ( -12.32882846293112422, 34.49999999999999289, 5.000000000000000888 ) ) ;
#1602 = CARTESIAN_POINT ( 'NONE',  ( 3.815211615198036643, 21.26800626566461005, -12.83115048372814115 ) ) ;
#1603 = CARTESIAN_POINT ( 'NONE',  ( -3.816796735311274613, 37.72998099645108994, 12.83055227569060719 ) ) ;
#1604 = CARTESIAN_POINT ( 'NONE',  ( 13.59614229025671683, 19.54224710122346309, 0.6538357653108929357 ) ) ;
#1605 = CARTESIAN_POINT ( 'NONE',  ( 2.724794792029388013, 20.30759268983752364, 13.16309275359571629 ) ) ;
#1606 = MECHANICAL_DESIGN_GEOMETRIC_PRESENTATION_REPRESENTATION (  '', ( #68 ), #1826 ) ;
#1607 = CARTESIAN_POINT ( 'NONE',  ( -12.78545144272253786, 24.31619618223386681, 5.703697540710732206 ) ) ;
#1608 = CARTESIAN_POINT ( 'NONE',  ( 13.46056061510685709, 38.12441850619725869, -3.849334241029085835 ) ) ;
#1609 = CARTESIAN_POINT ( 'NONE',  ( -3.810532272350999783, 37.73827407151397750, 12.83293348860771310 ) ) ;
#1610 = CARTESIAN_POINT ( 'NONE',  ( 13.15200009832960681, 20.80739075504703806, 3.371150428778855623 ) ) ;
#1611 = DIRECTION ( 'NONE',  ( 0.000000000000000000, -0.000000000000000000, 1.000000000000000000 ) ) ;
#1612 = ORIENTED_EDGE ( 'NONE', *, *, #2889, .F. ) ;
#1613 = CARTESIAN_POINT ( 'NONE',  ( 13.10727143139387607, 38.04307402216920053, 3.527978911996023648 ) ) ;
#1614 = CARTESIAN_POINT ( 'NONE',  ( 12.80218565964483268, 22.20370692471231067, 4.441700470357060837 ) ) ;
#1615 = CARTESIAN_POINT ( 'NONE',  ( 7.098379382258076298, 8.969792867132996506, 9.177613124455628935 ) ) ;
#1616 = CARTESIAN_POINT ( 'NONE',  ( 9.499999999999994671, 3.499999999999982236, -19.84313483298443970 ) ) ;
#1617 = CARTESIAN_POINT ( 'NONE',  ( 1.269291353975018355, 39.33638550780646881, -13.42767872827301723 ) ) ;
#1618 = ORIENTED_EDGE ( 'NONE', *, *, #6144, .T. ) ;
#1619 = DIRECTION ( 'NONE',  ( -8.881784197001252323E-16, 0.000000000000000000, -1.000000000000000000 ) ) ;
#1620 = CARTESIAN_POINT ( 'NONE',  ( 13.99568276806701839, 19.30150031482376605, -0.3585991830744943432 ) ) ;
#1621 = CARTESIAN_POINT ( 'NONE',  ( -5.000000000000010658, 24.16546291578882233, 10.46709128650361187 ) ) ;
#1622 = CARTESIAN_POINT ( 'NONE',  ( 11.48634336846481041, 19.76945767157404177, -1.627632931930405480 ) ) ;
#1623 = LINE ( 'NONE', #3885, #2989 ) ;
#1624 = CARTESIAN_POINT ( 'NONE',  ( 10.14772727272725739, 4.000000000000000000, 21.19607584432427672 ) ) ;
#1625 = CARTESIAN_POINT ( 'NONE',  ( 12.81779905190111712, 22.12507735853763435, -4.399983560781682179 ) ) ;
#1626 = EDGE_CURVE ( 'NONE', #2896, #3805, #7204, .T. ) ;
#1627 = CARTESIAN_POINT ( 'NONE',  ( -7.499999999999990230, 0.000000000000000000, 19.84313483298444325 ) ) ;
#1628 = EDGE_LOOP ( 'NONE', ( #2488, #1762, #3574, #5975, #5747, #5086 ) ) ;
#1629 = CARTESIAN_POINT ( 'NONE',  ( -3.967735243300719805, 38.45213767226546508, -13.42615781097218175 ) ) ;
#1630 = CARTESIAN_POINT ( 'NONE',  ( -12.80256718117381176, 23.76832863261882522, -5.665777514244615176 ) ) ;
#1631 = CARTESIAN_POINT ( 'NONE',  ( -13.14430010082550382, 20.35663406126499453, -2.798679341124749254 ) ) ;
#1632 = CARTESIAN_POINT ( 'NONE',  ( -13.96905171694893610, 19.07364992394951386, -0.9350436090806681921 ) ) ;
#1633 = CARTESIAN_POINT ( 'NONE',  ( 12.93969966100913283, 37.42173797669605761, -4.058322401900224641 ) ) ;
#1634 = CARTESIAN_POINT ( 'NONE',  ( 3.675245137617695779, 21.10969007501356032, -12.88048916269753974 ) ) ;
#1635 = CARTESIAN_POINT ( 'NONE',  ( 10.67082160570595484, 36.58041466120743479, -4.549531222503832240 ) ) ;
#1636 = CARTESIAN_POINT ( 'NONE',  ( 3.973706808865251183, 21.46416613276861796, 12.77291130195034619 ) ) ;
#1637 = CARTESIAN_POINT ( 'NONE',  ( 3.963644716955035729, 21.45103343147543740, 12.77667996410928986 ) ) ;
#1638 = CARTESIAN_POINT ( 'NONE',  ( -2.455233623510293395, 13.59111995476319379, 13.78513728603761912 ) ) ;
#1639 = CARTESIAN_POINT ( 'NONE',  ( 4.046280921109700834, 37.43756173986633229, -12.74521854766558882 ) ) ;
#1640 = CARTESIAN_POINT ( 'NONE',  ( 13.51232811181358606, 38.30214065012899027, -3.663530887271526648 ) ) ;
#1641 = CARTESIAN_POINT ( 'NONE',  ( -4.108199442731424789, 37.35119471416603432, 12.72129217169052318 ) ) ;
#1642 = CARTESIAN_POINT ( 'NONE',  ( 4.961301192742337385, 12.12973575277490035, -13.09292992671358746 ) ) ;
#1643 = DIRECTION ( 'NONE',  ( 0.000000000000000000, 0.000000000000000000, -1.000000000000000000 ) ) ;
#1644 = ORIENTED_EDGE ( 'NONE', *, *, #3859, .F. ) ;
#1645 = CARTESIAN_POINT ( 'NONE',  ( 13.48780034728550525, 19.82279631517004859, 1.767897129819340218 ) ) ;
#1646 = CARTESIAN_POINT ( 'NONE',  ( 12.59083981309923139, 35.07854092706033811, 4.967111133348177887 ) ) ;
#1647 = DIRECTION ( 'NONE',  ( -0.000000000000000000, 1.000000000000000000, -0.000000000000000000 ) ) ;
#1648 = CARTESIAN_POINT ( 'NONE',  ( -12.32882846293112422, 34.49999999999998579, 5.000000000000000888 ) ) ;
#1649 = CARTESIAN_POINT ( 'NONE',  ( 2.921370146246545563, 38.55798749863672015, -13.11200982208078436 ) ) ;
#1650 = ORIENTED_EDGE ( 'NONE', *, *, #580, .T. ) ;
#1651 = CARTESIAN_POINT ( 'NONE',  ( 12.65956630746272182, 23.11187957251295799, 4.803494174817087625 ) ) ;
#1652 = CARTESIAN_POINT ( 'NONE',  ( 13.51232811181359317, 20.69785934987103104, 3.663530887271523984 ) ) ;
#1653 = CARTESIAN_POINT ( 'NONE',  ( -0.6656928297917492632, 19.53361895116803382, 11.58539941088602632 ) ) ;
#1654 = CARTESIAN_POINT ( 'NONE',  ( 11.58549179710780486, 19.53340002416019416, -0.6647730666755745643 ) ) ;
#1655 = CARTESIAN_POINT ( 'NONE',  ( 7.500000000000000000, 14.00000000000000000, -59.57475013247809414 ) ) ;
#1656 = DIRECTION ( 'NONE',  ( -0.000000000000000000, -1.000000000000000000, -0.000000000000000000 ) ) ;
#1657 = CARTESIAN_POINT ( 'NONE',  ( -13.44522379405339585, 38.51329266042392874, -3.904406611246214798 ) ) ;
#1658 = CARTESIAN_POINT ( 'NONE',  ( 12.93383322639894040, 21.60266028741379429, -4.075329501573173197 ) ) ;
#1659 = CARTESIAN_POINT ( 'NONE',  ( 7.499999999999994671, 3.499999999999982236, -19.84313483298443970 ) ) ;
#1660 = LINE ( 'NONE', #3261, #5745 ) ;
#1661 = CARTESIAN_POINT ( 'NONE',  ( 13.54483600172630631, 39.32664709589526097, 1.305839026473736952 ) ) ;
#1662 = CARTESIAN_POINT ( 'NONE',  ( 12.99107301816946780, 23.30854657824891518, -5.218564169747407888 ) ) ;
#1663 = CARTESIAN_POINT ( 'NONE',  ( -13.00268122915531066, 22.21630963866091690, 5.189616448541726434 ) ) ;
#1664 = CARTESIAN_POINT ( 'NONE',  ( -13.49609145640318708, 19.50870465537020948, 0.3369661026788814961 ) ) ;
#1665 = EDGE_CURVE ( 'NONE', #3090, #3954, #6110, .T. ) ;
#1666 = CARTESIAN_POINT ( 'NONE',  ( -12.45659356369190363, 22.88043137740304900, 4.731152084026914117 ) ) ;
#1667 = CARTESIAN_POINT ( 'NONE',  ( 4.820274282104271002, 23.17034484722450216, -12.41515212021650072 ) ) ;
#1668 = CARTESIAN_POINT ( 'NONE',  ( 13.60947771890152147, 19.50864958129275806, -0.3360789735385515953 ) ) ;
#1669 = CARTESIAN_POINT ( 'NONE',  ( -24.00000000000000355, 24.50000000000000000, 5.000000000000000000 ) ) ;
#1670 = CARTESIAN_POINT ( 'NONE',  ( -11.58575380954990486, 19.53279565331962075, -0.6596712276900690286 ) ) ;
#1671 = CARTESIAN_POINT ( 'NONE',  ( 2.079598625401978484, 19.95008356872576272, 13.30582717154891448 ) ) ;
#1672 = DIRECTION ( 'NONE',  ( -0.000000000000000000, 1.000000000000000000, -0.000000000000000000 ) ) ;
#1673 = EDGE_CURVE ( 'NONE', #1205, #6816, #340, .T. ) ;
#1674 = DIRECTION ( 'NONE',  ( -0.000000000000000000, 1.000000000000000000, -0.000000000000000000 ) ) ;
#1675 = CARTESIAN_POINT ( 'NONE',  ( -4.803029970468915444, 23.11027366909749503, 12.42322373167486482 ) ) ;
#1676 = ORIENTED_EDGE ( 'NONE', *, *, #1881, .T. ) ;
#1677 = CARTESIAN_POINT ( 'NONE',  ( 13.44069452683205057, 19.94942191162406431, 2.072179995245715833 ) ) ;
#1678 = LINE ( 'NONE', #6749, #6005 ) ;
#1679 = AXIS2_PLACEMENT_3D ( 'NONE', #271, #7090, #4646 ) ;
#1680 = CARTESIAN_POINT ( 'NONE',  ( -5.507218689092057140, 35.93402034453475125, 12.87133118078475569 ) ) ;
#1681 = CARTESIAN_POINT ( 'NONE',  ( 4.689068714770032287, 36.23617133225998543, 12.47580377301256682 ) ) ;
#1682 = CARTESIAN_POINT ( 'NONE',  ( -3.047153119152846035, 38.46502789234886421, -13.07747853385274439 ) ) ;
#1683 = AXIS2_PLACEMENT_3D ( 'NONE', #4657, #6446, #5220 ) ;
#1684 = VECTOR ( 'NONE', #5272, 1000.000000000000000 ) ;
#1685 = ORIENTED_EDGE ( 'NONE', *, *, #4999, .T. ) ;
#1686 = CARTESIAN_POINT ( 'NONE',  ( 5.573798846018098274, 23.32937349705751018, 12.84263088824929433 ) ) ;
#1687 = CARTESIAN_POINT ( 'NONE',  ( 13.97274741205988491, 19.36015228901394281, 0.8774977139849731156 ) ) ;
#1688 = CARTESIAN_POINT ( 'NONE',  ( 12.99270295623131588, 35.69937339569965218, -5.214423616354934232 ) ) ;
#1689 = CARTESIAN_POINT ( 'NONE',  ( 2.001732616152981592, 39.08248789607170437, -13.31946312805732902 ) ) ;
#1690 = CARTESIAN_POINT ( 'NONE',  ( 13.05584264162552088, 37.86361153734942064, 3.699479893160777966 ) ) ;
#1691 = DIRECTION ( 'NONE',  ( 0.000000000000000000, -1.000000000000000000, 0.000000000000000000 ) ) ;
#1692 = DIRECTION ( 'NONE',  ( 0.000000000000000000, 0.000000000000000000, -1.000000000000000000 ) ) ;
#1693 = AXIS2_PLACEMENT_3D ( 'NONE', #6863, #2310, #5716 ) ;
#1694 = CARTESIAN_POINT ( 'NONE',  ( 4.937843757787894639, 23.71296006057075445, -12.35910525360218060 ) ) ;
#1695 = CONICAL_SURFACE ( 'NONE', #3336, 1.499999999999987566, 0.7853981633974442822 ) ;
#1696 = CARTESIAN_POINT ( 'NONE',  ( -5.333266973458630211, 22.54811847779509648, -12.94439843765957043 ) ) ;
#1697 = CARTESIAN_POINT ( 'NONE',  ( 5.665836775383833235, 35.23109841341700132, 12.80254012725979962 ) ) ;
#1698 = CARTESIAN_POINT ( 'NONE',  ( -4.931696440389218949, 37.26344542768693202, -13.10263265623419571 ) ) ;
#1699 = FACE_BOUND ( 'NONE', #902, .T. ) ;
#1700 = CARTESIAN_POINT ( 'NONE',  ( 13.16256451264789895, 38.22713445814348177, 3.332967405684752915 ) ) ;
#1701 = CARTESIAN_POINT ( 'NONE',  ( -12.84361010163864236, 23.31933902634960276, -5.571543963429048674 ) ) ;
#1702 = CARTESIAN_POINT ( 'NONE',  ( -13.33881947268725732, 19.87129207748542825, 1.890898199917156575 ) ) ;
#1703 = CARTESIAN_POINT ( 'NONE',  ( -13.46344926528101560, 19.58210136607289442, 0.9061354478495889930 ) ) ;
#1704 = CARTESIAN_POINT ( 'NONE',  ( 1.140077555567936551, 19.63154233883753719, -13.44169410525085517 ) ) ;
#1705 = CARTESIAN_POINT ( 'NONE',  ( -3.849181933515315901, 37.69122240898398246, 12.81883183687355654 ) ) ;
#1706 = CARTESIAN_POINT ( 'NONE',  ( -13.00242667865684609, 36.78674649157932919, 5.190650374805558798 ) ) ;
#1707 = CARTESIAN_POINT ( 'NONE',  ( 11.19429426029311614, 38.47244953368196718, -3.053625481271332376 ) ) ;
#1708 = CARTESIAN_POINT ( 'NONE',  ( -10.76171355909803218, 21.98552902545436893, 4.333948978830234111 ) ) ;
#1709 = VECTOR ( 'NONE', #5538, 1000.000000000000000 ) ;
#1710 = CARTESIAN_POINT ( 'NONE',  ( 4.549339564448400708, 22.42391767314233419, 12.53829996367959154 ) ) ;
#1711 = CARTESIAN_POINT ( 'NONE',  ( -1.978901725835847003, 13.73851520122325276, 13.86153418999512965 ) ) ;
#1712 = CARTESIAN_POINT ( 'NONE',  ( 13.48673868718754321, 39.17443374264422573, 1.776610990561374948 ) ) ;
#1713 = CARTESIAN_POINT ( 'NONE',  ( 4.908900487238240906, 35.45101259342915512, 12.37305018407113621 ) ) ;
#1714 = CARTESIAN_POINT ( 'NONE',  ( 13.11511995818821674, 20.93012380099934688, 3.501183520339936628 ) ) ;
#1715 = EDGE_CURVE ( 'NONE', #393, #3689, #1910, .T. ) ;
#1716 = CARTESIAN_POINT ( 'NONE',  ( -3.709144386759170242, 21.14703866988622494, 12.86869030475483200 ) ) ;
#1717 = EDGE_LOOP ( 'NONE', ( #3874, #3141, #1970, #20 ) ) ;
#1718 = CARTESIAN_POINT ( 'NONE',  ( 7.500000000000000000, 6.500000000000000888, -59.57475013247809414 ) ) ;
#1719 = DIRECTION ( 'NONE',  ( -2.602085213965214093E-16, 1.000000000000000000, -1.552776445676392522E-16 ) ) ;
#1720 = CARTESIAN_POINT ( 'NONE',  ( -0.7556468484564659027, 39.95226839727474299, 13.97990102065496032 ) ) ;
#1721 = CARTESIAN_POINT ( 'NONE',  ( -1.728604064079517943, 39.19294553297411454, -13.36589894170220916 ) ) ;
#1722 = ADVANCED_FACE ( 'NONE', ( #5318 ), #1695, .T. ) ;
#1723 = CARTESIAN_POINT ( 'NONE',  ( -0.3251165232860461773, 39.48959322986623022, -13.49534014820027927 ) ) ;
#1724 = DIRECTION ( 'NONE',  ( -1.206107350727848108E-16, 0.000000000000000000, -1.000000000000000000 ) ) ;
#1725 = CARTESIAN_POINT ( 'NONE',  ( 12.96457163637766996, 23.63797807272834106, 5.283933397652333497 ) ) ;
#1726 = CARTESIAN_POINT ( 'NONE',  ( -18.50000000000000000, 0.000000000000000000, 0.000000000000000000 ) ) ;
#1727 = CARTESIAN_POINT ( 'NONE',  ( 12.95710815369721480, 37.49131404604357698, 4.006514136882718624 ) ) ;
#1728 = CARTESIAN_POINT ( 'NONE',  ( 0.000000000000000000, 14.00000000000000000, 0.000000000000000000 ) ) ;
#1729 = CARTESIAN_POINT ( 'NONE',  ( -5.694087720466446179, 34.86677875510878977, 12.78975292877223957 ) ) ;
#1730 = CARTESIAN_POINT ( 'NONE',  ( 0.1814956330750186475, 19.00202834318651668, -13.99914273714451340 ) ) ;
#1731 = CARTESIAN_POINT ( 'NONE',  ( -13.85331145254939678, 39.64344277721928478, -2.028836653665785583 ) ) ;
#1732 = CARTESIAN_POINT ( 'NONE',  ( 4.288362537948531283, 38.13067232239730942, 13.32761151606373673 ) ) ;
#1733 = FACE_OUTER_BOUND ( 'NONE', #6482, .T. ) ;
#1734 = CARTESIAN_POINT ( 'NONE',  ( -24.00000000000000355, 34.49999999999999289, 5.000000000000000888 ) ) ;
#1735 = CARTESIAN_POINT ( 'NONE',  ( 13.03873322319982186, 22.89651237246210869, -5.098254586230384966 ) ) ;
#1736 = CARTESIAN_POINT ( 'NONE',  ( -13.42323708763891510, 19.67381277446058618, 1.307538022162255231 ) ) ;
#1737 = CARTESIAN_POINT ( 'NONE',  ( -12.48209869952360940, 22.72556209853647147, 4.675266985663469654 ) ) ;
#1738 = CARTESIAN_POINT ( 'NONE',  ( 0.8179480078580765312, 19.56666578741860718, -13.47028253313703239 ) ) ;
#1739 = CARTESIAN_POINT ( 'NONE',  ( -13.44577723533384983, 38.51363543348124807, 3.900789682978023531 ) ) ;
#1740 = CARTESIAN_POINT ( 'NONE',  ( 11.53091008863576050, 39.33790400466794068, -1.304978923944888569 ) ) ;
#1741 = CARTESIAN_POINT ( 'NONE',  ( 4.806041646972804671, 23.11833329517054381, 12.42184610739007944 ) ) ;
#1742 = CARTESIAN_POINT ( 'NONE',  ( 12.98976435079886826, 37.61911314708104470, -3.907928910903022857 ) ) ;
#1743 = CARTESIAN_POINT ( 'NONE',  ( 1.148536051283308712, 19.63352528258607776, 13.44082727888746298 ) ) ;
#1744 = CYLINDRICAL_SURFACE ( 'NONE', #5394, 1.999999999999998224 ) ;
#1745 = CARTESIAN_POINT ( 'NONE',  ( 13.08810860435272261, 37.97763490590732260, 3.593405431183680943 ) ) ;
#1746 = CARTESIAN_POINT ( 'NONE',  ( 3.329240443822290008, 38.23065884761368238, 12.99383504092417851 ) ) ;
#1747 = CARTESIAN_POINT ( 'NONE',  ( 13.24975878409988184, 20.49836294151309346, 2.997890064615174488 ) ) ;
#1748 = CARTESIAN_POINT ( 'NONE',  ( -4.667476213623533710, 22.70621577256917334, 12.48560775837367132 ) ) ;
#1749 = ORIENTED_EDGE ( 'NONE', *, *, #6992, .F. ) ;
#1750 = CARTESIAN_POINT ( 'NONE',  ( 12.61552439229116196, 23.54989206805876378, 4.909074137059394438 ) ) ;
#1751 = CARTESIAN_POINT ( 'NONE',  ( -12.42322373168367555, 23.11027366902237290, -4.803029970447089347 ) ) ;
#1752 = CARTESIAN_POINT ( 'NONE',  ( -5.189616448541761962, 36.78369036133909731, 13.00268122915529645 ) ) ;
#1753 = ADVANCED_FACE ( 'NONE', ( #6547 ), #4795, .T. ) ;
#1754 = CARTESIAN_POINT ( 'NONE',  ( -2.641920017371451657, 38.74580256302113668, -13.18372039220039227 ) ) ;
#1755 = CARTESIAN_POINT ( 'NONE',  ( 4.191937188893684940, 37.22552288174223634, 12.68809945276188600 ) ) ;
#1756 = CARTESIAN_POINT ( 'NONE',  ( -1.614915759334836887, 39.23273802675884525, -13.38289089555150468 ) ) ;
#1757 = ORIENTED_EDGE ( 'NONE', *, *, #2340, .F. ) ;
#1758 = PLANE ( 'NONE',  #156 ) ;
#1759 = CARTESIAN_POINT ( 'NONE',  ( 13.15184544376767484, 22.18334891406068010, 4.798896066459632515 ) ) ;
#1760 = CARTESIAN_POINT ( 'NONE',  ( 0.6587888832250273774, 19.53258665332669963, 11.58584202577907618 ) ) ;
#1761 = CARTESIAN_POINT ( 'NONE',  ( -2.233428016741769273, 38.98558273087541437, -11.38713773090621295 ) ) ;
#1762 = ORIENTED_EDGE ( 'NONE', *, *, #3898, .F. ) ;
#1763 = ADVANCED_FACE ( 'NONE', ( #6487 ), #2603, .F. ) ;
#1764 = CARTESIAN_POINT ( 'NONE',  ( 4.825236483681763389, 23.18704311694936138, -12.41282736075850046 ) ) ;
#1765 = CARTESIAN_POINT ( 'NONE',  ( -0.6626552606837904369, 19.03649825695844910, -13.98461992168038748 ) ) ;
#1766 = B_SPLINE_CURVE_WITH_KNOTS ( 'NONE', 3,
 ( #2231, #4578, #5573, #1089, #1615, #4444, #7290, #2160, #3876, #3911, #22, #6189, #6153, #4509, #3313, #5605, #5640, #5037 ),
 .UNSPECIFIED., .F., .F.,
 ( 4, 2, 2, 2, 2, 2, 2, 2, 4 ),
 ( 1.153949739205086528E-17, 0.001511937718421397766, 0.003023875436842784255, 0.004535813155264170095, 0.006047750873685556368, 0.007559688592106943508, 0.009071626310528331516, 0.01058356402894971779, 0.01209550174737110753 ),
 .UNSPECIFIED. ) ;
#1767 = CARTESIAN_POINT ( 'NONE',  ( -13.94044318815087280, 39.85758925739880709, 1.303051518860874225 ) ) ;
#1768 = LINE ( 'NONE', #5084, #3936 ) ;
#1769 = DIRECTION ( 'NONE',  ( 0.000000000000000000, 0.000000000000000000, -1.000000000000000000 ) ) ;
#1770 = CARTESIAN_POINT ( 'NONE',  ( 12.95240995223144864, 23.81274261874785125, -5.313702616882108209 ) ) ;
#1771 = SURFACE_STYLE_FILL_AREA ( #6874 ) ;
#1772 = CARTESIAN_POINT ( 'NONE',  ( -13.19117405387934383, 20.23523985128584002, 2.610263671796228646 ) ) ;
#1773 = CARTESIAN_POINT ( 'NONE',  ( -12.77667996410932361, 21.45103343147544805, 3.963644716955031289 ) ) ;
#1774 = CARTESIAN_POINT ( 'NONE',  ( -12.73713490981012342, 37.40894887933972512, 4.067498963049479777 ) ) ;
#1775 = CARTESIAN_POINT ( 'NONE',  ( 1.060665051175114781, 19.61362644894427021, -13.44955914315845469 ) ) ;
#1776 = CARTESIAN_POINT ( 'NONE',  ( -13.59906280377225052, 38.96803034358536166, 3.327365498151762413 ) ) ;
#1777 = CARTESIAN_POINT ( 'NONE',  ( -10.46709128650361365, 24.16518355685870389, -5.000000000000000000 ) ) ;
#1778 = CARTESIAN_POINT ( 'NONE',  ( -13.47028253313743207, 39.43333421258207494, 0.8179480078539136390 ) ) ;
#1779 = CARTESIAN_POINT ( 'NONE',  ( 12.94744337855713034, 37.45251088472407730, -4.035193975274437683 ) ) ;
#1780 = CARTESIAN_POINT ( 'NONE',  ( -3.111229949161859132, 20.58504376389073798, 13.05919771033386212 ) ) ;
#1781 = CARTESIAN_POINT ( 'NONE',  ( 2.861534782916910657, 39.26109549499336282, -13.70545005590747323 ) ) ;
#1782 = CARTESIAN_POINT ( 'NONE',  ( 13.30759686413474441, 38.67473375052926343, 2.751958250773406611 ) ) ;
#1783 = CARTESIAN_POINT ( 'NONE',  ( 3.298747055674226214, 38.25764970753357375, 13.00324395399328736 ) ) ;
#1784 = CARTESIAN_POINT ( 'NONE',  ( 4.550259204778909883, 22.42118854653343263, -10.67051050939734047 ) ) ;
#1785 = CARTESIAN_POINT ( 'NONE',  ( -4.966877844265205511, 23.91959182084140423, 12.34502123843454946 ) ) ;
#1786 = ORIENTED_EDGE ( 'NONE', *, *, #235, .F. ) ;
#1787 = ORIENTED_EDGE ( 'NONE', *, *, #3117, .T. ) ;
#1788 = CARTESIAN_POINT ( 'NONE',  ( -8.000000000000008882, 4.000000000000000000, -12.68857754044949893 ) ) ;
#1789 = CARTESIAN_POINT ( 'NONE',  ( -12.63270960129265319, 21.99532929016331195, -4.328197484439757048 ) ) ;
#1790 = CARTESIAN_POINT ( 'NONE',  ( -1.033665515213589847, 39.90968802780637503, 13.96209530386597386 ) ) ;
#1791 = B_SPLINE_CURVE_WITH_KNOTS ( 'NONE', 3,
 ( #989, #5473, #5582, #1060 ),
 .UNSPECIFIED., .F., .F.,
 ( 4, 4 ),
 ( 0.000000000000000000, 0.001125842092312396604 ),
 .UNSPECIFIED. ) ;
#1792 = CARTESIAN_POINT ( 'NONE',  ( -13.13709814253311237, 37.41232561196843420, -4.839343276956283191 ) ) ;
#1793 = ORIENTED_EDGE ( 'NONE', *, *, #5964, .F. ) ;
#1794 = ADVANCED_FACE ( 'NONE', ( #3046 ), #3612, .F. ) ;
#1795 = DIRECTION ( 'NONE',  ( 0.000000000000000000, 1.000000000000000000, 0.000000000000000000 ) ) ;
#1796 = CARTESIAN_POINT ( 'NONE',  ( 12.99299787136308915, 23.29973142452617907, 5.213647315672313987 ) ) ;
#1797 = CARTESIAN_POINT ( 'NONE',  ( -9.499999999999994671, 4.000000000000000000, -21.34313483298442904 ) ) ;
#1798 = LINE ( 'NONE', #684, #2533 ) ;
#1799 = VERTEX_POINT ( 'NONE', #7059 ) ;
#1800 = CARTESIAN_POINT ( 'NONE',  ( -3.021112669873518009, 39.16854510956787294, 13.67106542987523810 ) ) ;
#1801 = CARTESIAN_POINT ( 'NONE',  ( 1.027590024168311356, 19.08924194120337603, -13.96254142991349134 ) ) ;
#1802 = AXIS2_PLACEMENT_3D ( 'NONE', #6065, #954, #5015 ) ;
#1803 = PLANE ( 'NONE',  #7178 ) ;
#1804 = CARTESIAN_POINT ( 'NONE',  ( -12.94665238860166312, 38.09285274116029996, 3.478209825829477797 ) ) ;
#1805 = EDGE_CURVE ( 'NONE', #2646, #7288, #4527, .T. ) ;
#1806 = AXIS2_PLACEMENT_3D ( 'NONE', #4455, #4948, #6164 ) ;
#1807 = CARTESIAN_POINT ( 'NONE',  ( 13.01000129510569714, 23.13479694369578610, 5.171113038893082603 ) ) ;
#1808 = CONICAL_SURFACE ( 'NONE', #3714, 1.499999999999984013, 0.7853981633974447263 ) ;
#1809 = CARTESIAN_POINT ( 'NONE',  ( -13.48108581574840947, 19.54233596339650703, -0.6545171477916362779 ) ) ;
#1810 = CARTESIAN_POINT ( 'NONE',  ( -12.63364745731748684, 21.99140537564662523, 4.325913785942428369 ) ) ;
#1811 = CARTESIAN_POINT ( 'NONE',  ( -12.69995325007536913, 37.27069833684678457, 4.162132685199478210 ) ) ;
#1812 = CARTESIAN_POINT ( 'NONE',  ( -4.133445250803792881, 37.31330971624563375, 12.71128555222943923 ) ) ;
#1813 = CARTESIAN_POINT ( 'NONE',  ( -13.48108581574600962, 39.45766403659651900, 0.6545171478444589130 ) ) ;
#1814 = CARTESIAN_POINT ( 'NONE',  ( 12.94117536117847678, 37.42715431246385549, -4.053705345736585031 ) ) ;
#1815 = CARTESIAN_POINT ( 'NONE',  ( -3.961391167708282701, 21.44813080062941069, 12.77752299314135165 ) ) ;
#1816 = CARTESIAN_POINT ( 'NONE',  ( 1.488460009667327055, 39.81255965368661265, -13.92184017584255251 ) ) ;
#1817 = CARTESIAN_POINT ( 'NONE',  ( 13.56757654213220299, 39.38512012538444651, 1.066448113146793775 ) ) ;
#1818 = DIRECTION ( 'NONE',  ( 0.000000000000000000, 0.000000000000000000, -1.000000000000000000 ) ) ;
#1819 = CARTESIAN_POINT ( 'NONE',  ( 13.22654142823857804, 20.56964532717927696, 3.091145753956612285 ) ) ;
#1820 = ORIENTED_EDGE ( 'NONE', *, *, #2612, .F. ) ;
#1821 = ORIENTED_EDGE ( 'NONE', *, *, #7248, .F. ) ;
#1822 = CARTESIAN_POINT ( 'NONE',  ( 13.30643109273991698, 37.53923210128444055, 4.352230607450995770 ) ) ;
#1823 = CARTESIAN_POINT ( 'NONE',  ( -12.70282834712855546, 21.71843459011590838, -4.154873143105250577 ) ) ;
#1824 = CARTESIAN_POINT ( 'NONE',  ( -5.068055422443481284, 37.02480868482119547, 13.05055611474003285 ) ) ;
#1825 = CARTESIAN_POINT ( 'NONE',  ( -13.66989858999155416, 19.83537227569946637, 3.023322884259286081 ) ) ;
#1826 =( GEOMETRIC_REPRESENTATION_CONTEXT ( 3 ) GLOBAL_UNCERTAINTY_ASSIGNED_CONTEXT ( ( #4567 ) ) GLOBAL_UNIT_ASSIGNED_CONTEXT ( ( #4691, #5255, #6412 ) ) REPRESENTATION_CONTEXT ( 'NONE', 'WORKASPACE' ) );
#1827 = DIRECTION ( 'NONE',  ( 0.000000000000000000, 1.000000000000000000, 0.000000000000000000 ) ) ;
#1828 = FACE_OUTER_BOUND ( 'NONE', #67, .T. ) ;
#1829 = CARTESIAN_POINT ( 'NONE',  ( -4.550245928475931123, 36.57886062731407861, -12.53805450426570722 ) ) ;
#1830 = ORIENTED_EDGE ( 'NONE', *, *, #3526, .F. ) ;
#1831 = CARTESIAN_POINT ( 'NONE',  ( -2.018765464496683482, 19.35522881545677265, 13.85397175711803008 ) ) ;
#1832 = CARTESIAN_POINT ( 'NONE',  ( 12.67846361731224114, 22.96080765317687167, -4.757373122503146590 ) ) ;
#1833 = CARTESIAN_POINT ( 'NONE',  ( -24.00000000000000355, 24.50000000000000000, -5.000000000000000000 ) ) ;
#1834 = CARTESIAN_POINT ( 'NONE',  ( -4.618218389475104324, 12.42948130575058485, 10.64981694255728328 ) ) ;
#1835 = VERTEX_POINT ( 'NONE', #6977 ) ;
#1836 = CARTESIAN_POINT ( 'NONE',  ( 5.000000000000007994, 24.50000000000000000, -12.32882846293107626 ) ) ;
#1837 = CARTESIAN_POINT ( 'NONE',  ( -3.332525600356687878, 20.03621413891707093, -13.59763959100848041 ) ) ;
#1838 = EDGE_CURVE ( 'NONE', #1888, #4693, #3649, .T. ) ;
#1839 = CARTESIAN_POINT ( 'NONE',  ( -24.00000000000000355, 24.50000000000000000, 5.000000000000000000 ) ) ;
#1840 = DIRECTION ( 'NONE',  ( 0.000000000000000000, -1.000000000000000000, 0.000000000000000000 ) ) ;
#1841 = CARTESIAN_POINT ( 'NONE',  ( 12.94919270031286196, 23.80770895349752792, 5.322050339446283473 ) ) ;
#1842 = CARTESIAN_POINT ( 'NONE',  ( -12.54479730382331581, 22.39268118459135692, 4.534408557223495784 ) ) ;
#1843 = CARTESIAN_POINT ( 'NONE',  ( -12.36932284729519615, 23.58992786611577230, -4.916655703749112760 ) ) ;
#1844 = CARTESIAN_POINT ( 'NONE',  ( 1.259329390602453635, 19.65997474486284347, -13.42924016620710859 ) ) ;
#1845 = EDGE_CURVE ( 'NONE', #6525, #5536, #2532, .T. ) ;
#1846 = CARTESIAN_POINT ( 'NONE',  ( -4.718749163075515618, 36.15381380464806682, 12.46225512916807965 ) ) ;
#1847 = CARTESIAN_POINT ( 'NONE',  ( -13.13859881270516539, 38.62844655221268653, -2.820922919498015435 ) ) ;
#1848 = CARTESIAN_POINT ( 'NONE',  ( 12.97510804158708098, 37.56260115394091770, -3.952639054625745718 ) ) ;
#1849 = CARTESIAN_POINT ( 'NONE',  ( -4.323240832646976450, 21.98777666588205904, 12.63468169852540157 ) ) ;
#1850 = CARTESIAN_POINT ( 'NONE',  ( 1.849989357765793763, 39.70583499108782632, -13.87842521535624485 ) ) ;
#1851 = CARTESIAN_POINT ( 'NONE',  ( 13.22047292263776619, 38.41168077007009174, 3.115334545966266688 ) ) ;
#1852 = CARTESIAN_POINT ( 'NONE',  ( 1.959377144274948357, 39.10013461236291477, 13.32685364616591706 ) ) ;
#1853 = CARTESIAN_POINT ( 'NONE',  ( -2.106334979788888173, 19.96513181688591132, 13.29974633398088102 ) ) ;
#1854 = ORIENTED_EDGE ( 'NONE', *, *, #5964, .T. ) ;
#1855 = CARTESIAN_POINT ( 'NONE',  ( -1.854462693391149664, 39.70431840068650331, 13.87780853716197527 ) ) ;
#1856 = CARTESIAN_POINT ( 'NONE',  ( -13.91009967128694136, 19.21634428239735826, 1.584681556434809124 ) ) ;
#1857 = CARTESIAN_POINT ( 'NONE',  ( 1.356128664617158863, 39.84247225862767294, -13.93423987403175701 ) ) ;
#1858 = CARTESIAN_POINT ( 'NONE',  ( -5.000000000000007105, 34.49999999999998579, -22.79802623035600462 ) ) ;
#1859 = CARTESIAN_POINT ( 'NONE',  ( -12.48103615137462086, 24.50000000000000711, -5.234567704836711854 ) ) ;
#1860 = CARTESIAN_POINT ( 'NONE',  ( -10.54350258727023615, 35.80700571920004904, -4.837318589981705941 ) ) ;
#1861 = ORIENTED_EDGE ( 'NONE', *, *, #5860, .T. ) ;
#1862 = CARTESIAN_POINT ( 'NONE',  ( -0.4658398471838612331, 19.01818275923777080, 13.99232828075661139 ) ) ;
#1863 = CARTESIAN_POINT ( 'NONE',  ( 12.59430683584535871, 23.84037782264857697, -4.959030385131691254 ) ) ;
#1864 = CARTESIAN_POINT ( 'NONE',  ( -5.479673920892659034, 22.97099092412212329, 12.88309252787031411 ) ) ;
#1865 = CARTESIAN_POINT ( 'NONE',  ( 12.82266318252997372, 36.89898211409546747, 4.386909587083012596 ) ) ;
#1866 = CARTESIAN_POINT ( 'NONE',  ( -1.995792266008753257, 13.74692997839753517, 11.43774491201622290 ) ) ;
#1867 = ORIENTED_EDGE ( 'NONE', *, *, #3536, .F. ) ;
#1868 = CARTESIAN_POINT ( 'NONE',  ( 12.93429922887929528, 34.50000000000000000, 5.357602398257307108 ) ) ;
#1869 = CARTESIAN_POINT ( 'NONE',  ( 5.000540191323258554, 21.85408993357064844, -13.07651200955242388 ) ) ;
#1870 = CARTESIAN_POINT ( 'NONE',  ( -7.499999999999992895, 7.013066565707748445, -8.849293757131134086 ) ) ;
#1871 = CARTESIAN_POINT ( 'NONE',  ( -13.34657716478097633, 39.14723847982315874, 1.846618629337094530 ) ) ;
#1872 = CARTESIAN_POINT ( 'NONE',  ( -12.52322511534504024, 36.49824149703860598, -4.583384843329264768 ) ) ;
#1873 = CARTESIAN_POINT ( 'NONE',  ( 13.03369380383293930, 22.93731199502150275, -5.111068204352850586 ) ) ;
#1874 = CARTESIAN_POINT ( 'NONE',  ( 13.87093636050374457, 19.62747810522416003, -1.903652187607990820 ) ) ;
#1875 = CARTESIAN_POINT ( 'NONE',  ( -12.33285904097955132, 24.16905293593649517, 4.991809502328195869 ) ) ;
#1876 = CARTESIAN_POINT ( 'NONE',  ( -13.49248858780284799, 19.51677937368307525, 0.4174432764730488521 ) ) ;
#1877 = CARTESIAN_POINT ( 'NONE',  ( -4.583384843336476777, 22.50175850297793900, -12.52322511534094929 ) ) ;
#1878 = CARTESIAN_POINT ( 'NONE',  ( 13.30356431904235315, 20.33716559308885508, -2.769692042575647939 ) ) ;
#1879 = CARTESIAN_POINT ( 'NONE',  ( -13.42300906434767782, 39.32566259632099559, -1.309464140770318918 ) ) ;
#1880 = CARTESIAN_POINT ( 'NONE',  ( 13.01971112306128298, 37.73214933111327696, -3.815080399488491203 ) ) ;
#1881 = EDGE_CURVE ( 'NONE', #1271, #6348, #6083, .T. ) ;
#1882 = CARTESIAN_POINT ( 'NONE',  ( -2.648690145665281825, 20.25609830276241397, 13.18272709041976398 ) ) ;
#1883 = CARTESIAN_POINT ( 'NONE',  ( 5.656844457310383767, 35.22642246055588799, -12.80626900168374149 ) ) ;
#1884 = CARTESIAN_POINT ( 'NONE',  ( 13.28542725031341298, 38.60933760048862950, -2.849545967105002742 ) ) ;
#1885 = CARTESIAN_POINT ( 'NONE',  ( -0.8242388446807353830, 39.43228107792821646, 13.46981595863696590 ) ) ;
#1886 = CARTESIAN_POINT ( 'NONE',  ( 5.000000000000000888, 24.16546291578882233, -10.46709128650361542 ) ) ;
#1887 = CARTESIAN_POINT ( 'NONE',  ( 1.890898199972012916, 19.87129207750794180, 13.33881947267905232 ) ) ;
#1888 = VERTEX_POINT ( 'NONE', #1537 ) ;
#1889 = ADVANCED_FACE ( 'NONE', ( #6673 ), #1569, .T. ) ;
#1890 = CARTESIAN_POINT ( 'NONE',  ( 3.171412703686471435, 38.36551769150023716, -13.04147481781888906 ) ) ;
#1891 = VERTEX_POINT ( 'NONE', #426 ) ;
#1892 = CARTESIAN_POINT ( 'NONE',  ( 13.78287731783244396, 39.12998170889883198, -2.457315414106310936 ) ) ;
#1893 = CARTESIAN_POINT ( 'NONE',  ( 3.967735243300679837, 38.45213767226546508, 13.42615781097219241 ) ) ;
#1894 = CARTESIAN_POINT ( 'NONE',  ( -0.5132620449310513200, 39.97787742664342403, -13.99066853216511319 ) ) ;
#1895 = FACE_OUTER_BOUND ( 'NONE', #6892, .T. ) ;
#1896 = CARTESIAN_POINT ( 'NONE',  ( -12.81855921369416151, 35.40515404674718525, -5.629045868437763112 ) ) ;
#1897 = CARTESIAN_POINT ( 'NONE',  ( -10.76171355909803928, 37.01447097454562396, -4.333948978830233223 ) ) ;
#1898 = ORIENTED_EDGE ( 'NONE', *, *, #2332, .F. ) ;
#1899 = CARTESIAN_POINT ( 'NONE',  ( -4.518919828210148815, 21.14294417205534060, 13.25076436672376090 ) ) ;
#1900 = CARTESIAN_POINT ( 'NONE',  ( 13.44063961180647304, 19.94922123361676825, -2.077710374512803604 ) ) ;
#1901 = CARTESIAN_POINT ( 'NONE',  ( 0.000000000000000000, 44.75000000000005684, 0.000000000000000000 ) ) ;
#1902 = CARTESIAN_POINT ( 'NONE',  ( 12.64459601849649850, 35.76033488622355350, 4.839766324393163011 ) ) ;
#1903 = CARTESIAN_POINT ( 'NONE',  ( -5.555136768237761480, 23.23983429723861960, -12.85076168068408187 ) ) ;
#1904 = ORIENTED_EDGE ( 'NONE', *, *, #2753, .T. ) ;
#1905 = CARTESIAN_POINT ( 'NONE',  ( 1.002067829742686822, 13.94930309507812360, 13.97265622718044042 ) ) ;
#1906 = CARTESIAN_POINT ( 'NONE',  ( 5.625134224076544065, 23.58909659572817219, -12.82021630050981997 ) ) ;
#1907 = CARTESIAN_POINT ( 'NONE',  ( -1.995770094848877463, 13.74691403374778709, -11.43773503846905371 ) ) ;
#1908 = CARTESIAN_POINT ( 'NONE',  ( -12.64325777577637666, 37.04762454111516234, 4.302474751766713013 ) ) ;
#1909 = CARTESIAN_POINT ( 'NONE',  ( -3.762521629633877041, 37.80864979454612751, 10.97545589786138542 ) ) ;
#1910 = CIRCLE ( 'NONE', #2971, 1.750000000000000000 ) ;
#1911 = CARTESIAN_POINT ( 'NONE',  ( -12.32882846293113310, 34.49999999999999289, -4.999999999999999112 ) ) ;
#1912 = CARTESIAN_POINT ( 'NONE',  ( 13.94703104101661495, 39.57346211534142100, 1.228970394714549608 ) ) ;
#1913 = CARTESIAN_POINT ( 'NONE',  ( 13.51229032932651108, 20.69665642011860385, 3.665275863637405429 ) ) ;
#1914 = CARTESIAN_POINT ( 'NONE',  ( -12.58367752228987335, 22.20818341572093502, 4.444637833511641212 ) ) ;
#1915 = CARTESIAN_POINT ( 'NONE',  ( -13.39399708042344805, 19.74138579950568939, -1.536983677115852709 ) ) ;
#1916 = CARTESIAN_POINT ( 'NONE',  ( -2.911947128291594300, 20.43463526935729391, -13.11469142390493303 ) ) ;
#1917 = CARTESIAN_POINT ( 'NONE',  ( -4.867952758513000688, 35.64223113244126750, 12.39261419211442572 ) ) ;
#1918 = CARTESIAN_POINT ( 'NONE',  ( -12.49554036372539301, 36.35088777233253410, -4.645523755975097480 ) ) ;
#1919 = CARTESIAN_POINT ( 'NONE',  ( -13.44955914315918122, 39.38637355105737470, 1.060665051167354545 ) ) ;
#1920 = CARTESIAN_POINT ( 'NONE',  ( 13.57134462634961736, 39.39475127698557344, -1.021344017580709806 ) ) ;
#1921 = CARTESIAN_POINT ( 'NONE',  ( -4.997906189854692371, 24.33309210315398374, 12.32985669532617834 ) ) ;
#1922 = CARTESIAN_POINT ( 'NONE',  ( 3.766412733257644252, 38.63417489416157480, -13.48466648398110301 ) ) ;
#1923 = CARTESIAN_POINT ( 'NONE',  ( 3.478209825829481350, 20.90714725883969294, -12.94665238860161871 ) ) ;
#1924 = CARTESIAN_POINT ( 'NONE',  ( 2.641920017474278737, 38.74580256295714520, 13.18372039217708647 ) ) ;
#1925 = CARTESIAN_POINT ( 'NONE',  ( -2.940803362842101532, 20.45607565246900705, 13.10674025046709801 ) ) ;
#1926 = ORIENTED_EDGE ( 'NONE', *, *, #1359, .F. ) ;
#1927 = B_SPLINE_CURVE_WITH_KNOTS ( 'NONE', 3,
 ( #1997, #4952, #2494, #294, #1951, #5987, #3626, #3145, #5429, #331, #2135, #5610, #2103, #1651, #1019, #1099, #5648, #3917, #4943, #3216, #6092, #6158, #466, #5578, #981, #4382, #4413, #5503, #1581, #1054, #5009, #3320, #3249, #501, #6755, #5542, #3283, #400, #2757, #5043, #7297, #7331, #2204, #434, #4482, #2688, #6197, #3362, #6779, #3907, #6260, #6185, #1083, #424, #3942, #5065, #1155, #3416, #6115, #2709, #6813, #1567, #2678, #489, #1124, #7355, #3838, #2227, #4967, #7253, #4504, #4439, #5670, #5101, #17, #1714, #2125, #7285, #3272, #4998, #1610, #2852, #7005, #2296, #5786, #2892, #199, #4573, #4093, #6887, #1819, #4053, #1299, #1747, #6337, #128, #163, #6515, #2472, #1417, #2085, #775, #816, #6552, #6597, #1074, #4398, #7244, #2118, #3340, #2185, #3868, #6771, #2775, #7348, #6704, #2221, #6666, #1037, #2670, #2251, #3301, #1560, #7, #3829, #1604, #5662, #1003, #2811, #7279, #1668, #3932, #6212, #4530, #5093, #1528, #3797, #6077, #1260, #2359, #3522, #3407, #1221, #4043, #2957, #6288, #3483, #5733, #624, #2881, #5164, #4679, #6960, #727, #5436, #3710, #2033, #5996, #4318, #1878, #3153, #4157, #4876, #6583, #6428, #766, #1484, #3109, #5955, #1371, #7080, #2503, #3592, #5882, #3188, #844, #3028, #229, #5314, #3069, #4753, #7036, #4195, #6471, #5917, #4796, #3925, #6695, #2074, #3788, #5619, #7340, #7235, #7306, #5552, #441, #4912, #7199, #6168, #6067, #4357, #6728, #2766, #3372, #3258, #1064, #2211, #3292, #2696, #3821, #6658, #2175, #3330, #4489, #4984, #6763, #1658, #2619, #6102, #6625, #2729, #5655, #1518, #2141, #1553, #510, #5051, #5018, #1625, #992, #2110, #5512, #5585, #6204, #1108, #956, #7270, #1029, #1593, #3858, #4951, #473, #407, #6134, #4457, #3889, #3225, #476, #443, #7272, #6732, #2143, #3891, #2837 ),
 .UNSPECIFIED., .F., .F.,
 ( 4, 2, 2, 1, 2, 2, 1, 1, 2, 2, 2, 1, 2, 2, 2, 1, 1, 2, 2, 2, 1, 1, 2, 2, 1, 1, 2, 2, 1, 1, 1, 2, 2, 2, 1, 1, 2, 2, 2, 1, 2, 2, 2, 1, 1, 2, 2, 2, 1, 1, 2, 2, 1, 1, 2, 2, 1, 2, 2, 1, 2, 2, 2, 1, 2, 2, 2, 1, 2, 2, 1, 2, 2, 1, 2, 2, 2, 2, 2, 2, 2, 2, 1, 2, 2, 1, 1, 2, 2, 2, 1, 2, 2, 2, 1, 2, 2, 1, 2, 2, 1, 1, 2, 2, 1, 1, 1, 2, 2, 2, 1, 1, 1, 2, 2, 2, 1, 2, 2, 2, 1, 2, 2, 2, 1, 1, 2, 2, 1, 1, 2, 2, 1, 1, 2, 2, 2, 1, 1, 2, 2, 2, 1, 2, 2, 2, 2, 2, 1, 2, 2, 2, 2, 4 ),
 ( 0.000000000000000000, 0.01562500000000630745, 0.03125000000001261491, 0.04687500000001892236, 0.05468750000002241263, 0.06250000000002589595, 0.07812500000003221035, 0.08593750000003536060, 0.08984375000003692879, 0.09375000000003851086, 0.1093750000000454498, 0.1171875000000488914, 0.1210937500000503209, 0.1250000000000517641, 0.1406250000000565659, 0.1484375000000586753, 0.1523437500000594802, 0.1542968750000601463, 0.1562500000000608125, 0.1718750000000706657, 0.1796875000000755229, 0.1835937500000781597, 0.1855468750000797418, 0.1875000000000812961, 0.1953125000000882905, 0.1992187500000919820, 0.2011718750000938416, 0.2031250000000956735, 0.2109375000001040557, 0.2148437500001082745, 0.2167968750001106337, 0.2177734375001115774, 0.2187500000001125489, 0.2265625000001182943, 0.2304687500001211808, 0.2324218750001225964, 0.2333984375001235401, 0.2343750000001244560, 0.2382812500001273148, 0.2402343750001287581, 0.2412109375001292577, 0.2421875000001297573, 0.2460937500001313116, 0.2480468750001323108, 0.2490234375001324774, 0.2495117187501326161, 0.2500000000001327827, 0.2578125000001372791, 0.2617187500001395550, 0.2636718750001408873, 0.2646484375001416089, 0.2656250000001422751, 0.2734375000001473266, 0.2773437500001497136, 0.2792968750001508793, 0.2812500000001520450, 0.2890625000001562084, 0.2929687500001580402, 0.2968750000001599276, 0.3046875000001636469, 0.3085937500001652567, 0.3125000000001669220, 0.3281250000001726397, 0.3359375000001755263, 0.3398437500001767475, 0.3437500000001780243, 0.3593750000001823541, 0.3671875000001845746, 0.3710937500001858513, 0.3750000000001870726, 0.3906250000001914580, 0.3984375000001935674, 0.4062500000001957323, 0.4218750000001998957, 0.4296875000002020051, 0.4375000000002041145, 0.4531250000002082223, 0.4687500000002123857, 0.5000000000002207123, 0.5312500000002290390, 0.5468750000002331468, 0.5625000000002373657, 0.5781250000002414735, 0.5859375000002434719, 0.5937500000002455813, 0.6093750000002496892, 0.6171875000002517986, 0.6210937500002530198, 0.6250000000002543521, 0.6406250000002584599, 0.6484375000002604583, 0.6523437500002613465, 0.6562500000002622347, 0.6718750000002658984, 0.6796875000002675637, 0.6835937500002686740, 0.6875000000002696732, 0.6953125000002721157, 0.6992187500002733369, 0.7031250000002746692, 0.7109375000002771117, 0.7148437500002784439, 0.7167968750002791101, 0.7187500000002797762, 0.7265625000002834399, 0.7304687500002854383, 0.7324218750002862155, 0.7333984375002868816, 0.7343750000002874367, 0.7421875000002911005, 0.7460937500002928768, 0.7480468750002935430, 0.7490234375002936540, 0.7495117187502935430, 0.7500000000002934319, 0.7539062500002893241, 0.7558593750002874367, 0.7568359375002864375, 0.7578125000002853273, 0.7617187500002819966, 0.7636718750002805534, 0.7646484375002794431, 0.7656250000002784439, 0.7734375000002706724, 0.7773437500002671197, 0.7792968750002654543, 0.7802734375002645661, 0.7812500000002637890, 0.7890625000002562395, 0.7929687500002521316, 0.7949218750002500222, 0.7968750000002479128, 0.8046875000002391420, 0.8085937500002347011, 0.8105468750002323697, 0.8125000000002300382, 0.8281250000002120526, 0.8359375000002027267, 0.8398437500001981748, 0.8417968750001955103, 0.8437500000001928457, 0.8593750000001730838, 0.8671875000001634248, 0.8710937500001585398, 0.8750000000001536549, 0.8906250000001350031, 0.8984375000001257883, 0.9062500000001164624, 0.9218750000000972555, 0.9296875000000872635, 0.9375000000000773825, 0.9531250000000580647, 0.9687500000000386358, 1.000000000000000000 ),
 .UNSPECIFIED. ) ;
#1928 = CARTESIAN_POINT ( 'NONE',  ( 2.074578311614416304, 39.05002349343277501, -13.30597309140910234 ) ) ;
#1929 = CARTESIAN_POINT ( 'NONE',  ( 13.91629748706849412, 39.49294990339402744, 1.529203907370651816 ) ) ;
#1930 = VERTEX_POINT ( 'NONE', #1501 ) ;
#1931 = CARTESIAN_POINT ( 'NONE',  ( 13.99677739986341329, 39.70128419425293487, -0.3036320384775209602 ) ) ;
#1932 = CARTESIAN_POINT ( 'NONE',  ( 3.549106390198383920, 38.80645148595794325, 13.54287147602695285 ) ) ;
#1933 = CARTESIAN_POINT ( 'NONE',  ( -13.59763959100848751, 20.03621413891710290, 3.332525600356657680 ) ) ;
#1934 = CARTESIAN_POINT ( 'NONE',  ( 1.218150705172905468, 39.87329262864961521, -13.94697973370184840 ) ) ;
#1935 = ADVANCED_FACE ( 'NONE', ( #459, #6118 ), #5636, .F. ) ;
#1936 = CIRCLE ( 'NONE', #6111, 1.999999999999998224 ) ;
#1937 = CARTESIAN_POINT ( 'NONE',  ( -13.95092769689343015, 39.88281233726790731, -1.172074580325967563 ) ) ;
#1938 = CARTESIAN_POINT ( 'NONE',  ( -18.50000000000000000, 3.499999999999984901, -1.750000000000000000 ) ) ;
#1939 = ORIENTED_EDGE ( 'NONE', *, *, #6181, .T. ) ;
#1940 = CARTESIAN_POINT ( 'NONE',  ( 0.1013573958686969090, 19.00011890641196644, 13.99994996193350971 ) ) ;
#1941 = CARTESIAN_POINT ( 'NONE',  ( 13.61276798953757527, 19.50041510853694149, 0.07654241132360865840 ) ) ;
#1942 = CARTESIAN_POINT ( 'NONE',  ( -4.464371924915085721, 21.07574599895263034, 13.26925784703231770 ) ) ;
#1943 = CARTESIAN_POINT ( 'NONE',  ( -1.488460009461455291, 19.18744034625694539, -13.92184017586719413 ) ) ;
#1944 = ORIENTED_EDGE ( 'NONE', *, *, #2381, .F. ) ;
#1945 = CARTESIAN_POINT ( 'NONE',  ( 12.93429922887929528, 24.50000000000001421, 5.357602398257307108 ) ) ;
#1946 = CARTESIAN_POINT ( 'NONE',  ( 1.842200009237919378, 19.29398862240139678, -13.87855329219237888 ) ) ;
#1947 = ADVANCED_FACE ( 'NONE', ( #5034 ), #7321, .T. ) ;
#1948 = CARTESIAN_POINT ( 'NONE',  ( -6.489091801150379979, 10.29113912361533600, -9.620441706109739144 ) ) ;
#1949 = CARTESIAN_POINT ( 'NONE',  ( -12.68686278043296944, 37.22145622933268072, 4.195267373628949414 ) ) ;
#1950 = CARTESIAN_POINT ( 'NONE',  ( -2.513338726991408922, 38.83472696923680445, 11.32789720824171198 ) ) ;
#1951 = CARTESIAN_POINT ( 'NONE',  ( 12.58389125957163657, 24.08358328188753461, 4.983305638121749759 ) ) ;
#1952 = CARTESIAN_POINT ( 'NONE',  ( 0.000000000000000000, 4.000000000000000000, 0.000000000000000000 ) ) ;
#1953 = CARTESIAN_POINT ( 'NONE',  ( 13.35777394403658214, 37.74512966123899105, -4.192041773259612469 ) ) ;
#1954 = CARTESIAN_POINT ( 'NONE',  ( 4.837647005024082070, 21.58502599020025414, -13.13772417153723993 ) ) ;
#1955 = CARTESIAN_POINT ( 'NONE',  ( -12.36839355454946343, 23.59769638359241384, 4.918612659165041201 ) ) ;
#1956 = CARTESIAN_POINT ( 'NONE',  ( -13.42498538109134465, 19.66960598553522388, -1.301616152408235028 ) ) ;
#1957 = CARTESIAN_POINT ( 'NONE',  ( -3.457289114424699772, 20.88785966711404996, -12.95327285080458779 ) ) ;
#1958 = CARTESIAN_POINT ( 'NONE',  ( -4.918612659155838784, 35.40230361645350143, 12.36839355455329681 ) ) ;
#1959 = CARTESIAN_POINT ( 'NONE',  ( -13.49917357653230532, 39.49815648544491609, 0.1591033311401622852 ) ) ;
#1960 = CARTESIAN_POINT ( 'NONE',  ( -10.46709128650361897, 24.50000000000000000, -4.999999999999996447 ) ) ;
#1961 = ORIENTED_EDGE ( 'NONE', *, *, #7011, .F. ) ;
#1962 = CARTESIAN_POINT ( 'NONE',  ( 13.35404603746651730, 38.80920837200577722, -2.536211758893132995 ) ) ;
#1963 = CARTESIAN_POINT ( 'NONE',  ( 5.573798846018106268, 35.67062650294250403, -12.84263088824929255 ) ) ;
#1964 = LINE ( 'NONE', #1412, #409 ) ;
#1965 = CARTESIAN_POINT ( 'NONE',  ( -12.35251463379198178, 23.79654459541029610, -4.951491613407597470 ) ) ;
#1966 = CARTESIAN_POINT ( 'NONE',  ( 2.074142272177534885, 19.94976555763940596, -13.30606350558343465 ) ) ;
#1967 = CARTESIAN_POINT ( 'NONE',  ( 2.712323981106958382, 38.70126168213248974, 13.16642807378178048 ) ) ;
#1968 = CARTESIAN_POINT ( 'NONE',  ( -1.845115717922283904, 19.85213553388813068, 13.34683969040289320 ) ) ;
#1969 = ORIENTED_EDGE ( 'NONE', *, *, #5263, .T. ) ;
#1970 = ORIENTED_EDGE ( 'NONE', *, *, #5211, .F. ) ;
#1971 = CARTESIAN_POINT ( 'NONE',  ( 13.89309889220411875, 39.43154949113198882, -1.728809356861240820 ) ) ;
#1972 = CARTESIAN_POINT ( 'NONE',  ( 3.763014771086058641, 38.63341431954282967, 13.48484535929836703 ) ) ;
#1973 = CARTESIAN_POINT ( 'NONE',  ( -13.96209530386597741, 19.09031197219368536, 1.033665515213559205 ) ) ;
#1974 = CARTESIAN_POINT ( 'NONE',  ( 2.783879528940830017, 39.30121427881000784, -13.72067480238319170 ) ) ;
#1975 = CARTESIAN_POINT ( 'NONE',  ( -13.87855329219237888, 39.70601137759857835, 1.842200009237912273 ) ) ;
#1976 = CARTESIAN_POINT ( 'NONE',  ( -10.90179351812055231, 37.55891164576295438, 3.968443672026522595 ) ) ;
#1977 = ORIENTED_EDGE ( 'NONE', *, *, #2843, .T. ) ;
#1978 = CARTESIAN_POINT ( 'NONE',  ( -3.251814073593598309, 19.98054641647892993, 13.61733902678894559 ) ) ;
#1979 = CARTESIAN_POINT ( 'NONE',  ( 13.61295163221495130, 19.49995459928679153, 0.03527815285101068565 ) ) ;
#1980 = DIRECTION ( 'NONE',  ( 0.000000000000000000, 0.000000000000000000, -1.000000000000000000 ) ) ;
#1981 = ADVANCED_FACE ( 'NONE', ( #2680 ), #4969, .T. ) ;
#1982 = CARTESIAN_POINT ( 'NONE',  ( -5.703698528538604151, 24.31742470736334738, -12.78545357410412286 ) ) ;
#1983 = ORIENTED_EDGE ( 'NONE', *, *, #44, .F. ) ;
#1984 = CARTESIAN_POINT ( 'NONE',  ( 5.469135409673459236, 24.50000000000000711, -12.63324383981809262 ) ) ;
#1985 = CARTESIAN_POINT ( 'NONE',  ( 5.665815134425053579, 23.86054868324002243, -12.80229064392442417 ) ) ;
#1986 = CARTESIAN_POINT ( 'NONE',  ( -13.10034080667307244, 37.26835054172952510, 4.942693900013443553 ) ) ;
#1987 = CARTESIAN_POINT ( 'NONE',  ( -2.227540700111005911, 38.98822384683508346, 11.38819384543075230 ) ) ;
#1988 = DIRECTION ( 'NONE',  ( 0.000000000000000000, 0.000000000000000000, -1.000000000000000000 ) ) ;
#1989 = CARTESIAN_POINT ( 'NONE',  ( 13.90201286699586092, 19.54477509085846165, -1.655667741171268803 ) ) ;
#1990 = ADVANCED_FACE ( 'NONE', ( #4337 ), #6676, .T. ) ;
#1991 = CARTESIAN_POINT ( 'NONE',  ( 5.694197870183529631, 24.13371731864170044, -12.78970435481684120 ) ) ;
#1992 = CARTESIAN_POINT ( 'NONE',  ( -12.34495114201462407, 23.92069068898359774, 4.967023529122474912 ) ) ;
#1993 = CARTESIAN_POINT ( 'NONE',  ( -12.48211962124507046, 22.72094279260667804, -4.675612838091378620 ) ) ;
#1994 = CARTESIAN_POINT ( 'NONE',  ( -3.353641160815903355, 20.79148004150315998, -12.98619512350500571 ) ) ;
#1995 = CARTESIAN_POINT ( 'NONE',  ( -7.499999999999994671, 4.000000000000000000, -12.99038105676656762 ) ) ;
#1996 = CARTESIAN_POINT ( 'NONE',  ( -13.46975899026665324, 39.43214724652982284, -0.8250359052272959737 ) ) ;
#1997 = CARTESIAN_POINT ( 'NONE',  ( 12.57669683062193400, 24.50000000000000000, 5.000000000000000000 ) ) ;
#1998 = EDGE_LOOP ( 'NONE', ( #6243, #1315, #4927, #3509 ) ) ;
#1999 = CARTESIAN_POINT ( 'NONE',  ( -12.86119116926516703, 37.82926049238171373, -3.730638598957241925 ) ) ;
#2000 = CARTESIAN_POINT ( 'NONE',  ( 13.15200009834602923, 38.19260924500675003, -3.371150428719906333 ) ) ;
#2001 = CARTESIAN_POINT ( 'NONE',  ( 5.333266973458609783, 36.45188152220492839, -12.94439843765958109 ) ) ;
#2002 = CARTESIAN_POINT ( 'NONE',  ( -12.78974625814815802, 24.13350574644524116, 5.694102590134788144 ) ) ;
#2003 = CARTESIAN_POINT ( 'NONE',  ( -12.34502123843595633, 23.91959182080979573, -4.966877844262026720 ) ) ;
#2004 = CARTESIAN_POINT ( 'NONE',  ( 13.54633293040551933, 39.33070345052067296, -1.300445610738939717 ) ) ;
#2005 = CARTESIAN_POINT ( 'NONE',  ( -1.779421692120397136, 19.82451876022775750, -13.35839345172297854 ) ) ;
#2006 = CARTESIAN_POINT ( 'NONE',  ( 2.537575904251077485, 38.80840500948444571, 13.20832448879710874 ) ) ;
#2007 = CARTESIAN_POINT ( 'NONE',  ( 1.659605232274925513, 19.78221869648801601, 13.37646957861608321 ) ) ;
#2008 = ORIENTED_EDGE ( 'NONE', *, *, #665, .T. ) ;
#2009 = CARTESIAN_POINT ( 'NONE',  ( 3.529542010681482544, 38.04153000213717206, -12.92966737449803816 ) ) ;
#2010 = ORIENTED_EDGE ( 'NONE', *, *, #794, .F. ) ;
#2011 = CARTESIAN_POINT ( 'NONE',  ( 5.504343272044741830, 35.94425244600731162, 12.87256149494084490 ) ) ;
#2012 = CARTESIAN_POINT ( 'NONE',  ( -13.75334568237773070, 19.61263890154689804, -2.617713144335229725 ) ) ;
#2013 = CARTESIAN_POINT ( 'NONE',  ( -13.38654822533802857, 38.32515787211000458, -4.099381769780354290 ) ) ;
#2014 = CARTESIAN_POINT ( 'NONE',  ( -10.58932437669345639, 36.13112122231837020, 4.737602936772876916 ) ) ;
#2015 = ORIENTED_EDGE ( 'NONE', *, *, #7324, .F. ) ;
#2016 = CARTESIAN_POINT ( 'NONE',  ( 4.805634638705525319, 23.11701045472408111, 12.42203472655946150 ) ) ;
#2017 = CARTESIAN_POINT ( 'NONE',  ( 13.03790755206680529, 21.20059403846553181, -3.757719627741897828 ) ) ;
#2018 = DIRECTION ( 'NONE',  ( 0.000000000000000000, 0.000000000000000000, 1.000000000000000000 ) ) ;
#2019 = CARTESIAN_POINT ( 'NONE',  ( 7.499999999999991118, 6.500000000000012434, 11.82159041753689444 ) ) ;
#2020 = VERTEX_POINT ( 'NONE', #2128 ) ;
#2021 = CARTESIAN_POINT ( 'NONE',  ( -4.265120868463516679, 37.10967645210154586, -12.65857047873206120 ) ) ;
#2022 = CARTESIAN_POINT ( 'NONE',  ( -4.934553706097513981, 23.67713261335496355, -12.36075373155403945 ) ) ;
#2023 = DIRECTION ( 'NONE',  ( 0.000000000000000000, -0.000000000000000000, 1.000000000000000000 ) ) ;
#2024 = CARTESIAN_POINT ( 'NONE',  ( -12.41282736075854487, 35.81295688305061731, 4.825236483681766941 ) ) ;
#2025 = CARTESIAN_POINT ( 'NONE',  ( 1.489947715146990648, 39.81210730797376840, 13.92166268926991890 ) ) ;
#2026 = DIRECTION ( 'NONE',  ( 0.000000000000000000, -0.000000000000000000, 1.000000000000000000 ) ) ;
#2027 = LINE ( 'NONE', #4870, #734 ) ;
#2028 = CARTESIAN_POINT ( 'NONE',  ( 1.659605232125581864, 39.21778130356467784, -13.37646957863613650 ) ) ;
#2029 = CARTESIAN_POINT ( 'NONE',  ( 5.703702577602649981, 24.31689747157403758, -12.78545176778079728 ) ) ;
#2030 = CARTESIAN_POINT ( 'NONE',  ( -12.32882846293112422, 34.49999999999999289, 5.000000000000000888 ) ) ;
#2031 = CARTESIAN_POINT ( 'NONE',  ( -3.973706809028886067, 21.46416613298279685, -12.77291130188717183 ) ) ;
#2032 = DIRECTION ( 'NONE',  ( -0.000000000000000000, 1.000000000000000000, -0.000000000000000000 ) ) ;
#2033 = CARTESIAN_POINT ( 'NONE',  ( 13.32756582998301553, 20.26694039391753677, -2.661631963987005189 ) ) ;
#2034 = EDGE_CURVE ( 'NONE', #7330, #500, #2746, .T. ) ;
#2035 = VERTEX_POINT ( 'NONE', #1011 ) ;
#2036 = CARTESIAN_POINT ( 'NONE',  ( -12.68425347629706934, 37.21150148956125747, -4.201821230819924757 ) ) ;
#2038 = CARTESIAN_POINT ( 'NONE',  ( 7.499999999999993783, 6.500000000000012434, -8.849293757131134086 ) ) ;
#2037 = CIRCLE ( 'NONE', #6321, 14.00000000000000000 ) ;
#2039 = CARTESIAN_POINT ( 'NONE',  ( -13.59827201982315970, 20.03350681750221440, 3.333480074990586406 ) ) ;
#2040 = CARTESIAN_POINT ( 'NONE',  ( -12.76462762120070238, 21.49359955918433585, -3.995396005243854631 ) ) ;
#2041 = CARTESIAN_POINT ( 'NONE',  ( 4.104692339770046772, 21.64376237291192595, -12.72266196392032889 ) ) ;
#2042 = CARTESIAN_POINT ( 'NONE',  ( -3.059771721819818158, 38.45486874229202812, 13.07379436636768943 ) ) ;
#2043 = CIRCLE ( 'NONE', #6098, 1.750000000000000000 ) ;
#2044 = CARTESIAN_POINT ( 'NONE',  ( 11.19285898251165889, 38.46846656241037010, 3.059059651318857487 ) ) ;
#2045 = CARTESIAN_POINT ( 'NONE',  ( 3.358634340495161297, 20.79600313661896749, 12.98463330002917182 ) ) ;
#2046 = EDGE_LOOP ( 'NONE', ( #4899, #4765, #701, #4368 ) ) ;
#2047 = CARTESIAN_POINT ( 'NONE',  ( -12.78545152826161946, 24.50000000000000711, 5.703703114510133787 ) ) ;
#2048 = CARTESIAN_POINT ( 'NONE',  ( 13.96666127856449258, 39.62419485398261543, 0.9694957550715995742 ) ) ;
#2049 = CARTESIAN_POINT ( 'NONE',  ( 2.106512885492499709, 39.61196188413204311, 13.84089460905202529 ) ) ;
#2050 = CARTESIAN_POINT ( 'NONE',  ( -13.56182936677060624, 20.13846969695883615, -3.476011347220238967 ) ) ;
#2051 = CARTESIAN_POINT ( 'NONE',  ( -13.58835512833718617, 38.93742329717825612, -3.370175340068902514 ) ) ;
#2052 = CARTESIAN_POINT ( 'NONE',  ( 3.056625122786246429, 20.52987983017586515, -11.19346670880411665 ) ) ;
#2053 = DIRECTION ( 'NONE',  ( 0.000000000000000000, 0.000000000000000000, -1.000000000000000000 ) ) ;
#2054 = VERTEX_POINT ( 'NONE', #6746 ) ;
#2055 = CARTESIAN_POINT ( 'NONE',  ( 3.867683513281569674, 37.66876260339888205, 12.81209070267144590 ) ) ;
#2056 = CARTESIAN_POINT ( 'NONE',  ( 4.061159762149459951, 21.58218242024631195, 12.73957129686259648 ) ) ;
#2057 = CARTESIAN_POINT ( 'NONE',  ( 13.54461695564154766, 19.67392459750202960, -1.307939604600965033 ) ) ;
#2058 = CARTESIAN_POINT ( 'NONE',  ( -7.104564432235931370, 8.952381872513992533, 12.06534438308774781 ) ) ;
#2059 = B_SPLINE_CURVE_WITH_KNOTS ( 'NONE', 3,
 ( #3467, #5113, #3507, #5189, #2866, #2978, #176, #30, #4551, #6903, #4070, #6273, #1166, #3430, #6351, #1245, #5798, #6418, #5300, #3093, #3653, #4260, #3050, #5377 ),
 .UNSPECIFIED., .F., .F.,
 ( 4, 2, 2, 2, 2, 2, 2, 2, 2, 2, 2, 4 ),
 ( 1.093628550207444021E-17, 0.001495056113932121365, 0.002990112227864231888, 0.004485168341796342412, 0.005232696398762399191, 0.005980224455728455103, 0.006727752512694511883, 0.007475280569660568662, 0.008970336683592677884, 0.009717864740558733797, 0.01046539279752478797, 0.01196044891145689806 ),
 .UNSPECIFIED. ) ;
#2060 = CARTESIAN_POINT ( 'NONE',  ( -3.766412733347734854, 20.36582510592080197, -13.48466648395698897 ) ) ;
#2061 = VERTEX_POINT ( 'NONE', #4440 ) ;
#2062 = CARTESIAN_POINT ( 'NONE',  ( 12.61218256800952986, 35.40833119317620259, -4.916978700903256616 ) ) ;
#2063 = AXIS2_PLACEMENT_3D ( 'NONE', #3967, #2246, #6800 ) ;
#2064 = CARTESIAN_POINT ( 'NONE',  ( -4.667476213603484858, 36.29378422748253996, -12.48560775838363135 ) ) ;
#2065 = CARTESIAN_POINT ( 'NONE',  ( -3.593614260314091258, 21.02258345081795099, -12.90845743039527349 ) ) ;
#2066 = CONICAL_SURFACE ( 'NONE', #7320, 1.499999999999987566, 0.7853981633974477239 ) ;
#2067 = CARTESIAN_POINT ( 'NONE',  ( -0.7560294137091581046, 39.96357421947507049, -13.98448881163355750 ) ) ;
#2068 = DIRECTION ( 'NONE',  ( 1.000000000000000000, -0.000000000000000000, -0.000000000000000000 ) ) ;
#2069 = CARTESIAN_POINT ( 'NONE',  ( 4.522388256618321556, 21.14378634065020179, -13.25002322974361846 ) ) ;
#2070 = FACE_OUTER_BOUND ( 'NONE', #4406, .T. ) ;
#2071 = CARTESIAN_POINT ( 'NONE',  ( -5.553121606394173071, 23.24129851289153237, -12.85159385794370657 ) ) ;
#2072 = PRESENTATION_LAYER_ASSIGNMENT (  '', '', ( #68 ) ) ;
#2073 = LINE ( 'NONE', #4356, #40 ) ;
#2074 = CARTESIAN_POINT ( 'NONE',  ( 13.09985363225140453, 20.98225979723819634, -3.553295779572686719 ) ) ;
#2075 = CARTESIAN_POINT ( 'NONE',  ( -13.24978018892974596, 38.91230030853242994, -2.352015372840019047 ) ) ;
#2076 = CARTESIAN_POINT ( 'NONE',  ( 13.11511995822383270, 38.06987619912303700, -3.501183520217494571 ) ) ;
#2077 = DIRECTION ( 'NONE',  ( -0.000000000000000000, -1.000000000000000000, -0.000000000000000000 ) ) ;
#2078 = CARTESIAN_POINT ( 'NONE',  ( -13.85331145255410590, 19.35655722276498736, 2.028836653636187926 ) ) ;
#2079 = CARTESIAN_POINT ( 'NONE',  ( -12.91794866760374028, 22.71847466976534591, 5.397017375377546777 ) ) ;
#2080 = CARTESIAN_POINT ( 'NONE',  ( -13.01197419628465468, 20.71741736877682172, -3.270242672050448274 ) ) ;
#2081 = ADVANCED_FACE ( 'NONE', ( #3274 ), #3575, .T. ) ;
#2082 = CARTESIAN_POINT ( 'NONE',  ( 12.63779973182273331, 35.69198684894810469, -4.856011998110036032 ) ) ;
#2083 = CARTESIAN_POINT ( 'NONE',  ( 4.383590880285610503, 22.09462700357402554, -12.60949393166590227 ) ) ;
#2084 = CARTESIAN_POINT ( 'NONE',  ( -1.794436175637460718, 39.16722618597419370, 13.35503419096512800 ) ) ;
#2085 = CARTESIAN_POINT ( 'NONE',  ( 13.33221122376744461, 20.25339347707441462, 2.640628818424858970 ) ) ;
#2086 = CARTESIAN_POINT ( 'NONE',  ( 3.649020369117455420, 21.08075893299798764, 12.88965255384727193 ) ) ;
#2087 = ORIENTED_EDGE ( 'NONE', *, *, #1211, .F. ) ;
#2088 = CARTESIAN_POINT ( 'NONE',  ( 4.399362820468299518, 36.87607233112572658, -12.60282627245255327 ) ) ;
#2089 = CARTESIAN_POINT ( 'NONE',  ( 13.93399656768003148, 39.53940018560095382, 1.358534596865404342 ) ) ;
#2090 = ORIENTED_EDGE ( 'NONE', *, *, #2527, .T. ) ;
#2091 = EDGE_CURVE ( 'NONE', #3954, #5407, #7287, .T. ) ;
#2092 = CARTESIAN_POINT ( 'NONE',  ( -1.269291353975048109, 39.33638550780646170, 13.42767872827301723 ) ) ;
#2093 = CARTESIAN_POINT ( 'NONE',  ( -1.022246400475244066, 39.39456306301040200, -13.45316316101721910 ) ) ;
#2094 = DIRECTION ( 'NONE',  ( 1.000000000000000000, 0.000000000000000000, 0.000000000000000000 ) ) ;
#2095 = CARTESIAN_POINT ( 'NONE',  ( -13.72067480238319348, 39.30121427880997231, -2.783879528940818915 ) ) ;
#2096 = DIRECTION ( 'NONE',  ( -0.000000000000000000, -1.000000000000000000, -0.000000000000000000 ) ) ;
#2097 = ORIENTED_EDGE ( 'NONE', *, *, #2162, .F. ) ;
#2098 = CARTESIAN_POINT ( 'NONE',  ( 12.85358684258238426, 21.95290868283473884, 4.302790406235993181 ) ) ;
#2099 = DIRECTION ( 'NONE',  ( -0.3053415646032797137, -0.7071067811865502373, 0.6377825091091925414 ) ) ;
#2100 = CARTESIAN_POINT ( 'NONE',  ( -3.910139247183842759, 37.61635635799954258, -12.79650896793248371 ) ) ;
#2101 = CARTESIAN_POINT ( 'NONE',  ( -4.325913785942435474, 21.99140537564661457, -12.63364745731743710 ) ) ;
#2102 = CARTESIAN_POINT ( 'NONE',  ( 4.325913785942418599, 37.00859462435339253, -12.63364745731744065 ) ) ;
#2103 = CARTESIAN_POINT ( 'NONE',  ( 12.65248010308914495, 23.17185045852534842, 4.820688253163671000 ) ) ;
#2104 = CARTESIAN_POINT ( 'NONE',  ( -5.703702577602684620, 34.68310252837996188, -12.78545176778079018 ) ) ;
#2105 = CARTESIAN_POINT ( 'NONE',  ( -4.966686195781960578, 23.83658177978241355, -10.48318381948341660 ) ) ;
#2106 = CARTESIAN_POINT ( 'NONE',  ( 11.19285898251166422, 20.53153343758963345, -3.059059651318859707 ) ) ;
#2107 = DIRECTION ( 'NONE',  ( -1.000000000000000000, 0.000000000000000000, 0.000000000000000000 ) ) ;
#2108 = CARTESIAN_POINT ( 'NONE',  ( -12.78545152826161946, 34.49999999999998579, 5.703703114510136452 ) ) ;
#2109 = DIRECTION ( 'NONE',  ( -1.000000000000000000, -2.602085213965214093E-16, 0.000000000000000000 ) ) ;
#2110 = CARTESIAN_POINT ( 'NONE',  ( 12.78672233370463651, 22.28362975671380752, -4.482669239809466077 ) ) ;
#2111 = ORIENTED_EDGE ( 'NONE', *, *, #5910, .F. ) ;
#2112 = CARTESIAN_POINT ( 'NONE',  ( -13.23144411092585493, 38.86671229382704240, -2.436749673429687846 ) ) ;
#2113 = CARTESIAN_POINT ( 'NONE',  ( 13.59981493715078393, 39.46700998965596341, 0.5791750878229025012 ) ) ;
#2114 = DIRECTION ( 'NONE',  ( 5.814117140965047880E-16, -1.000000000000000000, -8.673617379884041635E-17 ) ) ;
#2115 = CARTESIAN_POINT ( 'NONE',  ( 13.13874459922285887, 38.14925334039820370, -3.419002209330823217 ) ) ;
#2116 = CARTESIAN_POINT ( 'NONE',  ( 4.884684129093759708, 23.42932020459726061, -12.38465242238348551 ) ) ;
#2117 = CARTESIAN_POINT ( 'NONE',  ( -2.662901581386649674, 38.73225974465250943, 13.17848589097913958 ) ) ;
#2118 = CARTESIAN_POINT ( 'NONE',  ( 13.43521717918128289, 19.96433282743505799, 2.104614606190167159 ) ) ;
#2119 = ADVANCED_FACE ( 'NONE', ( #2157, #530 ), #4893, .F. ) ;
#2120 = CARTESIAN_POINT ( 'NONE',  ( 3.816796734656607626, 21.27001900277305069, 12.83055227592488734 ) ) ;
#2121 = ORIENTED_EDGE ( 'NONE', *, *, #3182, .F. ) ;
#2122 = CARTESIAN_POINT ( 'NONE',  ( 5.000000000000005329, 34.50000000000000000, -12.32882846293108337 ) ) ;
#2123 = CARTESIAN_POINT ( 'NONE',  ( 12.95372042521554690, 35.19079411574025329, -5.310476711572055919 ) ) ;
#2124 = CARTESIAN_POINT ( 'NONE',  ( -2.650315789200194505, 38.74057102649940276, 13.18168814367906094 ) ) ;
#2125 = CARTESIAN_POINT ( 'NONE',  ( 13.12427881413534259, 20.89928980844191386, 3.469371112734403351 ) ) ;
#2126 = CARTESIAN_POINT ( 'NONE',  ( -13.07651200955243631, 37.14591006642932314, 5.000540191323224803 ) ) ;
#2127 = EDGE_CURVE ( 'NONE', #958, #5547, #6644, .T. ) ;
#2128 = CARTESIAN_POINT ( 'NONE',  ( 10.46709128650362253, 34.49999999999999289, 5.000000000000000888 ) ) ;
#2129 = EDGE_LOOP ( 'NONE', ( #2697, #6010, #1270, #5706 ) ) ;
#2130 = CARTESIAN_POINT ( 'NONE',  ( 13.40181376761419685, 20.05619379398555679, 2.293297665113274153 ) ) ;
#2131 = LINE ( 'NONE', #1091, #1600 ) ;
#2132 = CARTESIAN_POINT ( 'NONE',  ( -4.471098792072599970, 36.73882054890947302, -12.57228049769874545 ) ) ;
#2133 = CARTESIAN_POINT ( 'NONE',  ( 4.886122869753430464, 35.56420600412830879, -12.38396570382933781 ) ) ;
#2134 = ORIENTED_EDGE ( 'NONE', *, *, #2468, .T. ) ;
#2135 = CARTESIAN_POINT ( 'NONE',  ( 12.62570496724881508, 23.43043134056327048, 4.884925734175519452 ) ) ;
#2136 = CARTESIAN_POINT ( 'NONE',  ( -2.871275226876083497, 39.26566468109049168, -13.70603578088038788 ) ) ;
#2137 = CARTESIAN_POINT ( 'NONE',  ( -1.306897287389238826, 19.67099430207239052, -11.52724420843802378 ) ) ;
#2138 = CARTESIAN_POINT ( 'NONE',  ( 5.000000000000005329, 34.50000000000000000, -22.79802623035600462 ) ) ;
#2139 = LINE ( 'NONE', #405, #5373 ) ;
#2140 = FACE_OUTER_BOUND ( 'NONE', #2129, .T. ) ;
#2141 = CARTESIAN_POINT ( 'NONE',  ( 12.85104442961726612, 21.96479139147729498, -4.309798713112307667 ) ) ;
#2142 = ORIENTED_EDGE ( 'NONE', *, *, #2420, .F. ) ;
#2143 = CARTESIAN_POINT ( 'NONE',  ( 12.58023253699967547, 24.16947626287188911, -4.991829776790742912 ) ) ;
#2144 = CARTESIAN_POINT ( 'NONE',  ( 13.32756582999086703, 38.73305960610606746, 2.661631963949691038 ) ) ;
#2145 = CARTESIAN_POINT ( 'NONE',  ( 13.00838619382464323, 23.14219677590115154, -5.175417297135407324 ) ) ;
#2146 = CARTESIAN_POINT ( 'NONE',  ( -13.23929517711846593, 20.11378602183765807, -2.400313730708391269 ) ) ;
#2147 = CARTESIAN_POINT ( 'NONE',  ( 10.14772727272725916, 4.000000000000000000, -21.19607584432427316 ) ) ;
#2148 = CARTESIAN_POINT ( 'NONE',  ( 4.154873143105239031, 21.71843459011587996, -12.70282834712851461 ) ) ;
#2149 = CARTESIAN_POINT ( 'NONE',  ( -2.436749673367387015, 38.86671229386058002, 13.23144411094086514 ) ) ;
#2150 = CARTESIAN_POINT ( 'NONE',  ( 11.48634336846480863, 39.23054232842596178, 1.627632931930408366 ) ) ;
#2151 = CARTESIAN_POINT ( 'NONE',  ( 4.482097176826321139, 22.28247455214750161, 12.56757455093652531 ) ) ;
#2152 = CARTESIAN_POINT ( 'NONE',  ( -12.89465438079410831, 37.93463578091594712, 3.634023472299197532 ) ) ;
#2153 = CARTESIAN_POINT ( 'NONE',  ( 4.867952758519876966, 35.64223113241171603, -12.39261419211162085 ) ) ;
#2154 = CARTESIAN_POINT ( 'NONE',  ( 13.07277617294496252, 36.35170888561345492, -5.010756510344073433 ) ) ;
#2155 = CARTESIAN_POINT ( 'NONE',  ( 0.9008095298233739223, 39.41887138945749314, 13.46387945826259269 ) ) ;
#2156 = AXIS2_PLACEMENT_3D ( 'NONE', #3819, #1026, #1590 ) ;
#2157 = FACE_BOUND ( 'NONE', #3669, .T. ) ;
#2158 = ORIENTED_EDGE ( 'NONE', *, *, #5783, .F. ) ;
#2159 = CARTESIAN_POINT ( 'NONE',  ( 13.60631540813697526, 19.51662178850428120, 0.4078919242838717207 ) ) ;
#2160 = CARTESIAN_POINT ( 'NONE',  ( 5.952041534585064575, 11.08849101872697496, 9.961647082435060696 ) ) ;
#2161 = DIRECTION ( 'NONE',  ( 1.000000000000000000, 0.000000000000000000, 0.000000000000000000 ) ) ;
#2162 = EDGE_CURVE ( 'NONE', #3944, #37, #2037, .T. ) ;
#2163 = CARTESIAN_POINT ( 'NONE',  ( -3.634023472299206414, 37.93463578091598976, -12.89465438079203530 ) ) ;
#2164 = VECTOR ( 'NONE', #4718, 1000.000000000000000 ) ;
#2165 = CARTESIAN_POINT ( 'NONE',  ( 3.995396005146174989, 37.50640044094548387, 12.76462762123620109 ) ) ;
#2166 = CARTESIAN_POINT ( 'NONE',  ( 3.422768817904686234, 38.14837191126984806, -12.96501269751928831 ) ) ;
#2167 = ORIENTED_EDGE ( 'NONE', *, *, #92, .F. ) ;
#2168 = DIRECTION ( 'NONE',  ( -1.206107350727848108E-16, 0.000000000000000000, -1.000000000000000000 ) ) ;
#2169 = CARTESIAN_POINT ( 'NONE',  ( 13.57237390408923794, 20.50104976287410352, 3.433930276155543915 ) ) ;
#2170 = CARTESIAN_POINT ( 'NONE',  ( -3.056625122786247317, 20.52987983017585805, 11.19346670880411310 ) ) ;
#2171 =( GEOMETRIC_REPRESENTATION_CONTEXT ( 3 ) GLOBAL_UNCERTAINTY_ASSIGNED_CONTEXT ( ( #2188 ) ) GLOBAL_UNIT_ASSIGNED_CONTEXT ( ( #367, #885, #6466 ) ) REPRESENTATION_CONTEXT ( 'NONE', 'WORKASPACE' ) );
#2172 = CARTESIAN_POINT ( 'NONE',  ( -5.000000000000007105, 34.49999999999998579, 12.32882846293108159 ) ) ;
#2173 = CARTESIAN_POINT ( 'NONE',  ( -9.499999999999994671, 4.000000000000000000, -21.84313483298443970 ) ) ;
#2174 = FACE_OUTER_BOUND ( 'NONE', #7262, .T. ) ;
#2175 = CARTESIAN_POINT ( 'NONE',  ( 12.96845317051434421, 21.46368364476110102, -3.972587232091751908 ) ) ;
#2176 = CARTESIAN_POINT ( 'NONE',  ( 13.12796867921293575, 38.11300538304850249, 3.456385233716282812 ) ) ;
#2177 = CARTESIAN_POINT ( 'NONE',  ( 13.60980759048604938, 39.49217516906615089, -0.3253243664414718905 ) ) ;
#2178 = CARTESIAN_POINT ( 'NONE',  ( 5.189616448541753968, 36.78369036133911152, -13.00268122915530355 ) ) ;
#2179 = CARTESIAN_POINT ( 'NONE',  ( -13.26988209193487478, 21.07349714369031446, -4.462517313735022029 ) ) ;
#2180 = CARTESIAN_POINT ( 'NONE',  ( -12.86869030475470410, 21.14703866988623204, -3.709144386759162693 ) ) ;
#2181 = CARTESIAN_POINT ( 'NONE',  ( -12.82744570394590156, 23.49892073961223460, -5.608628890089555341 ) ) ;
#2182 = CARTESIAN_POINT ( 'NONE',  ( 13.22172084369954348, 38.41532963592620575, -3.109959333104845847 ) ) ;
#2183 = CARTESIAN_POINT ( 'NONE',  ( 4.857592969301046004, 23.31017940979833725, -12.39757199998340553 ) ) ;
#2184 = CARTESIAN_POINT ( 'NONE',  ( -3.118840111215679389, 38.40815386688077382, 13.05682688509261524 ) ) ;
#2185 = CARTESIAN_POINT ( 'NONE',  ( 13.45345056115117721, 19.91484683079441353, 1.994183537043019427 ) ) ;
#2186 = CARTESIAN_POINT ( 'NONE',  ( 10.58932437669345461, 36.13112122231836310, -4.737602936772873363 ) ) ;
#2187 = CARTESIAN_POINT ( 'NONE',  ( 3.386422033042875590, 20.82124216237700765, 12.97592763963589668 ) ) ;
#2188 = UNCERTAINTY_MEASURE_WITH_UNIT (LENGTH_MEASURE( 1.000000000000000082E-05 ), #367, 'distance_accuracy_value', 'NONE');
#2189 = CARTESIAN_POINT ( 'NONE',  ( -5.701314620220769847, 24.31640132940417942, 12.78651784332039121 ) ) ;
#2190 = CARTESIAN_POINT ( 'NONE',  ( 5.000000000000005329, 34.49999999999998579, 12.32882846293108869 ) ) ;
#2191 = CARTESIAN_POINT ( 'NONE',  ( 13.15184544376767306, 36.81665108593931990, -4.798896066459630738 ) ) ;
#2192 = CARTESIAN_POINT ( 'NONE',  ( -1.625665516082760664, 39.23119895669024970, 13.38217273889673820 ) ) ;
#2193 = CARTESIAN_POINT ( 'NONE',  ( -5.000000000000011546, 24.41707878048500291, 12.32882844322070248 ) ) ;
#2194 = ORIENTED_EDGE ( 'NONE', *, *, #673, .T. ) ;
#2195 = CARTESIAN_POINT ( 'NONE',  ( 12.87647970066205083, 21.84787073563761695, 4.239443592649582371 ) ) ;
#2196 = DIRECTION ( 'NONE',  ( -0.000000000000000000, -0.000000000000000000, 1.000000000000000000 ) ) ;
#2197 = CARTESIAN_POINT ( 'NONE',  ( 7.499999999999991118, 3.499999999999982236, 13.56465996626474713 ) ) ;
#2198 = CARTESIAN_POINT ( 'NONE',  ( -3.187519599043987295, 38.35223798966109143, -13.03672044757276183 ) ) ;
#2199 = B_SPLINE_CURVE_WITH_KNOTS ( 'NONE', 3,
 ( #3948, #3386, #5674, #565, #2820, #2263, #4542, #6819, #1159, #5708, #600, #2856, #5142, #63, #6375, #4060, #3077, #1273, #639, #2514, #4281, #5400, #2898, #6299, #851, #5927, #3456, #1453, #1193, #5791, #3120, #812, #342, #2592, #3538, #6894 ),
 .UNSPECIFIED., .F., .F.,
 ( 4, 2, 2, 2, 2, 2, 2, 2, 2, 2, 2, 2, 2, 2, 2, 2, 2, 4 ),
 ( 0.000000000000000000, 0.03127459992952878048, 0.06254919985905756097, 0.09382379978858633451, 0.1094610997533510266, 0.1250983997181157326, 0.1876475995771745564, 0.2032848995419389848, 0.2189221995067034132, 0.2501967994362322423, 0.2814713993657610436, 0.3127459992952899004, 0.3440205992248187572, 0.3752951991543476140, 0.4065697990838764153, 0.4378443990134052166, 0.4691189989429341289, 0.5003935988724629302 ),
 .UNSPECIFIED. ) ;
#2200 = CARTESIAN_POINT ( 'NONE',  ( 4.265120868671049337, 37.10967645176233276, 12.65857047864875540 ) ) ;
#2201 = CARTESIAN_POINT ( 'NONE',  ( 4.366010438661026782, 36.93814034119378675, -12.61693223441079326 ) ) ;
#2202 = ORIENTED_EDGE ( 'NONE', *, *, #4526, .F. ) ;
#2203 = EDGE_CURVE ( 'NONE', #2348, #909, #1040, .T. ) ;
#2204 = CARTESIAN_POINT ( 'NONE',  ( 12.94744337854472072, 21.54748911532501054, 4.035193975310385817 ) ) ;
#2205 = CARTESIAN_POINT ( 'NONE',  ( -12.78545152826161768, 45.00000000000000000, 5.703703114510134675 ) ) ;
#2206 = CARTESIAN_POINT ( 'NONE',  ( 9.499999999999994671, 4.000000000000000000, -19.84313483298443970 ) ) ;
#2207 = CARTESIAN_POINT ( 'NONE',  ( 13.09358311327899216, 37.99614831081547806, 3.574499789704290276 ) ) ;
#2208 = CARTESIAN_POINT ( 'NONE',  ( 11.60018711982958450, 19.49956588168339167, 0.3242568011507294679 ) ) ;
#2209 = CARTESIAN_POINT ( 'NONE',  ( -3.901769977084903473, 38.51568266795683115, 13.44599099501806272 ) ) ;
#2210 = CARTESIAN_POINT ( 'NONE',  ( -4.839440520763497844, 23.23840767285570408, -12.40615633511972682 ) ) ;
#2211 = CARTESIAN_POINT ( 'NONE',  ( 13.00813110867129119, 21.31122002302929275, -3.851194817525142700 ) ) ;
#2212 = EDGE_CURVE ( 'NONE', #5067, #744, #6809, .T. ) ;
#2213 = CARTESIAN_POINT ( 'NONE',  ( 4.999999999999998224, 34.83453708421117767, 10.46709128650361542 ) ) ;
#2214 = CARTESIAN_POINT ( 'NONE',  ( 13.15701093410659794, 38.20901688280120823, 3.353091598722477418 ) ) ;
#2215 = CARTESIAN_POINT ( 'NONE',  ( 12.93803159552175686, 24.15340109067386365, -5.348616044990964546 ) ) ;
#2216 = CARTESIAN_POINT ( 'NONE',  ( -13.11469142394590293, 20.43463526924291784, 2.911947128131883389 ) ) ;
#2217 = CARTESIAN_POINT ( 'NONE',  ( -13.26999340780638903, 21.07310476452418513, -4.462181413903389959 ) ) ;
#2218 = CARTESIAN_POINT ( 'NONE',  ( -12.36225651903439271, 35.32690261353683780, 4.931326442104555063 ) ) ;
#2219 = CARTESIAN_POINT ( 'NONE',  ( 3.885576650820057765, 21.35317356171165670, -12.80554299147718034 ) ) ;
#2220 = CARTESIAN_POINT ( 'NONE',  ( -4.080777180834871842, 37.38959575856489437, 12.73191184165159662 ) ) ;
#2221 = CARTESIAN_POINT ( 'NONE',  ( 13.51884122014572398, 19.74096063106429000, 1.534011807769767088 ) ) ;
#2222 = CARTESIAN_POINT ( 'NONE',  ( 4.957140336655261770, 23.84158697142650141, 12.34976450109782142 ) ) ;
#2223 = CARTESIAN_POINT ( 'NONE',  ( 2.510975509235498837, 20.17546319689838796, 13.21465491640603318 ) ) ;
#2224 = DIRECTION ( 'NONE',  ( 1.206107350727848108E-16, -0.000000000000000000, -1.000000000000000000 ) ) ;
#2225 = CARTESIAN_POINT ( 'NONE',  ( 12.99713951345695051, 35.74192573933770944, -5.203316305408120179 ) ) ;
#2226 = CARTESIAN_POINT ( 'NONE',  ( 4.195267373628937868, 37.22145622933269493, 12.68686278043294635 ) ) ;
#2227 = CARTESIAN_POINT ( 'NONE',  ( 13.08640456416275910, 21.02864307631991281, 3.598697881080707983 ) ) ;
#2228 = CARTESIAN_POINT ( 'NONE',  ( -4.265120868730724268, 21.89032354833517147, 12.65857047862487939 ) ) ;
#2229 = ORIENTED_EDGE ( 'NONE', *, *, #3937, .T. ) ;
#2230 = CARTESIAN_POINT ( 'NONE',  ( 13.16383960010601228, 20.76863950655138780, 3.328455488774218818 ) ) ;
#2231 = CARTESIAN_POINT ( 'NONE',  ( 7.499999999999992006, 6.500000000000012434, 8.849293757131135862 ) ) ;
#2232 = CARTESIAN_POINT ( 'NONE',  ( -5.573798846018107156, 35.67062650294248272, 12.84263088824929078 ) ) ;
#2233 = CARTESIAN_POINT ( 'NONE',  ( 5.000000000000005329, 34.50000000000000000, 12.32882846293108869 ) ) ;
#2234 = CARTESIAN_POINT ( 'NONE',  ( -5.654013304805432405, 35.23014672283522231, -12.80751232184682920 ) ) ;
#2235 = VERTEX_POINT ( 'NONE', #3485 ) ;
#2236 = CARTESIAN_POINT ( 'NONE',  ( 0.000000000000000000, 44.74999999999997868, 0.000000000000000000 ) ) ;
#2237 = CARTESIAN_POINT ( 'NONE',  ( 13.99995842595311402, 19.29062809835895465, -0.09468549680929996826 ) ) ;
#2238 = CARTESIAN_POINT ( 'NONE',  ( 3.970225590749236755, 21.44333974769800122, 10.90114756847776256 ) ) ;
#2239 = CARTESIAN_POINT ( 'NONE',  ( 10.48315697568511418, 23.83712948541741028, -4.966741162160684731 ) ) ;
#2240 = CARTESIAN_POINT ( 'NONE',  ( 9.499999999999994671, 4.000000000000000000, -19.84313483298443970 ) ) ;
#2241 = CARTESIAN_POINT ( 'NONE',  ( -4.980485467394974997, 21.81804585745693359, -13.08422580486367082 ) ) ;
#2242 = CARTESIAN_POINT ( 'NONE',  ( -13.36697259374194857, 38.26239033844651516, -4.164430037384999395 ) ) ;
#2243 = CARTESIAN_POINT ( 'NONE',  ( 0.000000000000000000, 45.00000000000000000, -11.59999999999999964 ) ) ;
#2244 = DIRECTION ( 'NONE',  ( -0.000000000000000000, -1.000000000000000000, -0.000000000000000000 ) ) ;
#2245 = CARTESIAN_POINT ( 'NONE',  ( 13.45274336272931670, 39.08331786843598366, 1.999831130610514762 ) ) ;
#2246 = DIRECTION ( 'NONE',  ( -0.000000000000000000, -1.000000000000000000, -0.000000000000000000 ) ) ;
#2247 = CARTESIAN_POINT ( 'NONE',  ( -13.37646957864664010, 19.78221869641431141, 1.659605232066080571 ) ) ;
#2248 = CARTESIAN_POINT ( 'NONE',  ( -13.42767872827304920, 19.66361449219354895, 1.269291353975039449 ) ) ;
#2249 = CARTESIAN_POINT ( 'NONE',  ( 3.733008689664147894, 21.17362452365236436, -12.86033923441941695 ) ) ;
#2250 = ADVANCED_FACE ( 'NONE', ( #5778 ), #6434, .T. ) ;
#2251 = CARTESIAN_POINT ( 'NONE',  ( 13.56116791377299435, 19.63129514736771952, 1.139019871978995901 ) ) ;
#2252 = CARTESIAN_POINT ( 'NONE',  ( -12.84358237230045852, 35.68036163323269250, 5.571607621624071527 ) ) ;
#2253 = DIRECTION ( 'NONE',  ( 1.000000000000000000, -0.000000000000000000, -0.000000000000000000 ) ) ;
#2254 = CARTESIAN_POINT ( 'NONE',  ( -11.48634336846481041, 19.76945767157404177, 1.627632931930409255 ) ) ;
#2255 = CARTESIAN_POINT ( 'NONE',  ( -12.99846936748845394, 38.24396779930940227, 3.314265686172499503 ) ) ;
#2256 = CARTESIAN_POINT ( 'NONE',  ( 1.428809295313516303, 19.70831677206446031, 13.40827102715394048 ) ) ;
#2257 = LINE ( 'NONE', #6180, #5146 ) ;
#2258 = CARTESIAN_POINT ( 'NONE',  ( 12.87525197543213018, 37.14662284449681096, 4.242873121848155016 ) ) ;
#2259 = CARTESIAN_POINT ( 'NONE',  ( 4.323240832646968457, 37.01222333411794807, 12.63468169852540690 ) ) ;
#2260 = CARTESIAN_POINT ( 'NONE',  ( -3.733008690557821030, 21.17362452465426514, 12.86033923410671598 ) ) ;
#2261 = VERTEX_POINT ( 'NONE', #2361 ) ;
#2262 = FACE_OUTER_BOUND ( 'NONE', #381, .T. ) ;
#2263 = CARTESIAN_POINT ( 'NONE',  ( 5.555138609307618935, 23.23984200717115201, 12.85076088326935562 ) ) ;
#2264 = AXIS2_PLACEMENT_3D ( 'NONE', #3239, #7179, #5000 ) ;
#2265 = CARTESIAN_POINT ( 'NONE',  ( -3.023322884259310950, 39.16462772430057981, 13.66989858999155416 ) ) ;
#2266 = CARTESIAN_POINT ( 'NONE',  ( -13.03173118341545056, 36.95334192809715290, 5.118402790661045643 ) ) ;
#2267 = CARTESIAN_POINT ( 'NONE',  ( 4.989640111671467260, 34.83229802068429137, 12.33391031146498307 ) ) ;
#2268 = CARTESIAN_POINT ( 'NONE',  ( -2.916846679560680666, 38.56184611942841656, -13.11338220583991898 ) ) ;
#2269 = VECTOR ( 'NONE', #5435, 1000.000000000000000 ) ;
#2270 = ORIENTED_EDGE ( 'NONE', *, *, #6267, .F. ) ;
#2271 = CARTESIAN_POINT ( 'NONE',  ( 5.299337663097245965, 22.46402362713914158, 12.95833794104593117 ) ) ;
#2272 = CARTESIAN_POINT ( 'NONE',  ( 12.57669683062198196, 24.50000000000000000, -5.000000000000000000 ) ) ;
#2273 = CARTESIAN_POINT ( 'NONE',  ( 2.513338726991404481, 20.16527303076321331, 11.32789720824170487 ) ) ;
#2274 = DIRECTION ( 'NONE',  ( 0.000000000000000000, 0.000000000000000000, 1.000000000000000000 ) ) ;
#2275 = AXIS2_PLACEMENT_3D ( 'NONE', #71, #608, #5759 ) ;
#2276 = DIRECTION ( 'NONE',  ( 0.000000000000000000, 0.000000000000000000, -1.000000000000000000 ) ) ;
#2277 = CARTESIAN_POINT ( 'NONE',  ( 0.08702738911929137899, 18.99989072753343322, -14.00004637111816308 ) ) ;
#2278 = CARTESIAN_POINT ( 'NONE',  ( -13.48385952716921921, 38.63172738059794398, -3.769293151289732968 ) ) ;
#2279 = CARTESIAN_POINT ( 'NONE',  ( 4.464371924913104195, 37.92425400104979616, 13.26925784703298916 ) ) ;
#2280 = CARTESIAN_POINT ( 'NONE',  ( -5.599782199576291752, 35.54611376197850348, -12.83131109016824389 ) ) ;
#2281 = CARTESIAN_POINT ( 'NONE',  ( 12.95238451565927562, 23.81331252400483578, -5.313764251635931579 ) ) ;
#2282 = CARTESIAN_POINT ( 'NONE',  ( -13.48552442851640087, 19.53238074689455317, -0.5741885885618042140 ) ) ;
#2283 = CARTESIAN_POINT ( 'NONE',  ( -12.32882846293112422, 24.50000000000000000, 5.000000000000000000 ) ) ;
#2284 = CARTESIAN_POINT ( 'NONE',  ( -0.6615497669907791645, 19.54327545544805034, -13.48066893231674968 ) ) ;
#2285 = CONICAL_SURFACE ( 'NONE', #6707, 1.750000000000000000, 0.7853981633974489451 ) ;
#2286 = CARTESIAN_POINT ( 'NONE',  ( -13.03412276383323487, 36.94826846959188771, 5.110825507945291335 ) ) ;
#2287 = CARTESIAN_POINT ( 'NONE',  ( -5.000000000000014211, 34.83498231666817446, 10.46709128650361542 ) ) ;
#2288 = CARTESIAN_POINT ( 'NONE',  ( 4.867952758520709189, 23.35776886759186155, 12.39261419211051596 ) ) ;
#2289 = CARTESIAN_POINT ( 'NONE',  ( -13.11977440070297085, 38.57872686454832234, 2.892507242728775907 ) ) ;
#2290 = EDGE_CURVE ( 'NONE', #4474, #6488, #6907, .T. ) ;
#2291 = CIRCLE ( 'NONE', #6470, 2.250000000000015987 ) ;
#2292 = CARTESIAN_POINT ( 'NONE',  ( -1.614915759334829781, 19.76726197324116185, 13.38289089555150824 ) ) ;
#2293 = CARTESIAN_POINT ( 'NONE',  ( -7.449269240907029577, 7.501819328687492572, 11.85418501369458077 ) ) ;
#2294 = CARTESIAN_POINT ( 'NONE',  ( 13.28429976627721842, 38.60581824275656260, 2.853756871408727136 ) ) ;
#2295 = CARTESIAN_POINT ( 'NONE',  ( 4.999999708619927041, 34.58356962949728342, 12.32882844306657510 ) ) ;
#2296 = CARTESIAN_POINT ( 'NONE',  ( 13.16456836461158986, 20.76625574255971785, 3.325825564900082298 ) ) ;
#2297 =( GEOMETRIC_REPRESENTATION_CONTEXT ( 3 ) GLOBAL_UNCERTAINTY_ASSIGNED_CONTEXT ( ( #3974 ) ) GLOBAL_UNIT_ASSIGNED_CONTEXT ( ( #705, #1349, #4063 ) ) REPRESENTATION_CONTEXT ( 'NONE', 'WORKASPACE' ) );
#2298 = CARTESIAN_POINT ( 'NONE',  ( -3.995396005755055491, 21.49359955986369641, 12.76462762101189696 ) ) ;
#2299 = EDGE_LOOP ( 'NONE', ( #201, #4648, #1342, #2312 ) ) ;
#2300 = EDGE_CURVE ( 'NONE', #7136, #1888, #164, .T. ) ;
#2301 = CARTESIAN_POINT ( 'NONE',  ( 12.93429922887929528, 34.50000000000000000, 5.357602398257307108 ) ) ;
#2302 = CARTESIAN_POINT ( 'NONE',  ( 0.5132620449310166810, 39.97787742664341692, 13.99066853216511319 ) ) ;
#2303 = CARTESIAN_POINT ( 'NONE',  ( -13.13709814253310348, 21.58767438803157646, 4.839343276956304507 ) ) ;
#2304 = CARTESIAN_POINT ( 'NONE',  ( -1.140077555601707759, 39.36845766115462197, -13.44169410524600217 ) ) ;
#2305 = CARTESIAN_POINT ( 'NONE',  ( 4.628966502471221212, 36.39026525975000936, 12.50292118951570330 ) ) ;
#2306 = CARTESIAN_POINT ( 'NONE',  ( 0.4174432764730258705, 39.48322062631693541, -13.49248858780281601 ) ) ;
#2307 = ORIENTED_EDGE ( 'NONE', *, *, #4580, .T. ) ;
#2308 = CARTESIAN_POINT ( 'NONE',  ( -12.32882846293113488, 24.50000000000000000, -5.000000000000000000 ) ) ;
#2309 = CARTESIAN_POINT ( 'NONE',  ( 13.19592812152363059, 21.95737312279722886, 4.676324864543354387 ) ) ;
#2310 = DIRECTION ( 'NONE',  ( 0.000000000000000000, -1.000000000000000000, 0.000000000000000000 ) ) ;
#2311 = CARTESIAN_POINT ( 'NONE',  ( -2.480262996449404511, 13.59510689145059104, 11.34140664175427737 ) ) ;
#2312 = ORIENTED_EDGE ( 'NONE', *, *, #5358, .F. ) ;
#2313 = CARTESIAN_POINT ( 'NONE',  ( -5.508939228551284373, 35.93639846905600876, 12.87070849512849158 ) ) ;
#2314 = CARTESIAN_POINT ( 'NONE',  ( -4.464326232005134010, 21.07568893809727584, -13.26927361248400672 ) ) ;
#2315 = CARTESIAN_POINT ( 'NONE',  ( -13.99602391814794800, 39.99060832177772085, -0.3825061809439817551 ) ) ;
#2316 = DIRECTION ( 'NONE',  ( 0.000000000000000000, -1.000000000000000000, -8.673617379884041635E-17 ) ) ;
#2317 = ORIENTED_EDGE ( 'NONE', *, *, #4757, .F. ) ;
#2318 = CARTESIAN_POINT ( 'NONE',  ( 13.07281374429920184, 22.65275951487313932, -5.010246306057689836 ) ) ;
#2319 = CARTESIAN_POINT ( 'NONE',  ( 12.98493613916367906, 23.38283210234454756, 5.233717290290038626 ) ) ;
#2320 = CARTESIAN_POINT ( 'NONE',  ( -12.96736205549835219, 20.84624880348649612, 3.413462379271159808 ) ) ;
#2321 = CARTESIAN_POINT ( 'NONE',  ( -13.13859881270516539, 20.37155344778729926, 2.820922919498017212 ) ) ;
#2322 = CARTESIAN_POINT ( 'NONE',  ( -12.41515212021877623, 35.82965515279114044, 4.820274282099900276 ) ) ;
#2323 = CARTESIAN_POINT ( 'NONE',  ( 2.385091477210154576, 20.10548206891256484, -13.24262678785187575 ) ) ;
#2324 = CARTESIAN_POINT ( 'NONE',  ( -12.38396570382938400, 35.56420600412829458, -4.886122869753431353 ) ) ;
#2325 = CARTESIAN_POINT ( 'NONE',  ( -4.738970695141813572, 36.12759409217025564, 10.58872335399709108 ) ) ;
#2326 = CARTESIAN_POINT ( 'NONE',  ( -10.58932437669345816, 22.86887877768161914, -4.737602936772877804 ) ) ;
#2327 = CARTESIAN_POINT ( 'NONE',  ( 12.73304566195176335, 36.40935042566000135, -4.621121000709509374 ) ) ;
#2328 = CARTESIAN_POINT ( 'NONE',  ( 1.188814211917120778, 19.64320661608418916, 13.43658867178312200 ) ) ;
#2329 = CARTESIAN_POINT ( 'NONE',  ( 2.023718181952381290, 39.64532229621747206, -13.85406249294931236 ) ) ;
#2330 = CARTESIAN_POINT ( 'NONE',  ( 12.93854013963863814, 37.41702199325045797, 4.061733480695266962 ) ) ;
#2331 = CARTESIAN_POINT ( 'NONE',  ( 4.825236483681763389, 35.81295688305063152, 12.41282736075851467 ) ) ;
#2332 = EDGE_CURVE ( 'NONE', #338, #875, #237, .T. ) ;
#2333 = CARTESIAN_POINT ( 'NONE',  ( -3.910139247504075488, 21.38364364240065996, 12.79650896781718572 ) ) ;
#2334 = ORIENTED_EDGE ( 'NONE', *, *, #2212, .T. ) ;
#2335 = CARTESIAN_POINT ( 'NONE',  ( 13.00927288815645433, 35.85672456483251125, 5.172908357373840360 ) ) ;
#2336 = CARTESIAN_POINT ( 'NONE',  ( -12.50292118952202003, 22.60973474021516694, -4.628966502456936638 ) ) ;
#2337 = CARTESIAN_POINT ( 'NONE',  ( -0.3827253343028907406, 39.98834933704105765, 13.99508151230731734 ) ) ;
#2338 = CARTESIAN_POINT ( 'NONE',  ( -3.404904220393452530, 38.16240835150470190, -12.97024241547119594 ) ) ;
#2339 = CARTESIAN_POINT ( 'NONE',  ( 7.669990706454271390, 3.669990706454261176, -13.27642669994117242 ) ) ;
#2340 = EDGE_CURVE ( 'NONE', #3125, #6518, #2436, .T. ) ;
#2341 = CARTESIAN_POINT ( 'NONE',  ( -13.05055611474004884, 37.02480868482118836, -5.068055422443444868 ) ) ;
#2342 = CARTESIAN_POINT ( 'NONE',  ( 0.3355060095337425441, 39.48940892125604307, -13.49525739537452829 ) ) ;
#2343 = ORIENTED_EDGE ( 'NONE', *, *, #2340, .T. ) ;
#2344 = CARTESIAN_POINT ( 'NONE',  ( 3.101765169835632108, 19.88350075338311385, 13.65230268329045238 ) ) ;
#2345 = CARTESIAN_POINT ( 'NONE',  ( 12.63268356859933483, 23.35700239613884932, -4.868295518108160636 ) ) ;
#2346 = FACE_OUTER_BOUND ( 'NONE', #685, .T. ) ;
#2347 = CARTESIAN_POINT ( 'NONE',  ( 10.67082160570595839, 22.41958533879257232, 4.549531222503838457 ) ) ;
#2348 = VERTEX_POINT ( 'NONE', #4722 ) ;
#2349 = CARTESIAN_POINT ( 'NONE',  ( 4.908900487238242683, 23.54898740657082001, -12.37305018407112378 ) ) ;
#2350 = CARTESIAN_POINT ( 'NONE',  ( 0.7487021014490802262, 19.04683431506587965, -13.98027744105184489 ) ) ;
#2351 = CARTESIAN_POINT ( 'NONE',  ( -5.703703114510189742, 34.49999999999998579, -12.78545152826159637 ) ) ;
#2352 = CARTESIAN_POINT ( 'NONE',  ( -7.499999999999994671, 0.000000000000000000, -19.84313483298444325 ) ) ;
#2353 = CARTESIAN_POINT ( 'NONE',  ( 13.00477575938352359, 23.18466280894201503, -5.184201152039418226 ) ) ;
#2354 = CARTESIAN_POINT ( 'NONE',  ( 13.20924889882390829, 21.87845127738374629, 4.643104325810979205 ) ) ;
#2355 = CARTESIAN_POINT ( 'NONE',  ( -13.48519778726387486, 19.53311705446887103, 0.5802737701390038305 ) ) ;
#2356 = CARTESIAN_POINT ( 'NONE',  ( -13.38217273889677017, 19.76880104330980004, 1.625665516082744677 ) ) ;
#2357 = CARTESIAN_POINT ( 'NONE',  ( -12.80946492379130319, 37.65997617676577391, 3.874865514812392053 ) ) ;
#2358 = CARTESIAN_POINT ( 'NONE',  ( 2.291739839372145315, 20.05532726406251598, -13.26280562134857099 ) ) ;
#2359 = CARTESIAN_POINT ( 'NONE',  ( 13.53140118168141015, 19.70819597023646352, -1.428357066552702337 ) ) ;
#2360 = CARTESIAN_POINT ( 'NONE',  ( -12.44448618836005416, 36.04081120967300222, -4.757387328505469526 ) ) ;
#2361 = CARTESIAN_POINT ( 'NONE',  ( 12.93429922887929706, 34.50000000000000000, -5.357602398257300891 ) ) ;
#2362 = CARTESIAN_POINT ( 'NONE',  ( -13.32987769278602208, 39.10736947447537659, 1.942315636660340239 ) ) ;
#2363 = CARTESIAN_POINT ( 'NONE',  ( 13.07745711748301076, 37.94009096859768704, -3.628472116955834714 ) ) ;
#2364 = CARTESIAN_POINT ( 'NONE',  ( -2.509765903596092418, 20.17246518316152759, 13.21567769546506277 ) ) ;
#2365 = DIRECTION ( 'NONE',  ( -0.000000000000000000, -1.000000000000000000, -0.000000000000000000 ) ) ;
#2366 = CARTESIAN_POINT ( 'NONE',  ( 12.62509219258608795, 35.56299281076161378, 4.886385696586523331 ) ) ;
#2367 = CARTESIAN_POINT ( 'NONE',  ( 4.803068752773842931, 35.89183404452903403, 12.42323527582724374 ) ) ;
#2368 = CARTESIAN_POINT ( 'NONE',  ( -4.154873143065745289, 21.71843459005710031, 12.70282834714424780 ) ) ;
#2369 = VERTEX_POINT ( 'NONE', #6969 ) ;
#2370 = ORIENTED_EDGE ( 'NONE', *, *, #6267, .T. ) ;
#2371 = CARTESIAN_POINT ( 'NONE',  ( 13.19505751612432576, 37.03914254651035520, 4.678927841200752447 ) ) ;
#2372 = CARTESIAN_POINT ( 'NONE',  ( -12.45688294740619462, 22.87866686096857904, -4.730528942884146382 ) ) ;
#2373 = CARTESIAN_POINT ( 'NONE',  ( 1.303388515414686255, 39.85752263389785810, 13.94041626776710707 ) ) ;
#2374 = LINE ( 'NONE', #6379, #4652 ) ;
#2375 = CARTESIAN_POINT ( 'NONE',  ( -1.536983677115873359, 39.25861420049429995, -13.39399708042341253 ) ) ;
#2376 = VERTEX_POINT ( 'NONE', #1418 ) ;
#2377 = AXIS2_PLACEMENT_3D ( 'NONE', #353, #4216, #908 ) ;
#2378 = CARTESIAN_POINT ( 'NONE',  ( 5.629045868437812850, 23.59484595325283962, 12.81855921369412954 ) ) ;
#2379 = CARTESIAN_POINT ( 'NONE',  ( 12.64522485383693073, 23.23755363625079440, -4.838172718570633357 ) ) ;
#2380 = DIRECTION ( 'NONE',  ( 0.000000000000000000, 1.000000000000000000, -0.000000000000000000 ) ) ;
#2381 = EDGE_CURVE ( 'NONE', #5957, #4970, #5245, .T. ) ;
#2382 = CARTESIAN_POINT ( 'NONE',  ( -3.813475974169454830, 12.97642576137208970, 10.96375588004852553 ) ) ;
#2383 = CARTESIAN_POINT ( 'NONE',  ( 5.140411484274484799, 11.96659613477034156, 13.02342774582081653 ) ) ;
#2384 = CARTESIAN_POINT ( 'NONE',  ( -5.507218689092063357, 23.06597965546525586, -12.87133118078475214 ) ) ;
#2385 = VECTOR ( 'NONE', #1446, 1000.000000000000114 ) ;
#2386 = CARTESIAN_POINT ( 'NONE',  ( 4.683447163529335100, 37.64041563479015196, 13.19349785096086691 ) ) ;
#2387 = CARTESIAN_POINT ( 'NONE',  ( -13.31996301984300146, 39.08369846579640949, 1.999132676454198565 ) ) ;
#2388 = EDGE_CURVE ( 'NONE', #651, #5957, #4774, .T. ) ;
#2389 = CIRCLE ( 'NONE', #3353, 1.750000000000000000 ) ;
#2390 = CARTESIAN_POINT ( 'NONE',  ( 13.79695252345019796, 19.83009973543668991, 2.380842270210120848 ) ) ;
#2391 = CARTESIAN_POINT ( 'NONE',  ( -12.73191184167147583, 21.61040424137723193, 4.080777180794122216 ) ) ;
#2392 = CARTESIAN_POINT ( 'NONE',  ( -12.96557111954844288, 20.85124019833673259, -3.419523776627218847 ) ) ;
#2393 = CARTESIAN_POINT ( 'NONE',  ( 3.197575384608427829, 20.65608983829885403, -13.03374366503975246 ) ) ;
#2394 = CARTESIAN_POINT ( 'NONE',  ( -4.372525284414596314, 36.92521481214401291, 12.61413117264075545 ) ) ;
#2395 = CARTESIAN_POINT ( 'NONE',  ( -13.00253733355237706, 38.25680065245959582, -3.303421593126014688 ) ) ;
#2396 = AXIS2_PLACEMENT_3D ( 'NONE', #1901, #7148, #2018 ) ;
#2397 = CARTESIAN_POINT ( 'NONE',  ( -13.34683969041588725, 39.14786446614743198, 1.845115717836881775 ) ) ;
#2398 = CARTESIAN_POINT ( 'NONE',  ( 12.70581909881102156, 36.23453820268021985, -4.689673090270749078 ) ) ;
#2399 = CARTESIAN_POINT ( 'NONE',  ( -4.239045969329542807, 21.84723125228980223, 12.66922898022115085 ) ) ;
#2400 = DIRECTION ( 'NONE',  ( 1.206107350727848108E-16, 0.000000000000000000, 1.000000000000000000 ) ) ;
#2401 = CARTESIAN_POINT ( 'NONE',  ( 13.59979038530984319, 39.46694893863644182, 0.5797848199561983495 ) ) ;
#2402 = CARTESIAN_POINT ( 'NONE',  ( -2.051012581455279982, 19.93971805070561842, 13.31025193673397489 ) ) ;
#2403 = ORIENTED_EDGE ( 'NONE', *, *, #5550, .T. ) ;
#2404 = AXIS2_PLACEMENT_3D ( 'NONE', #5895, #3501, #3044 ) ;
#2405 = CARTESIAN_POINT ( 'NONE',  ( 12.98407065148452944, 35.60752743084544392, 5.235862345368217596 ) ) ;
#2406 = CARTESIAN_POINT ( 'NONE',  ( -4.464326232005129569, 37.92431106190271350, 13.26927361248401560 ) ) ;
#2407 = CARTESIAN_POINT ( 'NONE',  ( -13.85314853604837992, 19.35697108262163368, 2.029858609477910303 ) ) ;
#2408 = CARTESIAN_POINT ( 'NONE',  ( -0.3708736252890569296, 39.98855207649468468, -13.99516733005112101 ) ) ;
#2409 = CARTESIAN_POINT ( 'NONE',  ( -12.98747719068706274, 36.70186355746621132, -5.227517382448652050 ) ) ;
#2410 = CARTESIAN_POINT ( 'NONE',  ( -2.221969527786577636, 38.97990527982585718, -13.27715620654397100 ) ) ;
#2411 = ORIENTED_EDGE ( 'NONE', *, *, #100, .F. ) ;
#2412 = CARTESIAN_POINT ( 'NONE',  ( -3.327365498151774403, 20.03196965641458860, 13.59906280377224697 ) ) ;
#2413 = CARTESIAN_POINT ( 'NONE',  ( 13.21128554789682497, 21.88305829288639615, 4.632760279420767624 ) ) ;
#2414 = CARTESIAN_POINT ( 'NONE',  ( 3.056015166360555479, 20.52916875737614433, 11.19369903204741767 ) ) ;
#2415 = CARTESIAN_POINT ( 'NONE',  ( 12.74153168056686347, 36.46080452360409652, 4.599525210595095004 ) ) ;
#2416 = CARTESIAN_POINT ( 'NONE',  ( 10.46709128650360654, 24.50000000000000000, -5.000000000000000000 ) ) ;
#2417 = ORIENTED_EDGE ( 'NONE', *, *, #2162, .T. ) ;
#2418 = CARTESIAN_POINT ( 'NONE',  ( 7.301031686265505805, 8.233994723488248013, 11.94563959726864155 ) ) ;
#2419 = CARTESIAN_POINT ( 'NONE',  ( 2.617713144335259035, 19.61263890154685896, -13.75334568237772359 ) ) ;
#2420 = EDGE_CURVE ( 'NONE', #3620, #5638, #3678, .T. ) ;
#2421 = CARTESIAN_POINT ( 'NONE',  ( -13.00324395399331223, 38.25764970753355954, 3.298747055674235540 ) ) ;
#2422 = PLANE ( 'NONE',  #2629 ) ;
#2423 = CARTESIAN_POINT ( 'NONE',  ( 13.44303055766123833, 20.93757953825100415, -3.910065591505455629 ) ) ;
#2424 = CARTESIAN_POINT ( 'NONE',  ( 13.97318236277763681, 19.35895086894847239, -0.8832993528763355418 ) ) ;
#2425 = CARTESIAN_POINT ( 'NONE',  ( -12.93809792131997938, 20.93311135161112091, 3.503917043568896439 ) ) ;
#2426 = CARTESIAN_POINT ( 'NONE',  ( -13.03136881055142560, 20.66267867427234961, -3.205718809805625291 ) ) ;
#2427 = CARTESIAN_POINT ( 'NONE',  ( -4.534408557215633628, 22.39268118457441048, -12.54479730382647240 ) ) ;
#2428 = EDGE_CURVE ( 'NONE', #1345, #4139, #5854, .T. ) ;
#2429 = CARTESIAN_POINT ( 'NONE',  ( -13.42767872827304565, 39.33638550780645460, -1.269291353975035452 ) ) ;
#2430 = CARTESIAN_POINT ( 'NONE',  ( -13.46336086141257837, 39.41769880279591121, -0.9071277292712603968 ) ) ;
#2431 = CARTESIAN_POINT ( 'NONE',  ( 12.95165662588423849, 37.46948556258877971, -4.022718786602162311 ) ) ;
#2432 = CARTESIAN_POINT ( 'NONE',  ( -0.1591033311401535144, 19.50184351455508747, 13.49917357653227512 ) ) ;
#2433 = CARTESIAN_POINT ( 'NONE',  ( 4.286561849384172618, 38.13262796016794454, -13.32818806407672518 ) ) ;
#2434 = CARTESIAN_POINT ( 'NONE',  ( 13.49322107470048415, 39.19158184757608865, -1.729377538529001557 ) ) ;
#2435 = CARTESIAN_POINT ( 'NONE',  ( 0.1577780453431988084, 39.50020214636914773, 13.50009008622130224 ) ) ;
#2436 = LINE ( 'NONE', #4807, #612 ) ;
#2437 = CARTESIAN_POINT ( 'NONE',  ( 0.6615497669351656507, 19.54327545544063582, 13.48066893232333996 ) ) ;
#2438 = ORIENTED_EDGE ( 'NONE', *, *, #6460, .F. ) ;
#2439 = CARTESIAN_POINT ( 'NONE',  ( 2.751414200951855626, 38.67490519577523855, -13.15636920601100179 ) ) ;
#2440 = CARTESIAN_POINT ( 'NONE',  ( 13.97242078266356913, 39.63900818086001721, 0.8826447184292994796 ) ) ;
#2441 = CARTESIAN_POINT ( 'NONE',  ( 4.098150232047085062, 38.32639188207670600, 13.38692652296025898 ) ) ;
#2442 = CARTESIAN_POINT ( 'NONE',  ( -13.58835512833718440, 20.06257670282174743, 3.370175340068906955 ) ) ;
#2443 = CARTESIAN_POINT ( 'NONE',  ( -0.4658398471838943178, 39.98181724076224697, -13.99232828075661139 ) ) ;
#2444 = CARTESIAN_POINT ( 'NONE',  ( -12.78971457666347256, 34.86583657075910736, -5.694173872587154683 ) ) ;
#2445 = CARTESIAN_POINT ( 'NONE',  ( -10.69772623629941855, 36.72917843599987009, -4.487482645546897686 ) ) ;
#2446 = EDGE_LOOP ( 'NONE', ( #312, #1786, #4935, #5756 ) ) ;
#2447 = CARTESIAN_POINT ( 'NONE',  ( -4.931696440389196745, 21.73655457231306087, 13.10263265623420104 ) ) ;
#2448 = CARTESIAN_POINT ( 'NONE',  ( 13.41507925678805080, 20.01903658196431834, -2.224263641320751272 ) ) ;
#2449 = CARTESIAN_POINT ( 'NONE',  ( -0.7589124459124040323, 19.03698889168832764, 13.98425468436858843 ) ) ;
#2450 = CARTESIAN_POINT ( 'NONE',  ( 12.65838020215687010, 35.88028299287310574, 4.806437112056573646 ) ) ;
#2451 = CARTESIAN_POINT ( 'NONE',  ( -4.326285824547226433, 37.01191838105488330, -10.76337282595778611 ) ) ;
#2452 = ORIENTED_EDGE ( 'NONE', *, *, #706, .F. ) ;
#2453 = CARTESIAN_POINT ( 'NONE',  ( 2.456333378295880276, 13.60335584031872536, 13.79059894343029313 ) ) ;
#2454 = CARTESIAN_POINT ( 'NONE',  ( 5.703703114510180860, 24.50000000000000711, -12.78545152826159992 ) ) ;
#2455 = CARTESIAN_POINT ( 'NONE',  ( -3.385214507489689328, 13.21055770772147930, -11.10489273858814130 ) ) ;
#2456 = CARTESIAN_POINT ( 'NONE',  ( -12.45612845991591122, 36.11521825375079686, -4.732093756811623031 ) ) ;
#2457 = DIRECTION ( 'NONE',  ( 0.7071067811865474617, -0.7071067811865474617, 0.000000000000000000 ) ) ;
#2458 = CARTESIAN_POINT ( 'NONE',  ( 0.000000000000000000, 4.000000000000000000, 0.000000000000000000 ) ) ;
#2459 = CARTESIAN_POINT ( 'NONE',  ( -12.71733177543866233, 21.66414829848216783, 4.118073773586965025 ) ) ;
#2460 = CARTESIAN_POINT ( 'NONE',  ( -12.83340115196995512, 21.26020203208701176, -3.809226062134131841 ) ) ;
#2461 = CARTESIAN_POINT ( 'NONE',  ( -3.333582251321319134, 20.77341561473235032, -12.99244741163070316 ) ) ;
#2462 = CARTESIAN_POINT ( 'NONE',  ( -4.598940812191202987, 36.46217458665364575, 12.51632130456769865 ) ) ;
#2463 = CARTESIAN_POINT ( 'NONE',  ( -13.45268050123683956, 39.39346618586255744, -1.027468082397415605 ) ) ;
#2464 = CARTESIAN_POINT ( 'NONE',  ( -13.22029294184582326, 38.83865419996314472, 2.485718513746603353 ) ) ;
#2465 = CARTESIAN_POINT ( 'NONE',  ( 12.89941103294721536, 37.25202981474359376, -4.174499903516458943 ) ) ;
#2466 = CARTESIAN_POINT ( 'NONE',  ( -4.865803874062697432, 23.34643366512457519, 12.39365093232150628 ) ) ;
#2467 = CARTESIAN_POINT ( 'NONE',  ( 0.9354849388872015226, 39.92854795281832025, -13.96993411521724404 ) ) ;
#2468 = EDGE_CURVE ( 'NONE', #2020, #1271, #3695, .T. ) ;
#2469 = CARTESIAN_POINT ( 'NONE',  ( 13.61204152707787429, 39.49776387601538374, 0.1705959954947483814 ) ) ;
#2470 = CARTESIAN_POINT ( 'NONE',  ( 1.301616152408257010, 19.66960598553523809, -13.42498538109130735 ) ) ;
#2471 = CARTESIAN_POINT ( 'NONE',  ( 2.892507242946277479, 38.57872686439498722, 13.11977440064445766 ) ) ;
#2472 = CARTESIAN_POINT ( 'NONE',  ( 13.29668287967551699, 20.35746615342451094, 2.799976941313988110 ) ) ;
#2473 = CARTESIAN_POINT ( 'NONE',  ( 10.46709128650362253, 34.49999999999999289, 5.000000000000000888 ) ) ;
#2474 = CARTESIAN_POINT ( 'NONE',  ( -2.892507243044735166, 20.42127313567441504, 13.11977440061705558 ) ) ;
#2475 = VERTEX_POINT ( 'NONE', #50 ) ;
#2476 = CARTESIAN_POINT ( 'NONE',  ( 3.816796735454148326, 37.72998099628176050, -12.83055227563653666 ) ) ;
#2477 = ORIENTED_EDGE ( 'NONE', *, *, #3210, .F. ) ;
#2478 = EDGE_CURVE ( 'NONE', #3535, #2793, #3341, .T. ) ;
#2479 = CARTESIAN_POINT ( 'NONE',  ( 3.327365498151755308, 38.96803034358541140, 13.59906280377225229 ) ) ;
#2480 = CARTESIAN_POINT ( 'NONE',  ( -13.38654822533802502, 20.67484212788998832, 4.099381769780369389 ) ) ;
#2481 = CARTESIAN_POINT ( 'NONE',  ( -1.484806420479569233, 39.81343295475130617, -13.92220683203125908 ) ) ;
#2482 = CARTESIAN_POINT ( 'NONE',  ( -12.95833794104594894, 36.53597637286085131, -5.299337663097206885 ) ) ;
#2483 = CARTESIAN_POINT ( 'NONE',  ( -24.00000000000000355, 24.50000000000000000, -5.000000000000000000 ) ) ;
#2484 = CARTESIAN_POINT ( 'NONE',  ( -4.977937607998722314, 21.81475576515098069, 13.08513458396844520 ) ) ;
#2485 = CARTESIAN_POINT ( 'NONE',  ( 13.56757654213219944, 19.61487987461556060, -1.066448113146788668 ) ) ;
#2486 = DIRECTION ( 'NONE',  ( -0.000000000000000000, -1.000000000000000000, -0.000000000000000000 ) ) ;
#2487 = CARTESIAN_POINT ( 'NONE',  ( -8.000000000000005329, 4.000000000000000000, 12.68857754044950248 ) ) ;
#2488 = ORIENTED_EDGE ( 'NONE', *, *, #3427, .F. ) ;
#2489 = CARTESIAN_POINT ( 'NONE',  ( 3.789409796498331762, 12.99060700576011307, 13.48405700324767942 ) ) ;
#2490 = CARTESIAN_POINT ( 'NONE',  ( 2.018765464496686146, 19.35522881545676910, -13.85397175711802831 ) ) ;
#2491 = CARTESIAN_POINT ( 'NONE',  ( -7.098379382258079850, 8.969792867132998282, -9.177613124455628935 ) ) ;
#2492 = CARTESIAN_POINT ( 'NONE',  ( -12.72266196392037152, 37.35623762708804918, 4.104692339770052101 ) ) ;
#2493 = CARTESIAN_POINT ( 'NONE',  ( 5.000000000000005329, 34.50000000000000000, -10.46709128650361542 ) ) ;
#2494 = CARTESIAN_POINT ( 'NONE',  ( 12.57758869037425953, 24.33417450022739814, 4.997941217109083567 ) ) ;
#2495 = CARTESIAN_POINT ( 'NONE',  ( -5.703703114510188854, 45.00000000000000000, -12.78545152826159637 ) ) ;
#2496 = CARTESIAN_POINT ( 'NONE',  ( 13.40899728873217001, 37.94079876708443066, -4.026431122683969299 ) ) ;
#2497 = CARTESIAN_POINT ( 'NONE',  ( 1.490251640152949530, 19.18798129170609812, -13.92162653301814146 ) ) ;
#2498 = CARTESIAN_POINT ( 'NONE',  ( -12.88965255406416155, 21.08075893230775932, 3.649020368491371791 ) ) ;
#2499 = CARTESIAN_POINT ( 'NONE',  ( -12.45674072909412544, 22.87392357095720996, -4.731022369583768317 ) ) ;
#2500 = CIRCLE ( 'NONE', #6685, 1.999999999999998224 ) ;
#2501 = CARTESIAN_POINT ( 'NONE',  ( -3.358634340408717112, 20.79600313654044541, -12.98463330005627192 ) ) ;
#2502 = CARTESIAN_POINT ( 'NONE',  ( -4.894093393224290267, 35.52448788922406209, 12.38014579232971002 ) ) ;
#2503 = CARTESIAN_POINT ( 'NONE',  ( 13.19669736045796427, 20.66323652546564205, -3.206338929394876303 ) ) ;
#2504 = B_SPLINE_CURVE_WITH_KNOTS ( 'NONE', 3,
 ( #610, #576, #1729, #3471, #73, #5192, #2313, #4628, #6354, #6867, #3996, #5652, #2832, #6908, #2800, #4032, #5116, #3433, #7338, #2209, #5764, #4487, #6760, #1800, #4073, #1248, #5081, #6202, #4518, #6531, #6421, #5905, #215, #3054, #2947, #1360 ),
 .UNSPECIFIED., .F., .F.,
 ( 4, 2, 2, 2, 2, 2, 2, 2, 2, 2, 2, 2, 2, 2, 2, 2, 2, 4 ),
 ( 0.000000000000000000, 0.03127459992950300249, 0.06254919985900600499, 0.09382379978850900748, 0.1094610997532605157, 0.1250983997180120100, 0.1876475995770192362, 0.2032848995417703974, 0.2189221995065215864, 0.2501967994360240755, 0.2814713993655265090, 0.3127459992950289980, 0.3440205992245314315, 0.3752951991540338650, 0.4065697990835362985, 0.4378443990130387875, 0.4691189989425412210, 0.5003935988720435990 ),
 .UNSPECIFIED. ) ;
#2505 = CARTESIAN_POINT ( 'NONE',  ( -12.72129217169056403, 37.35119471416602721, -4.108199442731410578 ) ) ;
#2506 = CARTESIAN_POINT ( 'NONE',  ( -7.499999999999994671, 3.499999999999985789, -13.56465996626677750 ) ) ;
#2507 = VECTOR ( 'NONE', #6034, 1000.000000000000000 ) ;
#2508 = ORIENTED_EDGE ( 'NONE', *, *, #6049, .F. ) ;
#2509 = CARTESIAN_POINT ( 'NONE',  ( -12.92966737449791914, 38.04153000213716496, -3.529542010681487429 ) ) ;
#2510 = CARTESIAN_POINT ( 'NONE',  ( 13.10466399831629758, 38.03417727888534472, -3.536890281355653975 ) ) ;
#2511 = CARTESIAN_POINT ( 'NONE',  ( 9.499999999999991118, 4.000000000000000000, 19.84313483298443970 ) ) ;
#2512 = CARTESIAN_POINT ( 'NONE',  ( -13.67108997552150562, 19.83139442242934791, -3.020979621648713476 ) ) ;
#2513 = CARTESIAN_POINT ( 'NONE',  ( -12.87133118078476990, 23.06597965546526652, 5.507218689092022501 ) ) ;
#2514 = CARTESIAN_POINT ( 'NONE',  ( 3.901769977042588877, 20.48431733202480132, 13.44599099503075301 ) ) ;
#2515 = CARTESIAN_POINT ( 'NONE',  ( -0.1712105040747749496, 19.50225525392734838, -13.49898907600386622 ) ) ;
#2516 = CARTESIAN_POINT ( 'NONE',  ( 2.940803362730754156, 38.54392434761195574, 13.10674025049842051 ) ) ;
#2517 = ADVANCED_FACE ( 'NONE', ( #6253 ), #5058, .F. ) ;
#2518 = CARTESIAN_POINT ( 'NONE',  ( 1.387849626182640517, 19.69629182501034848, 13.41347779377253957 ) ) ;
#2519 = ORIENTED_EDGE ( 'NONE', *, *, #6729, .T. ) ;
#2520 = VECTOR ( 'NONE', #4469, 1000.000000000000000 ) ;
#2521 = CARTESIAN_POINT ( 'NONE',  ( 3.345601216878860029, 38.21577472617848770, -12.98870409700016637 ) ) ;
#2522 = CARTESIAN_POINT ( 'NONE',  ( 13.99319370272607799, 39.69215935576212217, -0.4370645503546103927 ) ) ;
#2523 = CARTESIAN_POINT ( 'NONE',  ( 4.518919828210133716, 37.85705582794466295, 13.25076436672376445 ) ) ;
#2524 = CARTESIAN_POINT ( 'NONE',  ( -13.70514701348431608, 19.73971211462809450, -2.862991920204836394 ) ) ;
#2525 = CARTESIAN_POINT ( 'NONE',  ( 3.101765169835622338, 39.11649924661691813, -13.65230268329045415 ) ) ;
#2526 = CARTESIAN_POINT ( 'NONE',  ( -13.36695009634698650, 38.26094332199296133, -4.162794158420979329 ) ) ;
#2527 = EDGE_CURVE ( 'NONE', #5364, #4700, #6772, .T. ) ;
#2528 = CARTESIAN_POINT ( 'NONE',  ( -11.59980909496594315, 39.49955710000588027, -0.3375094791232425839 ) ) ;
#2529 = VERTEX_POINT ( 'NONE', #3933 ) ;
#2530 = CARTESIAN_POINT ( 'NONE',  ( 0.4761945032301571623, 19.01845778680115728, 13.99221015635442456 ) ) ;
#2531 = CARTESIAN_POINT ( 'NONE',  ( -5.551178220526827189, 23.23334634222722173, 12.85243367937157366 ) ) ;
#2532 = B_SPLINE_CURVE_WITH_KNOTS ( 'NONE', 3,
 ( #5861, #5974, #5939, #1860, #6414, #2445, #1897, #3735, #1309, #743, #3573, #3089, #869, #5371, #4176, #282, #6447, #1350, #2528, #5897, #5416, #6018, #321, #244, #2568, #783, #5332, #4819, #1976, #4253, #6524, #1427, #4856, #2014, #6565, #4295, #1466, #388 ),
 .UNSPECIFIED., .F., .F.,
 ( 4, 2, 2, 2, 2, 2, 2, 2, 2, 2, 2, 2, 2, 2, 2, 2, 2, 2, 4 ),
 ( 0.000000000000000000, 0.0009887459246540673645, 0.001977491849308134729, 0.002966237773962202093, 0.003954983698616269458, 0.004943729623270336389, 0.005932475547924404187, 0.006426848510251436351, 0.006921221472578470250, 0.007909967397232540651, 0.008898713321886610184, 0.009887459246540681451, 0.01087620517119475272, 0.01186495109584882399, 0.01285369702050289352, 0.01334806998282993956, 0.01384244294515698213, 0.01483118886981106901, 0.01581993479446515416 ),
 .UNSPECIFIED. ) ;
#2533 = VECTOR ( 'NONE', #4554, 1000.000000000000000 ) ;
#2534 = CARTESIAN_POINT ( 'NONE',  ( -5.333225713787249411, 22.54799102846216385, -12.94441559126352281 ) ) ;
#2535 = EDGE_LOOP ( 'NONE', ( #3003, #6019, #2229, #1983 ) ) ;
#2536 = CARTESIAN_POINT ( 'NONE',  ( 6.092146533675113496, 10.88112485969497101, 12.60588784447600297 ) ) ;
#2537 = CARTESIAN_POINT ( 'NONE',  ( 5.599782199576272212, 23.45388623802148231, -12.83131109016825278 ) ) ;
#2538 = CARTESIAN_POINT ( 'NONE',  ( -13.59934607099050830, 38.96952684158560487, 3.329084774331700469 ) ) ;
#2539 = CARTESIAN_POINT ( 'NONE',  ( 5.647112208392810473, 11.45883611660345380, -12.81577686831471397 ) ) ;
#2540 = CARTESIAN_POINT ( 'NONE',  ( -13.27715620654400830, 38.97990527982585007, 2.221969527786563425 ) ) ;
#2541 = DIRECTION ( 'NONE',  ( 0.000000000000000000, 0.000000000000000000, -1.000000000000000000 ) ) ;
#2542 = CARTESIAN_POINT ( 'NONE',  ( 12.93429922887929706, 34.50000000000000000, -5.357602398257300891 ) ) ;
#2543 = CARTESIAN_POINT ( 'NONE',  ( 13.68598147638596707, 20.15036367285463825, -2.948779624849521497 ) ) ;
#2544 = CARTESIAN_POINT ( 'NONE',  ( 12.93803159552069459, 34.84659890930101511, 5.348616044993542928 ) ) ;
#2545 = DIRECTION ( 'NONE',  ( -0.000000000000000000, -1.000000000000000000, -0.000000000000000000 ) ) ;
#2546 = CARTESIAN_POINT ( 'NONE',  ( -12.40615633512465266, 23.23840767280262654, 4.839440520749718644 ) ) ;
#2547 = CARTESIAN_POINT ( 'NONE',  ( -12.90882221739419045, 21.02146162347823122, -3.592534665436416752 ) ) ;
#2548 = CARTESIAN_POINT ( 'NONE',  ( -2.352015372850396524, 20.08769969147313006, -13.24978018892758591 ) ) ;
#2549 = CARTESIAN_POINT ( 'NONE',  ( -5.703703114510179084, 34.49999999999998579, 12.78545152826159992 ) ) ;
#2550 = CARTESIAN_POINT ( 'NONE',  ( -13.38217273889676839, 39.23119895669022128, -1.625665516082735573 ) ) ;
#2551 = ORIENTED_EDGE ( 'NONE', *, *, #1400, .F. ) ;
#2552 = CARTESIAN_POINT ( 'NONE',  ( -12.99244741166025818, 38.22658438535360403, -3.333582251225397641 ) ) ;
#2553 = CARTESIAN_POINT ( 'NONE',  ( 13.24628304062821016, 38.49102186725477281, -3.011998612980705481 ) ) ;
#2554 = CARTESIAN_POINT ( 'NONE',  ( 0.5124924327614637232, 14.00000000000000178, -11.60000000000000142 ) ) ;
#2555 = CARTESIAN_POINT ( 'NONE',  ( -13.79847244100381687, 19.49550621983584620, 2.373304587165864898 ) ) ;
#2556 = CARTESIAN_POINT ( 'NONE',  ( -12.58659725602999302, 22.19601973810263118, -4.437617773987557079 ) ) ;
#2557 = CARTESIAN_POINT ( 'NONE',  ( 13.61276798953757527, 39.49958489146305851, -0.07654241132360470323 ) ) ;
#2558 = CARTESIAN_POINT ( 'NONE',  ( -1.309464140770330021, 19.67433740367898309, -13.42300906434764585 ) ) ;
#2559 = B_SPLINE_CURVE_WITH_KNOTS ( 'NONE', 3,
 ( #4882, #5749, #5357, #675, #307, #2003, #1965, #5962, #133, #1238, #4613, #7087, #6549, #1751, #5180, #3159, #3719, #2372, #4240, #4099, #96, #2336, #3498, #2936, #6511, #5216, #1413, #2556, #3674, #6004, #4845, #894, #1789, #7131, #5441, #6342, #4651, #6934, #1823, #6700, #2665, #2040, #4325, #6662, #2771, #5481, #479, #5520, #3794, #1557, #998, #4462, #1032, #377, #2180, #1599, #6140, #5590, #1070, #3335, #3826, #4957, #7169, #4394, #2080, #3264, #6106, #6040, #5557, #6735, #6591, #1490, #7240, #3194, #3864, #446, #1631, #4988, #3757, #3894, #7275, #5624, #515, #2146, #4921, #2625, #928, #7206, #4363, #3297, #2733, #5024, #6632, #7308, #1524, #962, #6171, #414, #1217, #5198, #5161, #5693, #3477, #1112, #1809, #2282, #3517, #689, #4080, #1664, #2355, #551, #2917, #4633, #3441, #2808, #1736, #5090, #4039, #117, #2247, #6208, #6320, #1702, #5658, #5728, #6359, #658, #3, #7344, #1255, #2875, #4525, #3968, #1772, #6284, #5808, #6767, #6914, #6247, #5770, #2216, #619, #586, #1145, #4494, #3929, #2839, #80, #43, #3403, #5123, #1177, #6839, #4561, #4005, #2320, #4598, #6875, #2425, #4833, #5390, #3705, #2498, #7032, #722, #763, #7119, #5275, #257, #3024, #3630, #151, #2391, #2459, #5992, #1289, #840, #6425, #6991, #4749, #6957, #1325, #4674, #5310, #4792, #1914, #7075, #1842, #801, #299, #4119, #225, #6396, #4192, #188, #6467, #5914, #3556, #3064, #2546, #3105, #5842, #2991, #1955, #4230, #4709, #1992, #1875, #4153, #4272 ),
 .UNSPECIFIED., .F., .F.,
 ( 4, 2, 2, 1, 2, 2, 1, 1, 2, 2, 2, 1, 2, 2, 2, 1, 1, 2, 2, 2, 1, 1, 2, 2, 2, 1, 1, 1, 2, 2, 2, 1, 2, 2, 1, 1, 2, 2, 2, 1, 1, 1, 2, 2, 2, 1, 1, 2, 2, 2, 1, 2, 2, 2, 1, 2, 2, 1, 2, 2, 1, 2, 2, 2, 2, 2, 2, 2, 2, 1, 2, 2, 1, 1, 2, 2, 2, 1, 2, 2, 2, 1, 1, 2, 2, 2, 1, 1, 2, 2, 1, 1, 1, 2, 2, 2, 1, 2, 2, 2, 1, 1, 2, 2, 2, 1, 1, 2, 2, 2, 1, 1, 2, 2, 2, 1, 2, 2, 2, 2, 2, 1, 2, 2, 2, 2, 4 ),
 ( 0.000000000000000000, 0.01562499999998361727, 0.03124999999996723454, 0.04687499999995085181, 0.05468749999994268474, 0.06249999999993452460, 0.07812499999991882882, 0.08593749999991094624, 0.08984374999990733801, 0.09374999999990372979, 0.1093749999998904210, 0.1171874999998838013, 0.1210937499998807898, 0.1249999999998777922, 0.1406249999998657740, 0.1484374999998598066, 0.1523437499998567535, 0.1542968749998555877, 0.1562499999998544220, 0.1718749999998487321, 0.1796874999998456512, 0.1835937499998444578, 0.1855468749998438471, 0.1874999999998432365, 0.2031249999998388234, 0.2109374999998366029, 0.2148437499998352429, 0.2167968749998345768, 0.2177734374998342437, 0.2187499999998339106, 0.2265624999998316069, 0.2304687499998307465, 0.2324218749998303302, 0.2343749999998299138, 0.2421874999998294975, 0.2460937499998290812, 0.2480468749998285816, 0.2499999999998280820, 0.2656249999998257505, 0.2734374999998245848, 0.2773437499998240852, 0.2792968749998238631, 0.2802734374998237521, 0.2812499999998236966, 0.2968749999998233080, 0.3046874999998228639, 0.3085937499998226419, 0.3105468749998225864, 0.3124999999998225308, 0.3281249999998228639, 0.3359374999998232525, 0.3398437499998234190, 0.3437499999998235856, 0.3593749999998240297, 0.3671874999998240852, 0.3710937499998241962, 0.3749999999998243072, 0.3906249999998254729, 0.3984374999998259725, 0.4062499999998265277, 0.4218749999998276379, 0.4296874999998281930, 0.4374999999998287481, 0.4531249999998300804, 0.4687499999998314681, 0.4999999999998342437, 0.5312499999998370193, 0.5468749999998383515, 0.5624999999998397948, 0.5781249999998411271, 0.5859374999998416822, 0.5937499999998423483, 0.6093749999998432365, 0.6171874999998437916, 0.6210937499998440137, 0.6249999999998442357, 0.6406249999998450129, 0.6484374999998453459, 0.6523437499998454570, 0.6562499999998455680, 0.6718749999998460121, 0.6796874999998463451, 0.6835937499998465672, 0.6855468749998466782, 0.6874999999998466782, 0.7031249999998493427, 0.7109374999998504530, 0.7148437499998511191, 0.7167968749998514522, 0.7187499999998516742, 0.7265624999998540057, 0.7304687499998548939, 0.7324218749998552269, 0.7333984374998553379, 0.7343749999998554490, 0.7421874999998597788, 0.7460937499998621103, 0.7480468749998632205, 0.7499999999998644418, 0.7656249999998727684, 0.7734374999998770983, 0.7773437499998793188, 0.7792968749998800959, 0.7812499999998809841, 0.7968749999998866462, 0.8046874999998895328, 0.8085937499998908651, 0.8105468749998914202, 0.8124999999998920863, 0.8281249999998968603, 0.8359374999998989697, 0.8398437499999004130, 0.8417968749999013012, 0.8437499999999023004, 0.8593749999999091838, 0.8671874999999127365, 0.8710937499999148459, 0.8749999999999169553, 0.8906249999999273914, 0.8984374999999328315, 0.9062499999999382716, 0.9218749999999491518, 0.9296874999999542588, 0.9374999999999593658, 0.9531249999999695799, 0.9687499999999796829, 1.000000000000000000 ),
 .UNSPECIFIED. ) ;
#2560 = CARTESIAN_POINT ( 'NONE',  ( 10.90054098416931261, 37.55448511230826369, 3.971875971329320354 ) ) ;
#2561 = CARTESIAN_POINT ( 'NONE',  ( -1.022246400507691222, 19.60543693699609236, 13.45316316101506260 ) ) ;
#2562 = ORIENTED_EDGE ( 'NONE', *, *, #5039, .T. ) ;
#2563 = CARTESIAN_POINT ( 'NONE',  ( 5.608628890089598862, 35.50107926038776895, 12.82744570394588202 ) ) ;
#2564 = CARTESIAN_POINT ( 'NONE',  ( -13.21270344485246184, 21.28546127658349718, -4.629023732266674074 ) ) ;
#2565 = CARTESIAN_POINT ( 'NONE',  ( 0.1013573958687008641, 39.99988109358805133, -13.99994996193350794 ) ) ;
#2566 = EDGE_CURVE ( 'NONE', #5191, #5577, #1090, .T. ) ;
#2567 = CARTESIAN_POINT ( 'NONE',  ( -13.30822710181431390, 38.06210116950623501, -4.346828957949927741 ) ) ;
#2568 = CARTESIAN_POINT ( 'NONE',  ( -11.32738555671952163, 38.83333530461201377, 2.515390429997504729 ) ) ;
#2569 = ORIENTED_EDGE ( 'NONE', *, *, #2612, .T. ) ;
#2570 = CARTESIAN_POINT ( 'NONE',  ( 3.838996741019572667, 37.70362957578497998, 12.82254934722614514 ) ) ;
#2571 = CARTESIAN_POINT ( 'NONE',  ( 1.218150705172919013, 19.12670737135039545, 13.94697973370184485 ) ) ;
#2572 = CARTESIAN_POINT ( 'NONE',  ( -4.683447163540250813, 21.35958436522543380, 13.19349785095695182 ) ) ;
#2573 = CARTESIAN_POINT ( 'NONE',  ( -0.7498307554760078597, 19.04472402825534161, -13.98115908821662323 ) ) ;
#2574 = ORIENTED_EDGE ( 'NONE', *, *, #7324, .T. ) ;
#2575 = EDGE_CURVE ( 'NONE', #7050, #6045, #3409, .T. ) ;
#2576 = CARTESIAN_POINT ( 'NONE',  ( -3.775778907321006184, 37.77778880267036499, -12.84522969805579784 ) ) ;
#2577 = CARTESIAN_POINT ( 'NONE',  ( 5.684716586081238532, 24.04238969422063832, -12.79390887205412497 ) ) ;
#2578 = CARTESIAN_POINT ( 'NONE',  ( -1.014427135458060292, 13.94793923651838519, -11.56614969073815047 ) ) ;
#2579 = B_SPLINE_CURVE_WITH_KNOTS ( 'NONE', 3,
 ( #5308, #223, #2544, #3783, #6465, #1479, #4229, #7073, #4831, #4270, #5469, #4310, #1367, #365, #5431, #6576, #6030, #6620, #759, #7116, #4747, #7030, #838, #3103, #1912, #333, #4190, #6537, #2614, #3628, #5912, #3662, #799, #918, #5950, #4905, #5387, #3061, #7193, #1439, #3703, #5346, #2496, #1953, #5990, #884, #3148, #2583, #3852, #7334, #1022, #2655, #5012, #1688, #3219, #5580, #2691, #4946 ),
 .UNSPECIFIED., .F., .F.,
 ( 4, 2, 2, 2, 2, 2, 2, 2, 2, 2, 2, 2, 2, 2, 2, 2, 2, 2, 2, 2, 2, 2, 2, 2, 2, 2, 2, 2, 4 ),
 ( 0.000000000000000000, 0.03125000000000120043, 0.06250000000000240086, 0.09375000000000360822, 0.1093750000000041911, 0.1250000000000047740, 0.1875000000000045797, 0.2500000000000043854, 0.3125000000000042188, 0.3437500000000038858, 0.3750000000000034972, 0.4062500000000031641, 0.4375000000000028311, 0.4687500000000024425, 0.5000000000000021094, 0.5625000000000014433, 0.6250000000000006661, 0.6562500000000003331, 0.6875000000000000000, 0.7187499999999996669, 0.7499999999999992228, 0.7812499999999990008, 0.7968749999999990008, 0.8124999999999988898, 0.8749999999999997780, 0.9062500000000002220, 0.9218750000000003331, 0.9375000000000004441, 1.000000000000000000 ),
 .UNSPECIFIED. ) ;
#2580 = CARTESIAN_POINT ( 'NONE',  ( -3.306934637485819728, 38.26402919486675813, 11.12121326487175921 ) ) ;
#2581 = FACE_OUTER_BOUND ( 'NONE', #1018, .T. ) ;
#2582 = CARTESIAN_POINT ( 'NONE',  ( 13.94213574046503012, 19.43936068093742264, -1.272291801586397986 ) ) ;
#2583 = CARTESIAN_POINT ( 'NONE',  ( 13.20924889878489594, 37.12154872240729730, -4.643104325927406073 ) ) ;
#2584 = CARTESIAN_POINT ( 'NONE',  ( 4.786815723012208146, 21.50805576199988067, -13.15634317581488766 ) ) ;
#2585 = CARTESIAN_POINT ( 'NONE',  ( -12.33393433899865244, 24.16687222552561209, -4.989584202000875379 ) ) ;
#2586 = CARTESIAN_POINT ( 'NONE',  ( -4.080777180660503767, 21.61040424118741399, -12.73191184172302926 ) ) ;
#2587 = CARTESIAN_POINT ( 'NONE',  ( -7.499999999999994671, 3.667153101112571534, -13.37365826965877069 ) ) ;
#2588 = EDGE_LOOP ( 'NONE', ( #6506, #5789, #4031, #4183 ) ) ;
#2589 = CARTESIAN_POINT ( 'NONE',  ( -12.73191184164003786, 37.38959575850861228, -4.080777180874486376 ) ) ;
#2590 = CARTESIAN_POINT ( 'NONE',  ( -4.825236483681772270, 23.18704311694935782, 12.41282736075850579 ) ) ;
#2591 = CARTESIAN_POINT ( 'NONE',  ( -12.94417618473984355, 22.54947015184344750, 5.333806400085352450 ) ) ;
#2592 = CARTESIAN_POINT ( 'NONE',  ( 0.3757244171840625757, 19.00895150998498906, 13.99620971220115706 ) ) ;
#2593 = CARTESIAN_POINT ( 'NONE',  ( 13.48780034728550525, 39.17720368482994786, -1.767897129819342439 ) ) ;
#2594 = CARTESIAN_POINT ( 'NONE',  ( 3.911652942236477859, 21.38464042463609260, -12.79606528306284474 ) ) ;
#2595 = CARTESIAN_POINT ( 'NONE',  ( -1.659605231950763260, 39.21778130362640979, 13.37646957866002495 ) ) ;
#2596 = CARTESIAN_POINT ( 'NONE',  ( 10.69772623629941855, 36.72917843599985588, 4.487482645546897686 ) ) ;
#2597 = CARTESIAN_POINT ( 'NONE',  ( 4.309277088643796993, 21.96390523155032071, 12.64046198791107933 ) ) ;
#2598 = VERTEX_POINT ( 'NONE', #590 ) ;
#2599 = CARTESIAN_POINT ( 'NONE',  ( 2.911947128217618808, 38.56536473069567705, -13.11469142392547482 ) ) ;
#2600 = CARTESIAN_POINT ( 'NONE',  ( -4.757387328505483737, 36.04081120967300933, 12.44448618836000975 ) ) ;
#2601 = CARTESIAN_POINT ( 'NONE',  ( -13.07651200955243809, 21.85408993357066620, -5.000540191323218586 ) ) ;
#2602 = CARTESIAN_POINT ( 'NONE',  ( -13.70514701348430719, 39.26028788537190906, 2.862991920204866592 ) ) ;
#2603 = PLANE ( 'NONE',  #6555 ) ;
#2604 = ORIENTED_EDGE ( 'NONE', *, *, #852, .T. ) ;
#2605 = CARTESIAN_POINT ( 'NONE',  ( 4.582564412539239740, 22.49830568311940837, 12.52363892634316045 ) ) ;
#2606 = CARTESIAN_POINT ( 'NONE',  ( 13.28429976627721665, 20.39418175724341964, -2.853756871408720919 ) ) ;
#2607 = CARTESIAN_POINT ( 'NONE',  ( 0.000000000000000000, 45.00000000000000000, 0.000000000000000000 ) ) ;
#2608 = CARTESIAN_POINT ( 'NONE',  ( -3.310127655427917315, 38.26124909002282948, -11.12026424643224232 ) ) ;
#2609 = ORIENTED_EDGE ( 'NONE', *, *, #1301, .F. ) ;
#2610 = CARTESIAN_POINT ( 'NONE',  ( -4.803029970456018205, 35.88972633094694942, -12.42322373167953842 ) ) ;
#2611 = CARTESIAN_POINT ( 'NONE',  ( -4.366010438661044546, 22.06185965880623456, -12.61693223441078615 ) ) ;
#2612 = EDGE_CURVE ( 'NONE', #6518, #1282, #2895, .T. ) ;
#2613 = CARTESIAN_POINT ( 'NONE',  ( -5.609139198156954720, 35.50146021935542962, -12.82723538847156242 ) ) ;
#2614 = CARTESIAN_POINT ( 'NONE',  ( 13.99991777728339848, 39.70926704867168411, 0.1841457060759994768 ) ) ;
#2615 = CARTESIAN_POINT ( 'NONE',  ( -12.48103615137461730, 24.50000000000000711, 5.234567704836711854 ) ) ;
#2616 = FACE_OUTER_BOUND ( 'NONE', #2535, .T. ) ;
#2617 = CARTESIAN_POINT ( 'NONE',  ( -5.656846734249234565, 23.77348849576136658, -12.80626813905142747 ) ) ;
#2618 = CARTESIAN_POINT ( 'NONE',  ( 9.499999999999991118, 4.000000000000000000, 19.84313483298443970 ) ) ;
#2619 = CARTESIAN_POINT ( 'NONE',  ( 12.91996411751673257, 21.66047756227000676, -4.115555783807943513 ) ) ;
#2620 = VERTEX_POINT ( 'NONE', #4902 ) ;
#2621 = CARTESIAN_POINT ( 'NONE',  ( -12.60832716548920196, 36.90006282617601840, -4.386318388899435483 ) ) ;
#2622 = CARTESIAN_POINT ( 'NONE',  ( 13.41598472499589434, 38.98300871500053688, -2.215705356025066131 ) ) ;
#2623 = CARTESIAN_POINT ( 'NONE',  ( -12.78545152826161946, 34.50000000000000000, -5.703703114510133787 ) ) ;
#2624 = LINE ( 'NONE', #3158, #7200 ) ;
#2625 = CARTESIAN_POINT ( 'NONE',  ( -13.26280562134028074, 20.05532726408700839, -2.291739839417710645 ) ) ;
#2626 = CARTESIAN_POINT ( 'NONE',  ( 12.83109231094087654, 36.94038568765304831, -4.364195508483839525 ) ) ;
#2627 = CARTESIAN_POINT ( 'NONE',  ( 4.323240832646964904, 21.98777666588205548, -12.63468169852539269 ) ) ;
#2628 = CARTESIAN_POINT ( 'NONE',  ( -2.074578311391378715, 39.05002349353448921, 13.30597309145356100 ) ) ;
#2629 = AXIS2_PLACEMENT_3D ( 'NONE', #221, #6619, #1055 ) ;
#2630 = CARTESIAN_POINT ( 'NONE',  ( 2.779301302195524404, 20.34361097757903991, 13.14927442024650794 ) ) ;
#2631 = EDGE_LOOP ( 'NONE', ( #5834, #1495, #6262, #7150 ) ) ;
#2632 = CARTESIAN_POINT ( 'NONE',  ( 4.605869013921052080, 36.44587278695457400, -12.51323822058918189 ) ) ;
#2633 = CARTESIAN_POINT ( 'NONE',  ( 13.92974093310920836, 39.52826626622272954, 1.401484072477175546 ) ) ;
#2634 = CIRCLE ( 'NONE', #1693, 24.00000000000000355 ) ;
#2635 = CARTESIAN_POINT ( 'NONE',  ( 13.40895443334009585, 37.93885329152275432, -4.025371649756269044 ) ) ;
#2636 = CARTESIAN_POINT ( 'NONE',  ( -4.479445552867595381, 36.72287560563406572, 12.56871297596162584 ) ) ;
#2637 = CARTESIAN_POINT ( 'NONE',  ( -12.84358237230047806, 23.31963836676733948, -5.571607621624027118 ) ) ;
#2638 = CARTESIAN_POINT ( 'NONE',  ( -13.98461992168038925, 39.96350174304151892, -0.6626552606837747827 ) ) ;
#2639 = B_SPLINE_CURVE_WITH_KNOTS ( 'NONE', 3,
 ( #2506, #6035, #4914, #4798 ),
 .UNSPECIFIED., .F., .F.,
 ( 4, 4 ),
 ( 0.000000000000000000, 0.001125842092313978672 ),
 .UNSPECIFIED. ) ;
#2640 = CARTESIAN_POINT ( 'NONE',  ( 10.46709128650361897, 45.00000000000000000, -4.999999999999996447 ) ) ;
#2641 = VECTOR ( 'NONE', #2908, 1000.000000000000000 ) ;
#2642 = ORIENTED_EDGE ( 'NONE', *, *, #2843, .F. ) ;
#2643 = CARTESIAN_POINT ( 'NONE',  ( 12.92365623905525851, 21.64436207348813923, 4.105109625236873505 ) ) ;
#2644 = DIRECTION ( 'NONE',  ( 0.000000000000000000, 0.000000000000000000, -1.000000000000000000 ) ) ;
#2645 = CARTESIAN_POINT ( 'NONE',  ( -4.370954805476499282E-15, 24.49999999999999645, -22.79802623035600462 ) ) ;
#2646 = VERTEX_POINT ( 'NONE', #7190 ) ;
#2647 = AXIS2_PLACEMENT_3D ( 'NONE', #4118, #5309, #224 ) ;
#2648 = CARTESIAN_POINT ( 'NONE',  ( -5.000000000000012434, 34.58292121953951437, -12.32882844322068472 ) ) ;
#2649 = CARTESIAN_POINT ( 'NONE',  ( -2.719080137555480281, 20.30318213882857492, -13.16472066193718682 ) ) ;
#2650 = B_SPLINE_CURVE_WITH_KNOTS ( 'NONE', 3,
 ( #5122, #41, #2215, #2281, #6139, #1662, #2145, #1735, #3928, #6206, #550, #2807, #4560, #3263, #445, #2699, #7274, #4427, #1598, #3863, #5589, #1874, #5274, #187, #4079, #2424, #4038, #3516, #79, #7031, #657, #2916, #1288, #115, #2390, #6990, #5841, #1323, #6395, #3587, #1913, #5197, #6283, #4152, #2874, #5878, #1215, #2354, #4673, #5233, #4632, #1254, #1807, #5160, #2319, #1841, #150, #2952 ),
 .UNSPECIFIED., .F., .F.,
 ( 4, 2, 2, 2, 2, 2, 2, 2, 2, 2, 2, 2, 2, 2, 2, 2, 2, 2, 2, 2, 2, 2, 2, 2, 2, 2, 2, 2, 4 ),
 ( 0.000000000000000000, 0.03124999999999940326, 0.06249999999999880651, 0.09374999999999820977, 0.1093749999999979322, 0.1249999999999976685, 0.1874999999999978073, 0.2499999999999979461, 0.3124999999999980571, 0.3437499999999981126, 0.3749999999999981126, 0.4062499999999980571, 0.4374999999999980016, 0.4687499999999980016, 0.4999999999999978906, 0.5624999999999977796, 0.6249999999999976685, 0.6562499999999976685, 0.6874999999999976685, 0.7187499999999975575, 0.7499999999999975575, 0.7812499999999975575, 0.7968749999999972244, 0.8124999999999968914, 0.8749999999999963363, 0.9062499999999964473, 0.9218749999999966693, 0.9374999999999970024, 1.000000000000000000 ),
 .UNSPECIFIED. ) ;
#2651 = CARTESIAN_POINT ( 'NONE',  ( 2.820922919498008774, 38.62844655221270074, -13.13859881270512986 ) ) ;
#2652 = CIRCLE ( 'NONE', #881, 1.750000000000000000 ) ;
#2653 = CARTESIAN_POINT ( 'NONE',  ( -1.848428660229162412, 39.70630690722983758, -13.87861112517176743 ) ) ;
#2654 = CARTESIAN_POINT ( 'NONE',  ( 13.63766099902045248, 20.29629749746641210, -3.164726747263042039 ) ) ;
#2655 = CARTESIAN_POINT ( 'NONE',  ( 13.01943525626243314, 35.94766748404092027, -5.147337237146546229 ) ) ;
#2656 = CARTESIAN_POINT ( 'NONE',  ( 0.000000000000000000, 6.500000000000000888, -59.57475013247809414 ) ) ;
#2657 = CARTESIAN_POINT ( 'NONE',  ( -4.867952758526631563, 23.35776886761722793, -12.39261419210828308 ) ) ;
#2658 = EDGE_CURVE ( 'NONE', #5672, #5553, #3745, .T. ) ;
#2659 = DIRECTION ( 'NONE',  ( -0.000000000000000000, -1.000000000000000000, -0.000000000000000000 ) ) ;
#2660 = ORIENTED_EDGE ( 'NONE', *, *, #3859, .T. ) ;
#2661 = CARTESIAN_POINT ( 'NONE',  ( -12.96736205565211719, 38.15375119696378192, -3.413462378789179130 ) ) ;
#2662 = CARTESIAN_POINT ( 'NONE',  ( 13.38447185114973870, 38.89525598012677676, -2.383731390644631798 ) ) ;
#2663 = CARTESIAN_POINT ( 'NONE',  ( 4.980485467394960786, 37.18195414254308417, -13.08422580486367792 ) ) ;
#2664 = CARTESIAN_POINT ( 'NONE',  ( -7.500000000000000000, 6.500000000000000888, -59.57475013247809414 ) ) ;
#2665 = CARTESIAN_POINT ( 'NONE',  ( -12.73713490986577312, 21.59105112045098807, -4.067498962899804837 ) ) ;
#2666 = CARTESIAN_POINT ( 'NONE',  ( 12.60328065869651226, 35.28632785308844433, -4.937956554433330147 ) ) ;
#2667 = CARTESIAN_POINT ( 'NONE',  ( 4.407415215640801520, 22.13890262102153983, -12.59942132553726601 ) ) ;
#2668 = EDGE_CURVE ( 'NONE', #1891, #7365, #6027, .T. ) ;
#2669 = CARTESIAN_POINT ( 'NONE',  ( -3.333582251061596224, 38.22658438550042348, 12.99244741171063389 ) ) ;
#2670 = CARTESIAN_POINT ( 'NONE',  ( 13.55011479137899144, 19.65967145194479926, 1.258153762719204094 ) ) ;
#2671 = CARTESIAN_POINT ( 'NONE',  ( 11.12042845719041573, 38.26170828158033999, 3.309548481889839078 ) ) ;
#2672 = B_SPLINE_CURVE_WITH_KNOTS ( 'NONE', 3,
 ( #3883, #6200, #6161, #1057, #7368, #5613, #504, #2238, #2760, #6789, #2414, #2273, #3993, #712, #6981, #2829, #3957, #1760, #5225, #6309 ),
 .UNSPECIFIED., .F., .F.,
 ( 4, 2, 2, 2, 2, 2, 2, 2, 2, 4 ),
 ( 0.000000000000000000, 0.0009895708990820726268, 0.001979141798164145254, 0.002968712697246217447, 0.003958283596328290507, 0.004947854495410363568, 0.005937425394492434894, 0.006432210844033474026, 0.006926996293574511424, 0.007916567192656589688 ),
 .UNSPECIFIED. ) ;
#2673 = CARTESIAN_POINT ( 'NONE',  ( 4.118073773432517903, 21.66414829825709631, 12.71733177550096094 ) ) ;
#2674 = ORIENTED_EDGE ( 'NONE', *, *, #2931, .F. ) ;
#2675 = CARTESIAN_POINT ( 'NONE',  ( -12.85256368306322017, 37.80149780064319032, 3.755123247059926062 ) ) ;
#2676 = CARTESIAN_POINT ( 'NONE',  ( 12.95621324616443637, 35.23365644243946804, -5.304393435362682041 ) ) ;
#2677 = CARTESIAN_POINT ( 'NONE',  ( 0.4083661419883172772, 39.48347065139626011, 13.49260249347824292 ) ) ;
#2678 = CARTESIAN_POINT ( 'NONE',  ( 13.06802599199339454, 21.09308037219610910, 3.659644877476742053 ) ) ;
#2679 = CARTESIAN_POINT ( 'NONE',  ( -13.21270344485245829, 37.71453872341649571, 4.629023732266672297 ) ) ;
#2680 = FACE_OUTER_BOUND ( 'NONE', #1538, .T. ) ;
#2681 = ORIENTED_EDGE ( 'NONE', *, *, #2381, .T. ) ;
#2682 = CARTESIAN_POINT ( 'NONE',  ( 13.36054604212863950, 20.17172669974832644, 2.508499090564383138 ) ) ;
#2683 = CARTESIAN_POINT ( 'NONE',  ( -5.000000000000010658, 24.50000000000000000, 12.32882846293108159 ) ) ;
#2684 = CARTESIAN_POINT ( 'NONE',  ( -4.328197484262912731, 37.00467071014230669, -12.63270960136644838 ) ) ;
#2685 = CARTESIAN_POINT ( 'NONE',  ( -2.854672119489197080, 20.39481803179142361, -13.12977379352217788 ) ) ;
#2686 = CARTESIAN_POINT ( 'NONE',  ( 1.309464140770310037, 39.32566259632102401, -13.42300906434764940 ) ) ;
#2687 = ORIENTED_EDGE ( 'NONE', *, *, #4965, .T. ) ;
#2688 = CARTESIAN_POINT ( 'NONE',  ( 12.96337503968896065, 21.48365010095423244, 3.987858138515013362 ) ) ;
#2689 = CARTESIAN_POINT ( 'NONE',  ( -4.837647005014525270, 37.41497400979642407, -13.13772417154076244 ) ) ;
#2690 = CARTESIAN_POINT ( 'NONE',  ( 13.93150569943560591, 19.46691179134835892, 1.393454104581413944 ) ) ;
#2691 = CARTESIAN_POINT ( 'NONE',  ( 12.93429965475706034, 34.84676519277962115, -5.357601370105152583 ) ) ;
#2692 = DIRECTION ( 'NONE',  ( -1.000000000000000000, 0.000000000000000000, 0.000000000000000000 ) ) ;
#2693 = CYLINDRICAL_SURFACE ( 'NONE', #3470, 5.000000000000000000 ) ;
#2694 = CARTESIAN_POINT ( 'NONE',  ( -4.957140336659544566, 23.84158697145866768, -12.34976450109448365 ) ) ;
#2695 = CARTESIAN_POINT ( 'NONE',  ( -7.499999999999994671, 3.833839396980630365, -13.18224679453045489 ) ) ;
#2696 = CARTESIAN_POINT ( 'NONE',  ( 13.00569015037809528, 21.32040362211311901, -3.858781817863897956 ) ) ;
#2697 = ORIENTED_EDGE ( 'NONE', *, *, #2034, .F. ) ;
#2698 = CARTESIAN_POINT ( 'NONE',  ( 13.44076853730283538, 39.05087938508870593, 2.072701441570522718 ) ) ;
#2699 = CARTESIAN_POINT ( 'NONE',  ( 13.54619911203752380, 20.57928504137683134, -3.544719518399310321 ) ) ;
#2700 = CARTESIAN_POINT ( 'NONE',  ( 12.57669681551364782, 34.58344066272152162, -4.999999712159389098 ) ) ;
#2701 = CARTESIAN_POINT ( 'NONE',  ( 4.232370933616234510, 21.83726021879876811, -12.67188722124632427 ) ) ;
#2702 = CARTESIAN_POINT ( 'NONE',  ( -3.649020368078200516, 37.91924106814775541, 12.88965255420425393 ) ) ;
#2703 = CARTESIAN_POINT ( 'NONE',  ( 11.54396671325604906, 39.36867962198721926, 1.150312294984984218 ) ) ;
#2704 = CARTESIAN_POINT ( 'NONE',  ( 3.849181933284134161, 21.30877759073673516, 12.81883183695722295 ) ) ;
#2705 = CARTESIAN_POINT ( 'NONE',  ( -12.91828201975147294, 38.00705666742125999, 3.563797875099085743 ) ) ;
#2706 = CARTESIAN_POINT ( 'NONE',  ( 4.080777180978273577, 37.38959575836118887, -12.73191184160015865 ) ) ;
#2707 = CARTESIAN_POINT ( 'NONE',  ( 13.39183942174743080, 37.87525824725424428, -4.081904354803446822 ) ) ;
#2708 = CARTESIAN_POINT ( 'NONE',  ( 0.3251165232860180332, 39.48959322986623022, 13.49534014820028638 ) ) ;
#2709 = CARTESIAN_POINT ( 'NONE',  ( 13.05414663866542746, 21.14245928337037128, 3.704987830728452725 ) ) ;
#2710 = CARTESIAN_POINT ( 'NONE',  ( -13.32820183219524601, 38.13082022920987413, 4.285234809871784734 ) ) ;
#2711 = DIRECTION ( 'NONE',  ( -0.000000000000000000, -1.000000000000000000, -0.000000000000000000 ) ) ;
#2712 = ORIENTED_EDGE ( 'NONE', *, *, #5953, .F. ) ;
#2713 = EDGE_CURVE ( 'NONE', #563, #4139, #4907, .T. ) ;
#2714 = CARTESIAN_POINT ( 'NONE',  ( 13.58086004374679412, 19.58098017027850446, 0.8999920405877105400 ) ) ;
#2715 = CARTESIAN_POINT ( 'NONE',  ( 12.61141986521006864, 35.40125860935468438, 4.918802479869496480 ) ) ;
#2716 = CARTESIAN_POINT ( 'NONE',  ( 7.499999999999990230, 14.00000000000000000, 19.84313483298444325 ) ) ;
#2717 = CARTESIAN_POINT ( 'NONE',  ( -4.154873143112429723, 37.28156540987344414, -12.70282834712540954 ) ) ;
#2718 = CARTESIAN_POINT ( 'NONE',  ( -12.94498447943098363, 36.45546784941326024, 5.331842600317433956 ) ) ;
#2719 = CARTESIAN_POINT ( 'NONE',  ( 2.650315789200170968, 38.74057102649939566, -13.18168814367905739 ) ) ;
#2720 = ORIENTED_EDGE ( 'NONE', *, *, #3849, .T. ) ;
#2721 = CARTESIAN_POINT ( 'NONE',  ( -5.334180630796938161, 36.45562592110919553, -12.94420505998393445 ) ) ;
#2722 = CARTESIAN_POINT ( 'NONE',  ( 13.83555582858624788, 19.72389946749819600, 2.139872951401468715 ) ) ;
#2723 = CARTESIAN_POINT ( 'NONE',  ( -4.738970695141810907, 22.87240590782973371, -10.58872335399709463 ) ) ;
#2724 = CARTESIAN_POINT ( 'NONE',  ( 13.06985892188617981, 37.91341287881635225, 3.653631129873528671 ) ) ;
#2725 = CARTESIAN_POINT ( 'NONE',  ( 0.000000000000000000, 6.500000000000000888, -59.57475013247809414 ) ) ;
#2726 = CARTESIAN_POINT ( 'NONE',  ( 18.50000000000000000, 4.000000000000000000, -2.250000000000015987 ) ) ;
#2727 = PLANE ( 'NONE',  #1802 ) ;
#2728 = CARTESIAN_POINT ( 'NONE',  ( -13.59827201988604273, 38.96649318265748718, -3.333480074720938990 ) ) ;
#2729 = CARTESIAN_POINT ( 'NONE',  ( 12.90868663285278295, 21.70818951987754630, -4.148000956287817509 ) ) ;
#2730 = CARTESIAN_POINT ( 'NONE',  ( 1.164350671614166351E-13, 39.50000000000133582, 11.60000000000056808 ) ) ;
#2731 = CARTESIAN_POINT ( 'NONE',  ( 13.21269821755706708, 38.38710355050595524, 3.144922526264641860 ) ) ;
#2732 = CARTESIAN_POINT ( 'NONE',  ( -13.44576837599049135, 20.48500780863130188, -3.902544698440297832 ) ) ;
#2733 = CARTESIAN_POINT ( 'NONE',  ( -13.32685364616839685, 19.89986538763227131, -1.959377144263534598 ) ) ;
#2734 = LINE ( 'NONE', #2147, #4186 ) ;
#2735 = CARTESIAN_POINT ( 'NONE',  ( 3.995396005243984749, 21.49359955918451703, -12.76462762120061534 ) ) ;
#2736 = CARTESIAN_POINT ( 'NONE',  ( -1.911454544450942095, 39.12025157037035683, 13.33527210752319370 ) ) ;
#2737 = CARTESIAN_POINT ( 'NONE',  ( 10.97501911028695787, 37.80723123137259023, -3.763820590992043691 ) ) ;
#2738 = CARTESIAN_POINT ( 'NONE',  ( 7.499999999999994671, 4.000000000000000888, -12.99038105676656940 ) ) ;
#2739 = CARTESIAN_POINT ( 'NONE',  ( 3.854718054399839389, 21.31546214374304071, 12.81681985179618621 ) ) ;
#2740 = CARTESIAN_POINT ( 'NONE',  ( -13.03672044759634652, 38.35223798972686637, 3.187519598964427825 ) ) ;
#2741 = CARTESIAN_POINT ( 'NONE',  ( 4.958924597476667806, 23.83953493882879471, 12.34890162366671973 ) ) ;
#2742 = CARTESIAN_POINT ( 'NONE',  ( 4.806041646972024850, 35.88166670483200704, -12.42184610739087702 ) ) ;
#2743 = CARTESIAN_POINT ( 'NONE',  ( 13.71035993061206426, 38.92246459183738949, -2.836872203723484809 ) ) ;
#2744 = CARTESIAN_POINT ( 'NONE',  ( -3.649203048306379760, 37.91903968037261308, 12.88955923427047878 ) ) ;
#2745 = EDGE_CURVE ( 'NONE', #1888, #4144, #2043, .T. ) ;
#2746 = LINE ( 'NONE', #5535, #264 ) ;
#2747 = ORIENTED_EDGE ( 'NONE', *, *, #5513, .T. ) ;
#2748 = AXIS2_PLACEMENT_3D ( 'NONE', #6384, #6236, #1137 ) ;
#2749 = AXIS2_PLACEMENT_3D ( 'NONE', #36, #3623, #4829 ) ;
#2750 = CARTESIAN_POINT ( 'NONE',  ( 12.98854459647838056, 21.38505504459740081, 3.911985044556025137 ) ) ;
#2751 = LINE ( 'NONE', #7359, #5642 ) ;
#2752 = CARTESIAN_POINT ( 'NONE',  ( -2.993004093864455354E-08, 19.00000048201913572, -13.99999999864344780 ) ) ;
#2753 = EDGE_CURVE ( 'NONE', #6196, #2793, #5586, .T. ) ;
#2754 = CARTESIAN_POINT ( 'NONE',  ( 4.784849330107647347, 35.95107049843033309, 12.43170838603934492 ) ) ;
#2755 = CARTESIAN_POINT ( 'NONE',  ( 2.954374791611400486, 38.53402152937067626, -13.10305694721424352 ) ) ;
#2756 = VERTEX_POINT ( 'NONE', #6762 ) ;
#2757 = CARTESIAN_POINT ( 'NONE',  ( 12.90598709213883666, 21.71971357097470445, 4.155730879722027815 ) ) ;
#2758 = DIRECTION ( 'NONE',  ( 1.000000000000000000, -0.000000000000000000, -0.000000000000000000 ) ) ;
#2759 = CARTESIAN_POINT ( 'NONE',  ( 13.56386546622838019, 20.52843190665209860, 3.467380480305795043 ) ) ;
#2760 = CARTESIAN_POINT ( 'NONE',  ( 3.762521629633866826, 21.19135020545388670, 10.97545589786139253 ) ) ;
#2761 = CARTESIAN_POINT ( 'NONE',  ( 13.00813110870030975, 37.68877997707992478, 3.851194817434752782 ) ) ;
#2762 = CARTESIAN_POINT ( 'NONE',  ( 10.97501911028695254, 21.19276876862740977, 3.763820590992044579 ) ) ;
#2763 = PLANE ( 'NONE',  #5622 ) ;
#2764 = CARTESIAN_POINT ( 'NONE',  ( -4.676954909403671756, 22.73000908666574205, -12.48133742605450536 ) ) ;
#2765 = PRODUCT_DEFINITION_SHAPE ( 'NONE', 'NONE',  #2788 ) ;
#2766 = CARTESIAN_POINT ( 'NONE',  ( 13.03597401390235788, 21.20801858929704409, -3.763575386682132429 ) ) ;
#2767 = CIRCLE ( 'NONE', #6945, 24.00000000000000355 ) ;
#2768 = CARTESIAN_POINT ( 'NONE',  ( 4.241452426879089188, 37.15262369551474819, 10.79719713559871330 ) ) ;
#2769 = CARTESIAN_POINT ( 'NONE',  ( 13.21902131580244166, 38.40688778323347918, 3.120415346609068497 ) ) ;
#2770 = CARTESIAN_POINT ( 'NONE',  ( -12.78545152826162123, 24.50000000000001421, -5.703703114510129346 ) ) ;
#2771 = CARTESIAN_POINT ( 'NONE',  ( -12.80554299147723363, 21.35317356171161407, -3.885576650820016908 ) ) ;
#2772 = CARTESIAN_POINT ( 'NONE',  ( -13.61733902678895092, 19.98054641647896190, -3.251814073593567223 ) ) ;
#2773 = CARTESIAN_POINT ( 'NONE',  ( 12.65042452746697421, 35.81134755533096836, -4.825671860945443647 ) ) ;
#2774 = CARTESIAN_POINT ( 'NONE',  ( 3.867683513290038455, 21.33123739661142793, -12.81209070266851313 ) ) ;
#2775 = CARTESIAN_POINT ( 'NONE',  ( 13.47702206803654335, 19.85142845639383324, 1.843330138124601447 ) ) ;
#2776 = DIRECTION ( 'NONE',  ( -0.000000000000000000, -1.000000000000000000, -0.000000000000000000 ) ) ;
#2777 = CARTESIAN_POINT ( 'NONE',  ( -10.97478249428248986, 21.19358639595268912, 3.764464029401850542 ) ) ;
#2778 = CARTESIAN_POINT ( 'NONE',  ( -12.92300924958929542, 38.02140836447215833, 3.549617570061641025 ) ) ;
#2779 = CARTESIAN_POINT ( 'NONE',  ( 2.921370146246551336, 20.44201250136329406, 13.11200982208078969 ) ) ;
#2780 = DIRECTION ( 'NONE',  ( 0.000000000000000000, 0.7071067811865500152, 0.7071067811865451302 ) ) ;
#2781 = CARTESIAN_POINT ( 'NONE',  ( 4.482097176735451605, 36.71752544803616303, -12.56757455097709197 ) ) ;
#2782 = CARTESIAN_POINT ( 'NONE',  ( 13.21128554789683029, 37.11694170711361807, -4.632760279420756966 ) ) ;
#2783 = CARTESIAN_POINT ( 'NONE',  ( -1.027468082397430704, 39.39346618586257165, 13.45268050123681292 ) ) ;
#2784 = CARTESIAN_POINT ( 'NONE',  ( 4.834659418723584956, 23.18214548480726123, -10.54473180560966838 ) ) ;
#2785 = CARTESIAN_POINT ( 'NONE',  ( -4.791252955425624016, 23.07019886377455720, 12.42872420025830493 ) ) ;
#2786 = ORIENTED_EDGE ( 'NONE', *, *, #4670, .T. ) ;
#2787 = CARTESIAN_POINT ( 'NONE',  ( 13.51883894195912639, 19.74093256435939026, 1.535574464209140011 ) ) ;
#2788 = PRODUCT_DEFINITION ( 'UNKNOWN', '', #5283, #933 ) ;
#2789 = DIRECTION ( 'NONE',  ( -0.000000000000000000, -0.000000000000000000, 1.000000000000000000 ) ) ;
#2790 = CARTESIAN_POINT ( 'NONE',  ( -5.703703114510179972, 34.49999999999998579, 12.78545152826159992 ) ) ;
#2791 = FACE_OUTER_BOUND ( 'NONE', #5214, .T. ) ;
#2792 = CARTESIAN_POINT ( 'NONE',  ( 4.958924597476666030, 35.16046506117120174, -12.34890162366671440 ) ) ;
#2793 = VERTEX_POINT ( 'NONE', #5618 ) ;
#2794 = CARTESIAN_POINT ( 'NONE',  ( 2.029858609477918741, 19.35697108262159460, 13.85314853604837637 ) ) ;
#2795 = CARTESIAN_POINT ( 'NONE',  ( 13.99574327948628216, 19.30134699580144186, 0.3480636455405355378 ) ) ;
#2796 = CARTESIAN_POINT ( 'NONE',  ( -1.310262428491203668, 19.66354468289866375, 11.53030089901728239 ) ) ;
#2797 = EDGE_CURVE ( 'NONE', #2756, #303, #868, .T. ) ;
#2798 = CARTESIAN_POINT ( 'NONE',  ( 13.08103026774182709, 37.95258319639646771, 3.616587956619697675 ) ) ;
#2799 = CYLINDRICAL_SURFACE ( 'NONE', #993, 7.500000000000000000 ) ;
#2800 = CARTESIAN_POINT ( 'NONE',  ( -4.631255728407867700, 37.71157775214980035, 13.21192329824178735 ) ) ;
#2801 = CARTESIAN_POINT ( 'NONE',  ( -1.033665515213569419, 19.09031197219364273, -13.96209530386597741 ) ) ;
#2802 = CARTESIAN_POINT ( 'NONE',  ( 0.6587888832250250459, 39.46741334667331103, -11.58584202577907440 ) ) ;
#2803 = DIRECTION ( 'NONE',  ( 0.000000000000000000, 0.000000000000000000, -1.000000000000000000 ) ) ;
#2804 = ORIENTED_EDGE ( 'NONE', *, *, #1845, .T. ) ;
#2805 = CARTESIAN_POINT ( 'NONE',  ( 3.970073553567710078, 37.55676963757520070, 10.90119510315728668 ) ) ;
#2806 = EDGE_CURVE ( 'NONE', #3689, #393, #3231, .T. ) ;
#2807 = CARTESIAN_POINT ( 'NONE',  ( 13.14831455390052106, 22.18204537523346076, -4.810649446787032879 ) ) ;
#2808 = CARTESIAN_POINT ( 'NONE',  ( -13.43720889799982210, 19.64172905851303597, 1.187105691507271743 ) ) ;
#2809 = CARTESIAN_POINT ( 'NONE',  ( -13.05778446740552567, 20.58894416542820949, 3.116118621752689499 ) ) ;
#2810 = CARTESIAN_POINT ( 'NONE',  ( 3.404904219987159752, 20.83759164811759490, -12.97024241559481794 ) ) ;
#2811 = CARTESIAN_POINT ( 'NONE',  ( 13.61300902718839723, 19.49980901843698788, 0.1578876557509108769 ) ) ;
#2812 = CARTESIAN_POINT ( 'NONE',  ( -10.58852698258902159, 22.87371788003012441, 4.739403280991994372 ) ) ;
#2813 = CARTESIAN_POINT ( 'NONE',  ( 3.422768817904700001, 20.85162808873018037, 12.96501269751930252 ) ) ;
#2814 = CARTESIAN_POINT ( 'NONE',  ( -3.788409620771133746, 12.99104737276440602, 13.48428867225058880 ) ) ;
#2815 = CARTESIAN_POINT ( 'NONE',  ( 13.41507925678804369, 38.98096341803570652, 2.224263641320750384 ) ) ;
#2816 = CARTESIAN_POINT ( 'NONE',  ( 3.809226062134141166, 37.73979796791297758, 12.83340115196992137 ) ) ;
#2817 = CARTESIAN_POINT ( 'NONE',  ( -4.884684129105537842, 23.42932020465543275, 12.38465242237661279 ) ) ;
#2818 = ORIENTED_EDGE ( 'NONE', *, *, #980, .T. ) ;
#2819 = CARTESIAN_POINT ( 'NONE',  ( 13.68598147638596352, 38.84963632714536175, 2.948779624849522385 ) ) ;
#2820 = CARTESIAN_POINT ( 'NONE',  ( 5.628942251220988346, 23.59421414945993689, 12.81860481409756680 ) ) ;
#2821 = CARTESIAN_POINT ( 'NONE',  ( 0.08702738911928298293, 40.00010927246656678, 14.00004637111815953 ) ) ;
#2822 = CARTESIAN_POINT ( 'NONE',  ( -1.959377144251765124, 39.10013461237272736, -13.32685364617061907 ) ) ;
#2823 = CARTESIAN_POINT ( 'NONE',  ( 4.644550699247103509, 36.35164317171038562, 12.49592710254887784 ) ) ;
#2824 = CARTESIAN_POINT ( 'NONE',  ( -3.756537396704805243, 37.80074594939386401, -12.85219483607873237 ) ) ;
#2825 = B_SPLINE_CURVE_WITH_KNOTS ( 'NONE', 3,
 ( #788, #1982, #4300, #3178, #4779, #1903, #4182, #5378, #6454, #2534, #7149, #1507, #6055, #5903, #6570, #3140, #4220, #7186, #6023, #5461, #2060, #250, #912, #1471, #3740, #4824, #358, #7064, #325, #1943, #943, #3655, #2573, #4342, #4408, #6715, #3912, #2752 ),
 .UNSPECIFIED., .F., .F.,
 ( 4, 2, 2, 2, 2, 2, 2, 2, 2, 2, 2, 2, 2, 2, 2, 2, 2, 2, 4 ),
 ( 0.000000000000000000, 0.03127479542991381395, 0.06254959085982762790, 0.09382438628974143491, 0.1094617840046983454, 0.1250991817196552558, 0.1876487725794827033, 0.2032861702944395443, 0.2189235680093963576, 0.2501983634393097344, 0.2814731588692231390, 0.3127479542991365991, 0.3440227497290500036, 0.3752975451589634082, 0.4065723405888768682, 0.4378471360187902728, 0.4691219314487037328, 0.4847593291636604906, 0.5003967268786171374 ),
 .UNSPECIFIED. ) ;
#2826 = EDGE_LOOP ( 'NONE', ( #2905, #359 ) ) ;
#2827 = CARTESIAN_POINT ( 'NONE',  ( 5.333266973458610671, 22.54811847779509293, 12.94439843765958109 ) ) ;
#2828 = CARTESIAN_POINT ( 'NONE',  ( 13.04980949681215385, 22.80771845933028885, 5.070061086812944318 ) ) ;
#2829 = CARTESIAN_POINT ( 'NONE',  ( 1.306897287389239937, 19.67099430207239052, 11.52724420843802378 ) ) ;
#2830 = CARTESIAN_POINT ( 'NONE',  ( 13.00569015038438891, 37.67959637791065575, 3.858781817844351814 ) ) ;
#2831 = CARTESIAN_POINT ( 'NONE',  ( 10.46709128650360654, 24.50000000000000000, -5.000000000000000000 ) ) ;
#2832 = CARTESIAN_POINT ( 'NONE',  ( -4.943454461573906222, 37.26673542127401362, 13.10002257257839098 ) ) ;
#2833 = CARTESIAN_POINT ( 'NONE',  ( -4.099381769780408469, 20.67484212788995990, -13.38654822533801259 ) ) ;
#2834 = CARTESIAN_POINT ( 'NONE',  ( -12.91775830998251351, 36.28025328481626843, -5.397472376960838147 ) ) ;
#2835 = DIRECTION ( 'NONE',  ( -1.206107350727848108E-16, 0.000000000000000000, 1.000000000000000000 ) ) ;
#2836 = EDGE_CURVE ( 'NONE', #2598, #1562, #1395, .T. ) ;
#2837 = CARTESIAN_POINT ( 'NONE',  ( 12.57669683062196242, 24.50000000000000000, -5.000000000000000000 ) ) ;
#2838 = CARTESIAN_POINT ( 'NONE',  ( -13.48520593142683488, 20.36418264477626749, -3.764477864652026717 ) ) ;
#2839 = CARTESIAN_POINT ( 'NONE',  ( -13.04147481781262563, 20.63448230851668441, 3.171412703707011005 ) ) ;
#2840 = CARTESIAN_POINT ( 'NONE',  ( -13.00253733355237706, 20.74319934754042549, 3.303421593126026234 ) ) ;
#2841 = CARTESIAN_POINT ( 'NONE',  ( 1.995988435307941788, 19.91563227789451318, -13.32027703029783083 ) ) ;
#2842 = CARTESIAN_POINT ( 'NONE',  ( -4.118073773610338328, 37.33585170148381138, 12.71733177542704318 ) ) ;
#2843 = EDGE_CURVE ( 'NONE', #5672, #5407, #1571, .T. ) ;
#2844 = CARTESIAN_POINT ( 'NONE',  ( -12.34890162366675881, 35.16046506117119463, -4.958924597476662477 ) ) ;
#2845 = CARTESIAN_POINT ( 'NONE',  ( -5.000000000000007105, 34.49999999999998579, 10.46709128650361009 ) ) ;
#2846 = CARTESIAN_POINT ( 'NONE',  ( -10.54350258727023260, 23.19299428079994740, 4.837318589981705941 ) ) ;
#2847 = CARTESIAN_POINT ( 'NONE',  ( -13.07983998616722943, 38.47148708904178704, 3.038730736903736851 ) ) ;
#2848 = CARTESIAN_POINT ( 'NONE',  ( -5.632798964051839441, 23.63425614176649603, 12.81684968103182598 ) ) ;
#2849 = CARTESIAN_POINT ( 'NONE',  ( -5.000000000000007105, 34.49999999999998579, 12.32882846293108159 ) ) ;
#2850 = CARTESIAN_POINT ( 'NONE',  ( 13.02119749812304050, 37.73810148510153084, 3.810682130643721521 ) ) ;
#2851 = CARTESIAN_POINT ( 'NONE',  ( 4.884201991027551593, 35.57305612334324962, 12.38488320632250250 ) ) ;
#2852 = CARTESIAN_POINT ( 'NONE',  ( 13.15375556214464936, 20.80163562564366941, 3.364835687497959693 ) ) ;
#2853 = CARTESIAN_POINT ( 'NONE',  ( -4.174120316789228902, 21.74739444453453885, 12.69519241594399439 ) ) ;
#2854 = EDGE_LOOP ( 'NONE', ( #5298, #5372, #830, #5438, #6947, #4611, #5303, #7125, #6554, #2642, #4916, #5290, #1898, #3212, #2863, #4338 ) ) ;
#2855 = CARTESIAN_POINT ( 'NONE',  ( 13.00477575938352359, 35.81533719105798497, 5.184201152039418226 ) ) ;
#2856 = CARTESIAN_POINT ( 'NONE',  ( 5.119861517778113047, 22.04975467718580617, 13.03114715581799032 ) ) ;
#2857 = CARTESIAN_POINT ( 'NONE',  ( -5.333266973458617777, 36.45188152220492128, 12.94439843765957221 ) ) ;
#2858 = CARTESIAN_POINT ( 'NONE',  ( -2.712323981039902243, 38.70126168217741736, -13.16642807379731295 ) ) ;
#2859 = CARTESIAN_POINT ( 'NONE',  ( 4.755869138121838979, 36.04529220311344773, 12.44518525709025880 ) ) ;
#2860 = CARTESIAN_POINT ( 'NONE',  ( -4.195267373628962737, 37.22145622933267362, -12.68686278043292859 ) ) ;
#2861 = AXIS2_PLACEMENT_3D ( 'NONE', #1275, #6302, #2903 ) ;
#2862 = VECTOR ( 'NONE', #3098, 1000.000000000000000 ) ;
#2863 = ORIENTED_EDGE ( 'NONE', *, *, #5169, .F. ) ;
#2864 = CARTESIAN_POINT ( 'NONE',  ( 5.694173872587203533, 24.13416342924089975, 12.78971457666344946 ) ) ;
#2865 = CARTESIAN_POINT ( 'NONE',  ( 13.29112398735040657, 21.52472368189819463, 4.398709034655636785 ) ) ;
#2866 = CARTESIAN_POINT ( 'NONE',  ( -2.456333378295878056, 13.60335584031873069, -13.79059894343029491 ) ) ;
#2867 = CARTESIAN_POINT ( 'NONE',  ( -0.3306557714464760656, 39.50000000000002842, -11.59999999999999964 ) ) ;
#2868 = CARTESIAN_POINT ( 'NONE',  ( 4.803068752773845596, 23.10816595547096952, -12.42323527582723131 ) ) ;
#2869 = CARTESIAN_POINT ( 'NONE',  ( -5.227517382448717775, 22.29813644253377447, -12.98747719068703788 ) ) ;
#2870 = CARTESIAN_POINT ( 'NONE',  ( -13.19245101831751299, 37.63631565541901125, -4.686389691023539861 ) ) ;
#2871 = CARTESIAN_POINT ( 'NONE',  ( 5.505016931890539311, 35.94187074363333778, 12.87227329178084645 ) ) ;
#2872 = CARTESIAN_POINT ( 'NONE',  ( -9.499999999999994671, 4.000000000000000000, -19.84313483298443970 ) ) ;
#2873 = DIRECTION ( 'NONE',  ( 0.000000000000000000, -1.000000000000000000, 0.000000000000000000 ) ) ;
#2874 = CARTESIAN_POINT ( 'NONE',  ( 13.34086537840880737, 21.32125682759685859, 4.245499367816010228 ) ) ;
#2875 = CARTESIAN_POINT ( 'NONE',  ( -13.24978018892911003, 20.08769969146948142, 2.352015372843578422 ) ) ;
#2876 = EDGE_CURVE ( 'NONE', #4144, #1888, #5021, .T. ) ;
#2877 = CARTESIAN_POINT ( 'NONE',  ( -12.41164098637416480, 23.19634502818627553, 4.827757141743352243 ) ) ;
#2878 = CARTESIAN_POINT ( 'NONE',  ( -12.70282834713318820, 37.28156540990187295, 4.154873143093299248 ) ) ;
#2879 = CARTESIAN_POINT ( 'NONE',  ( 1.959377144241205793, 19.89986538762278911, -13.32685364617226753 ) ) ;
#2880 = AXIS2_PLACEMENT_3D ( 'NONE', #1587, #6690, #5048 ) ;
#2881 = CARTESIAN_POINT ( 'NONE',  ( 13.41185609424406167, 20.02844902552458706, -2.237907406648226516 ) ) ;
#2882 = CARTESIAN_POINT ( 'NONE',  ( -12.88335488816707119, 36.03101731610155412, 5.479055640880980071 ) ) ;
#2883 = CARTESIAN_POINT ( 'NONE',  ( -11.49044202593873010, 19.75829496590757728, -1.620219533437835091 ) ) ;
#2884 = CARTESIAN_POINT ( 'NONE',  ( -13.26280562132641805, 38.94467273587100209, 2.291739839495864572 ) ) ;
#2885 = CARTESIAN_POINT ( 'NONE',  ( 12.72353082829866544, 36.35000337685186622, -4.645204067144972804 ) ) ;
#2886 = AXIS2_PLACEMENT_3D ( 'NONE', #1393, #7023, #5421 ) ;
#2887 = CARTESIAN_POINT ( 'NONE',  ( 1.389169040376132536, 19.69667620347487613, 13.41331061875202479 ) ) ;
#2888 = CARTESIAN_POINT ( 'NONE',  ( 0.000000000000000000, 44.74999999999997868, 11.59999999999999964 ) ) ;
#2889 = EDGE_CURVE ( 'NONE', #4104, #6525, #6976, .T. ) ;
#2890 = CARTESIAN_POINT ( 'NONE',  ( 13.17148838217428874, 38.25732948580513693, 3.302829497860669150 ) ) ;
#2891 = CARTESIAN_POINT ( 'NONE',  ( 3.911652942236476083, 37.61535957536391095, 12.79606528306285540 ) ) ;
#2892 = CARTESIAN_POINT ( 'NONE',  ( 13.19182673273755846, 20.67872757710342313, 3.224676896114714975 ) ) ;
#2893 = CARTESIAN_POINT ( 'NONE',  ( 3.765755156529375647, 21.19499955922871237, -10.97434782147805876 ) ) ;
#2894 = CARTESIAN_POINT ( 'NONE',  ( -3.404904220393730974, 20.83759164849556811, 12.97024241546958834 ) ) ;
#2895 = B_SPLINE_CURVE_WITH_KNOTS ( 'NONE', 3,
 ( #2845, #2287, #5128, #3446, #2325, #5736, #627, #1399, #1909, #2580, #4350, #1950, #1987, #5466, #363, #6534, #835, #7070, #254, #5427 ),
 .UNSPECIFIED., .F., .F.,
 ( 4, 2, 2, 2, 2, 2, 2, 2, 2, 4 ),
 ( 0.000000000000000000, 0.0009895708990820765300, 0.001979141798164153060, 0.002968712697246229590, 0.003958283596328306120, 0.004947854495410382650, 0.005937425394492459180, 0.006432210844033497445, 0.006926996293574534842, 0.007916567192656615709 ),
 .UNSPECIFIED. ) ;
#2896 = VERTEX_POINT ( 'NONE', #5896 ) ;
#2897 = CARTESIAN_POINT ( 'NONE',  ( 12.59800497780949513, 23.79584450717620570, 4.950342560963529870 ) ) ;
#2898 = CARTESIAN_POINT ( 'NONE',  ( 3.330031345112253405, 20.03111040145790867, 13.59911919914613776 ) ) ;
#2899 = CARTESIAN_POINT ( 'NONE',  ( -5.299337663097253959, 36.53597637286086552, 12.95833794104592052 ) ) ;
#2900 = CARTESIAN_POINT ( 'NONE',  ( -13.87780853716197349, 19.29568159931357130, 1.854462693391162320 ) ) ;
#2901 = CARTESIAN_POINT ( 'NONE',  ( -2.051012581395887047, 39.06028194932087416, -13.31025193674683393 ) ) ;
#2902 = DIRECTION ( 'NONE',  ( 0.000000000000000000, 1.000000000000000000, 0.000000000000000000 ) ) ;
#2903 = DIRECTION ( 'NONE',  ( 0.000000000000000000, 0.000000000000000000, 1.000000000000000000 ) ) ;
#2904 = CARTESIAN_POINT ( 'NONE',  ( -0.1591033311401672534, 39.49815648544491609, -13.49917357653227512 ) ) ;
#2905 = ORIENTED_EDGE ( 'NONE', *, *, #1715, .T. ) ;
#2906 = CARTESIAN_POINT ( 'NONE',  ( 3.217941368346765696, 19.95870918671022309, 13.62521335860814986 ) ) ;
#2907 = CARTESIAN_POINT ( 'NONE',  ( 12.93522635583605407, 24.32635019339736004, 5.355365744444000597 ) ) ;
#2908 = DIRECTION ( 'NONE',  ( -0.000000000000000000, -0.000000000000000000, 1.000000000000000000 ) ) ;
#2909 = CARTESIAN_POINT ( 'NONE',  ( 10.58932437669345639, 22.86887877768162269, 4.737602936772877804 ) ) ;
#2910 = ORIENTED_EDGE ( 'NONE', *, *, #2300, .F. ) ;
#2911 = CARTESIAN_POINT ( 'NONE',  ( 4.916655703749114537, 23.58992786611577586, -12.36932284729514642 ) ) ;
#2912 = CARTESIAN_POINT ( 'NONE',  ( 0.5132620449310245636, 19.02212257335657242, -13.99066853216511319 ) ) ;
#2913 = DIRECTION ( 'NONE',  ( -0.000000000000000000, -1.000000000000000000, -0.000000000000000000 ) ) ;
#2914 = CARTESIAN_POINT ( 'NONE',  ( -4.835651939563355484, 37.41804536922052904, -13.13845946629016481 ) ) ;
#2915 = CARTESIAN_POINT ( 'NONE',  ( 13.25728630060667967, 21.67105171424218923, -4.499664409926835695 ) ) ;
#2916 = CARTESIAN_POINT ( 'NONE',  ( 13.93459602941456232, 19.45865666722237819, 1.395125155526191651 ) ) ;
#2917 = CARTESIAN_POINT ( 'NONE',  ( -13.46981595863285008, 19.56771892207158103, 0.8242388446793648127 ) ) ;
#2918 = CARTESIAN_POINT ( 'NONE',  ( -13.30582717154894290, 19.95008356872576627, 2.079598625401977596 ) ) ;
#2919 = CARTESIAN_POINT ( 'NONE',  ( -12.80554299146201380, 37.64682643823376651, 3.885576650864349446 ) ) ;
#2920 = CARTESIAN_POINT ( 'NONE',  ( 3.038730737221971179, 20.52851291120169464, -13.07983998607976694 ) ) ;
#2921 = CARTESIAN_POINT ( 'NONE',  ( -12.91810128357447773, 36.28868391670798843, 5.396869404841473816 ) ) ;
#2922 = DIRECTION ( 'NONE',  ( 0.000000000000000000, -1.000000000000000000, 0.000000000000000000 ) ) ;
#2923 = DIRECTION ( 'NONE',  ( -0.000000000000000000, -1.000000000000000000, -0.000000000000000000 ) ) ;
#2924 = CARTESIAN_POINT ( 'NONE',  ( -13.32027703027914356, 39.08436772205826770, 1.995988435416644835 ) ) ;
#2925 = CARTESIAN_POINT ( 'NONE',  ( 13.00419173462583977, 37.67394456493239119, -3.863430356608617888 ) ) ;
#2926 = CARTESIAN_POINT ( 'NONE',  ( 0.8250359052273011917, 19.56785275347016295, 13.46975899026662660 ) ) ;
#2927 = CARTESIAN_POINT ( 'NONE',  ( 5.508936817380406303, 35.93640721094592294, -12.87070953052759670 ) ) ;
#2928 = CARTESIAN_POINT ( 'NONE',  ( 13.50775008971844571, 39.22999213074330527, 1.622914563388636378 ) ) ;
#2929 = CARTESIAN_POINT ( 'NONE',  ( 0.000000000000000000, 4.000000000000000000, 0.000000000000000000 ) ) ;
#2930 = CARTESIAN_POINT ( 'NONE',  ( 4.326285824547212222, 21.98808161894511315, -10.76337282595778433 ) ) ;
#2931 = EDGE_CURVE ( 'NONE', #4286, #5577, #2374, .T. ) ;
#2932 = CARTESIAN_POINT ( 'NONE',  ( -3.221367516039837398, 20.67595123787680933, 13.02666469746696087 ) ) ;
#2933 = ORIENTED_EDGE ( 'NONE', *, *, #7286, .T. ) ;
#2934 = ORIENTED_EDGE ( 'NONE', *, *, #2931, .T. ) ;
#2935 = CARTESIAN_POINT ( 'NONE',  ( 13.51179731285649233, 38.30167991282939255, 3.667076359306245870 ) ) ;
#2936 = CARTESIAN_POINT ( 'NONE',  ( -12.52344162747964873, 22.49946109568320907, -4.582997241972992519 ) ) ;
#2937 = CARTESIAN_POINT ( 'NONE',  ( -2.372282631324176272, 39.50490764002083921, 13.79863535750954462 ) ) ;
#2938 = CARTESIAN_POINT ( 'NONE',  ( 3.481827840604009960, 38.85721730362424609, -13.56033757806795315 ) ) ;
#2939 = CARTESIAN_POINT ( 'NONE',  ( -12.32882846293113488, 24.50000000000000000, -5.000000000000000000 ) ) ;
#2940 = CARTESIAN_POINT ( 'NONE',  ( -4.916655703749130524, 35.41007213388420638, -12.36932284729514109 ) ) ;
#2941 = ORIENTED_EDGE ( 'NONE', *, *, #2527, .F. ) ;
#2942 = CARTESIAN_POINT ( 'NONE',  ( 3.481827840604002855, 20.14278269637580365, 13.56033757806795315 ) ) ;
#2943 = CARTESIAN_POINT ( 'NONE',  ( 13.01012327912812694, 23.13371287726850056, 5.170806227080822381 ) ) ;
#2944 = FACE_OUTER_BOUND ( 'NONE', #1303, .T. ) ;
#2945 = CARTESIAN_POINT ( 'NONE',  ( 10.46709128650361187, 24.16518355685870034, 4.999999999999998224 ) ) ;
#2946 = ORIENTED_EDGE ( 'NONE', *, *, #3629, .T. ) ;
#2947 = CARTESIAN_POINT ( 'NONE',  ( -0.1897678095019031119, 39.99999761638552087, 13.99999999999999112 ) ) ;
#2948 = CARTESIAN_POINT ( 'NONE',  ( -2.539355301885909189, 19.57192689028857657, -13.76877896525449607 ) ) ;
#2949 = CARTESIAN_POINT ( 'NONE',  ( 2.866630205061135861, 39.25823194839050245, 13.70437896336303574 ) ) ;
#2950 = CARTESIAN_POINT ( 'NONE',  ( -4.682389296490514496, 37.64186111711089922, -13.19387144847082816 ) ) ;
#2951 = DIRECTION ( 'NONE',  ( 0.000000000000000000, 0.000000000000000000, -1.000000000000000000 ) ) ;
#2952 = CARTESIAN_POINT ( 'NONE',  ( 12.93429922887929528, 24.50000000000001421, 5.357602398257307108 ) ) ;
#2953 = CARTESIAN_POINT ( 'NONE',  ( -13.44082727888748252, 19.63352528258609553, 1.148536051283316262 ) ) ;
#2954 = CARTESIAN_POINT ( 'NONE',  ( -12.81209070266399408, 37.66876260337225091, 3.867683513303405096 ) ) ;
#2955 = CARTESIAN_POINT ( 'NONE',  ( -1.430002684427875703, 19.70868625506730965, -13.40811255768364596 ) ) ;
#2956 = CARTESIAN_POINT ( 'NONE',  ( -4.201821230908712401, 37.21150148942880520, 12.68425347626523525 ) ) ;
#2957 = CARTESIAN_POINT ( 'NONE',  ( 13.46992589579832078, 19.87050524666300078, -1.888971029162072712 ) ) ;
#2958 = CARTESIAN_POINT ( 'NONE',  ( -13.12977379352221519, 38.60518196820858350, -2.854672119489183313 ) ) ;
#2959 = CARTESIAN_POINT ( 'NONE',  ( -13.48066893232366148, 39.45672454456610012, -0.6615497668846362922 ) ) ;
#2960 = CARTESIAN_POINT ( 'NONE',  ( 12.68916598869045131, 36.11967989648662325, -4.731095318589973786 ) ) ;
#2961 = CARTESIAN_POINT ( 'NONE',  ( -4.057910833832237607, 21.57769181599062946, 12.74082138930240404 ) ) ;
#2962 = CARTESIAN_POINT ( 'NONE',  ( 4.520270377083225100, 37.85539174673643714, -13.25030575713082825 ) ) ;
#2963 = CARTESIAN_POINT ( 'NONE',  ( 13.58051654196286862, 39.41814662014494530, 0.9047850913562877073 ) ) ;
#2964 = CARTESIAN_POINT ( 'NONE',  ( 3.419523776627219736, 38.14875980166329583, 12.96557111954839847 ) ) ;
#2965 = CARTESIAN_POINT ( 'NONE',  ( 3.634023472299193092, 37.93463578091596844, 12.89465438079367665 ) ) ;
#2966 = CARTESIAN_POINT ( 'NONE',  ( -2.385091477193871601, 20.10548206890380740, 13.24262678785521175 ) ) ;
#2967 = ORIENTED_EDGE ( 'NONE', *, *, #623, .T. ) ;
#2968 = CARTESIAN_POINT ( 'NONE',  ( 13.64582434854905202, 38.72867083729038740, 3.129348051609066150 ) ) ;
#2969 = CARTESIAN_POINT ( 'NONE',  ( -1.356128664617183510, 39.84247225862765163, 13.93423987403175346 ) ) ;
#2970 = EDGE_CURVE ( 'NONE', #4857, #1134, #707, .T. ) ;
#2971 = AXIS2_PLACEMENT_3D ( 'NONE', #4919, #1488, #3672 ) ;
#2972 = PRESENTATION_STYLE_ASSIGNMENT (( #1197 ) ) ;
#2973 = DIRECTION ( 'NONE',  ( 2.602085213965210149E-16, -1.000000000000000000, 6.587992640854282034E-16 ) ) ;
#2974 = CARTESIAN_POINT ( 'NONE',  ( 0.6624177602565303191, 39.45660806407620669, -13.48061906389666831 ) ) ;
#2975 = VERTEX_POINT ( 'NONE', #7016 ) ;
#2976 = CARTESIAN_POINT ( 'NONE',  ( 1.310181730566363667, 19.14687827544870302, 13.93863546651184393 ) ) ;
#2977 = CARTESIAN_POINT ( 'NONE',  ( 12.74797336754733834, 22.49968631611955772, -4.583167796473459177 ) ) ;
#2978 = CARTESIAN_POINT ( 'NONE',  ( -3.361750103306877513, 13.22234141519432349, -13.59826566613505250 ) ) ;
#2979 = CARTESIAN_POINT ( 'NONE',  ( 12.74761938437297815, 36.49691526411584164, 4.583962911131306939 ) ) ;
#2980 = CARTESIAN_POINT ( 'NONE',  ( -7.098546655749670364, 8.969133933550354598, 9.177469793410290677 ) ) ;
#2981 = VERTEX_POINT ( 'NONE', #206 ) ;
#2982 = ADVANCED_FACE ( 'NONE', ( #1828 ), #6581, .T. ) ;
#2983 = DIRECTION ( 'NONE',  ( -1.206107350727848108E-16, 0.000000000000000000, 1.000000000000000000 ) ) ;
#2984 = CARTESIAN_POINT ( 'NONE',  ( 3.967735243300699821, 20.54786232773453492, -13.42615781097218886 ) ) ;
#2985 = VECTOR ( 'NONE', #1206, 1000.000000000000114 ) ;
#2986 = DIRECTION ( 'NONE',  ( 0.000000000000000000, 0.000000000000000000, 1.000000000000000000 ) ) ;
#2987 = CARTESIAN_POINT ( 'NONE',  ( 13.04986934571420854, 22.81450809728892182, -5.069628763948050398 ) ) ;
#2988 = CARTESIAN_POINT ( 'NONE',  ( 18.50000000000000000, 4.000000000000000000, 0.000000000000000000 ) ) ;
#2989 = VECTOR ( 'NONE', #656, 1000.000000000000000 ) ;
#2990 = CARTESIAN_POINT ( 'NONE',  ( -9.499999999999994671, 4.000000000000000000, -19.84313483298443970 ) ) ;
#2991 = CARTESIAN_POINT ( 'NONE',  ( -12.38014579233170487, 23.47551211075296962, 4.894093393219663746 ) ) ;
#2992 = CARTESIAN_POINT ( 'NONE',  ( -13.27715620654401185, 20.02009472017414993, -2.221969527786557208 ) ) ;
#2993 = CARTESIAN_POINT ( 'NONE',  ( -1.659605232132963293, 19.78221869643790498, -13.37646957863514530 ) ) ;
#2994 = CARTESIAN_POINT ( 'NONE',  ( -4.309277088916358522, 37.03609476798656885, 12.64046198780401831 ) ) ;
#2995 = CARTESIAN_POINT ( 'NONE',  ( -13.49898907600389464, 39.49774474607261965, -0.1712105040747577134 ) ) ;
#2996 = CARTESIAN_POINT ( 'NONE',  ( -13.28447375683369280, 38.99771892011405328, -2.184530099609678366 ) ) ;
#2997 = CARTESIAN_POINT ( 'NONE',  ( 12.72968679035813189, 36.38861702486503447, -4.629639192547670312 ) ) ;
#2998 = CARTESIAN_POINT ( 'NONE',  ( 1.269291353975027681, 19.66361449219352764, 13.42767872827301723 ) ) ;
#2999 = CARTESIAN_POINT ( 'NONE',  ( 2.993005169205806252E-08, 39.99999951798087494, -13.99999999864344424 ) ) ;
#3000 = CARTESIAN_POINT ( 'NONE',  ( 1.022246400508613595, 39.39456306300371580, 13.45316316101501997 ) ) ;
#3001 = CARTESIAN_POINT ( 'NONE',  ( 18.50000000000000000, 3.499999999999984901, -1.750000000000000000 ) ) ;
#3002 = CARTESIAN_POINT ( 'NONE',  ( -2.837454672752303342, 20.38302594497103826, 13.13425294053941705 ) ) ;
#3003 = ORIENTED_EDGE ( 'NONE', *, *, #3945, .T. ) ;
#3004 = CARTESIAN_POINT ( 'NONE',  ( 2.662901581334810697, 38.73225974468534361, -13.17848589098901257 ) ) ;
#3005 = CARTESIAN_POINT ( 'NONE',  ( 2.366058347551265761, 39.50525745218419615, 13.79888044465191932 ) ) ;
#3006 = CARTESIAN_POINT ( 'NONE',  ( 10.36363636363635621, 0.000000000000000000, -21.64705618143756638 ) ) ;
#3007 = CARTESIAN_POINT ( 'NONE',  ( -4.956440746733089320, 35.16376980564196941, -12.35010137138235642 ) ) ;
#3008 = ORIENTED_EDGE ( 'NONE', *, *, #4925, .F. ) ;
#3009 = CARTESIAN_POINT ( 'NONE',  ( 0.7556468484564515808, 19.04773160272526411, 13.97990102065496387 ) ) ;
#3010 = CARTESIAN_POINT ( 'NONE',  ( 13.17148838217428874, 20.74267051419487373, -3.302829497860676256 ) ) ;
#3011 = CARTESIAN_POINT ( 'NONE',  ( -3.332515343560206400, 20.03285656114222490, 13.59850346712580915 ) ) ;
#3012 = CARTESIAN_POINT ( 'NONE',  ( 12.68854169044175606, 36.11384002434582641, 4.732564133646004478 ) ) ;
#3013 = CARTESIAN_POINT ( 'NONE',  ( -6.493052072323167501, 10.28387898094312547, 9.617667611784712633 ) ) ;
#3014 = EDGE_LOOP ( 'NONE', ( #2687, #3642, #3736, #1570, #1447, #4133, #3683, #1821, #2417, #5863, #2967, #7202, #4660, #5571, #672, #261 ) ) ;
#3015 = CARTESIAN_POINT ( 'NONE',  ( 7.499999999999993783, 6.500000000000012434, -8.849293757131134086 ) ) ;
#3016 = CARTESIAN_POINT ( 'NONE',  ( -4.805634638705535977, 23.11701045472408467, -12.42203472655944729 ) ) ;
#3017 = CARTESIAN_POINT ( 'NONE',  ( -3.808833847989362642, 12.97874133387198725, -10.96518670649770932 ) ) ;
#3018 = CARTESIAN_POINT ( 'NONE',  ( -13.18272709041979240, 38.74390169723757538, 2.648690145665284490 ) ) ;
#3019 = ADVANCED_FACE ( 'NONE', ( #2791 ), #65, .F. ) ;
#3020 = DIRECTION ( 'NONE',  ( 0.000000000000000000, 1.000000000000000000, 0.000000000000000000 ) ) ;
#3021 = LINE ( 'NONE', #4788, #3946 ) ;
#3022 = FACE_OUTER_BOUND ( 'NONE', #5259, .T. ) ;
#3023 = ORIENTED_EDGE ( 'NONE', *, *, #580, .F. ) ;
#3024 = CARTESIAN_POINT ( 'NONE',  ( -12.79281226045564601, 21.39552305946084942, 3.920549921134811377 ) ) ;
#3025 = CARTESIAN_POINT ( 'NONE',  ( -13.44254448012603831, 19.62952445556073044, -1.142580959466426016 ) ) ;
#3026 = CARTESIAN_POINT ( 'NONE',  ( -4.386318388882487262, 22.09993717379294864, -12.60832716549642996 ) ) ;
#3027 = CARTESIAN_POINT ( 'NONE',  ( -4.676954909390454773, 36.26999091336918468, 12.48133742606169960 ) ) ;
#3028 = CARTESIAN_POINT ( 'NONE',  ( 13.15701093411123423, 20.79098311718362169, -3.353091598705708165 ) ) ;
#3029 = CARTESIAN_POINT ( 'NONE',  ( -12.96501269751932739, 38.14837191126983384, -3.422768817904700889 ) ) ;
#3030 = EDGE_CURVE ( 'NONE', #3741, #6079, #4590, .T. ) ;
#3031 = CARTESIAN_POINT ( 'NONE',  ( -3.692554111708212350, 38.69208647172014537, -13.50430973369981480 ) ) ;
#3032 = CARTESIAN_POINT ( 'NONE',  ( 12.80352952456336268, 36.80302827065388982, -4.438112034032132058 ) ) ;
#3033 = CARTESIAN_POINT ( 'NONE',  ( 6.493052072323168389, 10.28387898094312547, -9.617667611784710857 ) ) ;
#3034 = CARTESIAN_POINT ( 'NONE',  ( 7.499999999999993783, 0.000000000000000000, -8.849293757131134086 ) ) ;
#3035 = CARTESIAN_POINT ( 'NONE',  ( 13.60170568132270041, 39.47177354358152002, -0.5321587507597194122 ) ) ;
#3036 = CARTESIAN_POINT ( 'NONE',  ( 3.205718809805625735, 20.66267867427234606, -13.03136881055138829 ) ) ;
#3037 = CARTESIAN_POINT ( 'NONE',  ( 1.728604064215543579, 39.19294553292418470, 13.36589894168148085 ) ) ;
#3038 = CARTESIAN_POINT ( 'NONE',  ( -3.178498908779685106, 20.64031409042291543, 13.03938560544593628 ) ) ;
#3039 = VERTEX_POINT ( 'NONE', #3187 ) ;
#3040 = CARTESIAN_POINT ( 'NONE',  ( 3.413462379250222334, 38.15375119653307223, -12.96736205550559440 ) ) ;
#3041 = CARTESIAN_POINT ( 'NONE',  ( 13.79651999433977849, 39.16869564106311685, 2.383344043820425640 ) ) ;
#3042 = CARTESIAN_POINT ( 'NONE',  ( 2.018765464496678597, 39.64477118454323090, 13.85397175711802831 ) ) ;
#3043 = CARTESIAN_POINT ( 'NONE',  ( -1.303388515414742432, 39.85752263389785099, -13.94041626776709819 ) ) ;
#3044 = DIRECTION ( 'NONE',  ( 1.000000000000000000, 0.000000000000000000, 0.000000000000000000 ) ) ;
#3045 = CARTESIAN_POINT ( 'NONE',  ( -12.87133118078477168, 35.93402034453473703, -5.507218689092013619 ) ) ;
#3046 = FACE_OUTER_BOUND ( 'NONE', #7018, .T. ) ;
#3047 = ORIENTED_EDGE ( 'NONE', *, *, #1308, .T. ) ;
#3048 = CARTESIAN_POINT ( 'NONE',  ( -2.862991920204868368, 19.73971211462808384, 13.70514701348430719 ) ) ;
#3049 = CARTESIAN_POINT ( 'NONE',  ( 13.55666907625741224, 19.64285329265413793, -1.187370494309399005 ) ) ;
#3050 = CARTESIAN_POINT ( 'NONE',  ( -7.499999999999997335, 7.006540356163306171, -11.82159041753689621 ) ) ;
#3051 = CARTESIAN_POINT ( 'NONE',  ( -5.000000000000014211, 34.83453708421117057, -10.46709128650361187 ) ) ;
#3052 = ORIENTED_EDGE ( 'NONE', *, *, #4076, .F. ) ;
#3053 = CARTESIAN_POINT ( 'NONE',  ( 12.57669681562377839, 34.58283236998360621, -4.999999999999998224 ) ) ;
#3054 = CARTESIAN_POINT ( 'NONE',  ( -0.3757244175298750100, 39.99104849000747919, 13.99620971218749332 ) ) ;
#3055 = CARTESIAN_POINT ( 'NONE',  ( 4.629023732266701607, 21.28546127658347231, -13.21270344485244763 ) ) ;
#3056 = CARTESIAN_POINT ( 'NONE',  ( 7.449269240907032241, 7.501819328687495236, -11.85418501369457722 ) ) ;
#3057 = CARTESIAN_POINT ( 'NONE',  ( -12.48211962124506869, 36.27905720739330775, 4.675612838091382173 ) ) ;
#3058 = CARTESIAN_POINT ( 'NONE',  ( 2.513338726991402705, 38.83472696923680445, -11.32789720824171376 ) ) ;
#3059 = CARTESIAN_POINT ( 'NONE',  ( -18.50000000000000000, 0.000000000000000000, 0.000000000000000000 ) ) ;
#3060 = CARTESIAN_POINT ( 'NONE',  ( 13.61302226140998606, 20.37228431442306587, -3.269676868201025322 ) ) ;
#3061 = CARTESIAN_POINT ( 'NONE',  ( 13.64735888228235972, 38.73422616635740923, -3.125947200888125277 ) ) ;
#3062 = CARTESIAN_POINT ( 'NONE',  ( 1.187105691628901338, 39.35827094145712124, -13.43720889798651896 ) ) ;
#3063 = CARTESIAN_POINT ( 'NONE',  ( 5.479264243314485583, 22.96970544122662616, -12.88326574589610196 ) ) ;
#3064 = CARTESIAN_POINT ( 'NONE',  ( -12.42184610739128736, 23.11833329515870261, 4.806041646969182679 ) ) ;
#3065 = CARTESIAN_POINT ( 'NONE',  ( -13.26215498409433557, 20.05694407033307414, -2.294748772665787140 ) ) ;
#3066 = CARTESIAN_POINT ( 'NONE',  ( -2.751414200978965940, 20.32509480424265291, -13.15636920600449855 ) ) ;
#3067 = EDGE_CURVE ( 'NONE', #789, #5191, #440, .T. ) ;
#3068 = CARTESIAN_POINT ( 'NONE',  ( -4.806041646965585556, 35.88166670485313148, 12.42184610739292872 ) ) ;
#3069 = CARTESIAN_POINT ( 'NONE',  ( 13.14045582676481416, 20.84534490681791752, -3.412495168793122424 ) ) ;
#3070 = CARTESIAN_POINT ( 'NONE',  ( -12.66791627514803764, 37.14756896793885232, -4.242281882313521102 ) ) ;
#3071 = FACE_OUTER_BOUND ( 'NONE', #6233, .T. ) ;
#3072 = ORIENTED_EDGE ( 'NONE', *, *, #3079, .F. ) ;
#3073 = CARTESIAN_POINT ( 'NONE',  ( -13.13155950005516637, 38.61002071738330699, -2.848367512149161840 ) ) ;
#3074 = CARTESIAN_POINT ( 'NONE',  ( 13.24975878409125407, 38.50163705846030382, -2.997890064651004494 ) ) ;
#3075 = CARTESIAN_POINT ( 'NONE',  ( 5.553121606394163301, 35.75870148710846053, -12.85159385794370834 ) ) ;
#3076 = CARTESIAN_POINT ( 'NONE',  ( -13.92121836459704554, 19.18895473280596065, 1.494241835702213583 ) ) ;
#3077 = CARTESIAN_POINT ( 'NONE',  ( 4.462177477943450654, 21.07309697031481477, 13.26999526985984801 ) ) ;
#3078 = CARTESIAN_POINT ( 'NONE',  ( -0.5808991521648770862, 19.53317980252220565, -13.48516943281773273 ) ) ;
#3079 = EDGE_CURVE ( 'NONE', #5407, #6599, #3291, .T. ) ;
#3080 = CARTESIAN_POINT ( 'NONE',  ( 3.675245137617702440, 37.89030992498642547, 12.88048916269665334 ) ) ;
#3081 = CARTESIAN_POINT ( 'NONE',  ( 0.8242388446750726905, 19.56771892207085628, 13.46981595863709025 ) ) ;
#3082 = ORIENTED_EDGE ( 'NONE', *, *, #1673, .F. ) ;
#3083 = EDGE_LOOP ( 'NONE', ( #3603, #859, #3728, #6713 ) ) ;
#3084 = CARTESIAN_POINT ( 'NONE',  ( 13.99842124899080531, 39.70546517196061842, -0.2148779529315456571 ) ) ;
#3085 = CARTESIAN_POINT ( 'NONE',  ( 3.900789682978035522, 38.51363543348128360, 13.44577723533385161 ) ) ;
#3086 = CARTESIAN_POINT ( 'NONE',  ( -13.99634306545852880, 19.00866133487266296, -0.3234708200034845937 ) ) ;
#3087 = CARTESIAN_POINT ( 'NONE',  ( -2.018765464496723450, 39.64477118454323090, -13.85397175711801943 ) ) ;
#3088 = CARTESIAN_POINT ( 'NONE',  ( -13.97990102065496210, 39.95226839727470747, -0.7556468484564476951 ) ) ;
#3089 = CARTESIAN_POINT ( 'NONE',  ( -11.32705839714184215, 38.83253812295272667, -2.517078906283524820 ) ) ;
#3090 = VERTEX_POINT ( 'NONE', #3257 ) ;
#3091 = CARTESIAN_POINT ( 'NONE',  ( 1.629900805558015753, 19.22914890673865784, 13.90487342823278638 ) ) ;
#3092 = CARTESIAN_POINT ( 'NONE',  ( 13.07136295648709989, 21.08082749529541999, -3.649081530179713706 ) ) ;
#3093 = CARTESIAN_POINT ( 'NONE',  ( -7.239122995611892541, 8.476553308888982841, -11.98342097415711471 ) ) ;
#3094 = CARTESIAN_POINT ( 'NONE',  ( -5.000000000000009770, 34.49999999999998579, -10.46709128650361187 ) ) ;
#3095 = ORIENTED_EDGE ( 'NONE', *, *, #6961, .T. ) ;
#3096 = FACE_OUTER_BOUND ( 'NONE', #6627, .T. ) ;
#3097 = CARTESIAN_POINT ( 'NONE',  ( 3.900789682978043960, 20.48636456651873416, -13.44577723533384628 ) ) ;
#3098 = DIRECTION ( 'NONE',  ( 0.000000000000000000, 1.000000000000000000, 0.000000000000000000 ) ) ;
#3099 = CARTESIAN_POINT ( 'NONE',  ( -10.36363636363635266, 4.000000000000000000, 21.64705618143756638 ) ) ;
#3100 = VECTOR ( 'NONE', #4165, 1000.000000000000114 ) ;
#3101 = LINE ( 'NONE', #185, #4432 ) ;
#3102 = CARTESIAN_POINT ( 'NONE',  ( 13.66202195514505568, 20.22216643059309149, -3.057858931660538016 ) ) ;
#3103 = CARTESIAN_POINT ( 'NONE',  ( 13.93069389159071747, 39.53097200272978995, 1.401749590396040412 ) ) ;
#3104 = CARTESIAN_POINT ( 'NONE',  ( 5.505018526542472479, 23.05813459762703488, -12.87227261118028565 ) ) ;
#3105 = CARTESIAN_POINT ( 'NONE',  ( -12.39261419211215909, 23.35776886757527393, 4.867952758516842060 ) ) ;
#3106 = AXIS2_PLACEMENT_3D ( 'NONE', #6761, #4949, #5617 ) ;
#3107 = CARTESIAN_POINT ( 'NONE',  ( -12.79606528306288027, 21.38464042463609971, -3.911652942236476971 ) ) ;
#3108 = CARTESIAN_POINT ( 'NONE',  ( -4.133445250743973176, 21.68669028366639751, -12.71128555225452317 ) ) ;
#3109 = CARTESIAN_POINT ( 'NONE',  ( 13.21902131580449513, 20.59311221675857695, -3.120415346599143547 ) ) ;
#3110 = CARTESIAN_POINT ( 'NONE',  ( -12.79537119470486495, 37.61301032645717868, -3.913533140117248621 ) ) ;
#3111 = CARTESIAN_POINT ( 'NONE',  ( 10.14772727272725916, 4.000000000000000000, -21.19607584432427316 ) ) ;
#3112 = AXIS2_PLACEMENT_3D ( 'NONE', #2206, #3286, #7230 ) ;
#3113 = ORIENTED_EDGE ( 'NONE', *, *, #6096, .T. ) ;
#3114 = VECTOR ( 'NONE', #3183, 1000.000000000000000 ) ;
#3115 = CARTESIAN_POINT ( 'NONE',  ( -12.58367752229679049, 36.79181658430885449, -4.444637833495622026 ) ) ;
#3116 = CARTESIAN_POINT ( 'NONE',  ( 13.52334835802587421, 39.27081720897355410, -1.497008733758289578 ) ) ;
#3117 = EDGE_CURVE ( 'NONE', #393, #3154, #371, .T. ) ;
#3118 = CARTESIAN_POINT ( 'NONE',  ( -4.956440746733084879, 23.83623019435802348, 12.35010137138236885 ) ) ;
#3119 = CARTESIAN_POINT ( 'NONE',  ( -13.48385952715361213, 20.36827261945494172, 3.769293151347937521 ) ) ;
#3120 = CARTESIAN_POINT ( 'NONE',  ( 1.304164583082640938, 19.14264016557746118, 13.94034954707620422 ) ) ;
#3121 = CARTESIAN_POINT ( 'NONE',  ( -1.269291353975035674, 19.66361449219353119, -13.42767872827301545 ) ) ;
#3122 = CARTESIAN_POINT ( 'NONE',  ( 2.106334979794609374, 39.03486818311142770, 13.29974633398049910 ) ) ;
#3123 = CARTESIAN_POINT ( 'NONE',  ( 5.000000000000007994, 24.50000000000000000, -10.46709128650361365 ) ) ;
#3124 = CARTESIAN_POINT ( 'NONE',  ( 1.794436175877760498, 19.83277381411900109, 13.35503419093218547 ) ) ;
#3125 = VERTEX_POINT ( 'NONE', #1517 ) ;
#3126 = ADVANCED_FACE ( 'NONE', ( #337 ), #3751, .F. ) ;
#3127 = AXIS2_PLACEMENT_3D ( 'NONE', #4844, #4881, #376 ) ;
#3128 = CARTESIAN_POINT ( 'NONE',  ( 2.505635748038800070, 38.82763350430560934, -13.21587577329590246 ) ) ;
#3129 = CARTESIAN_POINT ( 'NONE',  ( 13.99095184814522597, 39.68644428879587593, -0.5037451807406994053 ) ) ;
#3130 = CARTESIAN_POINT ( 'NONE',  ( 5.701314620220761853, 34.68359867059582768, 12.78651784332039121 ) ) ;
#3131 = CARTESIAN_POINT ( 'NONE',  ( -13.25076436672377334, 21.14294417205535837, -4.518919828210113288 ) ) ;
#3132 = CARTESIAN_POINT ( 'NONE',  ( 1.493758939610281500, 39.80822839524546453, -13.92015731840523429 ) ) ;
#3133 = CARTESIAN_POINT ( 'NONE',  ( 0.000000000000000000, 0.000000000000000000, 0.000000000000000000 ) ) ;
#3134 = CARTESIAN_POINT ( 'NONE',  ( -13.84089460905202529, 39.61196188413200758, 2.106512885492492604 ) ) ;
#3135 = CARTESIAN_POINT ( 'NONE',  ( 18.50000000000000000, 0.000000000000000000, 0.000000000000000000 ) ) ;
#3136 = ORIENTED_EDGE ( 'NONE', *, *, #5136, .F. ) ;
#3137 = CARTESIAN_POINT ( 'NONE',  ( -3.692554111708179487, 20.30791352827985463, 13.50430973369982190 ) ) ;
#3138 = CARTESIAN_POINT ( 'NONE',  ( 13.57095650447296542, 19.60624051474282226, -1.026069453808084120 ) ) ;
#3139 = CARTESIAN_POINT ( 'NONE',  ( -0.3789385494482638284, 18.99999647026622185, 14.00000000000001066 ) ) ;
#3140 = CARTESIAN_POINT ( 'NONE',  ( -4.520270377013989815, 21.14460825317837944, -13.25030575715444670 ) ) ;
#3141 = ORIENTED_EDGE ( 'NONE', *, *, #6729, .F. ) ;
#3142 = CARTESIAN_POINT ( 'NONE',  ( -3.874865514770772901, 37.65997617681680509, -12.80946492380611801 ) ) ;
#3143 = CARTESIAN_POINT ( 'NONE',  ( 4.931696440389194080, 21.73655457231305732, -13.10263265623419926 ) ) ;
#3144 = DIRECTION ( 'NONE',  ( 0.3053415646032799358, -0.7071067811865500152, 0.6377825091091927634 ) ) ;
#3145 = CARTESIAN_POINT ( 'NONE',  ( 12.60604082444112350, 23.67395143464811369, 4.931469240431024303 ) ) ;
#3146 = CARTESIAN_POINT ( 'NONE',  ( -12.32882838140005610, 34.66516375184302490, -4.999999999999999112 ) ) ;
#3147 = CARTESIAN_POINT ( 'NONE',  ( 13.69383206404364017, 20.12706942329852566, -2.912110216443920763 ) ) ;
#3148 = CARTESIAN_POINT ( 'NONE',  ( 13.29127539967519667, 37.47592912108213170, -4.398257085563240132 ) ) ;
#3149 = CARTESIAN_POINT ( 'NONE',  ( 4.933673568365941620, 21.73873057250748886, -13.10196512258446333 ) ) ;
#3150 = CARTESIAN_POINT ( 'NONE',  ( -13.38289089555153488, 19.76726197324116541, -1.614915759334816014 ) ) ;
#3151 = CARTESIAN_POINT ( 'NONE',  ( -2.779301302193560641, 20.34361097757772185, -13.14927442024684900 ) ) ;
#3152 = CARTESIAN_POINT ( 'NONE',  ( 5.000000000000002665, 45.00000000000000000, -10.46709128650361542 ) ) ;
#3153 = CARTESIAN_POINT ( 'NONE',  ( 13.29245946759460750, 20.36993500740753404, -2.818528055074654315 ) ) ;
#3154 = VERTEX_POINT ( 'NONE', #6657 ) ;
#3155 = CARTESIAN_POINT ( 'NONE',  ( -12.81681985180939343, 37.68453785630166664, -3.854718054363085677 ) ) ;
#3156 = CARTESIAN_POINT ( 'NONE',  ( 13.56116791377173492, 39.36870485262915764, -1.139019871992430710 ) ) ;
#3157 = CARTESIAN_POINT ( 'NONE',  ( 7.248673067139897341, 8.488570254471445864, -9.057224033521869444 ) ) ;
#3158 = CARTESIAN_POINT ( 'NONE',  ( 10.36363636363635621, 4.000000000000000000, -21.64705618143756638 ) ) ;
#3159 = CARTESIAN_POINT ( 'NONE',  ( -12.43170838603603912, 23.04892950158884801, -4.784849330113547516 ) ) ;
#3160 = CARTESIAN_POINT ( 'NONE',  ( 13.60980002463080041, 39.49213613246902810, -0.2833655951926250527 ) ) ;
#3161 = CARTESIAN_POINT ( 'NONE',  ( 3.419523776627218403, 20.85124019833672904, -12.96557111954840380 ) ) ;
#3162 = CARTESIAN_POINT ( 'NONE',  ( -2.184530099394085045, 38.99771892021880149, 13.28447375687680676 ) ) ;
#3163 = CARTESIAN_POINT ( 'NONE',  ( 3.520103013525923252, 20.94908405444645183, 12.93278110556508231 ) ) ;
#3164 = ORIENTED_EDGE ( 'NONE', *, *, #3729, .F. ) ;
#3165 = CARTESIAN_POINT ( 'NONE',  ( -12.81375620131836968, 37.67432242117171626, 3.863119847288555953 ) ) ;
#3166 = CARTESIAN_POINT ( 'NONE',  ( 3.649020367851345537, 37.91924106839785225, -12.88965255428664669 ) ) ;
#3167 = EDGE_LOOP ( 'NONE', ( #3082, #2370, #251, #3047, #1086, #5904, #4850, #4441, #4768, #932, #7236, #6872, #326, #1157, #598, #1358 ) ) ;
#3168 = CARTESIAN_POINT ( 'NONE',  ( 13.99903106909196104, 39.70701518925706353, -0.1705551067542645516 ) ) ;
#3169 = CARTESIAN_POINT ( 'NONE',  ( -4.886122869753447340, 35.56420600412829458, 12.38396570382933959 ) ) ;
#3170 = CARTESIAN_POINT ( 'NONE',  ( -13.99508151230731912, 19.01165066295897788, 0.3827253343028804156 ) ) ;
#3171 = CARTESIAN_POINT ( 'NONE',  ( 2.864371766497062932, 39.25699007054677736, -13.70408635373658868 ) ) ;
#3172 = EDGE_CURVE ( 'NONE', #3125, #2348, #3709, .T. ) ;
#3173 = CARTESIAN_POINT ( 'NONE',  ( -13.93863546651184215, 39.85312172455125790, -1.310181730566345903 ) ) ;
#3174 = B_SPLINE_CURVE_WITH_KNOTS ( 'NONE', 1,
 ( #4836, #1444 ),
 .UNSPECIFIED., .F., .F.,
 ( 2, 2 ),
 ( 0.000000000000000000, 1.000000000000000000 ),
 .UNSPECIFIED. ) ;
#3175 = VERTEX_POINT ( 'NONE', #2549 ) ;
#3176 = CARTESIAN_POINT ( 'NONE',  ( 4.886122869753434905, 23.43579399587169476, 12.38396570382934314 ) ) ;
#3177 = CARTESIAN_POINT ( 'NONE',  ( -2.370679684547791766, 19.49434564341196108, 13.79892430890967780 ) ) ;
#3178 = CARTESIAN_POINT ( 'NONE',  ( -5.656844457300955753, 23.77357753937905827, -12.80626900168792481 ) ) ;
#3179 = ORIENTED_EDGE ( 'NONE', *, *, #3887, .T. ) ;
#3180 = CARTESIAN_POINT ( 'NONE',  ( -4.884684129094665650, 35.57067979539833402, -12.38465242238216035 ) ) ;
#3181 = CARTESIAN_POINT ( 'NONE',  ( -4.061159762149473273, 21.58218242024631550, -12.73957129686258050 ) ) ;
#3182 = EDGE_CURVE ( 'NONE', #3039, #1930, #2073, .T. ) ;
#3183 = DIRECTION ( 'NONE',  ( -0.000000000000000000, -1.000000000000000000, -0.000000000000000000 ) ) ;
#3184 = CARTESIAN_POINT ( 'NONE',  ( 13.85879477039482133, 19.66054815831395786, -1.985048289931447441 ) ) ;
#3185 = FACE_OUTER_BOUND ( 'NONE', #2299, .T. ) ;
#3186 = CARTESIAN_POINT ( 'NONE',  ( -3.480018185574198064, 20.90969090931512042, -12.94591804138060454 ) ) ;
#3187 = CARTESIAN_POINT ( 'NONE',  ( -7.499999999999994671, 6.500000000000012434, -11.82159041753689088 ) ) ;
#3188 = CARTESIAN_POINT ( 'NONE',  ( 13.16256451266258765, 20.77286554180880529, -3.332967405631497737 ) ) ;
#3189 = ORIENTED_EDGE ( 'NONE', *, *, #2212, .F. ) ;
#3190 = CARTESIAN_POINT ( 'NONE',  ( -12.83055227578615742, 37.72998099677251815, -3.816796735040038691 ) ) ;
#3191 = CARTESIAN_POINT ( 'NONE',  ( 13.08640456393014162, 37.97135692286667563, -3.598697881855733360 ) ) ;
#3192 = CARTESIAN_POINT ( 'NONE',  ( 5.694173872587200869, 34.86583657075910736, -12.78971457666344591 ) ) ;
#3193 = CARTESIAN_POINT ( 'NONE',  ( -13.99990111771018242, 19.00023608556201538, 0.1967927216163080084 ) ) ;
#3194 = CARTESIAN_POINT ( 'NONE',  ( -13.11977440065633616, 20.42127313557282164, -2.892507242900616671 ) ) ;
#3195 = CARTESIAN_POINT ( 'NONE',  ( 13.18885706921118128, 38.31186796200643840, -3.235944199063416793 ) ) ;
#3196 = CARTESIAN_POINT ( 'NONE',  ( -0.6624177602565506362, 19.54339193592381108, -13.48061906389666653 ) ) ;
#3197 = CARTESIAN_POINT ( 'NONE',  ( 11.38737894735862710, 38.98616012975386980, 2.231650263030906522 ) ) ;
#3198 = CARTESIAN_POINT ( 'NONE',  ( 4.598940812197676031, 22.53782541336162382, 12.51632130456456160 ) ) ;
#3199 = ORIENTED_EDGE ( 'NONE', *, *, #5454, .F. ) ;
#3200 = CARTESIAN_POINT ( 'NONE',  ( -12.81855921369414908, 23.59484595325282186, 5.629045868437785316 ) ) ;
#3201 = CARTESIAN_POINT ( 'NONE',  ( 13.35785736278946167, 37.74544714578735238, -4.191772091332016004 ) ) ;
#3202 = CARTESIAN_POINT ( 'NONE',  ( -1.779421692120415344, 39.17548123977223895, 13.35839345172297854 ) ) ;
#3203 = CARTESIAN_POINT ( 'NONE',  ( -12.87256149494085378, 23.05574755399272036, -5.504343272044713409 ) ) ;
#3204 = CARTESIAN_POINT ( 'NONE',  ( -13.92499993276642556, 39.82002359685570525, -1.447932209777605062 ) ) ;
#3205 = CARTESIAN_POINT ( 'NONE',  ( 3.310127655427904436, 20.73875090997720250, -11.12026424643224232 ) ) ;
#3206 = CARTESIAN_POINT ( 'NONE',  ( 0.000000000000000000, 45.00000000000000000, 0.000000000000000000 ) ) ;
#3207 = VERTEX_POINT ( 'NONE', #955 ) ;
#3208 = CARTESIAN_POINT ( 'NONE',  ( 13.47089251292967838, 19.86789804347046129, 1.882906409314550666 ) ) ;
#3209 = CARTESIAN_POINT ( 'NONE',  ( -6.496004944281837723, 10.27995341674843921, 12.40538123241174340 ) ) ;
#3210 = EDGE_CURVE ( 'NONE', #7024, #6852, #3174, .T. ) ;
#3211 = LINE ( 'NONE', #7259, #6116 ) ;
#3212 = ORIENTED_EDGE ( 'NONE', *, *, #4580, .F. ) ;
#3213 = CARTESIAN_POINT ( 'NONE',  ( -4.997936797310418733, 34.66600659216482683, -12.32984480898539736 ) ) ;
#3214 = CARTESIAN_POINT ( 'NONE',  ( -3.116118621752697049, 20.58894416542819883, -13.05778446740548659 ) ) ;
#3215 = CARTESIAN_POINT ( 'NONE',  ( 3.649203048306357555, 37.91903968037262018, -12.88955923427048411 ) ) ;
#3216 = CARTESIAN_POINT ( 'NONE',  ( 12.71444811658958685, 22.70784659756404267, 4.668102480875162996 ) ) ;
#3217 = FACE_OUTER_BOUND ( 'NONE', #5587, .T. ) ;
#3218 = CARTESIAN_POINT ( 'NONE',  ( 13.73954751948716968, 19.99339367146917112, -2.688986923777654248 ) ) ;
#3219 = CARTESIAN_POINT ( 'NONE',  ( 12.98493613916303424, 35.61716789764468416, -5.233717290291632906 ) ) ;
#3220 = ADVANCED_FACE ( 'NONE', ( #5995 ), #5475, .T. ) ;
#3221 = CARTESIAN_POINT ( 'NONE',  ( -2.993004093864455354E-08, 19.00000048201913572, -13.99999999864344780 ) ) ;
#3222 = CARTESIAN_POINT ( 'NONE',  ( -12.34506618187405458, 23.91868057067391717, -4.966786507533383244 ) ) ;
#3223 = CARTESIAN_POINT ( 'NONE',  ( -7.499999999999991118, 4.335663632535883494, 12.60279007956305009 ) ) ;
#3224 = CARTESIAN_POINT ( 'NONE',  ( 0.000000000000000000, 4.000000000000000000, 0.000000000000000000 ) ) ;
#3225 = CARTESIAN_POINT ( 'NONE',  ( 12.62173650921121926, 23.47670542419830397, -4.894342595320434697 ) ) ;
#3226 = CARTESIAN_POINT ( 'NONE',  ( -13.16309275358424813, 38.69240731013285739, -2.724794792074750394 ) ) ;
#3227 = CARTESIAN_POINT ( 'NONE',  ( 13.28573527615513150, 38.61004893996063458, -2.847436167567580778 ) ) ;
#3228 = CARTESIAN_POINT ( 'NONE',  ( -13.96950757275576649, 19.07247219822469120, 0.9417993611059566339 ) ) ;
#3229 = CARTESIAN_POINT ( 'NONE',  ( 12.97214379263769146, 37.55139152483213394, -3.961760138695812561 ) ) ;
#3230 = CARTESIAN_POINT ( 'NONE',  ( 4.437617773995269133, 22.19601973811741402, -12.58659725602660728 ) ) ;
#3231 = CIRCLE ( 'NONE', #6684, 1.750000000000000000 ) ;
#3232 = AXIS2_PLACEMENT_3D ( 'NONE', #3668, #4839, #6871 ) ;
#3233 = CARTESIAN_POINT ( 'NONE',  ( 4.143558834699370585, 21.70160735701724519, 12.70729970936841546 ) ) ;
#3234 = ORIENTED_EDGE ( 'NONE', *, *, #7157, .F. ) ;
#3235 = CARTESIAN_POINT ( 'NONE',  ( 4.372525284356767017, 36.92521481224866875, -12.61413117266462613 ) ) ;
#3236 = CONICAL_SURFACE ( 'NONE', #6448, 11.59999999999999964, 0.7853981633974447263 ) ;
#3237 = CARTESIAN_POINT ( 'NONE',  ( 13.57237390408923972, 38.49895023712588937, -3.433930276155540806 ) ) ;
#3238 = CARTESIAN_POINT ( 'NONE',  ( -1.188814211917133656, 39.35679338391580018, 13.43658867178312200 ) ) ;
#3239 = CARTESIAN_POINT ( 'NONE',  ( 9.499999999999994671, 4.000000000000000000, -19.84313483298443970 ) ) ;
#3240 = VECTOR ( 'NONE', #6808, 1000.000000000000000 ) ;
#3241 = ORIENTED_EDGE ( 'NONE', *, *, #5075, .T. ) ;
#3242 = CARTESIAN_POINT ( 'NONE',  ( 13.02158713288735292, 21.26046375794081911, 3.809450619302389818 ) ) ;
#3243 = CYLINDRICAL_SURFACE ( 'NONE', #415, 14.00000000000000000 ) ;
#3244 = PRESENTATION_LAYER_ASSIGNMENT (  '', '', ( #5997 ) ) ;
#3245 = CARTESIAN_POINT ( 'NONE',  ( -3.675245137617713986, 37.89030992498642547, -12.88048916269571187 ) ) ;
#3246 = CARTESIAN_POINT ( 'NONE',  ( -2.954374791611415585, 20.46597847062932019, -13.10305694721423997 ) ) ;
#3247 = CARTESIAN_POINT ( 'NONE',  ( -12.34506618187405813, 35.08131942932607927, 4.966786507533385908 ) ) ;
#3248 = CARTESIAN_POINT ( 'NONE',  ( 2.226058449136649298, 38.98006685220516943, -13.27703707854270299 ) ) ;
#3249 = CARTESIAN_POINT ( 'NONE',  ( 12.84426332151183203, 21.99594237253405637, 4.328553141512639257 ) ) ;
#3250 = VECTOR ( 'NONE', #5825, 1000.000000000000000 ) ;
#3251 = CARTESIAN_POINT ( 'NONE',  ( -0.3806013714425146022, 40.00000158951360163, -14.00000000081367624 ) ) ;
#3252 = CARTESIAN_POINT ( 'NONE',  ( 13.97242078266356913, 19.36099181913997569, -0.8826447184292964820 ) ) ;
#3253 = CARTESIAN_POINT ( 'NONE',  ( -1.625232347674091082, 19.76003449827229730, 11.48972263480144740 ) ) ;
#3254 = CARTESIAN_POINT ( 'NONE',  ( 11.12042845719042639, 20.73829171841965646, -3.309548481889837301 ) ) ;
#3255 = DIRECTION ( 'NONE',  ( 0.000000000000000000, -1.000000000000000000, 0.000000000000000000 ) ) ;
#3256 = CARTESIAN_POINT ( 'NONE',  ( -4.806041646978351345, 23.11833329518864488, -12.42184610738844874 ) ) ;
#3257 = CARTESIAN_POINT ( 'NONE',  ( -5.786269878411362791E-15, 14.00000000000000000, -11.59999999999999964 ) ) ;
#3258 = CARTESIAN_POINT ( 'NONE',  ( 13.01744370846361321, 21.27635648217236053, -3.822136491729503760 ) ) ;
#3259 = EDGE_CURVE ( 'NONE', #6488, #6196, #888, .T. ) ;
#3260 = ORIENTED_EDGE ( 'NONE', *, *, #3067, .T. ) ;
#3261 = CARTESIAN_POINT ( 'NONE',  ( -24.00000000000000355, 24.50000000000000000, -5.000000000000000000 ) ) ;
#3262 = CARTESIAN_POINT ( 'NONE',  ( 13.29245946760883612, 38.63006499263393323, 2.818528055012857081 ) ) ;
#3263 = CARTESIAN_POINT ( 'NONE',  ( 13.33871257016314615, 21.31859960821969224, -4.256846371808623353 ) ) ;
#3264 = CARTESIAN_POINT ( 'NONE',  ( -13.02666469751965472, 20.67595123772917276, -3.221367515863983844 ) ) ;
#3265 = CARTESIAN_POINT ( 'NONE',  ( 12.98854459647838588, 37.61494495540260630, -3.911985044556019364 ) ) ;
#3266 = CARTESIAN_POINT ( 'NONE',  ( 4.644550699236522640, 22.64835682826315022, -12.49592710255395644 ) ) ;
#3267 = CARTESIAN_POINT ( 'NONE',  ( -1.307538022297170421, 39.32618722550265744, 13.42323708762287460 ) ) ;
#3268 = DIRECTION ( 'NONE',  ( -5.005447807092259604E-16, -1.000000000000000000, -8.673617379884041635E-17 ) ) ;
#3269 = CARTESIAN_POINT ( 'NONE',  ( 2.331966488363055756, 20.07706360420309366, 13.25406959293547970 ) ) ;
#3270 = EDGE_LOOP ( 'NONE', ( #6407, #7110, #4589, #1904, #5856 ) ) ;
#3271 = CARTESIAN_POINT ( 'NONE',  ( -1.428809295313532957, 39.29168322793552903, 13.40827102715393693 ) ) ;
#3272 = CARTESIAN_POINT ( 'NONE',  ( 13.14284637572429837, 20.83749971954136981, 3.403921125541969239 ) ) ;
#3273 = CARTESIAN_POINT ( 'NONE',  ( -13.36730899654235749, 38.26212743714132358, 4.161640446266030580 ) ) ;
#3274 = FACE_OUTER_BOUND ( 'NONE', #1580, .T. ) ;
#3275 = ORIENTED_EDGE ( 'NONE', *, *, #4410, .T. ) ;
#3276 = CARTESIAN_POINT ( 'NONE',  ( 12.62609324499507935, 23.42835543587249347, 4.883981607671649350 ) ) ;
#3277 = LINE ( 'NONE', #3844, #5408 ) ;
#3278 = CARTESIAN_POINT ( 'NONE',  ( -9.499999999999991118, 4.000000000000000000, 19.84313483298443970 ) ) ;
#3279 = CARTESIAN_POINT ( 'NONE',  ( -4.908659418204710079, 35.45220075740161292, -12.37316557604128597 ) ) ;
#3280 = CARTESIAN_POINT ( 'NONE',  ( -12.33698375886569387, 34.91600940499633055, 4.983355963618929962 ) ) ;
#3281 = CARTESIAN_POINT ( 'NONE',  ( 3.810532272350973138, 37.73827407151399882, -12.83293348860771310 ) ) ;
#3282 = ORIENTED_EDGE ( 'NONE', *, *, #2876, .T. ) ;
#3283 = CARTESIAN_POINT ( 'NONE',  ( 12.89941103293941005, 21.74797018529294945, 4.174499903540576540 ) ) ;
#3284 = CARTESIAN_POINT ( 'NONE',  ( -24.00000000000000355, 34.49999999999999289, -4.999999999999999112 ) ) ;
#3285 = CARTESIAN_POINT ( 'NONE',  ( 13.62256442226043163, 20.34283584593836025, 3.229090382974581175 ) ) ;
#3286 = DIRECTION ( 'NONE',  ( -0.000000000000000000, 1.000000000000000000, -0.000000000000000000 ) ) ;
#3287 = CARTESIAN_POINT ( 'NONE',  ( 11.32705839714184215, 20.16746187704727333, -2.517078906283527040 ) ) ;
#3288 = DIRECTION ( 'NONE',  ( -2.602085213965210149E-16, 1.000000000000000000, 0.000000000000000000 ) ) ;
#3289 = CARTESIAN_POINT ( 'NONE',  ( -7.499999999999991118, 4.000000000000000000, 12.99038105676657118 ) ) ;
#3290 = B_SPLINE_CURVE_WITH_KNOTS ( 'NONE', 3,
 ( #402, #6653, #1653, #2796, #3253, #3323, #1584, #2170, #950, #1548, #4485, #984, #4416, #5046, #4452, #6689, #5078, #6723, #1621, #6758 ),
 .UNSPECIFIED., .F., .F.,
 ( 4, 2, 2, 2, 2, 2, 2, 2, 2, 4 ),
 ( 0.007916567192656589688, 0.008904488142882659163, 0.009892409093108730372, 0.01088033004333479985, 0.01186825099356086932, 0.01285617194378694053, 0.01335013241889997787, 0.01384409289401301694, 0.01483201384423909683, 0.01581993479446517498 ),
 .UNSPECIFIED. ) ;
#3291 = LINE ( 'NONE', #4317, #2269 ) ;
#3292 = CARTESIAN_POINT ( 'NONE',  ( 13.00633223145404394, 21.31798621975481467, -3.856787207818395569 ) ) ;
#3293 = DIRECTION ( 'NONE',  ( 0.000000000000000000, -1.000000000000000000, 0.000000000000000000 ) ) ;
#3294 = VERTEX_POINT ( 'NONE', #1552 ) ;
#3295 = CARTESIAN_POINT ( 'NONE',  ( 13.53617265841469930, 39.30420339237586802, 1.386134018073297058 ) ) ;
#3296 = CARTESIAN_POINT ( 'NONE',  ( -13.03173118336709457, 22.04665807217779161, -5.118402790780265832 ) ) ;
#3297 = CARTESIAN_POINT ( 'NONE',  ( -13.32027703029083376, 19.91563227791191082, -1.995988435347980428 ) ) ;
#3298 = EDGE_CURVE ( 'NONE', #2981, #2975, #3521, .T. ) ;
#3299 = CARTESIAN_POINT ( 'NONE',  ( -12.33391031146504524, 34.83229802069428871, 4.989640111670802902 ) ) ;
#3300 = CARTESIAN_POINT ( 'NONE',  ( 4.620412418609206817, 22.58893607938203374, -12.50674842157540034 ) ) ;
#3301 = CARTESIAN_POINT ( 'NONE',  ( 13.56814831298852653, 19.61341536907070093, 1.059690452714266540 ) ) ;
#3302 = CARTESIAN_POINT ( 'NONE',  ( 11.58549179710780308, 39.46659997583982005, 0.6647730666755742313 ) ) ;
#3303 = FACE_BOUND ( 'NONE', #3542, .T. ) ;
#3304 = CARTESIAN_POINT ( 'NONE',  ( 3.207113912860748872, 20.66388356323644615, 13.03094450936373150 ) ) ;
#3305 = CARTESIAN_POINT ( 'NONE',  ( 4.242281882313517549, 21.85243103206112281, 12.66791627514800567 ) ) ;
#3306 = CARTESIAN_POINT ( 'NONE',  ( 4.339379587642484992, 36.98444183174186861, -12.62800428895360483 ) ) ;
#3307 = EDGE_CURVE ( 'NONE', #5487, #3613, #270, .T. ) ;
#3308 = CARTESIAN_POINT ( 'NONE',  ( 13.64711086224230918, 38.73280087328495824, -3.124341436718627296 ) ) ;
#3309 = CARTESIAN_POINT ( 'NONE',  ( -3.757661995975805080, 37.79946835458509469, 12.85179736078883650 ) ) ;
#3310 = CARTESIAN_POINT ( 'NONE',  ( -5.000000000000010658, 24.50000000000000000, 12.32882846293108159 ) ) ;
#3311 = ORIENTED_EDGE ( 'NONE', *, *, #860, .T. ) ;
#3312 = CARTESIAN_POINT ( 'NONE',  ( 13.21356320265600282, 20.61011676238208423, 3.141730357956210362 ) ) ;
#3313 = CARTESIAN_POINT ( 'NONE',  ( 1.995770094848879239, 13.74691403374778353, 11.43773503846905548 ) ) ;
#3314 = LINE ( 'NONE', #2716, #4450 ) ;
#3315 = CARTESIAN_POINT ( 'NONE',  ( 4.286517685944732037, 38.12941487504222948, -13.32778963560509844 ) ) ;
#3316 = CARTESIAN_POINT ( 'NONE',  ( -2.940803362506162255, 38.54392434777530241, -13.10674025055963376 ) ) ;
#3317 = CARTESIAN_POINT ( 'NONE',  ( 4.803029970469003374, 35.88972633090215680, 12.42322373167505134 ) ) ;
#3318 = CARTESIAN_POINT ( 'NONE',  ( 1.428809295313506311, 39.29168322793553614, -13.40827102715393515 ) ) ;
#3319 = ORIENTED_EDGE ( 'NONE', *, *, #4766, .T. ) ;
#3320 = CARTESIAN_POINT ( 'NONE',  ( 12.82994109239188063, 22.06456100793351993, 4.367425867535504658 ) ) ;
#3321 = CARTESIAN_POINT ( 'NONE',  ( -4.166394831566562651, 38.26043568184131516, -13.36637053946852305 ) ) ;
#3322 = CARTESIAN_POINT ( 'NONE',  ( 13.94753440269611211, 19.42522937510150172, 1.223206431636199021 ) ) ;
#3323 = CARTESIAN_POINT ( 'NONE',  ( -2.233428016741765720, 20.01441726912456787, 11.38713773090621117 ) ) ;
#3324 = CARTESIAN_POINT ( 'NONE',  ( 13.02345623770546723, 37.74591817761591273, 3.803212524844747477 ) ) ;
#3325 = CYLINDRICAL_SURFACE ( 'NONE', #6938, 7.500000000000000000 ) ;
#3326 = ORIENTED_EDGE ( 'NONE', *, *, #6680, .F. ) ;
#3327 = CARTESIAN_POINT ( 'NONE',  ( -12.32882846293112422, 24.50000000000000000, -5.000000000000000000 ) ) ;
#3328 = CARTESIAN_POINT ( 'NONE',  ( 0.000000000000000000, 45.00000000000000000, -14.00000000000000000 ) ) ;
#3329 = CARTESIAN_POINT ( 'NONE',  ( -12.80623645755838425, 35.22585382126052167, -5.656918016720432263 ) ) ;
#3330 = CARTESIAN_POINT ( 'NONE',  ( 12.96259875349089619, 21.48685594794213216, -3.990119646075639626 ) ) ;
#3331 = CARTESIAN_POINT ( 'NONE',  ( 7.499999999999994671, 4.999999999999997335, -11.82159041753689088 ) ) ;
#3332 = CARTESIAN_POINT ( 'NONE',  ( 2.233428016741766609, 38.98558273087542148, 11.38713773090621650 ) ) ;
#3333 = CARTESIAN_POINT ( 'NONE',  ( 13.40160913428779210, 38.94310315428185021, 2.293309642759927769 ) ) ;
#3334 = CARTESIAN_POINT ( 'NONE',  ( 7.499999999999991118, 4.999999999999997335, 11.82159041753689444 ) ) ;
#3335 = CARTESIAN_POINT ( 'NONE',  ( -12.92300924958925989, 20.97859163552782746, -3.549617570061628591 ) ) ;
#3336 = AXIS2_PLACEMENT_3D ( 'NONE', #2511, #3755, #5960 ) ;
#3337 = CARTESIAN_POINT ( 'NONE',  ( -13.79888044465191754, 19.49474254781584648, -2.366058347551254215 ) ) ;
#3338 = CARTESIAN_POINT ( 'NONE',  ( 13.12195967233856742, 38.09322834640031630, -3.477825824661978427 ) ) ;
#3339 = CARTESIAN_POINT ( 'NONE',  ( 4.931326442109432051, 23.67309738649197115, -12.36225651903230016 ) ) ;
#3340 = CARTESIAN_POINT ( 'NONE',  ( 13.44454795706928607, 19.93892246684905345, 2.049243471690497920 ) ) ;
#3341 = LINE ( 'NONE', #5628, #4054 ) ;
#3342 = CARTESIAN_POINT ( 'NONE',  ( 4.769245651921846019, 22.99798278620302128, 12.43896763249456683 ) ) ;
#3343 = VECTOR ( 'NONE', #6607, 1000.000000000000000 ) ;
#3344 = AXIS2_PLACEMENT_3D ( 'NONE', #147, #2913, #6910 ) ;
#3345 = CARTESIAN_POINT ( 'NONE',  ( -5.333661501374564295, 22.54303724171791146, 12.94442013425848259 ) ) ;
#3346 = CARTESIAN_POINT ( 'NONE',  ( 5.000000000000002665, 45.00000000000000000, 10.46709128650361542 ) ) ;
#3347 = CARTESIAN_POINT ( 'NONE',  ( 4.559594989029175593, 36.55252236101417651, -12.53375298275121530 ) ) ;
#3348 = CARTESIAN_POINT ( 'NONE',  ( 13.01012327912812339, 35.86628712273155628, -5.170806227080822381 ) ) ;
#3349 = CARTESIAN_POINT ( 'NONE',  ( 0.8196811705556359406, 39.43304595182738836, 13.47015723515030317 ) ) ;
#3350 = EDGE_CURVE ( 'NONE', #4877, #1282, #1483, .T. ) ;
#3351 = DIRECTION ( 'NONE',  ( -0.8388703903806783435, 0.000000000000000000, 0.5443312118026746305 ) ) ;
#3352 = ORIENTED_EDGE ( 'NONE', *, *, #6720, .F. ) ;
#3353 = AXIS2_PLACEMENT_3D ( 'NONE', #1726, #2380, #3545 ) ;
#3354 = CARTESIAN_POINT ( 'NONE',  ( 13.59585500829311044, 19.54298922825986295, 0.6555593409221572854 ) ) ;
#3355 = DIRECTION ( 'NONE',  ( -0.000000000000000000, 1.000000000000000000, -0.000000000000000000 ) ) ;
#3356 = CARTESIAN_POINT ( 'NONE',  ( -5.703697540710755298, 34.68380381776610477, 12.78545144272252898 ) ) ;
#3357 = CARTESIAN_POINT ( 'NONE',  ( -13.24989011440865738, 21.14613706570887786, 4.521490543381597504 ) ) ;
#3358 = CARTESIAN_POINT ( 'NONE',  ( -2.792180702855449059, 38.64775131876217529, -13.14597342985539896 ) ) ;
#3359 = CARTESIAN_POINT ( 'NONE',  ( 4.966877844265107811, 35.08040817915943421, 12.34502123843436827 ) ) ;
#3360 = CARTESIAN_POINT ( 'NONE',  ( -5.691821390612650688, 34.86644052011806139, -12.79074651076272318 ) ) ;
#3361 = ORIENTED_EDGE ( 'NONE', *, *, #2575, .T. ) ;
#3362 = CARTESIAN_POINT ( 'NONE',  ( 12.98976435078646752, 21.38088685296827407, 3.907928910942497502 ) ) ;
#3363 = CARTESIAN_POINT ( 'NONE',  ( 2.783879528940834014, 19.69878572118999926, 13.72067480238319170 ) ) ;
#3364 = CARTESIAN_POINT ( 'NONE',  ( 1.150144766899951097E-13, 19.49999999999867129, -11.60000000000056808 ) ) ;
#3365 = CARTESIAN_POINT ( 'NONE',  ( 1.890898199932772306, 39.12870792250815555, -13.33881947268441692 ) ) ;
#3366 = AXIS2_PLACEMENT_3D ( 'NONE', #89, #2365, #4050 ) ;
#3367 = DIRECTION ( 'NONE',  ( 1.206107350727848108E-16, 0.000000000000000000, -1.000000000000000000 ) ) ;
#3368 = DIRECTION ( 'NONE',  ( 0.000000000000000000, -1.000000000000000000, 0.000000000000000000 ) ) ;
#3369 = CARTESIAN_POINT ( 'NONE',  ( -10.14772727272726094, 4.000000000000000000, -21.19607584432427672 ) ) ;
#3370 = B_SPLINE_CURVE_WITH_KNOTS ( 'NONE', 3,
 ( #4832, #2615, #256, #951 ),
 .UNSPECIFIED., .F., .F.,
 ( 4, 4 ),
 ( 0.000000000000000000, 1.000000000000000000 ),
 .UNSPECIFIED. ) ;
#3371 = CARTESIAN_POINT ( 'NONE',  ( 5.469135409673452131, 24.50000000000000711, 12.63324383981809795 ) ) ;
#3372 = CARTESIAN_POINT ( 'NONE',  ( 13.02345623761101656, 21.25408182273500302, -3.803212525144235467 ) ) ;
#3373 = AXIS2_PLACEMENT_3D ( 'NONE', #3432, #1314, #179 ) ;
#3374 = CARTESIAN_POINT ( 'NONE',  ( -5.234567704836732283, 24.50000000000000711, -12.48103615137457645 ) ) ;
#3375 = CARTESIAN_POINT ( 'NONE',  ( -12.39260856760610707, 23.35572582149749365, 4.867996716262327439 ) ) ;
#3376 = CARTESIAN_POINT ( 'NONE',  ( 3.543694065365673662, 20.97262549992281677, -12.92497929227786990 ) ) ;
#3377 = DIRECTION ( 'NONE',  ( 0.000000000000000000, 1.000000000000000000, 0.000000000000000000 ) ) ;
#3378 = CARTESIAN_POINT ( 'NONE',  ( -10.70046256247230687, 22.27301495206250692, -4.479627964232501647 ) ) ;
#3379 = CARTESIAN_POINT ( 'NONE',  ( -5.691821390612626708, 24.13355947988195283, 12.79074651076273383 ) ) ;
#3380 = CARTESIAN_POINT ( 'NONE',  ( -2.686714996303216196, 13.50651971316182376, 13.74171041431234741 ) ) ;
#3381 = CARTESIAN_POINT ( 'NONE',  ( 13.33772214055228922, 38.76236667738716335, 2.614170760390870818 ) ) ;
#3382 = CARTESIAN_POINT ( 'NONE',  ( 2.221969527786557652, 38.97990527982585718, 13.27715620654397988 ) ) ;
#3383 = CARTESIAN_POINT ( 'NONE',  ( -4.162132685224269935, 21.72930166319034839, 12.69995325006597220 ) ) ;
#3384 = ORIENTED_EDGE ( 'NONE', *, *, #4913, .F. ) ;
#3385 = CARTESIAN_POINT ( 'NONE',  ( 13.34019364328113255, 37.67608697362049242, 4.247617657354095577 ) ) ;
#3386 = CARTESIAN_POINT ( 'NONE',  ( 5.703698528567248793, 24.31742584870375268, 12.78545357409134020 ) ) ;
#3387 = CARTESIAN_POINT ( 'NONE',  ( -0.6626552606837934345, 39.96350174304154024, 13.98461992168038748 ) ) ;
#3388 = ADVANCED_FACE ( 'NONE', ( #2140 ), #4422, .F. ) ;
#3389 = CARTESIAN_POINT ( 'NONE',  ( -2.291739839393672096, 38.94467273592594836, -13.26280562134506447 ) ) ;
#3390 = CARTESIAN_POINT ( 'NONE',  ( 4.791252955425670201, 35.92980113622525096, 12.42872420025840974 ) ) ;
#3391 = CARTESIAN_POINT ( 'NONE',  ( -4.239045969329550800, 37.15276874771022619, -12.66922898022113131 ) ) ;
#3392 = CARTESIAN_POINT ( 'NONE',  ( 5.481982651196905643, 22.97871163223215518, 12.88210987413217801 ) ) ;
#3393 = CARTESIAN_POINT ( 'NONE',  ( 13.79657959227281161, 19.83161904086719929, 2.379254246308372789 ) ) ;
#3394 = CARTESIAN_POINT ( 'NONE',  ( 5.000000000000007994, 24.50000000000000000, 10.46709128650362075 ) ) ;
#3395 = CARTESIAN_POINT ( 'NONE',  ( 11.58575380954990486, 19.53279565331962075, 0.6596712276900706939 ) ) ;
#3396 = EDGE_CURVE ( 'NONE', #1134, #7330, #6192, .T. ) ;
#3397 = CARTESIAN_POINT ( 'NONE',  ( 4.884201991027548928, 23.42694387665676814, -12.38488320632249540 ) ) ;
#3398 = CARTESIAN_POINT ( 'NONE',  ( -4.346828957949979255, 20.93789883049373657, -13.30822710181429969 ) ) ;
#3399 = CARTESIAN_POINT ( 'NONE',  ( -12.78545152826161946, 34.50000000000000000, -5.703703114510133787 ) ) ;
#3400 = CARTESIAN_POINT ( 'NONE',  ( -2.993004093864455354E-08, 19.00000048201913572, -13.99999999864344780 ) ) ;
#3401 = CARTESIAN_POINT ( 'NONE',  ( 13.48432192181184064, 39.16797793511010894, 1.792479680298425082 ) ) ;
#3402 = CARTESIAN_POINT ( 'NONE',  ( -13.10034080676994250, 21.73164945788365188, -4.942693899743856534 ) ) ;
#3403 = CARTESIAN_POINT ( 'NONE',  ( -13.00104079339207530, 20.74869693314115437, 3.305828675979499032 ) ) ;
#3404 = CARTESIAN_POINT ( 'NONE',  ( -13.44887353666782737, 19.61518809545066233, 1.067859494714895829 ) ) ;
#3405 = CARTESIAN_POINT ( 'NONE',  ( -12.43170838603755612, 35.95107049842001601, 4.784849330110821697 ) ) ;
#3406 = CARTESIAN_POINT ( 'NONE',  ( 2.798679341146210309, 20.35663406127945763, -13.14430010081996336 ) ) ;
#3407 = CARTESIAN_POINT ( 'NONE',  ( 13.50334628220744726, 19.78153922475808102, -1.657668870783308712 ) ) ;
#3408 = CARTESIAN_POINT ( 'NONE',  ( -12.85267482874189682, 35.76892285823153372, 5.550620142217382202 ) ) ;
#3409 = LINE ( 'NONE', #1182, #498 ) ;
#3410 = CARTESIAN_POINT ( 'NONE',  ( 4.918612659159258271, 23.59769638356359067, 12.36839355455219192 ) ) ;
#3411 = CARTESIAN_POINT ( 'NONE',  ( -13.03938560544188618, 38.35968590956539970, 3.178498908793887079 ) ) ;
#3412 = CARTESIAN_POINT ( 'NONE',  ( 4.731152084026917670, 22.88043137740305255, 12.45659356369186632 ) ) ;
#3413 = CARTESIAN_POINT ( 'NONE',  ( 7.500000000000000000, 0.000000000000000000, -59.57475013247809414 ) ) ;
#3414 = CARTESIAN_POINT ( 'NONE',  ( 13.51765550415230166, 39.25597110051570837, 1.545157346605089632 ) ) ;
#3415 = CARTESIAN_POINT ( 'NONE',  ( 4.966786507533381467, 35.08131942932609348, 12.34506618187402438 ) ) ;
#3416 = CARTESIAN_POINT ( 'NONE',  ( 13.05017086009563521, 21.15672639982425807, 3.717869600005879960 ) ) ;
#3417 = CARTESIAN_POINT ( 'NONE',  ( 4.588477908811586126, 12.43753354950745482, -13.22819693198157687 ) ) ;
#3418 = CARTESIAN_POINT ( 'NONE',  ( -4.550670471910793324, 22.42683381173620560, 12.53772155982469982 ) ) ;
#3419 = EDGE_LOOP ( 'NONE', ( #5352, #410, #818, #5494 ) ) ;
#3420 = CARTESIAN_POINT ( 'NONE',  ( 12.93429919259551575, 34.67383736243745318, 5.357597215960493209 ) ) ;
#3421 = DIRECTION ( 'NONE',  ( 0.000000000000000000, 0.000000000000000000, -1.000000000000000000 ) ) ;
#3422 = CARTESIAN_POINT ( 'NONE',  ( -5.426944984505208680, 36.19489218353970017, 12.90539287117091050 ) ) ;
#3423 = CARTESIAN_POINT ( 'NONE',  ( -1.378850487522800483, 39.30683994543868209, -13.41481708061280997 ) ) ;
#3424 = CARTESIAN_POINT ( 'NONE',  ( 4.367017851391893579, 36.93616438583370609, 12.61649916012336803 ) ) ;
#3425 = CARTESIAN_POINT ( 'NONE',  ( -3.911652942236498731, 37.61535957536389674, -12.79606528306283231 ) ) ;
#3426 = ORIENTED_EDGE ( 'NONE', *, *, #7257, .F. ) ;
#3427 = EDGE_CURVE ( 'NONE', #7065, #2035, #7094, .T. ) ;
#3428 = CARTESIAN_POINT ( 'NONE',  ( 4.789679312829610680, 21.51230025290871595, 13.15530250175442895 ) ) ;
#3429 = CARTESIAN_POINT ( 'NONE',  ( 13.01952422199104653, 23.05161850649872335, 5.147110839118433923 ) ) ;
#3430 = CARTESIAN_POINT ( 'NONE',  ( -5.946557713996974748, 11.07674314186272468, -12.67543837723409439 ) ) ;
#3431 = CARTESIAN_POINT ( 'NONE',  ( 13.00633223146928508, 37.68201378030263982, 3.856787207771012138 ) ) ;
#3432 = CARTESIAN_POINT ( 'NONE',  ( 0.000000000000000000, 4.000000000000003553, 0.000000000000000000 ) ) ;
#3433 = CARTESIAN_POINT ( 'NONE',  ( -4.286578543189190960, 38.13260958656015021, 13.32818268257619287 ) ) ;
#3434 = CARTESIAN_POINT ( 'NONE',  ( -3.370175340068946035, 20.06257670282171546, -13.58835512833717729 ) ) ;
#3435 = CARTESIAN_POINT ( 'NONE',  ( -13.93979289237739216, 39.85601399985018389, -1.310077089083524715 ) ) ;
#3436 = CARTESIAN_POINT ( 'NONE',  ( 2.026099883901269383, 39.64444344750707216, 13.85371262550319749 ) ) ;
#3437 = EDGE_CURVE ( 'NONE', #4970, #7271, #990, .T. ) ;
#3438 = CARTESIAN_POINT ( 'NONE',  ( -5.608628890089641494, 35.50107926038774764, -12.82744570394586603 ) ) ;
#3439 = CARTESIAN_POINT ( 'NONE',  ( 13.19505751612432576, 21.96085745348964835, -4.678927841200747118 ) ) ;
#3440 = DIRECTION ( 'NONE',  ( 0.000000000000000000, 0.000000000000000000, -1.000000000000000000 ) ) ;
#3441 = CARTESIAN_POINT ( 'NONE',  ( -13.44917931708978642, 19.61447813236248905, 1.066920012498610015 ) ) ;
#3442 = CARTESIAN_POINT ( 'NONE',  ( -12.78545150766138150, 24.40807341553139764, -5.703702782121057524 ) ) ;
#3443 = CARTESIAN_POINT ( 'NONE',  ( -12.52344162748222978, 36.50053890433223103, 4.582997241966532798 ) ) ;
#3444 = CARTESIAN_POINT ( 'NONE',  ( -1.387849626158954131, 19.69629182500344200, -13.41347779377565530 ) ) ;
#3445 = CARTESIAN_POINT ( 'NONE',  ( -13.10263265623421169, 37.26344542768691070, 4.931696440389167435 ) ) ;
#3446 = CARTESIAN_POINT ( 'NONE',  ( -4.837049466821856214, 35.80807031837210275, 10.54362685303156155 ) ) ;
#3447 = CARTESIAN_POINT ( 'NONE',  ( 4.757645877686545788, 22.96167395099866226, 12.44434331412340455 ) ) ;
#3448 = CARTESIAN_POINT ( 'NONE',  ( 12.81484100335406318, 36.86016803568646338, -4.407913001362652849 ) ) ;
#3449 = CARTESIAN_POINT ( 'NONE',  ( -1.769697180907761958, 19.82293488085069200, 13.35918727205277179 ) ) ;
#3450 = LINE ( 'NONE', #3413, #6220 ) ;
#3451 = CARTESIAN_POINT ( 'NONE',  ( 12.63268356859933483, 35.64299760386115423, 4.868295518108165076 ) ) ;
#3452 = CARTESIAN_POINT ( 'NONE',  ( 4.480269576915463681, 36.72569880190032166, 12.56861858690737854 ) ) ;
#3453 = CARTESIAN_POINT ( 'NONE',  ( -3.755123247779788898, 21.19850220017303499, 12.85256368280971806 ) ) ;
#3454 = ORIENTED_EDGE ( 'NONE', *, *, #7101, .F. ) ;
#3455 = CARTESIAN_POINT ( 'NONE',  ( 12.58917334814936950, 23.96060995682648809, 4.970993946857576340 ) ) ;
#3456 = CARTESIAN_POINT ( 'NONE',  ( 2.368619058012964018, 19.49343768055181769, 13.79927991135773624 ) ) ;
#3457 = AXIS2_PLACEMENT_3D ( 'NONE', #6582, #7234, #6101 ) ;
#3458 = CARTESIAN_POINT ( 'NONE',  ( -2.539355301885888316, 39.42807310971141987, 13.76877896525449430 ) ) ;
#3459 = CARTESIAN_POINT ( 'NONE',  ( -3.221367516039690404, 38.32404876212331857, -13.02666469746779043 ) ) ;
#3460 = FILL_AREA_STYLE ('',( #5218 ) ) ;
#3461 = CARTESIAN_POINT ( 'NONE',  ( -12.94439843765959886, 36.45188152220489997, -5.333266973458572480 ) ) ;
#3462 = CARTESIAN_POINT ( 'NONE',  ( -0.2835621117645541478, 39.49212649247935758, -13.49647389307609657 ) ) ;
#3463 = AXIS2_PLACEMENT_3D ( 'NONE', #3059, #255, #2986 ) ;
#3464 = ORIENTED_EDGE ( 'NONE', *, *, #5560, .F. ) ;
#3465 = CARTESIAN_POINT ( 'NONE',  ( 4.632729916779052104, 21.29040094083600465, 13.21140705271405125 ) ) ;
#3466 = CARTESIAN_POINT ( 'NONE',  ( 13.46056061510685709, 20.87558149380275196, 3.849334241029084502 ) ) ;
#3467 = CARTESIAN_POINT ( 'NONE',  ( -5.496804114236679797E-15, 14.00000000000000000, -14.00000000000000000 ) ) ;
#3468 = CARTESIAN_POINT ( 'NONE',  ( -7.248673067139893789, 8.488570254471444088, 9.057224033521872997 ) ) ;
#3469 = ORIENTED_EDGE ( 'NONE', *, *, #570, .T. ) ;
#3470 = AXIS2_PLACEMENT_3D ( 'NONE', #1515, #3818, #1025 ) ;
#3471 = CARTESIAN_POINT ( 'NONE',  ( -5.656845037508099416, 35.22641797719816736, 12.80626874499457379 ) ) ;
#3472 = CARTESIAN_POINT ( 'NONE',  ( -0.1013573958687174620, 19.00011890641195578, -13.99994996193350616 ) ) ;
#3473 = CARTESIAN_POINT ( 'NONE',  ( -12.87057825769896802, 35.93529845116043475, -5.509242507875650396 ) ) ;
#3474 = VECTOR ( 'NONE', #2400, 1000.000000000000000 ) ;
#3475 = CARTESIAN_POINT ( 'NONE',  ( 12.96310737290252924, 23.64370553177161227, -5.287649552470262471 ) ) ;
#3476 = SURFACE_STYLE_USAGE ( .BOTH. , #6318 ) ;
#3477 = CARTESIAN_POINT ( 'NONE',  ( -13.46397707461970938, 19.58090780265334629, -0.8997072180968175292 ) ) ;
#3478 = CARTESIAN_POINT ( 'NONE',  ( -13.16472066193722057, 20.30318213882857847, 2.719080137555470067 ) ) ;
#3479 = CARTESIAN_POINT ( 'NONE',  ( -12.56052950983190897, 36.68338917164999913, 4.498273743575603945 ) ) ;
#3480 = CARTESIAN_POINT ( 'NONE',  ( 2.940803362808821930, 20.45607565244481663, -13.10674025047783253 ) ) ;
#3481 = EDGE_CURVE ( 'NONE', #2975, #3039, #2139, .T. ) ;
#3482 = VECTOR ( 'NONE', #6578, 1000.000000000000000 ) ;
#3483 = CARTESIAN_POINT ( 'NONE',  ( 13.45274336272160554, 19.91668213158233769, -1.999831130654375455 ) ) ;
#3484 = CARTESIAN_POINT ( 'NONE',  ( -13.15674636991162139, 37.49360159244756119, 4.785711917034048746 ) ) ;
#3485 = CARTESIAN_POINT ( 'NONE',  ( 12.57669683062196242, 34.49999999999999289, -4.999999999999999112 ) ) ;
#3486 = CARTESIAN_POINT ( 'NONE',  ( -13.37646957865052677, 39.21778130359540171, -1.659605232038612099 ) ) ;
#3487 = CARTESIAN_POINT ( 'NONE',  ( 13.06175136837505413, 37.88470388775396458, -3.680242860254196113 ) ) ;
#3488 = CIRCLE ( 'NONE', #178, 1.999999999999998224 ) ;
#3489 = CARTESIAN_POINT ( 'NONE',  ( -3.236979588150690645, 20.68901196767592765, 13.02201317247597423 ) ) ;
#3490 = CARTESIAN_POINT ( 'NONE',  ( 4.631242855700080874, 37.71159502968692578, -13.21192781356746515 ) ) ;
#3491 = CARTESIAN_POINT ( 'NONE',  ( 13.55666907625741580, 39.35714670734585496, 1.187370494309402114 ) ) ;
#3492 = CARTESIAN_POINT ( 'NONE',  ( 3.648191677156963131, 37.92011614878272496, 12.88990531660745020 ) ) ;
#3493 = ADVANCED_FACE ( 'NONE', ( #2174 ), #439, .T. ) ;
#3494 = CARTESIAN_POINT ( 'NONE',  ( -4.471098792138754163, 22.26117945122168962, 12.57228049767387823 ) ) ;
#3495 = ORIENTED_EDGE ( 'NONE', *, *, #6850, .F. ) ;
#3496 = ORIENTED_EDGE ( 'NONE', *, *, #6680, .T. ) ;
#3497 = CARTESIAN_POINT ( 'NONE',  ( 13.04986934571420498, 36.18549190271108529, 5.069628763948053951 ) ) ;
#3498 = CARTESIAN_POINT ( 'NONE',  ( -12.50674842157436117, 22.58893607938706438, -4.620412418611308247 ) ) ;
#3499 = CARTESIAN_POINT ( 'NONE',  ( 0.7487021014490713444, 39.95316568493412746, 13.98027744105184134 ) ) ;
#3500 = CARTESIAN_POINT ( 'NONE',  ( -13.56033757806795492, 20.14278269637583918, 3.481827840604013513 ) ) ;
#3501 = DIRECTION ( 'NONE',  ( 1.206107350727848108E-16, -0.000000000000000000, 1.000000000000000000 ) ) ;
#3502 = CARTESIAN_POINT ( 'NONE',  ( -12.78545152826161946, 34.49999999999998579, 5.703703114510136452 ) ) ;
#3503 = CARTESIAN_POINT ( 'NONE',  ( -4.884201991027563139, 35.57305612334322831, -12.38488320632249362 ) ) ;
#3504 = ORIENTED_EDGE ( 'NONE', *, *, #5250, .T. ) ;
#3505 = CARTESIAN_POINT ( 'NONE',  ( 5.507218689092050035, 23.06597965546525941, 12.87133118078475924 ) ) ;
#3506 = CARTESIAN_POINT ( 'NONE',  ( 13.44331498349789200, 20.93656658977256768, 3.909086565241618239 ) ) ;
#3507 = CARTESIAN_POINT ( 'NONE',  ( -1.002067829742684157, 13.94930309507812538, -13.97265622718044220 ) ) ;
#3508 = CARTESIAN_POINT ( 'NONE',  ( 8.584438932099970323E-15, 14.00000000000000000, 11.59999999999999964 ) ) ;
#3509 = ORIENTED_EDGE ( 'NONE', *, *, #6961, .F. ) ;
#3510 = CARTESIAN_POINT ( 'NONE',  ( 5.234567704836733171, 24.50000000000000711, -12.48103615137458355 ) ) ;
#3511 = CARTESIAN_POINT ( 'NONE',  ( -4.162794158421020185, 20.73905667800701380, -13.36695009634697229 ) ) ;
#3512 = DIRECTION ( 'NONE',  ( -0.7071067811865499042, 0.7071067811865452413, -8.528466865386058459E-17 ) ) ;
#3513 = CARTESIAN_POINT ( 'NONE',  ( -12.85219483607877855, 37.80074594939384980, 3.756537396704788367 ) ) ;
#3514 = CARTESIAN_POINT ( 'NONE',  ( 13.01865565266594693, 23.06069520772237169, -5.149249162924061984 ) ) ;
#3515 = CARTESIAN_POINT ( 'NONE',  ( 0.000000000000000000, 44.74999999999997868, 0.000000000000000000 ) ) ;
#3516 = CARTESIAN_POINT ( 'NONE',  ( 13.99651059444665613, 19.29936950441117460, -0.3584376346551761405 ) ) ;
#3517 = CARTESIAN_POINT ( 'NONE',  ( -13.49648408309567493, 19.50783379949565699, -0.3255932167229069751 ) ) ;
#3518 = CARTESIAN_POINT ( 'NONE',  ( -12.88955923427051964, 21.08096031962739403, 3.649203048306360664 ) ) ;
#3519 = CARTESIAN_POINT ( 'NONE',  ( -12.61649916014612494, 36.93616438592896145, 4.367017851340623480 ) ) ;
#3520 = CARTESIAN_POINT ( 'NONE',  ( -0.8242388447304023202, 19.56771892208009334, -13.46981595863050529 ) ) ;
#3521 = B_SPLINE_CURVE_WITH_KNOTS ( 'NONE', 3,
 ( #5511, #2587, #2695, #1995, #7198, #3857, #406 ),
 .UNSPECIFIED., .F., .F.,
 ( 4, 3, 4 ),
 ( -0.0007614325045216883536, 0.000000000000000000, 0.001538204004139540103 ),
 .UNSPECIFIED. ) ;
#3522 = CARTESIAN_POINT ( 'NONE',  ( 13.51794351816764106, 19.74327867769229883, -1.542712331842735152 ) ) ;
#3523 = CARTESIAN_POINT ( 'NONE',  ( -13.38692652296025898, 38.32639188207666336, 4.098150232047077957 ) ) ;
#3524 = CARTESIAN_POINT ( 'NONE',  ( -13.41481708061716382, 39.30683994544868654, 1.378850487489986953 ) ) ;
#3525 = CARTESIAN_POINT ( 'NONE',  ( 12.81276942717797240, 36.84978750461139185, -4.413457920766891363 ) ) ;
#3526 = EDGE_CURVE ( 'NONE', #3154, #1345, #5976, .T. ) ;
#3527 = CARTESIAN_POINT ( 'NONE',  ( -3.756537396704796805, 21.19925405060613599, 12.85219483607875013 ) ) ;
#3528 = CARTESIAN_POINT ( 'NONE',  ( 5.628941324146481406, 35.40579143193893685, -12.81860522275649394 ) ) ;
#3529 = CARTESIAN_POINT ( 'NONE',  ( 12.83024577569590896, 36.93704146486160766, 4.366624744981725037 ) ) ;
#3530 = CARTESIAN_POINT ( 'NONE',  ( 3.961391167708262273, 37.55186919937060708, 12.77752299314135520 ) ) ;
#3531 = CARTESIAN_POINT ( 'NONE',  ( 2.051012581460322615, 39.06028194929211850, 13.31025193673365159 ) ) ;
#3532 = CARTESIAN_POINT ( 'NONE',  ( 8.000000000000008882, 4.000000000000000000, -19.84313483298444325 ) ) ;
#3533 = CARTESIAN_POINT ( 'NONE',  ( -4.916807255298612844, 23.59073940747576614, 12.36925077361203762 ) ) ;
#3534 = ORIENTED_EDGE ( 'NONE', *, *, #6850, .T. ) ;
#3535 = VERTEX_POINT ( 'NONE', #4982 ) ;
#3536 = EDGE_CURVE ( 'NONE', #909, #1234, #1380, .T. ) ;
#3537 = CARTESIAN_POINT ( 'NONE',  ( 13.59638027628565027, 38.57556260936051729, 3.338144766968637267 ) ) ;
#3538 = CARTESIAN_POINT ( 'NONE',  ( 0.1897678093020776502, 19.00000238360776805, 14.00000000000000178 ) ) ;
#3539 = CARTESIAN_POINT ( 'NONE',  ( -1.218150705172931891, 39.87329262864962232, 13.94697973370184485 ) ) ;
#3540 = CARTESIAN_POINT ( 'NONE',  ( -12.91794866760373850, 36.28152533023465764, -5.397017375377537007 ) ) ;
#3541 = CARTESIAN_POINT ( 'NONE',  ( -0.9008095298233989023, 39.41887138945748603, -13.46387945826258026 ) ) ;
#3542 = EDGE_LOOP ( 'NONE', ( #3880, #3275 ) ) ;
#3543 = CARTESIAN_POINT ( 'NONE',  ( -3.967735243300697157, 20.54786232773453492, 13.42615781097219063 ) ) ;
#3544 = CARTESIAN_POINT ( 'NONE',  ( 12.72321773026699887, 22.65057042027048695, -4.646105024517900972 ) ) ;
#3545 = DIRECTION ( 'NONE',  ( 0.000000000000000000, 0.000000000000000000, -1.000000000000000000 ) ) ;
#3546 = CARTESIAN_POINT ( 'NONE',  ( -7.499999999999991118, 7.013639289055583426, 8.849293757131141192 ) ) ;
#3547 = EDGE_LOOP ( 'NONE', ( #4840, #4963, #5186, #4217 ) ) ;
#3548 = DIRECTION ( 'NONE',  ( -0.000000000000000000, 1.000000000000000000, -0.000000000000000000 ) ) ;
#3549 = CARTESIAN_POINT ( 'NONE',  ( 4.462181413903428151, 21.07310476452416381, -13.26999340780637660 ) ) ;
#3550 = CARTESIAN_POINT ( 'NONE',  ( 1.848680070156969002, 39.70623391328820873, 13.87858127568831890 ) ) ;
#3551 = CARTESIAN_POINT ( 'NONE',  ( -12.66922898022118815, 37.15276874771021198, 4.239045969329548136 ) ) ;
#3552 = PLANE ( 'NONE',  #6442 ) ;
#3553 = CARTESIAN_POINT ( 'NONE',  ( -5.504343272044771140, 35.94425244600729741, -12.87256149494082536 ) ) ;
#3554 = CARTESIAN_POINT ( 'NONE',  ( 13.21022905310216977, 21.88739841928805063, -4.635957183738090848 ) ) ;
#3555 = CYLINDRICAL_SURFACE ( 'NONE', #7071, 1.999999999999998224 ) ;
#3556 = CARTESIAN_POINT ( 'NONE',  ( -12.43896763249402504, 22.99798278620894720, 4.769245651923655238 ) ) ;
#3557 = CARTESIAN_POINT ( 'NONE',  ( -13.49917357653230354, 19.50184351455510168, -0.1591033311401637007 ) ) ;
#3558 = CARTESIAN_POINT ( 'NONE',  ( -1.911454544406247180, 19.87974842961094168, -13.33527210753185521 ) ) ;
#3559 = CARTESIAN_POINT ( 'NONE',  ( -12.53829996367963240, 36.57608232685764449, -4.549339564448399820 ) ) ;
#3560 = CARTESIAN_POINT ( 'NONE',  ( -13.33881947268830359, 39.12870792251752050, -1.890898199909937016 ) ) ;
#3561 = CARTESIAN_POINT ( 'NONE',  ( 13.04665240055374298, 37.83061323919005758, -3.729240928621559981 ) ) ;
#3562 = CARTESIAN_POINT ( 'NONE',  ( -4.480269576915478780, 22.27430119809968190, 12.56861858690739275 ) ) ;
#3563 = CARTESIAN_POINT ( 'NONE',  ( 4.943445239479028253, 37.26675102668719575, -13.10002609458190825 ) ) ;
#3564 = CARTESIAN_POINT ( 'NONE',  ( 13.45908283878155309, 39.10036923557191102, -1.959160181339089757 ) ) ;
#3565 = CARTESIAN_POINT ( 'NONE',  ( -0.5802737701399246495, 39.46688294553106147, 13.48519778726661045 ) ) ;
#3566 = CARTESIAN_POINT ( 'NONE',  ( -0.1577780453469547206, 19.49979785363084517, 13.50009008622130580 ) ) ;
#3567 = ORIENTED_EDGE ( 'NONE', *, *, #6275, .T. ) ;
#3568 = CARTESIAN_POINT ( 'NONE',  ( 2.436749673326213284, 38.86671229388270632, -13.23144411094837558 ) ) ;
#3569 = CARTESIAN_POINT ( 'NONE',  ( 4.908007728350636256, 37.30238675200408949, 13.11152636582908926 ) ) ;
#3570 = CARTESIAN_POINT ( 'NONE',  ( -13.93423987403175524, 19.15752774137238390, 1.356128664617175517 ) ) ;
#3571 = SURFACE_SIDE_STYLE ('',( #6301 ) ) ;
#3572 = EDGE_CURVE ( 'NONE', #6494, #5553, #3786, .T. ) ;
#3573 = CARTESIAN_POINT ( 'NONE',  ( -11.19285898251166245, 38.46846656241037010, -3.059059651318857487 ) ) ;
#3574 = ORIENTED_EDGE ( 'NONE', *, *, #3298, .F. ) ;
#3575 = CONICAL_SURFACE ( 'NONE', #386, 13.75000000000005862, 0.7853981633974415066 ) ;
#3576 = CARTESIAN_POINT ( 'NONE',  ( 1.172074580325972448, 19.11718766273206427, 13.95092769689342838 ) ) ;
#3577 = CARTESIAN_POINT ( 'NONE',  ( 12.80160113952101497, 22.20591726475677063, -4.443395902166747291 ) ) ;
#3578 = CARTESIAN_POINT ( 'NONE',  ( -4.631100991409446976, 21.28823976707854726, 13.21197508685845179 ) ) ;
#3579 = LINE ( 'NONE', #6983, #1356 ) ;
#3580 = CARTESIAN_POINT ( 'NONE',  ( 4.632729916779057433, 37.70959905916401311, -13.21140705271404592 ) ) ;
#3581 = CARTESIAN_POINT ( 'NONE',  ( 5.946557713996972083, 11.07674314186271758, 12.67543837723409439 ) ) ;
#3582 = CARTESIAN_POINT ( 'NONE',  ( -4.958924597476677576, 23.83953493882880537, -12.34890162366670907 ) ) ;
#3583 = VECTOR ( 'NONE', #1522, 1000.000000000000000 ) ;
#3584 = CARTESIAN_POINT ( 'NONE',  ( -12.56861858690743183, 36.72569880190034297, 4.480269576915454799 ) ) ;
#3585 = DIRECTION ( 'NONE',  ( -0.000000000000000000, -0.000000000000000000, 1.000000000000000000 ) ) ;
#3586 = DIRECTION ( 'NONE',  ( 0.000000000000000000, -1.000000000000000000, 0.000000000000000000 ) ) ;
#3587 = CARTESIAN_POINT ( 'NONE',  ( 13.54700165112569543, 20.58197036028299820, 3.535270842118875212 ) ) ;
#3588 = CARTESIAN_POINT ( 'NONE',  ( 7.836746053639400245, 3.836746053639390475, -12.98450044861821162 ) ) ;
#3589 = CARTESIAN_POINT ( 'NONE',  ( -12.72266196392037152, 21.64376237291192950, -4.104692339770047660 ) ) ;
#3590 = CARTESIAN_POINT ( 'NONE',  ( -3.161425675344573083, 20.62630557407314313, -13.04440936236549042 ) ) ;
#3591 = CARTESIAN_POINT ( 'NONE',  ( -4.339379587743838584, 36.98444183156370713, 12.62800428891269711 ) ) ;
#3592 = CARTESIAN_POINT ( 'NONE',  ( 13.18493920837639699, 20.70057075146768000, -3.250727028815435737 ) ) ;
#3593 = CARTESIAN_POINT ( 'NONE',  ( -12.63364745731748684, 37.00859462435338543, -4.325913785942419487 ) ) ;
#3594 = CIRCLE ( 'NONE', #6932, 1.999999999999998224 ) ;
#3595 = CARTESIAN_POINT ( 'NONE',  ( -13.42924016620852434, 39.34002525514112136, 1.259329390587060615 ) ) ;
#3596 = CARTESIAN_POINT ( 'NONE',  ( 12.96337503969840199, 37.51634989908435358, -3.987858138486265247 ) ) ;
#3597 = CARTESIAN_POINT ( 'NONE',  ( -2.221969527786577192, 20.02009472017414993, 13.27715620654397455 ) ) ;
#3598 = CARTESIAN_POINT ( 'NONE',  ( 1.304117590817848393, 39.85737050551930594, -13.94035396120610493 ) ) ;
#3599 = COLOUR_RGB ( '',1.000000000000000000, 0.5019607843137254832, 0.5019607843137254832 ) ;
#3600 = CARTESIAN_POINT ( 'NONE',  ( 3.298747055674224882, 20.74235029246641915, -13.00324395399327493 ) ) ;
#3601 = CARTESIAN_POINT ( 'NONE',  ( 3.221367515941389037, 38.32404876220586232, 13.02666469749621747 ) ) ;
#3602 = CARTESIAN_POINT ( 'NONE',  ( -2.434399678984274118, 20.13261207687986243, 13.23176100205855299 ) ) ;
#3603 = ORIENTED_EDGE ( 'NONE', *, *, #1838, .F. ) ;
#3604 = AXIS2_PLACEMENT_3D ( 'NONE', #1014, #3355, #494 ) ;
#3605 = CARTESIAN_POINT ( 'NONE',  ( 3.353641160800157284, 38.20851995851107574, -12.98619512350984806 ) ) ;
#3606 = CARTESIAN_POINT ( 'NONE',  ( 13.75415739477019628, 39.04851486223785884, 2.613279471747851357 ) ) ;
#3607 = ORIENTED_EDGE ( 'NONE', *, *, #4085, .F. ) ;
#3608 = CARTESIAN_POINT ( 'NONE',  ( 13.99982975508212135, 39.70904502276290060, -0.08201676129514937075 ) ) ;
#3609 = CARTESIAN_POINT ( 'NONE',  ( -4.934553706097518422, 35.32286738664503645, 12.36075373155403412 ) ) ;
#3610 = CARTESIAN_POINT ( 'NONE',  ( -1.027590024168333782, 39.91075805879662397, -13.96254142991348957 ) ) ;
#3611 = LINE ( 'NONE', #4617, #523 ) ;
#3612 = CYLINDRICAL_SURFACE ( 'NONE', #6794, 1.750000000000000000 ) ;
#3613 = VERTEX_POINT ( 'NONE', #1624 ) ;
#3614 = CARTESIAN_POINT ( 'NONE',  ( -2.617713144335258146, 19.61263890154686607, 13.75334568237772537 ) ) ;
#3615 = CARTESIAN_POINT ( 'NONE',  ( 13.33772214055228744, 20.23763332261281889, -2.614170760390867709 ) ) ;
#3616 = CARTESIAN_POINT ( 'NONE',  ( -5.703702040690058261, 24.13379321436831049, 12.78545200730226306 ) ) ;
#3617 = ADVANCED_FACE ( 'NONE', ( #3856 ), #2727, .F. ) ;
#3618 = CARTESIAN_POINT ( 'NONE',  ( 12.62518309256137883, 35.56168952490230595, 4.886150820115680027 ) ) ;
#3619 = CARTESIAN_POINT ( 'NONE',  ( -4.480468425174042757, 36.72528328079328475, -10.70010964043187940 ) ) ;
#3620 = VERTEX_POINT ( 'NONE', #6165 ) ;
#3621 = CARTESIAN_POINT ( 'NONE',  ( 5.703703114510183525, 34.50000000000000000, -12.78545152826159992 ) ) ;
#3622 = CARTESIAN_POINT ( 'NONE',  ( 4.345338910893557838, 20.93622254460033005, -13.30871208603376310 ) ) ;
#3623 = DIRECTION ( 'NONE',  ( 0.000000000000000000, -1.000000000000000000, 0.000000000000000000 ) ) ;
#3624 = CARTESIAN_POINT ( 'NONE',  ( 4.738970695141795808, 36.12759409217026274, -10.58872335399709819 ) ) ;
#3625 = DIRECTION ( 'NONE',  ( 0.000000000000000000, 0.000000000000000000, -1.000000000000000000 ) ) ;
#3626 = CARTESIAN_POINT ( 'NONE',  ( 12.59748660548502741, 23.79728749924350240, 4.951594864282541586 ) ) ;
#3627 = CARTESIAN_POINT ( 'NONE',  ( -12.43896763249325410, 36.00201721378596886, -4.769245651925205109 ) ) ;
#3628 = CARTESIAN_POINT ( 'NONE',  ( 14.00016011019780571, 39.70988745485851723, -0.3492084418709466842 ) ) ;
#3629 = EDGE_CURVE ( 'NONE', #4067, #303, #4208, .T. ) ;
#3630 = CARTESIAN_POINT ( 'NONE',  ( -12.77291130182825363, 21.46416613319361844, 3.973706809189946565 ) ) ;
#3631 = CARTESIAN_POINT ( 'NONE',  ( -12.99383504092420338, 20.76934115238631406, -3.329240443822290896 ) ) ;
#3632 = CARTESIAN_POINT ( 'NONE',  ( -3.816796735053228140, 21.27001900324309602, -12.83055227578270774 ) ) ;
#3633 = CARTESIAN_POINT ( 'NONE',  ( -13.49995197187731755, 39.49989233720859261, -0.08885227179066841618 ) ) ;
#3634 = DIRECTION ( 'NONE',  ( 0.000000000000000000, -0.000000000000000000, -1.000000000000000000 ) ) ;
#3635 = CARTESIAN_POINT ( 'NONE',  ( -13.43720889800116680, 39.35827094148989858, -1.187105691495265347 ) ) ;
#3636 = CARTESIAN_POINT ( 'NONE',  ( 13.22654142825219203, 38.43035467286244256, -3.091145753903492555 ) ) ;
#3637 = CARTESIAN_POINT ( 'NONE',  ( 7.499999999999997335, 7.013639289055586978, -8.849293757131142968 ) ) ;
#3638 = CARTESIAN_POINT ( 'NONE',  ( 5.333225713796284850, 36.45200897151414665, -12.94441559125980490 ) ) ;
#3639 = CARTESIAN_POINT ( 'NONE',  ( 0.3251165232860284693, 19.51040677013376623, -13.49534014820028460 ) ) ;
#3640 = CARTESIAN_POINT ( 'NONE',  ( 1.942315636641228194, 39.10736947448334888, 13.32987769278895307 ) ) ;
#3641 = CARTESIAN_POINT ( 'NONE',  ( -0.8997072180977977451, 19.58090780265352748, 13.46397707462106652 ) ) ;
#3642 = ORIENTED_EDGE ( 'NONE', *, *, #1673, .T. ) ;
#3643 = CARTESIAN_POINT ( 'NONE',  ( 13.92089383006195114, 39.50504748631497876, 1.486792799369310414 ) ) ;
#3644 = CARTESIAN_POINT ( 'NONE',  ( 5.000540191323247008, 37.14591006642934445, 13.07651200955242921 ) ) ;
#3645 = CARTESIAN_POINT ( 'NONE',  ( -13.51401187672898985, 20.27894690804997069, -3.656893671946385815 ) ) ;
#3646 = CARTESIAN_POINT ( 'NONE',  ( 0.3827253343028619859, 39.98834933704106476, -13.99508151230731379 ) ) ;
#3647 = DIRECTION ( 'NONE',  ( 0.000000000000000000, 0.000000000000000000, 1.000000000000000000 ) ) ;
#3648 = CARTESIAN_POINT ( 'NONE',  ( -13.94041626776709997, 39.85752263389780126, 1.303388515414742432 ) ) ;
#3649 = LINE ( 'NONE', #1938, #4421 ) ;
#3650 = ORIENTED_EDGE ( 'NONE', *, *, #4861, .F. ) ;
#3651 = CARTESIAN_POINT ( 'NONE',  ( -0.3234708200034828729, 19.00866133487263454, 13.99634306545853057 ) ) ;
#3652 = CARTESIAN_POINT ( 'NONE',  ( 13.61139842526655030, 19.50385101049336711, 0.2005355539274876475 ) ) ;
#3653 = CARTESIAN_POINT ( 'NONE',  ( -7.301031686265506693, 8.233994723488249790, -11.94563959726864333 ) ) ;
#3654 = CARTESIAN_POINT ( 'NONE',  ( 12.91035029052857830, 37.29888523046441406, 4.143227891188505652 ) ) ;
#3655 = CARTESIAN_POINT ( 'NONE',  ( -0.9354849385072163681, 19.07145204712416131, -13.96993411524756645 ) ) ;
#3656 = EDGE_LOOP ( 'NONE', ( #6860, #6697, #3981, #5222, #784 ) ) ;
#3657 = CARTESIAN_POINT ( 'NONE',  ( 7.499999999999989342, 7.006540356163304395, 11.82159041753689621 ) ) ;
#3658 = CARTESIAN_POINT ( 'NONE',  ( 5.396869404841507567, 22.71131608329203289, -12.91810128357446885 ) ) ;
#3659 = CARTESIAN_POINT ( 'NONE',  ( 7.499999999999992895, 7.006394970845456704, -11.82159041753689266 ) ) ;
#3660 = ADVANCED_FACE ( 'NONE', ( #6656 ), #3901, .T. ) ;
#3661 = DIRECTION ( 'NONE',  ( 1.000000000000000000, 0.000000000000000000, 0.000000000000000000 ) ) ;
#3662 = CARTESIAN_POINT ( 'NONE',  ( 13.93459602943312348, 39.54134333282558345, -1.395125155279520079 ) ) ;
#3663 = CARTESIAN_POINT ( 'NONE',  ( 5.609139198193463294, 23.49853978078346728, -12.82723538845566225 ) ) ;
#3664 = CARTESIAN_POINT ( 'NONE',  ( -13.31996301984300146, 19.91630153420357985, -1.999132676454192792 ) ) ;
#3665 = CARTESIAN_POINT ( 'NONE',  ( -3.854718054385580128, 21.31546214372567860, -12.81681985180142824 ) ) ;
#3666 = ADVANCED_FACE ( 'NONE', ( #3960 ), #2763, .T. ) ;
#3667 = CARTESIAN_POINT ( 'NONE',  ( -13.49100202159581308, 39.47988900188659045, 0.4499375533974266372 ) ) ;
#3668 = CARTESIAN_POINT ( 'NONE',  ( 18.50000000000000000, 0.000000000000000000, 0.000000000000000000 ) ) ;
#3669 = EDGE_LOOP ( 'NONE', ( #4738, #3319 ) ) ;
#3670 = CARTESIAN_POINT ( 'NONE',  ( -13.04939739920820685, 38.38755604953667699, -3.144364604796212603 ) ) ;
#3671 = CARTESIAN_POINT ( 'NONE',  ( 13.07843977362134957, 37.94353229561168916, -3.625209568046343200 ) ) ;
#3672 = DIRECTION ( 'NONE',  ( 0.000000000000000000, 0.000000000000000000, 1.000000000000000000 ) ) ;
#3673 = CARTESIAN_POINT ( 'NONE',  ( -12.85066058296384561, 23.24081215541973222, 5.555370177108365226 ) ) ;
#3674 = CARTESIAN_POINT ( 'NONE',  ( -12.59286313942966906, 22.16799714870006710, -4.422880815317876468 ) ) ;
#3675 = CARTESIAN_POINT ( 'NONE',  ( 13.61295163221495130, 39.50004540071319781, -0.03527815285100981829 ) ) ;
#3676 = CARTESIAN_POINT ( 'NONE',  ( -1.625665516082765993, 19.76880104330979293, -13.38217273889672931 ) ) ;
#3677 = CARTESIAN_POINT ( 'NONE',  ( -0.1703400655445828638, 39.49978996341017279, 13.49990682353430849 ) ) ;
#3678 = LINE ( 'NONE', #4763, #1566 ) ;
#3679 = CARTESIAN_POINT ( 'NONE',  ( 1.430002684386758816, 19.70868625505468685, 13.40811255768910648 ) ) ;
#3680 = ORIENTED_EDGE ( 'NONE', *, *, #7374, .F. ) ;
#3681 = CARTESIAN_POINT ( 'NONE',  ( -12.86869030475468634, 37.85296133011376440, 3.709144386759167134 ) ) ;
#3682 = CARTESIAN_POINT ( 'NONE',  ( 3.730638599285940771, 37.82926049201935825, -12.86119116915116045 ) ) ;
#3683 = ORIENTED_EDGE ( 'NONE', *, *, #3808, .T. ) ;
#3684 = CARTESIAN_POINT ( 'NONE',  ( 13.99315866949696563, 39.69207577686510291, 0.4462896507758074005 ) ) ;
#3685 = CARTESIAN_POINT ( 'NONE',  ( 5.691821390612619602, 34.86644052011804717, 12.79074651076274094 ) ) ;
#3686 = CARTESIAN_POINT ( 'NONE',  ( -13.99914273714450452, 19.00202834318656997, -0.1814956330750276681 ) ) ;
#3687 = CARTESIAN_POINT ( 'NONE',  ( -13.99508151230731912, 39.98834933704102923, -0.3827253343028675925 ) ) ;
#3688 = DIRECTION ( 'NONE',  ( 0.000000000000000000, 1.000000000000000000, 8.673617379884041635E-17 ) ) ;
#3689 = VERTEX_POINT ( 'NONE', #5155 ) ;
#3690 = CARTESIAN_POINT ( 'NONE',  ( -3.476011347220274494, 20.13846969695881128, 13.56182936677059914 ) ) ;
#3691 = CARTESIAN_POINT ( 'NONE',  ( 13.35968193442565877, 20.17460814536328328, -2.509505860916731557 ) ) ;
#3692 = CARTESIAN_POINT ( 'NONE',  ( -5.703703114510168426, 24.50000000000001421, 12.78545152826160347 ) ) ;
#3693 = CARTESIAN_POINT ( 'NONE',  ( -7.669990706454267837, 3.669990706454262508, 13.27642669994117242 ) ) ;
#3694 = ORIENTED_EDGE ( 'NONE', *, *, #447, .T. ) ;
#3695 = B_SPLINE_CURVE_WITH_KNOTS ( 'NONE', 3,
 ( #2473, #4205, #6435, #7046, #4992, #2596, #1529, #2560, #418, #2671, #2044, #3831, #3197, #5562, #2150, #450, #2703, #3302, #3899, #4565, #6325, #1740, #3972, #6739, #6844, #1707, #1225, #2737, #6176, #520, #4045, #5028, #1635, #2186, #5663, #6289, #5095, #4466 ),
 .UNSPECIFIED., .F., .F.,
 ( 4, 2, 2, 2, 2, 2, 2, 2, 2, 2, 2, 2, 2, 2, 2, 2, 2, 2, 4 ),
 ( 0.000000000000000000, 0.0009887459246540675813, 0.001977491849308135163, 0.002966237773962202527, 0.003954983698616270325, 0.004943729623270337256, 0.005932475547924405054, 0.006426848510251438953, 0.006921221472578472853, 0.007909967397232544120, 0.008898713321886613653, 0.009887459246540684921, 0.01087620517119475272, 0.01186495109584882225, 0.01285369702050289178, 0.01334806998282993436, 0.01384244294515697693, 0.01483118886981106381, 0.01581993479446515069 ),
 .UNSPECIFIED. ) ;
#3696 = CARTESIAN_POINT ( 'NONE',  ( -4.628966502461867805, 36.39026525977285331, -12.50292118952004117 ) ) ;
#3697 = CARTESIAN_POINT ( 'NONE',  ( -4.886122869753443787, 23.43579399587169476, -12.38396570382933071 ) ) ;
#3698 = CARTESIAN_POINT ( 'NONE',  ( 0.000000000000000000, 0.000000000000000000, 0.000000000000000000 ) ) ;
#3699 = AXIS2_PLACEMENT_3D ( 'NONE', #3206, #2096, #1643 ) ;
#3700 = VECTOR ( 'NONE', #7091, 1000.000000000000000 ) ;
#3701 = FACE_BOUND ( 'NONE', #709, .T. ) ;
#3702 = CARTESIAN_POINT ( 'NONE',  ( 13.87021696961422101, 19.62972849747323778, -1.903675060760359194 ) ) ;
#3703 = CARTESIAN_POINT ( 'NONE',  ( 13.51229032930052476, 38.30334357977292825, -3.665275863729879902 ) ) ;
#3704 = CARTESIAN_POINT ( 'NONE',  ( 2.025124997158782136, 19.35516092380240494, -13.85386866910562809 ) ) ;
#3705 = CARTESIAN_POINT ( 'NONE',  ( -12.90844367894593958, 21.02262498819552405, 3.593655930146673505 ) ) ;
#3706 = CARTESIAN_POINT ( 'NONE',  ( -13.07747853385278347, 20.53497210765113579, -3.047153119152828271 ) ) ;
#3707 = VECTOR ( 'NONE', #2244, 1000.000000000000000 ) ;
#3708 = CARTESIAN_POINT ( 'NONE',  ( -4.399362820464055801, 22.12392766886634021, -12.60282627245440246 ) ) ;
#3709 = LINE ( 'NONE', #5584, #4312 ) ;
#3710 = CARTESIAN_POINT ( 'NONE',  ( 13.33883638955455808, 20.23440631941241463, -2.608902171347598831 ) ) ;
#3711 = CARTESIAN_POINT ( 'NONE',  ( -12.61693223441083589, 36.93814034119377965, -4.366010438661029447 ) ) ;
#3712 = CARTESIAN_POINT ( 'NONE',  ( 7.499999999999994671, 3.499999999999982236, -13.56465996625054871 ) ) ;
#3713 = ORIENTED_EDGE ( 'NONE', *, *, #6408, .F. ) ;
#3714 = AXIS2_PLACEMENT_3D ( 'NONE', #3881, #6159, #4483 ) ;
#3715 = CARTESIAN_POINT ( 'NONE',  ( -13.04440936236252213, 38.37369442591889168, -3.161425675354294640 ) ) ;
#3716 = CARTESIAN_POINT ( 'NONE',  ( 13.19182673274491968, 38.32127242292012426, -3.224676896086748457 ) ) ;
#3717 = CARTESIAN_POINT ( 'NONE',  ( 4.984950817793656341, 12.12374610524804019, -10.48105971157374228 ) ) ;
#3718 = CARTESIAN_POINT ( 'NONE',  ( -13.92227557335960419, 19.18640020829590043, -1.484233663509908485 ) ) ;
#3719 = CARTESIAN_POINT ( 'NONE',  ( -12.44518525710365964, 22.95470779680980300, -4.755869138098234750 ) ) ;
#3720 = ADVANCED_FACE ( 'NONE', ( #3923 ), #5049, .T. ) ;
#3721 = CARTESIAN_POINT ( 'NONE',  ( 13.60879449520556150, 39.48961074480490652, -0.3248315381276961067 ) ) ;
#3722 = CARTESIAN_POINT ( 'NONE',  ( 2.509765903596077763, 20.17246518316152404, -13.21567769546504678 ) ) ;
#3723 = CIRCLE ( 'NONE', #2396, 14.00000000000000000 ) ;
#3724 = CARTESIAN_POINT ( 'NONE',  ( -3.207113912689040891, 38.33611643690497317, 13.03094450941437366 ) ) ;
#3725 = CARTESIAN_POINT ( 'NONE',  ( -2.712323981146505414, 20.29873831789400995, 13.16642807377322377 ) ) ;
#3726 = ORIENTED_EDGE ( 'NONE', *, *, #6770, .T. ) ;
#3727 = AXIS2_PLACEMENT_3D ( 'NONE', #5727, #2545, #3748 ) ;
#3728 = ORIENTED_EDGE ( 'NONE', *, *, #1503, .T. ) ;
#3729 = EDGE_CURVE ( 'NONE', #777, #1461, #6238, .T. ) ;
#3730 = CARTESIAN_POINT ( 'NONE',  ( 4.835651939563311963, 37.41804536922052193, 13.13845946629018613 ) ) ;
#3731 = CARTESIAN_POINT ( 'NONE',  ( -13.36730899654236460, 20.73787256285867286, -4.161640446266013704 ) ) ;
#3732 = CARTESIAN_POINT ( 'NONE',  ( -0.1814956330750366609, 39.99797165681350464, -13.99914273714450808 ) ) ;
#3733 = AXIS2_PLACEMENT_3D ( 'NONE', #2645, #5038, #2161 ) ;
#3734 = CARTESIAN_POINT ( 'NONE',  ( -13.96254142991349134, 39.91075805879658134, 1.027590024168314686 ) ) ;
#3735 = CARTESIAN_POINT ( 'NONE',  ( -10.90054098416931971, 37.55448511230826369, -3.971875971329319466 ) ) ;
#3736 = ORIENTED_EDGE ( 'NONE', *, *, #263, .T. ) ;
#3737 = CARTESIAN_POINT ( 'NONE',  ( -5.703702782121086834, 24.40807341553139764, 12.78545150766137617 ) ) ;
#3738 = CARTESIAN_POINT ( 'NONE',  ( 13.59575372283739014, 19.54323451100091447, -0.6612309441000999710 ) ) ;
#3739 = CARTESIAN_POINT ( 'NONE',  ( -5.395471431827361997, 22.71418041949802102, 12.91859331150836532 ) ) ;
#3740 = CARTESIAN_POINT ( 'NONE',  ( -2.861534782946364430, 19.73890450500274696, -13.70545005590170007 ) ) ;
#3741 = VERTEX_POINT ( 'NONE', #4555 ) ;
#3742 = CARTESIAN_POINT ( 'NONE',  ( 12.60604082446086416, 35.32604856561636097, -4.931469240386308073 ) ) ;
#3743 = CARTESIAN_POINT ( 'NONE',  ( -4.989640111668570910, 34.83229802072795422, -12.33391031146497596 ) ) ;
#3744 = CARTESIAN_POINT ( 'NONE',  ( -2.440414124868615531, 20.13525936771552338, -13.23065092072203974 ) ) ;
#3745 = LINE ( 'NONE', #6618, #972 ) ;
#3746 = DIRECTION ( 'NONE',  ( -0.000000000000000000, -1.000000000000000000, -0.000000000000000000 ) ) ;
#3747 = CARTESIAN_POINT ( 'NONE',  ( -24.00000000000000355, 24.50000000000000000, 5.000000000000000000 ) ) ;
#3748 = DIRECTION ( 'NONE',  ( 0.000000000000000000, 0.000000000000000000, 1.000000000000000000 ) ) ;
#3749 = CARTESIAN_POINT ( 'NONE',  ( -12.32882846293113310, 34.49999999999999289, -4.999999999999999112 ) ) ;
#3750 = CARTESIAN_POINT ( 'NONE',  ( -4.201821230777218474, 21.78849851037498908, -12.68425347631282740 ) ) ;
#3751 = CYLINDRICAL_SURFACE ( 'NONE', #3457, 5.000000000000000000 ) ;
#3752 = ORIENTED_EDGE ( 'NONE', *, *, #3987, .F. ) ;
#3753 = CARTESIAN_POINT ( 'NONE',  ( -12.66613266079778199, 37.14047635494554100, -4.246700769308600520 ) ) ;
#3754 = CARTESIAN_POINT ( 'NONE',  ( 13.10070940871314704, 38.02065283709971055, -3.550365418857805100 ) ) ;
#3755 = DIRECTION ( 'NONE',  ( 0.000000000000000000, -1.000000000000000000, 0.000000000000000000 ) ) ;
#3756 = CARTESIAN_POINT ( 'NONE',  ( -12.80623645756674200, 23.77414617855704293, 5.656918016701571794 ) ) ;
#3757 = CARTESIAN_POINT ( 'NONE',  ( -13.16642807377994373, 20.29873831787248406, -2.712323981114376448 ) ) ;
#3758 = CARTESIAN_POINT ( 'NONE',  ( -5.703703114510168426, 24.50000000000001421, 12.78545152826160347 ) ) ;
#3759 = CARTESIAN_POINT ( 'NONE',  ( 0.2835621117645336087, 19.50787350752064242, -13.49647389307609657 ) ) ;
#3760 = CARTESIAN_POINT ( 'NONE',  ( -3.480018185795563657, 38.09030909046965263, 12.94591804131027502 ) ) ;
#3761 = EDGE_CURVE ( 'NONE', #3175, #6816, #2504, .T. ) ;
#3762 = CARTESIAN_POINT ( 'NONE',  ( 4.133445250697397100, 21.68669028359791895, 12.71128555227394230 ) ) ;
#3763 = ORIENTED_EDGE ( 'NONE', *, *, #3817, .F. ) ;
#3764 = CARTESIAN_POINT ( 'NONE',  ( 4.732093756803193330, 36.11521825377563033, -12.45612845991829154 ) ) ;
#3765 = CARTESIAN_POINT ( 'NONE',  ( 13.81638548614155937, 39.22334353963433529, -2.260333449052743582 ) ) ;
#3766 = CARTESIAN_POINT ( 'NONE',  ( -3.116118621752703266, 38.41105583457179051, 13.05778446740549015 ) ) ;
#3767 = CARTESIAN_POINT ( 'NONE',  ( -12.91810128357447596, 22.71131608329203644, -5.396869404841479145 ) ) ;
#3768 = CARTESIAN_POINT ( 'NONE',  ( -13.24989011440865383, 37.85386293429111504, -4.521490543381603722 ) ) ;
#3769 = ADVANCED_FACE ( 'NONE', ( #3096 ), #5380, .F. ) ;
#3770 = CARTESIAN_POINT ( 'NONE',  ( 5.703703114510181749, 45.00000000000000000, -12.78545152826159814 ) ) ;
#3771 = ORIENTED_EDGE ( 'NONE', *, *, #6533, .T. ) ;
#3772 = CARTESIAN_POINT ( 'NONE',  ( 2.954374791611404483, 20.46597847062931308, 13.10305694721424885 ) ) ;
#3773 = CARTESIAN_POINT ( 'NONE',  ( 12.93854013963864524, 21.58297800674952427, -4.061733480695258081 ) ) ;
#3774 = CARTESIAN_POINT ( 'NONE',  ( -4.392387631781073942, 12.58406662970848799, 13.29479044607364102 ) ) ;
#3775 = CARTESIAN_POINT ( 'NONE',  ( -4.966636725105701089, 35.16572656481321957, -10.48321611854492907 ) ) ;
#3776 = ORIENTED_EDGE ( 'NONE', *, *, #5771, .T. ) ;
#3777 = CARTESIAN_POINT ( 'NONE',  ( -4.422880815304768731, 36.83200285132478768, -12.59286313943417213 ) ) ;
#3778 = CARTESIAN_POINT ( 'NONE',  ( -3.810532272350986904, 21.26172592848599763, -12.83293348860770600 ) ) ;
#3779 = CARTESIAN_POINT ( 'NONE',  ( -13.56205755488551290, 38.86322109132244407, 3.477451291449627835 ) ) ;
#3780 = CARTESIAN_POINT ( 'NONE',  ( 4.934553706097503323, 35.32286738664504355, -12.36075373155404122 ) ) ;
#3781 = CARTESIAN_POINT ( 'NONE',  ( 2.993005169205806252E-08, 39.99999951798087494, -13.99999999864344424 ) ) ;
#3782 = CARTESIAN_POINT ( 'NONE',  ( 13.70932368565493320, 20.08141518389044933, -2.838285853198762698 ) ) ;
#3783 = CARTESIAN_POINT ( 'NONE',  ( 12.95238451566033255, 35.18668747602030322, 5.313764251633358526 ) ) ;
#3784 = CARTESIAN_POINT ( 'NONE',  ( 4.632945982739241408, 21.28704797816475747, -13.21164992060309729 ) ) ;
#3785 = DIRECTION ( 'NONE',  ( -0.000000000000000000, -1.000000000000000000, -0.000000000000000000 ) ) ;
#3786 = LINE ( 'NONE', #3924, #4061 ) ;
#3787 = CARTESIAN_POINT ( 'NONE',  ( -4.991809502321452818, 34.83094706413122310, 12.33285904097949803 ) ) ;
#3788 = CARTESIAN_POINT ( 'NONE',  ( 13.09358311163006761, 21.00385169487735126, -3.574499795272334524 ) ) ;
#3789 = CARTESIAN_POINT ( 'NONE',  ( -3.763014771086089283, 38.63341431954283678, -13.48484535929835992 ) ) ;
#3790 = CARTESIAN_POINT ( 'NONE',  ( -12.97592763959620932, 38.17875783750752561, -3.386422033169997015 ) ) ;
#3791 = CARTESIAN_POINT ( 'NONE',  ( 13.45929048080402879, 39.10091191266432986, -1.957551311305273822 ) ) ;
#3792 = CARTESIAN_POINT ( 'NONE',  ( 1.013816334239814543, 13.94804385871121077, -11.56621683532873490 ) ) ;
#3793 = LINE ( 'NONE', #2664, #6584 ) ;
#3794 = CARTESIAN_POINT ( 'NONE',  ( -12.82254934719201600, 21.29637042432713301, -3.838996741111845967 ) ) ;
#3795 = CARTESIAN_POINT ( 'NONE',  ( 12.62244102356982012, 35.53126644383916499, -4.892668339816880874 ) ) ;
#3796 = CARTESIAN_POINT ( 'NONE',  ( -2.848367512090183240, 38.61002071742291974, 13.13155950007029027 ) ) ;
#3797 = CARTESIAN_POINT ( 'NONE',  ( 13.55723699543408323, 19.64132868609533134, -1.185458954595325354 ) ) ;
#3798 = CARTESIAN_POINT ( 'NONE',  ( 3.457289113412169268, 20.88785966614494072, 12.95327285113000748 ) ) ;
#3799 = ORIENTED_EDGE ( 'NONE', *, *, #4817, .T. ) ;
#3800 = CARTESIAN_POINT ( 'NONE',  ( 4.999999999999999112, 34.66516375184291121, -12.32882838139999748 ) ) ;
#3801 = CARTESIAN_POINT ( 'NONE',  ( 13.18837296926700020, 37.00529758922497336, -4.697584996139756441 ) ) ;
#3802 = CARTESIAN_POINT ( 'NONE',  ( -0.4174432764730562351, 39.48322062631693541, 13.49248858780282312 ) ) ;
#3803 = CARTESIAN_POINT ( 'NONE',  ( -13.99232828075661139, 39.98181724076219723, 0.4658398471838548494 ) ) ;
#3804 = CARTESIAN_POINT ( 'NONE',  ( 0.000000000000000000, 4.999999999999984013, 0.000000000000000000 ) ) ;
#3805 = VERTEX_POINT ( 'NONE', #3621 ) ;
#3806 = CARTESIAN_POINT ( 'NONE',  ( 13.56191847840651654, 19.62929021864669110, 1.141561411907164647 ) ) ;
#3807 = LINE ( 'NONE', #5070, #1709 ) ;
#3808 = EDGE_CURVE ( 'NONE', #6941, #6494, #3853, .T. ) ;
#3809 = CARTESIAN_POINT ( 'NONE',  ( -3.717935608425694927, 37.84321439611041882, -12.86562106088581281 ) ) ;
#3810 = CARTESIAN_POINT ( 'NONE',  ( -4.242281882313531760, 21.85243103206113346, -12.66791627514799146 ) ) ;
#3811 = CARTESIAN_POINT ( 'NONE',  ( -13.25059780400305165, 37.85645236243978928, 4.519408104772026036 ) ) ;
#3812 = CARTESIAN_POINT ( 'NONE',  ( 2.510975509235493508, 38.82453680310162980, -13.21465491640602075 ) ) ;
#3813 = CARTESIAN_POINT ( 'NONE',  ( -5.571999700872511951, 35.67856150489014055, -12.84341191385819947 ) ) ;
#3814 = CARTESIAN_POINT ( 'NONE',  ( 13.85392022952066249, 19.67383379512344277, 2.017572778847537940 ) ) ;
#3815 = CARTESIAN_POINT ( 'NONE',  ( -3.970225590749244748, 21.44333974769800477, -10.90114756847775723 ) ) ;
#3816 = CARTESIAN_POINT ( 'NONE',  ( 10.46709128650362253, 24.16529694765269909, -4.999999999999999112 ) ) ;
#3817 = EDGE_CURVE ( 'NONE', #2896, #1134, #4837, .T. ) ;
#3818 = DIRECTION ( 'NONE',  ( 1.000000000000000000, -0.000000000000000000, -0.000000000000000000 ) ) ;
#3819 = CARTESIAN_POINT ( 'NONE',  ( 18.50000000000000000, 3.499999999999984901, 0.000000000000000000 ) ) ;
#3820 = CARTESIAN_POINT ( 'NONE',  ( -5.000000000000013323, 34.66516375190581556, 12.32882838140000992 ) ) ;
#3821 = CARTESIAN_POINT ( 'NONE',  ( 12.99555613897943296, 21.35863643985966576, -3.890214725245789928 ) ) ;
#3822 = CARTESIAN_POINT ( 'NONE',  ( 4.738029291366758322, 36.12982882325306377, 10.58913083692367785 ) ) ;
#3823 = CARTESIAN_POINT ( 'NONE',  ( 13.46677423458906908, 39.12103949103579481, 1.909548892911065332 ) ) ;
#3824 = AXIS2_PLACEMENT_3D ( 'NONE', #6712, #6150, #1611 ) ;
#3825 = CARTESIAN_POINT ( 'NONE',  ( -13.19245101834936484, 21.36368434447292231, 4.686389690934979591 ) ) ;
#3826 = CARTESIAN_POINT ( 'NONE',  ( -12.92497929227975639, 20.97262549991661373, -3.543694065359468404 ) ) ;
#3827 = CARTESIAN_POINT ( 'NONE',  ( 12.63377259621424287, 35.65200475507772637, -4.865653447303386336 ) ) ;
#3828 = CARTESIAN_POINT ( 'NONE',  ( 4.471098792121526166, 22.26117945118755159, -12.57228049768005285 ) ) ;
#3829 = CARTESIAN_POINT ( 'NONE',  ( 13.58654915843944977, 19.56653391894462857, 0.8171459113298127352 ) ) ;
#3830 = AXIS2_PLACEMENT_3D ( 'NONE', #6194, #6717, #4546 ) ;
#3831 = CARTESIAN_POINT ( 'NONE',  ( 11.32705839714184037, 38.83253812295273377, 2.517078906283525708 ) ) ;
#3832 = AXIS2_PLACEMENT_3D ( 'NONE', #2495, #1477, #3746 ) ;
#3833 = CARTESIAN_POINT ( 'NONE',  ( 4.395423387847648300, 22.11665281170541064, 12.60448929717942157 ) ) ;
#3834 = ORIENTED_EDGE ( 'NONE', *, *, #4128, .T. ) ;
#3835 = AXIS2_PLACEMENT_3D ( 'NONE', #5835, #791, #1317 ) ;
#3836 = CARTESIAN_POINT ( 'NONE',  ( 12.93429921334138122, 34.58693645138176720, -5.357602089830198366 ) ) ;
#3837 = CARTESIAN_POINT ( 'NONE',  ( -4.582564412539263721, 36.50169431688055965, 12.52363892634315334 ) ) ;
#3838 = CARTESIAN_POINT ( 'NONE',  ( 13.07843977356319165, 21.05646770459166817, 3.625209568240099323 ) ) ;
#3839 = CARTESIAN_POINT ( 'NONE',  ( -13.67097601622316994, 39.16829146179399856, 3.021468446641569106 ) ) ;
#3840 = DIRECTION ( 'NONE',  ( -0.000000000000000000, -0.000000000000000000, 1.000000000000000000 ) ) ;
#3841 = AXIS2_PLACEMENT_3D ( 'NONE', #3976, #5631, #6742 ) ;
#3842 = EDGE_LOOP ( 'NONE', ( #6826, #2010, #4168, #288 ) ) ;
#3843 = CARTESIAN_POINT ( 'NONE',  ( 12.97214379263769146, 21.44860847516787672, 3.961760138695822331 ) ) ;
#3844 = CARTESIAN_POINT ( 'NONE',  ( 5.000000000000005329, 34.50000000000000000, -22.79802623035600462 ) ) ;
#3845 = LINE ( 'NONE', #1575, #5278 ) ;
#3846 = CARTESIAN_POINT ( 'NONE',  ( -4.730528942897600508, 36.12133313899220610, -12.45688294740000046 ) ) ;
#3847 = CARTESIAN_POINT ( 'NONE',  ( 4.757387328505466861, 36.04081120967302354, -12.44448618836001152 ) ) ;
#3848 = ORIENTED_EDGE ( 'NONE', *, *, #6501, .F. ) ;
#3849 = EDGE_CURVE ( 'NONE', #4809, #4144, #4111, .T. ) ;
#3850 = CONICAL_SURFACE ( 'NONE', #3373, 14.99999999999998401, 0.7853981633974500554 ) ;
#3851 = LINE ( 'NONE', #2205, #3114 ) ;
#3852 = CARTESIAN_POINT ( 'NONE',  ( 13.14902958269268574, 36.82196535618880517, -4.808721478161452900 ) ) ;
#3853 = B_SPLINE_CURVE_WITH_KNOTS ( 'NONE', 3,
 ( #290, #4265, #1905, #6388, #2453, #1283, #2489, #1397, #716, #145, #2383, #4145, #4665, #3581, #2536, #5945, #4701, #5227, #5339, #4740, #2418, #4224, #3657, #831 ),
 .UNSPECIFIED., .F., .F.,
 ( 4, 2, 2, 2, 2, 2, 2, 2, 2, 2, 2, 4 ),
 ( 1.763715708375670094E-17, 0.001495056113932130689, 0.002990112227864243164, 0.004485168341796354555, 0.005232696398762409599, 0.005980224455728464644, 0.006727752512694519689, 0.007475280569660574734, 0.008970336683592681354, 0.009717864740558737266, 0.01046539279752479144, 0.01196044891145689806 ),
 .UNSPECIFIED. ) ;
#3854 = CARTESIAN_POINT ( 'NONE',  ( 10.90054098416931261, 21.44551488769173631, -3.971875971329320354 ) ) ;
#3855 = DIRECTION ( 'NONE',  ( 1.000000000000000000, 2.602085213965210149E-16, 0.000000000000000000 ) ) ;
#3856 = FACE_OUTER_BOUND ( 'NONE', #5457, .T. ) ;
#3857 = CARTESIAN_POINT ( 'NONE',  ( -7.499999999999993783, 4.669203747859699050, -12.21334375751844803 ) ) ;
#3858 = CARTESIAN_POINT ( 'NONE',  ( 12.68854169043904534, 22.88615997566864024, -4.732564133650909000 ) ) ;
#3859 = EDGE_CURVE ( 'NONE', #143, #1799, #754, .T. ) ;
#3860 = ORIENTED_EDGE ( 'NONE', *, *, #7374, .T. ) ;
#3861 = CARTESIAN_POINT ( 'NONE',  ( 1.625232347674094191, 39.23996550172769560, 11.48972263480144917 ) ) ;
#3862 = CARTESIAN_POINT ( 'NONE',  ( 13.60008458088473304, 39.46769213949122701, -0.5735390333249800188 ) ) ;
#3863 = CARTESIAN_POINT ( 'NONE',  ( 13.79654439797383780, 19.83123369905021960, -2.383212122868269223 ) ) ;
#3864 = CARTESIAN_POINT ( 'NONE',  ( -13.13425294056233916, 20.38302594491282349, -2.837454672667512501 ) ) ;
#3865 = CARTESIAN_POINT ( 'NONE',  ( 13.02158713288734759, 37.73953624205917379, -3.809450619302390262 ) ) ;
#3866 = CARTESIAN_POINT ( 'NONE',  ( 4.689068714752435696, 22.76382866769247215, -12.47580377302159604 ) ) ;
#3867 = CARTESIAN_POINT ( 'NONE',  ( -2.001732616002251497, 39.08248789613477214, 13.31946312808696398 ) ) ;
#3868 = CARTESIAN_POINT ( 'NONE',  ( 13.45929048080441781, 19.89908808733477841, 1.957551311303166397 ) ) ;
#3869 = CARTESIAN_POINT ( 'NONE',  ( 3.305828675941005379, 20.74869693310712293, 13.00104079340323793 ) ) ;
#3870 = CARTESIAN_POINT ( 'NONE',  ( 12.94165739035217655, 34.93290806195053477, -5.339812353724537886 ) ) ;
#3871 = CARTESIAN_POINT ( 'NONE',  ( -2.820922919498029202, 38.62844655221270074, 13.13859881270513164 ) ) ;
#3872 = LINE ( 'NONE', #3099, #5375 ) ;
#3873 = DIRECTION ( 'NONE',  ( -1.206107350727848108E-16, 0.000000000000000000, -1.000000000000000000 ) ) ;
#3874 = ORIENTED_EDGE ( 'NONE', *, *, #6720, .T. ) ;
#3875 = CARTESIAN_POINT ( 'NONE',  ( 12.78822841365444951, 22.27650342482346346, 4.478585484451586218 ) ) ;
#3876 = CARTESIAN_POINT ( 'NONE',  ( 5.650424506270816494, 11.45469718283884575, 10.13781583445288881 ) ) ;
#3877 = DIRECTION ( 'NONE',  ( 1.206107350727848108E-16, 0.000000000000000000, 1.000000000000000000 ) ) ;
#3878 = CARTESIAN_POINT ( 'NONE',  ( -3.180847314005010418, 38.35774922568391787, -13.03869228913645628 ) ) ;
#3879 = CARTESIAN_POINT ( 'NONE',  ( 4.827757141743347802, 35.80365497181373513, -12.41164098637412039 ) ) ;
#3880 = ORIENTED_EDGE ( 'NONE', *, *, #2713, .T. ) ;
#3881 = CARTESIAN_POINT ( 'NONE',  ( 9.499999999999994671, 4.000000000000000000, -19.84313483298443970 ) ) ;
#3882 = CARTESIAN_POINT ( 'NONE',  ( 13.99173365465415131, 19.31156213026853052, 0.4815435282903466896 ) ) ;
#3883 = CARTESIAN_POINT ( 'NONE',  ( 5.000000000000007994, 24.50000000000000000, 10.46709128650362075 ) ) ;
#3884 = CARTESIAN_POINT ( 'NONE',  ( 11.53091008863576228, 19.66209599533204866, 1.304978923944890346 ) ) ;
#3885 = CARTESIAN_POINT ( 'NONE',  ( 9.499999999999994671, 4.000000000000000000, -21.84313483298443970 ) ) ;
#3886 = CARTESIAN_POINT ( 'NONE',  ( -5.703703114510190630, 24.50000000000000711, -12.78545152826159459 ) ) ;
#3887 = EDGE_CURVE ( 'NONE', #5547, #6339, #5862, .T. ) ;
#3888 = CARTESIAN_POINT ( 'NONE',  ( 0.3312080070389950559, 39.50000000000002842, -11.60000000000001563 ) ) ;
#3889 = CARTESIAN_POINT ( 'NONE',  ( 12.62518309254212667, 23.43831047525983280, -4.886150820150512608 ) ) ;
#3890 = EDGE_LOOP ( 'NONE', ( #354, #3426, #2681, #2270 ) ) ;
#3891 = CARTESIAN_POINT ( 'NONE',  ( 12.57669679574053845, 24.33504062867851658, -5.000000000000000000 ) ) ;
#3892 = CARTESIAN_POINT ( 'NONE',  ( 13.61285521774291496, 39.49980197023023720, 0.1697604854682140396 ) ) ;
#3893 = CARTESIAN_POINT ( 'NONE',  ( -12.78545200767964296, 24.13350471010320675, -5.703702039844119831 ) ) ;
#3894 = CARTESIAN_POINT ( 'NONE',  ( -13.18372039217431713, 20.25419743704994602, -2.641920017485649641 ) ) ;
#3895 = CARTESIAN_POINT ( 'NONE',  ( -13.97990102065495854, 19.04773160272529964, 0.7556468484564500265 ) ) ;
#3896 = CARTESIAN_POINT ( 'NONE',  ( 12.80929154150280525, 36.83250550848907778, -4.422792265879504470 ) ) ;
#3897 = CARTESIAN_POINT ( 'NONE',  ( 3.585003183396139548, 21.01453524939962136, -12.91119199856637856 ) ) ;
#3898 = EDGE_CURVE ( 'NONE', #2975, #7065, #1462, .T. ) ;
#3899 = CARTESIAN_POINT ( 'NONE',  ( 11.59980909496594670, 39.49955710000588738, 0.3375094791232439717 ) ) ;
#3900 = CARTESIAN_POINT ( 'NONE',  ( 4.932836312966642822, 23.67910174627568054, 12.36153381378716354 ) ) ;
#3901 = B_SPLINE_SURFACE_WITH_KNOTS ( 'NONE', 1, 3, ( 
 ( #3886, #1062, #370, #2617, #4910, #7196, #2071, #2384, #6355, #6277, #4074, #1696, #4666, #2869, #4112, #1284, #6949, #2241, #5720, #6239, #5228, #6389, #4033, #1140, #2314, #3398, #4629, #3511, #2833, #4519, #6793, #1171, #3961, #3434, #1837, #687, #6833, #7371, #5193, #4592, #4556, #2948, #1249, #5803, #146, #6312, #611, #5686, #5653, #545, #5156, #1207, #74, #2801, #577, #6868, #1765, #5117, #5082, #33, #3472, #2277, #1730, #3997, #5765, #653, #2912, #110, #2350, #6909, #1801, #5983, #5873, #4741, #1946, #2490, #216, #5906, #6459, #182, #2419, #6496, #4784, #253, #6422, #4702, #7026, #6573, #1361, #5946, #7068, #3097, #2984, #1398, #878, #717, #3622, #3549, #792, #3055, #5268, #5381, #6985, #4225, #3143, #5836, #1869, #5340, #4146, #291, #3658, #5424, #832, #1318, #328, #2537, #4827, #1906, #5305, #7113, #1985, #2577, #4266, #4866, #7152, #2454 ),
 ( #6532, #4185, #1436, #3582, #2022, #3697, #4303, #755, #3016, #6026, #1512, #5465, #976, #431, #5500, #362, #947, #2611, #2101, #3810, #4901, #915, #3181, #6616, #7188, #3778, #5540, #6089, #2065, #4346, #7225, #3214, #6058, #3246, #1542, #2685, #1475, #2649, #396, #4940, #3744, #4379, #6649, #2005, #3676, #5888, #4761, #2558, #3121, #1378, #7209, #6478, #6513, #930, #814, #3196, #3078, #5360, #268, #2515, #4365, #6595, #5321, #3759, #3639, #4805, #7132, #309, #7088, #5963, #4242, #234, #2470, #4283, #4847, #5403, #4203, #7044, #1966, #1337, #1415, #3722, #6550, #896, #773, #1454, #6042, #3036, #853, #3600, #6006, #3161, #1923, #5442, #5928, #344, #5483, #2594, #4884, #7170, #2041, #4327, #1492, #378, #2627, #4923, #2083, #6276, #1139, #6792, #7370, #2868, #1764, #109, #3397, #2349, #2911, #5616, #1694, #507, #5719, #544, #5685, #1106, #1170, #652 ) ),
 .UNSPECIFIED., .F., .F., .F.,
 ( 2, 2 ),
 ( 4, 2, 2, 2, 2, 2, 2, 2, 2, 2, 2, 2, 2, 2, 2, 2, 2, 2, 2, 2, 2, 2, 2, 2, 2, 2, 2, 2, 2, 2, 2, 2, 2, 2, 2, 2, 2, 2, 2, 2, 2, 2, 2, 2, 2, 2, 2, 2, 2, 2, 2, 2, 2, 2, 2, 2, 2, 2, 2, 2, 2, 2, 4 ),
 ( 0.000000000000000000, 1.000000000000000000 ),
 ( 0.000000000000000000, 0.0005430559330015056682, 0.001086111866003011336, 0.001357639832503764171, 0.001629167799004517005, 0.001900695765505269839, 0.002172223732006022673, 0.002443751698506775507, 0.002715279665007528341, 0.002986807631508281175, 0.003258335598009034009, 0.003529863564509786843, 0.003801391531010539677, 0.004072919497511292078, 0.004344447464012045346, 0.004887503397013551014, 0.005159031363514303414, 0.005294795346764680048, 0.005430559330015056682, 0.005702087296515809950, 0.005973615263016562350, 0.006516671196018068019, 0.007059727129019573687, 0.007195491112269950321, 0.007331255095520326087, 0.007467019078770702721, 0.007602783062021079355, 0.007874311028521832623, 0.008145838995022584156, 0.008417366961523337424, 0.008688894928024090691, 0.008960422894524843959, 0.009096186877775219726, 0.009231950861025597227, 0.009503478827526348760, 0.009775006794027102028, 0.01031806272702860683, 0.01058959069352936010, 0.01086111866003011336, 0.01113264662653086663, 0.01140417459303161990, 0.01194723052603312470, 0.01221875849253387797, 0.01249028645903462950, 0.01262605044228500700, 0.01276181442553538277, 0.01303334239203613604, 0.01330487035853688930, 0.01357639832503764257, 0.01384792629153839411, 0.01411945425803914737, 0.01439098222453990064, 0.01452674620779027641, 0.01466251019104065217, 0.01520556612404215871, 0.01574862205704366525, 0.01602015002354441678, 0.01629167799004516831, 0.01642744197329554581, 0.01656320595654592331, 0.01683473392304667485, 0.01710626188954742638, 0.01737778985604818138 ),
 .UNSPECIFIED. ) ;
#3902 = CARTESIAN_POINT ( 'NONE',  ( -5.504343272044748936, 23.05574755399269904, 12.87256149494084490 ) ) ;
#3903 = DIRECTION ( 'NONE',  ( 0.000000000000000000, -1.000000000000000000, 0.000000000000000000 ) ) ;
#3904 = CARTESIAN_POINT ( 'NONE',  ( 4.757645877660729106, 36.03832604908179604, -12.44434331413451389 ) ) ;
#3905 = CARTESIAN_POINT ( 'NONE',  ( 13.49506592685515827, 38.24376846074310521, -3.726561595786039405 ) ) ;
#3906 = CARTESIAN_POINT ( 'NONE',  ( -2.921370146246568211, 38.55798749863670594, 13.11200982208078258 ) ) ;
#3907 = CARTESIAN_POINT ( 'NONE',  ( 13.00063063525277407, 21.33952220370707309, 3.874455994389510938 ) ) ;
#3908 = DIRECTION ( 'NONE',  ( 0.000000000000000000, 0.000000000000000000, -1.000000000000000000 ) ) ;
#3909 = EDGE_LOOP ( 'NONE', ( #1351, #7180, #1854, #1595 ) ) ;
#3910 = CARTESIAN_POINT ( 'NONE',  ( 13.41513720698077883, 20.01933861026708072, 2.220446824387617646 ) ) ;
#3911 = CARTESIAN_POINT ( 'NONE',  ( 4.979094147446625485, 12.12893797670215790, 10.48385561066215388 ) ) ;
#3912 = CARTESIAN_POINT ( 'NONE',  ( -0.09530149508460683538, 19.00000100076030662, -13.99999999979625720 ) ) ;
#3913 = CARTESIAN_POINT ( 'NONE',  ( 3.904491433386110710, 38.51320875408566735, -13.44519813101696215 ) ) ;
#3914 = CARTESIAN_POINT ( 'NONE',  ( -2.217311639004518220, 38.98221318510687894, -13.27809444955538787 ) ) ;
#3915 = CARTESIAN_POINT ( 'NONE',  ( -12.32882844306662129, 34.58356962949729052, 4.999999708619927041 ) ) ;
#3916 = CARTESIAN_POINT ( 'NONE',  ( 1.148536051283301829, 39.36647471741392224, -13.44082727888745588 ) ) ;
#3917 = CARTESIAN_POINT ( 'NONE',  ( 12.68916598873841650, 22.88032010319702891, 4.731095318481678191 ) ) ;
#3918 = CARTESIAN_POINT ( 'NONE',  ( 3.370175340068926939, 20.06257670282171901, 13.58835512833718084 ) ) ;
#3919 = CARTESIAN_POINT ( 'NONE',  ( 13.99677739986341507, 19.29871580574706158, 0.3036320384775187953 ) ) ;
#3920 = CARTESIAN_POINT ( 'NONE',  ( -0.6587888832250272664, 19.53258665332669253, -11.58584202577907618 ) ) ;
#3921 = CARTESIAN_POINT ( 'NONE',  ( 13.08582548642292842, 37.96928389418152960, 3.600572118050348269 ) ) ;
#3922 = CARTESIAN_POINT ( 'NONE',  ( 10.76381254596937431, 21.98619334919462531, 4.325194241191675282 ) ) ;
#3923 = FACE_OUTER_BOUND ( 'NONE', #2046, .T. ) ;
#3924 = CARTESIAN_POINT ( 'NONE',  ( 7.500000000000000000, 6.500000000000000888, -59.57475013247809414 ) ) ;
#3925 = CARTESIAN_POINT ( 'NONE',  ( 13.10505451328915250, 20.96448911392706549, -3.535557114456502781 ) ) ;
#3926 = CARTESIAN_POINT ( 'NONE',  ( 13.36077529909678319, 38.82851641660440123, 2.504113731704283641 ) ) ;
#3927 = CARTESIAN_POINT ( 'NONE',  ( 5.068055422443471514, 37.02480868482120968, -13.05055611474003818 ) ) ;
#3928 = CARTESIAN_POINT ( 'NONE',  ( 13.04957604498248713, 22.81523811576238359, -5.070462571057504420 ) ) ;
#3929 = CARTESIAN_POINT ( 'NONE',  ( -13.04440936237214288, 20.62630557405307741, 3.161425675320015838 ) ) ;
#3930 = CARTESIAN_POINT ( 'NONE',  ( -12.61693223441083589, 22.06185965880623456, 4.366010438661030335 ) ) ;
#3931 = CARTESIAN_POINT ( 'NONE',  ( 4.265120868647767516, 21.89032354819961057, -12.65857047865821627 ) ) ;
#3932 = CARTESIAN_POINT ( 'NONE',  ( 13.59981493715116940, 19.53299001034335092, -0.5791750878162124083 ) ) ;
#3933 = CARTESIAN_POINT ( 'NONE',  ( -5.000000000000007105, 34.49999999999998579, -12.32882846293106915 ) ) ;
#3934 = CARTESIAN_POINT ( 'NONE',  ( 7.499999999999994671, 3.667153101122013759, -13.37365826964792781 ) ) ;
#3935 = CARTESIAN_POINT ( 'NONE',  ( -11.38795889675433060, 20.01233729954618568, -2.229296179027448144 ) ) ;
#3936 = VECTOR ( 'NONE', #7373, 1000.000000000000114 ) ;
#3937 = EDGE_CURVE ( 'NONE', #2376, #4375, #5244, .T. ) ;
#3938 = CARTESIAN_POINT ( 'NONE',  ( 1.779421692120392695, 19.82451876022776105, 13.35839345172299453 ) ) ;
#3939 = LINE ( 'NONE', #2888, #5752 ) ;
#3940 = ORIENTED_EDGE ( 'NONE', *, *, #2970, .F. ) ;
#3941 = CARTESIAN_POINT ( 'NONE',  ( 4.675612838091377732, 36.27905720739332907, 12.48211962124503671 ) ) ;
#3942 = CARTESIAN_POINT ( 'NONE',  ( 13.03217821615300842, 21.22199301309574793, 3.775589640321254326 ) ) ;
#3943 = CARTESIAN_POINT ( 'NONE',  ( -4.191937188925591862, 21.77447711830661348, 12.68809945274970730 ) ) ;
#3944 = VERTEX_POINT ( 'NONE', #7067 ) ;
#3945 = EDGE_CURVE ( 'NONE', #6668, #4700, #1082, .T. ) ;
#3946 = VECTOR ( 'NONE', #297, 1000.000000000000000 ) ;
#3947 = CARTESIAN_POINT ( 'NONE',  ( 12.59558107738996036, 23.83698330325914228, 4.956019798426456902 ) ) ;
#3948 = CARTESIAN_POINT ( 'NONE',  ( 5.703703114510171979, 24.50000000000001421, 12.78545152826160347 ) ) ;
#3949 = CARTESIAN_POINT ( 'NONE',  ( -5.481982651196925183, 36.02128836776784482, 12.88210987413217268 ) ) ;
#3950 = CARTESIAN_POINT ( 'NONE',  ( -3.038730736924730280, 38.47148708902575009, -13.07983998616155752 ) ) ;
#3951 = CARTESIAN_POINT ( 'NONE',  ( -12.85253604507957803, 35.76762361744410157, 5.550941387605328181 ) ) ;
#3952 = CARTESIAN_POINT ( 'NONE',  ( 4.328197484462095623, 37.00467070979810558, 12.63270960128315323 ) ) ;
#3953 = CARTESIAN_POINT ( 'NONE',  ( -3.111229949161857800, 38.41495623610929044, -13.05919771033386922 ) ) ;
#3954 = VERTEX_POINT ( 'NONE', #3015 ) ;
#3955 = CARTESIAN_POINT ( 'NONE',  ( 5.656846734249210584, 23.77348849576137013, 12.80626813905143280 ) ) ;
#3956 = CARTESIAN_POINT ( 'NONE',  ( 13.98845290418556608, 19.31993149556885569, 0.5702189998647148039 ) ) ;
#3957 = CARTESIAN_POINT ( 'NONE',  ( 1.144796383982136900, 19.63001634740282597, 11.54451713147690839 ) ) ;
#3958 = AXIS2_PLACEMENT_3D ( 'NONE', #6424, #4708, #761 ) ;
#3959 = CARTESIAN_POINT ( 'NONE',  ( 11.54396671325605084, 19.63132037801277008, -1.150312294984984218 ) ) ;
#3960 = FACE_OUTER_BOUND ( 'NONE', #889, .T. ) ;
#3961 = CARTESIAN_POINT ( 'NONE',  ( -3.481827840604007740, 20.14278269637578944, -13.56033757806794959 ) ) ;
#3962 = CARTESIAN_POINT ( 'NONE',  ( 2.370679684033812684, 39.50565435681925663, 13.79892430899165134 ) ) ;
#3963 = AXIS2_PLACEMENT_3D ( 'NONE', #3278, #462, #1049 ) ;
#3964 = CARTESIAN_POINT ( 'NONE',  ( 1.625232347674091082, 19.76003449827230440, -11.48972263480145095 ) ) ;
#3965 = CARTESIAN_POINT ( 'NONE',  ( -5.000540191323278982, 37.14591006642934445, -13.07651200955241677 ) ) ;
#3966 = CARTESIAN_POINT ( 'NONE',  ( 13.46992589580039557, 39.12949475334366412, 1.888971029145767311 ) ) ;
#3967 = CARTESIAN_POINT ( 'NONE',  ( 9.499999999999991118, 0.000000000000000000, 19.84313483298443970 ) ) ;
#3968 = CARTESIAN_POINT ( 'NONE',  ( -13.21587577326596197, 20.17236649577061058, 2.505635748170391253 ) ) ;
#3969 = CARTESIAN_POINT ( 'NONE',  ( -13.46975899026665324, 19.56785275347017006, 0.8250359052272990823 ) ) ;
#3970 = CARTESIAN_POINT ( 'NONE',  ( 1.498366509570640659, 19.72960876499632121, -13.39908123066090084 ) ) ;
#3971 = CARTESIAN_POINT ( 'NONE',  ( -12.80229064392443838, 35.13945131675996691, 5.665815134425024269 ) ) ;
#3972 = CARTESIAN_POINT ( 'NONE',  ( 11.49044202593873365, 39.24170503409240496, -1.620219533437836423 ) ) ;
#3973 = CARTESIAN_POINT ( 'NONE',  ( -11.54396671325605261, 19.63132037801276653, 1.150312294984985773 ) ) ;
#3974 = UNCERTAINTY_MEASURE_WITH_UNIT (LENGTH_MEASURE( 1.000000000000000082E-05 ), #705, 'distance_accuracy_value', 'NONE');
#3975 = CARTESIAN_POINT ( 'NONE',  ( -5.625134224076544953, 23.58909659572817574, 12.82021630050981997 ) ) ;
#3976 = CARTESIAN_POINT ( 'NONE',  ( 0.000000000000000000, 45.00000000000000000, 0.000000000000000000 ) ) ;
#3977 = CARTESIAN_POINT ( 'NONE',  ( 12.78770851525840513, 36.72162920788685625, 4.480064564100957547 ) ) ;
#3978 = CARTESIAN_POINT ( 'NONE',  ( 3.047153119152824274, 38.46502789234887132, 13.07747853385274617 ) ) ;
#3979 = EDGE_CURVE ( 'NONE', #2054, #6941, #4409, .T. ) ;
#3980 = CARTESIAN_POINT ( 'NONE',  ( -3.634023472299189539, 21.06536421908402801, 12.89465438079281334 ) ) ;
#3981 = ORIENTED_EDGE ( 'NONE', *, *, #952, .T. ) ;
#3982 = CARTESIAN_POINT ( 'NONE',  ( 13.03369380383293930, 36.06268800497849725, 5.111068204352847033 ) ) ;
#3983 = DIRECTION ( 'NONE',  ( 0.000000000000000000, -1.000000000000000000, 0.000000000000000000 ) ) ;
#3984 = CARTESIAN_POINT ( 'NONE',  ( -4.162794158421015744, 38.26094332199298975, 13.36695009634697406 ) ) ;
#3985 = CARTESIAN_POINT ( 'NONE',  ( -13.15530250175443250, 21.51230025290873371, 4.789679312829595581 ) ) ;
#3986 = CARTESIAN_POINT ( 'NONE',  ( -1.612621738438162922, 39.23298042330370095, -13.38301547418431170 ) ) ;
#3987 = EDGE_CURVE ( 'NONE', #2529, #4857, #4716, .T. ) ;
#3988 = CARTESIAN_POINT ( 'NONE',  ( 4.471098792125841825, 36.73882054880390058, 12.57228049767865841 ) ) ;
#3989 = CARTESIAN_POINT ( 'NONE',  ( -3.329240443822311768, 38.23065884761367528, -12.99383504092416075 ) ) ;
#3990 = ORIENTED_EDGE ( 'NONE', *, *, #2836, .F. ) ;
#3991 = CARTESIAN_POINT ( 'NONE',  ( 5.553121606394149978, 23.24129851289153592, 12.85159385794371367 ) ) ;
#3992 = CARTESIAN_POINT ( 'NONE',  ( 12.94713050033370827, 23.93801193884745970, 5.326521818281343634 ) ) ;
#3993 = CARTESIAN_POINT ( 'NONE',  ( 2.227540700111003691, 20.01177615316492364, 11.38819384543075053 ) ) ;
#3994 = CARTESIAN_POINT ( 'NONE',  ( 12.95874204419908438, 37.49782415876886432, 4.001642435494630945 ) ) ;
#3995 = CARTESIAN_POINT ( 'NONE',  ( 10.54485745383204787, 23.18108017166450452, 4.834387131427744677 ) ) ;
#3996 = CARTESIAN_POINT ( 'NONE',  ( -5.298476366091724898, 36.53803416667172144, 12.95868952991902923 ) ) ;
#3997 = CARTESIAN_POINT ( 'NONE',  ( 0.3234708200034816516, 19.00866133487262744, -13.99634306545852880 ) ) ;
#3998 = CARTESIAN_POINT ( 'NONE',  ( -13.70459566329327217, 39.25880948138748039, -2.865612804331990393 ) ) ;
#3999 = CARTESIAN_POINT ( 'NONE',  ( 5.703703114510170202, 34.50000000000000000, 12.78545152826160347 ) ) ;
#4000 = DIRECTION ( 'NONE',  ( 1.000000000000000000, -0.000000000000000000, -0.000000000000000000 ) ) ;
#4001 = CYLINDRICAL_SURFACE ( 'NONE', #6207, 1.999999999999998224 ) ;
#4002 = CARTESIAN_POINT ( 'NONE',  ( -13.25059780402321685, 21.14354763747588706, -4.519408104712919538 ) ) ;
#4003 = CARTESIAN_POINT ( 'NONE',  ( -13.03422064877896780, 22.05483704602120554, 5.109885510233871386 ) ) ;
#4004 = B_SPLINE_CURVE_WITH_KNOTS ( 'NONE', 3,
 ( #6569, #3139, #2449, #4299, #6528, #5420, #324, #3177, #5459, #5942, #1313, #3011, #4860, #1470, #6452, #1432, #7063, #1942, #4142, #3578, #2572, #6491, #211, #5979, #1392, #3739, #286, #1864, #6022, #2531, #4823, #5336, #3616, #3692 ),
 .UNSPECIFIED., .F., .F.,
 ( 4, 2, 2, 2, 2, 2, 2, 2, 2, 2, 2, 2, 2, 2, 2, 2, 4 ),
 ( 0.5003935988724629302, 0.5628443990134054387, 0.5940697990838765818, 0.6252951991543478361, 0.6565205992248189792, 0.6877459992952901224, 0.7189713993657613766, 0.7501967994362325198, 0.7814221995067036630, 0.7970348995419392901, 0.8126475995771749172, 0.8750983997181159824, 0.8907110997533513874, 0.9063237997885866815, 0.9219364998238218645, 0.9375491998590572695, 1.000000000000000000 ),
 .UNSPECIFIED. ) ;
#4005 = CARTESIAN_POINT ( 'NONE',  ( -12.97592763949369754, 20.82124216278812057, 3.386422033495492201 ) ) ;
#4006 = CARTESIAN_POINT ( 'NONE',  ( -12.53829996367963062, 22.42391767314235551, 4.549339564448402484 ) ) ;
#4007 = CARTESIAN_POINT ( 'NONE',  ( -12.50674842157371458, 36.41106392060905961, 4.620412418612924732 ) ) ;
#4008 = CARTESIAN_POINT ( 'NONE',  ( -1.307538022259838062, 19.67381277448717825, -13.42323708762810419 ) ) ;
#4009 = CARTESIAN_POINT ( 'NONE',  ( -13.54287147602696884, 38.80645148595796456, 3.549106390198328409 ) ) ;
#4010 = CARTESIAN_POINT ( 'NONE',  ( -10.46709128650361365, 24.16529694765269198, 5.000000000000000000 ) ) ;
#4011 = CARTESIAN_POINT ( 'NONE',  ( 12.90598709213515782, 37.28028642901033862, -4.155730879732076666 ) ) ;
#4012 = CARTESIAN_POINT ( 'NONE',  ( 1.067859494714892943, 19.61518809545065878, 13.44887353666780250 ) ) ;
#4013 = DIRECTION ( 'NONE',  ( 0.000000000000000000, -1.000000000000000000, 0.000000000000000000 ) ) ;
#4014 = CARTESIAN_POINT ( 'NONE',  ( 13.07136295648709812, 37.91917250470456935, 3.649081530179715926 ) ) ;
#4015 = CARTESIAN_POINT ( 'NONE',  ( 4.999999999999999112, 34.49999999999999289, 12.32882846293108869 ) ) ;
#4016 = CARTESIAN_POINT ( 'NONE',  ( -3.885576650966529488, 21.35317356189210969, 12.80554299142557895 ) ) ;
#4017 = ORIENTED_EDGE ( 'NONE', *, *, #1503, .F. ) ;
#4018 = CARTESIAN_POINT ( 'NONE',  ( 13.05549118195976455, 36.22615192156723651, 5.055136805291756019 ) ) ;
#4019 = CARTESIAN_POINT ( 'NONE',  ( -4.980485467394964338, 37.18195414254307707, 13.08422580486367259 ) ) ;
#4020 = CARTESIAN_POINT ( 'NONE',  ( -13.19245092321894930, 21.36368608662191093, 4.686389991307186698 ) ) ;
#4021 = DIRECTION ( 'NONE',  ( 0.000000000000000000, 1.000000000000000000, 0.000000000000000000 ) ) ;
#4022 = CARTESIAN_POINT ( 'NONE',  ( 4.162132685214012362, 37.27069833682501354, 12.69995325006983578 ) ) ;
#4023 = CARTESIAN_POINT ( 'NONE',  ( 0.1712105040747488593, 39.49774474607265518, -13.49898907600386622 ) ) ;
#4024 = VERTEX_POINT ( 'NONE', #5528 ) ;
#4025 = CARTESIAN_POINT ( 'NONE',  ( 4.099381769780390705, 20.67484212788996700, 13.38654822533801969 ) ) ;
#4026 = CARTESIAN_POINT ( 'NONE',  ( 13.14479926712476576, 22.22146569284223361, 4.818158573966036862 ) ) ;
#4027 = LINE ( 'NONE', #5681, #2641 ) ;
#4028 = ADVANCED_FACE ( 'NONE', ( #5632 ), #5460, .T. ) ;
#4029 = CARTESIAN_POINT ( 'NONE',  ( 13.06358444905249705, 37.89119210045122799, 3.674223471218068138 ) ) ;
#4030 = CARTESIAN_POINT ( 'NONE',  ( -9.499999999999991118, 4.000000000000000000, 19.84313483298443970 ) ) ;
#4031 = ORIENTED_EDGE ( 'NONE', *, *, #2745, .T. ) ;
#4032 = CARTESIAN_POINT ( 'NONE',  ( -4.520284558394707553, 37.85537396788296149, 13.25030091626877216 ) ) ;
#4033 = CARTESIAN_POINT ( 'NONE',  ( -4.632729916779070756, 21.29040094083599755, -13.21140705271404059 ) ) ;
#4034 = CARTESIAN_POINT ( 'NONE',  ( -13.92227557335971966, 39.81359979172431451, 1.484233663508862877 ) ) ;
#4035 = LINE ( 'NONE', #2243, #725 ) ;
#4036 = CARTESIAN_POINT ( 'NONE',  ( -4.528403227616835965E-13, 39.99999955379117722, 13.99999999864343359 ) ) ;
#4037 = CARTESIAN_POINT ( 'NONE',  ( 12.93429922887929528, 45.00000000000000000, 5.357602398257307996 ) ) ;
#4038 = CARTESIAN_POINT ( 'NONE',  ( 13.98313122421387966, 19.33351294849585855, -0.7091033244946992609 ) ) ;
#4039 = CARTESIAN_POINT ( 'NONE',  ( -13.40811255768041121, 19.70868625507326755, 1.430002684447224892 ) ) ;
#4040 = CARTESIAN_POINT ( 'NONE',  ( -12.78545152826162123, 24.50000000000000711, -5.703703114510129346 ) ) ;
#4041 = CARTESIAN_POINT ( 'NONE',  ( -12.76462762114506155, 37.50640044061005796, 3.995396005398542005 ) ) ;
#4042 = CARTESIAN_POINT ( 'NONE',  ( 0.5741885885581499149, 19.53238074689418724, -13.48552442851636535 ) ) ;
#4043 = CARTESIAN_POINT ( 'NONE',  ( 13.47574128482372302, 19.85493919015038244, -1.850363016542332373 ) ) ;
#4044 = CARTESIAN_POINT ( 'NONE',  ( -13.51401187672898274, 38.72105309195001155, 3.656893671946408464 ) ) ;
#4045 = CARTESIAN_POINT ( 'NONE',  ( 10.76381254596937076, 37.01380665080537824, -4.325194241191673505 ) ) ;
#4046 = CARTESIAN_POINT ( 'NONE',  ( -10.46709128650361897, 24.50000000000000000, -4.999999999999996447 ) ) ;
#4047 = CARTESIAN_POINT ( 'NONE',  ( -13.44169410525196717, 39.36845766116526590, 1.140077555555777167 ) ) ;
#4048 = CARTESIAN_POINT ( 'NONE',  ( 13.01205890513897501, 37.70360886911883824, -3.839017634493894437 ) ) ;
#4049 = CARTESIAN_POINT ( 'NONE',  ( -0.07629025158930805017, 19.49990022742926499, 13.50004493787831983 ) ) ;
#4050 = DIRECTION ( 'NONE',  ( 0.000000000000000000, 0.000000000000000000, -1.000000000000000000 ) ) ;
#4051 = CARTESIAN_POINT ( 'NONE',  ( 12.80160113952101320, 36.79408273524322937, 4.443395902166748179 ) ) ;
#4052 = CARTESIAN_POINT ( 'NONE',  ( 4.989584202000875379, 34.83312777447439146, 12.33393433899861158 ) ) ;
#4053 = CARTESIAN_POINT ( 'NONE',  ( 13.23846942880868127, 20.53293179689989145, 3.043478447673993781 ) ) ;
#4054 = VECTOR ( 'NONE', #2776, 1000.000000000000000 ) ;
#4055 = B_SPLINE_CURVE_WITH_KNOTS ( 'NONE', 3,
 ( #3781, #3251, #2067, #6756, #401, #2653, #1020, #7228, #2136, #6721, #5579, #3321, #6127, #5611, #6028, #467, #2689, #6061, #1546, #5044, #917, #2721, #4414, #4976, #4944, #982, #3813, #2613, #1513, #1582, #949, #6093, #2104, #435 ),
 .UNSPECIFIED., .F., .F.,
 ( 4, 2, 2, 2, 2, 2, 2, 2, 2, 2, 2, 2, 2, 2, 2, 2, 4 ),
 ( 0.5003967268786159162, 0.5628471360187883299, 0.5940723405888744812, 0.6252975451589606326, 0.6877479542991334904, 0.7501983634393063483, 0.7814235680093922776, 0.8126487725794783179, 0.8282613748645217822, 0.8438739771495651354, 0.8750991817196520639, 0.9063243862897391034, 0.9219369885747825677, 0.9375495908598260320, 0.9531621931448694962, 0.9687747954299130715, 1.000000000000000000 ),
 .UNSPECIFIED. ) ;
#4056 = CARTESIAN_POINT ( 'NONE',  ( -4.755869138118795192, 22.95470779687661178, 12.44518525709192147 ) ) ;
#4057 = ORIENTED_EDGE ( 'NONE', *, *, #7197, .T. ) ;
#4058 = VERTEX_POINT ( 'NONE', #5014 ) ;
#4059 = CARTESIAN_POINT ( 'NONE',  ( 12.57669681551365670, 24.41655933727845351, 4.999999712159389986 ) ) ;
#4060 = CARTESIAN_POINT ( 'NONE',  ( 4.520284558392843266, 21.14462603211963909, 13.25030091626942053 ) ) ;
#4061 = VECTOR ( 'NONE', #5583, 1000.000000000000000 ) ;
#4062 = CARTESIAN_POINT ( 'NONE',  ( -0.1953067770656639890, 39.99751874354350889, 13.99895140326644061 ) ) ;
#4063 =( NAMED_UNIT ( * ) SI_UNIT ( $, .STERADIAN. ) SOLID_ANGLE_UNIT ( ) );
#4064 = CARTESIAN_POINT ( 'NONE',  ( -13.15530250175445026, 37.48769974709127695, -4.789679312829565383 ) ) ;
#4065 = CARTESIAN_POINT ( 'NONE',  ( -4.803068752773862471, 35.89183404452901982, -12.42323527582722598 ) ) ;
#4066 = VECTOR ( 'NONE', #5877, 1000.000000000000000 ) ;
#4067 = VERTEX_POINT ( 'NONE', #2030 ) ;
#4068 = CARTESIAN_POINT ( 'NONE',  ( 5.109885510233895367, 22.05483704602119843, 13.03422064877895714 ) ) ;
#4069 = CARTESIAN_POINT ( 'NONE',  ( 13.34099022292542713, 21.32076888781934443, 4.245107124079379624 ) ) ;
#4070 = CARTESIAN_POINT ( 'NONE',  ( -5.140411484274483911, 11.96659613477033801, -13.02342774582080942 ) ) ;
#4071 = DIRECTION ( 'NONE',  ( 0.000000000000000000, 0.000000000000000000, -1.000000000000000000 ) ) ;
#4072 = ORIENTED_EDGE ( 'NONE', *, *, #3427, .T. ) ;
#4073 = CARTESIAN_POINT ( 'NONE',  ( -2.861566942772445721, 39.26107748403822484, 13.70544332299060031 ) ) ;
#4074 = CARTESIAN_POINT ( 'NONE',  ( -5.397017375377577864, 22.71847466976533170, -12.91794866760372429 ) ) ;
#4075 = CARTESIAN_POINT ( 'NONE',  ( 4.631100991407733680, 37.71176023292377266, 13.21197508685905220 ) ) ;
#4076 = EDGE_CURVE ( 'NONE', #208, #4401, #1577, .T. ) ;
#4077 = CIRCLE ( 'NONE', #2063, 1.999999999999998224 ) ;
#4078 = CARTESIAN_POINT ( 'NONE',  ( 13.35722611389089742, 21.25700116950499208, -4.193788211823488155 ) ) ;
#4079 = CARTESIAN_POINT ( 'NONE',  ( 13.94703104100220870, 19.42653788469580789, -1.228970394904907559 ) ) ;
#4080 = CARTESIAN_POINT ( 'NONE',  ( -13.49990682353133842, 19.50021003659006524, 0.1703400657395018336 ) ) ;
#4081 = CARTESIAN_POINT ( 'NONE',  ( -12.90845743039531435, 21.02258345081795454, 3.593614260314081932 ) ) ;
#4082 = CARTESIAN_POINT ( 'NONE',  ( -12.37316557603983647, 35.45220075739334220, 4.908659418206366531 ) ) ;
#4083 = CARTESIAN_POINT ( 'NONE',  ( 1.535452211095214681, 19.74142468105184633, -13.39399478054640191 ) ) ;
#4084 = AXIS2_PLACEMENT_3D ( 'NONE', #5574, #6123, #4377 ) ;
#4085 = EDGE_CURVE ( 'NONE', #825, #6599, #4313, .T. ) ;
#4086 = CARTESIAN_POINT ( 'NONE',  ( -12.41164098637416835, 35.80365497181372092, -4.827757141743350466 ) ) ;
#4087 = CARTESIAN_POINT ( 'NONE',  ( -13.27809444952739071, 38.98221318502967847, 2.217311639160519654 ) ) ;
#4088 = CARTESIAN_POINT ( 'NONE',  ( 0.08885227179066421122, 19.50010766279138608, 13.49995197187729623 ) ) ;
#4089 = CARTESIAN_POINT ( 'NONE',  ( 5.119854430745381713, 36.95025942330428848, -13.03114996202557485 ) ) ;
#4090 = CARTESIAN_POINT ( 'NONE',  ( 13.23665479672808054, 38.46173672672915700, 3.051436655008769705 ) ) ;
#4091 = DIRECTION ( 'NONE',  ( 0.000000000000000000, 1.000000000000000000, 0.000000000000000000 ) ) ;
#4092 = CARTESIAN_POINT ( 'NONE',  ( 0.3369661026798132508, 39.49129534462969815, -13.49609145640030228 ) ) ;
#4093 = CARTESIAN_POINT ( 'NONE',  ( 13.20318575009451045, 20.64278704591825786, 3.181512712222803518 ) ) ;
#4094 = DIRECTION ( 'NONE',  ( -0.000000000000000000, 1.000000000000000000, -0.000000000000000000 ) ) ;
#4095 = CARTESIAN_POINT ( 'NONE',  ( -4.498273743619916942, 22.31661082844124522, 12.56052950981440830 ) ) ;
#4096 = ORIENTED_EDGE ( 'NONE', *, *, #3030, .T. ) ;
#4097 = VERTEX_POINT ( 'NONE', #1481 ) ;
#4098 = CARTESIAN_POINT ( 'NONE',  ( 12.57759832473869466, 24.33333279983137132, 4.997912635497144151 ) ) ;
#4099 = CARTESIAN_POINT ( 'NONE',  ( -12.48560775838905812, 22.70621577248364531, -4.667476213590359357 ) ) ;
#4100 = CARTESIAN_POINT ( 'NONE',  ( -1.310181730566380098, 39.85312172455130053, 13.93863546651184393 ) ) ;
#4101 = CYLINDRICAL_SURFACE ( 'NONE', #2404, 7.500000000000000000 ) ;
#4102 = CARTESIAN_POINT ( 'NONE',  ( -12.80256718117561299, 35.23167136741434291, 5.665777514240461166 ) ) ;
#4103 = CARTESIAN_POINT ( 'NONE',  ( -4.104692339770063647, 37.35623762708807050, -12.72266196392032001 ) ) ;
#4104 = VERTEX_POINT ( 'NONE', #3749 ) ;
#4105 = CARTESIAN_POINT ( 'NONE',  ( -0.7487021014490801152, 19.04683431506588320, 13.98027744105184134 ) ) ;
#4106 = CARTESIAN_POINT ( 'NONE',  ( 12.68907171049694504, 22.88228316041543309, -4.731247661824506956 ) ) ;
#4107 = CARTESIAN_POINT ( 'NONE',  ( 7.499999999999994671, 45.00000000000000000, -11.82159041753689088 ) ) ;
#4108 = CARTESIAN_POINT ( 'NONE',  ( 12.82779047451013632, 36.92418098145912353, 4.373098782746730251 ) ) ;
#4109 = CARTESIAN_POINT ( 'NONE',  ( -5.961446130317716197, 11.07587427620595122, 9.955923640727307955 ) ) ;
#4110 = ORIENTED_EDGE ( 'NONE', *, *, #2428, .T. ) ;
#4111 = LINE ( 'NONE', #5872, #6696 ) ;
#4112 = CARTESIAN_POINT ( 'NONE',  ( -5.189616448541783278, 22.21630963866089203, -13.00268122915529112 ) ) ;
#4113 = DIRECTION ( 'NONE',  ( 0.000000000000000000, -8.673617379884041635E-17, 1.000000000000000000 ) ) ;
#4114 = CARTESIAN_POINT ( 'NONE',  ( -12.99383504092420161, 38.23065884761366817, 3.329240443822297557 ) ) ;
#4115 = CARTESIAN_POINT ( 'NONE',  ( -5.190650374805636957, 36.78674649157933629, -13.00242667865681057 ) ) ;
#4116 = CARTESIAN_POINT ( 'NONE',  ( 13.16559840610694287, 22.10980551120755777, -4.761189708371058593 ) ) ;
#4117 = CARTESIAN_POINT ( 'NONE',  ( 1.387849626157250604, 39.30370817499704117, -13.41347779377587557 ) ) ;
#4118 = CARTESIAN_POINT ( 'NONE',  ( 0.000000000000000000, 44.74999999999997868, 0.000000000000000000 ) ) ;
#4119 = CARTESIAN_POINT ( 'NONE',  ( -12.51632130456931158, 22.53782541333918488, 4.598940812188137883 ) ) ;
#4120 = CARTESIAN_POINT ( 'NONE',  ( -12.94665238860166134, 20.90714725883968583, -3.478209825829474688 ) ) ;
#4121 = CARTESIAN_POINT ( 'NONE',  ( 0.8997072181343936936, 19.58090780266086384, -13.46397707461783355 ) ) ;
#4122 = CARTESIAN_POINT ( 'NONE',  ( -4.769245651925477780, 36.00201721378513042, 12.43896763249313331 ) ) ;
#4123 = CARTESIAN_POINT ( 'NONE',  ( -13.18168814367908936, 38.74057102649938145, -2.650315789200182071 ) ) ;
#4124 = CARTESIAN_POINT ( 'NONE',  ( -13.39292899314899721, 39.25613163121080618, -1.544536249491731406 ) ) ;
#4125 = CARTESIAN_POINT ( 'NONE',  ( 13.00063063525712792, 37.66047779631011849, -3.874455994375483936 ) ) ;
#4126 = CARTESIAN_POINT ( 'NONE',  ( 1.309464140770318918, 19.67433740367898309, 13.42300906434764585 ) ) ;
#4127 = CARTESIAN_POINT ( 'NONE',  ( 2.534657739145537825, 39.43033711790703677, -13.76964969395398697 ) ) ;
#4128 = EDGE_CURVE ( 'NONE', #6544, #1310, #1791, .T. ) ;
#4129 = CARTESIAN_POINT ( 'NONE',  ( 12.59430683584536403, 35.15962217735143014, 4.959030385131694807 ) ) ;
#4130 = CARTESIAN_POINT ( 'NONE',  ( 0.3255932167229481089, 39.49216620050434301, 13.49648408309273151 ) ) ;
#4131 = CARTESIAN_POINT ( 'NONE',  ( 0.000000000000000000, 45.00000000000000000, -13.75000000000005862 ) ) ;
#4132 = CARTESIAN_POINT ( 'NONE',  ( -3.038730737254657921, 20.52851291122670219, 13.07983998606903242 ) ) ;
#4133 = ORIENTED_EDGE ( 'NONE', *, *, #3979, .T. ) ;
#4134 = CARTESIAN_POINT ( 'NONE',  ( 3.144364604755890635, 38.38755604956934775, -13.04939739922020081 ) ) ;
#4135 = ADVANCED_FACE ( 'NONE', ( #6064 ), #2693, .F. ) ;
#4136 = CARTESIAN_POINT ( 'NONE',  ( -4.521490543381639249, 37.85386293429113636, 13.24989011440863784 ) ) ;
#4137 = DIRECTION ( 'NONE',  ( -0.000000000000000000, -1.000000000000000000, -0.000000000000000000 ) ) ;
#4138 = CARTESIAN_POINT ( 'NONE',  ( -4.937843757787908849, 35.28703993942922068, -12.35910525360217704 ) ) ;
#4139 = VERTEX_POINT ( 'NONE', #2726 ) ;
#4140 = CARTESIAN_POINT ( 'NONE',  ( -4.785711917034068286, 21.50639840755241750, 13.15674636991161250 ) ) ;
#4141 = CARTESIAN_POINT ( 'NONE',  ( 12.78770851525840513, 22.27837079211314020, -4.480064564100958435 ) ) ;
#4142 = CARTESIAN_POINT ( 'NONE',  ( -4.521178492945767680, 21.14576719542413841, 13.24999347635033864 ) ) ;
#4143 = CARTESIAN_POINT ( 'NONE',  ( 5.000000000000005329, 34.50000000000000000, -10.46709128650361542 ) ) ;
#4144 = VERTEX_POINT ( 'NONE', #5548 ) ;
#4145 = CARTESIAN_POINT ( 'NONE',  ( 5.479124338287454599, 11.62705568664249078, 12.88459145506222292 ) ) ;
#4146 = CARTESIAN_POINT ( 'NONE',  ( 5.190650374805603207, 22.21325350842066015, -13.00242667865682300 ) ) ;
#4147 = CARTESIAN_POINT ( 'NONE',  ( -13.79972997050407102, 39.50771755868164803, 2.366000228165064723 ) ) ;
#4148 = CARTESIAN_POINT ( 'NONE',  ( -12.63468169852543177, 37.01222333411792675, 4.323240832646977339 ) ) ;
#4149 = B_SPLINE_CURVE_WITH_KNOTS ( 'NONE', 3,
 ( #793, #3659, #3056, #329, #4867, #833, #5384, #292, #2539, #4348, #1642, #3417, #5323, #737, #5175, #6889, #6008, #1456, #5485, #6804, #1004, #5563 ),
 .UNSPECIFIED., .F., .F.,
 ( 4, 2, 2, 2, 2, 2, 2, 2, 2, 2, 4 ),
 ( 1.153949739205086528E-17, 0.001494639340171120085, 0.002989278680342226293, 0.004483918020513332284, 0.005978557360684437841, 0.006725877030769993221, 0.007473196700855546000, 0.008967836041026661098, 0.009715155711112217346, 0.01046247538119777533, 0.01195711472136888956 ),
 .UNSPECIFIED. ) ;
#4150 = CARTESIAN_POINT ( 'NONE',  ( -12.34976450109497570, 35.15841302855186967, -4.957140336658130586 ) ) ;
#4151 = FACE_OUTER_BOUND ( 'NONE', #4320, .T. ) ;
#4152 = CARTESIAN_POINT ( 'NONE',  ( 13.35777394404870932, 21.25487033871466735, 4.192041773220402057 ) ) ;
#4153 = CARTESIAN_POINT ( 'NONE',  ( -12.32882838140006321, 24.33483624816223667, 5.000000000000001776 ) ) ;
#4154 = CARTESIAN_POINT ( 'NONE',  ( -13.48098204071396822, 19.54257621979902382, -0.6563298320562473975 ) ) ;
#4155 = CARTESIAN_POINT ( 'NONE',  ( -3.836257342887086530, 21.29325217392320369, -12.82351753237114345 ) ) ;
#4156 = CARTESIAN_POINT ( 'NONE',  ( -4.143558834754951903, 37.29839264290031764, 12.70729970934502440 ) ) ;
#4157 = CARTESIAN_POINT ( 'NONE',  ( 13.28100251501852824, 20.40397128517994574, -2.868011048793329909 ) ) ;
#4158 = CARTESIAN_POINT ( 'NONE',  ( -12.58446503268419114, 36.79528082177494497, -4.442776316276321857 ) ) ;
#4159 = CARTESIAN_POINT ( 'NONE',  ( -13.40811255767929921, 39.29131374492428819, -1.430002684455172535 ) ) ;
#4160 = CARTESIAN_POINT ( 'NONE',  ( 12.74778727097171682, 36.49909117113929113, -4.583632632327476308 ) ) ;
#4161 = CARTESIAN_POINT ( 'NONE',  ( 0.6624177602565433087, 19.54339193592380752, 13.48061906389667008 ) ) ;
#4162 = CARTESIAN_POINT ( 'NONE',  ( 0.4692105786436220893, 39.98210796058575056, -13.99244815376612472 ) ) ;
#4163 = CARTESIAN_POINT ( 'NONE',  ( 13.24593313968284036, 38.49000104724652971, -3.013559184631661836 ) ) ;
#4164 = CARTESIAN_POINT ( 'NONE',  ( 1.378850487523934909, 39.30683994543836235, 13.41481708061414402 ) ) ;
#4165 = DIRECTION ( 'NONE',  ( 8.659560562354937789E-17, 0.7071067811865470176, -0.7071067811865479058 ) ) ;
#4166 = EDGE_CURVE ( 'NONE', #474, #5449, #1589, .T. ) ;
#4167 = CARTESIAN_POINT ( 'NONE',  ( -0.3255932167230037866, 19.50783379949566054, 13.49648408309272973 ) ) ;
#4168 = ORIENTED_EDGE ( 'NONE', *, *, #3945, .F. ) ;
#4169 = CARTESIAN_POINT ( 'NONE',  ( 13.74043619699522445, 39.00960849376412654, -2.687908148725678181 ) ) ;
#4170 = CARTESIAN_POINT ( 'NONE',  ( 5.625134224076535183, 35.41090340427182070, 12.82021630050982530 ) ) ;
#4171 = B_SPLINE_CURVE_WITH_KNOTS ( 'NONE', 3,
 ( #3221, #4906, #7117, #7194, #2497, #403, #3704, #4947, #7231, #5913, #800, #1514, #7074, #2069, #3784, #2584, #1954, #3149, #6502, #5471, #4353, #6621, #5347, #3063, #3104, #4791, #4872, #3663, #5389, #298, #5991, #1991, #2029, #4271 ),
 .UNSPECIFIED., .F., .F.,
 ( 4, 2, 2, 2, 2, 2, 2, 2, 2, 2, 2, 2, 2, 2, 2, 2, 4 ),
 ( 0.5003967268786171374, 0.5628471360187901062, 0.5940723405888764797, 0.6252975451589628531, 0.6877479542991355999, 0.7501983634393083467, 0.7814235680093946090, 0.8126487725794808714, 0.8282613748645243357, 0.8438739771495676889, 0.8750991817196542844, 0.9063243862897409908, 0.9219369885747841220, 0.9375495908598272532, 0.9531621931448702734, 0.9687747954299132935, 1.000000000000000000 ),
 .UNSPECIFIED. ) ;
#4172 = CARTESIAN_POINT ( 'NONE',  ( -0.6548938153536494333, 39.96438889897551405, -13.98499269927931898 ) ) ;
#4173 = CARTESIAN_POINT ( 'NONE',  ( 10.36363636363635088, 0.000000000000000000, 21.64705618143756638 ) ) ;
#4174 = CARTESIAN_POINT ( 'NONE',  ( -12.78545144272254142, 34.68380381776611898, -5.703697540710726877 ) ) ;
#4175 = ADVANCED_FACE ( 'NONE', ( #3185 ), #369, .T. ) ;
#4176 = CARTESIAN_POINT ( 'NONE',  ( -11.48634336846480863, 39.23054232842595468, -1.627632931930407256 ) ) ;
#4177 = VERTEX_POINT ( 'NONE', #6131 ) ;
#4178 = AXIS2_PLACEMENT_3D ( 'NONE', #970, #491, #6051 ) ;
#4179 = CARTESIAN_POINT ( 'NONE',  ( -4.629023732266695390, 21.28546127658347586, 13.21270344485244941 ) ) ;
#4180 = CARTESIAN_POINT ( 'NONE',  ( 13.53154518868911360, 19.70782085934045469, -1.427134559171521433 ) ) ;
#4181 = CARTESIAN_POINT ( 'NONE',  ( 0.000000000000000000, 44.75000000000005684, -14.00000000000000000 ) ) ;
#4182 = CARTESIAN_POINT ( 'NONE',  ( -5.508936817392353191, 23.06359278908550792, -12.87070953052253586 ) ) ;
#4183 = ORIENTED_EDGE ( 'NONE', *, *, #3849, .F. ) ;
#4184 = DIRECTION ( 'NONE',  ( 0.000000000000000000, 1.000000000000000000, 0.000000000000000000 ) ) ;
#4185 = CARTESIAN_POINT ( 'NONE',  ( -4.999995113876643416, 24.33290560571027683, -12.32882838044696250 ) ) ;
#4186 = VECTOR ( 'NONE', #6633, 999.9999999999998863 ) ;
#4187 = CARTESIAN_POINT ( 'NONE',  ( -0.5130351520983094105, 14.00000000000000000, -11.60000000000000320 ) ) ;
#4188 = DIRECTION ( 'NONE',  ( 0.000000000000000000, 0.000000000000000000, -1.000000000000000000 ) ) ;
#4189 = CARTESIAN_POINT ( 'NONE',  ( -5.703703114510190630, 45.00000000000000000, -12.78545152826159459 ) ) ;
#4190 = CARTESIAN_POINT ( 'NONE',  ( 13.98313122422863763, 39.66648705152318399, 0.7091033241078658067 ) ) ;
#4191 = CARTESIAN_POINT ( 'NONE',  ( 1.066920012568735698, 39.38552186762341023, -13.44917931708216940 ) ) ;
#4192 = CARTESIAN_POINT ( 'NONE',  ( -12.48133742606466967, 22.73000908661076735, 4.676954909382853742 ) ) ;
#4193 = CARTESIAN_POINT ( 'NONE',  ( -12.74082138930243602, 21.57769181599064723, -4.057910833832229613 ) ) ;
#4194 = CARTESIAN_POINT ( 'NONE',  ( -2.610263671756654524, 20.23523985126160341, -13.19117405388815101 ) ) ;
#4195 = CARTESIAN_POINT ( 'NONE',  ( 13.11329455785599230, 20.93643833840807389, -3.507315191025734080 ) ) ;
#4196 = CARTESIAN_POINT ( 'NONE',  ( -13.30582717154894290, 39.04991643127421952, -2.079598625401978484 ) ) ;
#4197 = AXIS2_PLACEMENT_3D ( 'NONE', #54, #3903, #2644 ) ;
#4198 = PLANE ( 'NONE',  #6928 ) ;
#4199 = CARTESIAN_POINT ( 'NONE',  ( -13.45316316101658138, 39.39456306300726141, 1.022246400490778973 ) ) ;
#4200 = CARTESIAN_POINT ( 'NONE',  ( 13.58094931320083987, 39.41924688682515665, -0.8988574579211486837 ) ) ;
#4201 = CARTESIAN_POINT ( 'NONE',  ( 2.480262996449406732, 13.59510689145059104, -11.34140664175427737 ) ) ;
#4202 = LINE ( 'NONE', #125, #5153 ) ;
#4203 = CARTESIAN_POINT ( 'NONE',  ( 1.846618629337081208, 19.85276152017682350, -13.34657716478094613 ) ) ;
#4204 = CARTESIAN_POINT ( 'NONE',  ( 1.060665051197706266, 39.38637355105088034, 13.44955914315654155 ) ) ;
#4205 = CARTESIAN_POINT ( 'NONE',  ( 10.46709128650362786, 34.83470305234730091, 5.000000000000001776 ) ) ;
#4206 = CARTESIAN_POINT ( 'NONE',  ( -1.942315636638978660, 19.89263052551570965, 13.32987769278923196 ) ) ;
#4207 = ORIENTED_EDGE ( 'NONE', *, *, #2091, .F. ) ;
#4208 = B_SPLINE_CURVE_WITH_KNOTS ( 'NONE', 1,
 ( #6727, #2108 ),
 .UNSPECIFIED., .F., .F.,
 ( 2, 2 ),
 ( 0.000000000000000000, 1.000000000000000000 ),
 .UNSPECIFIED. ) ;
#4209 = CARTESIAN_POINT ( 'NONE',  ( 2.184530099614560239, 38.99771892011169427, -13.28447375683234100 ) ) ;
#4210 = ORIENTED_EDGE ( 'NONE', *, *, #1845, .F. ) ;
#4211 = CARTESIAN_POINT ( 'NONE',  ( 4.345338910893556061, 38.06377745539967350, 13.30871208603376665 ) ) ;
#4212 = CARTESIAN_POINT ( 'NONE',  ( -13.76877896525450495, 19.57192689028860499, 2.539355301885859006 ) ) ;
#4213 = CARTESIAN_POINT ( 'NONE',  ( 0.4761945032301420078, 39.98154221319886403, -13.99221015635442633 ) ) ;
#4214 = EDGE_CURVE ( 'NONE', #4024, #6544, #953, .T. ) ;
#4215 = CARTESIAN_POINT ( 'NONE',  ( -13.98027744105184311, 39.95316568493409193, 0.7487021014490816695 ) ) ;
#4216 = DIRECTION ( 'NONE',  ( -0.000000000000000000, -1.000000000000000000, -0.000000000000000000 ) ) ;
#4217 = ORIENTED_EDGE ( 'NONE', *, *, #7048, .F. ) ;
#4218 = CARTESIAN_POINT ( 'NONE',  ( 0.9411519724455026381, 19.07463849969096614, 13.96863872226158243 ) ) ;
#4219 = CYLINDRICAL_SURFACE ( 'NONE', #6810, 5.000000000000000000 ) ;
#4220 = CARTESIAN_POINT ( 'NONE',  ( -4.462162773393911763, 21.07307915345051086, -13.27000021754861159 ) ) ;
#4221 = ORIENTED_EDGE ( 'NONE', *, *, #1035, .T. ) ;
#4222 = ADVANCED_FACE ( 'NONE', ( #2616 ), #4387, .T. ) ;
#4223 = CARTESIAN_POINT ( 'NONE',  ( 12.62570496724239710, 35.56956865933963741, -4.884925734195148195 ) ) ;
#4224 = CARTESIAN_POINT ( 'NONE',  ( 7.449231753512072451, 7.503071194990610593, 11.85421539239140465 ) ) ;
#4225 = CARTESIAN_POINT ( 'NONE',  ( 4.908007728350647803, 21.69761324799590696, -13.11152636582908393 ) ) ;
#4226 = CARTESIAN_POINT ( 'NONE',  ( -4.605140081073930247, 12.43919097070444835, -10.65529068696062964 ) ) ;
#4227 = CARTESIAN_POINT ( 'NONE',  ( -12.32882846293111534, 24.50000000000000355, 5.000000000000000000 ) ) ;
#4228 = CARTESIAN_POINT ( 'NONE',  ( 13.89182580468539996, 19.57184246267576810, -1.738986191395555769 ) ) ;
#4229 = CARTESIAN_POINT ( 'NONE',  ( 13.00838619382464323, 35.85780322409884491, 5.175417297135412653 ) ) ;
#4230 = CARTESIAN_POINT ( 'NONE',  ( -12.36153381378304950, 23.67910174631918352, 4.932836312973877035 ) ) ;
#4231 = CARTESIAN_POINT ( 'NONE',  ( -12.53805450426575874, 22.42113937268590718, -4.550245928475907142 ) ) ;
#4232 = CARTESIAN_POINT ( 'NONE',  ( -2.662901581412903784, 20.26774025536411727, -13.17848589097051537 ) ) ;
#4233 = CARTESIAN_POINT ( 'NONE',  ( -13.44082727888748430, 39.36647471741390092, -1.148536051283311599 ) ) ;
#4234 = CYLINDRICAL_SURFACE ( 'NONE', #3232, 1.750000000000000000 ) ;
#4235 = ORIENTED_EDGE ( 'NONE', *, *, #144, .T. ) ;
#4236 = CARTESIAN_POINT ( 'NONE',  ( -13.19117405387548914, 38.76476014870152653, -2.610263671816878794 ) ) ;
#4237 = CARTESIAN_POINT ( 'NONE',  ( 13.21399067912323844, 38.39122889397020089, -3.140091761951605331 ) ) ;
#4238 = CARTESIAN_POINT ( 'NONE',  ( 5.426944984505204239, 36.19489218353974280, -12.90539287117091760 ) ) ;
#4239 = CARTESIAN_POINT ( 'NONE',  ( 8.000000000000005329, 4.000000000000000000, 19.84313483298444325 ) ) ;
#4240 = CARTESIAN_POINT ( 'NONE',  ( -12.47580377303266097, 22.76382866762707025, -4.689068714728211518 ) ) ;
#4241 = CARTESIAN_POINT ( 'NONE',  ( 13.47663517783714937, 39.14746134708002501, -1.844667339179844268 ) ) ;
#4242 = CARTESIAN_POINT ( 'NONE',  ( 0.9008095298233771420, 19.58112861054249976, -13.46387945826258203 ) ) ;
#4243 = CARTESIAN_POINT ( 'NONE',  ( 2.400313730704724424, 38.88621397816436343, 13.23929517711931148 ) ) ;
#4244 = CARTESIAN_POINT ( 'NONE',  ( -2.217311639071153362, 20.01778681492608669, 13.27809444954068852 ) ) ;
#4245 = ORIENTED_EDGE ( 'NONE', *, *, #3481, .T. ) ;
#4246 = CARTESIAN_POINT ( 'NONE',  ( -12.86562106092110724, 37.84321439622437566, 3.717935608323027274 ) ) ;
#4247 = CARTESIAN_POINT ( 'NONE',  ( 3.503917043557402522, 38.06688864840019448, -12.93809792132403302 ) ) ;
#4248 = CARTESIAN_POINT ( 'NONE',  ( 13.87130881666844040, 39.37315749283778388, -1.894337980518462805 ) ) ;
#4249 = CARTESIAN_POINT ( 'NONE',  ( 4.785711917034066509, 37.49360159244758961, 13.15674636991161783 ) ) ;
#4250 = CARTESIAN_POINT ( 'NONE',  ( -13.99221015635442278, 19.01845778680118926, 0.4761945032301639902 ) ) ;
#4251 = CARTESIAN_POINT ( 'NONE',  ( -2.366058347551294627, 39.50525745218418905, -13.79888044465191044 ) ) ;
#4252 = CARTESIAN_POINT ( 'NONE',  ( -13.85397175711802831, 39.64477118454318116, 2.018765464496683926 ) ) ;
#4253 = CARTESIAN_POINT ( 'NONE',  ( -10.79767963928659569, 37.15458946522367256, 4.240227137758237674 ) ) ;
#4254 = B_SPLINE_CURVE_WITH_KNOTS ( 'NONE', 3,
 ( #2487, #6493, #3693, #4261 ),
 .UNSPECIFIED., .F., .F.,
 ( 4, 4 ),
 ( 0.000000000000000000, 0.001125842092301345548 ),
 .UNSPECIFIED. ) ;
#4255 = EDGE_LOOP ( 'NONE', ( #4620, #1191, #5001, #3113 ) ) ;
#4256 = CARTESIAN_POINT ( 'NONE',  ( 3.863119847331024204, 37.67432242112012375, 12.81375620130266846 ) ) ;
#4257 = ADVANCED_FACE ( 'NONE', ( #2070 ), #6622, .F. ) ;
#4258 = CARTESIAN_POINT ( 'NONE',  ( 0.1953067770656481128, 19.00248125645649822, 13.99895140326644061 ) ) ;
#4259 = CARTESIAN_POINT ( 'NONE',  ( 13.60980002463080041, 19.50786386753097190, 0.2833655951926242755 ) ) ;
#4260 = CARTESIAN_POINT ( 'NONE',  ( -7.449231753512078669, 7.503071194990613257, -11.85421539239141175 ) ) ;
#4261 = CARTESIAN_POINT ( 'NONE',  ( -7.499999999999991118, 3.499999999999985789, 13.56465996625054693 ) ) ;
#4262 = ORIENTED_EDGE ( 'NONE', *, *, #3729, .T. ) ;
#4263 = CARTESIAN_POINT ( 'NONE',  ( 4.521490543381635696, 37.85386293429115057, -13.24989011440864672 ) ) ;
#4264 = CARTESIAN_POINT ( 'NONE',  ( 12.57758869037424887, 34.66582549998696550, -4.997941217101970146 ) ) ;
#4265 = CARTESIAN_POINT ( 'NONE',  ( 0.5061476900132613199, 14.00000000000000178, 14.00000000000000355 ) ) ;
#4266 = CARTESIAN_POINT ( 'NONE',  ( 5.691821390612635589, 24.13355947988194572, -12.79074651076272851 ) ) ;
#4267 = CARTESIAN_POINT ( 'NONE',  ( 4.966686195781948143, 35.16341822021758645, -10.48318381948342015 ) ) ;
#4268 = EDGE_CURVE ( 'NONE', #3535, #4877, #977, .T. ) ;
#4269 = FACE_OUTER_BOUND ( 'NONE', #3547, .T. ) ;
#4270 = CARTESIAN_POINT ( 'NONE',  ( 13.07263714346161798, 36.34606930874377895, 5.010706911570818711 ) ) ;
#4271 = CARTESIAN_POINT ( 'NONE',  ( 5.703703114510172867, 24.50000000000001421, -12.78545152826160347 ) ) ;
#4272 = CARTESIAN_POINT ( 'NONE',  ( -12.32882846293113488, 24.50000000000000000, 5.000000000000000000 ) ) ;
#4273 = CARTESIAN_POINT ( 'NONE',  ( -12.42323527582727927, 23.10816595547096597, -4.803068752773842931 ) ) ;
#4274 = CARTESIAN_POINT ( 'NONE',  ( -3.413462379625127774, 20.84624880381717560, -12.96736205538624453 ) ) ;
#4275 = CARTESIAN_POINT ( 'NONE',  ( 5.000000000000007994, 24.50000000000000000, -12.32882846293107626 ) ) ;
#4276 = CARTESIAN_POINT ( 'NONE',  ( -13.49260249347826246, 39.48347065139623879, 0.4083661419883293786 ) ) ;
#4277 = ORIENTED_EDGE ( 'NONE', *, *, #1027, .T. ) ;
#4278 = CARTESIAN_POINT ( 'NONE',  ( -12.84701007858259736, 37.78380365431091548, -3.770874616803391977 ) ) ;
#4279 = CARTESIAN_POINT ( 'NONE',  ( 5.227517382448700012, 36.70186355746624685, -12.98747719068704853 ) ) ;
#4280 = CARTESIAN_POINT ( 'NONE',  ( -13.32750556398269737, 20.86970292986225317, 4.288678446671152500 ) ) ;
#4281 = CARTESIAN_POINT ( 'NONE',  ( 3.766435450067813218, 20.36584439564115812, 13.48466012239095768 ) ) ;
#4282 = CARTESIAN_POINT ( 'NONE',  ( 13.26980092938373623, 38.56259634965154959, -2.915801887178941953 ) ) ;
#4283 = CARTESIAN_POINT ( 'NONE',  ( 1.536983677115850044, 19.74138579950568229, -13.39399708042341786 ) ) ;
#4284 = CARTESIAN_POINT ( 'NONE',  ( 0.5741885885617923346, 39.46761925310543973, 13.48552442851782374 ) ) ;
#4285 = CARTESIAN_POINT ( 'NONE',  ( 2.295026805816165805, 20.05778365849900169, 13.26186817759250047 ) ) ;
#4286 = VERTEX_POINT ( 'NONE', #438 ) ;
#4287 = CARTESIAN_POINT ( 'NONE',  ( 3.480018185252333751, 38.09030909099779905, -12.94591804148503655 ) ) ;
#4288 = CARTESIAN_POINT ( 'NONE',  ( 13.89182580468540351, 39.42815753732423190, 1.738986191395556213 ) ) ;
#4289 = ORIENTED_EDGE ( 'NONE', *, *, #2970, .T. ) ;
#4290 = CARTESIAN_POINT ( 'NONE',  ( 13.93150569943560591, 39.53308820865165529, -1.393454104581416608 ) ) ;
#4291 = CARTESIAN_POINT ( 'NONE',  ( 2.280491854602143764, 39.54206787476881146, 13.81329475549791574 ) ) ;
#4292 = CARTESIAN_POINT ( 'NONE',  ( -13.98499269927931543, 19.03561110102454279, -0.6548938153536016937 ) ) ;
#4293 = CARTESIAN_POINT ( 'NONE',  ( 0.1953067770656375934, 39.99751874354353021, -13.99895140326644416 ) ) ;
#4294 = CARTESIAN_POINT ( 'NONE',  ( -13.96209530386597919, 39.90968802780633951, -1.033665515213554764 ) ) ;
#4295 = CARTESIAN_POINT ( 'NONE',  ( -10.48324463568336462, 35.16629489231365113, 4.966578255355237559 ) ) ;
#4296 = EDGE_LOOP ( 'NONE', ( #1277, #4221, #5008, #2804 ) ) ;
#4297 = CARTESIAN_POINT ( 'NONE',  ( 4.757387328505471302, 22.95918879032698001, 12.44448618836001508 ) ) ;
#4298 = CARTESIAN_POINT ( 'NONE',  ( 13.26854998471310587, 20.44136761408257286, -2.920474326936773668 ) ) ;
#4299 = CARTESIAN_POINT ( 'NONE',  ( -1.308928752933002482, 19.14374768746359123, 13.93989014713553942 ) ) ;
#4300 = CARTESIAN_POINT ( 'NONE',  ( -5.694087602249118696, 24.13321898390036679, -12.78975298180549025 ) ) ;
#4301 = ORIENTED_EDGE ( 'NONE', *, *, #794, .T. ) ;
#4302 = CARTESIAN_POINT ( 'NONE',  ( -3.755123247343995274, 37.80149780032109419, -12.85256368296449025 ) ) ;
#4303 = CARTESIAN_POINT ( 'NONE',  ( -4.867996716262341650, 23.35572582149750076, -12.39260856760605378 ) ) ;
#4304 = CARTESIAN_POINT ( 'NONE',  ( -6.719652899013842884, 9.866471680822890278, -9.458426794843934005 ) ) ;
#4305 = CARTESIAN_POINT ( 'NONE',  ( -12.37305018407116997, 35.45101259342914801, 4.908900487238243571 ) ) ;
#4306 = CARTESIAN_POINT ( 'NONE',  ( 1.622716872065361748, 39.23223694498881287, -11.48704180865846958 ) ) ;
#4307 = VECTOR ( 'NONE', #2253, 1000.000000000000000 ) ;
#4308 = AXIS2_PLACEMENT_3D ( 'NONE', #1839, #4113, #2316 ) ;
#4309 = FACE_OUTER_BOUND ( 'NONE', #3270, .T. ) ;
#4310 = CARTESIAN_POINT ( 'NONE',  ( 13.14831455392391923, 36.81795462491105297, 4.810649446725047795 ) ) ;
#4311 = CARTESIAN_POINT ( 'NONE',  ( 5.000000000000005329, 34.50000000000000000, -22.79802623035600462 ) ) ;
#4312 = VECTOR ( 'NONE', #7269, 1000.000000000000000 ) ;
#4313 = LINE ( 'NONE', #6032, #5140 ) ;
#4314 = VECTOR ( 'NONE', #5111, 1000.000000000000114 ) ;
#4315 = CARTESIAN_POINT ( 'NONE',  ( -4.118073773510359636, 21.66414829837050959, -12.71733177546869875 ) ) ;
#4316 = ADVANCED_FACE ( 'NONE', ( #4419 ), #7267, .F. ) ;
#4317 = CARTESIAN_POINT ( 'NONE',  ( 7.500000000000000000, 0.000000000000000000, -59.57475013247809414 ) ) ;
#4318 = CARTESIAN_POINT ( 'NONE',  ( 13.30792843374981516, 20.32433243104926035, -2.750318211703111082 ) ) ;
#4319 = CARTESIAN_POINT ( 'NONE',  ( 1.699197433816956097E-15, 45.00000000000000000, 13.75000000000005862 ) ) ;
#4320 = EDGE_LOOP ( 'NONE', ( #2008, #6449, #7096, #3607 ) ) ;
#4321 = CARTESIAN_POINT ( 'NONE',  ( -12.93278110554649807, 38.05091594549683265, -3.520103013583040674 ) ) ;
#4322 = CARTESIAN_POINT ( 'NONE',  ( 13.14933047648624864, 38.18384817227552475, -3.380739014924207808 ) ) ;
#4323 = CARTESIAN_POINT ( 'NONE',  ( 3.386226908576055461, 13.21012024156805076, -11.10462410299509806 ) ) ;
#4324 = CARTESIAN_POINT ( 'NONE',  ( -10.46709128650361542, 34.49999999999999289, 5.000000000000000888 ) ) ;
#4325 = CARTESIAN_POINT ( 'NONE',  ( -12.77890952821286241, 21.44370710784615142, -3.957568217975589775 ) ) ;
#4326 = CARTESIAN_POINT ( 'NONE',  ( 12.89204722549649773, 37.22083884838632173, -4.195667855157424242 ) ) ;
#4327 = CARTESIAN_POINT ( 'NONE',  ( 4.195267373628938756, 21.77854377066730507, -12.68686278043293392 ) ) ;
#4328 = EDGE_CURVE ( 'NONE', #3294, #988, #470, .T. ) ;
#4329 = CARTESIAN_POINT ( 'NONE',  ( -3.353641160734111448, 38.20851995857088923, 12.98619512353028504 ) ) ;
#4330 = CARTESIAN_POINT ( 'NONE',  ( 2.848367512090297371, 20.38997928257715841, 13.13155950007026185 ) ) ;
#4331 = ORIENTED_EDGE ( 'NONE', *, *, #184, .F. ) ;
#4332 = PRODUCT ( 'hop dien 02', 'hop dien 02', '', ( #4816 ) ) ;
#4333 = CARTESIAN_POINT ( 'NONE',  ( -12.78971457666346545, 24.13416342924090330, 5.694173872587171559 ) ) ;
#4334 = CARTESIAN_POINT ( 'NONE',  ( -0.1712105040747746998, 39.49774474607265518, 13.49898907600387155 ) ) ;
#4335 = CARTESIAN_POINT ( 'NONE',  ( -13.03412276383325796, 22.05173153040812650, -5.110825507945231827 ) ) ;
#4336 = AXIS2_PLACEMENT_3D ( 'NONE', #4898, #874, #829 ) ;
#4337 = FACE_OUTER_BOUND ( 'NONE', #1472, .T. ) ;
#4338 = ORIENTED_EDGE ( 'NONE', *, *, #804, .F. ) ;
#4339 = CARTESIAN_POINT ( 'NONE',  ( 3.593614260314082376, 21.02258345081794744, 12.90845743039528415 ) ) ;
#4340 = CARTESIAN_POINT ( 'NONE',  ( 13.60697461065709568, 19.51496408749479983, 0.3871061618825873407 ) ) ;
#4341 = CARTESIAN_POINT ( 'NONE',  ( -5.138999382257332549, 11.96792175607298248, 13.02398512772919759 ) ) ;
#4342 = CARTESIAN_POINT ( 'NONE',  ( -0.4692105784952735337, 19.01789203941062212, -13.99244815377202933 ) ) ;
#4343 = ORIENTED_EDGE ( 'NONE', *, *, #2668, .F. ) ;
#4344 = CARTESIAN_POINT ( 'NONE',  ( 4.934745586796471351, 37.25945384729232757, -13.10156010981402375 ) ) ;
#4345 = CARTESIAN_POINT ( 'NONE',  ( -4.437617773965972567, 36.80398026193880412, -12.58659725603751589 ) ) ;
#4346 = CARTESIAN_POINT ( 'NONE',  ( -3.422768817904714211, 20.85162808873018037, -12.96501269751928298 ) ) ;
#4347 = CARTESIAN_POINT ( 'NONE',  ( -13.44576837600041053, 38.51499219138732144, 3.902544698407306445 ) ) ;
#4348 = CARTESIAN_POINT ( 'NONE',  ( 5.138999382257333437, 11.96792175607297892, -13.02398512772919226 ) ) ;
#4349 = CARTESIAN_POINT ( 'NONE',  ( -12.36235163672391657, 35.32809407575477678, 4.931124666855686733 ) ) ;
#4350 = CARTESIAN_POINT ( 'NONE',  ( -3.056015166360562585, 38.47083124262385923, 11.19369903204741945 ) ) ;
#4351 = LINE ( 'NONE', #3284, #1216 ) ;
#4352 = CARTESIAN_POINT ( 'NONE',  ( 1.150144766899951097E-13, 19.49999999999867129, -11.60000000000056808 ) ) ;
#4353 = CARTESIAN_POINT ( 'NONE',  ( 5.191492415509413760, 22.21505689380778392, -13.00208960654330959 ) ) ;
#4354 = CARTESIAN_POINT ( 'NONE',  ( 7.499999999999991118, 3.499999999999982236, 12.99038105676657118 ) ) ;
#4355 = CARTESIAN_POINT ( 'NONE',  ( -4.991809502327469339, 24.16905293592908066, -12.33285904097949270 ) ) ;
#4356 = CARTESIAN_POINT ( 'NONE',  ( -7.500000000000000000, 6.500000000000000888, -59.57475013247809414 ) ) ;
#4357 = CARTESIAN_POINT ( 'NONE',  ( 13.05584264163339370, 21.13638846262210791, -3.699479893134946629 ) ) ;
#4358 = ORIENTED_EDGE ( 'NONE', *, *, #7210, .T. ) ;
#4359 = CARTESIAN_POINT ( 'NONE',  ( -12.82351753237337277, 37.70674782608687536, -3.836257342878654608 ) ) ;
#4360 = CARTESIAN_POINT ( 'NONE',  ( 13.15433787921091557, 38.20027234055342547, -3.362739249469789637 ) ) ;
#4361 = CARTESIAN_POINT ( 'NONE',  ( 7.098546655749674805, 8.969133933550359927, -9.177469793410299559 ) ) ;
#4362 = CARTESIAN_POINT ( 'NONE',  ( -13.26937275373240332, 21.07533936151218157, 4.464027169130690531 ) ) ;
#4363 = CARTESIAN_POINT ( 'NONE',  ( -13.31025193674053853, 19.93971805069372749, -2.051012581428605319 ) ) ;
#4364 = CARTESIAN_POINT ( 'NONE',  ( 12.65956555677350437, 35.89014084162166540, -4.803558062457506495 ) ) ;
#4365 = CARTESIAN_POINT ( 'NONE',  ( -0.08885227179067611836, 19.50010766279138963, -13.49995197187728735 ) ) ;
#4366 = CARTESIAN_POINT ( 'NONE',  ( -1.066920012598310041, 39.38552186761744167, 13.44917931707811043 ) ) ;
#4367 = CARTESIAN_POINT ( 'NONE',  ( 2.436749673367377245, 20.13328770613943064, 13.23144411094086337 ) ) ;
#4368 = ORIENTED_EDGE ( 'NONE', *, *, #1805, .F. ) ;
#4369 = EDGE_CURVE ( 'NONE', #6045, #2646, #1623, .T. ) ;
#4370 = CARTESIAN_POINT ( 'NONE',  ( 4.598940812172643611, 36.46217458669730860, -12.51632130457723946 ) ) ;
#4371 = CARTESIAN_POINT ( 'NONE',  ( 13.04980949681216273, 36.19228154066973957, -5.070061086812938989 ) ) ;
#4372 = CARTESIAN_POINT ( 'NONE',  ( -0.6624177602565559653, 39.45660806407619248, 13.48061906389667186 ) ) ;
#4373 = CARTESIAN_POINT ( 'NONE',  ( -14.00004637111815953, 40.00010927246653836, 0.08702738911931151566 ) ) ;
#4374 = CARTESIAN_POINT ( 'NONE',  ( 7.499999999999993783, 45.00000000000000000, -8.849293757131134086 ) ) ;
#4375 = VERTEX_POINT ( 'NONE', #6873 ) ;
#4376 = CARTESIAN_POINT ( 'NONE',  ( 13.43439551531576015, 19.96658612187994208, 2.109463600535169903 ) ) ;
#4377 = DIRECTION ( 'NONE',  ( 0.000000000000000000, 0.000000000000000000, -1.000000000000000000 ) ) ;
#4378 = CARTESIAN_POINT ( 'NONE',  ( -3.885576650793501674, 37.64682643832109221, -12.80554299148733577 ) ) ;
#4379 = CARTESIAN_POINT ( 'NONE',  ( -2.226058449136662620, 20.01993314779485189, -13.27703707854270121 ) ) ;
#4380 = CARTESIAN_POINT ( 'NONE',  ( -12.38488320632254691, 35.57305612334325673, 4.884201991027547152 ) ) ;
#4381 = CARTESIAN_POINT ( 'NONE',  ( 3.757661995975790870, 37.79946835458508758, -12.85179736078883117 ) ) ;
#4382 = CARTESIAN_POINT ( 'NONE',  ( 12.78052551701959416, 22.31770353303886623, 4.498804541409251456 ) ) ;
#4383 = CARTESIAN_POINT ( 'NONE',  ( 18.50000000000000000, 3.499999999999984901, -1.750000000000000000 ) ) ;
#4384 = CARTESIAN_POINT ( 'NONE',  ( 13.95335334627626267, 19.41021530243763138, -1.142720993722442513 ) ) ;
#4385 = CARTESIAN_POINT ( 'NONE',  ( -0.3312080070389978870, 19.49999999999996447, -11.60000000000001386 ) ) ;
#4386 = CARTESIAN_POINT ( 'NONE',  ( 11.38795889675433237, 20.01233729954618568, 2.229296179027449920 ) ) ;
#4387 = PLANE ( 'NONE',  #7189 ) ;
#4388 = CARTESIAN_POINT ( 'NONE',  ( -4.932836312971978110, 23.67910174630770115, -12.36153381378382399 ) ) ;
#4389 = CARTESIAN_POINT ( 'NONE',  ( 5.000000000000000000, 24.41707878049244940, -12.32882844322069005 ) ) ;
#4390 = ORIENTED_EDGE ( 'NONE', *, *, #2658, .F. ) ;
#4391 = CARTESIAN_POINT ( 'NONE',  ( -13.05682688508104938, 38.40815386684673882, -3.118840111258124992 ) ) ;
#4392 = CARTESIAN_POINT ( 'NONE',  ( 13.18493920834283806, 38.29942924842599439, 3.250727028939599084 ) ) ;
#4393 = CARTESIAN_POINT ( 'NONE',  ( -13.67021424718135059, 19.83377260036688483, 3.024951862695478333 ) ) ;
#4394 = CARTESIAN_POINT ( 'NONE',  ( -12.99846936744300585, 20.75603220081987388, -3.314265686318526249 ) ) ;
#4395 = CARTESIAN_POINT ( 'NONE',  ( 12.80218565964483268, 36.79629307528768578, -4.441700470357061725 ) ) ;
#4396 = CARTESIAN_POINT ( 'NONE',  ( 4.628966502465210020, 22.60973474023533569, -12.50292118951852594 ) ) ;
#4397 = CARTESIAN_POINT ( 'NONE',  ( -3.305828675722243482, 38.25130306708626193, 13.00104079346969854 ) ) ;
#4398 = CARTESIAN_POINT ( 'NONE',  ( 13.40240189099683477, 20.05454773337050867, 2.290231805402046739 ) ) ;
#4399 = CARTESIAN_POINT ( 'NONE',  ( 4.386318388855497297, 22.09993717374358724, 12.60832716550740251 ) ) ;
#4400 = ORIENTED_EDGE ( 'NONE', *, *, #1881, .F. ) ;
#4401 = VERTEX_POINT ( 'NONE', #1253 ) ;
#4402 = CARTESIAN_POINT ( 'NONE',  ( 12.94917905270171765, 35.10495992540209897, -5.321540906778364111 ) ) ;
#4403 = CARTESIAN_POINT ( 'NONE',  ( -0.08885227179068110048, 39.49989233720860682, 13.49995197187729801 ) ) ;
#4404 = ADVANCED_FACE ( 'NONE', ( #6282 ), #3236, .F. ) ;
#4405 = CARTESIAN_POINT ( 'NONE',  ( -12.81684968103184019, 35.36574385823348621, 5.632798964051804802 ) ) ;
#4406 = EDGE_LOOP ( 'NONE', ( #5266, #7213, #4953, #6151 ) ) ;
#4407 = CARTESIAN_POINT ( 'NONE',  ( 12.65042452746697776, 23.18865244466908138, 4.825671860945449865 ) ) ;
#4408 = CARTESIAN_POINT ( 'NONE',  ( -0.3755329697678182477, 19.01118373892728286, -13.99527692928288936 ) ) ;
#4409 = LINE ( 'NONE', #1511, #5258 ) ;
#4410 = EDGE_CURVE ( 'NONE', #4139, #563, #6335, .T. ) ;
#4411 = CARTESIAN_POINT ( 'NONE',  ( 4.582564412539237075, 36.50169431688058808, -12.52363892634315157 ) ) ;
#4412 = VERTEX_POINT ( 'NONE', #5806 ) ;
#4413 = CARTESIAN_POINT ( 'NONE',  ( 12.79089627680068197, 22.26219460284752572, 4.471607620203810640 ) ) ;
#4414 = CARTESIAN_POINT ( 'NONE',  ( -5.397625568112373706, 36.28644921488188402, -12.91778347613205291 ) ) ;
#4415 = CARTESIAN_POINT ( 'NONE',  ( 13.85982617980990206, 19.65783091515708492, 1.976598832075369572 ) ) ;
#4416 = CARTESIAN_POINT ( 'NONE',  ( -4.326285824547216663, 21.98808161894511315, 10.76337282595778611 ) ) ;
#4417 = LINE ( 'NONE', #6097, #6462 ) ;
#4418 = CARTESIAN_POINT ( 'NONE',  ( 8.873904696274653317E-15, 14.00000000000000000, 14.00000000000000000 ) ) ;
#4419 = FACE_OUTER_BOUND ( 'NONE', #6730, .T. ) ;
#4420 = CARTESIAN_POINT ( 'NONE',  ( -4.757645877684610447, 22.96167395099261910, -12.44434331412345074 ) ) ;
#4421 = VECTOR ( 'NONE', #207, 1000.000000000000114 ) ;
#4422 = PLANE ( 'NONE',  #4426 ) ;
#4423 = EDGE_LOOP ( 'NONE', ( #1867, #6978, #3352, #3384, #3234 ) ) ;
#4424 = CARTESIAN_POINT ( 'NONE',  ( 0.3306557714464764541, 39.50000000000001421, 11.59999999999999432 ) ) ;
#4425 = CARTESIAN_POINT ( 'NONE',  ( 13.58654915843890976, 39.43346608105374429, -0.8171459113396197793 ) ) ;
#4426 = AXIS2_PLACEMENT_3D ( 'NONE', #921, #2109, #4950 ) ;
#4427 = CARTESIAN_POINT ( 'NONE',  ( 13.70969599873710720, 20.07946799426321149, -2.840122055876599827 ) ) ;
#4428 = VECTOR ( 'NONE', #3268, 1000.000000000000000 ) ;
#4429 = CARTESIAN_POINT ( 'NONE',  ( 4.367017851377799964, 22.06383561414011041, -12.61649916012967232 ) ) ;
#4430 = CARTESIAN_POINT ( 'NONE',  ( -1.544536249440866538, 39.25613163122643812, 13.39292899315441332 ) ) ;
#4431 = AXIS2_PLACEMENT_3D ( 'NONE', #4826, #5802, #686 ) ;
#4432 = VECTOR ( 'NONE', #7115, 1000.000000000000114 ) ;
#4433 = CARTESIAN_POINT ( 'NONE',  ( 4.246700769151146027, 21.85952364480123222, 12.66613266085711231 ) ) ;
#4434 = CARTESIAN_POINT ( 'NONE',  ( -13.01197419632441310, 38.28258263133444217, 3.270242671921053113 ) ) ;
#4435 = CARTESIAN_POINT ( 'NONE',  ( 4.932836312970105830, 35.32089825370350411, -12.36153381378430005 ) ) ;
#4436 = CARTESIAN_POINT ( 'NONE',  ( 13.21906225659761347, 37.15380299289579824, -4.610528039929816302 ) ) ;
#4437 = CARTESIAN_POINT ( 'NONE',  ( 1.142580959466387602, 39.37047554443931574, 13.44254448012601166 ) ) ;
#4438 = CARTESIAN_POINT ( 'NONE',  ( -3.251814073593624954, 39.01945358352106297, -13.61733902678893848 ) ) ;
#4439 = CARTESIAN_POINT ( 'NONE',  ( 13.10318514236373133, 20.97087613000487849, 3.541934603457693065 ) ) ;
#4440 = CARTESIAN_POINT ( 'NONE',  ( -7.499999999999994671, 3.499999999999985789, -19.84313483298444325 ) ) ;
#4441 = ORIENTED_EDGE ( 'NONE', *, *, #4861, .T. ) ;
#4442 = CARTESIAN_POINT ( 'NONE',  ( 13.47663517783714937, 19.85253865291998210, 1.844667339179843824 ) ) ;
#4443 = EDGE_CURVE ( 'NONE', #5898, #5067, #1402, .T. ) ;
#4444 = CARTESIAN_POINT ( 'NONE',  ( 6.719652899013841107, 9.866471680822886725, 9.458426794843935781 ) ) ;
#4445 = DIRECTION ( 'NONE',  ( 0.000000000000000000, 1.000000000000000000, 0.000000000000000000 ) ) ;
#4446 = CARTESIAN_POINT ( 'NONE',  ( -13.21140705271405480, 21.29040094083601886, 4.632729916779029011 ) ) ;
#4447 = CARTESIAN_POINT ( 'NONE',  ( -4.791252955418239701, 35.92980113625007021, -12.42872420026090019 ) ) ;
#4448 = CARTESIAN_POINT ( 'NONE',  ( 3.957568217888352891, 37.55629289226610013, 12.77890952824391491 ) ) ;
#4449 = CARTESIAN_POINT ( 'NONE',  ( -5.703702782121110815, 34.59192658446858104, -12.78545150766135841 ) ) ;
#4450 = VECTOR ( 'NONE', #1647, 1000.000000000000000 ) ;
#4451 = FACE_OUTER_BOUND ( 'NONE', #5042, .T. ) ;
#4452 = CARTESIAN_POINT ( 'NONE',  ( -4.550259204778918765, 22.42118854653342908, 10.67051050939733692 ) ) ;
#4453 = EDGE_CURVE ( 'NONE', #995, #3175, #3021, .T. ) ;
#4454 = CARTESIAN_POINT ( 'NONE',  ( 10.69772623629941855, 22.27082156400012991, -4.487482645546897686 ) ) ;
#4455 = CARTESIAN_POINT ( 'NONE',  ( -9.499999999999994671, 4.000000000000000000, -19.84313483298443970 ) ) ;
#4456 = CARTESIAN_POINT ( 'NONE',  ( 5.000000000000007994, 24.50000000000000000, 12.32882846293108869 ) ) ;
#4457 = CARTESIAN_POINT ( 'NONE',  ( 12.63269691842290321, 23.35895789027017599, -4.868231443555639970 ) ) ;
#4458 = CARTESIAN_POINT ( 'NONE',  ( -3.900789682978066164, 38.51363543348127649, -13.44577723533383562 ) ) ;
#4459 = CARTESIAN_POINT ( 'NONE',  ( 13.59579675012845357, 39.45687866071999395, 0.6603861873294953888 ) ) ;
#4460 = CARTESIAN_POINT ( 'NONE',  ( 5.109885510233897143, 36.94516295397883709, -13.03422064877895892 ) ) ;
#4461 = CARTESIAN_POINT ( 'NONE',  ( -12.95884646223030856, 22.46101720079219888, -5.298094224917483608 ) ) ;
#4462 = CARTESIAN_POINT ( 'NONE',  ( -12.85256368318289155, 21.19850219897350740, -3.755123246721860930 ) ) ;
#4463 = CARTESIAN_POINT ( 'NONE',  ( -13.96863872226158776, 19.07463849969100167, 0.9411519724454938673 ) ) ;
#4464 = CARTESIAN_POINT ( 'NONE',  ( 12.59116526295032834, 35.08063397220873014, -4.966345494870360255 ) ) ;
#4465 = CARTESIAN_POINT ( 'NONE',  ( 3.634023472299185542, 21.06536421908401735, -12.89465438079522386 ) ) ;
#4466 = CARTESIAN_POINT ( 'NONE',  ( 10.46709128650361897, 34.49999999999999289, -4.999999999999996447 ) ) ;
#4467 = CARTESIAN_POINT ( 'NONE',  ( 2.662901581386643013, 20.26774025534749057, 13.17848589097913603 ) ) ;
#4468 = CARTESIAN_POINT ( 'NONE',  ( 4.827757141743355795, 23.19634502818627197, 12.41164098637413105 ) ) ;
#4469 = DIRECTION ( 'NONE',  ( -2.602085213965210149E-16, 1.000000000000000000, 3.874402945344053566E-16 ) ) ;
#4470 = CARTESIAN_POINT ( 'NONE',  ( 4.444637833471638544, 36.79181658435349078, -12.58367752230684466 ) ) ;
#4471 = CARTESIAN_POINT ( 'NONE',  ( 13.19592812152363237, 37.04262687720279246, -4.676324864543349058 ) ) ;
#4472 = CARTESIAN_POINT ( 'NONE',  ( -1.148536051283324699, 39.36647471741391513, 13.44082727888746653 ) ) ;
#4473 = CARTESIAN_POINT ( 'NONE',  ( -4.997936797311637314, 24.33399340787197573, 12.32984480898540625 ) ) ;
#4474 = VERTEX_POINT ( 'NONE', #4352 ) ;
#4475 = CARTESIAN_POINT ( 'NONE',  ( 13.49322107470048415, 19.80841815242390069, 1.729377538529001113 ) ) ;
#4476 = CARTESIAN_POINT ( 'NONE',  ( -9.499999999999994671, 3.499999999999985789, -19.84313483298443970 ) ) ;
#4477 = FACE_OUTER_BOUND ( 'NONE', #3167, .T. ) ;
#4478 = CARTESIAN_POINT ( 'NONE',  ( -2.400313730671513657, 38.88621397818246095, -13.23929517712658388 ) ) ;
#4479 = CARTESIAN_POINT ( 'NONE',  ( -12.33393433899865244, 34.83312777447439856, 4.989584202000875379 ) ) ;
#4480 = CARTESIAN_POINT ( 'NONE',  ( 4.479445552867571401, 36.72287560563407993, -12.56871297596162407 ) ) ;
#4481 = ORIENTED_EDGE ( 'NONE', *, *, #6315, .T. ) ;
#4482 = CARTESIAN_POINT ( 'NONE',  ( 12.95405839860700858, 21.52088153630632306, 4.015587053243779181 ) ) ;
#4483 = DIRECTION ( 'NONE',  ( 0.000000000000000000, 0.000000000000000000, -1.000000000000000000 ) ) ;
#4484 = CARTESIAN_POINT ( 'NONE',  ( 13.99842124899080353, 19.29453482803939579, 0.2148779529315506531 ) ) ;
#4485 = CARTESIAN_POINT ( 'NONE',  ( -3.970073553567721181, 21.44323036242478864, 10.90119510315728490 ) ) ;
#4486 = CARTESIAN_POINT ( 'NONE',  ( 11.46340775003472956, 19.82527801914188714, -1.781417498300660096 ) ) ;
#4487 = CARTESIAN_POINT ( 'NONE',  ( -3.479276566367546675, 38.86188454301553463, 13.56159021614736382 ) ) ;
#4488 = CARTESIAN_POINT ( 'NONE',  ( -5.000000000000010658, 24.50000000000000000, -12.32882846293107271 ) ) ;
#4489 = CARTESIAN_POINT ( 'NONE',  ( 12.95874204422272769, 21.50217584113870828, -4.001642435425493360 ) ) ;
#4490 = EDGE_CURVE ( 'NONE', #3620, #4724, #2027, .T. ) ;
#4491 = LINE ( 'NONE', #4037, #5023 ) ;
#4492 = CARTESIAN_POINT ( 'NONE',  ( 5.000000000000005329, 34.50000000000000000, 10.46709128650361720 ) ) ;
#4493 = CARTESIAN_POINT ( 'NONE',  ( -5.703703114510191519, 24.50000000000001421, -12.78545152826159637 ) ) ;
#4494 = CARTESIAN_POINT ( 'NONE',  ( -13.04939739922650688, 20.61244395041028099, 3.144364604730710333 ) ) ;
#4495 = CARTESIAN_POINT ( 'NONE',  ( -12.32882838044701757, 24.33290560571027683, 4.999995113876630981 ) ) ;
#4496 = CARTESIAN_POINT ( 'NONE',  ( 4.498273743600832653, 22.31661082840195220, -12.56052950982146221 ) ) ;
#4497 = EDGE_CURVE ( 'NONE', #4375, #2261, #2579, .T. ) ;
#4498 = DIRECTION ( 'NONE',  ( -0.000000000000000000, -1.000000000000000000, -0.000000000000000000 ) ) ;
#4499 = CARTESIAN_POINT ( 'NONE',  ( -12.92497929227597098, 38.02737450007187192, 3.543694065370968094 ) ) ;
#4500 = CARTESIAN_POINT ( 'NONE',  ( 3.757661995975799307, 21.20053164541491242, 12.85179736078883828 ) ) ;
#4501 = CARTESIAN_POINT ( 'NONE',  ( -6.726078347945040115, 9.853935401544285710, 12.28035996669494700 ) ) ;
#4502 = CARTESIAN_POINT ( 'NONE',  ( 13.12407149789203054, 36.66360412064037888, -4.874458661702170126 ) ) ;
#4503 = CARTESIAN_POINT ( 'NONE',  ( 4.956440746733071556, 35.16376980564199073, 12.35010137138237418 ) ) ;
#4504 = CARTESIAN_POINT ( 'NONE',  ( 13.10070940901844949, 20.97934716185379145, 3.550365417818895697 ) ) ;
#4505 = B_SPLINE_CURVE_WITH_KNOTS ( 'NONE', 3,
 ( #5985, #1870, #1319, #879, #2491, #4304, #1948, #5341, #756, #5426, #4226, #3017, #2455, #4742, #1907, #2578, #4187, #6461 ),
 .UNSPECIFIED., .F., .F.,
 ( 4, 2, 2, 2, 2, 2, 2, 2, 4 ),
 ( 1.238840354700144063E-17, 0.001511937718421399717, 0.003023875436842787291, 0.004535813155264174432, 0.006047750873685561572, 0.007559688592106948712, 0.009071626310528336720, 0.01058356402894972299, 0.01209550174737111100 ),
 .UNSPECIFIED. ) ;
#4506 = CARTESIAN_POINT ( 'NONE',  ( -4.232370933690659420, 21.83726021891627056, 12.67188722121715116 ) ) ;
#4507 = VERTEX_POINT ( 'NONE', #1102 ) ;
#4508 = CARTESIAN_POINT ( 'NONE',  ( 13.03822895539698123, 21.19942592449776342, 3.756691287007059454 ) ) ;
#4509 = CARTESIAN_POINT ( 'NONE',  ( 2.481087856432813599, 13.59474911882305115, 11.34118702102773035 ) ) ;
#4510 = CARTESIAN_POINT ( 'NONE',  ( -5.553121606394170406, 35.75870148710846053, 12.85159385794370657 ) ) ;
#4511 = CARTESIAN_POINT ( 'NONE',  ( -3.178498908793061517, 38.35968590956611024, -13.03938560544207270 ) ) ;
#4512 = CARTESIAN_POINT ( 'NONE',  ( -12.87240545979659423, 35.94297132763536240, 5.504708053775265064 ) ) ;
#4513 = CARTESIAN_POINT ( 'NONE',  ( 4.108199442731406137, 37.35119471416604142, -12.72129217169052673 ) ) ;
#4514 = ORIENTED_EDGE ( 'NONE', *, *, #228, .F. ) ;
#4515 = CARTESIAN_POINT ( 'NONE',  ( 4.286517685944734701, 20.87058512495778473, 13.32778963560510022 ) ) ;
#4516 = CARTESIAN_POINT ( 'NONE',  ( -4.332879406324924965, 21.98364962898873642, -10.76214967380652787 ) ) ;
#4517 = CARTESIAN_POINT ( 'NONE',  ( 10.76171355909803751, 21.98552902545436893, -4.333948978830233223 ) ) ;
#4518 = CARTESIAN_POINT ( 'NONE',  ( -1.850031902160097497, 39.70582088942155252, 13.87841952490497199 ) ) ;
#4519 = CARTESIAN_POINT ( 'NONE',  ( -3.904491433386125809, 20.48679124591437173, -13.44519813101695860 ) ) ;
#4520 = CARTESIAN_POINT ( 'NONE',  ( -12.78974625815653710, 34.86649425373720135, -5.694102590115896589 ) ) ;
#4521 = CARTESIAN_POINT ( 'NONE',  ( 5.571751601779612706, 35.67974387034234951, 12.84351997478798957 ) ) ;
#4522 = CARTESIAN_POINT ( 'NONE',  ( 8.584438932099970323E-15, 14.00000000000000000, 11.59999999999999964 ) ) ;
#4523 = CARTESIAN_POINT ( 'NONE',  ( 13.41185609425419045, 38.97155097450351491, 2.237907406592510640 ) ) ;
#4524 = CARTESIAN_POINT ( 'NONE',  ( 7.499999999999991118, 3.667153101113753255, 13.37365826965741533 ) ) ;
#4525 = CARTESIAN_POINT ( 'NONE',  ( -13.23144411092843420, 20.13328770616530861, 2.436749673415472550 ) ) ;
#4526 = EDGE_CURVE ( 'NONE', #7050, #143, #4915, .T. ) ;
#4527 = CIRCLE ( 'NONE', #2377, 1.999999999999998224 ) ;
#4528 = CARTESIAN_POINT ( 'NONE',  ( -13.43658867178313976, 19.64320661608419627, 1.188814211917127883 ) ) ;
#4529 = CARTESIAN_POINT ( 'NONE',  ( 1.942315636655061351, 19.89263052552241717, -13.32987769278679124 ) ) ;
#4530 = CARTESIAN_POINT ( 'NONE',  ( 13.58616585654067599, 19.56750593843452535, -0.8229570499960606744 ) ) ;
#4531 = CARTESIAN_POINT ( 'NONE',  ( -12.78545152826161946, 34.49999999999998579, 5.703703114510134675 ) ) ;
#4532 = CARTESIAN_POINT ( 'NONE',  ( -10.48324463568336284, 23.83370510768634531, -4.966578255355234894 ) ) ;
#4533 = CARTESIAN_POINT ( 'NONE',  ( 4.366010438661033888, 22.06185965880622746, 12.61693223441080214 ) ) ;
#4534 = DIRECTION ( 'NONE',  ( -1.206107350727848108E-16, 0.000000000000000000, -1.000000000000000000 ) ) ;
#4535 = EDGE_CURVE ( 'NONE', #500, #4474, #6319, .T. ) ;
#4536 = CARTESIAN_POINT ( 'NONE',  ( 13.26061233224915448, 38.53466804913983879, 2.953491610624594976 ) ) ;
#4537 = CARTESIAN_POINT ( 'NONE',  ( 4.363776925323191058, 36.94113133445881658, 12.61780855713343641 ) ) ;
#4538 = CARTESIAN_POINT ( 'NONE',  ( -4.628966502469382682, 22.60973474024547869, 12.50292118951649556 ) ) ;
#4539 = ORIENTED_EDGE ( 'NONE', *, *, #3350, .T. ) ;
#4540 = CONICAL_SURFACE ( 'NONE', #5984, 1.750000000000000000, 0.7853981633974489451 ) ;
#4541 = CARTESIAN_POINT ( 'NONE',  ( 13.24134340997886916, 37.25750444377840864, 4.546325442623021296 ) ) ;
#4542 = CARTESIAN_POINT ( 'NONE',  ( 5.508939228528512366, 23.06360153087853604, 12.87070849513812298 ) ) ;
#4543 = CARTESIAN_POINT ( 'NONE',  ( -4.839343276956334705, 37.41232561196844131, 13.13709814253309283 ) ) ;
#4544 = CARTESIAN_POINT ( 'NONE',  ( -1.845115717836861124, 39.14786446614745330, -13.34683969041585172 ) ) ;
#4545 = AXIS2_PLACEMENT_3D ( 'NONE', #6847, #558, #525 ) ;
#4546 = DIRECTION ( 'NONE',  ( 1.000000000000000000, 0.000000000000000000, 0.000000000000000000 ) ) ;
#4547 = CARTESIAN_POINT ( 'NONE',  ( -3.236979588150692866, 38.31098803232406880, -13.02201317247596535 ) ) ;
#4548 = ORIENTED_EDGE ( 'NONE', *, *, #3067, .F. ) ;
#4549 = CARTESIAN_POINT ( 'NONE',  ( 5.227517382448699124, 22.29813644253378158, 12.98747719068704498 ) ) ;
#4550 = CARTESIAN_POINT ( 'NONE',  ( 12.64959764776914319, 23.19783048398079117, -4.827633680932031268 ) ) ;
#4551 = CARTESIAN_POINT ( 'NONE',  ( -4.590981638777799745, 12.43557717472160995, -13.22732125183043550 ) ) ;
#4552 = CARTESIAN_POINT ( 'NONE',  ( 12.98259894866261455, 37.59170723914138534, 3.929913264076509982 ) ) ;
#4553 = MECHANICAL_DESIGN_GEOMETRIC_PRESENTATION_REPRESENTATION (  '', ( #5997 ), #2171 ) ;
#4554 = DIRECTION ( 'NONE',  ( -0.000000000000000000, 1.000000000000000000, -0.000000000000000000 ) ) ;
#4555 = CARTESIAN_POINT ( 'NONE',  ( 5.000000000000005329, 34.50000000000000000, 12.32882846293108869 ) ) ;
#4556 = CARTESIAN_POINT ( 'NONE',  ( -2.783879528940850889, 19.69878572118999216, -13.72067480238318282 ) ) ;
#4557 = CARTESIAN_POINT ( 'NONE',  ( -13.76882338338731770, 39.42819163016674366, -2.539130102179665727 ) ) ;
#4558 = CARTESIAN_POINT ( 'NONE',  ( 5.479673920861159786, 36.02900907600425029, 12.88309252788363324 ) ) ;
#4559 = CARTESIAN_POINT ( 'NONE',  ( 4.550259204778909883, 36.57881145346657803, 10.67051050939734225 ) ) ;
#4560 = CARTESIAN_POINT ( 'NONE',  ( 13.20840581498122290, 21.88263208698063877, -4.645428924155309502 ) ) ;
#4561 = CARTESIAN_POINT ( 'NONE',  ( -12.98463330004698335, 20.79600313656758814, 3.358634340438580335 ) ) ;
#4562 = CARTESIAN_POINT ( 'NONE',  ( -12.33293925967243077, 24.16742127044031463, 4.991646442905432579 ) ) ;
#4563 = CARTESIAN_POINT ( 'NONE',  ( -12.44518525709759338, 36.04529220315468763, 4.755869138109158456 ) ) ;
#4564 = CARTESIAN_POINT ( 'NONE',  ( -1.066920012570719001, 19.61447813237699478, -13.44917931708191716 ) ) ;
#4565 = CARTESIAN_POINT ( 'NONE',  ( 11.60018711982958450, 39.50043411831659768, -0.3242568011507288017 ) ) ;
#4566 = CARTESIAN_POINT ( 'NONE',  ( -10.48315697568511418, 23.83712948541741028, 4.966741162160683842 ) ) ;
#4567 = UNCERTAINTY_MEASURE_WITH_UNIT (LENGTH_MEASURE( 1.000000000000000082E-05 ), #4691, 'distance_accuracy_value', 'NONE');
#4568 = CARTESIAN_POINT ( 'NONE',  ( -4.550245928475918689, 22.42113937268589297, 12.53805450426572676 ) ) ;
#4569 = DIRECTION ( 'NONE',  ( 0.000000000000000000, 0.000000000000000000, -1.000000000000000000 ) ) ;
#4570 = CARTESIAN_POINT ( 'NONE',  ( 13.54875493210798609, 39.33676161750722144, 1.267856865701065816 ) ) ;
#4571 = CARTESIAN_POINT ( 'NONE',  ( 2.648690145665284046, 38.74390169723758959, 13.18272709041976576 ) ) ;
#4572 = CARTESIAN_POINT ( 'NONE',  ( -0.3255932167228901553, 39.49216620050434301, -13.49648408309564651 ) ) ;
#4573 = CARTESIAN_POINT ( 'NONE',  ( 13.20155716617629515, 20.64792624814015554, 3.187729460914957791 ) ) ;
#4574 = EDGE_CURVE ( 'NONE', #338, #3125, #3290, .T. ) ;
#4575 = CARTESIAN_POINT ( 'NONE',  ( -4.620412418606405502, 22.58893607937531556, 12.50674842157658873 ) ) ;
#4576 = ORIENTED_EDGE ( 'NONE', *, *, #3172, .T. ) ;
#4577 = CARTESIAN_POINT ( 'NONE',  ( 13.07281374429919474, 36.34724048512690331, 5.010246306057693388 ) ) ;
#4578 = CARTESIAN_POINT ( 'NONE',  ( 7.499999999999992006, 7.013066565707747557, 8.849293757131135862 ) ) ;
#4579 = CARTESIAN_POINT ( 'NONE',  ( 0.6548938153536201234, 39.96438889897551405, 13.98499269927931543 ) ) ;
#4580 = EDGE_CURVE ( 'NONE', #4732, #338, #2672, .T. ) ;
#4581 = CARTESIAN_POINT ( 'NONE',  ( 4.437617773997853732, 36.80398026187763350, 12.58659725602580615 ) ) ;
#4582 = CARTESIAN_POINT ( 'NONE',  ( -1.142580959466423796, 39.37047554443930153, -13.44254448012600101 ) ) ;
#4583 = ORIENTED_EDGE ( 'NONE', *, *, #1535, .T. ) ;
#4584 = LINE ( 'NONE', #606, #4314 ) ;
#4585 = CARTESIAN_POINT ( 'NONE',  ( 13.17350747490000629, 22.06977299649241075, 4.739112490133972067 ) ) ;
#4586 = LINE ( 'NONE', #4107, #1338 ) ;
#4587 = CARTESIAN_POINT ( 'NONE',  ( 13.09985363390033974, 38.01774020842086088, 3.553295773970252647 ) ) ;
#4588 = CARTESIAN_POINT ( 'NONE',  ( -1.310262428491208331, 39.33645531710133980, -11.53030089901728061 ) ) ;
#4589 = ORIENTED_EDGE ( 'NONE', *, *, #5910, .T. ) ;
#4590 = B_SPLINE_CURVE_WITH_KNOTS ( 'NONE', 3,
 ( #2233, #7328, #1094, #2267, #536, #3359, #6824, #6785, #5754, #603, #6156, #6269, #5645, #3317, #3390, #2754, #2859, #644, #1681, #6303, #2823, #2305, #5711, #5072, #1132, #5147, #3988, #4581, #5108, #6858, #5006, #3424, #3952, #2200, #7363, #1755, #6231, #4022, #568, #1199, #7295, #2165, #4448, #1051, #5607, #496, #2055, #4256, #2570, #322, #1429, #6551, #6433, #5929, #236, #3080, #2965, #1379, #5965, #699, #1339, #6514, #854, #735, #815, #3601, #5889, #5818, #5243, #7089, #4685, #162, #2516, #2471, #4762, #4806, #7045, #6968, #1967, #1924, #2006, #5288, #5361, #4243, #5404, #774, #310, #3122, #3531, #7004, #1852, #3640, #5853, #3037, #198, #5322, #269, #4164, #4848, #1416, #4204, #3000, #6405, #6480, #7134, #4284, #4130, #2435, #3677, #1298, #3565, #4721, #1885, #1002, #4366, #7211, #3267, #965, #7312, #4430, #2595, #2084, #4885, #6635, #2736, #3867, #2628, #3162, #5561, #417, #379, #6143, #2149, #6703, #1036, #2117, #1527, #7172, #5027, #5593, #3796, #6596, #6076, #2042, #2184, #5484, #4924, #449, #3724, #5523, #4397, #2669, #6007, #4329, #4961, #7243, #1493, #897, #3760, #6665, #5443, #6043, #1559, #2702, #4991, #7278, #1603, #555, #1705, #5775, #6251, #5057, #5697, #2220, #2842, #1812, #4156, #4637, #2956, #5350, #2994, #3591, #2394, #1259, #5279, #5811, #6995, #7035, #5881, #1370, #5236, #2462, #7079, #4678, #3027, #1846, #5313, #4752, #4122, #3068, #5845, #1917, #260, #2502, #1958, #5954, #843, #6624, #3787, #3820, #6066 ),
 .UNSPECIFIED., .F., .F.,
 ( 4, 2, 2, 1, 2, 2, 1, 1, 2, 2, 2, 1, 2, 2, 2, 1, 1, 2, 2, 2, 1, 1, 2, 2, 2, 1, 1, 1, 2, 2, 2, 1, 2, 2, 1, 1, 2, 2, 2, 1, 1, 1, 2, 2, 2, 1, 1, 2, 2, 2, 1, 2, 2, 2, 1, 2, 2, 1, 2, 2, 1, 2, 2, 2, 2, 2, 2, 2, 2, 1, 2, 2, 1, 1, 2, 2, 2, 1, 2, 2, 2, 1, 1, 2, 2, 2, 1, 1, 2, 2, 1, 1, 1, 2, 2, 2, 1, 2, 2, 2, 1, 1, 2, 2, 2, 1, 1, 2, 2, 2, 1, 1, 2, 2, 2, 1, 2, 2, 2, 2, 2, 1, 2, 2, 2, 2, 4 ),
 ( 0.000000000000000000, 0.01562500000003663389, 0.03125000000007326778, 0.04687500000010989820, 0.05468750000012821688, 0.06250000000014653556, 0.07812500000018451907, 0.08593750000020287938, 0.08984375000021144198, 0.09375000000022000457, 0.1093750000002554901, 0.1171875000002732675, 0.1210937500002827183, 0.1250000000002921552, 0.1406250000003313461, 0.1484375000003509415, 0.1523437500003602119, 0.1542968750003642919, 0.1562500000003683720, 0.1718750000003955447, 0.1796875000004092005, 0.1835937500004160561, 0.1855468750004190259, 0.1875000000004219680, 0.2031250000004445055, 0.2109375000004552470, 0.2148437500004610756, 0.2167968750004635459, 0.2177734375004647949, 0.2187500000004660161, 0.2265625000004676537, 0.2304687500004684586, 0.2324218750004688749, 0.2343750000004692913, 0.2421875000004710399, 0.2460937500004718448, 0.2480468750004722334, 0.2500000000004726219, 0.2656250000004746203, 0.2734375000004755640, 0.2773437500004755640, 0.2792968750004760081, 0.2802734375004758416, 0.2812500000004756195, 0.2968750000004699019, 0.3046875000004666822, 0.3085937500004646838, 0.3105468750004636291, 0.3125000000004626299, 0.3281250000004501954, 0.3359375000004442557, 0.3398437500004412026, 0.3437500000004381495, 0.3593750000004266587, 0.3671875000004209966, 0.3710937500004178324, 0.3750000000004146128, 0.3906250000004019562, 0.3984375000003956280, 0.4062500000003892997, 0.4218750000003762546, 0.4296875000003699263, 0.4375000000003635980, 0.4531250000003506639, 0.4687500000003377298, 0.5000000000003118616, 0.5312500000002859935, 0.5468750000002731149, 0.5625000000002602363, 0.5781250000002473577, 0.5859375000002408074, 0.5937500000002342571, 0.6093750000002210454, 0.6171875000002147171, 0.6210937500002114975, 0.6250000000002083889, 0.6406250000001948441, 0.6484375000001880718, 0.6523437500001844080, 0.6562500000001808553, 0.6718750000001648681, 0.6796875000001568745, 0.6835937500001530998, 0.6855468750001512124, 0.6875000000001494360, 0.7031250000001389999, 0.7109375000001337819, 0.7148437500001315614, 0.7167968750001308953, 0.7187500000001303402, 0.7265625000001295630, 0.7304687500001286748, 0.7324218750001282308, 0.7333984375001281197, 0.7343750000001280087, 0.7421875000001271205, 0.7460937500001261213, 0.7480468750001256772, 0.7500000000001252332, 0.7656250000001278977, 0.7734375000001292300, 0.7773437500001298961, 0.7792968750001301181, 0.7812500000001303402, 0.7968750000001282308, 0.8046875000001271205, 0.8085937500001261213, 0.8105468750001255662, 0.8125000000001250111, 0.8281250000001206812, 0.8359375000001191269, 0.8398437500001183498, 0.8417968750001173506, 0.8437500000001163514, 0.8593750000001078027, 0.8671875000001030287, 0.8710937500001006972, 0.8750000000000982547, 0.8906250000000855982, 0.8984375000000787148, 0.9062500000000718314, 0.9218750000000579536, 0.9296875000000516254, 0.9375000000000452971, 0.9531250000000339728, 0.9687500000000226485, 1.000000000000000000 ),
 .UNSPECIFIED. ) ;
#4591 = DIRECTION ( 'NONE',  ( 0.000000000000000000, -1.000000000000000000, 0.000000000000000000 ) ) ;
#4592 = CARTESIAN_POINT ( 'NONE',  ( -2.864371766497094463, 19.74300992945325106, -13.70408635373658157 ) ) ;
#4593 = CARTESIAN_POINT ( 'NONE',  ( 7.500000000000000000, 3.499999999999982236, -59.57475013247809414 ) ) ;
#4594 = CARTESIAN_POINT ( 'NONE',  ( 5.703703114510163985, 45.00000000000000000, 12.78545152826160347 ) ) ;
#4595 = DIRECTION ( 'NONE',  ( 0.000000000000000000, 1.000000000000000000, 0.000000000000000000 ) ) ;
#4596 = DIRECTION ( 'NONE',  ( -0.000000000000000000, -1.000000000000000000, -0.000000000000000000 ) ) ;
#4597 = FILL_AREA_STYLE_COLOUR ( '', #3599 ) ;
#4598 = CARTESIAN_POINT ( 'NONE',  ( -12.95327285091669900, 20.88785966677913208, 3.457289114074762360 ) ) ;
#4599 = CARTESIAN_POINT ( 'NONE',  ( -13.07604002329430948, 20.53889301655242505, 3.052251993749830472 ) ) ;
#4600 = CARTESIAN_POINT ( 'NONE',  ( -12.72023457252454293, 37.34709907467825474, 4.110833565549106616 ) ) ;
#4601 = CARTESIAN_POINT ( 'NONE',  ( 1.845115717857942705, 19.85213553386132901, -13.34683969041262941 ) ) ;
#4602 = CARTESIAN_POINT ( 'NONE',  ( -12.39260856760610352, 35.64427417850248503, -4.867996716262330992 ) ) ;
#4603 = CARTESIAN_POINT ( 'NONE',  ( 4.967023529125286885, 23.92069068901176010, 12.34495114201459032 ) ) ;
#4604 = CARTESIAN_POINT ( 'NONE',  ( -13.34536915249459632, 39.14428674373286299, -1.852304963116612191 ) ) ;
#4605 = CARTESIAN_POINT ( 'NONE',  ( 12.71444811654762042, 36.29215340216316577, -4.668102480980811819 ) ) ;
#4606 = CARTESIAN_POINT ( 'NONE',  ( -2.850616527814581413, 20.39140547657298796, 13.13100570689688418 ) ) ;
#4607 = CARTESIAN_POINT ( 'NONE',  ( -7.500000000000000000, 14.00000000000000000, -59.57475013247809414 ) ) ;
#4608 = CARTESIAN_POINT ( 'NONE',  ( 13.47563228442246341, 39.14485336658211878, 1.852552823420021699 ) ) ;
#4609 = CARTESIAN_POINT ( 'NONE',  ( 4.931124666855684069, 35.32809407575478389, 12.36235163672388637 ) ) ;
#4610 = CARTESIAN_POINT ( 'NONE',  ( -3.270242672348937063, 20.71741736903345910, 13.01197419619437312 ) ) ;
#4611 = ORIENTED_EDGE ( 'NONE', *, *, #2290, .F. ) ;
#4612 = CARTESIAN_POINT ( 'NONE',  ( 13.25728630060668323, 37.32894828575782498, 4.499664409926833031 ) ) ;
#4613 = CARTESIAN_POINT ( 'NONE',  ( -12.38465242238705599, 23.42932020456455078, -4.884684129087135673 ) ) ;
#4614 = CARTESIAN_POINT ( 'NONE',  ( -0.1013573958687112031, 39.99988109358804422, 13.99994996193350971 ) ) ;
#4615 = CARTESIAN_POINT ( 'NONE',  ( -13.65230268329046659, 19.88350075338312806, 3.101765169835592584 ) ) ;
#4616 = ADVANCED_FACE ( 'NONE', ( #6829 ), #4540, .F. ) ;
#4617 = CARTESIAN_POINT ( 'NONE',  ( 7.499999999999991118, 45.00000000000000000, 11.82159041753689444 ) ) ;
#4618 = CARTESIAN_POINT ( 'NONE',  ( -13.08422580486368680, 37.18195414254305575, -4.980485467394920818 ) ) ;
#4619 = CARTESIAN_POINT ( 'NONE',  ( -4.323240832646985332, 37.01222333411794807, -12.63468169852538736 ) ) ;
#4620 = ORIENTED_EDGE ( 'NONE', *, *, #4443, .F. ) ;
#4621 = CARTESIAN_POINT ( 'NONE',  ( 7.499999999999994671, 6.500000000000012434, -11.82159041753689088 ) ) ;
#4622 = CARTESIAN_POINT ( 'NONE',  ( 13.30762358362764175, 21.45585433676430398, 4.348575566664401038 ) ) ;
#4623 = PLANE ( 'NONE',  #2748 ) ;
#4624 = CARTESIAN_POINT ( 'NONE',  ( 12.88970055625874167, 37.21069320310632378, 4.202341554057978712 ) ) ;
#4625 = DIRECTION ( 'NONE',  ( -1.206107350727848108E-16, 0.000000000000000000, -1.000000000000000000 ) ) ;
#4626 = ORIENTED_EDGE ( 'NONE', *, *, #5603, .F. ) ;
#4627 = ADVANCED_FACE ( 'NONE', ( #2346 ), #4623, .F. ) ;
#4628 = CARTESIAN_POINT ( 'NONE',  ( -5.426643747919281502, 36.19577240384295180, 12.90551915967658836 ) ) ;
#4629 = CARTESIAN_POINT ( 'NONE',  ( -4.286517685944757794, 20.87058512495778118, -13.32778963560509133 ) ) ;
#4630 = CARTESIAN_POINT ( 'NONE',  ( 2.540788567326846881, 39.42738060729659111, 13.76851353488013352 ) ) ;
#4631 = CARTESIAN_POINT ( 'NONE',  ( 12.99187787863134247, 23.30911593488707112, -5.216478348648323937 ) ) ;
#4632 = CARTESIAN_POINT ( 'NONE',  ( 13.04998742826936287, 22.80629044041601716, 5.069608290756779212 ) ) ;
#4633 = CARTESIAN_POINT ( 'NONE',  ( -13.46336086141335819, 19.58230119720269968, 0.9071277292643415979 ) ) ;
#4634 = CARTESIAN_POINT ( 'NONE',  ( -13.40827102715396535, 19.70831677206446741, 1.428809295313518524 ) ) ;
#4635 = CARTESIAN_POINT ( 'NONE',  ( -12.58659725603197366, 36.80398026190873395, 4.437617773981632929 ) ) ;
#4636 = CARTESIAN_POINT ( 'NONE',  ( 1.612621738467911792, 19.76701957670639942, -13.38301547417988147 ) ) ;
#4637 = CARTESIAN_POINT ( 'NONE',  ( -4.147428755984233995, 37.29266048017483826, 12.70577230646488687 ) ) ;
#4638 = CARTESIAN_POINT ( 'NONE',  ( -12.45659356369190363, 36.11956862259695811, -4.731152084026907900 ) ) ;
#4639 = CARTESIAN_POINT ( 'NONE',  ( 1.150144766899951097E-13, 19.49999999999867129, -11.60000000000056808 ) ) ;
#4640 = CARTESIAN_POINT ( 'NONE',  ( -13.49990682353137039, 39.49978996341000226, -0.1703400656749451958 ) ) ;
#4641 = CARTESIAN_POINT ( 'NONE',  ( 12.65956630745730926, 35.88812042740676844, -4.803494174840366782 ) ) ;
#4642 = CARTESIAN_POINT ( 'NONE',  ( -3.911652942236491626, 21.38464042463610326, 12.79606528306285185 ) ) ;
#4643 = CARTESIAN_POINT ( 'NONE',  ( 5.555136768253554180, 35.76016570270498818, -12.85076168067720204 ) ) ;
#4644 = CARTESIAN_POINT ( 'NONE',  ( 12.68907171049694682, 36.11771683958455270, 4.731247661824509620 ) ) ;
#4645 = CARTESIAN_POINT ( 'NONE',  ( 1.999132676454184132, 39.08369846579643792, 13.31996301984297482 ) ) ;
#4646 = DIRECTION ( 'NONE',  ( 0.000000000000000000, 0.000000000000000000, 1.000000000000000000 ) ) ;
#4647 = CARTESIAN_POINT ( 'NONE',  ( -3.197575384725202863, 20.65608983839582180, 13.03374366500552206 ) ) ;
#4648 = ORIENTED_EDGE ( 'NONE', *, *, #4328, .T. ) ;
#4649 = ORIENTED_EDGE ( 'NONE', *, *, #4828, .T. ) ;
#4650 = DIRECTION ( 'NONE',  ( 1.206107350727848108E-16, 0.000000000000000000, -1.000000000000000000 ) ) ;
#4651 = CARTESIAN_POINT ( 'NONE',  ( -12.69519241595428305, 21.74739444449379988, -4.174120316762317096 ) ) ;
#4652 = VECTOR ( 'NONE', #4137, 1000.000000000000000 ) ;
#4653 = CARTESIAN_POINT ( 'NONE',  ( 1.484806420479550804, 39.81343295475130617, 13.92220683203126619 ) ) ;
#4654 = AXIS2_PLACEMENT_3D ( 'NONE', #5919, #6585, #922 ) ;
#4655 = CARTESIAN_POINT ( 'NONE',  ( -13.61606148701396002, 19.98430022689372976, 3.256440451767162791 ) ) ;
#4656 = DIRECTION ( 'NONE',  ( 0.000000000000000000, 0.000000000000000000, 1.000000000000000000 ) ) ;
#4657 = CARTESIAN_POINT ( 'NONE',  ( -18.50000000000000000, 3.499999999999984901, 0.000000000000000000 ) ) ;
#4658 = CARTESIAN_POINT ( 'NONE',  ( -4.480269576915498320, 36.72569880190030034, -12.56861858690737854 ) ) ;
#4659 = VECTOR ( 'NONE', #4697, 1000.000000000000000 ) ;
#4660 = ORIENTED_EDGE ( 'NONE', *, *, #5953, .T. ) ;
#4661 = CARTESIAN_POINT ( 'NONE',  ( 4.464326232005121575, 21.07568893809728294, 13.26927361248401205 ) ) ;
#4662 = CARTESIAN_POINT ( 'NONE',  ( 12.65872100131005418, 23.11857087772589381, -4.805553660158676799 ) ) ;
#4663 = DIRECTION ( 'NONE',  ( 0.000000000000000000, 0.000000000000000000, 1.000000000000000000 ) ) ;
#4664 = CARTESIAN_POINT ( 'NONE',  ( -3.386226908576054129, 13.21012024156805609, 11.10462410299510161 ) ) ;
#4665 = CARTESIAN_POINT ( 'NONE',  ( 5.640337251793434703, 11.44921429304850768, 12.81463547616501941 ) ) ;
#4666 = CARTESIAN_POINT ( 'NONE',  ( -5.299337663097267281, 22.46402362713914158, -12.95833794104592052 ) ) ;
#4667 = FACE_OUTER_BOUND ( 'NONE', #4255, .T. ) ;
#4668 = CARTESIAN_POINT ( 'NONE',  ( -13.21567769546508231, 38.82753481683848662, 2.509765903596063108 ) ) ;
#4669 = CARTESIAN_POINT ( 'NONE',  ( -9.499999999999994671, 3.499999999999985789, -19.84313483298443970 ) ) ;
#4670 = EDGE_CURVE ( 'NONE', #1485, #37, #4586, .T. ) ;
#4671 = CIRCLE ( 'NONE', #5270, 14.00000000000000000 ) ;
#4672 = CARTESIAN_POINT ( 'NONE',  ( 12.93429922887929706, 24.50000000000000711, -5.357602398257307108 ) ) ;
#4673 = CARTESIAN_POINT ( 'NONE',  ( 13.14902958268699606, 22.17803464384630985, 4.808721478176541275 ) ) ;
#4674 = CARTESIAN_POINT ( 'NONE',  ( -12.60832716549288257, 22.09993717380810807, 4.386318388890757980 ) ) ;
#4675 = CARTESIAN_POINT ( 'NONE',  ( -12.68686278043297300, 21.77854377066732283, -4.195267373628944974 ) ) ;
#4676 = CARTESIAN_POINT ( 'NONE',  ( -1.852304963161390816, 19.85571325628504269, -13.34536915248716227 ) ) ;
#4677 = B_SPLINE_CURVE_WITH_KNOTS ( 'NONE', 3,
 ( #1601, #6141, #1033, #3299, #5025, #7309, #6249, #2218, #119, #4082, #6210, #5660, #2322, #621, #1179, #3405, #4563, #46, #1114, #553, #82, #5695, #4007, #3443, #6917, #3479, #5, #4635, #6877, #1219, #660, #3519, #691, #6286, #6841, #5731, #5200, #1811, #2878, #4600, #1774, #4041, #6323, #5773, #2919, #2357, #2954, #3165, #4694, #7214, #5527, #2675, #4964, #4246, #3681, #5447, #2152, #522, #2705, #2778, #4499, #11, #6217, #2255, #4434, #6706, #6255, #2740, #5030, #3411, #592, #2847, #5130, #2289, #7313, #1185, #6178, #1076, #6473, #6329, #664, #2464, #5813, #4755, #231, #2884, #4087, #5168, #729, #2924, #694, #2362, #2397, #5281, #1262, #7038, #1332, #3524, #3595, #4047, #1919, #4199, #1373, #1778, #1813, #1293, #6963, #5238, #4640, #6364, #193, #2959, #157, #2430, #4681, #3635, #5884, #1227, #4159, #4124, #3486, #86, #4604, #3560, #6881, #4714, #5847, #2996, #5779, #6997, #5922, #2075, #2112, #6545, #4236, #7237, #3226, #1448, #6587, #890, #3073, #7165, #339, #5958, #4391, #3670, #3715, #5516, #5396, #411, #304, #2552, #4841, #7127, #808, #3790, #2661, #5353, #6507, #6036, #4321, #2509, #1486, #5999, #1999, #4278, #3190, #4359, #4954, #3155, #6659, #4800, #7083, #2589, #1409, #924, #847, #4878, #2036, #3753, #5477, #6069, #373, #2621, #4917, #6628, #3115, #1520, #959, #6575, #1872, #7029, #6499, #7072, #5345, #757, #2456, #5386, #3627, #6463, #296, #5988, #5307, #4705, #6988, #1365, #4150, #5911, #7158, #3146, #1911 ),
 .UNSPECIFIED., .F., .F.,
 ( 4, 2, 2, 1, 2, 2, 1, 1, 2, 2, 2, 1, 2, 2, 2, 1, 1, 2, 2, 2, 1, 1, 2, 2, 2, 1, 1, 1, 2, 2, 2, 1, 2, 2, 1, 1, 2, 2, 2, 1, 1, 1, 2, 2, 2, 1, 1, 2, 2, 2, 1, 2, 2, 2, 1, 2, 2, 1, 2, 2, 1, 2, 2, 2, 2, 2, 2, 2, 2, 1, 2, 2, 1, 1, 2, 2, 2, 1, 2, 2, 2, 1, 1, 2, 2, 2, 1, 1, 2, 2, 1, 1, 1, 2, 2, 2, 1, 2, 2, 2, 1, 1, 2, 2, 2, 1, 1, 2, 2, 2, 1, 1, 2, 2, 2, 1, 2, 2, 2, 2, 2, 1, 2, 2, 2, 2, 4 ),
 ( 0.000000000000000000, 0.01562500000000446171, 0.03125000000000892342, 0.04687500000001338513, 0.05468750000001559863, 0.06250000000001781908, 0.07812500000002096934, 0.08593750000002257916, 0.08984375000002337019, 0.09375000000002414735, 0.1093750000000270062, 0.1171875000000284772, 0.1210937500000285605, 0.1250000000000286160, 0.1406250000000325850, 0.1484375000000339451, 0.1523437500000341394, 0.1542968750000347777, 0.1562500000000354161, 0.1718750000000385247, 0.1796875000000406064, 0.1835937500000416334, 0.1855468750000416334, 0.1875000000000416334, 0.2031250000000439093, 0.2109375000000445199, 0.2148437500000447975, 0.2167968750000444922, 0.2177734375000443812, 0.2187500000000442701, 0.2265625000000487665, 0.2304687500000509870, 0.2324218750000521250, 0.2343750000000532629, 0.2421875000000597300, 0.2460937500000629219, 0.2480468750000645040, 0.2500000000000660583, 0.2656250000000753841, 0.2734375000000801026, 0.2773437500000828781, 0.2792968750000842659, 0.2802734375000845435, 0.2812500000000848210, 0.2968750000000780487, 0.3046875000000746070, 0.3085937500000729417, 0.3105468750000725531, 0.3125000000000721645, 0.3281250000000652256, 0.3359375000000613398, 0.3398437500000593969, 0.3437500000000574540, 0.3593750000000484612, 0.3671875000000439093, 0.3710937500000419109, 0.3750000000000399125, 0.3906250000000335842, 0.3984375000000304201, 0.4062500000000272005, 0.4218750000000204281, 0.4296875000000168754, 0.4375000000000133227, 0.4531250000000060507, 0.4687499999999987232, 0.4999999999999842348, 0.5312499999999696909, 0.5468749999999625855, 0.5624999999999553690, 0.5781249999999481526, 0.5859374999999445999, 0.5937499999999410472, 0.6093749999999338307, 0.6171874999999301670, 0.6210937499999286127, 0.6249999999999270583, 0.6406249999999211742, 0.6484374999999181766, 0.6523437499999167333, 0.6562499999999152900, 0.6718749999999108491, 0.6796874999999086286, 0.6835937499999071854, 0.6855468749999064082, 0.6874999999999056310, 0.7031249999999011902, 0.7109374999998995248, 0.7148437499998989697, 0.7167968749998990807, 0.7187499999998991917, 0.7265624999999005240, 0.7304687499999016342, 0.7324218749999025224, 0.7333984374999034106, 0.7343749999999044098, 0.7421874999999137357, 0.7460937499999180655, 0.7480468749999198419, 0.7499999999999216183, 0.7656249999999338307, 0.7734374999999399369, 0.7773437499999424904, 0.7792968749999437117, 0.7812499999999449329, 0.7968749999999507061, 0.8046874999999534817, 0.8085937499999549249, 0.8105468749999557021, 0.8124999999999564793, 0.8281249999999623634, 0.8359374999999646949, 0.8398437499999652500, 0.8417968749999649170, 0.8437499999999645839, 0.8593749999999661382, 0.8671874999999669154, 0.8710937499999666933, 0.8749999999999664713, 0.8906249999999680256, 0.8984374999999693578, 0.9062499999999706901, 0.9218749999999744649, 0.9296874999999763522, 0.9374999999999782396, 0.9531249999999833467, 0.9687499999999885647, 1.000000000000000000 ),
 .UNSPECIFIED. ) ;
#4678 = CARTESIAN_POINT ( 'NONE',  ( -4.646744365626465090, 36.34796407515511163, 12.49499534280669266 ) ) ;
#4679 = CARTESIAN_POINT ( 'NONE',  ( 13.39468406164758107, 20.07617800906816186, -2.330286194807938749 ) ) ;
#4680 = CARTESIAN_POINT ( 'NONE',  ( -12.56871297596166492, 36.72287560563405862, -4.479445552867579394 ) ) ;
#4681 = CARTESIAN_POINT ( 'NONE',  ( -13.44917931709056269, 39.38552186763890006, -1.066920012491682890 ) ) ;
#4682 = CARTESIAN_POINT ( 'NONE',  ( 0.1712105040747619600, 19.50225525392734482, 13.49898907600387332 ) ) ;
#4683 = CARTESIAN_POINT ( 'NONE',  ( 3.479250816711108474, 38.86190368893672087, -13.56159683871570287 ) ) ;
#4684 = CARTESIAN_POINT ( 'NONE',  ( 13.60628134349274987, 39.48329799337724921, 0.4165012794911276406 ) ) ;
#4685 = CARTESIAN_POINT ( 'NONE',  ( 3.105800349168533536, 38.41941914302388028, 13.06079719102696046 ) ) ;
#4686 = CARTESIAN_POINT ( 'NONE',  ( -0.5741885885617854512, 19.53238074689454606, 13.48552442851782729 ) ) ;
#4687 = ORIENTED_EDGE ( 'NONE', *, *, #4268, .T. ) ;
#4688 = CARTESIAN_POINT ( 'NONE',  ( 13.12373449485286869, 36.66166713114368747, 4.875365115743110600 ) ) ;
#4689 = CARTESIAN_POINT ( 'NONE',  ( -2.029858609477929399, 39.64302891737841605, 13.85314853604837637 ) ) ;
#4690 = CARTESIAN_POINT ( 'NONE',  ( -13.90487342823278638, 19.22914890673868982, 1.629900805558012422 ) ) ;
#4691 =( LENGTH_UNIT ( ) NAMED_UNIT ( * ) SI_UNIT ( .MILLI., .METRE. ) );
#4692 = CARTESIAN_POINT ( 'NONE',  ( -2.294748772665814229, 38.94305592966691876, -13.26215498409429649 ) ) ;
#4693 = VERTEX_POINT ( 'NONE', #573 ) ;
#4694 = CARTESIAN_POINT ( 'NONE',  ( -12.82254934710084626, 37.70362957537220439, 3.838996741359318232 ) ) ;
#4695 = CARTESIAN_POINT ( 'NONE',  ( -4.682389296490486963, 21.35813888288910078, 13.19387144847084059 ) ) ;
#4696 = CARTESIAN_POINT ( 'NONE',  ( 13.18837296926700020, 21.99470241077503729, 4.697584996139758218 ) ) ;
#4697 = DIRECTION ( 'NONE',  ( 1.000000000000000000, -0.000000000000000000, -0.000000000000000000 ) ) ;
#4698 = CARTESIAN_POINT ( 'NONE',  ( 12.72275258512552831, 36.34659602383287336, 4.647286977917434392 ) ) ;
#4699 = DIRECTION ( 'NONE',  ( -0.000000000000000000, -0.000000000000000000, 1.000000000000000000 ) ) ;
#4700 = VERTEX_POINT ( 'NONE', #141 ) ;
#4701 = CARTESIAN_POINT ( 'NONE',  ( 6.725619849626338187, 9.854529718456433329, 12.28059687414248025 ) ) ;
#4702 = CARTESIAN_POINT ( 'NONE',  ( 3.476011347220271830, 20.13846969695880063, -13.56182936677059736 ) ) ;
#4703 = CARTESIAN_POINT ( 'NONE',  ( -13.85445939404586468, 39.64631220021913549, 2.021004511929593406 ) ) ;
#4704 = CARTESIAN_POINT ( 'NONE',  ( -12.88990531660748573, 37.92011614878272496, 3.648191677156961799 ) ) ;
#4705 = CARTESIAN_POINT ( 'NONE',  ( -12.38014579233128210, 35.52448788923973666, -4.894093393221124799 ) ) ;
#4706 = FACE_OUTER_BOUND ( 'NONE', #3842, .T. ) ;
#4707 = CARTESIAN_POINT ( 'NONE',  ( 1.544536249542088013, 39.25613163119534477, -13.39292899314075846 ) ) ;
#4708 = DIRECTION ( 'NONE',  ( -0.000000000000000000, -1.000000000000000000, -0.000000000000000000 ) ) ;
#4709 = CARTESIAN_POINT ( 'NONE',  ( -12.34976450109371093, 23.84158697147021400, 4.957140336661066016 ) ) ;
#4710 = CARTESIAN_POINT ( 'NONE',  ( -13.02201317247600620, 20.68901196767593120, -3.236979588150673326 ) ) ;
#4711 = CARTESIAN_POINT ( 'NONE',  ( -2.331966488355108780, 20.07706360419886948, -13.25406959293823839 ) ) ;
#4712 = EDGE_CURVE ( 'NONE', #6348, #6852, #682, .T. ) ;
#4713 = CARTESIAN_POINT ( 'NONE',  ( -13.50004493787834292, 39.50009977257072791, 0.07629025158931120043 ) ) ;
#4714 = CARTESIAN_POINT ( 'NONE',  ( -13.31946312805824029, 39.08248789607308993, -2.001732616149650035 ) ) ;
#4715 = CARTESIAN_POINT ( 'NONE',  ( 12.84426332153723394, 37.00405762758930450, -4.328553141441283891 ) ) ;
#4716 = B_SPLINE_CURVE_WITH_KNOTS ( 'NONE', 3,
 ( #4865, #2648, #3213, #3743, #7292, #6572, #6615, #1016, #914, #3279, #3180, #5464, #361, #2610, #4447, #6681, #5423, #3846, #4900, #2064, #7224, #3696, #5982, #946, #1435, #7151, #2132, #4345, #3777, #5499, #4939, #6124, #2684, #2021, #5575, #6088, #430, #7260, #2717, #5005, #395, #6057, #877, #2100, #4378, #3142, #975, #327, #6648, #463, #2576, #4302, #1541, #3809, #5539, #3245, #2163, #4973, #1576, #1196, #24, #5183, #2338, #7327, #6751, #3459, #6716, #2198, #3878, #4511, #602, #3950, #3316, #5676, #6155, #1050, #6229, #3358, #2858, #1754, #6823, #7362, #5145, #4478, #5751, #3389, #3914, #6191, #2901, #567, #2822, #5107, #4544, #1721, #3986, #6268, #1162, #3423, #5710, #2304, #7218, #2093, #4815, #7102, #6745, #561, #4572, #6184, #5287, #4092, #7003, #6479, #7133, #7171, #4191, #3062, #4789, #4117, #5840, #4707, #2028, #5470, #7301, #3365, #5079, #1689, #1928, #4209, #6409, #1304, #313, #202, #3568, #3128, #5365, #3004, #6012, #2439, #778, #5409, #275, #2599, #4725, #6438, #901, #4134, #7009, #1890, #1383, #4851, #5933, #1343, #2521, #3605, #5892, #4811, #3040, #7137, #4287, #4247, #858, #2009, #5327, #3166, #3682, #4888, #2476, #5448, #4767, #1460, #6556, #348, #1639, #2706, #4928, #6112, #7215, #1042, #7317, #6639, #934, #3306, #3235, #382, #4995, #2088, #4470, #2781, #1563, #3347, #7281, #4370, #2632, #5597, #5567, #526, #3764, #3904, #485, #2742, #7249, #2153, #1007, #6600, #5488, #4435, #6708, #1532, #5062, #3800, #2122 ),
 .UNSPECIFIED., .F., .F.,
 ( 4, 2, 2, 1, 2, 2, 1, 1, 2, 2, 2, 1, 2, 2, 2, 1, 1, 2, 2, 2, 1, 1, 2, 2, 2, 1, 1, 1, 2, 2, 2, 1, 2, 2, 1, 1, 2, 2, 2, 1, 1, 1, 2, 2, 2, 1, 1, 2, 2, 2, 1, 2, 2, 2, 1, 2, 2, 1, 2, 2, 1, 2, 2, 2, 2, 2, 2, 2, 2, 1, 2, 2, 1, 1, 2, 2, 2, 1, 2, 2, 2, 1, 1, 2, 2, 2, 1, 1, 2, 2, 1, 1, 1, 2, 2, 2, 1, 2, 2, 2, 1, 1, 2, 2, 2, 1, 1, 2, 2, 2, 1, 1, 2, 2, 2, 1, 2, 2, 2, 2, 2, 1, 2, 2, 2, 2, 4 ),
 ( 0.000000000000000000, 0.01562499999999315131, 0.03124999999998630262, 0.04687499999997945394, 0.05468749999997538080, 0.06249999999997130073, 0.07812499999996445899, 0.08593749999996168343, 0.08984374999996026789, 0.09374999999995886624, 0.1093749999999544670, 0.1171874999999516914, 0.1210937499999497485, 0.1249999999999478195, 0.1406249999999398814, 0.1484374999999359401, 0.1523437499999339140, 0.1542968749999328315, 0.1562499999999317490, 0.1718749999999313605, 0.1796874999999311662, 0.1835937499999305833, 0.1855468749999307221, 0.1874999999999308609, 0.2031249999999372446, 0.2109374999999399369, 0.2148437499999412692, 0.2167968749999423794, 0.2177734374999424904, 0.2187499999999425737, 0.2265624999999411859, 0.2304687499999404920, 0.2324218749999397149, 0.2343749999999389100, 0.2421874999999345246, 0.2460937499999327760, 0.2480468749999319156, 0.2499999999999310552, 0.2656249999999281131, 0.2734374999999266143, 0.2773437499999262812, 0.2792968749999261147, 0.2802734374999263922, 0.2812499999999266698, 0.2968749999999363287, 0.3046874999999411582, 0.3085937499999432121, 0.3105468749999446554, 0.3124999999999460432, 0.3281249999999567568, 0.3359374999999617528, 0.3398437499999643063, 0.3437499999999668043, 0.3593749999999750755, 0.3671874999999793499, 0.3710937499999811817, 0.3749999999999830136, 0.3906249999999888978, 0.3984374999999920619, 0.4062499999999952260, 0.4218750000000016098, 0.4296875000000049405, 0.4375000000000082712, 0.4531250000000148770, 0.4687500000000214828, 0.5000000000000347500, 0.5312500000000480727, 0.5468750000000547340, 0.5625000000000613953, 0.5781250000000681677, 0.5859375000000712763, 0.5937500000000743849, 0.6093750000000807132, 0.6171875000000840439, 0.6210937500000858202, 0.6250000000000874856, 0.6406250000000958122, 0.6484375000000999201, 0.6523437500001016964, 0.6562500000001033618, 0.6718750000001105782, 0.6796875000001143530, 0.6835937500001161293, 0.6855468750001170175, 0.6875000000001180167, 0.7031250000001199041, 0.7109375000001204592, 0.7148437500001211253, 0.7167968750001210143, 0.7187500000001209033, 0.7265625000001217915, 0.7304687500001216804, 0.7324218750001215694, 0.7333984375001215694, 0.7343750000001214584, 0.7421875000001179057, 0.7460937500001161293, 0.7480468750001157963, 0.7500000000001153522, 0.7656250000001103562, 0.7734375000001073586, 0.7773437500001059153, 0.7792968750001046940, 0.7812500000001034728, 0.7968750000000909273, 0.8046875000000851541, 0.8085937500000822675, 0.8105468750000807132, 0.8125000000000791589, 0.8281250000000621725, 0.8359375000000540679, 0.8398437500000505151, 0.8417968750000495159, 0.8437500000000484057, 0.8593750000000447420, 0.8671875000000429656, 0.8710937500000420775, 0.8750000000000410783, 0.8906250000000360822, 0.8984375000000335287, 0.9062500000000309752, 0.9218750000000259792, 0.9296875000000236478, 0.9375000000000212053, 0.9531250000000162093, 0.9687500000000112133, 1.000000000000000000 ),
 .UNSPECIFIED. ) ;
#4717 = CARTESIAN_POINT ( 'NONE',  ( -0.4083661419883327648, 19.51652934860373989, 13.49260249347824292 ) ) ;
#4718 = DIRECTION ( 'NONE',  ( 0.000000000000000000, -1.000000000000000000, 0.000000000000000000 ) ) ;
#4719 = CARTESIAN_POINT ( 'NONE',  ( 13.23790580957960294, 38.46538854599670287, -3.045873749192752111 ) ) ;
#4720 = ADVANCED_FACE ( 'NONE', ( #2944 ), #6574, .F. ) ;
#4721 = CARTESIAN_POINT ( 'NONE',  ( -0.6615497669408612058, 39.45672454455861811, 13.48066893232321561 ) ) ;
#4722 = CARTESIAN_POINT ( 'NONE',  ( -5.000000000000010658, 24.50000000000000000, 12.32882846293108159 ) ) ;
#4723 = CARTESIAN_POINT ( 'NONE',  ( 1.544536249628573721, 19.74386836883121887, 13.39292899312930274 ) ) ;
#4724 = VERTEX_POINT ( 'NONE', #1280 ) ;
#4725 = CARTESIAN_POINT ( 'NONE',  ( 3.010043406596237148, 38.49265517020771910, -13.08770708901013080 ) ) ;
#4726 = EDGE_LOOP ( 'NONE', ( #857, #1830, #3694, #7138 ) ) ;
#4727 = CARTESIAN_POINT ( 'NONE',  ( 13.99568276806701839, 39.69849968517624461, 0.3585991830744949538 ) ) ;
#4728 = CARTESIAN_POINT ( 'NONE',  ( 5.396869404841496909, 36.28868391670796711, 12.91810128357446885 ) ) ;
#4729 = CARTESIAN_POINT ( 'NONE',  ( 7.499999999999994671, 3.499999999999982236, -13.56465996625054871 ) ) ;
#4730 = CARTESIAN_POINT ( 'NONE',  ( -12.85159385794372788, 35.75870148710844632, -5.553121606394123333 ) ) ;
#4731 = CARTESIAN_POINT ( 'NONE',  ( -4.999999708619942140, 34.58356962949728342, -12.32882844306656267 ) ) ;
#4732 = VERTEX_POINT ( 'NONE', #3394 ) ;
#4733 = CARTESIAN_POINT ( 'NONE',  ( -0.5132620449310288935, 19.02212257335657952, 13.99066853216511319 ) ) ;
#4734 = CARTESIAN_POINT ( 'NONE',  ( 13.08810860435272438, 21.02236509409265608, -3.593405431183678278 ) ) ;
#4735 = CARTESIAN_POINT ( 'NONE',  ( -9.499999999999994671, 0.000000000000000000, -19.84313483298443970 ) ) ;
#4736 = CARTESIAN_POINT ( 'NONE',  ( 12.73880628985256003, 36.44444053379798731, 4.606473768640245048 ) ) ;
#4737 = FACE_OUTER_BOUND ( 'NONE', #5110, .T. ) ;
#4738 = ORIENTED_EDGE ( 'NONE', *, *, #6912, .T. ) ;
#4739 = CARTESIAN_POINT ( 'NONE',  ( 8.000000000000005329, 4.000000000000000000, 19.84313483298443970 ) ) ;
#4740 = CARTESIAN_POINT ( 'NONE',  ( 7.239122995611889877, 8.476553308888982841, 11.98342097415711471 ) ) ;
#4741 = CARTESIAN_POINT ( 'NONE',  ( 1.753299717222386311, 19.26552483376247693, -13.89007081705471514 ) ) ;
#4742 = CARTESIAN_POINT ( 'NONE',  ( -2.481087856432813599, 13.59474911882305115, -11.34118702102773035 ) ) ;
#4743 = CARTESIAN_POINT ( 'NONE',  ( -12.79606528306288027, 37.61535957536388963, 3.911652942236480524 ) ) ;
#4744 = DIRECTION ( 'NONE',  ( 0.000000000000000000, 1.000000000000000000, 0.000000000000000000 ) ) ;
#4745 = CARTESIAN_POINT ( 'NONE',  ( 12.57669683062196242, 34.49999999999999289, -4.999999999999999112 ) ) ;
#4746 = CYLINDRICAL_SURFACE ( 'NONE', #4909, 14.00000000000000000 ) ;
#4747 = CARTESIAN_POINT ( 'NONE',  ( 13.82266141706996798, 39.24103785323484317, 2.227285010409453925 ) ) ;
#4748 = DIRECTION ( 'NONE',  ( 0.000000000000000000, -1.000000000000000000, 0.000000000000000000 ) ) ;
#4749 = CARTESIAN_POINT ( 'NONE',  ( -12.64046198786373587, 21.96390523175653087, 4.309277088765152364 ) ) ;
#4750 = CARTESIAN_POINT ( 'NONE',  ( -13.49260249347826246, 19.51652934860375055, -0.4083661419883187760 ) ) ;
#4751 = CARTESIAN_POINT ( 'NONE',  ( -2.436749673388236559, 20.13328770615063945, -13.23144411093428374 ) ) ;
#4752 = CARTESIAN_POINT ( 'NONE',  ( -4.757645877677961543, 36.03832604902812164, 12.44434331412765538 ) ) ;
#4753 = CARTESIAN_POINT ( 'NONE',  ( 13.12796867929344380, 20.88699461668046098, -3.456385233432973436 ) ) ;
#4754 = CARTESIAN_POINT ( 'NONE',  ( -12.52363892634319598, 36.50169431688057387, -4.582564412539241516 ) ) ;
#4755 = CARTESIAN_POINT ( 'NONE',  ( -13.23929517711288995, 38.88621397815154523, 2.400313730728190986 ) ) ;
#4756 = CARTESIAN_POINT ( 'NONE',  ( 13.05017086009286054, 37.84327360016515485, -3.717869600015411002 ) ) ;
#4757 = EDGE_CURVE ( 'NONE', #4401, #5620, #2634, .T. ) ;
#4758 = CARTESIAN_POINT ( 'NONE',  ( -4.983355963618940621, 24.08399059500366235, 12.33698375886566190 ) ) ;
#4759 = CARTESIAN_POINT ( 'NONE',  ( -7.499999999999990230, 14.00000000000000000, 19.84313483298444325 ) ) ;
#4760 = CARTESIAN_POINT ( 'NONE',  ( 13.60631540813697526, 39.48337821149571170, -0.4078919242838688897 ) ) ;
#4761 = CARTESIAN_POINT ( 'NONE',  ( -1.389169040376142306, 19.69667620347487613, -13.41331061875201769 ) ) ;
#4762 = CARTESIAN_POINT ( 'NONE',  ( 2.837454672694377233, 38.61697405506873082, 13.13425294055540071 ) ) ;
#4763 = CARTESIAN_POINT ( 'NONE',  ( -8.000000000000005329, 4.000000000000000000, 12.99038105676657118 ) ) ;
#4764 = CARTESIAN_POINT ( 'NONE',  ( -1.959377144273136473, 19.89986538763633206, 13.32685364616604140 ) ) ;
#4765 = ORIENTED_EDGE ( 'NONE', *, *, #6636, .T. ) ;
#4766 = EDGE_CURVE ( 'NONE', #7136, #4809, #2389, .T. ) ;
#4767 = CARTESIAN_POINT ( 'NONE',  ( 3.849181933565754665, 37.69122240892303211, -12.81883183685424399 ) ) ;
#4768 = ORIENTED_EDGE ( 'NONE', *, *, #3481, .F. ) ;
#4769 = CARTESIAN_POINT ( 'NONE',  ( 4.161640446266046567, 38.26212743714135200, 13.36730899654235394 ) ) ;
#4770 = CARTESIAN_POINT ( 'NONE',  ( -1.753299717222410958, 39.73447516623751596, -13.89007081705471336 ) ) ;
#4771 = CARTESIAN_POINT ( 'NONE',  ( -13.96863872226158421, 39.92536150030900188, -0.9411519724454860958 ) ) ;
#4772 = CARTESIAN_POINT ( 'NONE',  ( -5.000000000000013323, 34.49999999999997868, -12.32882846293107093 ) ) ;
#4773 = EDGE_LOOP ( 'NONE', ( #5981, #138, #3763, #2712, #3848 ) ) ;
#4774 = CIRCLE ( 'NONE', #1679, 13.75000000000005862 ) ;
#4776 = AXIS2_PLACEMENT_3D ( 'NONE', #2872, #3293, #7341 ) ;
#4775 = CARTESIAN_POINT ( 'NONE',  ( -5.000540191323256778, 21.85408993357065555, 13.07651200955242388 ) ) ;
#4777 = CARTESIAN_POINT ( 'NONE',  ( 13.26061233224915092, 20.46533195086015056, -2.953491610624594976 ) ) ;
#4778 = CARTESIAN_POINT ( 'NONE',  ( -24.00000000000000355, 34.49999999999999289, 6.123233995736765296E-16 ) ) ;
#4779 = CARTESIAN_POINT ( 'NONE',  ( -5.628941324162151538, 23.59420856811696865, -12.81860522274966918 ) ) ;
#4780 = ORIENTED_EDGE ( 'NONE', *, *, #7001, .T. ) ;
#4781 = CARTESIAN_POINT ( 'NONE',  ( 4.346828957949950833, 38.06210116950627764, -13.30822710181430502 ) ) ;
#4782 = CARTESIAN_POINT ( 'NONE',  ( 12.58115621937252904, 34.83192637156852811, -4.989663254159542483 ) ) ;
#4783 = CARTESIAN_POINT ( 'NONE',  ( 0.000000000000000000, 4.999999999999984013, 0.000000000000000000 ) ) ;
#4784 = CARTESIAN_POINT ( 'NONE',  ( 3.021468446641563332, 19.83170853820596591, -13.67097601622316816 ) ) ;
#4785 = CARTESIAN_POINT ( 'NONE',  ( -12.42323527582727927, 35.89183404452901982, 4.803068752773845596 ) ) ;
#4786 = CARTESIAN_POINT ( 'NONE',  ( 1.144796383982134680, 39.36998365259718469, -11.54451713147690661 ) ) ;
#4787 = FACE_OUTER_BOUND ( 'NONE', #971, .T. ) ;
#4788 = CARTESIAN_POINT ( 'NONE',  ( -5.703703114510180860, 45.00000000000000000, 12.78545152826159992 ) ) ;
#4789 = CARTESIAN_POINT ( 'NONE',  ( 1.307538022257160648, 39.32618722551355006, -13.42323708762845413 ) ) ;
#4790 = AXIS2_PLACEMENT_3D ( 'NONE', #335, #6579, #7161 ) ;
#4791 = CARTESIAN_POINT ( 'NONE',  ( 5.551181107074085297, 23.23335745833972865, -12.85243243400181257 ) ) ;
#4792 = CARTESIAN_POINT ( 'NONE',  ( -12.60282627245472398, 22.12392766886497597, 4.399362820463307955 ) ) ;
#4793 = CARTESIAN_POINT ( 'NONE',  ( -12.63468169852543355, 21.98777666588206614, -4.323240832646969345 ) ) ;
#4794 = CARTESIAN_POINT ( 'NONE',  ( -3.529542010681499864, 20.95846999786283860, -12.92966737449813408 ) ) ;
#4795 = B_SPLINE_SURFACE_WITH_KNOTS ( 'NONE', 1, 3, ( 
 ( #4843, #7040, #3192, #6475, #6630, #1963, #3075, #5355, #4802, #4238, #6509, #2001, #1411, #4279, #2178, #4460, #3927, #2663, #4344, #6456, #360, #1316, #3580, #4263, #790, #4781, #3315, #6679, #1509, #3913, #5144, #6896, #2938, #6377, #704, #5254, #6821, #2525, #7142, #3171, #1974, #1386, #205, #242, #6561, #6975, #866, #3132, #822, #1857, #5859, #1934, #5453, #741, #318, #5894, #6443, #4213, #3646, #4293, #2565, #5294, #3732, #7100, #2408, #2443, #1894, #4172, #5937, #1347, #3610, #3043, #2481, #4770, #7056, #3087, #5369, #280, #4251, #6522, #6605, #5531, #6149, #4438, #7284, #6671, #1045, #4931, #3031, #3789, #475, #4458, #1629, #6169, #1066, #548, #5838, #5725, #5195, #6316, #2950, #6797, #2914, #5231, #1698, #615, #3965, #5768, #4115, #5689, #6393, #582, #3553, #5120, #38, #2280, #3438, #7227, #497, #2234, #7261, #5007, #3360, #1095, #4449, #6683 ),
 ( #5646, #1579, #537, #2792, #3780, #2133, #6060, #3879, #6091, #3847, #5541, #5576, #1052, #4411, #5073, #4480, #6125, #2201, #2102, #7364, #1017, #4513, #6786, #948, #399, #3281, #4381, #3215, #5501, #2166, #6650, #464, #1544, #2755, #1649, #979, #2651, #4942, #2719, #3812, #7296, #3248, #6195, #4974, #432, #3318, #6718, #2686, #1617, #6753, #3916, #6157, #5608, #5041, #7329, #2974, #6380, #2306, #2342, #4023, #6232, #5109, #2904, #3462, #1723, #171, #6825, #6859, #1276, #1163, #3541, #4582, #5827, #2375, #1756, #137, #25, #708, #6304, #2410, #4692, #5257, #5677, #1200, #2268, #1682, #3953, #101, #4547, #5755, #3989, #678, #6940, #6270, #569, #2824, #645, #3425, #5185, #1133, #4103, #2860, #3391, #1241, #4619, #604, #5712, #4658, #1829, #5148, #6899, #4065, #66, #6347, #3503, #5794, #2940, #5221, #4138, #3007, #824, #1388, #7017, #5456, #4731, #4772 ) ),
 .UNSPECIFIED., .F., .F., .F.,
 ( 2, 2 ),
 ( 4, 2, 2, 2, 2, 2, 2, 2, 2, 2, 2, 2, 2, 2, 2, 2, 2, 2, 2, 2, 2, 2, 2, 2, 2, 2, 2, 2, 2, 2, 2, 2, 2, 2, 2, 2, 2, 2, 2, 2, 2, 2, 2, 2, 2, 2, 2, 2, 2, 2, 2, 2, 2, 2, 2, 2, 2, 2, 2, 2, 2, 2, 4 ),
 ( 0.000000000000000000, 1.000000000000000000 ),
 ( 0.000000000000000000, 0.0005430559330015057766, 0.001086111866003011553, 0.001357639832503764604, 0.001629167799004517438, 0.001900695765505270272, 0.002172223732006023107, 0.002443751698506775941, 0.002715279665007529208, 0.002986807631508282043, 0.003258335598009034877, 0.003529863564509787711, 0.003801391531010540545, 0.004072919497511293813, 0.004344447464012046213, 0.004887503397013551881, 0.005159031363514305149, 0.005294795346764681783, 0.005430559330015058417, 0.005702087296515811685, 0.005973615263016564085, 0.006516671196018069753, 0.007059727129019575421, 0.007195491112269952055, 0.007331255095520327822, 0.007467019078770704456, 0.007602783062021081090, 0.007874311028521834357, 0.008145838995022587625, 0.008417366961523339158, 0.008688894928024092426, 0.008960422894524845694, 0.009096186877775221460, 0.009231950861025597227, 0.009503478827526350495, 0.009775006794027103763, 0.01031806272702861030, 0.01058959069352936357, 0.01086111866003011683, 0.01113264662653087010, 0.01140417459303162337, 0.01194723052603312817, 0.01221875849253388144, 0.01249028645903463297, 0.01262605044228501047, 0.01276181442553538624, 0.01303334239203613951, 0.01330487035853689277, 0.01357639832503764604, 0.01384792629153839758, 0.01411945425803915084, 0.01439098222453990411, 0.01452674620779027988, 0.01466251019104065564, 0.01520556612404216218, 0.01574862205704366871, 0.01602015002354442025, 0.01629167799004517525, 0.01642744197329554928, 0.01656320595654592678, 0.01683473392304667832, 0.01710626188954743332, 0.01737778985604818485 ),
 .UNSPECIFIED. ) ;
#4796 = CARTESIAN_POINT ( 'NONE',  ( 13.10604790306977385, 20.96109805241492552, -3.532163888530295281 ) ) ;
#4797 = CARTESIAN_POINT ( 'NONE',  ( -13.05778446740552567, 38.41105583457176920, -3.116118621752689499 ) ) ;
#4798 = CARTESIAN_POINT ( 'NONE',  ( -8.000000000000008882, 4.000000000000000000, -12.68857754044949893 ) ) ;
#4799 = ORIENTED_EDGE ( 'NONE', *, *, #5415, .F. ) ;
#4800 = CARTESIAN_POINT ( 'NONE',  ( -12.77291130179232148, 37.53583386667959587, -3.973706809286813524 ) ) ;
#4801 = CARTESIAN_POINT ( 'NONE',  ( 13.17762270523227741, 38.27597203511607660, -3.277943370324587491 ) ) ;
#4802 = CARTESIAN_POINT ( 'NONE',  ( 5.481982651196908307, 36.02128836776785903, -12.88210987413217623 ) ) ;
#4803 = CARTESIAN_POINT ( 'NONE',  ( -13.93979289234612295, 19.14398600021391417, 1.310077089471047174 ) ) ;
#4804 = CIRCLE ( 'NONE', #1235, 24.00000000000000355 ) ;
#4805 = CARTESIAN_POINT ( 'NONE',  ( 0.4083661419883272692, 19.51652934860374344, -13.49260249347823226 ) ) ;
#4806 = CARTESIAN_POINT ( 'NONE',  ( 2.814150084887768077, 38.63287389795941351, 13.14030203581879164 ) ) ;
#4807 = CARTESIAN_POINT ( 'NONE',  ( -5.000000000000009770, 45.00000000000000000, 10.46709128650361187 ) ) ;
#4808 = CARTESIAN_POINT ( 'NONE',  ( 2.001732616198687253, 19.91751210394741989, 13.31946312804638843 ) ) ;
#4809 = VERTEX_POINT ( 'NONE', #5831 ) ;
#4810 = AXIS2_PLACEMENT_3D ( 'NONE', #642, #2902, #4656 ) ;
#4811 = CARTESIAN_POINT ( 'NONE',  ( 3.386422033481348404, 38.17875783722472960, -12.97592763949850969 ) ) ;
#4812 = CARTESIAN_POINT ( 'NONE',  ( 13.99995842595311402, 39.70937190164106312, 0.09468549680929320977 ) ) ;
#4813 = CARTESIAN_POINT ( 'NONE',  ( 3.021468446641566441, 39.16829146179403409, 13.67097601622316461 ) ) ;
#4814 = CARTESIAN_POINT ( 'NONE',  ( -13.50430973369982368, 20.30791352827987239, -3.692554111708164388 ) ) ;
#4815 = CARTESIAN_POINT ( 'NONE',  ( -0.8997072181627366882, 39.41909219733346958, -13.46397707461672688 ) ) ;
#4816 = PRODUCT_CONTEXT ( 'NONE', #1406, 'mechanical' ) ;
#4817 = EDGE_CURVE ( 'NONE', #6339, #3294, #5262, .T. ) ;
#4818 = CARTESIAN_POINT ( 'NONE',  ( -13.87780853716197882, 39.70431840068647489, -1.854462693391110806 ) ) ;
#4819 = CARTESIAN_POINT ( 'NONE',  ( -10.97501911028695964, 37.80723123137259023, 3.763820590992045023 ) ) ;
#4820 = ORIENTED_EDGE ( 'NONE', *, *, #570, .F. ) ;
#4821 = CARTESIAN_POINT ( 'NONE',  ( -1.027590024168312910, 19.08924194120338313, 13.96254142991349134 ) ) ;
#4822 = CARTESIAN_POINT ( 'NONE',  ( 13.58611680956662227, 19.56763570945194175, -0.8237310767185882510 ) ) ;
#4823 = CARTESIAN_POINT ( 'NONE',  ( -5.571751601774865392, 23.32025612961268024, 12.84351997479006080 ) ) ;
#4824 = CARTESIAN_POINT ( 'NONE',  ( -2.534657739114516417, 19.56966288209710214, -13.76964969396006921 ) ) ;
#4825 = ORIENTED_EDGE ( 'NONE', *, *, #860, .F. ) ;
#4826 = CARTESIAN_POINT ( 'NONE',  ( -9.499999999999994671, 4.000000000000000000, -19.84313483298443970 ) ) ;
#4827 = CARTESIAN_POINT ( 'NONE',  ( 5.608628890089608632, 23.49892073961222394, -12.82744570394587669 ) ) ;
#4828 = EDGE_CURVE ( 'NONE', #4732, #909, #4027, .T. ) ;
#4829 = DIRECTION ( 'NONE',  ( 0.000000000000000000, 0.000000000000000000, -1.000000000000000000 ) ) ;
#4830 = CYLINDRICAL_SURFACE ( 'NONE', #3463, 1.750000000000000000 ) ;
#4831 = CARTESIAN_POINT ( 'NONE',  ( 13.04957604498249601, 36.18476188423763773, 5.070462571057500867 ) ) ;
#4832 = CARTESIAN_POINT ( 'NONE',  ( -12.32882846293113488, 24.50000000000000000, 5.000000000000000000 ) ) ;
#4833 = CARTESIAN_POINT ( 'NONE',  ( -12.93278110549844406, 20.94908405464843071, 3.520103013729290353 ) ) ;
#4834 = CARTESIAN_POINT ( 'NONE',  ( -13.49995197187731755, 19.50010766279139318, 0.08885227179067435588 ) ) ;
#4835 = CARTESIAN_POINT ( 'NONE',  ( -4.309277088736658712, 21.96390523170809317, -12.64046198787540654 ) ) ;
#4836 = CARTESIAN_POINT ( 'NONE',  ( 12.93429922887929706, 24.50000000000000711, -5.357602398257304444 ) ) ;
#4837 = B_SPLINE_CURVE_WITH_KNOTS ( 'NONE', 3,
 ( #7025, #1984, #3510, #1836 ),
 .UNSPECIFIED., .F., .F.,
 ( 4, 4 ),
 ( 0.000000000000000000, 1.000000000000000000 ),
 .UNSPECIFIED. ) ;
#4838 = CARTESIAN_POINT ( 'NONE',  ( -13.44887353666782559, 39.38481190454935188, -1.067859494714889168 ) ) ;
#4839 = DIRECTION ( 'NONE',  ( -0.000000000000000000, 1.000000000000000000, -0.000000000000000000 ) ) ;
#4840 = ORIENTED_EDGE ( 'NONE', *, *, #5643, .T. ) ;
#4841 = CARTESIAN_POINT ( 'NONE',  ( -12.98870409700875683, 38.21577472620336380, -3.345601216851235460 ) ) ;
#4842 = CARTESIAN_POINT ( 'NONE',  ( 13.26214964056687329, 38.53932432722401558, -2.947140127140257970 ) ) ;
#4843 = CARTESIAN_POINT ( 'NONE',  ( 5.703703114510177308, 34.50000000000000000, -12.78545152826160169 ) ) ;
#4844 = CARTESIAN_POINT ( 'NONE',  ( 7.500000000000000000, 3.499999999999982236, -59.57475013247809414 ) ) ;
#4845 = CARTESIAN_POINT ( 'NONE',  ( -12.59942132553731398, 22.13890262102152917, -4.407415215640797079 ) ) ;
#4846 = CARTESIAN_POINT ( 'NONE',  ( 13.50898797941611029, 39.23324769120315381, -1.613416999200577129 ) ) ;
#4847 = CARTESIAN_POINT ( 'NONE',  ( 1.614915759334812240, 19.76726197324115830, -13.38289089555150646 ) ) ;
#4848 = CARTESIAN_POINT ( 'NONE',  ( 1.259329390647212277, 39.34002525512557469, 13.42924016620326100 ) ) ;
#4849 = CARTESIAN_POINT ( 'NONE',  ( -0.8179480078028351642, 19.56666578740944118, 13.47028253314188539 ) ) ;
#4850 = ORIENTED_EDGE ( 'NONE', *, *, #4166, .T. ) ;
#4851 = CARTESIAN_POINT ( 'NONE',  ( 3.251515687616540973, 38.29875350806661061, -13.01766348027521225 ) ) ;
#4852 = ORIENTED_EDGE ( 'NONE', *, *, #5682, .T. ) ;
#4853 = CARTESIAN_POINT ( 'NONE',  ( 5.703702782121079728, 34.59192658446858104, 12.78545150766138150 ) ) ;
#4854 = CARTESIAN_POINT ( 'NONE',  ( -13.19387144847085125, 21.35813888288912210, -4.682389296490459429 ) ) ;
#4855 = CARTESIAN_POINT ( 'NONE',  ( -13.93423987403175524, 39.84247225862761610, -1.356128664617144874 ) ) ;
#4856 = CARTESIAN_POINT ( 'NONE',  ( -10.67082160570595484, 36.58041466120743479, 4.549531222503834016 ) ) ;
#4857 = VERTEX_POINT ( 'NONE', #1204 ) ;
#4858 = CARTESIAN_POINT ( 'NONE',  ( -0.1814956330750342739, 19.00202834318652023, 13.99914273714450275 ) ) ;
#4859 = CARTESIAN_POINT ( 'NONE',  ( 13.30759686413474441, 20.32526624947071525, -2.751958250773401726 ) ) ;
#4860 = CARTESIAN_POINT ( 'NONE',  ( -3.480701565880505388, 20.13919566129789729, 13.56122155675470964 ) ) ;
#4861 = EDGE_CURVE ( 'NONE', #5449, #3039, #2059, .T. ) ;
#4862 = CARTESIAN_POINT ( 'NONE',  ( 5.000000000000007994, 24.50000000000000000, -10.46709128650361365 ) ) ;
#4863 = EDGE_LOOP ( 'NONE', ( #4583, #900, #2660, #6305, #3095, #6674, #314 ) ) ;
#4864 = CARTESIAN_POINT ( 'NONE',  ( 12.57669683062196242, 34.49999999999999289, -4.999999999999999112 ) ) ;
#4865 = CARTESIAN_POINT ( 'NONE',  ( -5.000000000000007105, 34.49999999999998579, -12.32882846293106915 ) ) ;
#4866 = CARTESIAN_POINT ( 'NONE',  ( 5.701314620220776064, 24.31640132940417942, -12.78651784332038766 ) ) ;
#4867 = CARTESIAN_POINT ( 'NONE',  ( 7.104564432235930482, 8.952381872513988981, -12.06534438308774604 ) ) ;
#4868 = DIRECTION ( 'NONE',  ( 0.000000000000000000, -1.000000000000000000, 0.000000000000000000 ) ) ;
#4869 = PLANE ( 'NONE',  #3832 ) ;
#4870 = CARTESIAN_POINT ( 'NONE',  ( -8.000000000000005329, 4.000000000000000000, 19.84313483298444325 ) ) ;
#4871 = ADVANCED_FACE ( 'NONE', ( #828 ), #4219, .F. ) ;
#4872 = CARTESIAN_POINT ( 'NONE',  ( 5.571999700835975844, 23.32143849497101584, -12.84341191387410674 ) ) ;
#4873 = CARTESIAN_POINT ( 'NONE',  ( -12.32985669532621920, 24.33309210315397664, -4.997906189854684378 ) ) ;
#4874 = CARTESIAN_POINT ( 'NONE',  ( -3.118840111227120460, 20.59184613312838508, -13.05682688509050138 ) ) ;
#4875 = DIRECTION ( 'NONE',  ( -0.000000000000000000, 1.000000000000000000, -0.000000000000000000 ) ) ;
#4876 = CARTESIAN_POINT ( 'NONE',  ( 13.26901741074994767, 20.44000376619695558, -2.918366865603308824 ) ) ;
#4877 = VERTEX_POINT ( 'NONE', #873 ) ;
#4878 = CARTESIAN_POINT ( 'NONE',  ( -12.70577230646095757, 37.29266048015828972, -4.147428755995312244 ) ) ;
#4879 = CARTESIAN_POINT ( 'NONE',  ( 13.10456301438583182, 38.03383274769955591, -3.537235517171541943 ) ) ;
#4880 = CARTESIAN_POINT ( 'NONE',  ( -4.989584202000888702, 24.16687222552560144, 12.33393433899860447 ) ) ;
#4881 = DIRECTION ( 'NONE',  ( -0.7071067811865499042, 0.7071067811865452413, -8.528466865386058459E-17 ) ) ;
#4882 = CARTESIAN_POINT ( 'NONE',  ( -12.32882846293113488, 24.50000000000000000, -5.000000000000000000 ) ) ;
#4883 = CARTESIAN_POINT ( 'NONE',  ( 13.47089251292967838, 39.13210195652953161, -1.882906409314551111 ) ) ;
#4884 = CARTESIAN_POINT ( 'NONE',  ( 3.961391167708271599, 21.44813080062941069, -12.77752299314134277 ) ) ;
#4885 = CARTESIAN_POINT ( 'NONE',  ( -1.852304963074929534, 39.14428674374953943, 13.34536915249916511 ) ) ;
#4886 = CARTESIAN_POINT ( 'NONE',  ( 4.399362820460230417, 22.12392766885924189, 12.60282627245594078 ) ) ;
#4887 = ORIENTED_EDGE ( 'NONE', *, *, #366, .T. ) ;
#4888 = CARTESIAN_POINT ( 'NONE',  ( 3.770874617365342907, 37.78380365366484739, -12.84701007838311071 ) ) ;
#4889 = CARTESIAN_POINT ( 'NONE',  ( 13.83555582858624966, 39.27610053250180044, -2.139872951401465606 ) ) ;
#4890 = CARTESIAN_POINT ( 'NONE',  ( -4.731152084026923887, 36.11956862259695811, 12.45659356369185566 ) ) ;
#4891 = CARTESIAN_POINT ( 'NONE',  ( -13.98461992168038748, 19.03649825695849529, 0.6626552606838044257 ) ) ;
#4892 = CARTESIAN_POINT ( 'NONE',  ( -13.70408635373659045, 39.25699007054672052, -2.864371766497051386 ) ) ;
#4893 = PLANE ( 'NONE',  #3824 ) ;
#4894 = EDGE_LOOP ( 'NONE', ( #4576, #6225, #6781, #2307, #6056 ) ) ;
#4895 = CARTESIAN_POINT ( 'NONE',  ( 4.198745285886907652, 21.78390908509324930, 12.68547047897266999 ) ) ;
#4896 = CARTESIAN_POINT ( 'NONE',  ( 12.92240005426144300, 21.64959897012163381, -4.108751040828598988 ) ) ;
#4897 = FACE_OUTER_BOUND ( 'NONE', #1531, .T. ) ;
#4898 = CARTESIAN_POINT ( 'NONE',  ( -5.000000000000007105, 34.49999999999998579, -22.79802623035600462 ) ) ;
#4899 = ORIENTED_EDGE ( 'NONE', *, *, #4369, .F. ) ;
#4900 = CARTESIAN_POINT ( 'NONE',  ( -4.689068714742619548, 36.23617133233406662, -12.47580377302646504 ) ) ;
#4901 = CARTESIAN_POINT ( 'NONE',  ( -4.198745285886919199, 21.78390908509325286, -12.68547047897265401 ) ) ;
#4902 = CARTESIAN_POINT ( 'NONE',  ( 7.499999999999994671, 3.499999999999982236, -13.56465996625054871 ) ) ;
#4903 = VECTOR ( 'NONE', #6406, 1000.000000000000000 ) ;
#4904 = CARTESIAN_POINT ( 'NONE',  ( 10.46709128650361897, 34.49999999999999289, -4.999999999999996447 ) ) ;
#4905 = CARTESIAN_POINT ( 'NONE',  ( 13.74050803169313717, 39.00981434325451147, -2.687517047549910831 ) ) ;
#4906 = CARTESIAN_POINT ( 'NONE',  ( 0.3806013718535910528, 18.99999841047323557, -14.00000000081367624 ) ) ;
#4907 = CIRCLE ( 'NONE', #7053, 2.250000000000015987 ) ;
#4908 = CARTESIAN_POINT ( 'NONE',  ( 12.93429922887929351, 45.00000000000000000, 5.357602398257306220 ) ) ;
#4909 = AXIS2_PLACEMENT_3D ( 'NONE', #149, #4596, #2951 ) ;
#4910 = CARTESIAN_POINT ( 'NONE',  ( -5.629045868437839495, 23.59484595325282896, -12.81855921369413132 ) ) ;
#4911 = DIRECTION ( 'NONE',  ( 0.000000000000000000, -1.000000000000000000, 0.000000000000000000 ) ) ;
#4912 = CARTESIAN_POINT ( 'NONE',  ( 13.06358444950869924, 21.10880789792733836, -3.674223469721526136 ) ) ;
#4913 = EDGE_CURVE ( 'NONE', #2054, #995, #4004, .T. ) ;
#4914 = CARTESIAN_POINT ( 'NONE',  ( -7.836746053637592802, 3.836746053637584364, -12.98450044862148722 ) ) ;
#4915 = CIRCLE ( 'NONE', #3112, 1.499999999999984013 ) ;
#4916 = ORIENTED_EDGE ( 'NONE', *, *, #2658, .T. ) ;
#4917 = CARTESIAN_POINT ( 'NONE',  ( -12.60448929716987720, 36.88334718825225877, -4.395423387870551757 ) ) ;
#4918 = CARTESIAN_POINT ( 'NONE',  ( 13.15375556215327713, 38.19836437438454624, -3.364835687466934289 ) ) ;
#4919 = CARTESIAN_POINT ( 'NONE',  ( 18.50000000000000000, 0.000000000000000000, 0.000000000000000000 ) ) ;
#4920 = CARTESIAN_POINT ( 'NONE',  ( -12.91775831000446750, 22.71974671501336829, 5.397472376908296177 ) ) ;
#4921 = CARTESIAN_POINT ( 'NONE',  ( -13.24262678785399849, 20.10548206890644707, -2.385091477198754362 ) ) ;
#4922 = CARTESIAN_POINT ( 'NONE',  ( 12.74831836622719194, 36.50232281402483636, -4.582282521465128156 ) ) ;
#4923 = CARTESIAN_POINT ( 'NONE',  ( 4.363776925323190170, 22.05886866554117631, -12.61780855713343819 ) ) ;
#4924 = CARTESIAN_POINT ( 'NONE',  ( -3.161425675340984842, 38.37369442592979851, 13.04440936236615123 ) ) ;
#4925 = EDGE_CURVE ( 'NONE', #988, #789, #3594, .T. ) ;
#4926 = CARTESIAN_POINT ( 'NONE',  ( 3.171412703714562298, 20.63448230852289811, 13.04147481781045848 ) ) ;
#4927 = ORIENTED_EDGE ( 'NONE', *, *, #1222, .F. ) ;
#4928 = CARTESIAN_POINT ( 'NONE',  ( 4.118073773692549011, 37.33585170136399256, -12.71733177539703519 ) ) ;
#4929 = CARTESIAN_POINT ( 'NONE',  ( -3.963644716955041947, 37.54896656852455550, 12.77667996410927564 ) ) ;
#4930 = CARTESIAN_POINT ( 'NONE',  ( -12.83131109016827409, 23.45388623802148231, -5.599782199576226915 ) ) ;
#4931 = CARTESIAN_POINT ( 'NONE',  ( -3.656893671946440882, 38.72105309195004708, -13.51401187672897564 ) ) ;
#4932 = APPLICATION_PROTOCOL_DEFINITION ( 'draft international standard', 'automotive_design', 1998, #1545 ) ;
#4933 = CARTESIAN_POINT ( 'NONE',  ( -13.99914273714450630, 39.99797165681346200, 0.1814956330750389368 ) ) ;
#4934 = CARTESIAN_POINT ( 'NONE',  ( -12.78545152826161768, 45.00000000000000000, -5.703703114510131122 ) ) ;
#4935 = ORIENTED_EDGE ( 'NONE', *, *, #952, .F. ) ;
#4936 = CARTESIAN_POINT ( 'NONE',  ( 12.89204722549650128, 21.77916115161367827, 4.195667855157427795 ) ) ;
#4937 = DIRECTION ( 'NONE',  ( 8.659560562354873694E-17, -0.7071067811865524577, 0.7071067811865426878 ) ) ;
#4938 = LINE ( 'NONE', #495, #7207 ) ;
#4939 = CARTESIAN_POINT ( 'NONE',  ( -4.407415215654768126, 36.86109737895254312, -12.59942132553110561 ) ) ;
#4940 = CARTESIAN_POINT ( 'NONE',  ( -2.510975509235513048, 20.17546319689839507, -13.21465491640601719 ) ) ;
#4941 = CARTESIAN_POINT ( 'NONE',  ( -13.26988209192177770, 37.92650285625347095, 4.462517313774551297 ) ) ;
#4942 = CARTESIAN_POINT ( 'NONE',  ( 2.719080137555458521, 38.69681786117143929, -13.16472066193718504 ) ) ;
#4943 = CARTESIAN_POINT ( 'NONE',  ( 12.70581909885898142, 22.76546179700621408, 4.689673090154773405 ) ) ;
#4944 = CARTESIAN_POINT ( 'NONE',  ( -5.505018526597410755, 35.94186540216468728, -12.87227261115679156 ) ) ;
#4945 = CARTESIAN_POINT ( 'NONE',  ( 13.78287731783244752, 19.87001829110116802, 2.457315414106309159 ) ) ;
#4946 = CARTESIAN_POINT ( 'NONE',  ( 12.93429922887929706, 34.50000000000000000, -5.357602398257300891 ) ) ;
#4947 = CARTESIAN_POINT ( 'NONE',  ( 2.545161257855687253, 19.56462902360629386, -13.77117960057472956 ) ) ;
#4948 = DIRECTION ( 'NONE',  ( 0.000000000000000000, -1.000000000000000000, 0.000000000000000000 ) ) ;
#4949 = DIRECTION ( 'NONE',  ( 0.000000000000000000, -1.000000000000000000, 0.000000000000000000 ) ) ;
#4950 = DIRECTION ( 'NONE',  ( 2.602085213965214093E-16, -1.000000000000000000, 0.000000000000000000 ) ) ;
#4951 = CARTESIAN_POINT ( 'NONE',  ( 12.67816615332189656, 22.96309655258789917, -4.758105788713154816 ) ) ;
#4952 = CARTESIAN_POINT ( 'NONE',  ( 12.57669681562378194, 24.41716763015935854, 5.000000000000000000 ) ) ;
#4953 = ORIENTED_EDGE ( 'NONE', *, *, #3572, .F. ) ;
#4954 = CARTESIAN_POINT ( 'NONE',  ( -12.81883183690770167, 37.69122240909969435, -3.849181933419524526 ) ) ;
#4955 = CARTESIAN_POINT ( 'NONE',  ( 13.47574128482746580, 39.14506080986138414, 1.850363016512865721 ) ) ;
#4956 = CARTESIAN_POINT ( 'NONE',  ( -13.85445939412023186, 19.35368779957288154, -2.021004511460788855 ) ) ;
#4957 = CARTESIAN_POINT ( 'NONE',  ( -12.94980138874331033, 20.89773597109768843, -3.468797687820761144 ) ) ;
#4958 = ADVANCED_FACE ( 'NONE', ( #7021, #4897 ), #356, .F. ) ;
#4959 = CARTESIAN_POINT ( 'NONE',  ( 13.17219753194038034, 38.25842823525444203, -3.297861390769909917 ) ) ;
#4960 = CARTESIAN_POINT ( 'NONE',  ( 3.910139247233004767, 21.38364364206191581, -12.79650896791351400 ) ) ;
#4961 = CARTESIAN_POINT ( 'NONE',  ( -3.358634340386951855, 38.20399686347933255, 12.98463330006297412 ) ) ;
#4962 = CARTESIAN_POINT ( 'NONE',  ( 3.161425675340995944, 20.62630557407022280, 13.04440936236615833 ) ) ;
#4963 = ORIENTED_EDGE ( 'NONE', *, *, #1131, .F. ) ;
#4964 = CARTESIAN_POINT ( 'NONE',  ( -12.86033923426969494, 37.82637547586782034, 3.733008690092117998 ) ) ;
#4965 = EDGE_CURVE ( 'NONE', #4970, #1205, #3723, .T. ) ;
#4966 = CARTESIAN_POINT ( 'NONE',  ( 0.4499375533974155905, 39.47988900188659755, 13.49100202159578821 ) ) ;
#4967 = CARTESIAN_POINT ( 'NONE',  ( 13.09168642035251118, 21.01038018899156867, 3.580916483721735322 ) ) ;
#4968 = CARTESIAN_POINT ( 'NONE',  ( -13.08513458396844875, 37.18524423484901575, 4.977937607998703662 ) ) ;
#4969 = PLANE ( 'NONE',  #5729 ) ;
#4970 = VERTEX_POINT ( 'NONE', #4181 ) ;
#4971 = CARTESIAN_POINT ( 'NONE',  ( 12.68901351627346408, 22.87576653957651018, 4.731651128555889763 ) ) ;
#4972 = DIRECTION ( 'NONE',  ( 2.602085213965214093E-16, -1.000000000000000000, -4.266366141186620496E-16 ) ) ;
#4973 = CARTESIAN_POINT ( 'NONE',  ( -3.585003183396159088, 37.98546475060038574, -12.91119199856398403 ) ) ;
#4974 = CARTESIAN_POINT ( 'NONE',  ( 1.779421692120376042, 39.17548123977225316, -13.35839345172297676 ) ) ;
#4975 = ORIENTED_EDGE ( 'NONE', *, *, #4535, .T. ) ;
#4976 = CARTESIAN_POINT ( 'NONE',  ( -5.479264243286961822, 36.03029455883645937, -12.88326574590773888 ) ) ;
#4977 = CARTESIAN_POINT ( 'NONE',  ( 13.89309889220411520, 19.56845050886804316, 1.728809356861244595 ) ) ;
#4978 = CARTESIAN_POINT ( 'NONE',  ( -1.776708755119237981, 19.82348113261901901, -11.46414105624237578 ) ) ;
#4979 = DIRECTION ( 'NONE',  ( 1.000000000000000000, 0.000000000000000000, 0.000000000000000000 ) ) ;
#4980 = B_SPLINE_CURVE_WITH_KNOTS ( 'NONE', 1,
 ( #1506, #2849 ),
 .UNSPECIFIED., .F., .F.,
 ( 2, 2 ),
 ( 0.000000000000000000, 1.000000000000000000 ),
 .UNSPECIFIED. ) ;
#4981 = CARTESIAN_POINT ( 'NONE',  ( -12.35010137138241149, 23.83623019435802348, -4.956440746733071556 ) ) ;
#4982 = CARTESIAN_POINT ( 'NONE',  ( 0.000000000000000000, 44.74999999999997868, -11.59999999999999964 ) ) ;
#4983 = DIRECTION ( 'NONE',  ( 0.000000000000000000, 0.000000000000000000, -1.000000000000000000 ) ) ;
#4984 = CARTESIAN_POINT ( 'NONE',  ( 12.95710815368516577, 21.50868595400583416, -4.006514136919451019 ) ) ;
#4985 = ORIENTED_EDGE ( 'NONE', *, *, #804, .T. ) ;
#4986 = CARTESIAN_POINT ( 'NONE',  ( 13.39468406165119241, 38.92382199094226536, 2.330286194788240284 ) ) ;
#4987 = CARTESIAN_POINT ( 'NONE',  ( -13.19405093479656088, 21.35742344205507237, -4.681889783516847814 ) ) ;
#4988 = CARTESIAN_POINT ( 'NONE',  ( -13.14597342985761230, 20.35224868123159681, -2.792180702846115636 ) ) ;
#4989 = CARTESIAN_POINT ( 'NONE',  ( 12.78822841365444951, 36.72349657517654720, -4.478585484451580889 ) ) ;
#4990 = CARTESIAN_POINT ( 'NONE',  ( 4.916807255295348789, 23.59073940745839693, -12.36925077361256697 ) ) ;
#4991 = CARTESIAN_POINT ( 'NONE',  ( -3.730638599172534153, 37.82926049214439246, 12.86119116919235594 ) ) ;
#4992 = CARTESIAN_POINT ( 'NONE',  ( 10.58852698258902159, 36.12628211996988625, 4.739403280991995260 ) ) ;
#4993 = ADVANCED_FACE ( 'NONE', ( #1354 ), #5901, .T. ) ;
#4994 = CARTESIAN_POINT ( 'NONE',  ( 4.080777180524746584, 21.61040424099458690, 12.73191184177830415 ) ) ;
#4995 = CARTESIAN_POINT ( 'NONE',  ( 4.395423387870930121, 36.88334718825156244, -12.60448929716968358 ) ) ;
#4996 = CARTESIAN_POINT ( 'NONE',  ( 13.24260604401620967, 37.26324155788262971, -4.542650631850939646 ) ) ;
#4997 = CARTESIAN_POINT ( 'NONE',  ( 0.5740952870517016526, 39.46762670294205577, 13.48552889693680967 ) ) ;
#4998 = CARTESIAN_POINT ( 'NONE',  ( 13.14933047645896025, 20.81615182781403206, 3.380739015021942073 ) ) ;
#4999 = EDGE_CURVE ( 'NONE', #789, #2061, #1187, .T. ) ;
#5000 = DIRECTION ( 'NONE',  ( 0.000000000000000000, 0.000000000000000000, -1.000000000000000000 ) ) ;
#5001 = ORIENTED_EDGE ( 'NONE', *, *, #6401, .T. ) ;
#5002 = CARTESIAN_POINT ( 'NONE',  ( 13.13874459922285709, 20.85074665960179274, 3.419002209330817887 ) ) ;
#5003 = CARTESIAN_POINT ( 'NONE',  ( 12.60539818608780749, 35.31994395857051927, 4.932993612329011235 ) ) ;
#5004 = CARTESIAN_POINT ( 'NONE',  ( -4.528403227616835965E-13, 39.99999955379117722, 13.99999999864343359 ) ) ;
#5005 = CARTESIAN_POINT ( 'NONE',  ( -4.110833565396194267, 37.34709907490581315, -12.72023457258635304 ) ) ;
#5006 = CARTESIAN_POINT ( 'NONE',  ( 4.407415215639042039, 36.86109737898173222, 12.59942132553806182 ) ) ;
#5007 = CARTESIAN_POINT ( 'NONE',  ( -5.684716586081250966, 34.95761030577937589, -12.79390887205411964 ) ) ;
#5008 = ORIENTED_EDGE ( 'NONE', *, *, #2889, .T. ) ;
#5009 = CARTESIAN_POINT ( 'NONE',  ( 12.81484100335618770, 22.13983196430309164, 4.407913001357030680 ) ) ;
#5010 = CARTESIAN_POINT ( 'NONE',  ( -7.500000000000000000, 14.00000000000000000, -59.57475013247809414 ) ) ;
#5011 = CARTESIAN_POINT ( 'NONE',  ( 13.98243587470045490, 19.33531276118430497, 0.7024452594249048776 ) ) ;
#5012 = CARTESIAN_POINT ( 'NONE',  ( 13.01000129510568293, 35.86520305629939998, -5.171113038893132341 ) ) ;
#5013 = CARTESIAN_POINT ( 'NONE',  ( 11.38737894735862710, 20.01383987024610889, -2.231650263030904746 ) ) ;
#5014 = CARTESIAN_POINT ( 'NONE',  ( -5.000000000000009770, 34.49999999999998579, -10.46709128650361187 ) ) ;
#5015 = DIRECTION ( 'NONE',  ( 0.000000000000000000, -1.000000000000000000, -8.673617379884041635E-17 ) ) ;
#5016 = AXIS2_PLACEMENT_3D ( 'NONE', #7349, #1117, #4498 ) ;
#5017 = CARTESIAN_POINT ( 'NONE',  ( -13.21135521834335691, 37.70940334180030362, -4.632874943658894296 ) ) ;
#5018 = CARTESIAN_POINT ( 'NONE',  ( 12.81927260627497489, 22.11776627959294927, -4.396027002913712955 ) ) ;
#5019 = CARTESIAN_POINT ( 'NONE',  ( 3.310127655427901328, 38.26124909002280816, 11.12026424643223876 ) ) ;
#5020 = CARTESIAN_POINT ( 'NONE',  ( 13.20844776803730092, 38.37377311202047281, 3.161327819943700934 ) ) ;
#5021 = CIRCLE ( 'NONE', #1683, 1.750000000000000000 ) ;
#5022 = CARTESIAN_POINT ( 'NONE',  ( -13.36731595794197602, 20.73646263702661585, -4.163340776907427987 ) ) ;
#5023 = VECTOR ( 'NONE', #4595, 1000.000000000000000 ) ;
#5024 = CARTESIAN_POINT ( 'NONE',  ( -13.32987769278682855, 19.89263052552242428, -1.942315636655060462 ) ) ;
#5025 = CARTESIAN_POINT ( 'NONE',  ( -12.33702870230306381, 34.91692065512258836, 4.983264626891255489 ) ) ;
#5026 = CARTESIAN_POINT ( 'NONE',  ( 4.755869138111906480, 22.95470779685424034, -12.44518525709626111 ) ) ;
#5027 = CARTESIAN_POINT ( 'NONE',  ( -2.769180223564114751, 38.66314236945267169, 13.15185873234660363 ) ) ;
#5028 = CARTESIAN_POINT ( 'NONE',  ( 10.70046256247231042, 36.72698504793748953, -4.479627964232502535 ) ) ;
#5029 = CARTESIAN_POINT ( 'NONE',  ( 2.911947128268404406, 20.43463526934069918, 13.11469142390904175 ) ) ;
#5030 = CARTESIAN_POINT ( 'NONE',  ( -13.03869228914856393, 38.35774922571752654, 3.180847313964184409 ) ) ;
#5031 = CARTESIAN_POINT ( 'NONE',  ( -5.684716586081231426, 24.04238969422063121, 12.79390887205413030 ) ) ;
#5032 = CARTESIAN_POINT ( 'NONE',  ( 13.59766368039761453, 38.57936434629257860, -3.332385116305037531 ) ) ;
#5033 = CARTESIAN_POINT ( 'NONE',  ( -4.442776316276341397, 36.79528082177495207, 12.58446503268415029 ) ) ;
#5034 = FACE_OUTER_BOUND ( 'NONE', #1717, .T. ) ;
#5035 = ORIENTED_EDGE ( 'NONE', *, *, #5136, .T. ) ;
#5036 = CARTESIAN_POINT ( 'NONE',  ( 13.19713026914142340, 20.66185095350878242, 3.204726686392889157 ) ) ;
#5037 = CARTESIAN_POINT ( 'NONE',  ( 8.584438932099970323E-15, 14.00000000000000000, 11.59999999999999964 ) ) ;
#5038 = DIRECTION ( 'NONE',  ( -0.000000000000000000, -0.000000000000000000, 1.000000000000000000 ) ) ;
#5039 = EDGE_CURVE ( 'NONE', #4177, #1835, #6457, .T. ) ;
#5040 = AXIS2_PLACEMENT_3D ( 'NONE', #4476, #3983, #3421 ) ;
#5041 = CARTESIAN_POINT ( 'NONE',  ( 0.9061354478495726728, 39.41789863392712334, -13.46344926528098362 ) ) ;
#5042 = EDGE_LOOP ( 'NONE', ( #6437, #130, #4277, #7010 ) ) ;
#5043 = CARTESIAN_POINT ( 'NONE',  ( 12.91531029282398535, 21.67995377885574726, 4.129020182097639768 ) ) ;
#5044 = CARTESIAN_POINT ( 'NONE',  ( -5.111616210823974882, 36.94670837992975976, -13.03381225855099856 ) ) ;
#5045 = CARTESIAN_POINT ( 'NONE',  ( 13.54673223617781908, 20.58411051771647848, 3.533726019261810070 ) ) ;
#5046 = CARTESIAN_POINT ( 'NONE',  ( -4.480468425174035652, 22.27471671920671525, 10.70010964043187940 ) ) ;
#5047 = CARTESIAN_POINT ( 'NONE',  ( 13.05625541398798717, 37.86508577422785038, 3.698136677691273633 ) ) ;
#5048 = DIRECTION ( 'NONE',  ( -0.000000000000000000, -1.000000000000000000, -0.000000000000000000 ) ) ;
#5049 = CYLINDRICAL_SURFACE ( 'NONE', #7181, 1.999999999999998224 ) ;
#5050 = CARTESIAN_POINT ( 'NONE',  ( -7.499999999999991118, 3.833839396985338599, 13.18224679452502279 ) ) ;
#5051 = CARTESIAN_POINT ( 'NONE',  ( 12.82266318253498838, 22.10101788588029947, -4.386909587069771632 ) ) ;
#5052 = CARTESIAN_POINT ( 'NONE',  ( 13.55723699543410810, 39.35867131390548934, 1.185458954591967151 ) ) ;
#5053 = DIRECTION ( 'NONE',  ( -0.000000000000000000, -1.000000000000000000, -0.000000000000000000 ) ) ;
#5054 = CARTESIAN_POINT ( 'NONE',  ( -13.42615781097219951, 20.54786232773456334, -3.967735243300651415 ) ) ;
#5055 = CARTESIAN_POINT ( 'NONE',  ( 12.58917334814936773, 35.03939004317349770, -4.970993946857575452 ) ) ;
#5056 = CARTESIAN_POINT ( 'NONE',  ( 3.838996740875059821, 21.29637042403944847, -12.82254934727829010 ) ) ;
#5057 = CARTESIAN_POINT ( 'NONE',  ( -3.973706809239059723, 37.53583386674211653, 12.77291130180553225 ) ) ;
#5058 = PLANE ( 'NONE',  #5016 ) ;
#5059 = CARTESIAN_POINT ( 'NONE',  ( -11.46340775003472778, 19.82527801914188714, 1.781417498300662094 ) ) ;
#5060 = CARTESIAN_POINT ( 'NONE',  ( 2.650315789200182071, 20.25942897350060434, 13.18168814367905917 ) ) ;
#5061 = FACE_OUTER_BOUND ( 'NONE', #346, .T. ) ;
#5062 = CARTESIAN_POINT ( 'NONE',  ( 4.991809502327684278, 34.83094706406862429, -12.33285904097948738 ) ) ;
#5063 = CARTESIAN_POINT ( 'NONE',  ( 13.17350747490000629, 36.93022700350758925, -4.739112490133978284 ) ) ;
#5064 = CARTESIAN_POINT ( 'NONE',  ( -0.9061354478496004283, 39.41789863392711624, 13.46344926528098185 ) ) ;
#5065 = CARTESIAN_POINT ( 'NONE',  ( 13.03865895424306309, 21.19830312243094639, 3.754947550981436954 ) ) ;
#5066 = CARTESIAN_POINT ( 'NONE',  ( -4.644550699243858993, 22.64835682828147867, 12.49592710255029182 ) ) ;
#5067 = VERTEX_POINT ( 'NONE', #1152 ) ;
#5068 = CARTESIAN_POINT ( 'NONE',  ( 13.07163951863051743, 21.07985527833694661, 3.648167850709816307 ) ) ;
#5069 = CARTESIAN_POINT ( 'NONE',  ( 12.93429922887929706, 24.50000000000000711, -5.357602398257304444 ) ) ;
#5070 = CARTESIAN_POINT ( 'NONE',  ( -7.499999999999990230, 3.499999999999985789, 19.84313483298443970 ) ) ;
#5071 = CARTESIAN_POINT ( 'NONE',  ( -12.88324087268714635, 36.03017423111224105, 5.479325394386390435 ) ) ;
#5072 = CARTESIAN_POINT ( 'NONE',  ( 4.582997241984203107, 36.50053890428998926, 12.52344162747418643 ) ) ;
#5073 = CARTESIAN_POINT ( 'NONE',  ( 4.549339564448397155, 36.57608232685766581, -12.53829996367958977 ) ) ;
#5074 = ORIENTED_EDGE ( 'NONE', *, *, #1027, .F. ) ;
#5075 = EDGE_CURVE ( 'NONE', #4877, #1835, #3939, .T. ) ;
#5076 = CARTESIAN_POINT ( 'NONE',  ( 9.499999999999994671, 4.000000000000000000, -19.84313483298443970 ) ) ;
#5077 = CARTESIAN_POINT ( 'NONE',  ( 13.87130881666844395, 19.62684250716223033, 1.894337980518464359 ) ) ;
#5078 = CARTESIAN_POINT ( 'NONE',  ( -4.834659418723593838, 23.18214548480726833, 10.54473180560966483 ) ) ;
#5079 = CARTESIAN_POINT ( 'NONE',  ( 1.911454544413220713, 39.12025157038612377, -13.33527210753060110 ) ) ;
#5080 = DIRECTION ( 'NONE',  ( 0.000000000000000000, 0.000000000000000000, -1.000000000000000000 ) ) ;
#5081 = CARTESIAN_POINT ( 'NONE',  ( -2.368619058181820503, 39.50656231940348562, 13.79927991133090437 ) ) ;
#5082 = CARTESIAN_POINT ( 'NONE',  ( -0.3827253343028879096, 19.01165066295894235, -13.99508151230731556 ) ) ;
#5083 = CARTESIAN_POINT ( 'NONE',  ( -13.24969186809443755, 37.85313643695689478, -4.522068370710774943 ) ) ;
#5084 = CARTESIAN_POINT ( 'NONE',  ( 18.50000000000000000, 3.499999999999984901, 1.750000000000000000 ) ) ;
#5085 = ADVANCED_FACE ( 'NONE', ( #5061 ), #1744, .T. ) ;
#5086 = ORIENTED_EDGE ( 'NONE', *, *, #6460, .T. ) ;
#5087 = LINE ( 'NONE', #1143, #3707 ) ;
#5088 = CARTESIAN_POINT ( 'NONE',  ( 13.56785592536307483, 39.38584933398357890, 1.065409043041627868 ) ) ;
#5089 = CARTESIAN_POINT ( 'NONE',  ( 7.499999999999991118, 4.335663632535883494, 12.60279007956305009 ) ) ;
#5090 = CARTESIAN_POINT ( 'NONE',  ( -13.41347779378254579, 19.69629182498543329, 1.387849626097157785 ) ) ;
#5091 = CARTESIAN_POINT ( 'NONE',  ( -13.41331061875205499, 19.69667620347488679, 1.389169040376139197 ) ) ;
#5092 = CARTESIAN_POINT ( 'NONE',  ( 4.803029970454946174, 23.11027366904941616, -12.42322373168066640 ) ) ;
#5093 = CARTESIAN_POINT ( 'NONE',  ( 13.58043044190943860, 19.58207227354366964, -0.9058736229380667249 ) ) ;
#5094 = CARTESIAN_POINT ( 'NONE',  ( -12.80751232184685939, 35.23014672283522941, 5.654013304805371121 ) ) ;
#5095 = CARTESIAN_POINT ( 'NONE',  ( 10.46709128650361720, 34.83481644314129966, -4.999999999999998224 ) ) ;
#5096 = CARTESIAN_POINT ( 'NONE',  ( -10.54485745383204964, 23.18108017166450807, -4.834387131427745565 ) ) ;
#5097 = CARTESIAN_POINT ( 'NONE',  ( 3.116118621752685947, 20.58894416542819528, 13.05778446740549548 ) ) ;
#5098 = CARTESIAN_POINT ( 'NONE',  ( -7.499999999999994671, 14.00000000000000000, -19.84313483298444325 ) ) ;
#5099 = CARTESIAN_POINT ( 'NONE',  ( 12.64522485383693073, 35.76244636374919850, 4.838172718570632469 ) ) ;
#5100 = CARTESIAN_POINT ( 'NONE',  ( 1.769697180907757961, 39.17706511914930445, 13.35918727205277179 ) ) ;
#5101 = CARTESIAN_POINT ( 'NONE',  ( 13.10466399837264362, 20.96582272092220123, 3.536890281163294958 ) ) ;
#5102 = CARTESIAN_POINT ( 'NONE',  ( -3.863119847222701519, 21.32567757874825887, 12.81375620134246596 ) ) ;
#5103 = ORIENTED_EDGE ( 'NONE', *, *, #7335, .F. ) ;
#5104 = CARTESIAN_POINT ( 'NONE',  ( 12.99187787863133359, 35.69088406511292533, 5.216478348648327490 ) ) ;
#5105 = CARTESIAN_POINT ( 'NONE',  ( 12.58023253699968791, 34.83052373712460792, 4.991829776791091966 ) ) ;
#5106 = CARTESIAN_POINT ( 'NONE',  ( -4.346828957949963268, 38.06210116950626343, 13.30822710181429969 ) ) ;
#5107 = CARTESIAN_POINT ( 'NONE',  ( -1.942315636660358225, 39.10736947447537659, -13.32987769278597590 ) ) ;
#5108 = CARTESIAN_POINT ( 'NONE',  ( 4.422880815324132797, 36.83200285128807394, 12.59286313942712354 ) ) ;
#5109 = CARTESIAN_POINT ( 'NONE',  ( -0.07629025158932191408, 39.50009977257073501, -13.50004493787831272 ) ) ;
#5110 = EDGE_LOOP ( 'NONE', ( #4343, #3504, #5891, #4626 ) ) ;
#5111 = DIRECTION ( 'NONE',  ( 0.000000000000000000, 0.7071067811865470176, 0.7071067811865479058 ) ) ;
#5112 = CARTESIAN_POINT ( 'NONE',  ( 12.93890543194884302, 24.15336439895391862, 5.346470744137714171 ) ) ;
#5113 = CARTESIAN_POINT ( 'NONE',  ( -0.5061476900132648726, 14.00000000000000355, -14.00000000000000533 ) ) ;
#5114 = CARTESIAN_POINT ( 'NONE',  ( 12.99555613892900752, 37.64136355995012195, 3.890214725402168394 ) ) ;
#5115 = DIRECTION ( 'NONE',  ( 0.000000000000000000, 1.000000000000000000, 0.000000000000000000 ) ) ;
#5116 = CARTESIAN_POINT ( 'NONE',  ( -4.462177477907796508, 37.92690302973004179, 13.26999526987164835 ) ) ;
#5117 = CARTESIAN_POINT ( 'NONE',  ( -0.4761945032301784786, 19.01845778680115018, -13.99221015635442278 ) ) ;
#5118 = CARTESIAN_POINT ( 'NONE',  ( -13.67021424711847466, 39.16622739947343490, -3.024951862965115090 ) ) ;
#5119 = FACE_OUTER_BOUND ( 'NONE', #3890, .T. ) ;
#5120 = CARTESIAN_POINT ( 'NONE',  ( -5.550620142217437269, 35.76892285823154793, -12.85267482874187550 ) ) ;
#5121 = CARTESIAN_POINT ( 'NONE',  ( 2.519125259310997844, 38.83114525639508230, 11.32654678312218088 ) ) ;
#5122 = CARTESIAN_POINT ( 'NONE',  ( 12.93429922887929706, 24.50000000000000711, -5.357602398257304444 ) ) ;
#5123 = CARTESIAN_POINT ( 'NONE',  ( -12.99244741166536521, 20.77341561463325093, 3.333582251210733371 ) ) ;
#5124 = CARTESIAN_POINT ( 'NONE',  ( -13.18168814367908581, 20.25942897350061855, 2.650315789200188288 ) ) ;
#5125 = CARTESIAN_POINT ( 'NONE',  ( -0.5802737701733209352, 19.53311705447229940, -13.48519778726230101 ) ) ;
#5126 = ADVANCED_FACE ( 'NONE', ( #5702 ), #5132, .F. ) ;
#5127 = CARTESIAN_POINT ( 'NONE',  ( -13.13845946629019679, 37.41804536922049351, 4.835651939563283541 ) ) ;
#5128 = CARTESIAN_POINT ( 'NONE',  ( -4.966686195781964130, 35.16341822021757935, 10.48318381948341305 ) ) ;
#5129 = CARTESIAN_POINT ( 'NONE',  ( -11.19285898251166422, 20.53153343758963345, 3.059059651318860151 ) ) ;
#5130 = CARTESIAN_POINT ( 'NONE',  ( -13.10674025056530212, 38.54392434779084198, 2.940803362484787797 ) ) ;
#5131 = CARTESIAN_POINT ( 'NONE',  ( -3.419523776627223288, 20.85124019833671838, 12.96557111954840735 ) ) ;
#5132 = CYLINDRICAL_SURFACE ( 'NONE', #4545, 1.750000000000000000 ) ;
#5133 = CARTESIAN_POINT ( 'NONE',  ( 12.67846361731223936, 36.03919234682312833, 4.757373122503145702 ) ) ;
#5134 = CARTESIAN_POINT ( 'NONE',  ( 3.205718809805624847, 38.33732132572764328, 13.03136881055139540 ) ) ;
#5135 = B_SPLINE_CURVE_WITH_KNOTS ( 'NONE', 3,
 ( #392, #429, #6750, #2683 ),
 .UNSPECIFIED., .F., .F.,
 ( 4, 4 ),
 ( 0.000000000000000000, 1.000000000000000000 ),
 .UNSPECIFIED. ) ;
#5136 = EDGE_CURVE ( 'NONE', #4412, #5672, #3450, .T. ) ;
#5137 = AXIS2_PLACEMENT_3D ( 'NONE', #882, #3020, #2026 ) ;
#5138 = CARTESIAN_POINT ( 'NONE',  ( -4.730528942918156510, 22.87866686106777436, 12.45688294738860336 ) ) ;
#5139 = ORIENTED_EDGE ( 'NONE', *, *, #5306, .T. ) ;
#5140 = VECTOR ( 'NONE', #3255, 1000.000000000000000 ) ;
#5141 = LINE ( 'NONE', #1718, #42 ) ;
#5142 = CARTESIAN_POINT ( 'NONE',  ( 4.943454461572573067, 21.73326457871075945, 13.10002257257890079 ) ) ;
#5143 = CARTESIAN_POINT ( 'NONE',  ( 0.4658398471838580135, 39.98181724076223276, 13.99232828075660962 ) ) ;
#5144 = CARTESIAN_POINT ( 'NONE',  ( 3.768347205850504533, 38.63248035904261002, -13.48411256774210898 ) ) ;
#5145 = CARTESIAN_POINT ( 'NONE',  ( -2.434399678889654250, 38.86738792317277102, -13.23176100207888162 ) ) ;
#5146 = VECTOR ( 'NONE', #4937, 1000.000000000000000 ) ;
#5147 = CARTESIAN_POINT ( 'NONE',  ( 4.498273743605610164, 36.68338917158820323, 12.56052950981987237 ) ) ;
#5148 = CARTESIAN_POINT ( 'NONE',  ( -4.675612838091390167, 36.27905720739332907, -12.48211962124501895 ) ) ;
#5149 = ORIENTED_EDGE ( 'NONE', *, *, #1715, .F. ) ;
#5150 = CARTESIAN_POINT ( 'NONE',  ( 5.703697540710749969, 24.31619618223386681, 12.78545144272252543 ) ) ;
#5151 = CARTESIAN_POINT ( 'NONE',  ( 12.57669679534136087, 24.33315278577621044, -4.999995163604508797 ) ) ;
#5152 = CARTESIAN_POINT ( 'NONE',  ( 18.50000000000000000, 3.499999999999984901, 0.000000000000000000 ) ) ;
#5153 = VECTOR ( 'NONE', #1376, 1000.000000000000227 ) ;
#5154 = CARTESIAN_POINT ( 'NONE',  ( -0.5124924327614611697, 14.00000000000000178, 11.60000000000000142 ) ) ;
#5155 = CARTESIAN_POINT ( 'NONE',  ( 18.50000000000000000, 0.000000000000000000, -1.750000000000000000 ) ) ;
#5156 = CARTESIAN_POINT ( 'NONE',  ( -1.310181730566384095, 19.14687827544869947, -13.93863546651183860 ) ) ;
#5157 = CARTESIAN_POINT ( 'NONE',  ( -13.96950757272450261, 39.92752780171125693, -0.9417993614934695445 ) ) ;
#5158 = CARTESIAN_POINT ( 'NONE',  ( 5.551178220480544212, 35.76665365795940943, 12.85243367939155945 ) ) ;
#5159 = ORIENTED_EDGE ( 'NONE', *, *, #2127, .F. ) ;
#5160 = CARTESIAN_POINT ( 'NONE',  ( 12.99270295623133187, 23.30062660429552679, 5.214423616354885382 ) ) ;
#5161 = CARTESIAN_POINT ( 'NONE',  ( -13.44955914316250123, 19.61362644893761953, -1.060665051144042303 ) ) ;
#5162 = CARTESIAN_POINT ( 'NONE',  ( -12.66791627514803409, 21.85243103206113702, 4.242281882313519326 ) ) ;
#5163 = CARTESIAN_POINT ( 'NONE',  ( -2.239676352613977794, 20.02933524175963598, -13.27340801963624273 ) ) ;
#5164 = CARTESIAN_POINT ( 'NONE',  ( 13.40160913428128886, 20.05689684573658838, -2.293309642795554382 ) ) ;
#5165 = CARTESIAN_POINT ( 'NONE',  ( -12.79074651076275337, 34.86644052011806139, 5.691821390612587628 ) ) ;
#5166 = CARTESIAN_POINT ( 'NONE',  ( 7.499999999999994671, 3.833839396985338155, -13.18224679452502279 ) ) ;
#5167 = CARTESIAN_POINT ( 'NONE',  ( -10.90179351812055764, 21.44108835423702786, -3.968443672026515490 ) ) ;
#5168 = CARTESIAN_POINT ( 'NONE',  ( -13.29974633396757255, 39.03486818307207784, 2.106334979879309177 ) ) ;
#5169 = EDGE_CURVE ( 'NONE', #1508, #4732, #6293, .T. ) ;
#5170 = CARTESIAN_POINT ( 'NONE',  ( -2.074142272177550872, 19.94976555763940951, 13.30606350558344353 ) ) ;
#5171 = CARTESIAN_POINT ( 'NONE',  ( 10.46709128650359943, 24.50000000000000000, 5.000000000000000000 ) ) ;
#5172 = CARTESIAN_POINT ( 'NONE',  ( 13.44063961180647659, 39.05077876638323886, 2.077710374512814262 ) ) ;
#5173 = CARTESIAN_POINT ( 'NONE',  ( 1.846618629337085649, 39.14723847982317295, 13.34657716478095502 ) ) ;
#5174 = CARTESIAN_POINT ( 'NONE',  ( 3.970073553567710967, 21.44323036242478153, -10.90119510315728490 ) ) ;
#5175 = CARTESIAN_POINT ( 'NONE',  ( 3.362532949875635335, 13.22178518030323247, -13.59799773826001967 ) ) ;
#5176 = CARTESIAN_POINT ( 'NONE',  ( -3.314265686655388343, 20.75603220111805669, 12.99846936733983327 ) ) ;
#5177 = ORIENTED_EDGE ( 'NONE', *, *, #623, .F. ) ;
#5178 = EDGE_CURVE ( 'NONE', #4058, #500, #1079, .T. ) ;
#5179 = CARTESIAN_POINT ( 'NONE',  ( 13.01865565266595048, 35.93930479227764607, 5.149249162924058432 ) ) ;
#5180 = CARTESIAN_POINT ( 'NONE',  ( -12.42872420026321656, 23.07019886373292650, -4.791252955413114023 ) ) ;
#5181 = CARTESIAN_POINT ( 'NONE',  ( -3.481827840604024615, 38.85721730362421766, 13.56033757806795670 ) ) ;
#5182 = CARTESIAN_POINT ( 'NONE',  ( -13.62521335860815519, 19.95870918671024796, 3.217941368346752373 ) ) ;
#5183 = CARTESIAN_POINT ( 'NONE',  ( -3.468797688032673854, 38.10226402869044193, -12.94980138867558850 ) ) ;
#5184 = CARTESIAN_POINT ( 'NONE',  ( -18.50000000000000000, 4.000000000000000000, 0.000000000000000000 ) ) ;
#5185 = CARTESIAN_POINT ( 'NONE',  ( -3.961391167708294248, 37.55186919937057866, -12.77752299314133566 ) ) ;
#5186 = ORIENTED_EDGE ( 'NONE', *, *, #366, .F. ) ;
#5187 = DIRECTION ( 'NONE',  ( -0.000000000000000000, 1.000000000000000000, -0.000000000000000000 ) ) ;
#5188 = CARTESIAN_POINT ( 'NONE',  ( 13.40895443334009407, 21.06114670847725279, 4.025371649756268155 ) ) ;
#5189 = CARTESIAN_POINT ( 'NONE',  ( -1.974811416669445041, 13.75233592757104262, -13.86864744115162651 ) ) ;
#5190 = LINE ( 'NONE', #1728, #295 ) ;
#5191 = VERTEX_POINT ( 'NONE', #631 ) ;
#5192 = CARTESIAN_POINT ( 'NONE',  ( -5.555138609263762461, 35.76015799297423570, 12.85076088328846566 ) ) ;
#5193 = CARTESIAN_POINT ( 'NONE',  ( -3.023322884259294518, 19.83537227569943084, -13.66989858999155061 ) ) ;
#5194 = CARTESIAN_POINT ( 'NONE',  ( 4.521178492943882077, 37.85423280457825257, 13.24999347635099056 ) ) ;
#5195 = CARTESIAN_POINT ( 'NONE',  ( -4.518919828210183454, 37.85705582794464874, -13.25076436672374669 ) ) ;
#5196 = DIRECTION ( 'NONE',  ( 0.000000000000000000, 0.000000000000000000, 1.000000000000000000 ) ) ;
#5197 = CARTESIAN_POINT ( 'NONE',  ( 13.44333621263550604, 20.93515661294105712, 3.910619973177717146 ) ) ;
#5198 = CARTESIAN_POINT ( 'NONE',  ( -13.44169410525717900, 19.63154233882623245, -1.140077555519288577 ) ) ;
#5199 = CARTESIAN_POINT ( 'NONE',  ( -13.23065092072207705, 20.13525936771553049, 2.440414124868607093 ) ) ;
#5200 = CARTESIAN_POINT ( 'NONE',  ( -12.69519241596184145, 37.25260555553640529, 4.174120316742396142 ) ) ;
#5201 = CARTESIAN_POINT ( 'NONE',  ( 2.106334979688231357, 19.96513181683915761, -13.29974633400082595 ) ) ;
#5202 = CARTESIAN_POINT ( 'NONE',  ( -12.82021630050983774, 35.41090340427180649, 5.625134224076511202 ) ) ;
#5203 = CARTESIAN_POINT ( 'NONE',  ( -18.50000000000000000, 3.499999999999984901, 0.000000000000000000 ) ) ;
#5204 = CARTESIAN_POINT ( 'NONE',  ( -11.53091008863576050, 19.66209599533204866, -1.304978923944887459 ) ) ;
#5205 = CARTESIAN_POINT ( 'NONE',  ( 13.05808463043965162, 37.87163412651206329, -3.692196521271857268 ) ) ;
#5206 = B_SPLINE_CURVE_WITH_KNOTS ( 'NONE', 1,
 ( #2623, #265 ),
 .UNSPECIFIED., .F., .F.,
 ( 2, 2 ),
 ( 0.000000000000000000, 1.000000000000000000 ),
 .UNSPECIFIED. ) ;
#5207 = CARTESIAN_POINT ( 'NONE',  ( -1.142580959466399815, 19.62952445556070202, 13.44254448012601344 ) ) ;
#5208 = CARTESIAN_POINT ( 'NONE',  ( 0.09530149498168906386, 39.99999899924303293, -13.99999999979626431 ) ) ;
#5209 = CARTESIAN_POINT ( 'NONE',  ( 12.72321773026699887, 36.34942957972950239, 4.646105024517904525 ) ) ;
#5210 = CARTESIAN_POINT ( 'NONE',  ( 3.478209825829468915, 38.09285274116031417, 12.94665238860163647 ) ) ;
#5211 = EDGE_CURVE ( 'NONE', #3175, #6079, #4980, .T. ) ;
#5212 = CARTESIAN_POINT ( 'NONE',  ( -3.187519599044035701, 20.64776201033895475, 13.03672044757251491 ) ) ;
#5213 = ORIENTED_EDGE ( 'NONE', *, *, #4076, .T. ) ;
#5214 = EDGE_LOOP ( 'NONE', ( #6455, #4096, #3680, #2569, #4985 ) ) ;
#5215 = CARTESIAN_POINT ( 'NONE',  ( 12.61225980561942528, 23.59067482819150285, 4.916793624999829859 ) ) ;
#5216 = CARTESIAN_POINT ( 'NONE',  ( -12.56052950982804539, 22.31661082837258192, -4.498273743586574724 ) ) ;
#5217 = CARTESIAN_POINT ( 'NONE',  ( 1.027590024168304028, 39.91075805879661687, 13.96254142991348957 ) ) ;
#5218 = FILL_AREA_STYLE_COLOUR ( '', #6122 ) ;
#5219 = EDGE_CURVE ( 'NONE', #4097, #6941, #16, .T. ) ;
#5220 = DIRECTION ( 'NONE',  ( 0.000000000000000000, 0.000000000000000000, -1.000000000000000000 ) ) ;
#5221 = CARTESIAN_POINT ( 'NONE',  ( -4.931124666855700056, 35.32809407575477678, -12.36235163672385973 ) ) ;
#5222 = ORIENTED_EDGE ( 'NONE', *, *, #263, .F. ) ;
#5223 = CARTESIAN_POINT ( 'NONE',  ( 3.256440451767194766, 19.98430022689370844, 13.61606148701394403 ) ) ;
#5224 = CARTESIAN_POINT ( 'NONE',  ( 12.93429921334138655, 24.41306354861823991, 5.357602089830198366 ) ) ;
#5225 = CARTESIAN_POINT ( 'NONE',  ( 0.3312080070389977204, 19.49999999999996803, 11.60000000000001386 ) ) ;
#5226 = CARTESIAN_POINT ( 'NONE',  ( -5.000000000000007105, 34.49999999999998579, -22.79802623035600462 ) ) ;
#5227 = CARTESIAN_POINT ( 'NONE',  ( 7.008452218804953837, 9.181567730852906450, 12.11995680617094351 ) ) ;
#5228 = CARTESIAN_POINT ( 'NONE',  ( -4.789679312829632885, 21.51230025290870884, -13.15530250175442184 ) ) ;
#5229 = CARTESIAN_POINT ( 'NONE',  ( 3.767326279303651937, 38.63339886945418300, 13.48440826315219887 ) ) ;
#5230 = CARTESIAN_POINT ( 'NONE',  ( -13.03136881055142560, 38.33732132572763618, 3.205718809805631508 ) ) ;
#5231 = CARTESIAN_POINT ( 'NONE',  ( -4.908007728350669119, 37.30238675200408238, -13.11152636582907682 ) ) ;
#5232 = CARTESIAN_POINT ( 'NONE',  ( 12.93429919259551930, 24.32616263756252906, -5.357597215960486992 ) ) ;
#5233 = CARTESIAN_POINT ( 'NONE',  ( 13.07267389996847662, 22.64891709678655118, 5.011027081382263049 ) ) ;
#5234 = CARTESIAN_POINT ( 'NONE',  ( -13.45268050123683956, 19.60653381413743190, 1.027468082397420046 ) ) ;
#5235 = CARTESIAN_POINT ( 'NONE',  ( -1.544536249546373474, 19.74386836880596974, -13.39292899314018825 ) ) ;
#5236 = CARTESIAN_POINT ( 'NONE',  ( -4.583384843346279602, 36.49824149699953324, 12.52322511533634319 ) ) ;
#5237 = CARTESIAN_POINT ( 'NONE',  ( -12.83293348860775041, 37.73827407151398461, -3.810532272350978911 ) ) ;
#5238 = CARTESIAN_POINT ( 'NONE',  ( -13.50009008622429540, 39.50020214636929694, 0.1577780454735900340 ) ) ;
#5239 = CARTESIAN_POINT ( 'NONE',  ( -3.648191677156963575, 21.07988385121726083, 12.88990531660745020 ) ) ;
#5240 = CARTESIAN_POINT ( 'NONE',  ( 3.901749016864563657, 38.51570165542075586, -13.44599709173191648 ) ) ;
#5241 = CARTESIAN_POINT ( 'NONE',  ( 13.58611680956661871, 39.43236429054805114, 0.8237310767185960225 ) ) ;
#5242 = CARTESIAN_POINT ( 'NONE',  ( 4.550245928475909807, 36.57886062731409282, 12.53805450426572499 ) ) ;
#5243 = CARTESIAN_POINT ( 'NONE',  ( 3.180847313989071168, 38.35774922569702738, 13.03869228914104106 ) ) ;
#5244 = B_SPLINE_CURVE_WITH_KNOTS ( 'NONE', 3,
 ( #7112, #252, #181, #1868 ),
 .UNSPECIFIED., .F., .F.,
 ( 4, 4 ),
 ( 0.000000000000000000, 1.000000000000000000 ),
 .UNSPECIFIED. ) ;
#5245 = LINE ( 'NONE', #4131, #4903 ) ;
#5246 = AXIS2_PLACEMENT_3D ( 'NONE', #6279, #76, #2803 ) ;
#5247 = CARTESIAN_POINT ( 'NONE',  ( -3.105800349239455915, 20.58058085703438778, 13.06079719100608116 ) ) ;
#5248 = EDGE_LOOP ( 'NONE', ( #6109, #1644, #637, #239 ) ) ;
#5249 = CARTESIAN_POINT ( 'NONE',  ( 13.39143870821355442, 37.87376338043003443, 4.083223944426610075 ) ) ;
#5250 = EDGE_CURVE ( 'NONE', #1891, #4024, #56, .T. ) ;
#5251 = CARTESIAN_POINT ( 'NONE',  ( -5.109885510233905137, 36.94516295397879446, 13.03422064877895536 ) ) ;
#5252 = AXIS2_PLACEMENT_3D ( 'NONE', #1952, #5430, #1988 ) ;
#5253 = CARTESIAN_POINT ( 'NONE',  ( -13.54140589079208112, 20.19783895536093965, 3.554683097614825371 ) ) ;
#5254 = CARTESIAN_POINT ( 'NONE',  ( 3.256440451767180555, 39.01569977310630577, -13.61606148701394581 ) ) ;
#5255 =( NAMED_UNIT ( * ) PLANE_ANGLE_UNIT ( ) SI_UNIT ( $, .RADIAN. ) );
#5256 = CARTESIAN_POINT ( 'NONE',  ( -12.78545152826162123, 34.50000000000000000, -5.703703114510129346 ) ) ;
#5257 = CARTESIAN_POINT ( 'NONE',  ( -2.509765903596087089, 38.82753481683850083, -13.21567769546503612 ) ) ;
#5258 = VECTOR ( 'NONE', #6025, 1000.000000000000000 ) ;
#5259 = EDGE_LOOP ( 'NONE', ( #581, #5462, #3241, #1236 ) ) ;
#5260 = CARTESIAN_POINT ( 'NONE',  ( -4.098150232047096608, 20.67360811792331177, 13.38692652296025187 ) ) ;
#5261 = CARTESIAN_POINT ( 'NONE',  ( 12.76089466515625936, 22.42525534296380485, -4.549950475355298174 ) ) ;
#5262 = LINE ( 'NONE', #1797, #161 ) ;
#5263 = EDGE_CURVE ( 'NONE', #651, #1205, #2257, .T. ) ;
#5264 = CARTESIAN_POINT ( 'NONE',  ( 12.84004414895337831, 36.98350174030336746, 4.339918504463597060 ) ) ;
#5265 = CARTESIAN_POINT ( 'NONE',  ( -9.499999999999994671, 4.000000000000000000, -21.34313483298442549 ) ) ;
#5266 = ORIENTED_EDGE ( 'NONE', *, *, #135, .F. ) ;
#5267 = CARTESIAN_POINT ( 'NONE',  ( 12.69589763004109173, 24.50000000000000711, 5.119200799419102665 ) ) ;
#5268 = CARTESIAN_POINT ( 'NONE',  ( 4.682389296490485187, 21.35813888288909723, -13.19387144847084059 ) ) ;
#5269 = CARTESIAN_POINT ( 'NONE',  ( 10.46709128650361720, 45.00000000000000000, 5.000000000000000000 ) ) ;
#5270 = AXIS2_PLACEMENT_3D ( 'NONE', #107, #5800, #2274 ) ;
#5271 = CARTESIAN_POINT ( 'NONE',  ( 13.11329455781489983, 38.06356166145142339, 3.507315191168218771 ) ) ;
#5272 = DIRECTION ( 'NONE',  ( -2.326651945565614842E-16, 1.000000000000000000, 8.673617379884041635E-17 ) ) ;
#5273 = EDGE_CURVE ( 'NONE', #909, #3741, #7316, .T. ) ;
#5274 = CARTESIAN_POINT ( 'NONE',  ( 13.89237800248404398, 19.57022219213405023, -1.740967447001226631 ) ) ;
#5275 = CARTESIAN_POINT ( 'NONE',  ( -12.81883183690643691, 21.30877759090498813, 3.849181933423394320 ) ) ;
#5276 = CARTESIAN_POINT ( 'NONE',  ( -13.49525739537456204, 19.51059107874397824, 0.3355060095337611958 ) ) ;
#5277 = CARTESIAN_POINT ( 'NONE',  ( -2.184530099655479507, 20.00228107990816895, -13.28447375682478615 ) ) ;
#5278 = VECTOR ( 'NONE', #4972, 1000.000000000000000 ) ;
#5279 = CARTESIAN_POINT ( 'NONE',  ( -4.395423387888949485, 36.88334718821827352, 12.60448929716213584 ) ) ;
#5280 = CARTESIAN_POINT ( 'NONE',  ( -13.42498538109134465, 39.33039401446478678, 1.301616152408233917 ) ) ;
#5281 = CARTESIAN_POINT ( 'NONE',  ( -13.36589894170223047, 39.19294553297406480, 1.728604064079559244 ) ) ;
#5282 = CARTESIAN_POINT ( 'NONE',  ( 12.92691296257927824, 37.36874647995544763, -4.095507842348755645 ) ) ;
#5283 = PRODUCT_DEFINITION_FORMATION_WITH_SPECIFIED_SOURCE ( 'ANY', '', #4332, .NOT_KNOWN. ) ;
#5284 = CARTESIAN_POINT ( 'NONE',  ( -0.3251165232860336873, 19.51040677013376978, 13.49534014820028638 ) ) ;
#5285 = CARTESIAN_POINT ( 'NONE',  ( 5.694087602239717327, 34.86678101616441694, -12.78975298180966114 ) ) ;
#5286 = CARTESIAN_POINT ( 'NONE',  ( 13.44069452683205057, 39.05057808837593569, -2.072179995245715833 ) ) ;
#5287 = CARTESIAN_POINT ( 'NONE',  ( 0.1703400656749346487, 39.49978996341002357, -13.49990682353133487 ) ) ;
#5288 = CARTESIAN_POINT ( 'NONE',  ( 2.485718513681553610, 38.83865420000017110, 13.22029294186386394 ) ) ;
#5289 = CARTESIAN_POINT ( 'NONE',  ( -1.060665051196859610, 19.61362644894894203, 13.44955914315654155 ) ) ;
#5290 = ORIENTED_EDGE ( 'NONE', *, *, #7058, .T. ) ;
#5291 = CARTESIAN_POINT ( 'NONE',  ( 13.79657959227281161, 39.16838095913283269, -2.379254246308371901 ) ) ;
#5292 = CARTESIAN_POINT ( 'NONE',  ( 3.656893671946412017, 38.72105309195005418, 13.51401187672898097 ) ) ;
#5293 = CARTESIAN_POINT ( 'NONE',  ( -13.94697973370184840, 19.12670737135042742, 1.218150705172916348 ) ) ;
#5294 = CARTESIAN_POINT ( 'NONE',  ( -0.08702738911932425547, 40.00010927246657388, -14.00004637111816130 ) ) ;
#5295 = CARTESIAN_POINT ( 'NONE',  ( -10.46709128650361897, 45.00000000000000000, -4.999999999999996447 ) ) ;
#5296 = DIRECTION ( 'NONE',  ( 0.000000000000000000, 0.000000000000000000, 1.000000000000000000 ) ) ;
#5297 = DIRECTION ( 'NONE',  ( 0.000000000000000000, 8.673617379884041635E-17, -1.000000000000000000 ) ) ;
#5298 = ORIENTED_EDGE ( 'NONE', *, *, #3350, .F. ) ;
#5299 = CARTESIAN_POINT ( 'NONE',  ( -2.366058347551273755, 19.49474254781580385, 13.79888044465191577 ) ) ;
#5300 = CARTESIAN_POINT ( 'NONE',  ( -7.092525009203756170, 8.951071953716612128, -12.07076505376874920 ) ) ;
#5301 = CARTESIAN_POINT ( 'NONE',  ( 12.67816615332361430, 36.03690344742134499, 4.758105788710192741 ) ) ;
#5302 = PLANE ( 'NONE',  #4336 ) ;
#5303 = ORIENTED_EDGE ( 'NONE', *, *, #454, .T. ) ;
#5304 = CARTESIAN_POINT ( 'NONE',  ( 12.57669683062193400, 24.50000000000000000, 5.000000000000000000 ) ) ;
#5305 = CARTESIAN_POINT ( 'NONE',  ( 5.632798964051841217, 23.63425614176649248, -12.81684968103182420 ) ) ;
#5306 = EDGE_CURVE ( 'NONE', #5577, #208, #1230, .T. ) ;
#5307 = CARTESIAN_POINT ( 'NONE',  ( -12.38406334771721795, 35.56284606242725488, -4.885899535051360765 ) ) ;
#5308 = CARTESIAN_POINT ( 'NONE',  ( 12.93429922887929528, 34.50000000000000000, 5.357602398257307108 ) ) ;
#5309 = DIRECTION ( 'NONE',  ( 0.000000000000000000, 1.000000000000000000, 0.000000000000000000 ) ) ;
#5310 = CARTESIAN_POINT ( 'NONE',  ( -12.60448929717180810, 22.11665281173938880, 4.395423387866030041 ) ) ;
#5311 = CARTESIAN_POINT ( 'NONE',  ( -13.46387945826261578, 19.58112861054250686, -0.9008095298233790293 ) ) ;
#5312 = CARTESIAN_POINT ( 'NONE',  ( -3.010043406668888810, 20.50734482984705309, -13.08770708898958723 ) ) ;
#5313 = CARTESIAN_POINT ( 'NONE',  ( -4.732093756831694975, 36.11521825369177208, 12.45612845990750728 ) ) ;
#5314 = CARTESIAN_POINT ( 'NONE',  ( 13.14800007883103028, 20.82047688179488887, -3.385586292883660864 ) ) ;
#5315 = EDGE_CURVE ( 'NONE', #3805, #7271, #457, .T. ) ;
#5316 = CARTESIAN_POINT ( 'NONE',  ( -13.16472066193721879, 38.69681786117145350, -2.719080137555463850 ) ) ;
#5317 = CARTESIAN_POINT ( 'NONE',  ( 12.80905820818841256, 36.83107217591119564, -4.423371411706278344 ) ) ;
#5318 = FACE_OUTER_BOUND ( 'NONE', #3419, .T. ) ;
#5319 = CARTESIAN_POINT ( 'NONE',  ( 5.703698528538590828, 34.68257529261026662, -12.78545357410412997 ) ) ;
#5320 = CARTESIAN_POINT ( 'NONE',  ( 13.59585500829311044, 39.45701077174014415, -0.6555593409221546208 ) ) ;
#5321 = CARTESIAN_POINT ( 'NONE',  ( 0.1591033311401412464, 19.50184351455509102, -13.49917357653227867 ) ) ;
#5322 = CARTESIAN_POINT ( 'NONE',  ( 1.535452211145145185, 39.25857531893215935, 13.39399478053885773 ) ) ;
#5323 = CARTESIAN_POINT ( 'NONE',  ( 4.392387631781075719, 12.58406662970848444, -13.29479044607363747 ) ) ;
#5324 = CARTESIAN_POINT ( 'NONE',  ( -2.537575904312604713, 20.19159499055179907, 13.20832448878426213 ) ) ;
#5325 = EDGE_LOOP ( 'NONE', ( #7357, #3799, #4514, #3164 ) ) ;
#5326 = B_SPLINE_SURFACE_WITH_KNOTS ( 'NONE', 1, 3, ( 
 ( #2301, #3420, #6818, #6893, #6374, #2405, #5104, #2855, #2335, #5179, #1192, #3982, #5707, #3497, #4018, #4577, #5790, #5748, #4688, #6933, #21, #2371, #62, #4541, #4612, #6263, #1822, #3385, #638, #5249, #6341, #1158, #95, #2935, #1272, #3537, #5823, #702, #2968, #167, #5673, #2819, #6439, #6483, #203, #1344, #3606, #3041, #1421, #7051, #7095, #4288, #5968, #1929, #3643, #2633, #2089, #5598, #1008, #5328, #819, #2048, #2440, #6014, #903, #3684, #4727, #7012, #4812, #935, #3608, #3168, #3084, #1931, #7097, #1423, #2522, #6602, #3129, #779, #7054, #5366, #5411, #862, #277, #5450, #4290, #6558, #1971, #349, #4248, #315, #7139, #6046, #4889, #7175, #3765, #5291, #1892, #4169, #2743, #5633, #3308, #527, #6221, #5032, #7282, #3237, #6113, #7353, #5489, #1640, #3905, #1608, #383, #2635, #2707, #3201, #1533, #6182, #6669, #7251, #4996, #4436, #2782, #4471, #3801, #5063, #487, #2191, #1080, #4502, #6776, #2154, #4371, #6640, #3348, #2225, #422, #7318, #1009, #5568, #6080, #5529, #6743, #2676, #2123, #4402, #6709, #3870, #1564, #6147, #3836, #455 ),
 ( #1043, #5599, #14, #4129, #6294, #2366, #3451, #5099, #90, #1122, #5668, #632, #5133, #4644, #1267, #1231, #5209, #6848, #595, #3977, #4051, #3529, #6967, #2258, #57, #6885, #2330, #5742, #1153, #2850, #5784, #4014, #1745, #668, #2890, #1851, #4090, #4536, #6926, #2294, #6811, #1782, #6258, #6368, #3381, #559, #1188, #2815, #5172, #4608, #1712, #2928, #3414, #6333, #5816, #5703, #4570, #3491, #126, #1817, #697, #2963, #5241, #160, #2401, #4684, #6477, #2469, #772, #3675, #2557, #895, #1377, #3160, #3721, #6404, #4760, #1297, #6512, #3035, #813, #5320, #5359, #5402, #7043, #343, #2004, #267, #4846, #2434, #2593, #4241, #4883, #3564, #5852, #5286, #1414, #7002, #733, #197, #308, #1884, #4282, #4163, #4719, #2182, #1525, #929, #3195, #4959, #5482, #2115, #3338, #6737, #5521, #6041, #3865, #3265, #3229, #1633, #5558, #4326, #480, #517, #7241, #2626, #5626, #3896, #4395, #4989, #6663, #1491, #4922, #448, #6107, #4364, #2773, #2082, #3827, #6174, #3795, #1072, #6074, #963, #2666, #1000, #7346, #4464, #5055, #6594, #7208, #6701, #2700, #7276 ) ),
 .UNSPECIFIED., .F., .F., .F.,
 ( 2, 2 ),
 ( 4, 2, 2, 2, 2, 2, 2, 2, 2, 2, 2, 2, 2, 2, 2, 2, 2, 2, 2, 2, 2, 2, 2, 2, 2, 2, 2, 2, 2, 2, 2, 2, 2, 2, 2, 2, 2, 2, 2, 2, 2, 2, 2, 2, 2, 2, 2, 2, 2, 2, 2, 2, 2, 2, 2, 2, 2, 2, 2, 2, 2, 2, 2, 2, 2, 2, 2, 2, 2, 2, 2, 2, 2, 2, 2, 2, 4 ),
 ( 0.000000000000000000, 1.000000000000000000 ),
 ( 0.000000000000000000, 0.0005136795353273288650, 0.001027359070654657730, 0.001284198838318322163, 0.001412618722150154379, 0.001541038605981986595, 0.001669458489813818811, 0.001797878373645651028, 0.002054718141309315460, 0.002311557908972979893, 0.002568397676636644325, 0.002825237444300308758, 0.003082077211963973190, 0.003338916979627637623, 0.003595756747291302055, 0.003852596514954966488, 0.004109436282618630920, 0.004623115817945959785, 0.004879955585609624218, 0.005008375469441456868, 0.005136795353273288650, 0.005265215237105120433, 0.005393635120936953083, 0.005650474888600617515, 0.006164154423927946380, 0.006420994191591610813, 0.006677833959255275245, 0.006806253843087107028, 0.006934673726918939678, 0.007063093610750772328, 0.007191513494582604110, 0.007448353262246268543, 0.007705193029909932975, 0.007962032797573598275, 0.008218872565237261840, 0.008347292449069093623, 0.008475712332900925405, 0.008604132216732757188, 0.008668342158648673079, 0.008732552100564590705, 0.008860971984396424223, 0.008989391868228256005, 0.009246231635891919570, 0.009759911171219248435, 0.01001675093888291374, 0.01014517082271474552, 0.01027359070654657730, 0.01040201059037840908, 0.01053043047421024087, 0.01078727024187390617, 0.01130094977720123503, 0.01155778954486489860, 0.01168620942869673038, 0.01181462931252856390, 0.01194304919636039741, 0.01207146908019222920, 0.01232830884785589276, 0.01258514861551955633, 0.01284198838318322163, 0.01309882815084688693, 0.01335566791851055049, 0.01361250768617421406, 0.01374092757000604584, 0.01386934745383787936, 0.01399776733766971287, 0.01412618722150154466, 0.01438302698916520822, 0.01489670652449253709, 0.01515354629215620239, 0.01528196617598803417, 0.01541038605981986595, 0.01553880594365169947, 0.01566722582748353298, 0.01579564571131536477, 0.01592406559514719655, 0.01618090536281086012, 0.01643774513047452368 ),
 .UNSPECIFIED. ) ;
#5327 = CARTESIAN_POINT ( 'NONE',  ( 3.593655930146659738, 37.97737501180450437, -12.90844367894524325 ) ) ;
#5328 = CARTESIAN_POINT ( 'NONE',  ( 13.95335334627626445, 39.58978469756237217, 1.142720993722447398 ) ) ;
#5329 = CARTESIAN_POINT ( 'NONE',  ( 1.842200009237916269, 39.70601137759859967, 13.87855329219237888 ) ) ;
#5330 = LINE ( 'NONE', #1858, #3250 ) ;
#5331 = CARTESIAN_POINT ( 'NONE',  ( -12.88210987413219399, 36.02128836776783061, -5.481982651196864786 ) ) ;
#5332 = CARTESIAN_POINT ( 'NONE',  ( -11.12105513620524633, 38.26358888417949800, 3.307494908510440812 ) ) ;
#5333 = ORIENTED_EDGE ( 'NONE', *, *, #55, .T. ) ;
#5334 = CARTESIAN_POINT ( 'NONE',  ( 0.6626552606837842196, 19.03649825695845621, 13.98461992168038925 ) ) ;
#5335 = CARTESIAN_POINT ( 'NONE',  ( 13.56043213187402863, 19.63318806111526982, -1.147105819758123424 ) ) ;
#5336 = CARTESIAN_POINT ( 'NONE',  ( -5.665836775403999326, 23.76890158676980391, 12.80254012725101198 ) ) ;
#5337 = CARTESIAN_POINT ( 'NONE',  ( -4.834659418723598279, 35.81785451519272812, -10.54473180560966483 ) ) ;
#5338 = ORIENTED_EDGE ( 'NONE', *, *, #4712, .F. ) ;
#5339 = CARTESIAN_POINT ( 'NONE',  ( 7.092525009203753505, 8.951071953716610352, 12.07076505376874742 ) ) ;
#5340 = CARTESIAN_POINT ( 'NONE',  ( 5.110825507945313539, 22.05173153040814071, -13.03412276383323309 ) ) ;
#5341 = CARTESIAN_POINT ( 'NONE',  ( -5.952041534585068128, 11.08849101872698206, -9.961647082435060696 ) ) ;
#5342 = CARTESIAN_POINT ( 'NONE',  ( -12.45674072909412189, 36.12607642904279714, 4.731022369583772758 ) ) ;
#5343 = CARTESIAN_POINT ( 'NONE',  ( 1.306897287389234608, 39.32900569792761303, -11.52724420843802200 ) ) ;
#5344 = CARTESIAN_POINT ( 'NONE',  ( 2.519125259310999621, 20.16885474360490704, -11.32654678312217911 ) ) ;
#5345 = CARTESIAN_POINT ( 'NONE',  ( -12.48133742607086383, 36.26999091343281378, -4.676954909366355828 ) ) ;
#5346 = CARTESIAN_POINT ( 'NONE',  ( 13.44333621266149414, 38.06484338716743565, -3.910619973085247558 ) ) ;
#5347 = CARTESIAN_POINT ( 'NONE',  ( 5.397625568057246248, 22.71355078499197688, -12.91778347615536582 ) ) ;
#5348 = CARTESIAN_POINT ( 'NONE',  ( -13.49898907600389464, 19.50225525392736259, 0.1712105040747614881 ) ) ;
#5349 = CARTESIAN_POINT ( 'NONE',  ( -2.848367512106090071, 20.38997928258775616, -13.13155950006752626 ) ) ;
#5350 = CARTESIAN_POINT ( 'NONE',  ( -4.246700769434925249, 37.14047635474239684, 12.66613266075004773 ) ) ;
#5351 = CARTESIAN_POINT ( 'NONE',  ( -13.43658867178314331, 39.35679338391579307, -1.188814211917122998 ) ) ;
#5352 = ORIENTED_EDGE ( 'NONE', *, *, #1222, .T. ) ;
#5353 = CARTESIAN_POINT ( 'NONE',  ( -12.95327285107046222, 38.11214033367693332, -3.457289113598270180 ) ) ;
#5354 = CARTESIAN_POINT ( 'NONE',  ( 13.36466600249852377, 38.83944968153954846, -2.484329570012745236 ) ) ;
#5355 = CARTESIAN_POINT ( 'NONE',  ( 5.507218689092050035, 35.93402034453477967, -12.87133118078475746 ) ) ;
#5356 = CARTESIAN_POINT ( 'NONE',  ( -13.87929007073420351, 19.29201093355330698, -1.843370239772934571 ) ) ;
#5357 = CARTESIAN_POINT ( 'NONE',  ( -12.32984480898545776, 24.33399340787731902, -4.997936797311804291 ) ) ;
#5358 = EDGE_CURVE ( 'NONE', #1461, #5620, #6476, .T. ) ;
#5359 = CARTESIAN_POINT ( 'NONE',  ( 13.59364387279016917, 39.45142235637239025, -0.6965047247207049042 ) ) ;
#5360 = CARTESIAN_POINT ( 'NONE',  ( -0.4174432764730531820, 19.51677937368306104, -13.49248858780281601 ) ) ;
#5361 = CARTESIAN_POINT ( 'NONE',  ( 2.434399678949170642, 38.86738792313965263, 13.23176100206578454 ) ) ;
#5362 = DIRECTION ( 'NONE',  ( 0.000000000000000000, 1.000000000000000000, 0.000000000000000000 ) ) ;
#5363 = CARTESIAN_POINT ( 'NONE',  ( -2.485718513735858615, 20.16134580003073040, 13.22029294185263204 ) ) ;
#5364 = VERTEX_POINT ( 'NONE', #5171 ) ;
#5365 = CARTESIAN_POINT ( 'NONE',  ( 2.610263671666550156, 38.76476014879353471, -13.19117405390928965 ) ) ;
#5366 = CARTESIAN_POINT ( 'NONE',  ( 13.98243587470045313, 39.66468723881570213, -0.7024452594249024351 ) ) ;
#5367 = CARTESIAN_POINT ( 'NONE',  ( 3.251814073593585874, 39.01945358352107007, 13.61733902678895092 ) ) ;
#5368 = CARTESIAN_POINT ( 'NONE',  ( -13.99516733005112634, 19.01144792350536505, -0.3708736252890427743 ) ) ;
#5369 = CARTESIAN_POINT ( 'NONE',  ( -2.106512885492525466, 39.61196188413203600, -13.84089460905201818 ) ) ;
#5370 = CARTESIAN_POINT ( 'NONE',  ( -13.99634306545852880, 39.99133866512732993, 0.3234708200034858150 ) ) ;
#5371 = CARTESIAN_POINT ( 'NONE',  ( -11.46340775003472956, 39.17472198085811641, -1.781417498300658542 ) ) ;
#5372 = ORIENTED_EDGE ( 'NONE', *, *, #1543, .T. ) ;
#5373 = VECTOR ( 'NONE', #7339, 1000.000000000000000 ) ;
#5375 = VECTOR ( 'NONE', #4094, 1000.000000000000000 ) ;
#5374 = CARTESIAN_POINT ( 'NONE',  ( 1.493758939610291936, 19.19177160475456390, 13.92015731840523429 ) ) ;
#5376 = CARTESIAN_POINT ( 'NONE',  ( 13.53601445380625101, 19.69620973051924295, -1.387554253608784371 ) ) ;
#5377 = CARTESIAN_POINT ( 'NONE',  ( -7.499999999999994671, 6.500000000000012434, -11.82159041753689088 ) ) ;
#5378 = CARTESIAN_POINT ( 'NONE',  ( -5.426640323555181666, 22.80421737475730382, -12.90552060042682214 ) ) ;
#5379 = ORIENTED_EDGE ( 'NONE', *, *, #8, .F. ) ;
#5380 = PLANE ( 'NONE',  #3835 ) ;
#5381 = CARTESIAN_POINT ( 'NONE',  ( 4.785711917034073615, 21.50639840755240684, -13.15674636991161250 ) ) ;
#5382 = AXIS2_PLACEMENT_3D ( 'NONE', #2656, #404, #2107 ) ;
#5383 = AXIS2_PLACEMENT_3D ( 'NONE', #5504, #7332, #6651 ) ;
#5384 = CARTESIAN_POINT ( 'NONE',  ( 6.496004944281841276, 10.27995341674844099, -12.40538123241174695 ) ) ;
#5385 = CARTESIAN_POINT ( 'NONE',  ( 4.999999999999998224, 34.83498231666818157, -10.46709128650361720 ) ) ;
#5386 = CARTESIAN_POINT ( 'NONE',  ( -12.44434331413302175, 36.03832604906591541, -4.757645877665823697 ) ) ;
#5387 = CARTESIAN_POINT ( 'NONE',  ( 13.71045640180257763, 38.92275072474339481, -2.836430083542033298 ) ) ;
#5388 = AXIS2_PLACEMENT_3D ( 'NONE', #4607, #771, #1296 ) ;
#5389 = CARTESIAN_POINT ( 'NONE',  ( 5.625849304472809287, 23.58974353566505400, -12.81990864280811060 ) ) ;
#5390 = CARTESIAN_POINT ( 'NONE',  ( -12.92966737449800085, 20.95846999786284925, 3.529542010681488762 ) ) ;
#5391 = CARTESIAN_POINT ( 'NONE',  ( -13.35918727205280376, 19.82293488085070976, -1.769697180907767509 ) ) ;
#5392 = CARTESIAN_POINT ( 'NONE',  ( -3.059771721839655179, 20.54513125772342974, -13.07379436636405856 ) ) ;
#5393 = CARTESIAN_POINT ( 'NONE',  ( -13.11200982208081989, 38.55798749863669173, -2.921370146246552224 ) ) ;
#5394 = AXIS2_PLACEMENT_3D ( 'NONE', #7352, #4013, #4569 ) ;
#5395 = ORIENTED_EDGE ( 'NONE', *, *, #6315, .F. ) ;
#5396 = CARTESIAN_POINT ( 'NONE',  ( -13.03094450934857029, 38.33611643672232105, -3.207113912910824371 ) ) ;
#5397 = CARTESIAN_POINT ( 'NONE',  ( 13.10318514218563024, 38.02912386938592704, -3.541934604065005043 ) ) ;
#5398 = CARTESIAN_POINT ( 'NONE',  ( -4.966786507533395678, 23.91868057067391007, 12.34506618187401550 ) ) ;
#5399 = CARTESIAN_POINT ( 'NONE',  ( -13.76882338341331646, 19.57180836978338689, 2.539130102047489679 ) ) ;
#5400 = CARTESIAN_POINT ( 'NONE',  ( 3.479276566529674319, 20.13811545709749495, 13.56159021610393012 ) ) ;
#5401 = VECTOR ( 'NONE', #5053, 1000.000000000000000 ) ;
#5402 = CARTESIAN_POINT ( 'NONE',  ( 13.58643440844235606, 39.43317006245361966, -0.8189276179494252572 ) ) ;
#5403 = CARTESIAN_POINT ( 'NONE',  ( 1.769697180907759515, 19.82293488085069555, -13.35918727205276646 ) ) ;
#5404 = CARTESIAN_POINT ( 'NONE',  ( 2.385091477192929688, 38.89451793109668643, 13.24262678785527392 ) ) ;
#5405 = ADVANCED_FACE ( 'NONE', ( #6403 ), #5782, .T. ) ;
#5406 = CARTESIAN_POINT ( 'NONE',  ( -0.6545171477931309711, 19.54233596339668466, 13.48108581575046649 ) ) ;
#5407 = VERTEX_POINT ( 'NONE', #3034 ) ;
#5408 = VECTOR ( 'NONE', #2789, 1000.000000000000000 ) ;
#5409 = CARTESIAN_POINT ( 'NONE',  ( 2.779301302199835622, 38.65638902241806107, -13.14927442024514193 ) ) ;
#5410 = VERTEX_POINT ( 'NONE', #5850 ) ;
#5411 = CARTESIAN_POINT ( 'NONE',  ( 13.98016186836827934, 39.65886469396678393, -0.7463190767122472868 ) ) ;
#5412 = CARTESIAN_POINT ( 'NONE',  ( 5.550620142217407071, 35.76892285823156215, 12.85267482874188794 ) ) ;
#5413 = CARTESIAN_POINT ( 'NONE',  ( -13.87855329219238421, 19.29398862240143586, -1.842200009237901392 ) ) ;
#5414 = CARTESIAN_POINT ( 'NONE',  ( -13.76890250540220251, 39.42789538011032846, 2.534690903196553435 ) ) ;
#5415 = EDGE_CURVE ( 'NONE', #4724, #208, #1265, .T. ) ;
#5416 = CARTESIAN_POINT ( 'NONE',  ( -11.58575380954990486, 39.46720434668036859, 0.6596712276900704719 ) ) ;
#5417 = ORIENTED_EDGE ( 'NONE', *, *, #4999, .F. ) ;
#5418 = CARTESIAN_POINT ( 'NONE',  ( -3.763014771086065746, 20.36658568045717743, 13.48484535929836703 ) ) ;
#5419 = CARTESIAN_POINT ( 'NONE',  ( 13.60879449520556150, 19.51038925519511125, 0.3248315381276969949 ) ) ;
#5420 = CARTESIAN_POINT ( 'NONE',  ( -1.848680070239515860, 19.29376608671973514, 13.87858127567829136 ) ) ;
#5421 = DIRECTION ( 'NONE',  ( 0.000000000000000000, 0.000000000000000000, -1.000000000000000000 ) ) ;
#5422 = EDGE_LOOP ( 'NONE', ( #5445, #3752, #4887, #1408, #6271 ) ) ;
#5423 = CARTESIAN_POINT ( 'NONE',  ( -4.755869138106374905, 36.04529220316378968, -12.44518525709951007 ) ) ;
#5424 = CARTESIAN_POINT ( 'NONE',  ( 5.479055640881014710, 22.96898268389842812, -12.88335488816705521 ) ) ;
#5425 = CARTESIAN_POINT ( 'NONE',  ( -13.48520593143777369, 38.63581735524955008, 3.764477864611134539 ) ) ;
#5426 = CARTESIAN_POINT ( 'NONE',  ( -4.979094147446627261, 12.12893797670215790, -10.48385561066215210 ) ) ;
#5427 = CARTESIAN_POINT ( 'NONE',  ( 1.164350671614166351E-13, 39.50000000000133582, 11.60000000000056808 ) ) ;
#5428 = CARTESIAN_POINT ( 'NONE',  ( 0.7589124458876960189, 39.96301110828632375, 13.98425468437041452 ) ) ;
#5429 = CARTESIAN_POINT ( 'NONE',  ( 12.61218256799696213, 23.59166880699157787, 4.916978700934665270 ) ) ;
#5430 = DIRECTION ( 'NONE',  ( 0.000000000000000000, -1.000000000000000000, 0.000000000000000000 ) ) ;
#5431 = CARTESIAN_POINT ( 'NONE',  ( 13.40866889228670367, 37.94484788318750645, 4.033874735778563370 ) ) ;
#5432 = LINE ( 'NONE', #334, #1474 ) ;
#5433 = CARTESIAN_POINT ( 'NONE',  ( -13.13100570689691082, 20.39140547657299507, -2.850616527814576528 ) ) ;
#5434 = CARTESIAN_POINT ( 'NONE',  ( -3.503917043763178363, 20.93311135180215032, -12.93809792125689917 ) ) ;
#5435 = DIRECTION ( 'NONE',  ( 1.206107350727848108E-16, -0.000000000000000000, -1.000000000000000000 ) ) ;
#5436 = CARTESIAN_POINT ( 'NONE',  ( 13.36077529908780548, 20.17148358342087633, -2.504113731747969140 ) ) ;
#5437 = CARTESIAN_POINT ( 'NONE',  ( 0.000000000000000000, 4.000000000000000000, 0.000000000000000000 ) ) ;
#5438 = ORIENTED_EDGE ( 'NONE', *, *, #2753, .F. ) ;
#5439 = CARTESIAN_POINT ( 'NONE',  ( -4.731022369583778975, 22.87392357095719220, 12.45674072909408459 ) ) ;
#5440 = CARTESIAN_POINT ( 'NONE',  ( -12.81855341049799435, 23.59491647615886123, 5.629058863207590413 ) ) ;
#5441 = CARTESIAN_POINT ( 'NONE',  ( -12.67188722124635980, 21.83726021879880363, -4.232370933616250497 ) ) ;
#5442 = CARTESIAN_POINT ( 'NONE',  ( 3.592534665436423413, 21.02146162347822411, -12.90882221739415137 ) ) ;
#5443 = CARTESIAN_POINT ( 'NONE',  ( -3.520103013914942736, 38.05091594516721898, 12.93278110543826642 ) ) ;
#5444 = CARTESIAN_POINT ( 'NONE',  ( 4.201821230709265720, 21.78849851027360529, 12.68425347633661460 ) ) ;
#5445 = ORIENTED_EDGE ( 'NONE', *, *, #6049, .T. ) ;
#5446 = CARTESIAN_POINT ( 'NONE',  ( 13.14800007877735588, 38.17952311802941523, 3.385586293077165632 ) ) ;
#5447 = CARTESIAN_POINT ( 'NONE',  ( -12.88048916269692334, 37.89030992498642547, 3.675245137617703772 ) ) ;
#5448 = CARTESIAN_POINT ( 'NONE',  ( 3.836257343143263387, 37.70674782577005146, -12.82351753227717239 ) ) ;
#5449 = VERTEX_POINT ( 'NONE', #7000 ) ;
#5450 = CARTESIAN_POINT ( 'NONE',  ( 13.94753440269611211, 39.57477062489854802, -1.223206431636195024 ) ) ;
#5451 = CARTESIAN_POINT ( 'NONE',  ( -4.867996716262347867, 35.64427417850248503, 12.39260856760605911 ) ) ;
#5452 = CARTESIAN_POINT ( 'NONE',  ( -13.89007081705471514, 19.26552483376252312, -1.753299717222371878 ) ) ;
#5453 = CARTESIAN_POINT ( 'NONE',  ( 1.172074580325964011, 39.88281233726794284, -13.95092769689343015 ) ) ;
#5454 = EDGE_CURVE ( 'NONE', #143, #825, #4202, .T. ) ;
#5455 = CARTESIAN_POINT ( 'NONE',  ( -13.79888044465191577, 39.50525745218416063, 2.366058347551271090 ) ) ;
#5456 = CARTESIAN_POINT ( 'NONE',  ( -4.997906189854696812, 34.66690789684599139, -12.32985669532616413 ) ) ;
#5457 = EDGE_LOOP ( 'NONE', ( #1389, #4235, #2941, #3469 ) ) ;
#5458 = CARTESIAN_POINT ( 'NONE',  ( -5.599782199576267772, 23.45388623802148942, 12.83131109016825633 ) ) ;
#5459 = CARTESIAN_POINT ( 'NONE',  ( -2.540788567131806008, 19.57261939257122663, 13.76851353491864138 ) ) ;
#5460 = B_SPLINE_SURFACE_WITH_KNOTS ( 'NONE', 1, 3, ( 
 ( #2047, #1607, #4333, #1497, #3200, #421, #1336, #2513, #7042, #5926, #2079, #6073, #116, #6838, #1663, #4003, #762, #6678, #1093, #2303, #3985, #4020, #4446, #3357, #6266, #1161, #6344, #241, #2480, #6974, #1240, #5253, #3500, #2442, #1933, #4655, #5182, #4615, #1825, #6936, #169, #4212, #1195, #2407, #2900, #4690, #1856, #6411, #1306, #3570, #740, #5293, #7014, #1973, #4463, #3895, #4891, #4250, #3170, #6521, #5491, #6736, #3686, #3086, #5368, #7141, #279, #4292, #5625, #1632, #317, #821, #6048, #5452, #5413, #6173, #7217, #1071, #3337, #7177, #2012, #2524, #516, #2772, #6560, #2050, #1464, #3645, #4814, #351, #905, #1425, #5054, #5971, #3731, #7345, #865, #2217, #3131, #2564, #4854, #6016, #6485, #1385, #7099, #5936, #2601, #4335, #6604, #1499, #3767, #937, #3203, #385, #2637, #4930, #2181, #1178, #4, #1113, #587, #153, #45, #6876, #3442, #4040 ),
 ( #2283, #4495, #4562, #6840, #6209, #6322, #3375, #2877, #6916, #6768, #1666, #1737, #552, #1218, #4006, #6360, #6285, #3930, #1810, #5162, #5730, #5694, #6248, #1773, #659, #1257, #620, #3518, #4081, #5659, #2840, #2809, #4599, #6802, #81, #1146, #2321, #3478, #5124, #5809, #5199, #5772, #2918, #118, #2356, #4634, #5091, #690, #2248, #4528, #2953, #3404, #5234, #1703, #3969, #6503, #764, #1876, #5276, #5348, #4834, #886, #3557, #1326, #802, #4750, #5843, #226, #4154, #7076, #5311, #3025, #1956, #1915, #3150, #5391, #724, #3664, #6426, #2992, #3065, #189, #300, #5433, #7033, #3706, #258, #2426, #4710, #1404, #3631, #2392, #4120, #2547, #5951, #841, #2460, #3107, #6993, #4193, #3589, #4675, #5879, #6468, #4793, #1368, #5915, #7120, #4231, #1993, #2499, #4273, #6958, #6539, #1441, #5993, #1843, #6397, #1290, #4981, #3222, #6099, #2585, #4873, #7232, #3327 ) ),
 .UNSPECIFIED., .F., .F., .F.,
 ( 2, 2 ),
 ( 4, 2, 2, 2, 2, 2, 2, 2, 2, 2, 2, 2, 2, 2, 2, 2, 2, 2, 2, 2, 2, 2, 2, 2, 2, 2, 2, 2, 2, 2, 2, 2, 2, 2, 2, 2, 2, 2, 2, 2, 2, 2, 2, 2, 2, 2, 2, 2, 2, 2, 2, 2, 2, 2, 2, 2, 2, 2, 2, 2, 2, 2, 4 ),
 ( 0.000000000000000000, 1.000000000000000000 ),
 ( 0.000000000000000000, 0.0005430559330015016567, 0.001086111866003003313, 0.001357639832503754196, 0.001629167799004504862, 0.001900695765505255744, 0.002172223732006006627, 0.002443751698506757726, 0.002715279665007508392, 0.002986807631508259057, 0.003258335598009009723, 0.003529863564509760389, 0.003801391531010511488, 0.004072919497511262588, 0.004344447464012013253, 0.004887503397013515452, 0.005159031363514266118, 0.005294795346764641017, 0.005430559330015016783, 0.005702087296515767449, 0.005973615263016518115, 0.006516671196018019446, 0.007059727129019520778, 0.007195491112269896544, 0.007331255095520272311, 0.007467019078770648077, 0.007602783062021022976, 0.007874311028521773642, 0.008145838995022525175, 0.008417366961523276708, 0.008688894928024026507, 0.008960422894524776305, 0.009096186877775152071, 0.009231950861025527838, 0.009503478827526279371, 0.009775006794027030904, 0.01031806272702853224, 0.01058959069352928203, 0.01086111866003003357, 0.01113264662653078510, 0.01140417459303153490, 0.01194723052603303623, 0.01221875849253378776, 0.01249028645903453756, 0.01262605044228491333, 0.01276181442553528736, 0.01303334239203603889, 0.01330487035853679043, 0.01357639832503754022, 0.01384792629153829002, 0.01411945425803904156, 0.01439098222453979309, 0.01452674620779016885, 0.01466251019104054462, 0.01520556612404204595, 0.01574862205704354728, 0.01602015002354429882, 0.01629167799004505035, 0.01642744197329542438, 0.01656320595654580188, 0.01683473392304655342, 0.01710626188954730148, 0.01737778985604805301 ),
 .UNSPECIFIED. ) ;
#5461 = CARTESIAN_POINT ( 'NONE',  ( -3.901749016885458055, 20.48429834460721466, -13.44599709172563529 ) ) ;
#5462 = ORIENTED_EDGE ( 'NONE', *, *, #1543, .F. ) ;
#5463 = ADVANCED_FACE ( 'NONE', ( #5925 ), #6815, .T. ) ;
#5464 = CARTESIAN_POINT ( 'NONE',  ( -4.857592969302932495, 35.68982059019402442, -12.39757199998108206 ) ) ;
#5465 = CARTESIAN_POINT ( 'NONE',  ( -4.675266985663480312, 22.72556209853645726, -12.48209869952355611 ) ) ;
#5466 = CARTESIAN_POINT ( 'NONE',  ( -1.776708755119236427, 39.17651886738097744, 11.46414105624237756 ) ) ;
#5467 = CARTESIAN_POINT ( 'NONE',  ( 0.000000000000000000, 4.000000000000000000, 0.000000000000000000 ) ) ;
#5468 = CARTESIAN_POINT ( 'NONE',  ( 13.92974093310920836, 19.47173373377728112, -1.401484072477176213 ) ) ;
#5469 = CARTESIAN_POINT ( 'NONE',  ( 13.08506639948226358, 36.42740521865977854, 4.978184413308025746 ) ) ;
#5470 = CARTESIAN_POINT ( 'NONE',  ( 1.794436175767047503, 39.16722618592395833, -13.35503419094721700 ) ) ;
#5471 = CARTESIAN_POINT ( 'NONE',  ( 5.111616210811238403, 22.05329162007469179, -13.03381225855589776 ) ) ;
#5472 = ADVANCED_FACE ( 'NONE', ( #6884 ), #893, .T. ) ;
#5473 = CARTESIAN_POINT ( 'NONE',  ( 7.669990706456009555, 3.669990706456002005, 13.27642669995256597 ) ) ;
#5474 = CARTESIAN_POINT ( 'NONE',  ( -4.395423387861725040, 22.11665281173140585, -12.60448929717364663 ) ) ;
#5475 = CYLINDRICAL_SURFACE ( 'NONE', #5744, 24.00000000000000355 ) ;
#5476 = CARTESIAN_POINT ( 'NONE',  ( 0.6656928297917491522, 19.53361895116804448, -11.58539941088602632 ) ) ;
#5477 = CARTESIAN_POINT ( 'NONE',  ( -12.64046198785174902, 37.03609476819271862, -4.309277088795026245 ) ) ;
#5478 = CARTESIAN_POINT ( 'NONE',  ( 13.37483980481309054, 38.86816545858604144, -2.433004205899609751 ) ) ;
#5479 = CARTESIAN_POINT ( 'NONE',  ( -4.908900487238251564, 23.54898740657082357, 12.37305018407113266 ) ) ;
#5480 = CARTESIAN_POINT ( 'NONE',  ( -13.94044318816517780, 19.14241074256884190, -1.303051518682579291 ) ) ;
#5481 = CARTESIAN_POINT ( 'NONE',  ( -12.80946492380022406, 21.34002382320230140, -3.874865514786341780 ) ) ;
#5482 = CARTESIAN_POINT ( 'NONE',  ( 13.16383960010601228, 38.23136049344860510, -3.328455488774216153 ) ) ;
#5483 = CARTESIAN_POINT ( 'NONE',  ( 3.809226062134136281, 21.26020203208701176, -12.83340115196991071 ) ) ;
#5484 = CARTESIAN_POINT ( 'NONE',  ( -3.144364604770769844, 38.38755604955730405, 13.04939739921515418 ) ) ;
#5485 = CARTESIAN_POINT ( 'NONE',  ( 1.735820950749147995, 13.80061545311244231, -13.89414320823695270 ) ) ;
#5486 = CARTESIAN_POINT ( 'NONE',  ( 4.605869013911751075, 22.55412721302315049, 12.51323822059236157 ) ) ;
#5487 = VERTEX_POINT ( 'NONE', #4239 ) ;
#5488 = CARTESIAN_POINT ( 'NONE',  ( 4.918612659162024947, 35.40230361642261414, -12.36839355455027700 ) ) ;
#5489 = CARTESIAN_POINT ( 'NONE',  ( 13.53813665716878312, 38.38768772377911631, -3.566508221829907122 ) ) ;
#5490 = CARTESIAN_POINT ( 'NONE',  ( -3.052251993749826475, 38.46110698344760692, 13.07604002329429171 ) ) ;
#5491 = CARTESIAN_POINT ( 'NONE',  ( -13.99994996193350971, 19.00011890641200196, 0.1013573958687136456 ) ) ;
#5492 = CARTESIAN_POINT ( 'NONE',  ( -13.62521335860815874, 39.04129081328975559, -3.217941368346735498 ) ) ;
#5493 = CARTESIAN_POINT ( 'NONE',  ( -8.000000000000008882, 4.000000000000000000, -19.84313483298443970 ) ) ;
#5494 = ORIENTED_EDGE ( 'NONE', *, *, #3307, .F. ) ;
#5495 = CARTESIAN_POINT ( 'NONE',  ( 13.45908283878155309, 19.89963076442809609, 1.959160181339097528 ) ) ;
#5496 = CARTESIAN_POINT ( 'NONE',  ( 8.873904696274653317E-15, 14.00000000000000000, 14.00000000000000000 ) ) ;
#5497 = DIRECTION ( 'NONE',  ( 0.000000000000000000, 0.000000000000000000, -1.000000000000000000 ) ) ;
#5498 = VERTEX_POINT ( 'NONE', #961 ) ;
#5499 = CARTESIAN_POINT ( 'NONE',  ( -4.412969170202901026, 36.85070523626776406, -12.59706931277036546 ) ) ;
#5500 = CARTESIAN_POINT ( 'NONE',  ( -4.549339564448409590, 22.42391767314233064, -12.53829996367958266 ) ) ;
#5501 = CARTESIAN_POINT ( 'NONE',  ( 3.593614260314076159, 37.97741654918204546, -12.90845743039527882 ) ) ;
#5502 = EDGE_CURVE ( 'NONE', #4104, #1562, #1964, .T. ) ;
#5503 = CARTESIAN_POINT ( 'NONE',  ( 12.80352952457163695, 22.19697172930523976, 4.438112034010828211 ) ) ;
#5504 = CARTESIAN_POINT ( 'NONE',  ( 7.500000000000000000, 14.00000000000000000, -59.57475013247809414 ) ) ;
#5505 = CARTESIAN_POINT ( 'NONE',  ( 13.79651999433978027, 19.83130435893689736, -2.383344043820422975 ) ) ;
#5506 = CARTESIAN_POINT ( 'NONE',  ( -5.000000000000012434, 24.16501768333182554, -10.46709128650361365 ) ) ;
#5507 = CARTESIAN_POINT ( 'NONE',  ( -12.32882846293113488, 24.50000000000000000, 5.000000000000000000 ) ) ;
#5508 = B_SPLINE_CURVE_WITH_KNOTS ( 'NONE', 3,
 ( #4864, #3053, #4264, #4782, #6614, #7066, #394, #3742, #2062, #1510, #4223, #1396, #6365, #4641, #5739, #629, #6964, #2960, #2398, #4605, #2885, #2997, #2327, #4160, #6400, #730, #194, #3032, #5317, #3525, #3448, #87, #4715, #6882, #5848, #769, #2465, #6923, #4011, #6291, #5282, #1814, #1779, #2431, #1263, #3596, #1848, #1742, #6430, #4125, #1294, #2925, #4048, #1880, #1333, #5885, #3561, #4756, #6330, #1228, #5205, #3487, #6998, #5780, #123, #2363, #3671, #3191, #7203, #7166, #3754, #5397, #6508, #2510, #4879, #2076, #5517, #809, #5959, #4322, #2000, #4918, #4360, #6588, #4801, #3716, #7084, #6037, #6629, #4237, #3636, #5923, #2553, #3074, #4842, #1487, #3227, #412, #6474, #925, #6000, #1962, #5354, #5478, #891, #2662, #1374, #2622, #374, #1521, #7128, #3791, #1410, #6546, #262, #7039, #848, #3116, #6070, #1449, #3156, #960, #1920, #4200, #4425, #1597, #3862, #2177, #1555, #3892, #584, #2113, #4459, #6138, #1110, #5088, #5052, #1661, #3295, #5588, #444, #6733, #3401, #4955, #3966, #3823, #2245, #2698, #1, #4523, #3333, #4986, #1068, #7273, #3926, #6798, #2144, #6104, #996, #477, #3262, #5621, #6245, #549, #5555, #7238, #5691, #2769, #2731, #5020, #5656, #513, #4392, #6660, #1700, #7342, #2214, #6765, #5446, #347, #2176, #6731, #5271, #7191, #1613, #985, #505, #542, #4587, #2207, #6864, #3921, #1103, #2798, #6790, #2724, #4029, #6724, #6162, #5047, #1690, #5683, #1058, #3324, #574, #5614, #2761, #3431, #2830, #5114, #4552, #6830, #7336, #3994, #1727, #1168, #5717, #7022, #6453, #3654, #106, #4624, #5832, #5799, #5264, #4108, #1865, #177, #683, #5868, #249, #6385, #713, #2979, #2415, #4736, #4698, #6982, #749, #3012, #5301, #212, #2450, #1902, #1355, #3618, #5902, #2715, #5003, #6854, #1646, #5105, #1129, #533 ),
 .UNSPECIFIED., .F., .F.,
 ( 4, 2, 2, 1, 2, 2, 1, 1, 2, 2, 2, 1, 2, 2, 2, 1, 1, 2, 2, 2, 1, 1, 2, 2, 1, 1, 2, 2, 1, 1, 1, 2, 2, 2, 1, 1, 2, 2, 2, 1, 2, 2, 2, 1, 1, 2, 2, 2, 1, 1, 2, 2, 1, 1, 2, 2, 1, 2, 2, 1, 2, 2, 2, 1, 2, 2, 2, 1, 2, 2, 1, 2, 2, 1, 2, 2, 2, 2, 2, 2, 2, 2, 1, 2, 2, 1, 1, 2, 2, 2, 1, 2, 2, 2, 1, 2, 2, 1, 2, 2, 1, 1, 2, 2, 1, 1, 1, 2, 2, 2, 1, 1, 1, 2, 2, 2, 1, 2, 2, 2, 1, 2, 2, 2, 1, 1, 2, 2, 1, 1, 2, 2, 1, 1, 2, 2, 2, 1, 1, 2, 2, 2, 1, 2, 2, 2, 2, 2, 1, 2, 2, 2, 2, 4 ),
 ( 0.000000000000000000, 0.01562499999997521774, 0.03124999999995043548, 0.04687499999992565669, 0.05468749999991327770, 0.06249999999990089872, 0.07812499999987609911, 0.08593749999986306787, 0.08984374999985657306, 0.09374999999985007826, 0.1093749999998238631, 0.1171874999998107764, 0.1210937499998048228, 0.1249999999997988831, 0.1406249999997764843, 0.1484374999997658540, 0.1523437499997610800, 0.1542968749997592759, 0.1562499999997574440, 0.1718749999997408739, 0.1796874999997321032, 0.1835937499997276345, 0.1855468749997253863, 0.1874999999997231381, 0.1953124999997156996, 0.1992187499997125077, 0.2011718749997108424, 0.2031249999997092048, 0.2109374999997012390, 0.2148437499996967981, 0.2167968749996945499, 0.2177734374996934397, 0.2187499999996923017, 0.2265624999996754541, 0.2304687499996665168, 0.2324218749996620481, 0.2333984374996602440, 0.2343749999996584121, 0.2382812499996521394, 0.2402343749996490307, 0.2412109374996474764, 0.2421874999996459221, 0.2460937499996390110, 0.2480468749996351252, 0.2490234374996325439, 0.2495117187496319888, 0.2499999999996314615, 0.2578124999996259104, 0.2617187499996231348, 0.2636718749996222466, 0.2646484374996218025, 0.2656249999996214139, 0.2734374999996198041, 0.2773437499996190270, 0.2792968749996190270, 0.2812499999996190270, 0.2890624999996184163, 0.2929687499996180278, 0.2968749999996176947, 0.3046874999996170286, 0.3085937499996171396, 0.3124999999996171951, 0.3281249999996181388, 0.3359374999996185274, 0.3398437499996190270, 0.3437499999996195266, 0.3593749999996220801, 0.3671874999996233568, 0.3710937499996240230, 0.3749999999996246891, 0.3906249999996268540, 0.3984374999996279088, 0.4062499999996289635, 0.4218749999996313504, 0.4296874999996325717, 0.4374999999996337929, 0.4531249999996359579, 0.4687499999996381783, 0.4999999999996427302, 0.5312499999996472821, 0.5468749999996495026, 0.5624999999996518341, 0.5781249999996541655, 0.5859374999996550537, 0.5937499999996560529, 0.6093749999996582734, 0.6171874999996594946, 0.6210937499996600497, 0.6249999999996606048, 0.6406249999996617150, 0.6484374999996624922, 0.6523437499996629363, 0.6562499999996632694, 0.6718749999996636024, 0.6796874999996633804, 0.6835937499996632694, 0.6874999999996631583, 0.6953124999996638245, 0.6992187499996637134, 0.7031249999996636024, 0.7109374999996636024, 0.7148437499996639355, 0.7167968749996640465, 0.7187499999996641575, 0.7265624999996637134, 0.7304687499996640465, 0.7324218749996640465, 0.7333984374996644906, 0.7343749999996649347, 0.7421874999996601607, 0.7460937499996577182, 0.7480468749996564970, 0.7490234374996562750, 0.7495117187496561639, 0.7499999999996560529, 0.7539062499996607158, 0.7558593749996630473, 0.7568359374996642686, 0.7578124999996654898, 0.7617187499996724842, 0.7636718749996760369, 0.7646484374996783684, 0.7656249999996806999, 0.7734374999996953548, 0.7773437499997025713, 0.7792968749997062350, 0.7802734374997081224, 0.7812499999997100097, 0.7890624999997213340, 0.7929687499997275513, 0.7949218749997306599, 0.7968749999997337685, 0.8046874999997442046, 0.8085937499997494227, 0.8105468749997521982, 0.8124999999997548628, 0.8281249999997739586, 0.8359374999997830624, 0.8398437499997869482, 0.8417968749997888356, 0.8437499999997907230, 0.8593749999998105960, 0.8671874999998204769, 0.8710937499998254729, 0.8749999999998303579, 0.8906249999998513411, 0.8984374999998623323, 0.9062499999998733236, 0.9218749999998941957, 0.9296874999999046318, 0.9374999999999151790, 0.9531249999999360512, 0.9687499999999568123, 1.000000000000000000 ),
 .UNSPECIFIED. ) ;
#5509 = DIRECTION ( 'NONE',  ( 1.206107350727848108E-16, 0.000000000000000000, -1.000000000000000000 ) ) ;
#5510 = CARTESIAN_POINT ( 'NONE',  ( -4.769245651919086448, 22.99798278619397252, -12.43896763249536086 ) ) ;
#5511 = CARTESIAN_POINT ( 'NONE',  ( -7.499999999999994671, 3.499999999999985789, -13.56465996626677750 ) ) ;
#5512 = CARTESIAN_POINT ( 'NONE',  ( 12.76664035652931162, 22.39390321223723390, -4.534976456696323766 ) ) ;
#5513 = EDGE_CURVE ( 'NONE', #4286, #4097, #3793, .T. ) ;
#5514 = VECTOR ( 'NONE', #2983, 1000.000000000000000 ) ;
#5515 = ORIENTED_EDGE ( 'NONE', *, *, #5595, .F. ) ;
#5516 = CARTESIAN_POINT ( 'NONE',  ( -13.04147481781428475, 38.36551769148739055, -3.171412703702046088 ) ) ;
#5517 = CARTESIAN_POINT ( 'NONE',  ( 13.12427881418877895, 38.10071019173829399, -3.469371112547374292 ) ) ;
#5518 = ADVANCED_BREP_SHAPE_REPRESENTATION ( 'hop dien 02', ( #5864, #7325 ), #2297 ) ;
#5519 = DIRECTION ( 'NONE',  ( 1.206107350727848108E-16, -0.000000000000000000, 1.000000000000000000 ) ) ;
#5520 = CARTESIAN_POINT ( 'NONE',  ( -12.81375620130697435, 21.32567757886586080, -3.863119847319484990 ) ) ;
#5521 = CARTESIAN_POINT ( 'NONE',  ( 13.07163951863051388, 37.92014472166304984, -3.648167850709818083 ) ) ;
#5522 = CARTESIAN_POINT ( 'NONE',  ( 4.422880815322562498, 22.16799714870893112, -12.59286313942760849 ) ) ;
#5523 = CARTESIAN_POINT ( 'NONE',  ( -3.251515687127453980, 38.29875350848564608, 13.01766348042293053 ) ) ;
#5524 = CARTESIAN_POINT ( 'NONE',  ( 2.610263671726355650, 20.23523985124306535, 13.19117405389800801 ) ) ;
#5525 = ORIENTED_EDGE ( 'NONE', *, *, #5871, .T. ) ;
#5526 = B_SPLINE_SURFACE_WITH_KNOTS ( 'NONE', 1, 3, ( 
 ( #7366, #5150, #2864, #3955, #2378, #1686, #3991, #3505, #3392, #5796, #5679, #2827, #2271, #4549, #6942, #4068, #1164, #6234, #6272, #1202, #3428, #69, #3465, #6861, #4661, #680, #4515, #103, #4025, #6788, #6307, #5757, #2942, #3918, #647, #5223, #2906, #2344, #139, #6198, #3363, #5649, #539, #2794, #826, #3091, #7019, #5374, #6979, #6450, #2976, #2571, #3576, #5865, #4218, #3009, #5334, #2530, #1390, #4258, #1940, #6526, #4858, #3651, #5899, #1862, #4733, #5977, #4105, #284, #4821, #246, #6382, #1278, #1352, #1831, #174, #7106, #5299, #745, #3614, #3048, #1430, #1978, #2412, #3690, #6489, #871, #3137, #5418, #323, #785, #3543, #5260, #5829, #710, #6416, #5940, #1899, #4179, #4695, #4140, #1311, #209, #2447, #2484, #4775, #7061, #1120, #3345, #6020, #6218, #3902, #5701, #593, #5458, #7182, #3975, #2848, #910, #7146, #5031, #3379, #2189, #3737, #6179 ),
 ( #484, #6256, #557, #2741, #5665, #3176, #1151, #4468, #2016, #4297, #3412, #355, #7315, #2605, #1710, #6741, #6567, #4533, #1468, #3305, #4895, #7351, #2056, #1637, #1504, #1078, #4500, #5630, #4339, #2813, #524, #5097, #6609, #3772, #2779, #6146, #1041, #5596, #5060, #2223, #6774, #6807, #1671, #3938, #12, #2256, #2887, #4126, #2998, #2328, #1743, #4012, #5781, #6292, #2926, #4161, #195, #6331, #6846, #4682, #4088, #4049, #2432, #5849, #5284, #4717, #5814, #666, #1186, #6431, #6999, #5207, #695, #124, #2292, #3449, #6366, #6924, #5170, #3597, #88, #2364, #1882, #4606, #1334, #6883, #1780, #1229, #3489, #770, #5886, #5131, #53, #5740, #5239, #3527, #1264, #4642, #1815, #2961, #630, #158, #2399, #6965, #1849, #6402, #1295, #3562, #4568, #731, #5439, #7129, #2590, #2466, #892, #5479, #232, #849, #6071, #3118, #5398, #4758, #4880, #1921, #1450, #375 ) ),
 .UNSPECIFIED., .F., .F., .F.,
 ( 2, 2 ),
 ( 4, 2, 2, 2, 2, 2, 2, 2, 2, 2, 2, 2, 2, 2, 2, 2, 2, 2, 2, 2, 2, 2, 2, 2, 2, 2, 2, 2, 2, 2, 2, 2, 2, 2, 2, 2, 2, 2, 2, 2, 2, 2, 2, 2, 2, 2, 2, 2, 2, 2, 2, 2, 2, 2, 2, 2, 2, 2, 2, 2, 2, 2, 4 ),
 ( 0.000000000000000000, 1.000000000000000000 ),
 ( 0.000000000000000000, 0.0005430559330015048008, 0.001086111866003009602, 0.001357639832503762002, 0.001629167799004514403, 0.001900695765505266803, 0.002172223732006019203, 0.002443751698506771604, 0.002715279665007524004, 0.002986807631508276405, 0.003258335598009028805, 0.003529863564509781206, 0.003801391531010533606, 0.004072919497511286006, 0.004344447464012038407, 0.004887503397013543208, 0.005159031363514295608, 0.005294795346764672242, 0.005430559330015048008, 0.005702087296515800409, 0.005973615263016552809, 0.006516671196018057610, 0.007059727129019562411, 0.007195491112269938178, 0.007331255095520314811, 0.007467019078770691445, 0.007602783062021067212, 0.007874311028521818745, 0.008145838995022572013, 0.008417366961523325281, 0.008688894928024076814, 0.008960422894524828347, 0.009096186877775205848, 0.009231950861025581614, 0.009503478827526334882, 0.009775006794027086415, 0.01031806272702859122, 0.01058959069352934448, 0.01086111866003009602, 0.01113264662653084755, 0.01140417459303160082, 0.01194723052603310562, 0.01221875849253385715, 0.01249028645903461042, 0.01262605044228498619, 0.01276181442553536369, 0.01303334239203611522, 0.01330487035853686675, 0.01357639832503762002, 0.01384792629153837329, 0.01411945425803912482, 0.01439098222453987636, 0.01452674620779025386, 0.01466251019104062962, 0.01520556612404213442, 0.01574862205704363749, 0.01602015002354439249, 0.01629167799004514403, 0.01642744197329552153, 0.01656320595654589556, 0.01683473392304665056, 0.01710626188954740209, 0.01737778985604815363 ),
 .UNSPECIFIED. ) ;
#5527 = CARTESIAN_POINT ( 'NONE',  ( -12.84522969816862492, 37.77778880304098408, 3.775778906999256002 ) ) ;
#5528 = CARTESIAN_POINT ( 'NONE',  ( 7.499999999999990230, 3.499999999999982236, 19.84313483298444325 ) ) ;
#5529 = CARTESIAN_POINT ( 'NONE',  ( 12.96457163637766818, 35.36202192727166960, -5.283933397652336161 ) ) ;
#5530 = CARTESIAN_POINT ( 'NONE',  ( 0.2835621117645258371, 39.49212649247935758, 13.49647389307610368 ) ) ;
#5531 = CARTESIAN_POINT ( 'NONE',  ( -2.862991920204877250, 39.26028788537194458, -13.70514701348430542 ) ) ;
#5532 = SHAPE_DEFINITION_REPRESENTATION ( #2765, #5518 ) ;
#5533 = VECTOR ( 'NONE', #6378, 1000.000000000000000 ) ;
#5534 = CARTESIAN_POINT ( 'NONE',  ( -13.48411256774211608, 38.63248035904256739, -3.768347205850466342 ) ) ;
#5535 = CARTESIAN_POINT ( 'NONE',  ( -5.000000000000010658, 24.50000000000000000, -22.79802623035600462 ) ) ;
#5536 = VERTEX_POINT ( 'NONE', #4324 ) ;
#5537 = CARTESIAN_POINT ( 'NONE',  ( 12.76122235086844370, 22.42339624146244148, 4.549104524150305195 ) ) ;
#5538 = DIRECTION ( 'NONE',  ( 1.206107350727848108E-16, 0.000000000000000000, 1.000000000000000000 ) ) ;
#5539 = CARTESIAN_POINT ( 'NONE',  ( -3.709144386759179568, 37.85296133011374309, -12.86869030475492792 ) ) ;
#5540 = CARTESIAN_POINT ( 'NONE',  ( -3.757661995975808189, 21.20053164541490887, -12.85179736078882407 ) ) ;
#5541 = CARTESIAN_POINT ( 'NONE',  ( 4.731152084026909677, 36.11956862259696521, -12.45659356369185566 ) ) ;
#5542 = CARTESIAN_POINT ( 'NONE',  ( 12.89315433063570637, 21.77503308197203680, 4.192298469929654381 ) ) ;
#5543 = DIRECTION ( 'NONE',  ( -0.000000000000000000, 1.000000000000000000, -0.000000000000000000 ) ) ;
#5544 = CARTESIAN_POINT ( 'NONE',  ( 13.99982975508212135, 19.29095497723709940, 0.08201676129515118874 ) ) ;
#5545 = CARTESIAN_POINT ( 'NONE',  ( -3.056015166360561253, 20.52916875737614077, -11.19369903204741945 ) ) ;
#5546 = FACE_OUTER_BOUND ( 'NONE', #6103, .T. ) ;
#5547 = VERTEX_POINT ( 'NONE', #6003 ) ;
#5548 = CARTESIAN_POINT ( 'NONE',  ( -18.50000000000000000, 3.499999999999984901, 1.750000000000000000 ) ) ;
#5549 = CARTESIAN_POINT ( 'NONE',  ( -4.967023529122855940, 23.92069068898730322, -12.34495114201457078 ) ) ;
#5550 = EDGE_CURVE ( 'NONE', #7288, #5410, #2624, .T. ) ;
#5551 = CARTESIAN_POINT ( 'NONE',  ( 18.50000000000000000, 0.000000000000000000, 1.750000000000000000 ) ) ;
#5552 = CARTESIAN_POINT ( 'NONE',  ( 13.07454465739518490, 21.07008030995010373, -3.638169558422105876 ) ) ;
#5553 = VERTEX_POINT ( 'NONE', #306 ) ;
#5554 = CARTESIAN_POINT ( 'NONE',  ( 3.765755156529372094, 37.80500044077128763, 10.97434782147805876 ) ) ;
#5555 = CARTESIAN_POINT ( 'NONE',  ( 13.25638622694202340, 38.52180297372255069, 2.970768941723615164 ) ) ;
#5556 = CARTESIAN_POINT ( 'NONE',  ( -8.000000000000005329, 4.000000000000000000, 12.68857754044950248 ) ) ;
#5557 = CARTESIAN_POINT ( 'NONE',  ( -13.03869228914483180, 20.64225077429264843, -3.180847313976528312 ) ) ;
#5558 = CARTESIAN_POINT ( 'NONE',  ( 12.92365623905526206, 37.35563792651186077, -4.105109625236873505 ) ) ;
#5559 = CARTESIAN_POINT ( 'NONE',  ( 4.784849330110129806, 23.04892950157773868, -12.43170838603782258 ) ) ;
#5560 = EDGE_CURVE ( 'NONE', #1554, #2598, #6052, .T. ) ;
#5561 = CARTESIAN_POINT ( 'NONE',  ( -2.239676352386971381, 38.97066475835492838, 13.27340801968176720 ) ) ;
#5562 = CARTESIAN_POINT ( 'NONE',  ( 11.46340775003473489, 39.17472198085813062, 1.781417498300662761 ) ) ;
#5563 = CARTESIAN_POINT ( 'NONE',  ( -5.496804114236679797E-15, 14.00000000000000000, -14.00000000000000000 ) ) ;
#5564 = CARTESIAN_POINT ( 'NONE',  ( 7.499999999999995559, 4.669203747859696385, -12.21334375751844803 ) ) ;
#5565 = CARTESIAN_POINT ( 'NONE',  ( 2.505635748099484861, 20.17236649572954477, 13.21587577328461727 ) ) ;
#5566 = ORIENTED_EDGE ( 'NONE', *, *, #5513, .F. ) ;
#5567 = CARTESIAN_POINT ( 'NONE',  ( 4.676954909356236811, 36.26999091345957993, -12.48133742607346797 ) ) ;
#5568 = CARTESIAN_POINT ( 'NONE',  ( 12.97423080294206699, 35.48991318307584208, -5.260173473986466064 ) ) ;
#5569 = CARTESIAN_POINT ( 'NONE',  ( -4.198745285886928080, 37.21609091490674359, 12.68547047897266644 ) ) ;
#5570 = DIRECTION ( 'NONE',  ( 0.000000000000000000, -1.000000000000000000, 0.000000000000000000 ) ) ;
#5571 = ORIENTED_EDGE ( 'NONE', *, *, #1626, .T. ) ;
#5572 = CARTESIAN_POINT ( 'NONE',  ( 13.45303584370152450, 19.91595053257200831, 1.997043446241472564 ) ) ;
#5573 = CARTESIAN_POINT ( 'NONE',  ( 7.447972673219876327, 7.513044461399301710, 8.894062180589294542 ) ) ;
#5574 = CARTESIAN_POINT ( 'NONE',  ( -18.50000000000000000, 4.000000000000000000, 0.000000000000000000 ) ) ;
#5575 = CARTESIAN_POINT ( 'NONE',  ( -4.232370933450961381, 37.16273978146219292, -12.67188722131093037 ) ) ;
#5576 = CARTESIAN_POINT ( 'NONE',  ( 4.675266985663463437, 36.27443790146354985, -12.48209869952356499 ) ) ;
#5577 = VERTEX_POINT ( 'NONE', #2 ) ;
#5578 = CARTESIAN_POINT ( 'NONE',  ( 12.74778727098252595, 22.50090882880516574, 4.583632632304275312 ) ) ;
#5579 = CARTESIAN_POINT ( 'NONE',  ( -3.773486493388989782, 38.63973725971729323, -13.48464418691562905 ) ) ;
#5580 = CARTESIAN_POINT ( 'NONE',  ( 12.94919270031543945, 35.19229104654562690, -5.322050339439906352 ) ) ;
#5581 = DIRECTION ( 'NONE',  ( -0.000000000000000000, -1.000000000000000000, -0.000000000000000000 ) ) ;
#5582 = CARTESIAN_POINT ( 'NONE',  ( 7.836746053637816622, 3.836746053637809961, 12.98450044862107866 ) ) ;
#5583 = DIRECTION ( 'NONE',  ( 1.206107350727848108E-16, 0.000000000000000000, -1.000000000000000000 ) ) ;
#5584 = CARTESIAN_POINT ( 'NONE',  ( -5.000000000000010658, 24.50000000000000000, -22.79802623035600462 ) ) ;
#5585 = CARTESIAN_POINT ( 'NONE',  ( 12.75690251223373650, 22.44874362402256196, -4.560165217822463646 ) ) ;
#5586 = B_SPLINE_CURVE_WITH_KNOTS ( 'NONE', 3,
 ( #2493, #5385, #4267, #1364, #3624, #1437, #5986, #880, #5909, #796, #6498, #3058, #330, #7155, #4306, #5343, #4786, #2802, #3888, #6795 ),
 .UNSPECIFIED., .F., .F.,
 ( 4, 2, 2, 2, 2, 2, 2, 2, 2, 4 ),
 ( 0.000000000000000000, 0.0009895708990820730605, 0.001979141798164146121, 0.002968712697246219182, 0.003958283596328292242, 0.004947854495410365303, 0.005937425394492438363, 0.006432210844033474893, 0.006926996293574510556, 0.007916567192656587953 ),
 .UNSPECIFIED. ) ;
#5587 = EDGE_LOOP ( 'NONE', ( #5934, #7008, #1382, #1422, #389, #4390, #3136 ) ) ;
#5588 = CARTESIAN_POINT ( 'NONE',  ( 13.53140118167920214, 39.29180402975801201, 1.428357066570684397 ) ) ;
#5589 = CARTESIAN_POINT ( 'NONE',  ( 13.82266141707892260, 19.75896214675950091, -2.227285010349443262 ) ) ;
#5590 = CARTESIAN_POINT ( 'NONE',  ( -12.91119199856546551, 21.01453524939962136, -3.585003183396140880 ) ) ;
#5591 = CARTESIAN_POINT ( 'NONE',  ( 4.730528942906764733, 22.87866686103456715, -12.45688294739513324 ) ) ;
#5592 = B_SPLINE_CURVE_WITH_KNOTS ( 'NONE', 3,
 ( #4036, #293, #5428, #7156, #2025, #3550, #3436, #3962, #4630, #2949, #1285, #1173, #6356, #5229, #1210, #5721, #1732, #2279, #5194, #4075, #2386, #6796, #547, #613, #654, #6314, #6870, #4558, #2871, #5158, #4521, #1697, #5766, #3999 ),
 .UNSPECIFIED., .F., .F.,
 ( 4, 2, 2, 2, 2, 2, 2, 2, 2, 2, 2, 2, 2, 2, 2, 2, 4 ),
 ( 0.5003935988720435990, 0.5628443990130385099, 0.5940697990835359654, 0.6252951991540333099, 0.6565205992245306543, 0.6877459992950281098, 0.7189713993655253432, 0.7501967994360227987, 0.7814221995065202542, 0.7970348995417684268, 0.8126475995770165994, 0.8750983997180106222, 0.8907110997532595720, 0.9063237997885085218, 0.9219364998237575826, 0.9375491998590064213, 1.000000000000000000 ),
 .UNSPECIFIED. ) ;
#5593 = CARTESIAN_POINT ( 'NONE',  ( -2.779301302195558154, 38.65638902242094588, 13.14927442024650794 ) ) ;
#5594 = CARTESIAN_POINT ( 'NONE',  ( 3.333582251188414336, 20.77341561461324559, 12.99244741167185779 ) ) ;
#5595 = EDGE_CURVE ( 'NONE', #6544, #3944, #368, .T. ) ;
#5596 = CARTESIAN_POINT ( 'NONE',  ( 2.719080137555475396, 20.30318213882857492, 13.16472066193718504 ) ) ;
#5597 = CARTESIAN_POINT ( 'NONE',  ( 4.646744365601632509, 36.34796407521457695, -12.49499534281453705 ) ) ;
#5598 = CARTESIAN_POINT ( 'NONE',  ( 13.94213574046503012, 39.56063931906257380, 1.272291801586401760 ) ) ;
#5599 = CARTESIAN_POINT ( 'NONE',  ( 12.57669679534136797, 34.66684721422376469, 4.999995163604510573 ) ) ;
#5600 = CARTESIAN_POINT ( 'NONE',  ( -4.061159762149475938, 37.41781757975368805, 12.73957129686258405 ) ) ;
#5601 = DIRECTION ( 'NONE',  ( -0.000000000000000000, -1.000000000000000000, -0.000000000000000000 ) ) ;
#5602 = ORIENTED_EDGE ( 'NONE', *, *, #5219, .F. ) ;
#5603 = EDGE_CURVE ( 'NONE', #7365, #4412, #4077, .T. ) ;
#5604 = CARTESIAN_POINT ( 'NONE',  ( 13.60413553546642973, 19.52210704776643624, 0.4701218411658610319 ) ) ;
#5605 = CARTESIAN_POINT ( 'NONE',  ( 1.014427135458062734, 13.94793923651838341, 11.56614969073814869 ) ) ;
#5606 = FACE_OUTER_BOUND ( 'NONE', #3656, .T. ) ;
#5607 = CARTESIAN_POINT ( 'NONE',  ( 3.885576650792023301, 37.64682643832287567, 12.80554299148691477 ) ) ;
#5608 = CARTESIAN_POINT ( 'NONE',  ( 1.027468082397404059, 39.39346618586257165, -13.45268050123681114 ) ) ;
#5609 = ORIENTED_EDGE ( 'NONE', *, *, #6592, .T. ) ;
#5610 = CARTESIAN_POINT ( 'NONE',  ( 12.63704651615543995, 23.31146191215878716, 4.857902941197357549 ) ) ;
#5611 = CARTESIAN_POINT ( 'NONE',  ( -4.522388256859958489, 37.85621365908124858, -13.25002322966350476 ) ) ;
#5612 = CARTESIAN_POINT ( 'NONE',  ( 13.64711086224231273, 20.26719912671506663, 3.124341436718621967 ) ) ;
#5613 = CARTESIAN_POINT ( 'NONE',  ( 4.486653603843381966, 22.26911559748167946, 10.69807669424815444 ) ) ;
#5614 = CARTESIAN_POINT ( 'NONE',  ( 13.01086021942016302, 37.69902972124859275, 3.842700713110775546 ) ) ;
#5615 = CARTESIAN_POINT ( 'NONE',  ( 11.52663357022707835, 19.67245111831687154, -1.312246728741998547 ) ) ;
#5616 = CARTESIAN_POINT ( 'NONE',  ( 4.931124666855683181, 23.67190592424519124, -12.36235163672386861 ) ) ;
#5617 = DIRECTION ( 'NONE',  ( 0.000000000000000000, 0.000000000000000000, -1.000000000000000000 ) ) ;
#5618 = CARTESIAN_POINT ( 'NONE',  ( -1.150144766899951097E-13, 39.50000000000133582, -11.60000000000056808 ) ) ;
#5619 = CARTESIAN_POINT ( 'NONE',  ( 13.09002296402986687, 21.01614153703957655, -3.586505857646543838 ) ) ;
#5620 = VERTEX_POINT ( 'NONE', #6837 ) ;
#5621 = CARTESIAN_POINT ( 'NONE',  ( 13.28100251504341678, 38.59602871489482112, 2.868011048686665898 ) ) ;
#5622 = AXIS2_PLACEMENT_3D ( 'NONE', #1655, #6832, #32 ) ;
#5623 = LINE ( 'NONE', #1031, #5401 ) ;
#5624 = CARTESIAN_POINT ( 'NONE',  ( -13.22029294186145165, 20.16134580000563759, -2.485718513691733911 ) ) ;
#5625 = CARTESIAN_POINT ( 'NONE',  ( -13.98027744105184134, 19.04683431506591518, -0.7487021014490623516 ) ) ;
#5626 = CARTESIAN_POINT ( 'NONE',  ( 12.82374604055085499, 36.90455744209798183, -4.384036595985324247 ) ) ;
#5627 = CARTESIAN_POINT ( 'NONE',  ( 4.550670471892670932, 22.42683381169645429, -12.53772155983175374 ) ) ;
#5628 = CARTESIAN_POINT ( 'NONE',  ( 0.000000000000000000, 45.00000000000000000, -11.59999999999999964 ) ) ;
#5629 = CARTESIAN_POINT ( 'NONE',  ( -11.52663357022707658, 19.67245111831687510, 1.312246728742003654 ) ) ;
#5630 = CARTESIAN_POINT ( 'NONE',  ( 3.649203048306363772, 21.08096031962739048, 12.88955923427048944 ) ) ;
#5631 = DIRECTION ( 'NONE',  ( -0.000000000000000000, -1.000000000000000000, -0.000000000000000000 ) ) ;
#5632 = FACE_OUTER_BOUND ( 'NONE', #6645, .T. ) ;
#5633 = CARTESIAN_POINT ( 'NONE',  ( 13.66318149775766777, 38.78150037240689585, -3.053346861460875417 ) ) ;
#5634 = CARTESIAN_POINT ( 'NONE',  ( -3.593614260314095255, 37.97741654918204546, 12.90845743039528237 ) ) ;
#5635 = EDGE_CURVE ( 'NONE', #4097, #7065, #5623, .T. ) ;
#5636 = CYLINDRICAL_SURFACE ( 'NONE', #3699, 11.59999999999999964 ) ;
#5637 = AXIS2_PLACEMENT_3D ( 'NONE', #6310, #4699, #714 ) ;
#5638 = VERTEX_POINT ( 'NONE', #5556 ) ;
#5639 = CARTESIAN_POINT ( 'NONE',  ( 13.26980092938373268, 20.43740365034847528, 2.915801887178950391 ) ) ;
#5640 = CARTESIAN_POINT ( 'NONE',  ( 0.5130351520983045255, 14.00000000000000533, 11.60000000000000320 ) ) ;
#5641 = CARTESIAN_POINT ( 'NONE',  ( -5.694173872587208862, 34.86583657075910025, 12.78971457666344946 ) ) ;
#5642 = VECTOR ( 'NONE', #1719, 1000.000000000000000 ) ;
#5643 = EDGE_CURVE ( 'NONE', #7330, #4507, #1061, .T. ) ;
#5644 = CARTESIAN_POINT ( 'NONE',  ( -12.90663316725192722, 36.20363813482848769, 5.423995063349233980 ) ) ;
#5645 = CARTESIAN_POINT ( 'NONE',  ( 4.820274282125350140, 35.82965515269994228, 12.41515212020776460 ) ) ;
#5646 = CARTESIAN_POINT ( 'NONE',  ( 4.999999999999999112, 34.50000000000000000, -12.32882846293107804 ) ) ;
#5647 = ORIENTED_EDGE ( 'NONE', *, *, #5920, .T. ) ;
#5648 = CARTESIAN_POINT ( 'NONE',  ( 12.67887048244553583, 22.95639514181504381, 4.756417885908398979 ) ) ;
#5649 = CARTESIAN_POINT ( 'NONE',  ( 2.539355301885882099, 19.57192689028858368, 13.76877896525449607 ) ) ;
#5650 = CARTESIAN_POINT ( 'NONE',  ( -3.306934637485814843, 20.73597080513324187, -11.12121326487176276 ) ) ;
#5651 = CARTESIAN_POINT ( 'NONE',  ( 10.58852698258902159, 22.87371788003012796, -4.739403280991994372 ) ) ;
#5652 = CARTESIAN_POINT ( 'NONE',  ( -5.119861517651621341, 36.95024532308259069, 13.03114715586930750 ) ) ;
#5653 = CARTESIAN_POINT ( 'NONE',  ( -1.447932209777611279, 19.17997640314425212, -13.92499993276642556 ) ) ;
#5654 = CARTESIAN_POINT ( 'NONE',  ( -12.85066058294134450, 35.75918784442322362, -5.555370177160002143 ) ) ;
#5655 = CARTESIAN_POINT ( 'NONE',  ( 12.88970055626962186, 21.78930679684389915, -4.202341554024630277 ) ) ;
#5656 = CARTESIAN_POINT ( 'NONE',  ( 13.20600658799437888, 38.36609705885847887, 3.170706346713757728 ) ) ;
#5657 = CARTESIAN_POINT ( 'NONE',  ( 7.499999999999992006, 0.000000000000000000, 8.849293757131137639 ) ) ;
#5658 = CARTESIAN_POINT ( 'NONE',  ( -13.33527210753189784, 19.87974842961095234, 1.911454544406233635 ) ) ;
#5659 = CARTESIAN_POINT ( 'NONE',  ( -12.96501269751933094, 20.85162808873018037, 3.422768817904693783 ) ) ;
#5660 = CARTESIAN_POINT ( 'NONE',  ( -12.39757199998641823, 35.68982059022270192, 4.857592969295862595 ) ) ;
#5661 = CARTESIAN_POINT ( 'NONE',  ( 4.328197484439748166, 21.99532929016328708, -12.63270960129260878 ) ) ;
#5662 = CARTESIAN_POINT ( 'NONE',  ( 13.60008458088473837, 19.53230786050903234, 0.5735390333276840780 ) ) ;
#5663 = CARTESIAN_POINT ( 'NONE',  ( 10.54485745383205142, 35.81891982833550969, -4.834387131427741124 ) ) ;
#5664 = CARTESIAN_POINT ( 'NONE',  ( -10.67082160570595839, 22.41958533879256166, -4.549531222503834016 ) ) ;
#5665 = CARTESIAN_POINT ( 'NONE',  ( 4.934553706097503323, 23.67713261335496355, 12.36075373155404655 ) ) ;
#5666 = CARTESIAN_POINT ( 'NONE',  ( -7.499999999999991118, 7.006394970845454928, 11.82159041753689621 ) ) ;
#5667 = ORIENTED_EDGE ( 'NONE', *, *, #4490, .F. ) ;
#5668 = CARTESIAN_POINT ( 'NONE',  ( 12.66347156213168645, 35.92096557804073598, 4.794012688445141279 ) ) ;
#5669 = CARTESIAN_POINT ( 'NONE',  ( 2.850616527814567203, 38.60859452342700848, 13.13100570689688418 ) ) ;
#5670 = CARTESIAN_POINT ( 'NONE',  ( 13.10409289302451441, 20.96777384580195402, 3.538838834495911190 ) ) ;
#5671 = CARTESIAN_POINT ( 'NONE',  ( -4.110833565769580922, 21.65290092564980284, 12.72023457243575173 ) ) ;
#5672 = VERTEX_POINT ( 'NONE', #5657 ) ;
#5673 = CARTESIAN_POINT ( 'NONE',  ( 13.67007332974538336, 38.80207904492525017, 3.021669725403604456 ) ) ;
#5674 = CARTESIAN_POINT ( 'NONE',  ( 5.694087720443546274, 24.13322124471521235, 12.78975292878239500 ) ) ;
#5675 = CARTESIAN_POINT ( 'NONE',  ( -0.4761945032301659886, 39.98154221319885693, 13.99221015635442278 ) ) ;
#5676 = CARTESIAN_POINT ( 'NONE',  ( -2.892507242747682117, 38.57872686453500677, -13.11977440069801304 ) ) ;
#5677 = CARTESIAN_POINT ( 'NONE',  ( -2.648690145665306694, 38.74390169723757538, -13.18272709041974977 ) ) ;
#5678 = ORIENTED_EDGE ( 'NONE', *, *, #3298, .T. ) ;
#5679 = CARTESIAN_POINT ( 'NONE',  ( 5.397017375377571646, 22.71847466976534236, 12.91794866760372429 ) ) ;
#5680 = CARTESIAN_POINT ( 'NONE',  ( 13.96701454738522052, 19.37489535288531073, 0.9643599030141210005 ) ) ;
#5681 = CARTESIAN_POINT ( 'NONE',  ( 5.000000000000007994, 24.50000000000000000, -22.79802623035600462 ) ) ;
#5682 = EDGE_CURVE ( 'NONE', #7024, #6668, #2650, .T. ) ;
#5683 = CARTESIAN_POINT ( 'NONE',  ( 13.04497615548826772, 37.82471079928036772, 3.734766065361047271 ) ) ;
#5684 = CARTESIAN_POINT ( 'NONE',  ( 11.32738555671952341, 20.16666469538799689, 2.515390429997502064 ) ) ;
#5685 = CARTESIAN_POINT ( 'NONE',  ( 4.989584202000878044, 24.16687222552559078, -12.33393433899859915 ) ) ;
#5686 = CARTESIAN_POINT ( 'NONE',  ( -1.493758939610311254, 19.19177160475455679, -13.92015731840523429 ) ) ;
#5687 = CARTESIAN_POINT ( 'NONE',  ( -13.09957948916344606, 37.26477152949744465, -4.944614496247723423 ) ) ;
#5688 = CARTESIAN_POINT ( 'NONE',  ( -12.78545152826161946, 34.49999999999998579, 5.703703114510136452 ) ) ;
#5689 = CARTESIAN_POINT ( 'NONE',  ( -5.333661501374591829, 36.45696275828209565, -12.94442013425846838 ) ) ;
#5690 = FACE_OUTER_BOUND ( 'NONE', #3014, .T. ) ;
#5691 = CARTESIAN_POINT ( 'NONE',  ( 13.23340717946842382, 38.45159003136878795, 3.063958246944034070 ) ) ;
#5692 = CARTESIAN_POINT ( 'NONE',  ( -5.000000000000010658, 24.50000000000000000, -12.32882846293107271 ) ) ;
#5693 = CARTESIAN_POINT ( 'NONE',  ( -13.45316316101578558, 19.60543693699620249, -1.022246400508183495 ) ) ;
#5694 = CARTESIAN_POINT ( 'NONE',  ( -12.72129217169056759, 21.64880528583395858, 4.108199442731407913 ) ) ;
#5695 = CARTESIAN_POINT ( 'NONE',  ( -12.50292118951917253, 36.39026525976871085, 4.628966502463549126 ) ) ;
#5696 = CARTESIAN_POINT ( 'NONE',  ( 2.792180702852482987, 20.35224868123586006, -13.14597342985594963 ) ) ;
#5697 = CARTESIAN_POINT ( 'NONE',  ( -4.046280920942440851, 37.43756174009673288, 12.74521854772437024 ) ) ;
#5698 = CARTESIAN_POINT ( 'NONE',  ( -12.33293925967243077, 34.83257872955967827, -4.991646442905432579 ) ) ;
#5699 = DIRECTION ( 'NONE',  ( 0.000000000000000000, -0.7071067811865500152, -0.7071067811865451302 ) ) ;
#5700 = CARTESIAN_POINT ( 'NONE',  ( 5.000000000000007994, 24.50000000000000000, 12.32882846293108869 ) ) ;
#5701 = CARTESIAN_POINT ( 'NONE',  ( -5.550620142217418618, 23.23107714176845207, 12.85267482874187728 ) ) ;
#5702 = FACE_OUTER_BOUND ( 'NONE', #2588, .T. ) ;
#5703 = CARTESIAN_POINT ( 'NONE',  ( 13.54461695564154056, 39.32607540249797040, 1.307939604600971473 ) ) ;
#5704 = CARTESIAN_POINT ( 'NONE',  ( 4.983355963618929074, 34.91600940499634476, 12.33698375886565302 ) ) ;
#5705 = CARTESIAN_POINT ( 'NONE',  ( -4.437617774005592430, 22.19601973813719908, 12.58659725602300838 ) ) ;
#5706 = ORIENTED_EDGE ( 'NONE', *, *, #5178, .T. ) ;
#5707 = CARTESIAN_POINT ( 'NONE',  ( 13.03895962487520066, 36.10367758671009852, 5.097622730105541677 ) ) ;
#5708 = CARTESIAN_POINT ( 'NONE',  ( 5.333230294001524818, 22.54800269016178405, 12.94441370304188688 ) ) ;
#5709 = CARTESIAN_POINT ( 'NONE',  ( -3.217941368346776354, 39.04129081328978401, 13.62521335860814808 ) ) ;
#5710 = CARTESIAN_POINT ( 'NONE',  ( -1.259329390645181013, 39.34002525512609338, -13.42924016620093042 ) ) ;
#5711 = CARTESIAN_POINT ( 'NONE',  ( 4.620412418608503380, 36.41106392061965380, 12.50674842157568278 ) ) ;
#5712 = CARTESIAN_POINT ( 'NONE',  ( -4.383590880285627378, 36.90537299642596025, -12.60949393166589516 ) ) ;
#5713 = EDGE_LOOP ( 'NONE', ( #7250, #4057, #5998, #2334 ) ) ;
#5714 = CARTESIAN_POINT ( 'NONE',  ( -10.36363636363635621, 3.499999999999985789, -21.64705618143756638 ) ) ;
#5715 = CARTESIAN_POINT ( 'NONE',  ( 12.94917905270172298, 23.89504007459789747, 5.321540906778362334 ) ) ;
#5716 = DIRECTION ( 'NONE',  ( 0.000000000000000000, 0.000000000000000000, -1.000000000000000000 ) ) ;
#5717 = CARTESIAN_POINT ( 'NONE',  ( 12.93383322631451016, 37.39733971223463982, 4.075329501822762879 ) ) ;
#5718 = CARTESIAN_POINT ( 'NONE',  ( -6.720712226696895719, 9.864225642193385823, 9.457660577475808239 ) ) ;
#5719 = CARTESIAN_POINT ( 'NONE',  ( 4.966786507533384132, 23.91868057067390296, -12.34506618187401017 ) ) ;
#5720 = CARTESIAN_POINT ( 'NONE',  ( -4.934745586796501549, 21.74054615270768309, -13.10156010981400954 ) ) ;
#5721 = CARTESIAN_POINT ( 'NONE',  ( 4.165614940494487328, 38.26119008347280470, 13.36660551364186489 ) ) ;
#5722 = ADVANCED_FACE ( 'NONE', ( #6358 ), #3555, .T. ) ;
#5723 = CARTESIAN_POINT ( 'NONE',  ( 0.000000000000000000, 4.000000000000000000, 0.000000000000000000 ) ) ;
#5724 = DIRECTION ( 'NONE',  ( 1.206107350727848108E-16, 0.000000000000000000, -1.000000000000000000 ) ) ;
#5725 = CARTESIAN_POINT ( 'NONE',  ( -4.462181413903455685, 37.92689523547583264, -13.26999340780636238 ) ) ;
#5726 = CARTESIAN_POINT ( 'NONE',  ( 13.51179731285649233, 20.69832008717063943, -3.667076359306244537 ) ) ;
#5727 = CARTESIAN_POINT ( 'NONE',  ( 9.499999999999994671, 0.000000000000000000, -19.84313483298443970 ) ) ;
#5728 = CARTESIAN_POINT ( 'NONE',  ( -13.31946312805231791, 19.91751210394003024, 2.001732616181009394 ) ) ;
#5729 = AXIS2_PLACEMENT_3D ( 'NONE', #3770, #939, #2711 ) ;
#5730 = CARTESIAN_POINT ( 'NONE',  ( -12.68547047897270019, 21.78390908509325996, 4.198745285886907652 ) ) ;
#5731 = CARTESIAN_POINT ( 'NONE',  ( -12.68809945277932627, 37.22552288181158531, 4.191937188848409157 ) ) ;
#5732 = CARTESIAN_POINT ( 'NONE',  ( 3.105800349218254652, 20.58058085701696882, -13.06079719101323455 ) ) ;
#5733 = CARTESIAN_POINT ( 'NONE',  ( 13.44076853729126242, 19.94912061494085620, -2.072701441635420583 ) ) ;
#5734 = EDGE_CURVE ( 'NONE', #5620, #988, #1594, .T. ) ;
#5735 = CARTESIAN_POINT ( 'NONE',  ( -12.82744570394588735, 35.50107926038775474, 5.608628890089581098 ) ) ;
#5736 = CARTESIAN_POINT ( 'NONE',  ( -4.486653603843391735, 36.73088440251831344, 10.69807669424814911 ) ) ;
#5737 = CARTESIAN_POINT ( 'NONE',  ( -11.59980909496594315, 19.50044289999411262, 0.3375094791232442493 ) ) ;
#5738 = VECTOR ( 'NONE', #4000, 1000.000000000000000 ) ;
#5739 = CARTESIAN_POINT ( 'NONE',  ( 12.66439529036952472, 35.92812736674964924, -4.791751958631621733 ) ) ;
#5740 = CARTESIAN_POINT ( 'NONE',  ( -3.592534665436431407, 21.02146162347822766, 12.90882221739415492 ) ) ;
#5741 = CARTESIAN_POINT ( 'NONE',  ( -5.000000000000009770, 45.00000000000000000, -10.46709128650361187 ) ) ;
#5742 = CARTESIAN_POINT ( 'NONE',  ( 12.97136923651289031, 37.54837381475794444, 3.964103102103793574 ) ) ;
#5743 = CARTESIAN_POINT ( 'NONE',  ( -18.50000000000000000, 3.499999999999984901, 0.000000000000000000 ) ) ;
#5744 = AXIS2_PLACEMENT_3D ( 'NONE', #3224, #4911, #7122 ) ;
#5745 = VECTOR ( 'NONE', #1109, 1000.000000000000000 ) ;
#5746 = CARTESIAN_POINT ( 'NONE',  ( -3.549617570061642358, 20.97859163552783102, 12.92300924958892416 ) ) ;
#5747 = ORIENTED_EDGE ( 'NONE', *, *, #5860, .F. ) ;
#5748 = CARTESIAN_POINT ( 'NONE',  ( 13.11044579656031495, 36.58411783481744095, 4.910958155600366304 ) ) ;
#5749 = CARTESIAN_POINT ( 'NONE',  ( -12.32882844322075044, 24.41707878048856628, -4.999999999999999112 ) ) ;
#5750 = CARTESIAN_POINT ( 'NONE',  ( -4.686389991307228442, 37.63631391337810328, 13.19245092321893509 ) ) ;
#5751 = CARTESIAN_POINT ( 'NONE',  ( -2.385091477204794863, 38.89451793109031996, -13.24262678785274794 ) ) ;
#5752 = VECTOR ( 'NONE', #2780, 1000.000000000000114 ) ;
#5753 = CARTESIAN_POINT ( 'NONE',  ( -13.10156010981403618, 37.25945384729229914, -4.934745586796437600 ) ) ;
#5754 = CARTESIAN_POINT ( 'NONE',  ( 4.916807255298465407, 35.40926059252495861, 12.36925077361188841 ) ) ;
#5755 = CARTESIAN_POINT ( 'NONE',  ( -3.298747055674247086, 38.25764970753357375, -13.00324395399326960 ) ) ;
#5756 = ORIENTED_EDGE ( 'NONE', *, *, #5273, .F. ) ;
#5757 = CARTESIAN_POINT ( 'NONE',  ( 3.554683097614841802, 20.19783895536091123, 13.54140589079207579 ) ) ;
#5758 = CARTESIAN_POINT ( 'NONE',  ( 12.97423080294206876, 23.51008681692416502, 5.260173473986466064 ) ) ;
#5759 = DIRECTION ( 'NONE',  ( 0.000000000000000000, 0.000000000000000000, 1.000000000000000000 ) ) ;
#5760 = B_SPLINE_CURVE_WITH_KNOTS ( 'NONE', 1,
 ( #4745, #2542 ),
 .UNSPECIFIED., .F., .F.,
 ( 2, 2 ),
 ( 0.000000000000000000, 1.000000000000000000 ),
 .UNSPECIFIED. ) ;
#5761 = VECTOR ( 'NONE', #839, 1000.000000000000000 ) ;
#5762 = CARTESIAN_POINT ( 'NONE',  ( 0.000000000000000000, 3.499999999999985789, 0.000000000000000000 ) ) ;
#5763 = EDGE_LOOP ( 'NONE', ( #7145, #6311, #5417, #3008 ) ) ;
#5764 = CARTESIAN_POINT ( 'NONE',  ( -3.766435450229516313, 38.63415560424554940, 13.48466012234763767 ) ) ;
#5765 = CARTESIAN_POINT ( 'NONE',  ( 0.3708736252890519336, 19.01144792350532242, -13.99516733005112634 ) ) ;
#5766 = CARTESIAN_POINT ( 'NONE',  ( 5.703702040690048491, 34.86620678563867415, 12.78545200730226838 ) ) ;
#5767 = AXIS2_PLACEMENT_3D ( 'NONE', #6937, #781, #7015 ) ;
#5768 = CARTESIAN_POINT ( 'NONE',  ( -5.110825507945365942, 36.94826846959187350, -13.03412276383320823 ) ) ;
#5769 = DIRECTION ( 'NONE',  ( 0.000000000000000000, 0.000000000000000000, -1.000000000000000000 ) ) ;
#5770 = CARTESIAN_POINT ( 'NONE',  ( -13.13155950009485551, 20.38997928251476921, 2.848367511997360602 ) ) ;
#5771 = EDGE_CURVE ( 'NONE', #1835, #4177, #876, .T. ) ;
#5772 = CARTESIAN_POINT ( 'NONE',  ( -13.27703707854274029, 20.01993314779485900, 2.226058449136655071 ) ) ;
#5773 = CARTESIAN_POINT ( 'NONE',  ( -12.79650896788516690, 37.61635635783564169, 3.910139247314979194 ) ) ;
#5774 = CARTESIAN_POINT ( 'NONE',  ( 2.641920017407461518, 20.25419743700127739, -13.18372039219386949 ) ) ;
#5775 = CARTESIAN_POINT ( 'NONE',  ( -3.854718054367270774, 37.68453785629659336, 12.81681985180824057 ) ) ;
#5776 = CARTESIAN_POINT ( 'NONE',  ( -12.94442013425848259, 36.45696275828207433, 5.333661501374555414 ) ) ;
#5777 = CARTESIAN_POINT ( 'NONE',  ( 10.36363636363635266, 4.000000000000000000, 21.64705618143756638 ) ) ;
#5778 = FACE_OUTER_BOUND ( 'NONE', #433, .T. ) ;
#5779 = CARTESIAN_POINT ( 'NONE',  ( -13.27340801964405159, 38.97066475826042620, -2.239676352574201612 ) ) ;
#5780 = CARTESIAN_POINT ( 'NONE',  ( 13.07135693306712909, 37.91867989379748138, -3.648678653404042294 ) ) ;
#5781 = CARTESIAN_POINT ( 'NONE',  ( 1.027468082397413829, 19.60653381413742480, 13.45268050123681824 ) ) ;
#5782 = PLANE ( 'NONE',  #5388 ) ;
#5783 = EDGE_CURVE ( 'NONE', #6852, #2235, #6956, .T. ) ;
#5784 = CARTESIAN_POINT ( 'NONE',  ( 13.03790755206680707, 37.79940596153446819, 3.757719627741896051 ) ) ;
#5785 = CARTESIAN_POINT ( 'NONE',  ( 4.731022369583771869, 36.12607642904279004, 12.45674072909409169 ) ) ;
#5786 = CARTESIAN_POINT ( 'NONE',  ( 13.17762270522245416, 20.72402796491583743, 3.277943370361410924 ) ) ;
#5787 = CARTESIAN_POINT ( 'NONE',  ( -3.867683513334265299, 21.33123739666534391, 12.81209070265303396 ) ) ;
#5788 = EDGE_LOOP ( 'NONE', ( #3189, #5932, #4210, #2015 ) ) ;
#5789 = ORIENTED_EDGE ( 'NONE', *, *, #2300, .T. ) ;
#5790 = CARTESIAN_POINT ( 'NONE',  ( 13.08498626418088051, 36.42691236500260743, 4.978396684382496495 ) ) ;
#5791 = CARTESIAN_POINT ( 'NONE',  ( 1.488505602724253807, 19.18745226349795274, 13.92183528199338483 ) ) ;
#5792 = CARTESIAN_POINT ( 'NONE',  ( -5.227517382448707117, 36.70186355746622553, 12.98747719068704498 ) ) ;
#5793 = CARTESIAN_POINT ( 'NONE',  ( -12.78545152826162123, 24.50000000000001421, -5.703703114510129346 ) ) ;
#5794 = CARTESIAN_POINT ( 'NONE',  ( -4.908900487238258670, 35.45101259342914801, -12.37305018407111845 ) ) ;
#5795 = EDGE_LOOP ( 'NONE', ( #6136, #3495, #5074, #1926 ) ) ;
#5796 = CARTESIAN_POINT ( 'NONE',  ( 5.426944984505202463, 22.80510781646029272, 12.90539287117091938 ) ) ;
#5797 = CARTESIAN_POINT ( 'NONE',  ( 12.96163893433580405, 23.68072854480692868, 5.291121575704481828 ) ) ;
#5798 = CARTESIAN_POINT ( 'NONE',  ( -6.725619849626339963, 9.854529718456435106, -12.28059687414248025 ) ) ;
#5799 = CARTESIAN_POINT ( 'NONE',  ( 12.85104442960093074, 37.03520860844523099, 4.309798713157882766 ) ) ;
#5800 = DIRECTION ( 'NONE',  ( 0.000000000000000000, -1.000000000000000000, 0.000000000000000000 ) ) ;
#5801 = ORIENTED_EDGE ( 'NONE', *, *, #3629, .F. ) ;
#5802 = DIRECTION ( 'NONE',  ( -0.000000000000000000, 1.000000000000000000, -0.000000000000000000 ) ) ;
#5803 = CARTESIAN_POINT ( 'NONE',  ( -2.029858609477939169, 19.35697108262158750, -13.85314853604837637 ) ) ;
#5804 = DIRECTION ( 'NONE',  ( -0.000000000000000000, -1.000000000000000000, -0.000000000000000000 ) ) ;
#5805 = CARTESIAN_POINT ( 'NONE',  ( -13.35918727205280021, 39.17706511914928313, 1.769697180907771505 ) ) ;
#5806 = CARTESIAN_POINT ( 'NONE',  ( 7.499999999999990230, 0.000000000000000000, 19.84313483298444325 ) ) ;
#5807 = CARTESIAN_POINT ( 'NONE',  ( -9.499999999999994671, 0.000000000000000000, -19.84313483298443970 ) ) ;
#5808 = CARTESIAN_POINT ( 'NONE',  ( -13.16309275358620923, 20.30759268986038535, 2.724794792064404447 ) ) ;
#5809 = CARTESIAN_POINT ( 'NONE',  ( -13.21465491640605805, 20.17546319689840217, 2.510975509235504610 ) ) ;
#5810 = CARTESIAN_POINT ( 'NONE',  ( -0.9071277291922442698, 19.58230119718816908, -13.46336086142115462 ) ) ;
#5811 = CARTESIAN_POINT ( 'NONE',  ( -4.399362820462335399, 36.87607233113686789, 12.60282627245509524 ) ) ;
#5812 = CARTESIAN_POINT ( 'NONE',  ( -13.26999340780638725, 37.92689523547581132, 4.462181413903397065 ) ) ;
#5813 = CARTESIAN_POINT ( 'NONE',  ( -13.23176100205419203, 38.86738792311625446, 2.434399678991215676 ) ) ;
#5814 = CARTESIAN_POINT ( 'NONE',  ( -0.4499375533974307451, 19.52011099811339179, 13.49100202159578643 ) ) ;
#5815 = CARTESIAN_POINT ( 'NONE',  ( 0.3755329699837073876, 39.98881626106745557, -13.99527692927711264 ) ) ;
#5816 = CARTESIAN_POINT ( 'NONE',  ( 13.53601445380625634, 39.30379026948074994, 1.387554253608789923 ) ) ;
#5817 = CARTESIAN_POINT ( 'NONE',  ( 4.239045969329540142, 37.15276874771021909, 12.66922898022116328 ) ) ;
#5818 = CARTESIAN_POINT ( 'NONE',  ( 3.187519599012937910, 38.35223798968675624, 13.03672044758169513 ) ) ;
#5819 = LINE ( 'NONE', #1038, #4428 ) ;
#5820 = ADVANCED_FACE ( 'NONE', ( #3022 ), #5876, .F. ) ;
#5821 = CARTESIAN_POINT ( 'NONE',  ( -4.820274282125210696, 23.17034484729952837, 12.41515212020748038 ) ) ;
#5822 = ORIENTED_EDGE ( 'NONE', *, *, #3526, .T. ) ;
#5823 = CARTESIAN_POINT ( 'NONE',  ( 13.61302226140998073, 38.62771568557693769, 3.269676868201041753 ) ) ;
#5824 = CARTESIAN_POINT ( 'NONE',  ( -4.286517685944740919, 38.12941487504222948, 13.32778963560509666 ) ) ;
#5825 = DIRECTION ( 'NONE',  ( -0.000000000000000000, -0.000000000000000000, 1.000000000000000000 ) ) ;
#5826 = CARTESIAN_POINT ( 'NONE',  ( -12.84361010163817163, 35.68066097364211231, 5.571543963430120705 ) ) ;
#5827 = CARTESIAN_POINT ( 'NONE',  ( -1.301616152408268112, 39.33039401446479388, -13.42498538109131268 ) ) ;
#5828 = ORIENTED_EDGE ( 'NONE', *, *, #1838, .T. ) ;
#5829 = CARTESIAN_POINT ( 'NONE',  ( -4.161640446266040350, 20.73787256285864444, 13.36730899654235394 ) ) ;
#5830 = CARTESIAN_POINT ( 'NONE',  ( 12.58030127295343803, 24.16788511652123006, -4.991670977193272130 ) ) ;
#5831 = CARTESIAN_POINT ( 'NONE',  ( -18.50000000000000000, 0.000000000000000000, 1.750000000000000000 ) ) ;
#5832 = CARTESIAN_POINT ( 'NONE',  ( 12.87370783239581939, 37.13966411848505800, 4.247206598067839067 ) ) ;
#5833 = CARTESIAN_POINT ( 'NONE',  ( -7.499999999999992006, 6.500000000000012434, 8.849293757131135862 ) ) ;
#5834 = ORIENTED_EDGE ( 'NONE', *, *, #2836, .T. ) ;
#5835 = CARTESIAN_POINT ( 'NONE',  ( -12.78545152826161591, 45.00000000000000000, 5.703703114510134675 ) ) ;
#5836 = CARTESIAN_POINT ( 'NONE',  ( 4.977937607998726754, 21.81475576515097714, -13.08513458396844342 ) ) ;
#5837 = CARTESIAN_POINT ( 'NONE',  ( -12.61780855713348082, 36.94113133445880948, 4.363776925323191946 ) ) ;
#5838 = CARTESIAN_POINT ( 'NONE',  ( -4.345338910893585371, 38.06377745539966639, -13.30871208603375599 ) ) ;
#5839 = CARTESIAN_POINT ( 'NONE',  ( 13.30643109273992231, 21.46076789871555945, -4.352230607450991329 ) ) ;
#5840 = CARTESIAN_POINT ( 'NONE',  ( 1.430002684429982907, 39.29131374493203310, -13.40811255768336352 ) ) ;
#5841 = CARTESIAN_POINT ( 'NONE',  ( 13.71045640183131553, 20.07724927515209146, 2.836430083410154346 ) ) ;
#5842 = CARTESIAN_POINT ( 'NONE',  ( -12.38406334771586792, 23.43715393758181165, 4.885899535053309428 ) ) ;
#5843 = CARTESIAN_POINT ( 'NONE',  ( -13.49100202159581308, 19.52011099811339889, -0.4499375533974199759 ) ) ;
#5844 = CARTESIAN_POINT ( 'NONE',  ( -2.001732616180967650, 19.91751210394000537, -13.31946312805228416 ) ) ;
#5845 = CARTESIAN_POINT ( 'NONE',  ( -4.839440520744302532, 35.76159232721830961, 12.40615633512754989 ) ) ;
#5846 = CARTESIAN_POINT ( 'NONE',  ( -13.47015723515031560, 39.43304595182735284, 0.8196811705556591443 ) ) ;
#5847 = CARTESIAN_POINT ( 'NONE',  ( -13.30597309141044882, 39.05002349343500612, -2.074578311609481140 ) ) ;
#5848 = CARTESIAN_POINT ( 'NONE',  ( 12.87885064741053576, 37.16221035204006284, -4.232703712648745231 ) ) ;
#5849 = CARTESIAN_POINT ( 'NONE',  ( -0.2835621117645442113, 19.50787350752064242, 13.49647389307610368 ) ) ;
#5850 = CARTESIAN_POINT ( 'NONE',  ( 10.36363636363635621, 3.499999999999982236, -21.64705618143756638 ) ) ;
#5851 = B_SPLINE_CURVE_WITH_KNOTS ( 'NONE', 3,
 ( #7245, #5564, #51, #2738, #5166, #3934, #3712 ),
 .UNSPECIFIED., .F., .F.,
 ( 4, 3, 4 ),
 ( 1.110764993427085326E-17, 0.001538204004139530345, 0.002299636508648979141 ),
 .UNSPECIFIED. ) ;
#5852 = CARTESIAN_POINT ( 'NONE',  ( 13.45303584370152450, 39.08404946742798103, -1.997043446241467457 ) ) ;
#5853 = CARTESIAN_POINT ( 'NONE',  ( 1.845115717913251130, 39.14786446611562098, 13.34683969040401408 ) ) ;
#5854 = LINE ( 'NONE', #3001, #3100 ) ;
#5855 = CARTESIAN_POINT ( 'NONE',  ( -2.798679341151727229, 20.35663406128316311, 13.14430010081823141 ) ) ;
#5856 = ORIENTED_EDGE ( 'NONE', *, *, #6408, .T. ) ;
#5857 = CARTESIAN_POINT ( 'NONE',  ( 4.682389296490473640, 37.64186111711091343, 13.19387144847084237 ) ) ;
#5858 = CIRCLE ( 'NONE', #6801, 11.59999999999999964 ) ;
#5859 = CARTESIAN_POINT ( 'NONE',  ( 1.310181730566356340, 39.85312172455132185, -13.93863546651184393 ) ) ;
#5860 = EDGE_CURVE ( 'NONE', #5638, #958, #1116, .T. ) ;
#5861 = CARTESIAN_POINT ( 'NONE',  ( -10.46709128650362253, 34.49999999999999289, -4.999999999999999112 ) ) ;
#5862 = CIRCLE ( 'NONE', #4431, 1.499999999999984013 ) ;
#5863 = ORIENTED_EDGE ( 'NONE', *, *, #4670, .F. ) ;
#5864 = MANIFOLD_SOLID_BREP ( 'Chamfer4', #6918 ) ;
#5865 = CARTESIAN_POINT ( 'NONE',  ( 1.033665515213594510, 19.09031197219364984, 13.96209530386597564 ) ) ;
#5866 = CARTESIAN_POINT ( 'NONE',  ( 13.12407149789202698, 22.33639587935964244, 4.874458661702175455 ) ) ;
#5867 = DIRECTION ( 'NONE',  ( 1.000000000000000000, -0.000000000000000000, -0.000000000000000000 ) ) ;
#5868 = CARTESIAN_POINT ( 'NONE',  ( 12.80091870326314130, 36.79067776875139373, 4.445224425926149081 ) ) ;
#5869 = DIRECTION ( 'NONE',  ( -0.000000000000000000, -0.000000000000000000, 1.000000000000000000 ) ) ;
#5870 = EDGE_LOOP ( 'NONE', ( #3860, #2519, #6971, #2343 ) ) ;
#5871 = EDGE_CURVE ( 'NONE', #6599, #2646, #60, .T. ) ;
#5872 = CARTESIAN_POINT ( 'NONE',  ( -18.50000000000000000, 0.000000000000000000, 1.750000000000000000 ) ) ;
#5873 = CARTESIAN_POINT ( 'NONE',  ( 1.484806420479564348, 19.18656704524872225, -13.92220683203125908 ) ) ;
#5874 = CARTESIAN_POINT ( 'NONE',  ( -13.76933544867721793, 39.42951499610484234, 2.536343812281269816 ) ) ;
#5875 = LINE ( 'NONE', #5269, #2862 ) ;
#5876 = CONICAL_SURFACE ( 'NONE', #2647, 11.59999999999999964, 0.7853981633974447263 ) ;
#5877 = DIRECTION ( 'NONE',  ( -0.000000000000000000, -1.000000000000000000, -0.000000000000000000 ) ) ;
#5878 = CARTESIAN_POINT ( 'NONE',  ( 13.30750046446090806, 21.45635671265473476, 4.348952208903375194 ) ) ;
#5879 = CARTESIAN_POINT ( 'NONE',  ( -12.66922898022118460, 21.84723125228979512, -4.239045969329539254 ) ) ;
#5880 = CARTESIAN_POINT ( 'NONE',  ( -3.520103013836701766, 20.94908405475508673, -12.93278110546337345 ) ) ;
#5881 = CARTESIAN_POINT ( 'NONE',  ( -4.534408557234046455, 36.60731881538600163, 12.54479730381826030 ) ) ;
#5882 = CARTESIAN_POINT ( 'NONE',  ( 13.17019397595491625, 20.74808757854552255, -3.305137635289942200 ) ) ;
#5883 = CARTESIAN_POINT ( 'NONE',  ( -12.85179736078887025, 37.79946835458508758, -3.757661995975793978 ) ) ;
#5884 = CARTESIAN_POINT ( 'NONE',  ( -13.42323708763998091, 39.32618722554195045, -1.307538022152881840 ) ) ;
#5885 = CARTESIAN_POINT ( 'NONE',  ( 13.03865895423517074, 37.80169687753861041, -3.754947551008282591 ) ) ;
#5886 = CARTESIAN_POINT ( 'NONE',  ( -3.329240443822302886, 20.76934115238631051, 12.99383504092417319 ) ) ;
#5887 = CARTESIAN_POINT ( 'NONE',  ( -10.36363636363635621, 4.000000000000000000, -21.64705618143756638 ) ) ;
#5888 = CARTESIAN_POINT ( 'NONE',  ( -1.428809295313525851, 19.70831677206446031, -13.40827102715393337 ) ) ;
#5889 = CARTESIAN_POINT ( 'NONE',  ( 3.197575384672217691, 38.34391016164818922, 13.03374366502119841 ) ) ;
#5890 = CARTESIAN_POINT ( 'NONE',  ( -2.792180702842102402, 20.35224868122889319, 13.14597342985842054 ) ) ;
#5891 = ORIENTED_EDGE ( 'NONE', *, *, #6806, .F. ) ;
#5892 = CARTESIAN_POINT ( 'NONE',  ( 3.358634340440334487, 38.20399686343081669, -12.98463330004632965 ) ) ;
#5893 = CARTESIAN_POINT ( 'NONE',  ( -4.827757141743367342, 35.80365497181372092, 12.41164098637412216 ) ) ;
#5894 = CARTESIAN_POINT ( 'NONE',  ( 0.7556468484564381471, 39.95226839727475721, -13.97990102065496210 ) ) ;
#5895 = CARTESIAN_POINT ( 'NONE',  ( 0.000000000000000000, 6.500000000000000888, -59.57475013247809414 ) ) ;
#5896 = CARTESIAN_POINT ( 'NONE',  ( 5.703703114510172867, 24.50000000000001421, -12.78545152826160347 ) ) ;
#5897 = CARTESIAN_POINT ( 'NONE',  ( -11.60018711982958450, 39.50043411831659057, 0.3242568011507300230 ) ) ;
#5898 = VERTEX_POINT ( 'NONE', #5507 ) ;
#5899 = CARTESIAN_POINT ( 'NONE',  ( -0.3708736252890544316, 19.01144792350532953, 13.99516733005112457 ) ) ;
#5900 = CARTESIAN_POINT ( 'NONE',  ( 13.50775008971844748, 19.77000786925669829, -1.622914563388635933 ) ) ;
#5901 = PLANE ( 'NONE',  #6577 ) ;
#5902 = CARTESIAN_POINT ( 'NONE',  ( 12.62173650920787793, 35.52329457572378146, 4.894342595336055091 ) ) ;
#5903 = CARTESIAN_POINT ( 'NONE',  ( -4.684837364504833346, 21.36152640622052701, -13.19300268230466955 ) ) ;
#5904 = ORIENTED_EDGE ( 'NONE', *, *, #6501, .T. ) ;
#5905 = CARTESIAN_POINT ( 'NONE',  ( -0.9355347291660591758, 39.92853993623416642, 13.96993076306623038 ) ) ;
#5906 = CARTESIAN_POINT ( 'NONE',  ( 2.280491854602153978, 19.45793212523119919, -13.81329475549791574 ) ) ;
#5907 = LINE ( 'NONE', #6986, #508 ) ;
#5908 = CARTESIAN_POINT ( 'NONE',  ( -12.53805450426576051, 36.57886062731408572, 4.550245928475914248 ) ) ;
#5909 = CARTESIAN_POINT ( 'NONE',  ( 3.762521629633862830, 37.80864979454612751, -10.97545589786139075 ) ) ;
#5910 = EDGE_CURVE ( 'NONE', #4857, #6196, #6063, .T. ) ;
#5911 = CARTESIAN_POINT ( 'NONE',  ( -12.34495114201462407, 35.07930931101378036, -4.967023529122733372 ) ) ;
#5912 = CARTESIAN_POINT ( 'NONE',  ( 13.98644630221123819, 39.67530994659301058, -0.7061590031634359388 ) ) ;
#5913 = CARTESIAN_POINT ( 'NONE',  ( 3.486098052625240751, 20.13225883677097983, -13.56269732106409265 ) ) ;
#5914 = CARTESIAN_POINT ( 'NONE',  ( -12.44434331412939976, 22.96167395095996611, 4.757645877674127277 ) ) ;
#5915 = CARTESIAN_POINT ( 'NONE',  ( -12.60949393166594668, 22.09462700357402554, -4.383590880285606950 ) ) ;
#5916 = CARTESIAN_POINT ( 'NONE',  ( -2.295026805801780867, 20.05778365849154099, -13.26186817759747427 ) ) ;
#5917 = CARTESIAN_POINT ( 'NONE',  ( 13.10727143140677065, 20.95692597778650068, -3.527978911951532570 ) ) ;
#5918 = CARTESIAN_POINT ( 'NONE',  ( -12.77667996410932005, 37.54896656852454129, -3.963644716955033065 ) ) ;
#5919 = CARTESIAN_POINT ( 'NONE',  ( 9.499999999999994671, 3.499999999999982236, -19.84313483298443970 ) ) ;
#5920 = EDGE_CURVE ( 'NONE', #5898, #1554, #3370, .T. ) ;
#5921 = EDGE_LOOP ( 'NONE', ( #6420, #6372, #5379, #2134 ) ) ;
#5922 = CARTESIAN_POINT ( 'NONE',  ( -13.25406959294105214, 38.92293639580855569, -2.331966488341035593 ) ) ;
#5923 = CARTESIAN_POINT ( 'NONE',  ( 13.23846942881937494, 38.46706820313237074, -3.043478447631867922 ) ) ;
#5924 = CARTESIAN_POINT ( 'NONE',  ( 7.447868894519081628, 7.513371511985142526, -8.894145116746217994 ) ) ;
#5925 = FACE_OUTER_BOUND ( 'NONE', #5795, .T. ) ;
#5926 = CARTESIAN_POINT ( 'NONE',  ( -12.90539287117093004, 22.80510781646029983, 5.426944984505166047 ) ) ;
#5927 = CARTESIAN_POINT ( 'NONE',  ( 2.534693009025648536, 19.56967978339090308, 13.76964318338129267 ) ) ;
#5928 = CARTESIAN_POINT ( 'NONE',  ( 3.648191677156962243, 21.07988385121727148, -12.88990531660744487 ) ) ;
#5929 = CARTESIAN_POINT ( 'NONE',  ( 3.717935608155306770, 37.84321439641056628, 12.86562106097982117 ) ) ;
#5930 = DIRECTION ( 'NONE',  ( -0.000000000000000000, 1.000000000000000000, -0.000000000000000000 ) ) ;
#5931 = CARTESIAN_POINT ( 'NONE',  ( 0.5802737701361081468, 19.53311705446856905, 13.48519778726670459 ) ) ;
#5932 = ORIENTED_EDGE ( 'NONE', *, *, #6096, .F. ) ;
#5933 = CARTESIAN_POINT ( 'NONE',  ( 3.305828676084123785, 38.25130306676637559, -13.00104079335891605 ) ) ;
#5934 = ORIENTED_EDGE ( 'NONE', *, *, #6806, .T. ) ;
#5935 = CARTESIAN_POINT ( 'NONE',  ( 5.110825507945308210, 36.94826846959187350, 13.03412276383322599 ) ) ;
#5936 = CARTESIAN_POINT ( 'NONE',  ( -13.08513458396846119, 21.81475576515099490, -4.977937607998674352 ) ) ;
#5937 = CARTESIAN_POINT ( 'NONE',  ( -0.7487021014490951032, 39.95316568493413456, -13.98027744105184134 ) ) ;
#5938 = CARTESIAN_POINT ( 'NONE',  ( -13.44519813101695860, 38.51320875408563182, -3.904491433386112931 ) ) ;
#5939 = CARTESIAN_POINT ( 'NONE',  ( -10.48315697568511240, 35.16287051458258617, -4.966741162160683842 ) ) ;
#5940 = CARTESIAN_POINT ( 'NONE',  ( -4.462181413903432592, 21.07310476452417447, 13.26999340780637660 ) ) ;
#5941 = CARTESIAN_POINT ( 'NONE',  ( 13.02119749812304583, 21.26189851489846205, -3.810682130643718413 ) ) ;
#5942 = CARTESIAN_POINT ( 'NONE',  ( -2.866630205275969345, 19.74176805175364535, 13.70437896332063232 ) ) ;
#5943 = CARTESIAN_POINT ( 'NONE',  ( -3.765755156529389414, 37.80500044077129473, -10.97434782147805876 ) ) ;
#5944 = ORIENTED_EDGE ( 'NONE', *, *, #6001, .T. ) ;
#5945 = CARTESIAN_POINT ( 'NONE',  ( 6.496594062726485319, 10.27866157259092716, 12.40503512793323004 ) ) ;
#5946 = CARTESIAN_POINT ( 'NONE',  ( 3.763014771086065302, 20.36658568045717033, -13.48484535929836525 ) ) ;
#5947 = CARTESIAN_POINT ( 'NONE',  ( -13.70522347014929210, 39.26049172541389964, 2.862601660302292572 ) ) ;
#5948 = CARTESIAN_POINT ( 'NONE',  ( 18.50000000000000000, 4.000000000000000000, 2.250000000000015987 ) ) ;
#5949 = LINE ( 'NONE', #4189, #4066 ) ;
#5950 = CARTESIAN_POINT ( 'NONE',  ( 13.79695252341360145, 39.16990026445335360, -2.380842270408956018 ) ) ;
#5951 = CARTESIAN_POINT ( 'NONE',  ( -12.88990531660748751, 21.07988385121726793, -3.648191677156956469 ) ) ;
#5952 = CARTESIAN_POINT ( 'NONE',  ( -3.920549921022495887, 21.39552305932424048, -12.79281226049490527 ) ) ;
#5953 = EDGE_CURVE ( 'NONE', #474, #2896, #4171, .T. ) ;
#5954 = CARTESIAN_POINT ( 'NONE',  ( -4.932836312962356473, 35.32089825375013703, 12.36153381378882443 ) ) ;
#5955 = CARTESIAN_POINT ( 'NONE',  ( 13.21269821755837626, 20.61289644948890398, -3.144922526258281170 ) ) ;
#5956 = CARTESIAN_POINT ( 'NONE',  ( -13.48552889693684165, 39.46762670294203446, 0.5740952870516843332 ) ) ;
#5957 = VERTEX_POINT ( 'NONE', #6538 ) ;
#5958 = CARTESIAN_POINT ( 'NONE',  ( -13.07379436634782266, 38.45486874223470863, -3.059771721893401075 ) ) ;
#5959 = CARTESIAN_POINT ( 'NONE',  ( 13.14284637577104675, 38.16250028061310218, -3.403921125375301227 ) ) ;
#5960 = DIRECTION ( 'NONE',  ( 0.000000000000000000, 0.000000000000000000, -1.000000000000000000 ) ) ;
#5961 = CARTESIAN_POINT ( 'NONE',  ( -13.24969186814003308, 21.14686356288096292, 4.522068370577166263 ) ) ;
#5962 = CARTESIAN_POINT ( 'NONE',  ( -12.36225651903337663, 23.67309738647628592, -4.931326442106775509 ) ) ;
#5963 = CARTESIAN_POINT ( 'NONE',  ( 0.8196811705556442673, 19.56695404817262229, -13.47015723515028540 ) ) ;
#5964 = EDGE_CURVE ( 'NONE', #5547, #2061, #5432, .T. ) ;
#5965 = CARTESIAN_POINT ( 'NONE',  ( 3.563797875099078638, 38.00705666742126709, 12.91828201975125090 ) ) ;
#5966 = CARTESIAN_POINT ( 'NONE',  ( 2.074578311682037324, 19.94997650659805544, 13.30597309139268702 ) ) ;
#5967 = ORIENTED_EDGE ( 'NONE', *, *, #6856, .F. ) ;
#5968 = CARTESIAN_POINT ( 'NONE',  ( 13.90201286699586625, 39.45522490914157032, 1.655667741171260587 ) ) ;
#5969 = ORIENTED_EDGE ( 'NONE', *, *, #4535, .F. ) ;
#5970 = CARTESIAN_POINT ( 'NONE',  ( 4.629023732266692726, 37.71453872341653124, 13.21270344485245296 ) ) ;
#5971 = CARTESIAN_POINT ( 'NONE',  ( -13.38692652296026253, 20.67360811792332598, -4.098150232047071739 ) ) ;
#5972 = AXIS2_PLACEMENT_3D ( 'NONE', #663, #2923, #122 ) ;
#5973 = CARTESIAN_POINT ( 'NONE',  ( -13.59763959100849284, 38.96378586108289710, -3.332525600356652351 ) ) ;
#5974 = CARTESIAN_POINT ( 'NONE',  ( -10.46709128650361897, 34.83470305234730091, -4.999999999999999112 ) ) ;
#5975 = ORIENTED_EDGE ( 'NONE', *, *, #706, .T. ) ;
#5976 = CIRCLE ( 'NONE', #2156, 1.750000000000000000 ) ;
#5977 = CARTESIAN_POINT ( 'NONE',  ( -0.6548938153536232321, 19.03561110102451437, 13.98499269927931543 ) ) ;
#5978 = CARTESIAN_POINT ( 'NONE',  ( 13.54875493210798965, 19.66323838249277145, -1.267856865701059821 ) ) ;
#5979 = CARTESIAN_POINT ( 'NONE',  ( -5.298717085119471371, 22.46252581105102664, 12.95859161683778638 ) ) ;
#5980 = CARTESIAN_POINT ( 'NONE',  ( -3.970073553567724733, 37.55676963757521492, -10.90119510315728313 ) ) ;
#5981 = ORIENTED_EDGE ( 'NONE', *, *, #5643, .F. ) ;
#5982 = CARTESIAN_POINT ( 'NONE',  ( -4.620412418617210193, 36.41106392059886332, -12.50674842157183342 ) ) ;
#5983 = CARTESIAN_POINT ( 'NONE',  ( 1.303388515414703352, 19.14247736610216677, -13.94041626776709997 ) ) ;
#5984 = AXIS2_PLACEMENT_3D ( 'NONE', #5152, #105, #4663 ) ;
#5985 = CARTESIAN_POINT ( 'NONE',  ( -7.499999999999993783, 6.500000000000012434, -8.849293757131134086 ) ) ;
#5986 = CARTESIAN_POINT ( 'NONE',  ( 4.332879406324915195, 37.01635037101124936, -10.76214967380653498 ) ) ;
#5987 = CARTESIAN_POINT ( 'NONE',  ( 12.59090757566194796, 23.92022968685586903, 4.966951212771907542 ) ) ;
#5988 = CARTESIAN_POINT ( 'NONE',  ( -12.39261419211427828, 35.64223113243890850, -4.867952758513535372 ) ) ;
#5989 = CARTESIAN_POINT ( 'NONE',  ( 13.93399656768003148, 19.46059981439905329, -1.358534596865399013 ) ) ;
#5990 = CARTESIAN_POINT ( 'NONE',  ( 13.34086537839013609, 37.67874317233360415, -4.245499367874676189 ) ) ;
#5991 = CARTESIAN_POINT ( 'NONE',  ( 5.665867317124066105, 23.86099439754806184, -12.80226754375377318 ) ) ;
#5992 = CARTESIAN_POINT ( 'NONE',  ( -12.71128555223645584, 21.68669028373381735, 4.133445250789802294 ) ) ;
#5993 = CARTESIAN_POINT ( 'NONE',  ( -12.37305018407117352, 23.54898740657081646, -4.908900487238239130 ) ) ;
#5994 = CARTESIAN_POINT ( 'NONE',  ( -4.444637833505760582, 22.20818341570997845, -12.58367752229196057 ) ) ;
#5995 = FACE_OUTER_BOUND ( 'NONE', #486, .T. ) ;
#5996 = CARTESIAN_POINT ( 'NONE',  ( 13.31584361320408405, 20.30114820066927450, -2.714791608810870560 ) ) ;
#5997 = STYLED_ITEM ( 'NONE', ( #1403 ), #5864 ) ;
#5998 = ORIENTED_EDGE ( 'NONE', *, *, #4443, .T. ) ;
#5999 = CARTESIAN_POINT ( 'NONE',  ( -12.88965255405875432, 37.91924106767307023, -3.649020368508754331 ) ) ;
#6000 = CARTESIAN_POINT ( 'NONE',  ( 13.33221122377932666, 38.74660652296270058, -2.640628818365146291 ) ) ;
#6001 = EDGE_CURVE ( 'NONE', #5191, #1930, #6031, .T. ) ;
#6002 = CARTESIAN_POINT ( 'NONE',  ( 5.703703114510178196, 45.00000000000000000, -12.78545152826159814 ) ) ;
#6003 = CARTESIAN_POINT ( 'NONE',  ( -8.000000000000008882, 4.000000000000000000, -19.84313483298444325 ) ) ;
#6004 = CARTESIAN_POINT ( 'NONE',  ( -12.59706931276802599, 22.14929476374525308, -4.412969170209837699 ) ) ;
#6005 = VECTOR ( 'NONE', #2196, 1000.000000000000000 ) ;
#6006 = CARTESIAN_POINT ( 'NONE',  ( 3.329240443822291784, 20.76934115238630341, -12.99383504092416786 ) ) ;
#6007 = CARTESIAN_POINT ( 'NONE',  ( -3.345601216752857265, 38.21577472629200400, 12.98870409703906859 ) ) ;
#6008 = CARTESIAN_POINT ( 'NONE',  ( 2.455233623510295615, 13.59111995476319379, -13.78513728603761734 ) ) ;
#6009 = CARTESIAN_POINT ( 'NONE',  ( 4.046280920580731966, 21.56243825940505587, 12.74521854786917530 ) ) ;
#6010 = ORIENTED_EDGE ( 'NONE', *, *, #7048, .T. ) ;
#6011 = ADVANCED_FACE ( 'NONE', ( #5546 ), #2285, .F. ) ;
#6012 = CARTESIAN_POINT ( 'NONE',  ( 2.724794791999412880, 38.69240731018201984, -13.16309275360147879 ) ) ;
#6013 = ORIENTED_EDGE ( 'NONE', *, *, #4712, .T. ) ;
#6014 = CARTESIAN_POINT ( 'NONE',  ( 13.98233170932146052, 39.66443167983046436, 0.7085224983825468836 ) ) ;
#6015 = CARTESIAN_POINT ( 'NONE',  ( -5.000000000000013323, 34.49999999999998579, 12.32882846293108159 ) ) ;
#6016 = CARTESIAN_POINT ( 'NONE',  ( -13.15674636991162494, 21.50639840755243881, -4.785711917034038976 ) ) ;
#6017 = CARTESIAN_POINT ( 'NONE',  ( -13.99994996193350971, 39.99988109358798738, -0.1013573958687007115 ) ) ;
#6018 = CARTESIAN_POINT ( 'NONE',  ( -11.53091008863576583, 39.33790400466795489, 1.304978923944889235 ) ) ;
#6019 = ORIENTED_EDGE ( 'NONE', *, *, #144, .F. ) ;
#6020 = CARTESIAN_POINT ( 'NONE',  ( -5.396869404841501350, 22.71131608329201867, 12.91810128357446885 ) ) ;
#6021 = CARTESIAN_POINT ( 'NONE',  ( 13.51765550415227679, 19.74402889948430939, -1.545157346605099180 ) ) ;
#6022 = CARTESIAN_POINT ( 'NONE',  ( -5.505016931937206870, 23.05812925655440182, 12.87227329176088553 ) ) ;
#6023 = CARTESIAN_POINT ( 'NONE',  ( -4.162134552025653633, 20.73524224956217310, -13.36768937222492326 ) ) ;
#6024 = ORIENTED_EDGE ( 'NONE', *, *, #6144, .F. ) ;
#6025 = DIRECTION ( 'NONE',  ( -0.000000000000000000, -1.000000000000000000, -0.000000000000000000 ) ) ;
#6026 = CARTESIAN_POINT ( 'NONE',  ( -4.757387328505478408, 22.95918879032697646, -12.44448618836000264 ) ) ;
#6027 = LINE ( 'NONE', #5777, #6922 ) ;
#6028 = CARTESIAN_POINT ( 'NONE',  ( -4.632945982769129500, 37.71295202181479311, -13.21164992059235210 ) ) ;
#6029 = CARTESIAN_POINT ( 'NONE',  ( 13.71696332677044694, 20.05905932031554073, -2.801137507064847210 ) ) ;
#6030 = CARTESIAN_POINT ( 'NONE',  ( 13.61469021174394456, 38.63650904667081676, 3.275429913529624315 ) ) ;
#6031 = LINE ( 'NONE', #7160, #3482 ) ;
#6032 = CARTESIAN_POINT ( 'NONE',  ( 7.499999999999994671, 14.00000000000000000, -19.84313483298444325 ) ) ;
#6033 = CARTESIAN_POINT ( 'NONE',  ( -4.246700769247826912, 21.85952364495671318, -12.66613266082143419 ) ) ;
#6034 = DIRECTION ( 'NONE',  ( 0.000000000000000000, 1.000000000000000000, 0.000000000000000000 ) ) ;
#6035 = CARTESIAN_POINT ( 'NONE',  ( -7.669990706456262686, 3.669990706456254248, -13.27642669995419489 ) ) ;
#6036 = CARTESIAN_POINT ( 'NONE',  ( -12.93809792140647730, 38.06688864864901234, -3.503917043304359158 ) ) ;
#6037 = CARTESIAN_POINT ( 'NONE',  ( 13.20155716617892772, 38.35207375186817558, -3.187729460904894285 ) ) ;
#6038 = CARTESIAN_POINT ( 'NONE',  ( 1.995792266008755922, 13.74692997839753517, -11.43774491201621935 ) ) ;
#6039 = CARTESIAN_POINT ( 'NONE',  ( -13.44522379415435509, 20.48670733931394494, 3.904406610910719166 ) ) ;
#6040 = CARTESIAN_POINT ( 'NONE',  ( -13.03672044758907056, 20.64776201029302527, -3.187519598988493019 ) ) ;
#6041 = CARTESIAN_POINT ( 'NONE',  ( 13.03822895539698656, 37.80057407550223303, -3.756691287007057678 ) ) ;
#6042 = CARTESIAN_POINT ( 'NONE',  ( 3.111229949161845365, 20.58504376389072377, -13.05919771033386567 ) ) ;
#6043 = CARTESIAN_POINT ( 'NONE',  ( -3.529542010681502529, 38.04153000213717206, 12.92966737449845027 ) ) ;
#6044 = CARTESIAN_POINT ( 'NONE',  ( 4.559594989102304652, 22.44747763914952188, 12.53375298271571481 ) ) ;
#6045 = VERTEX_POINT ( 'NONE', #7369 ) ;
#6046 = CARTESIAN_POINT ( 'NONE',  ( 13.84177476228990677, 39.29310402556536985, -2.099280257222507107 ) ) ;
#6047 = CARTESIAN_POINT ( 'NONE',  ( -2.510975509235521486, 38.82453680310160848, 13.21465491640601719 ) ) ;
#6048 = CARTESIAN_POINT ( 'NONE',  ( -13.92220683203126974, 19.18656704524873646, -1.484806420479518829 ) ) ;
#6049 = EDGE_CURVE ( 'NONE', #3805, #4857, #1324, .T. ) ;
#6050 = CARTESIAN_POINT ( 'NONE',  ( -13.26927361248402804, 37.92431106190271350, -4.464326232005083384 ) ) ;
#6051 = DIRECTION ( 'NONE',  ( -0.000000000000000000, -1.000000000000000000, -0.000000000000000000 ) ) ;
#6052 = B_SPLINE_CURVE_WITH_KNOTS ( 'NONE', 3,
 ( #1556, #6510, #2002, #3756, #5440, #3673, #341, #7130, #4920, #2591, #1451, #7205, #7168, #3825, #6072, #5961, #4362, #4280, #850, #6039, #3119, #6105, #2039, #4393, #927, #5399, #2555, #2078, #6590, #3076, #4803, #3228, #6631, #1523, #3193, #413, #6548, #5480, #3718, #5356, #4956, #7239, #266, #6661, #2512, #7086, #478, #2838, #2732, #5022, #7307, #2179, #4002, #6246, #4987, #3402, #3296, #4461, #6766, #7343, #6734, #514, #997, #6699, #1701, #1630, #3893, #2770 ),
 .UNSPECIFIED., .F., .F.,
 ( 4, 2, 2, 2, 2, 2, 2, 2, 2, 2, 2, 2, 2, 2, 2, 2, 2, 2, 2, 2, 2, 2, 2, 2, 2, 2, 2, 2, 2, 2, 2, 2, 2, 4 ),
 ( 0.000000000000000000, 0.03125000000000027062, 0.06250000000000054123, 0.09375000000000080491, 0.1093750000000006661, 0.1250000000000005274, 0.1875000000000009437, 0.2031250000000009437, 0.2187500000000009437, 0.2500000000000008882, 0.2812500000000008882, 0.3125000000000008882, 0.3437500000000008882, 0.3750000000000008327, 0.4062500000000008327, 0.4375000000000008327, 0.4687500000000007772, 0.5000000000000006661, 0.5625000000000006661, 0.5937500000000005551, 0.6250000000000005551, 0.6562500000000004441, 0.6875000000000004441, 0.7187500000000003331, 0.7500000000000002220, 0.7812500000000002220, 0.7968750000000000000, 0.8124999999999997780, 0.8750000000000001110, 0.8906250000000001110, 0.9062500000000002220, 0.9218750000000002220, 0.9375000000000002220, 1.000000000000000000 ),
 .UNSPECIFIED. ) ;
#6053 = CARTESIAN_POINT ( 'NONE',  ( 12.83109231094087832, 22.05961431234695169, 4.364195508483840413 ) ) ;
#6054 = CARTESIAN_POINT ( 'NONE',  ( -7.499999999999991118, 6.500000000000012434, 11.82159041753689444 ) ) ;
#6055 = CARTESIAN_POINT ( 'NONE',  ( -4.943445239661056867, 21.73324897353796814, -13.10002609451648858 ) ) ;
#6056 = ORIENTED_EDGE ( 'NONE', *, *, #4574, .T. ) ;
#6057 = CARTESIAN_POINT ( 'NONE',  ( -3.995396005151273577, 37.50640044093869818, -12.76462762123779981 ) ) ;
#6058 = CARTESIAN_POINT ( 'NONE',  ( -3.052251993749820258, 20.53889301655240729, -13.07604002329427040 ) ) ;
#6059 = ADVANCED_FACE ( 'NONE', ( #7266 ), #3325, .F. ) ;
#6060 = CARTESIAN_POINT ( 'NONE',  ( 4.867996716262330104, 35.64427417850249924, -12.39260856760605733 ) ) ;
#6061 = CARTESIAN_POINT ( 'NONE',  ( -4.933673568356422123, 37.26126942748919646, -13.10196512258804447 ) ) ;
#6062 = CARTESIAN_POINT ( 'NONE',  ( -1.144796383982137344, 19.63001634740282597, -11.54451713147690839 ) ) ;
#6063 = LINE ( 'NONE', #4311, #5761 ) ;
#6064 = FACE_OUTER_BOUND ( 'NONE', #1394, .T. ) ;
#6065 = CARTESIAN_POINT ( 'NONE',  ( -24.00000000000000355, 24.50000000000000000, 5.000000000000000000 ) ) ;
#6066 = CARTESIAN_POINT ( 'NONE',  ( -5.000000000000007105, 34.49999999999998579, 12.32882846293108159 ) ) ;
#6067 = CARTESIAN_POINT ( 'NONE',  ( 13.05625541413054869, 21.13491422526200125, -3.698136677227374935 ) ) ;
#6068 = ORIENTED_EDGE ( 'NONE', *, *, #4965, .F. ) ;
#6069 = CARTESIAN_POINT ( 'NONE',  ( -12.62800428895446103, 36.98444183174564159, -4.339379587640340041 ) ) ;
#6070 = CARTESIAN_POINT ( 'NONE',  ( 13.53731409827199350, 39.30720390385481977, -1.377577071640637474 ) ) ;
#6071 = CARTESIAN_POINT ( 'NONE',  ( -4.937843757787904408, 23.71296006057075800, 12.35910525360218770 ) ) ;
#6072 = CARTESIAN_POINT ( 'NONE',  ( -13.21135521839007509, 21.29059665803756118, 4.632874943525669309 ) ) ;
#6073 = CARTESIAN_POINT ( 'NONE',  ( -12.94439843765959353, 22.54811847779511069, 5.333266973458573368 ) ) ;
#6074 = CARTESIAN_POINT ( 'NONE',  ( 12.61225980561942706, 35.40932517180849715, -4.916793624999828083 ) ) ;
#6075 = CARTESIAN_POINT ( 'NONE',  ( 3.221367515822871841, 20.67595123769463328, -13.02666469753089373 ) ) ;
#6076 = CARTESIAN_POINT ( 'NONE',  ( -3.010043406645941388, 38.49265517017023086, 13.08770708899373325 ) ) ;
#6077 = CARTESIAN_POINT ( 'NONE',  ( 13.54483600172629210, 19.67335290410547088, -1.305839026476358633 ) ) ;
#6078 = CARTESIAN_POINT ( 'NONE',  ( 3.770874616283070857, 21.21619634509086438, 12.84701007876758005 ) ) ;
#6079 = VERTEX_POINT ( 'NONE', #2172 ) ;
#6080 = CARTESIAN_POINT ( 'NONE',  ( 12.97087339189531008, 35.44742180863258341, -5.268445063407062534 ) ) ;
#6081 = CARTESIAN_POINT ( 'NONE',  ( -0.3355060095337711878, 39.48940892125602886, 13.49525739537453717 ) ) ;
#6082 = CARTESIAN_POINT ( 'NONE',  ( -13.99066853216511497, 39.97787742664338140, 0.5132620449310306698 ) ) ;
#6083 = LINE ( 'NONE', #2640, #6562 ) ;
#6084 = ORIENTED_EDGE ( 'NONE', *, *, #3817, .T. ) ;
#6085 = CARTESIAN_POINT ( 'NONE',  ( 12.80929154150280525, 22.16749449151091511, 4.422792265879502693 ) ) ;
#6086 = ADVANCED_FACE ( 'NONE', ( #506 ), #2799, .F. ) ;
#6087 = DIRECTION ( 'NONE',  ( 0.000000000000000000, -1.000000000000000000, 0.000000000000000000 ) ) ;
#6088 = CARTESIAN_POINT ( 'NONE',  ( -4.191937188782742574, 37.22552288191218395, -12.68809945280439955 ) ) ;
#6089 = CARTESIAN_POINT ( 'NONE',  ( -3.649203048306373987, 21.08096031962739048, -12.88955923427047701 ) ) ;
#6090 = CARTESIAN_POINT ( 'NONE',  ( -12.35910525360222856, 35.28703993942922779, 4.937843757787895527 ) ) ;
#6091 = CARTESIAN_POINT ( 'NONE',  ( 4.805634638705522654, 35.88298954527592599, -12.42203472655944907 ) ) ;
#6092 = CARTESIAN_POINT ( 'NONE',  ( 12.72353082832564297, 22.64999662297348593, 4.645204067075234811 ) ) ;
#6093 = CARTESIAN_POINT ( 'NONE',  ( -5.694197870159322328, 34.86628268154566967, -12.78970435482757573 ) ) ;
#6094 = CARTESIAN_POINT ( 'NONE',  ( 13.84177476228990500, 19.70689597443463370, 2.099280257222507551 ) ) ;
#6095 = CARTESIAN_POINT ( 'NONE',  ( -4.486653603843391735, 22.26911559748167946, -10.69807669424814911 ) ) ;
#6096 = EDGE_CURVE ( 'NONE', #5536, #5067, #4417, .T. ) ;
#6097 = CARTESIAN_POINT ( 'NONE',  ( -10.46709128650361720, 45.00000000000000000, 5.000000000000000000 ) ) ;
#6098 = AXIS2_PLACEMENT_3D ( 'NONE', #5203, #219, #4188 ) ;
#6099 = CARTESIAN_POINT ( 'NONE',  ( -12.33698375886569742, 24.08399059500366235, -4.983355963618929962 ) ) ;
#6100 = CARTESIAN_POINT ( 'NONE',  ( -7.499999999999991118, 4.999999999999997335, 11.82159041753689444 ) ) ;
#6101 = DIRECTION ( 'NONE',  ( 0.000000000000000000, 0.000000000000000000, -1.000000000000000000 ) ) ;
#6102 = CARTESIAN_POINT ( 'NONE',  ( 12.91417516161655321, 21.68490739939182887, -4.132232997017005971 ) ) ;
#6103 = EDGE_LOOP ( 'NONE', ( #940, #5828, #5103, #4017 ) ) ;
#6104 = CARTESIAN_POINT ( 'NONE',  ( 13.31584361320913779, 38.69885179934615849, 2.714791608787049615 ) ) ;
#6105 = CARTESIAN_POINT ( 'NONE',  ( -13.56075670573058112, 20.14052574833128872, 3.482515782705472240 ) ) ;
#6106 = CARTESIAN_POINT ( 'NONE',  ( -13.03374366503375192, 20.65608983831723577, -3.197575384630557682 ) ) ;
#6107 = CARTESIAN_POINT ( 'NONE',  ( 12.68901351627346763, 36.12423346042351113, -4.731651128555887986 ) ) ;
#6108 = CARTESIAN_POINT ( 'NONE',  ( 3.920549920908381392, 21.39552305918548214, 12.79281226053702269 ) ) ;
#6109 = ORIENTED_EDGE ( 'NONE', *, *, #7210, .F. ) ;
#6110 = B_SPLINE_CURVE_WITH_KNOTS ( 'NONE', 3,
 ( #7167, #2554, #3792, #6038, #4201, #4323, #7085, #1375, #3717, #810, #926, #3033, #305, #4361, #3157, #5924, #3637, #2038 ),
 .UNSPECIFIED., .F., .F.,
 ( 4, 2, 2, 2, 2, 2, 2, 2, 4 ),
 ( 0.000000000000000000, 0.001513101231944652706, 0.003026202463889305846, 0.004539303695833959637, 0.006052404927778613428, 0.007565506159723265484, 0.009078607391667919274, 0.01059170862361257133, 0.01210480985555722686 ),
 .UNSPECIFIED. ) ;
#6111 = AXIS2_PLACEMENT_3D ( 'NONE', #1023, #1691, #5080 ) ;
#6112 = CARTESIAN_POINT ( 'NONE',  ( 4.133445250852965991, 37.31330971617330050, -12.71128555221137546 ) ) ;
#6113 = CARTESIAN_POINT ( 'NONE',  ( 13.56386546622838551, 38.47156809334791916, -3.467380480305791046 ) ) ;
#6114 = CARTESIAN_POINT ( 'NONE',  ( -4.242281882313535313, 37.14756896793885943, 12.66791627514799501 ) ) ;
#6115 = CARTESIAN_POINT ( 'NONE',  ( 13.05253709908289217, 21.14822739461523682, 3.710209310816871664 ) ) ;
#6116 = VECTOR ( 'NONE', #3877, 1000.000000000000000 ) ;
#6117 = CARTESIAN_POINT ( 'NONE',  ( -13.25076436672376978, 37.85705582794464163, 4.518919828210124834 ) ) ;
#6118 = FACE_BOUND ( 'NONE', #605, .T. ) ;
#6119 = ORIENTED_EDGE ( 'NONE', *, *, #6533, .F. ) ;
#6120 = CARTESIAN_POINT ( 'NONE',  ( 12.93969966100913283, 21.57826202330392817, 4.058322401900224641 ) ) ;
#6121 = CARTESIAN_POINT ( 'NONE',  ( 9.499999999999994671, 4.000000000000000000, -21.34313483298442549 ) ) ;
#6122 = COLOUR_RGB ( '',0.7921568627450980005, 0.8196078431372548767, 0.9333333333333333481 ) ;
#6123 = DIRECTION ( 'NONE',  ( 0.000000000000000000, -1.000000000000000000, 0.000000000000000000 ) ) ;
#6124 = CARTESIAN_POINT ( 'NONE',  ( -4.367017851266282946, 36.93616438606713359, -12.61649916017889694 ) ) ;
#6125 = CARTESIAN_POINT ( 'NONE',  ( 4.442776316276319193, 36.79528082177496628, -12.58446503268415029 ) ) ;
#6126 = ORIENTED_EDGE ( 'NONE', *, *, #2034, .T. ) ;
#6127 = CARTESIAN_POINT ( 'NONE',  ( -4.289024604984843947, 38.12989638858488206, -13.32739205809756378 ) ) ;
#6128 = CARTESIAN_POINT ( 'NONE',  ( 13.74043619699521557, 19.99039150623590899, 2.687908148725687063 ) ) ;
#6129 = CARTESIAN_POINT ( 'NONE',  ( -3.762521629633873044, 21.19135020545387960, -10.97545589786139075 ) ) ;
#6130 = ORIENTED_EDGE ( 'NONE', *, *, #44, .T. ) ;
#6131 = CARTESIAN_POINT ( 'NONE',  ( 1.451206456989615884E-15, 45.00000000000000000, -11.85000000000001918 ) ) ;
#6132 = CARTESIAN_POINT ( 'NONE',  ( -4.894093393220440014, 23.47551211075677458, -12.38014579233137269 ) ) ;
#6133 = CARTESIAN_POINT ( 'NONE',  ( 4.983264626889136295, 24.08307934485626234, -12.33702870230449733 ) ) ;
#6134 = CARTESIAN_POINT ( 'NONE',  ( 12.64459601845798353, 23.23966511409761182, -4.839766324476380888 ) ) ;
#6135 = ADVANCED_FACE ( 'NONE', ( #6201 ), #469, .F. ) ;
#6136 = ORIENTED_EDGE ( 'NONE', *, *, #535, .T. ) ;
#6137 = CARTESIAN_POINT ( 'NONE',  ( 4.966636725105685102, 35.16572656481321957, 10.48321611854493440 ) ) ;
#6138 = CARTESIAN_POINT ( 'NONE',  ( 13.58616585654010755, 39.43249406156380132, 0.8229570500060100491 ) ) ;
#6139 = CARTESIAN_POINT ( 'NONE',  ( 12.96309276574491420, 23.64388720180490822, -5.287685325723725960 ) ) ;
#6140 = CARTESIAN_POINT ( 'NONE',  ( -12.89465438079399107, 21.06536421908403511, -3.634023472299188207 ) ) ;
#6141 = CARTESIAN_POINT ( 'NONE',  ( -12.32882844322075222, 34.58292121951704701, 5.000000000000000888 ) ) ;
#6142 = CARTESIAN_POINT ( 'NONE',  ( 3.775778906249958489, 21.22221119609588769, -12.84522969843482088 ) ) ;
#6143 = CARTESIAN_POINT ( 'NONE',  ( -2.352015372855623454, 38.91230030852407396, 13.24978018892595699 ) ) ;
#6144 = EDGE_CURVE ( 'NONE', #4724, #2369, #1936, .T. ) ;
#6145 = CARTESIAN_POINT ( 'NONE',  ( 3.836257342633655032, 21.29325217361975575, 12.82351753246254233 ) ) ;
#6146 = CARTESIAN_POINT ( 'NONE',  ( 2.854672119489193083, 20.39481803179142005, 13.12977379352218676 ) ) ;
#6147 = CARTESIAN_POINT ( 'NONE',  ( 12.93522635583605584, 34.67364980660264706, -5.355365744444002374 ) ) ;
#6148 = CARTESIAN_POINT ( 'NONE',  ( 1.614915759334810019, 39.23273802675883815, 13.38289089555150824 ) ) ;
#6149 = CARTESIAN_POINT ( 'NONE',  ( -3.021468446641583760, 39.16829146179404830, -13.67097601622316638 ) ) ;
#6150 = DIRECTION ( 'NONE',  ( 0.000000000000000000, 1.000000000000000000, 0.000000000000000000 ) ) ;
#6151 = ORIENTED_EDGE ( 'NONE', *, *, #3808, .F. ) ;
#6152 = CARTESIAN_POINT ( 'NONE',  ( 13.59988581010997422, 19.53281389520657640, 0.5733899484312129369 ) ) ;
#6153 = CARTESIAN_POINT ( 'NONE',  ( 3.385214507489689773, 13.21055770772147930, 11.10489273858813775 ) ) ;
#6154 = FACE_BOUND ( 'NONE', #7256, .T. ) ;
#6155 = CARTESIAN_POINT ( 'NONE',  ( -2.837454672577546688, 38.61697405514897952, -13.13425294058663617 ) ) ;
#6156 = CARTESIAN_POINT ( 'NONE',  ( 4.884684129105608008, 35.57067979534416224, 12.38465242237682595 ) ) ;
#6157 = CARTESIAN_POINT ( 'NONE',  ( 1.067859494714878510, 39.38481190454933767, -13.44887353666779184 ) ) ;
#6158 = CARTESIAN_POINT ( 'NONE',  ( 12.72968679037312434, 22.61138297503830685, 4.629639192508054002 ) ) ;
#6159 = DIRECTION ( 'NONE',  ( 0.000000000000000000, -1.000000000000000000, 0.000000000000000000 ) ) ;
#6160 = CARTESIAN_POINT ( 'NONE',  ( 13.99908263658519303, 19.29285228504565808, -0.1827971029191741148 ) ) ;
#6161 = CARTESIAN_POINT ( 'NONE',  ( 4.966686195781952584, 23.83658177978241355, 10.48318381948341838 ) ) ;
#6162 = CARTESIAN_POINT ( 'NONE',  ( 13.05796983994573246, 37.87120798042488445, 3.692556554409930580 ) ) ;
#6163 = CARTESIAN_POINT ( 'NONE',  ( 11.49044202593873365, 19.75829496590758083, 1.620219533437835535 ) ) ;
#6164 = DIRECTION ( 'NONE',  ( 0.000000000000000000, 0.000000000000000000, -1.000000000000000000 ) ) ;
#6165 = CARTESIAN_POINT ( 'NONE',  ( -8.000000000000005329, 4.000000000000000000, 19.84313483298444325 ) ) ;
#6166 = B_SPLINE_SURFACE_WITH_KNOTS ( 'NONE', 1, 3, ( 
 ( #4672, #5232, #1252, #1770, #3475, #6394, #4631, #2353, #1286, #3514, #222, #1873, #78, #2987, #655, #2318, #6955, #6317, #6423, #1174, #4116, #3439, #3554, #1212, #2915, #6911, #5839, #720, #4078, #1322, #186, #2423, #758, #5726, #616, #6536, #3060, #2654, #837, #3102, #1478, #2543, #3147, #3782, #6029, #3218, #7159, #5505, #6464, #3184, #3702, #4228, #1989, #1366, #6500, #5468, #5989, #2582, #883, #4384, #6722, #572, #3252, #540, #1021, #1583, #1620, #6160, #2237, #6199, #5544, #7367, #4484, #3919, #2795, #6235, #1136, #3882, #6652, #3956, #1547, #5011, #436, #1687, #5680, #3322, #2690, #1056, #4977, #1101, #5077, #4415, #3814, #6094, #2722, #983, #7299, #3393, #4945, #6128, #7264, #6757, #5612, #3285, #7229, #503, #6688, #2169, #2759, #5045, #7333, #1652, #175, #3466, #3506, #5188, #29, #1165, #4069, #4622, #2865, #1312, #607, #648, #2413, #2309, #4696, #4585, #6862, #1759, #4026, #5866, #711, #6980, #2828, #3429, #2943, #1244, #1796, #6308, #104, #5758, #6828, #1725, #5797, #6350, #6902, #5715, #3992, #1203, #5112, #2907, #5224, #681 ),
 ( #2272, #5151, #5830, #1863, #70, #140, #2345, #2379, #4550, #4662, #6383, #6943, #1832, #4106, #1279, #6417, #3544, #2977, #5261, #4141, #3577, #6610, #1505, #6451, #786, #4896, #3773, #7020, #746, #5941, #2017, #3092, #4734, #7107, #3010, #210, #285, #4777, #4298, #2606, #872, #4859, #6490, #247, #3615, #3691, #7184, #2448, #1900, #1353, #6527, #5900, #6021, #4180, #5376, #2057, #5978, #3049, #5335, #2485, #3138, #1431, #4822, #3738, #7147, #6568, #827, #1469, #7062, #1979, #1941, #1391, #3652, #4259, #5419, #4340, #2159, #6748, #5604, #1088, #6152, #3354, #6782, #493, #2714, #3806, #1573, #2787, #941, #4475, #1645, #4442, #3208, #5495, #5572, #1677, #4376, #3910, #2130, #2682, #461, #7289, #5639, #7323, #6646, #532, #3312, #5036, #6188, #7358, #2230, #5002, #390, #7222, #5068, #4508, #3242, #2750, #3843, #6120, #2643, #4936, #2195, #2098, #1539, #6053, #6714, #6085, #1614, #3875, #974, #5537, #1048, #428, #4971, #7258, #4407, #6675, #1013, #3276, #6972, #1750, #5215, #6298, #564, #2897, #3947, #1128, #3455, #599, #132, #4098, #4059, #674 ) ),
 .UNSPECIFIED., .F., .F., .F.,
 ( 2, 2 ),
 ( 4, 2, 2, 2, 2, 2, 2, 2, 2, 2, 2, 2, 2, 2, 2, 2, 2, 2, 2, 2, 2, 2, 2, 2, 2, 2, 2, 2, 2, 2, 2, 2, 2, 2, 2, 2, 2, 2, 2, 2, 2, 2, 2, 2, 2, 2, 2, 2, 2, 2, 2, 2, 2, 2, 2, 2, 2, 2, 2, 2, 2, 2, 2, 2, 2, 2, 2, 2, 2, 2, 2, 2, 2, 2, 2, 2, 4 ),
 ( 0.000000000000000000, 1.000000000000000000 ),
 ( 0.000000000000000000, 0.0005136795353273290819, 0.001027359070654658164, 0.001284198838318322596, 0.001412618722150154812, 0.001541038605981987246, 0.001669458489813819679, 0.001797878373645651895, 0.002054718141309316327, 0.002311557908972980760, 0.002568397676636645192, 0.002825237444300309625, 0.003082077211963974491, 0.003338916979627639357, 0.003595756747291303790, 0.003852596514954968222, 0.004109436282618632655, 0.004623115817945961520, 0.004879955585609625952, 0.005008375469441458602, 0.005136795353273290385, 0.005265215237105122167, 0.005393635120936954817, 0.005650474888600619250, 0.006164154423927948982, 0.006420994191591613415, 0.006677833959255278715, 0.006806253843087110497, 0.006934673726918943147, 0.007063093610750775797, 0.007191513494582607580, 0.007448353262246272012, 0.007705193029909936445, 0.007962032797573601745, 0.008218872565237265310, 0.008347292449069097092, 0.008475712332900928875, 0.008604132216732760657, 0.008668342158648676549, 0.008732552100564594175, 0.008860971984396427692, 0.008989391868228259475, 0.009246231635891923040, 0.009759911171219251905, 0.01001675093888291720, 0.01014517082271474899, 0.01027359070654658077, 0.01040201059037841255, 0.01053043047421024433, 0.01078727024187390963, 0.01130094977720123850, 0.01155778954486490380, 0.01168620942869673732, 0.01181462931252856910, 0.01194304919636040088, 0.01207146908019223266, 0.01232830884785589796, 0.01258514861551956326, 0.01284198838318322683, 0.01309882815084689213, 0.01335566791851055743, 0.01361250768617422099, 0.01374092757000605278, 0.01386934745383788629, 0.01399776733766971981, 0.01412618722150155159, 0.01438302698916521516, 0.01489670652449254402, 0.01515354629215620932, 0.01528196617598804111, 0.01541038605981987289, 0.01553880594365170641, 0.01566722582748353992, 0.01579564571131537171, 0.01592406559514720349, 0.01618090536281086705, 0.01643774513047453062 ),
 .UNSPECIFIED. ) ;
#6167 = CARTESIAN_POINT ( 'NONE',  ( -12.81855341052051322, 35.40508352399822201, -5.629058863155919745 ) ) ;
#6168 = CARTESIAN_POINT ( 'NONE',  ( 13.05796984020235207, 21.12879201865835554, -3.692556553573258515 ) ) ;
#6169 = CARTESIAN_POINT ( 'NONE',  ( -4.098150232047131247, 38.32639188207669179, -13.38692652296024299 ) ) ;
#6170 = CARTESIAN_POINT ( 'NONE',  ( 7.499999999999991118, 3.499999999999982236, 13.56465996626474713 ) ) ;
#6171 = CARTESIAN_POINT ( 'NONE',  ( -13.39908123065864665, 19.72960876500162897, -1.498366509588007434 ) ) ;
#6172 = EDGE_CURVE ( 'NONE', #6348, #5364, #7126, .T. ) ;
#6173 = CARTESIAN_POINT ( 'NONE',  ( -13.85397175711802653, 19.35522881545681173, -2.018765464496686590 ) ) ;
#6174 = CARTESIAN_POINT ( 'NONE',  ( 12.62609324499508112, 35.57164456412749587, -4.883981607671652014 ) ) ;
#6175 = CARTESIAN_POINT ( 'NONE',  ( 4.174120316762309102, 21.74739444449377856, -12.69519241595423686 ) ) ;
#6176 = CARTESIAN_POINT ( 'NONE',  ( 10.90179351812055764, 37.55891164576297570, -3.968443672026521707 ) ) ;
#6177 = CARTESIAN_POINT ( 'NONE',  ( 4.885899535055591159, 23.43715393759240939, 12.38406334771480921 ) ) ;
#6178 = CARTESIAN_POINT ( 'NONE',  ( -13.14430010083411560, 38.64336593875668768, 2.798679341092585648 ) ) ;
#6179 = CARTESIAN_POINT ( 'NONE',  ( -5.703703114510173755, 24.50000000000000711, 12.78545152826160169 ) ) ;
#6180 = CARTESIAN_POINT ( 'NONE',  ( 1.683889348827617951E-15, 45.00000000000000000, 13.75000000000005862 ) ) ;
#6181 = EDGE_CURVE ( 'NONE', #3090, #5449, #5190, .T. ) ;
#6182 = CARTESIAN_POINT ( 'NONE',  ( 13.30762358362764175, 37.54414566323568891, -4.348575566664403702 ) ) ;
#6183 = CARTESIAN_POINT ( 'NONE',  ( -1.309464140770335128, 39.32566259632101691, 13.42300906434765295 ) ) ;
#6184 = CARTESIAN_POINT ( 'NONE',  ( -0.1577780454736035509, 39.50020214636929694, -13.50009008622426343 ) ) ;
#6185 = CARTESIAN_POINT ( 'NONE',  ( 13.00419173462508482, 21.32605543507058599, 3.863430356611077698 ) ) ;
#6186 = CARTESIAN_POINT ( 'NONE',  ( -4.989640111671016065, 24.16770197930878794, 12.33391031146498662 ) ) ;
#6187 = ORIENTED_EDGE ( 'NONE', *, *, #6856, .T. ) ;
#6188 = CARTESIAN_POINT ( 'NONE',  ( 13.18885706921117773, 20.68813203799357581, 3.235944199063420346 ) ) ;
#6189 = CARTESIAN_POINT ( 'NONE',  ( 3.808833847989361754, 12.97874133387198370, 10.96518670649770932 ) ) ;
#6190 = CARTESIAN_POINT ( 'NONE',  ( -5.000000000000007105, 34.49999999999998579, 10.46709128650361009 ) ) ;
#6191 = CARTESIAN_POINT ( 'NONE',  ( -2.106334979721468326, 39.03486818314540585, -13.29974633399556794 ) ) ;
#6192 = B_SPLINE_CURVE_WITH_KNOTS ( 'NONE', 3,
 ( #4275, #4389, #6694, #1592, #6133, #6769, #6738, #3339, #4990, #1001, #2116, #2183, #1667, #5092, #416, #5559, #5026, #5591, #3866, #6664, #3266, #4396, #3300, #1558, #5627, #4496, #3828, #3230, #5522, #7277, #2667, #4429, #5661, #3931, #2701, #964, #6175, #481, #2148, #6211, #7347, #2735, #6, #4960, #2219, #518, #2774, #6702, #5056, #1602, #6142, #7242, #2249, #1034, #7310, #1634, #4465, #3897, #1115, #1073, #3376, #554, #2810, #6634, #1526, #6075, #2393, #1147, #6959, #6842, #5732, #2920, #3480, #1180, #6878, #83, #3406, #5696, #120, #5774, #1220, #588, #622, #190, #2323, #2358, #661, #5201, #47, #2841, #2879, #4529, #4601, #6919, #4636, #4083, #3970, #6361, #1844, #1704, #1775, #154, #4121, #1738, #1258, #4042, #6324, #6803, #6250, #692, #5125, #2284, #3520, #5810, #4564, #6398, #4008, #3444, #2955, #5235, #2993, #6287, #4676, #1291, #3558, #5844, #726, #5277, #5163, #5916, #4711, #2548, #4751, #259, #4194, #4232, #7121, #3066, #6580, #3151, #5349, #1916, #5312, #5392, #4874, #920, #3590, #1369, #842, #1405, #7077, #2461, #6469, #1994, #2501, #803, #4274, #1957, #3186, #5434, #5880, #4794, #1328, #6504, #1482, #7162, #3632, #4155, #6540, #3665, #5952, #2031, #336, #2586, #4315, #3108, #301, #765, #3750, #6033, #4835, #227, #1442, #3026, #5474, #3708, #5994, #887, #2427, #6994, #1877, #6427, #7034, #471, #2764, #1107, #7305, #4420, #5510, #3256, #2210, #2657, #1551, #6132, #6693, #4388, #2694, #5549, #4355, #6623, #4488 ),
 .UNSPECIFIED., .F., .F.,
 ( 4, 2, 2, 1, 2, 2, 1, 1, 2, 2, 2, 1, 2, 2, 2, 1, 1, 2, 2, 2, 1, 1, 2, 2, 2, 1, 1, 1, 2, 2, 2, 1, 2, 2, 1, 1, 2, 2, 2, 1, 1, 1, 2, 2, 2, 1, 1, 2, 2, 2, 1, 2, 2, 2, 1, 2, 2, 1, 2, 2, 1, 2, 2, 2, 2, 2, 2, 2, 2, 1, 2, 2, 1, 1, 2, 2, 2, 1, 2, 2, 2, 1, 1, 2, 2, 2, 1, 1, 2, 2, 1, 1, 1, 2, 2, 2, 1, 2, 2, 2, 1, 1, 2, 2, 2, 1, 1, 2, 2, 2, 1, 1, 2, 2, 2, 1, 2, 2, 2, 2, 2, 1, 2, 2, 2, 2, 4 ),
 ( 0.000000000000000000, 0.01562499999999530584, 0.03124999999999061168, 0.04687499999998591405, 0.05468749999998356870, 0.06249999999998122335, 0.07812499999997590816, 0.08593749999997359057, 0.08984374999997273015, 0.09374999999997186972, 0.1093749999999684697, 0.1171874999999670958, 0.1210937499999666794, 0.1249999999999662492, 0.1406249999999651945, 0.1484374999999649170, 0.1523437499999651112, 0.1542968749999649725, 0.1562499999999648337, 0.1718749999999610867, 0.1796874999999589495, 0.1835937499999578948, 0.1855468749999576172, 0.1874999999999573119, 0.2031249999999543421, 0.2109374999999526767, 0.2148437499999520384, 0.2167968749999516498, 0.2177734374999512612, 0.2187499999999508449, 0.2265624999999462652, 0.2304687499999439615, 0.2324218749999428513, 0.2343749999999417410, 0.2421874999999387434, 0.2460937499999374389, 0.2480468749999367728, 0.2499999999999361067, 0.2656249999999316103, 0.2734374999999293343, 0.2773437499999281686, 0.2792968749999276135, 0.2802734374999273914, 0.2812499999999271694, 0.2968749999999281131, 0.3046874999999283906, 0.3085937499999283351, 0.3105468749999281131, 0.3124999999999279465, 0.3281249999999275024, 0.3359374999999275024, 0.3398437499999272804, 0.3437499999999270583, 0.3593749999999260591, 0.3671874999999257816, 0.3710937499999254485, 0.3749999999999250599, 0.3906249999999234501, 0.3984374999999226730, 0.4062499999999218403, 0.4218749999999202860, 0.4296874999999195088, 0.4374999999999186762, 0.4531249999999171774, 0.4687499999999156231, 0.4999999999999125144, 0.5312499999999094058, 0.5468749999999078515, 0.5624999999999062972, 0.5781249999999047429, 0.5859374999999038547, 0.5937499999999030775, 0.6093749999999016342, 0.6171874999999009681, 0.6210937499999007461, 0.6249999999999006350, 0.6406249999998993028, 0.6484374999998988587, 0.6523437499998987477, 0.6562499999998985256, 0.6718749999998975264, 0.6796874999998969713, 0.6835937499998965272, 0.6855468749998963052, 0.6874999999998960831, 0.7031249999998946398, 0.7109374999998941957, 0.7148437499998939737, 0.7167968749998937517, 0.7187499999998936406, 0.7265624999998937517, 0.7304687499998937517, 0.7324218749998936406, 0.7333984374998935296, 0.7343749999998935296, 0.7421874999998965272, 0.7460937499998980815, 0.7480468749998986366, 0.7499999999998990807, 0.7656249999999041878, 0.7734374999999067413, 0.7773437499999080735, 0.7792968749999087397, 0.7812499999999095168, 0.7968749999999154010, 0.8046874999999183986, 0.8085937499999197309, 0.8105468749999205080, 0.8124999999999211742, 0.8281249999999249489, 0.8359374999999268363, 0.8398437499999277245, 0.8417968749999285016, 0.8437499999999292788, 0.8593749999999347189, 0.8671874999999376055, 0.8710937499999394928, 0.8749999999999412692, 0.8906249999999482636, 0.8984374999999517053, 0.9062499999999551470, 0.9218749999999620304, 0.9296874999999655831, 0.9374999999999691358, 0.9531249999999769074, 0.9687499999999846789, 1.000000000000000000 ),
 .UNSPECIFIED. ) ;
#6193 = CARTESIAN_POINT ( 'NONE',  ( -12.91879101381689843, 36.28715170209314067, 5.394998371509725388 ) ) ;
#6194 = CARTESIAN_POINT ( 'NONE',  ( -7.203724254300489681E-15, 34.50000000000000000, -22.79802623035600462 ) ) ;
#6195 = CARTESIAN_POINT ( 'NONE',  ( 2.079598625401974488, 39.04991643127424084, -13.30582717154891448 ) ) ;
#6196 = VERTEX_POINT ( 'NONE', #4143 ) ;
#6197 = CARTESIAN_POINT ( 'NONE',  ( 12.97510804157055375, 21.43739884612560687, 3.952639054677358210 ) ) ;
#6198 = CARTESIAN_POINT ( 'NONE',  ( 2.864371766497063376, 19.74300992945325106, 13.70408635373658690 ) ) ;
#6199 = CARTESIAN_POINT ( 'NONE',  ( 14.00001861940574521, 19.29047517471959594, 0.03780126326412121956 ) ) ;
#6200 = CARTESIAN_POINT ( 'NONE',  ( 5.000000000000003553, 24.16501768333182554, 10.46709128650362430 ) ) ;
#6201 = FACE_OUTER_BOUND ( 'NONE', #2446, .T. ) ;
#6202 = CARTESIAN_POINT ( 'NONE',  ( -2.023758545834242195, 39.64530749569882317, 13.85405657784772160 ) ) ;
#6203 = CARTESIAN_POINT ( 'NONE',  ( -7.499999999999991118, 3.667153101122015979, 13.37365826964792603 ) ) ;
#6204 = CARTESIAN_POINT ( 'NONE',  ( 12.74761938437630526, 22.50308473586537161, -4.583962911123136585 ) ) ;
#6205 = VECTOR ( 'NONE', #1198, 1000.000000000000000 ) ;
#6206 = CARTESIAN_POINT ( 'NONE',  ( 13.07263714346161798, 22.65393069125624237, -5.010706911570822264 ) ) ;
#6207 = AXIS2_PLACEMENT_3D ( 'NONE', #6989, #3586, #6281 ) ;
#6208 = CARTESIAN_POINT ( 'NONE',  ( -13.35503419095509869, 19.83277381405894957, 1.794436175722946780 ) ) ;
#6209 = CARTESIAN_POINT ( 'NONE',  ( -12.36075373155409629, 23.67713261335495645, 4.934553706097502435 ) ) ;
#6210 = CARTESIAN_POINT ( 'NONE',  ( -12.38465242238522812, 35.57067979541487546, 4.884684129091303006 ) ) ;
#6211 = CARTESIAN_POINT ( 'NONE',  ( 4.110833565453517302, 21.65290092517949816, -12.72023457256156931 ) ) ;
#6212 = CARTESIAN_POINT ( 'NONE',  ( 13.59579675012902555, 19.54312133927867379, -0.6603861873194978305 ) ) ;
#6213 = AXIS2_PLACEMENT_3D ( 'NONE', #2138, #3855, #3288 ) ;
#6214 = CARTESIAN_POINT ( 'NONE',  ( 0.000000000000000000, 0.000000000000000000, 0.000000000000000000 ) ) ;
#6215 = EDGE_CURVE ( 'NONE', #2369, #1461, #4804, .T. ) ;
#6216 = CARTESIAN_POINT ( 'NONE',  ( -11.32738555671951808, 20.16666469538799333, -2.515390429997502508 ) ) ;
#6217 = CARTESIAN_POINT ( 'NONE',  ( -12.97024241561820723, 38.16240835194356862, 3.404904219921364383 ) ) ;
#6218 = CARTESIAN_POINT ( 'NONE',  ( -5.479055640881011158, 22.96898268389843167, 12.88335488816705876 ) ) ;
#6219 = CARTESIAN_POINT ( 'NONE',  ( -4.961301192742332944, 12.12973575277490568, 13.09292992671358924 ) ) ;
#6220 = VECTOR ( 'NONE', #2224, 1000.000000000000000 ) ;
#6221 = CARTESIAN_POINT ( 'NONE',  ( 13.61430884522278184, 38.63152049965503210, -3.263716100692812372 ) ) ;
#6222 = FACE_OUTER_BOUND ( 'NONE', #3083, .T. ) ;
#6223 = EDGE_CURVE ( 'NONE', #646, #3620, #519, .T. ) ;
#6224 = CARTESIAN_POINT ( 'NONE',  ( -4.412969170215661485, 22.14929476375614570, 12.59706931276578956 ) ) ;
#6225 = ORIENTED_EDGE ( 'NONE', *, *, #2203, .T. ) ;
#6226 = CARTESIAN_POINT ( 'NONE',  ( -9.499999999999994671, 0.000000000000000000, -21.84313483298443970 ) ) ;
#6227 = FACE_OUTER_BOUND ( 'NONE', #4894, .T. ) ;
#6228 = CIRCLE ( 'NONE', #5040, 1.999999999999998224 ) ;
#6229 = CARTESIAN_POINT ( 'NONE',  ( -2.798679341096137918, 38.64336593875432158, -13.14430010083316880 ) ) ;
#6230 = ADVANCED_FACE ( 'NONE', ( #650 ), #6352, .F. ) ;
#6231 = CARTESIAN_POINT ( 'NONE',  ( 4.174120316769862171, 37.25260555549478170, 12.69519241595133963 ) ) ;
#6232 = CARTESIAN_POINT ( 'NONE',  ( 0.08885227179065265102, 39.49989233720860682, -13.49995197187728735 ) ) ;
#6233 = EDGE_LOOP ( 'NONE', ( #6373, #3567, #2933, #460 ) ) ;
#6234 = CARTESIAN_POINT ( 'NONE',  ( 4.980485467394956345, 21.81804585745693714, 13.08422580486367437 ) ) ;
#6235 = CARTESIAN_POINT ( 'NONE',  ( 13.99387164883247792, 19.30611349300830781, 0.4147921802564531468 ) ) ;
#6236 = DIRECTION ( 'NONE',  ( 0.000000000000000000, 8.673617379884041635E-17, -1.000000000000000000 ) ) ;
#6237 = CARTESIAN_POINT ( 'NONE',  ( 11.59980909496594315, 19.50044289999411262, -0.3375094791232434721 ) ) ;
#6238 = LINE ( 'NONE', #3369, #2985 ) ;
#6239 = CARTESIAN_POINT ( 'NONE',  ( -4.839343276956343587, 21.58767438803154803, -13.13709814253308927 ) ) ;
#6240 = CARTESIAN_POINT ( 'NONE',  ( -12.78545357248214387, 34.68243054243058054, -5.703698532174428237 ) ) ;
#6241 = FACE_OUTER_BOUND ( 'NONE', #5713, .T. ) ;
#6242 = CARTESIAN_POINT ( 'NONE',  ( 2.233428016741765276, 20.01441726912457142, -11.38713773090621473 ) ) ;
#6243 = ORIENTED_EDGE ( 'NONE', *, *, #4128, .F. ) ;
#6244 = CARTESIAN_POINT ( 'NONE',  ( 3.056625122786241544, 38.47012016982412064, 11.19346670880411487 ) ) ;
#6245 = CARTESIAN_POINT ( 'NONE',  ( 13.26901741076950714, 38.55999623386285435, 2.918366865520259257 ) ) ;
#6246 = CARTESIAN_POINT ( 'NONE',  ( -13.21253903057397672, 21.28608263436204950, -4.629492860615386007 ) ) ;
#6247 = CARTESIAN_POINT ( 'NONE',  ( -13.14927442024347748, 20.34361097758685233, 2.779301302207144442 ) ) ;
#6248 = CARTESIAN_POINT ( 'NONE',  ( -12.73957129686262491, 21.58218242024631550, 4.061159762149460839 ) ) ;
#6249 = CARTESIAN_POINT ( 'NONE',  ( -12.35251463379327497, 35.20345540460648692, 4.951491613405197612 ) ) ;
#6250 = CARTESIAN_POINT ( 'NONE',  ( -0.1703400657394739393, 19.50021003659006169, -13.49990682353130289 ) ) ;
#6251 = CARTESIAN_POINT ( 'NONE',  ( -3.920549921169069751, 37.60447694049751988, 12.79281226044048481 ) ) ;
#6252 = CARTESIAN_POINT ( 'NONE',  ( -12.32882838044701579, 34.66709439428969119, -4.999995113876629205 ) ) ;
#6253 = FACE_OUTER_BOUND ( 'NONE', #6754, .T. ) ;
#6254 = CARTESIAN_POINT ( 'NONE',  ( -10.69772623629941677, 22.27082156400013346, 4.487482645546898574 ) ) ;
#6255 = CARTESIAN_POINT ( 'NONE',  ( -13.03374366504618109, 38.34391016171682764, 3.197575384589533609 ) ) ;
#6256 = CARTESIAN_POINT ( 'NONE',  ( 4.999995113876631869, 24.33290560571026617, 12.32882838044696960 ) ) ;
#6257 = CARTESIAN_POINT ( 'NONE',  ( -5.953930690319380936, 11.08659322414745318, 12.67447328658989214 ) ) ;
#6258 = CARTESIAN_POINT ( 'NONE',  ( 13.31523040184448625, 38.69709131849611339, 2.717736405179257630 ) ) ;
#6259 = CARTESIAN_POINT ( 'NONE',  ( 3.756537396704786147, 37.80074594939386401, 12.85219483607875013 ) ) ;
#6260 = CARTESIAN_POINT ( 'NONE',  ( 13.00283960883369794, 21.33116171799956717, 3.867621115860501391 ) ) ;
#6261 = CARTESIAN_POINT ( 'NONE',  ( -3.563797875099086188, 20.99294333257870804, 12.91828201975082813 ) ) ;
#6262 = ORIENTED_EDGE ( 'NONE', *, *, #1585, .F. ) ;
#6263 = CARTESIAN_POINT ( 'NONE',  ( 13.28983208453768583, 37.46982001904184756, 4.402610886037099824 ) ) ;
#6264 = CARTESIAN_POINT ( 'NONE',  ( -18.50000000000000000, 0.000000000000000000, -1.750000000000000000 ) ) ;
#6265 = CARTESIAN_POINT ( 'NONE',  ( -3.554683097614854237, 38.80216104463908522, 13.54140589079207402 ) ) ;
#6266 = CARTESIAN_POINT ( 'NONE',  ( -13.26927361248402448, 21.07568893809730426, 4.464326232005089601 ) ) ;
#6267 = EDGE_CURVE ( 'NONE', #1205, #4970, #4671, .T. ) ;
#6268 = CARTESIAN_POINT ( 'NONE',  ( -1.535452211076181683, 39.25857531895424302, -13.39399478054922099 ) ) ;
#6269 = CARTESIAN_POINT ( 'NONE',  ( 4.857592969326042898, 35.68982059010009067, 12.39757199997174020 ) ) ;
#6270 = CARTESIAN_POINT ( 'NONE',  ( -3.592534665436448726, 37.97853837652176878, -12.90882221739414071 ) ) ;
#6271 = ORIENTED_EDGE ( 'NONE', *, *, #5315, .F. ) ;
#6272 = CARTESIAN_POINT ( 'NONE',  ( 4.934745586796466910, 21.74054615270768664, 13.10156010981402197 ) ) ;
#6273 = CARTESIAN_POINT ( 'NONE',  ( -5.479124338287452822, 11.62705568664249434, -12.88459145506222114 ) ) ;
#6274 = CARTESIAN_POINT ( 'NONE',  ( 10.48324463568336284, 23.83370510768634887, 4.966578255355234894 ) ) ;
#6275 = EDGE_CURVE ( 'NONE', #3689, #1345, #1798, .T. ) ;
#6276 = CARTESIAN_POINT ( 'NONE',  ( 4.480269576915460128, 22.27430119809966769, -12.56861858690739098 ) ) ;
#6277 = CARTESIAN_POINT ( 'NONE',  ( -5.426944984505229108, 22.80510781646027851, -12.90539287117089984 ) ) ;
#6278 = CARTESIAN_POINT ( 'NONE',  ( -13.87770253546188570, 39.70404384234494444, -1.855384530367101714 ) ) ;
#6279 = CARTESIAN_POINT ( 'NONE',  ( -24.00000000000000355, 24.50000000000000000, 0.000000000000000000 ) ) ;
#6280 = LINE ( 'NONE', #1659, #855 ) ;
#6281 = DIRECTION ( 'NONE',  ( 0.000000000000000000, 0.000000000000000000, -1.000000000000000000 ) ) ;
#6282 = FACE_OUTER_BOUND ( 'NONE', #671, .T. ) ;
#6283 = CARTESIAN_POINT ( 'NONE',  ( 13.40899728870791208, 21.05920123300832358, 4.026431122762408776 ) ) ;
#6284 = CARTESIAN_POINT ( 'NONE',  ( -13.17848589096282197, 20.26774025538585988, 2.662901581447206567 ) ) ;
#6285 = CARTESIAN_POINT ( 'NONE',  ( -12.58446503268419114, 22.20471917822503727, 4.442776316276324522 ) ) ;
#6286 = CARTESIAN_POINT ( 'NONE',  ( -12.65857047868287744, 37.10967645190076070, 4.265120868586351754 ) ) ;
#6287 = CARTESIAN_POINT ( 'NONE',  ( -1.794436175772522457, 19.83277381407817330, -13.35503419094647626 ) ) ;
#6288 = CARTESIAN_POINT ( 'NONE',  ( 13.46677423459099998, 19.87896050895962219, -1.909548892900085448 ) ) ;
#6289 = CARTESIAN_POINT ( 'NONE',  ( 10.48324463568336817, 35.16629489231365824, -4.966578255355234006 ) ) ;
#6290 = CARTESIAN_POINT ( 'NONE',  ( 4.718749163091461085, 22.84618619539747897, 12.46225512916078237 ) ) ;
#6291 = CARTESIAN_POINT ( 'NONE',  ( 12.91531029283870780, 37.32004622120410176, -4.129020182057434596 ) ) ;
#6292 = CARTESIAN_POINT ( 'NONE',  ( 0.9061354478496006504, 19.58210136607288732, 13.46344926528097297 ) ) ;
#6293 = LINE ( 'NONE', #3346, #1224 ) ;
#6294 = CARTESIAN_POINT ( 'NONE',  ( 12.60470849845369479, 35.32186213927899132, 4.934716277368557336 ) ) ;
#6295 = DIRECTION ( 'NONE',  ( -0.000000000000000000, -1.000000000000000000, -0.000000000000000000 ) ) ;
#6296 = CARTESIAN_POINT ( 'NONE',  ( -3.675245137617701108, 21.10969007501355321, 12.88048916269616662 ) ) ;
#6297 = ORIENTED_EDGE ( 'NONE', *, *, #2797, .F. ) ;
#6298 = CARTESIAN_POINT ( 'NONE',  ( 12.60613227855023055, 23.67264070767977557, 4.931248163703846998 ) ) ;
#6299 = CARTESIAN_POINT ( 'NONE',  ( 3.021112669822244801, 19.83145489039163678, 13.67106542988711304 ) ) ;
#6300 = CARTESIAN_POINT ( 'NONE',  ( -5.397017375377581416, 36.28152533023466475, 12.91794866760372251 ) ) ;
#6301 = SURFACE_STYLE_FILL_AREA ( #3460 ) ;
#6302 = DIRECTION ( 'NONE',  ( 0.000000000000000000, 1.000000000000000000, 0.000000000000000000 ) ) ;
#6303 = CARTESIAN_POINT ( 'NONE',  ( 4.667476213628452442, 36.29378422741808663, 12.48560775837148107 ) ) ;
#6304 = CARTESIAN_POINT ( 'NONE',  ( -2.074142272177565971, 39.05023444236057628, -13.30606350558342932 ) ) ;
#6305 = ORIENTED_EDGE ( 'NONE', *, *, #1077, .T. ) ;
#6306 = EDGE_CURVE ( 'NONE', #2529, #4058, #6419, .T. ) ;
#6307 = CARTESIAN_POINT ( 'NONE',  ( 3.768347205850498316, 20.36751964095742906, 13.48411256774211076 ) ) ;
#6308 = CARTESIAN_POINT ( 'NONE',  ( 12.98510016754705276, 23.38345834621769370, 5.233286314861244293 ) ) ;
#6309 = CARTESIAN_POINT ( 'NONE',  ( -1.135938862185735843E-13, 19.49999999999867129, 11.60000000000056808 ) ) ;
#6310 = CARTESIAN_POINT ( 'NONE',  ( -4.370954805476499282E-15, 24.49999999999999645, -22.79802623035600462 ) ) ;
#6311 = ORIENTED_EDGE ( 'NONE', *, *, #7111, .T. ) ;
#6312 = CARTESIAN_POINT ( 'NONE',  ( -1.629900805558031518, 19.22914890673865074, -13.90487342823278460 ) ) ;
#6313 = CARTESIAN_POINT ( 'NONE',  ( -14.00019226415722073, 40.00045772021938006, 0.3720904332908042678 ) ) ;
#6314 = CARTESIAN_POINT ( 'NONE',  ( 5.395471431783597893, 36.28581958059864832, 12.91859331152664403 ) ) ;
#6315 = EDGE_CURVE ( 'NONE', #875, #4286, #1596, .T. ) ;
#6316 = CARTESIAN_POINT ( 'NONE',  ( -4.629023732266728253, 37.71453872341653124, -13.21270344485243875 ) ) ;
#6317 = CARTESIAN_POINT ( 'NONE',  ( 13.11044579656031672, 22.41588216518254484, -4.910958155600362751 ) ) ;
#6318 = SURFACE_SIDE_STYLE ('',( #1771 ) ) ;
#6319 = B_SPLINE_CURVE_WITH_KNOTS ( 'NONE', 3,
 ( #468, #5506, #2105, #7300, #2723, #6095, #4516, #3815, #6129, #5650, #5545, #541, #437, #4978, #7265, #2137, #6062, #3920, #4385, #3364 ),
 .UNSPECIFIED., .F., .F.,
 ( 4, 2, 2, 2, 2, 2, 2, 2, 2, 4 ),
 ( 0.000000000000000000, 0.0009895708990820739279, 0.001979141798164147856, 0.002968712697246221350, 0.003958283596328295711, 0.004947854495410369639, 0.005937425394492442700, 0.006432210844033482700, 0.006926996293574520965, 0.007916567192656600097 ),
 .UNSPECIFIED. ) ;
#6320 = CARTESIAN_POINT ( 'NONE',  ( -13.34536915249272049, 19.85571325627236305, 1.852304963129651316 ) ) ;
#6321 = AXIS2_PLACEMENT_3D ( 'NONE', #3804, #1046, #3908 ) ;
#6322 = CARTESIAN_POINT ( 'NONE',  ( -12.38396570382938222, 23.43579399587169831, 4.886122869753433129 ) ) ;
#6323 = CARTESIAN_POINT ( 'NONE',  ( -12.77890952816417069, 37.55629289197610632, 3.957568218113729053 ) ) ;
#6324 = CARTESIAN_POINT ( 'NONE',  ( 0.3255932167302497127, 19.50783379949637819, -13.49648408309564651 ) ) ;
#6325 = CARTESIAN_POINT ( 'NONE',  ( 11.58575380954990841, 39.46720434668038280, -0.6596712276900700278 ) ) ;
#6326 = CARTESIAN_POINT ( 'NONE',  ( 4.839440520755166730, 23.23840767282360531, 12.40615633512256011 ) ) ;
#6327 = AXIS2_PLACEMENT_3D ( 'NONE', #2618, #4875, #4983 ) ;
#6328 = CIRCLE ( 'NONE', #1327, 24.00000000000000355 ) ;
#6329 = CARTESIAN_POINT ( 'NONE',  ( -13.18372039215645586, 38.74580256291192626, 2.641920017546915300 ) ) ;
#6330 = CARTESIAN_POINT ( 'NONE',  ( 13.05253709908143200, 37.85177260537921740, -3.710209310821894757 ) ) ;
#6331 = CARTESIAN_POINT ( 'NONE',  ( 0.4174432764730389156, 19.51677937368305749, 13.49248858780281957 ) ) ;
#6332 = CARTESIAN_POINT ( 'NONE',  ( 5.298471438572081915, 36.53804610222690030, -12.95869154602182149 ) ) ;
#6333 = CARTESIAN_POINT ( 'NONE',  ( 13.53154518868911182, 39.29217914065953465, 1.427134559171524986 ) ) ;
#6334 = CARTESIAN_POINT ( 'NONE',  ( 4.383590880285606950, 36.90537299642596736, 12.60949393166591292 ) ) ;
#6335 = CIRCLE ( 'NONE', #397, 2.250000000000015987 ) ;
#6336 = CIRCLE ( 'NONE', #1457, 23.49999999999998934 ) ;
#6337 = CARTESIAN_POINT ( 'NONE',  ( 13.26214964054961420, 20.46067567282919697, 2.947140127211919758 ) ) ;
#6338 = CARTESIAN_POINT ( 'NONE',  ( -3.838996741886285591, 21.29637042526798041, 12.82254934690768877 ) ) ;
#6339 = VERTEX_POINT ( 'NONE', #5265 ) ;
#6340 = EDGE_LOOP ( 'NONE', ( #538, #1939, #5177, #6787 ) ) ;
#6341 = CARTESIAN_POINT ( 'NONE',  ( 13.40862389131450350, 37.93763623883099712, 4.026473537913712875 ) ) ;
#6342 = CARTESIAN_POINT ( 'NONE',  ( -12.68809945276676565, 21.77447711823871757, -4.191937188881245113 ) ) ;
#6343 = CARTESIAN_POINT ( 'NONE',  ( 0.3234708200034718817, 39.99133866512736546, 13.99634306545853057 ) ) ;
#6344 = CARTESIAN_POINT ( 'NONE',  ( -13.32778963560510377, 20.87058512495781315, 4.286517685944709832 ) ) ;
#6345 = APPLICATION_PROTOCOL_DEFINITION ( 'draft international standard', 'automotive_design', 1998, #1406 ) ;
#6346 = AXIS2_PLACEMENT_3D ( 'NONE', #4030, #6386, #4071 ) ;
#6347 = CARTESIAN_POINT ( 'NONE',  ( -4.865803874062702761, 35.65356633487542126, -12.39365093232149739 ) ) ;
#6348 = VERTEX_POINT ( 'NONE', #2416 ) ;
#6349 = FACE_OUTER_BOUND ( 'NONE', #531, .T. ) ;
#6350 = CARTESIAN_POINT ( 'NONE',  ( 12.95621324616443992, 23.76634355756053907, 5.304393435362684706 ) ) ;
#6351 = CARTESIAN_POINT ( 'NONE',  ( -6.092146533675117048, 10.88112485969497634, -12.60588784447600652 ) ) ;
#6352 = CYLINDRICAL_SURFACE ( 'NONE', #5637, 5.000000000000006217 ) ;
#6353 = EDGE_LOOP ( 'NONE', ( #6415, #5525, #7322, #7118, #6984, #5035, #1977 ) ) ;
#6354 = CARTESIAN_POINT ( 'NONE',  ( -5.396995604611278807, 36.28160057635633251, 12.91795765313389488 ) ) ;
#6355 = CARTESIAN_POINT ( 'NONE',  ( -5.481982651196926959, 22.97871163223215518, -12.88210987413217445 ) ) ;
#6356 = CARTESIAN_POINT ( 'NONE',  ( 3.480701565916521467, 38.86080433867977746, 13.56122155674500895 ) ) ;
#6357 = VECTOR ( 'NONE', #1473, 1000.000000000000000 ) ;
#6358 = FACE_OUTER_BOUND ( 'NONE', #5763, .T. ) ;
#6359 = CARTESIAN_POINT ( 'NONE',  ( -13.30597309140156348, 19.94997650658614674, 2.074578311655876917 ) ) ;
#6360 = CARTESIAN_POINT ( 'NONE',  ( -12.56871297596166670, 22.27712439436592362, 4.479445552867576730 ) ) ;
#6361 = CARTESIAN_POINT ( 'NONE',  ( 1.378850487498674227, 19.69316005455395313, -13.41481708061634315 ) ) ;
#6362 = ADVANCED_FACE ( 'NONE', ( #31 ), #3850, .T. ) ;
#6363 = CARTESIAN_POINT ( 'NONE',  ( -12.48209869952360940, 36.27443790146354274, -4.675266985663465213 ) ) ;
#6364 = CARTESIAN_POINT ( 'NONE',  ( -13.49609145639709595, 39.49129534462240798, -0.3369661027522787844 ) ) ;
#6365 = CARTESIAN_POINT ( 'NONE',  ( 12.65248010308071258, 35.82814954134938290, -4.820688253198579964 ) ) ;
#6366 = CARTESIAN_POINT ( 'NONE',  ( -1.846618629337088535, 19.85276152017681994, 13.34657716478095679 ) ) ;
#6367 = CARTESIAN_POINT ( 'NONE',  ( 0.1879400664666992515, 39.99776147043787944, -13.99905282046316657 ) ) ;
#6368 = CARTESIAN_POINT ( 'NONE',  ( 13.33029371721799272, 38.74090976210302983, 2.648839576189887079 ) ) ;
#6369 = DIRECTION ( 'NONE',  ( 0.000000000000000000, 0.000000000000000000, 1.000000000000000000 ) ) ;
#6370 = LINE ( 'NONE', #7047, #3700 ) ;
#6371 = CARTESIAN_POINT ( 'NONE',  ( -4.407415215634539862, 22.13890262100987627, 12.59942132554005312 ) ) ;
#6372 = ORIENTED_EDGE ( 'NONE', *, *, #6992, .T. ) ;
#6373 = ORIENTED_EDGE ( 'NONE', *, *, #2806, .F. ) ;
#6374 = CARTESIAN_POINT ( 'NONE',  ( 12.96310737290252924, 35.35629446822839128, 5.287649552470253589 ) ) ;
#6375 = CARTESIAN_POINT ( 'NONE',  ( 4.631255728406176608, 21.28842224785293169, 13.21192329824238065 ) ) ;
#6376 = CARTESIAN_POINT ( 'NONE',  ( -4.099381769780402252, 38.32515787211002589, 13.38654822533801436 ) ) ;
#6377 = CARTESIAN_POINT ( 'NONE',  ( 3.370175340068925163, 38.93742329717827744, -13.58835512833718084 ) ) ;
#6378 = DIRECTION ( 'NONE',  ( 0.000000000000000000, 1.000000000000000000, 0.000000000000000000 ) ) ;
#6379 = CARTESIAN_POINT ( 'NONE',  ( -7.499999999999992006, 45.00000000000000000, 8.849293757131135862 ) ) ;
#6380 = CARTESIAN_POINT ( 'NONE',  ( 0.5808991521648577683, 39.46682019747778725, -13.48516943281773628 ) ) ;
#6381 = ORIENTED_EDGE ( 'NONE', *, *, #6181, .F. ) ;
#6382 = CARTESIAN_POINT ( 'NONE',  ( -1.484806420479561462, 19.18656704524872936, 13.92220683203126086 ) ) ;
#6383 = CARTESIAN_POINT ( 'NONE',  ( 12.66347156213169001, 23.07903442195925692, -4.794012688445141279 ) ) ;
#6384 = CARTESIAN_POINT ( 'NONE',  ( -24.00000000000000355, 24.50000000000000000, -5.000000000000000000 ) ) ;
#6385 = CARTESIAN_POINT ( 'NONE',  ( 12.76664035652339457, 36.60609678772972586, 4.534976456711673265 ) ) ;
#6386 = DIRECTION ( 'NONE',  ( -0.000000000000000000, 1.000000000000000000, -0.000000000000000000 ) ) ;
#6387 = ORIENTED_EDGE ( 'NONE', *, *, #2388, .T. ) ;
#6388 = CARTESIAN_POINT ( 'NONE',  ( 1.974811416669447039, 13.75233592757103729, 13.86864744115162118 ) ) ;
#6389 = CARTESIAN_POINT ( 'NONE',  ( -4.686389991307220448, 21.36368608662187896, -13.19245092321893509 ) ) ;
#6390 = CARTESIAN_POINT ( 'NONE',  ( -5.000000000000007105, 34.49999999999998579, -12.32882846293106915 ) ) ;
#6391 = CARTESIAN_POINT ( 'NONE',  ( -13.05919771033391186, 38.41495623610929044, 3.111229949161825381 ) ) ;
#6392 = CARTESIAN_POINT ( 'NONE',  ( -10.14772727272726094, 4.000000000000000000, -21.19607584432427672 ) ) ;
#6393 = CARTESIAN_POINT ( 'NONE',  ( -5.396869404841534212, 36.28868391670797422, -12.91810128357445642 ) ) ;
#6394 = CARTESIAN_POINT ( 'NONE',  ( 12.98407065148452944, 23.39247256915455964, -5.235862345368217596 ) ) ;
#6395 = CARTESIAN_POINT ( 'NONE',  ( 13.61464634015715269, 20.36622754430157300, 3.265087854129461675 ) ) ;
#6396 = CARTESIAN_POINT ( 'NONE',  ( -12.49499534280868573, 22.65203592483169714, 4.646744365620945061 ) ) ;
#6397 = CARTESIAN_POINT ( 'NONE',  ( -12.36235163672391479, 23.67190592424520190, -4.931124666855682293 ) ) ;
#6398 = CARTESIAN_POINT ( 'NONE',  ( -1.187105691632326820, 19.64172905854372431, -13.43720889798606777 ) ) ;
#6399 = CARTESIAN_POINT ( 'NONE',  ( -13.48061906389669851, 39.45660806407617827, -0.6624177602565434198 ) ) ;
#6400 = CARTESIAN_POINT ( 'NONE',  ( 12.76039431518561962, 36.57188621964861852, -4.551255670569637424 ) ) ;
#6401 = EDGE_CURVE ( 'NONE', #4067, #5536, #3579, .T. ) ;
#6402 = CARTESIAN_POINT ( 'NONE',  ( -4.363776925323199052, 22.05886866554117276, 12.61780855713344351 ) ) ;
#6403 = FACE_OUTER_BOUND ( 'NONE', #94, .T. ) ;
#6404 = CARTESIAN_POINT ( 'NONE',  ( 13.60697461065709568, 39.48503591250518951, -0.3871061618825876183 ) ) ;
#6405 = CARTESIAN_POINT ( 'NONE',  ( 0.8997072180959029275, 39.41909219734684910, 13.46397707462115356 ) ) ;
#6406 = DIRECTION ( 'NONE',  ( 0.000000000000000000, -0.7071067811865524577, -0.7071067811865426878 ) ) ;
#6407 = ORIENTED_EDGE ( 'NONE', *, *, #6306, .F. ) ;
#6408 = EDGE_CURVE ( 'NONE', #2793, #4058, #451, .T. ) ;
#6409 = CARTESIAN_POINT ( 'NONE',  ( 2.239676352578439555, 38.97066475825830167, -13.27340801964286321 ) ) ;
#6410 = CARTESIAN_POINT ( 'NONE',  ( 4.285234809871802497, 38.13082022920990255, 13.32820183219523891 ) ) ;
#6411 = CARTESIAN_POINT ( 'NONE',  ( -13.92015731840523785, 19.19177160475458876, 1.493758939610279057 ) ) ;
#6412 =( NAMED_UNIT ( * ) SI_UNIT ( $, .STERADIAN. ) SOLID_ANGLE_UNIT ( ) );
#6413 = CARTESIAN_POINT ( 'NONE',  ( -12.84263088824931032, 35.67062650294248272, -5.573798846018060082 ) ) ;
#6414 = CARTESIAN_POINT ( 'NONE',  ( -10.58852698258902159, 36.12628211996988625, -4.739403280991993483 ) ) ;
#6415 = ORIENTED_EDGE ( 'NONE', *, *, #3079, .T. ) ;
#6416 = CARTESIAN_POINT ( 'NONE',  ( -4.345338910893555173, 20.93622254460033361, 13.30871208603376665 ) ) ;
#6417 = CARTESIAN_POINT ( 'NONE',  ( 12.71138175140881543, 22.72703862608663883, -4.675828788347337728 ) ) ;
#6418 = CARTESIAN_POINT ( 'NONE',  ( -7.008452218804955614, 9.181567730852910003, -12.11995680617094351 ) ) ;
#6419 = LINE ( 'NONE', #5226, #6711 ) ;
#6420 = ORIENTED_EDGE ( 'NONE', *, *, #1301, .T. ) ;
#6421 = CARTESIAN_POINT ( 'NONE',  ( -1.304164582842234799, 39.85735983446905095, 13.94034954709529117 ) ) ;
#6422 = CARTESIAN_POINT ( 'NONE',  ( 3.327365498151764633, 20.03196965641458505, -13.59906280377224519 ) ) ;
#6423 = CARTESIAN_POINT ( 'NONE',  ( 13.12373449485286692, 22.33833286885633385, -4.875365115743115041 ) ) ;
#6424 = CARTESIAN_POINT ( 'NONE',  ( 0.000000000000000000, 45.00000000000000000, 0.000000000000000000 ) ) ;
#6425 = CARTESIAN_POINT ( 'NONE',  ( -12.68425347630506472, 21.78849851040611796, 4.201821230798064022 ) ) ;
#6426 = CARTESIAN_POINT ( 'NONE',  ( -13.30606350558346485, 19.94976555763942372, -2.074142272177545987 ) ) ;
#6427 = CARTESIAN_POINT ( 'NONE',  ( -4.598940812185863258, 22.53782541333378830, -12.51632130457026371 ) ) ;
#6428 = CARTESIAN_POINT ( 'NONE',  ( 13.25638622694124180, 20.47819702628033411, -2.970768941727503609 ) ) ;
#6429 = CARTESIAN_POINT ( 'NONE',  ( -13.27703707854274029, 38.98006685220514811, -2.226058449136644857 ) ) ;
#6430 = CARTESIAN_POINT ( 'NONE',  ( 12.99733445715682301, 37.64797907598551063, -3.884640078686357967 ) ) ;
#6431 = CARTESIAN_POINT ( 'NONE',  ( -0.8196811705556505956, 19.56695404817262940, 13.47015723515029251 ) ) ;
#6432 = CARTESIAN_POINT ( 'NONE',  ( 3.330003930698159031, 38.96890863302760977, -13.59912592978138157 ) ) ;
#6433 = CARTESIAN_POINT ( 'NONE',  ( 3.733008689791871060, 37.82637547620444707, 12.86033923437541304 ) ) ;
#6434 = CONICAL_SURFACE ( 'NONE', #5972, 24.00000000000000355, 0.7853981633974482790 ) ;
#6435 = CARTESIAN_POINT ( 'NONE',  ( 10.48315697568511418, 35.16287051458258617, 4.966741162160685619 ) ) ;
#6436 = CARTESIAN_POINT ( 'NONE',  ( 1.911454544401809397, 19.87974842960910138, 13.33527210753334558 ) ) ;
#6437 = ORIENTED_EDGE ( 'NONE', *, *, #2575, .F. ) ;
#6438 = CARTESIAN_POINT ( 'NONE',  ( 3.059771721776836095, 38.45486874232545915, -13.07379436638202819 ) ) ;
#6439 = CARTESIAN_POINT ( 'NONE',  ( 13.69383206404363840, 38.87293057670147078, 2.912110216443919430 ) ) ;
#6440 = VECTOR ( 'NONE', #2032, 1000.000000000000000 ) ;
#6441 = CARTESIAN_POINT ( 'NONE',  ( -4.999995113876643416, 34.66709439428970541, 12.32882838044696960 ) ) ;
#6442 = AXIS2_PLACEMENT_3D ( 'NONE', #5723, #1840, #112 ) ;
#6443 = CARTESIAN_POINT ( 'NONE',  ( 0.6626552606837672332, 39.96350174304154734, -13.98461992168038748 ) ) ;
#6444 = CARTESIAN_POINT ( 'NONE',  ( -5.000000000000010658, 24.50000000000000000, -12.32882846293107271 ) ) ;
#6445 = ADVANCED_FACE ( 'NONE', ( #1433 ), #5302, .F. ) ;
#6446 = DIRECTION ( 'NONE',  ( 0.000000000000000000, 1.000000000000000000, 0.000000000000000000 ) ) ;
#6447 = CARTESIAN_POINT ( 'NONE',  ( -11.54396671325605261, 39.36867962198721926, -1.150312294984983108 ) ) ;
#6448 = AXIS2_PLACEMENT_3D ( 'NONE', #3515, #1213, #5196 ) ;
#6449 = ORIENTED_EDGE ( 'NONE', *, *, #4369, .T. ) ;
#6450 = CARTESIAN_POINT ( 'NONE',  ( 1.356128664617169299, 19.15752774137235193, 13.93423987403175701 ) ) ;
#6451 = CARTESIAN_POINT ( 'NONE',  ( 12.87525197543213018, 21.85337715550318194, -4.242873121848152351 ) ) ;
#6452 = CARTESIAN_POINT ( 'NONE',  ( -3.905196063649753135, 20.48741252951608161, 13.44499663422289792 ) ) ;
#6453 = CARTESIAN_POINT ( 'NONE',  ( 12.91417516157584089, 37.31509260043633702, 4.132232997133958641 ) ) ;
#6454 = CARTESIAN_POINT ( 'NONE',  ( -5.396991814157960476, 22.71838871692117934, -12.91795923787730693 ) ) ;
#6455 = ORIENTED_EDGE ( 'NONE', *, *, #7011, .T. ) ;
#6456 = CARTESIAN_POINT ( 'NONE',  ( 4.839343276956328488, 37.41232561196846262, -13.13709814253309283 ) ) ;
#6457 = CIRCLE ( 'NONE', #3841, 11.85000000000001918 ) ;
#6458 = CARTESIAN_POINT ( 'NONE',  ( 12.81509842946019440, 24.50000000000000711, 5.238401598838205331 ) ) ;
#6459 = CARTESIAN_POINT ( 'NONE',  ( 2.366058347551275087, 19.49474254781580385, -13.79888044465191932 ) ) ;
#6460 = EDGE_CURVE ( 'NONE', #5638, #2035, #4254, .T. ) ;
#6461 = CARTESIAN_POINT ( 'NONE',  ( -5.786269878411362791E-15, 14.00000000000000000, -11.59999999999999964 ) ) ;
#6462 = VECTOR ( 'NONE', #5581, 1000.000000000000000 ) ;
#6463 = CARTESIAN_POINT ( 'NONE',  ( -12.42184610739282746, 35.88166670485143328, -4.806041646966082936 ) ) ;
#6464 = CARTESIAN_POINT ( 'NONE',  ( 13.82280712558436164, 19.75856406134755261, -2.226309217073257685 ) ) ;
#6465 = CARTESIAN_POINT ( 'NONE',  ( 12.96309276574183755, 35.35611279817072017, 5.287685325731342978 ) ) ;
#6466 =( NAMED_UNIT ( * ) SI_UNIT ( $, .STERADIAN. ) SOLID_ANGLE_UNIT ( ) );
#6467 = CARTESIAN_POINT ( 'NONE',  ( -12.45612845991022155, 22.88478174628962236, 4.732093756825359598 ) ) ;
#6468 = CARTESIAN_POINT ( 'NONE',  ( -12.64325777577638021, 21.95237545888481989, -4.302474751766710348 ) ) ;
#6469 = CARTESIAN_POINT ( 'NONE',  ( -3.345601216908864473, 20.78422527384854490, -12.98870409699094886 ) ) ;
#6470 = AXIS2_PLACEMENT_3D ( 'NONE', #5184, #6897, #170 ) ;
#6471 = CARTESIAN_POINT ( 'NONE',  ( 13.10909757727654146, 20.95070404046638757, -3.521726604564680674 ) ) ;
#6472 = CARTESIAN_POINT ( 'NONE',  ( -13.10305694721427727, 38.53402152937066916, -2.954374791611400486 ) ) ;
#6473 = CARTESIAN_POINT ( 'NONE',  ( -13.16642807376803681, 38.70126168210073558, 2.712323981154335151 ) ) ;
#6474 = CARTESIAN_POINT ( 'NONE',  ( 13.29668287967353457, 38.64253384656897339, -2.799976941323714552 ) ) ;
#6475 = CARTESIAN_POINT ( 'NONE',  ( 5.656846734249227460, 35.22651150423864408, -12.80626813905142924 ) ) ;
#6476 = LINE ( 'NONE', #5887, #289 ) ;
#6477 = CARTESIAN_POINT ( 'NONE',  ( 13.60873565678211605, 39.48946359087086222, 0.3346638630660285219 ) ) ;
#6478 = CARTESIAN_POINT ( 'NONE',  ( -1.067859494714901158, 19.61518809545065878, -13.44887353666779006 ) ) ;
#6479 = CARTESIAN_POINT ( 'NONE',  ( 0.6615497669387591095, 39.45672454455888811, -13.48066893232119767 ) ) ;
#6480 = CARTESIAN_POINT ( 'NONE',  ( 0.8179480077999826682, 39.43333421259102067, 13.47028253314200619 ) ) ;
#6481 = CARTESIAN_POINT ( 'NONE',  ( -1.728604064231621162, 19.80705446708170214, 13.36589894167951442 ) ) ;
#6482 = EDGE_LOOP ( 'NONE', ( #1065, #7060, #1861, #807, #3179, #4780, #6187 ) ) ;
#6483 = CARTESIAN_POINT ( 'NONE',  ( 13.70932368565493498, 38.91858481610955067, 2.838285853198766251 ) ) ;
#6484 = CARTESIAN_POINT ( 'NONE',  ( 4.931696440389196745, 37.26344542768693913, 13.10263265623420281 ) ) ;
#6485 = CARTESIAN_POINT ( 'NONE',  ( -13.13845946629018258, 21.58195463077951359, -4.835651939563308410 ) ) ;
#6486 = CARTESIAN_POINT ( 'NONE',  ( -13.19245092321894575, 37.63631391337808907, -4.686389991307185809 ) ) ;
#6487 = FACE_OUTER_BOUND ( 'NONE', #1502, .T. ) ;
#6488 = VERTEX_POINT ( 'NONE', #4862 ) ;
#6489 = CARTESIAN_POINT ( 'NONE',  ( -3.549106390198398575, 20.19354851404206386, 13.54287147602694219 ) ) ;
#6490 = CARTESIAN_POINT ( 'NONE',  ( 13.31523040184448092, 20.30290868150389016, -2.717736405179261183 ) ) ;
#6491 = CARTESIAN_POINT ( 'NONE',  ( -4.943852596187324089, 21.73361237029077486, 13.09989799720727177 ) ) ;
#6492 = ADVANCED_FACE ( 'NONE', ( #4737 ), #213, .T. ) ;
#6493 = CARTESIAN_POINT ( 'NONE',  ( -7.836746053639396692, 3.836746053639391807, 12.98450044861821340 ) ) ;
#6494 = VERTEX_POINT ( 'NONE', #2019 ) ;
#6495 = CARTESIAN_POINT ( 'NONE',  ( 8.000000000000008882, 4.000000000000000000, -12.99038105676656762 ) ) ;
#6496 = CARTESIAN_POINT ( 'NONE',  ( 2.862991920204866148, 19.73971211462807673, -13.70514701348431075 ) ) ;
#6497 = CARTESIAN_POINT ( 'NONE',  ( -12.90882221739418512, 37.97853837652175457, 3.592534665436430963 ) ) ;
#6498 = CARTESIAN_POINT ( 'NONE',  ( 3.056015166360552371, 38.47083124262385923, -11.19369903204741767 ) ) ;
#6499 = CARTESIAN_POINT ( 'NONE',  ( -12.51323822058967039, 36.44587278695894383, -4.605869013919216215 ) ) ;
#6500 = CARTESIAN_POINT ( 'NONE',  ( 13.92089383006194758, 19.49495251368501414, -1.486792799369306195 ) ) ;
#6501 = EDGE_CURVE ( 'NONE', #4507, #474, #2825, .T. ) ;
#6502 = CARTESIAN_POINT ( 'NONE',  ( 4.979662303810960644, 21.81660456122577685, -13.08453988145863711 ) ) ;
#6503 = CARTESIAN_POINT ( 'NONE',  ( -13.48061906389669851, 19.54339193592381818, 0.6624177602565473055 ) ) ;
#6504 = CARTESIAN_POINT ( 'NONE',  ( -3.649020368487846167, 21.08075893230385844, -12.88965255406388799 ) ) ;
#6505 = CARTESIAN_POINT ( 'NONE',  ( -13.49647389307612677, 39.49212649247933626, 0.2835621117645396039 ) ) ;
#6506 = ORIENTED_EDGE ( 'NONE', *, *, #4766, .F. ) ;
#6507 = CARTESIAN_POINT ( 'NONE',  ( -12.94591804161325932, 38.09030909138265741, -3.480018184856521035 ) ) ;
#6508 = CARTESIAN_POINT ( 'NONE',  ( 13.10409289291728108, 38.03222615383153027, -3.538838834861784299 ) ) ;
#6509 = CARTESIAN_POINT ( 'NONE',  ( 5.397017375377570758, 36.28152533023468607, -12.91794866760372074 ) ) ;
#6510 = CARTESIAN_POINT ( 'NONE',  ( -12.78545357248214565, 24.31756945756938038, 5.703698532174432678 ) ) ;
#6511 = CARTESIAN_POINT ( 'NONE',  ( -12.53772155983833869, 22.42683381166675005, -4.550670471879135981 ) ) ;
#6512 = CARTESIAN_POINT ( 'NONE',  ( 13.60413553546642973, 39.47789295223355310, -0.4701218411658569241 ) ) ;
#6513 = CARTESIAN_POINT ( 'NONE',  ( -1.027468082397426707, 19.60653381413742480, -13.45268050123680936 ) ) ;
#6514 = CARTESIAN_POINT ( 'NONE',  ( 3.468797687914114469, 38.10226402880898888, 12.94980138871273034 ) ) ;
#6515 = CARTESIAN_POINT ( 'NONE',  ( 13.29331237434491975, 20.36744413501789097, 2.814671746411347542 ) ) ;
#6516 = CARTESIAN_POINT ( 'NONE',  ( -18.50000000000000000, 0.000000000000000000, -1.750000000000000000 ) ) ;
#6517 = CARTESIAN_POINT ( 'NONE',  ( -1.535452211153304436, 19.74142468107044124, 13.39399478053787895 ) ) ;
#6518 = VERTEX_POINT ( 'NONE', #6190 ) ;
#6519 = ORIENTED_EDGE ( 'NONE', *, *, #5273, .T. ) ;
#6520 = CARTESIAN_POINT ( 'NONE',  ( 5.632798964051831447, 35.36574385823350042, 12.81684968103182776 ) ) ;
#6521 = CARTESIAN_POINT ( 'NONE',  ( -13.99895140326643883, 19.00248125645653019, 0.1953067770656458368 ) ) ;
#6522 = CARTESIAN_POINT ( 'NONE',  ( -2.534690903196578748, 39.42789538011037109, -13.76890250540220073 ) ) ;
#6523 = CARTESIAN_POINT ( 'NONE',  ( -13.54140589079208468, 38.80216104463905680, -3.554683097614816933 ) ) ;
#6524 = CARTESIAN_POINT ( 'NONE',  ( -10.76381254596937609, 37.01380665080539245, 4.325194241191676170 ) ) ;
#6525 = VERTEX_POINT ( 'NONE', #7223 ) ;
#6526 = CARTESIAN_POINT ( 'NONE',  ( -0.08702738911929912280, 18.99989072753343677, 14.00004637111815953 ) ) ;
#6527 = CARTESIAN_POINT ( 'NONE',  ( 13.48673868718754143, 19.82556625735577427, -1.776610990561376946 ) ) ;
#6528 = CARTESIAN_POINT ( 'NONE',  ( -1.489947715080819357, 19.18789269202216019, 13.92166268927797113 ) ) ;
#6529 = CARTESIAN_POINT ( 'NONE',  ( -4.550259204778925870, 36.57881145346656382, -10.67051050939733869 ) ) ;
#6530 = ORIENTED_EDGE ( 'NONE', *, *, #2668, .T. ) ;
#6531 = CARTESIAN_POINT ( 'NONE',  ( -1.488505602796625249, 39.81254773648754508, 13.92183528198479792 ) ) ;
#6532 = CARTESIAN_POINT ( 'NONE',  ( -5.000000000000010658, 24.50000000000000000, -12.32882846293107271 ) ) ;
#6533 = EDGE_CURVE ( 'NONE', #646, #2369, #4938, .T. ) ;
#6534 = CARTESIAN_POINT ( 'NONE',  ( -1.306897287389237050, 39.32900569792761303, 11.52724420843802200 ) ) ;
#6535 = CARTESIAN_POINT ( 'NONE',  ( 5.703703114510171979, 24.50000000000001421, 12.78545152826160347 ) ) ;
#6536 = CARTESIAN_POINT ( 'NONE',  ( 13.59638027628565204, 20.42443739063947206, -3.338144766968634602 ) ) ;
#6537 = CARTESIAN_POINT ( 'NONE',  ( 13.99651059443189105, 39.70063049556982548, 0.3584376350420185875 ) ) ;
#6538 = CARTESIAN_POINT ( 'NONE',  ( 0.000000000000000000, 45.00000000000000000, -13.75000000000005862 ) ) ;
#6539 = CARTESIAN_POINT ( 'NONE',  ( -12.39365093232155246, 23.34643366512457519, -4.865803874062686774 ) ) ;
#6540 = CARTESIAN_POINT ( 'NONE',  ( -3.849181933424189239, 21.30877759090592249, -12.81883183690644046 ) ) ;
#6541 = DIRECTION ( 'NONE',  ( 1.206107350727848108E-16, 0.000000000000000000, 1.000000000000000000 ) ) ;
#6542 = ADVANCED_FACE ( 'NONE', ( #6227 ), #6784, .F. ) ;
#6543 = CARTESIAN_POINT ( 'NONE',  ( -13.23065092072207705, 38.86474063228446596, -2.440414124868604873 ) ) ;
#6544 = VERTEX_POINT ( 'NONE', #2197 ) ;
#6545 = CARTESIAN_POINT ( 'NONE',  ( -13.21587577326209839, 38.82763350421727466, -2.505635748191346934 ) ) ;
#6546 = CARTESIAN_POINT ( 'NONE',  ( 13.47702206803513469, 39.14857154360200298, -1.843330138134617879 ) ) ;
#6547 = FACE_OUTER_BOUND ( 'NONE', #5422, .T. ) ;
#6548 = CARTESIAN_POINT ( 'NONE',  ( -13.98461275126372882, 19.03613976337138425, -0.7524655263861589338 ) ) ;
#6549 = CARTESIAN_POINT ( 'NONE',  ( -12.41515212022117431, 23.17034484718231013, -4.820274282092491092 ) ) ;
#6550 = CARTESIAN_POINT ( 'NONE',  ( 2.648690145665276052, 20.25609830276241397, -13.18272709041975155 ) ) ;
#6551 = CARTESIAN_POINT ( 'NONE',  ( 3.755123246595809317, 37.80149780116941827, 12.85256368322767884 ) ) ;
#6552 = CARTESIAN_POINT ( 'NONE',  ( 13.37483980480640433, 20.13183454143316098, 2.433004205934169661 ) ) ;
#6553 = CARTESIAN_POINT ( 'NONE',  ( -2.814150084922751205, 20.36712610206438967, 13.14030203580916201 ) ) ;
#6554 = ORIENTED_EDGE ( 'NONE', *, *, #2091, .T. ) ;
#6555 = AXIS2_PLACEMENT_3D ( 'NONE', #2483, #5297, #3688 ) ;
#6556 = CARTESIAN_POINT ( 'NONE',  ( 3.920549921289607553, 37.60447694035091359, -12.79281226040130193 ) ) ;
#6557 = ORIENTED_EDGE ( 'NONE', *, *, #4497, .F. ) ;
#6558 = CARTESIAN_POINT ( 'NONE',  ( 13.90322995435352382, 39.45845096678886677, -1.645399486429018898 ) ) ;
#6559 = CARTESIAN_POINT ( 'NONE',  ( -4.991646442905445902, 34.83257872955967116, 12.33293925967238813 ) ) ;
#6560 = CARTESIAN_POINT ( 'NONE',  ( -13.59906280377225052, 20.03196965641462057, -3.327365498151747314 ) ) ;
#6561 = CARTESIAN_POINT ( 'NONE',  ( 1.854462693391151440, 39.70431840068648199, -13.87780853716197171 ) ) ;
#6562 = VECTOR ( 'NONE', #5601, 1000.000000000000000 ) ;
#6563 = CONICAL_SURFACE ( 'NONE', #3344, 14.99999999999998401, 0.7853981633974500554 ) ;
#6564 = CARTESIAN_POINT ( 'NONE',  ( -13.99895140326643883, 39.99751874354347336, -0.1953067770656471414 ) ) ;
#6565 = CARTESIAN_POINT ( 'NONE',  ( -10.54485745383205142, 35.81891982833549548, 4.834387131427746453 ) ) ;
#6566 = EDGE_LOOP ( 'NONE', ( #4331, #2097, #5515, #3834, #1098, #4358 ) ) ;
#6567 = CARTESIAN_POINT ( 'NONE',  ( 4.442776316276328075, 22.20471917822504437, 12.58446503268415562 ) ) ;
#6568 = CARTESIAN_POINT ( 'NONE',  ( 13.60628134349274987, 19.51670200662275434, -0.4165012794911255312 ) ) ;
#6569 = CARTESIAN_POINT ( 'NONE',  ( 4.492068604572359443E-13, 19.00000044620896134, 13.99999999864343359 ) ) ;
#6570 = CARTESIAN_POINT ( 'NONE',  ( -4.631242855630083533, 21.28840497022670419, -13.21192781359199842 ) ) ;
#6571 = ORIENTED_EDGE ( 'NONE', *, *, #2332, .T. ) ;
#6572 = CARTESIAN_POINT ( 'NONE',  ( -4.966877844261924579, 35.08040817919138732, -12.34502123843730814 ) ) ;
#6573 = CARTESIAN_POINT ( 'NONE',  ( 3.656893671946421343, 20.27894690804994227, -13.51401187672897919 ) ) ;
#6574 = CONICAL_SURFACE ( 'NONE', #2275, 1.750000000000000000, 0.7853981633974489451 ) ;
#6575 = CARTESIAN_POINT ( 'NONE',  ( -12.53375298273801342, 36.55252236095344642, -4.559594989056297010 ) ) ;
#6576 = CARTESIAN_POINT ( 'NONE',  ( 13.54619911195361581, 38.42071495835767792, 3.544719518697747596 ) ) ;
#6577 = AXIS2_PLACEMENT_3D ( 'NONE', #787, #248, #4534 ) ;
#6578 = DIRECTION ( 'NONE',  ( 0.000000000000000000, 1.000000000000000000, 0.000000000000000000 ) ) ;
#6579 = DIRECTION ( 'NONE',  ( -0.000000000000000000, -1.000000000000000000, -0.000000000000000000 ) ) ;
#6580 = CARTESIAN_POINT ( 'NONE',  ( -2.769180223568882049, 20.33685763055051154, -13.15185873234500846 ) ) ;
#6581 = B_SPLINE_SURFACE_WITH_KNOTS ( 'NONE', 1, 3, ( 
 ( #5256, #4174, #2444, #99, #1896, #6413, #4730, #3045, #5331, #243, #3540, #3461, #2482, #2409, #6857, #1307, #2341, #4618, #5753, #1792, #4064, #6486, #387, #3768, #6050, #2567, #938, #2526, #2013, #5938, #5534, #6523, #1426, #2051, #5973, #906, #5492, #6606, #7219, #4892, #2095, #425, #1500, #1465, #4818, #320, #6642, #7103, #3204, #4855, #3173, #7057, #1937, #4294, #4771, #3088, #2638, #867, #3687, #6564, #6017, #4373, #4933, #5370, #1536, #3803, #6082, #969, #4215, #1387, #3734, #3648, #823, #281, #1975, #4252, #3134, #7143, #5455, #5414, #352, #2602, #3839, #7254, #1776, #6843, #4009, #4044, #1181, #1568, #1223, #1739, #1261, #3523, #3273, #2710, #6920, #5812, #6117, #2679, #589, #3484, #5127, #6672, #3445, #4968, #2126, #2286, #1706, #5776, #2921, #2882, #6879, #3408, #2252, #458, #5735, #5202, #4405, #5094, #3971, #625, #5165, #48, #9, #4531 ),
 ( #662, #6252, #5698, #2844, #84, #2324, #4602, #4086, #121, #2360, #4638, #6363, #1918, #4754, #3559, #4680, #4158, #3711, #3593, #3070, #7037, #2505, #155, #5918, #3110, #5237, #5883, #693, #767, #3029, #2395, #4797, #6962, #6472, #5393, #2958, #1847, #5316, #4123, #7081, #6543, #6429, #4196, #302, #2550, #1372, #230, #1879, #2429, #5351, #4233, #4838, #2463, #7123, #1996, #6399, #1329, #1292, #805, #2995, #3633, #4713, #1959, #6505, #1407, #4276, #3667, #5956, #845, #5846, #1445, #728, #5280, #191, #6996, #5805, #1871, #2387, #834, #2540, #218, #4668, #3018, #6953, #795, #7069, #6391, #5230, #148, #2421, #4114, #6987, #1804, #6497, #4704, #3513, #1363, #4743, #718, #1251, #2492, #1949, #3551, #1908, #4148, #5837, #1320, #3584, #5908, #3057, #5342, #4785, #2024, #7226, #4380, #4305, #916, #4349, #6090, #1578, #3247, #3280, #4479, #6752, #3915, #1648 ) ),
 .UNSPECIFIED., .F., .F., .F.,
 ( 2, 2 ),
 ( 4, 2, 2, 2, 2, 2, 2, 2, 2, 2, 2, 2, 2, 2, 2, 2, 2, 2, 2, 2, 2, 2, 2, 2, 2, 2, 2, 2, 2, 2, 2, 2, 2, 2, 2, 2, 2, 2, 2, 2, 2, 2, 2, 2, 2, 2, 2, 2, 2, 2, 2, 2, 2, 2, 2, 2, 2, 2, 2, 2, 2, 2, 4 ),
 ( 0.000000000000000000, 1.000000000000000000 ),
 ( 0.000000000000000000, 0.0005430559330015017651, 0.001086111866003003530, 0.001357639832503754413, 0.001629167799004505295, 0.001900695765505256178, 0.002172223732006007060, 0.002443751698506757726, 0.002715279665007508825, 0.002986807631508259925, 0.003258335598009010591, 0.003529863564509761256, 0.003801391531010512356, 0.004072919497511263455, 0.004344447464012014121, 0.004887503397013515452, 0.005159031363514266985, 0.005294795346764642752, 0.005430559330015017651, 0.005702087296515768317, 0.005973615263016519850, 0.006516671196018021181, 0.007059727129019522512, 0.007195491112269898279, 0.007331255095520274045, 0.007467019078770649812, 0.007602783062021024711, 0.007874311028521775377, 0.008145838995022526910, 0.008417366961523276708, 0.008688894928024028241, 0.008960422894524779774, 0.009096186877775153806, 0.009231950861025529573, 0.009503478827526279371, 0.009775006794027030904, 0.01031806272702853397, 0.01058959069352928550, 0.01086111866003003530, 0.01113264662653078510, 0.01140417459303153663, 0.01194723052603303970, 0.01221875849253379123, 0.01249028645903454103, 0.01262605044228491680, 0.01276181442553529083, 0.01303334239203604236, 0.01330487035853679390, 0.01357639832503754369, 0.01384792629153829349, 0.01411945425803904502, 0.01439098222453979656, 0.01452674620779017232, 0.01466251019104054809, 0.01520556612404204942, 0.01574862205704355075, 0.01602015002354430229, 0.01629167799004505382, 0.01642744197329543132, 0.01656320595654580535, 0.01683473392304655342, 0.01710626188954730495, 0.01737778985604805648 ),
 .UNSPECIFIED. ) ;
#6582 = CARTESIAN_POINT ( 'NONE',  ( -24.00000000000000355, 34.49999999999999289, 6.123233995736765296E-16 ) ) ;
#6583 = CARTESIAN_POINT ( 'NONE',  ( 13.26090997419478157, 20.46447970351124823, -2.952119665151384353 ) ) ;
#6584 = VECTOR ( 'NONE', #5519, 1000.000000000000000 ) ;
#6585 = DIRECTION ( 'NONE',  ( 0.000000000000000000, -1.000000000000000000, 0.000000000000000000 ) ) ;
#6586 = ORIENTED_EDGE ( 'NONE', *, *, #6172, .T. ) ;
#6587 = CARTESIAN_POINT ( 'NONE',  ( -13.15185873234299940, 38.66314236944315752, -2.769180223578349587 ) ) ;
#6588 = CARTESIAN_POINT ( 'NONE',  ( 13.16456836461720670, 38.23374425745899430, -3.325825564879456575 ) ) ;
#6589 = CARTESIAN_POINT ( 'NONE',  ( 1.714505518806294244E-15, 45.00000000000000000, 14.00000000000000000 ) ) ;
#6590 = CARTESIAN_POINT ( 'NONE',  ( -13.87770253544019994, 19.29595615770138650, 1.855384530547070643 ) ) ;
#6591 = CARTESIAN_POINT ( 'NONE',  ( -13.06079719103602699, 20.58058085694910488, -3.105800349135644289 ) ) ;
#6592 = EDGE_CURVE ( 'NONE', #4693, #3207, #1119, .T. ) ;
#6593 = CIRCLE ( 'NONE', #4810, 13.75000000000005862 ) ;
#6594 = CARTESIAN_POINT ( 'NONE',  ( 12.58385155655168042, 34.91550046053789202, -4.983397382625331495 ) ) ;
#6595 = CARTESIAN_POINT ( 'NONE',  ( 0.07629025158929880757, 19.49990022742926143, -13.50004493787831272 ) ) ;
#6596 = CARTESIAN_POINT ( 'NONE',  ( -2.911947128268228102, 38.56536473065942516, 13.11469142390908438 ) ) ;
#6597 = CARTESIAN_POINT ( 'NONE',  ( 13.38152319241523003, 20.11302254546201240, 2.398918037967350259 ) ) ;
#6598 = CARTESIAN_POINT ( 'NONE',  ( 4.444637833536297933, 22.20818341576682542, 12.58367752227980141 ) ) ;
#6599 = VERTEX_POINT ( 'NONE', #7326 ) ;
#6600 = CARTESIAN_POINT ( 'NONE',  ( 4.894093393221170096, 35.52448788923953060, -12.38014579233122170 ) ) ;
#6601 = EDGE_CURVE ( 'NONE', #2061, #2981, #3211, .T. ) ;
#6602 = CARTESIAN_POINT ( 'NONE',  ( 13.99173365465415131, 39.68843786973147303, -0.4815435282903454683 ) ) ;
#6603 = CARTESIAN_POINT ( 'NONE',  ( -4.675266985663481201, 36.27443790146354274, 12.48209869952356499 ) ) ;
#6604 = CARTESIAN_POINT ( 'NONE',  ( -13.00242667865684432, 22.21325350842067436, -5.190650374805549028 ) ) ;
#6605 = CARTESIAN_POINT ( 'NONE',  ( -2.617713144335288789, 39.38736109845312683, -13.75334568237771826 ) ) ;
#6606 = CARTESIAN_POINT ( 'NONE',  ( -13.65230268329045593, 39.11649924661688260, -3.101765169835609903 ) ) ;
#6607 = DIRECTION ( 'NONE',  ( -0.000000000000000000, -1.000000000000000000, -0.000000000000000000 ) ) ;
#6608 = ORIENTED_EDGE ( 'NONE', *, *, #6601, .F. ) ;
#6609 = CARTESIAN_POINT ( 'NONE',  ( 3.052251993749807379, 20.53889301655240374, 13.07604002329428283 ) ) ;
#6610 = CARTESIAN_POINT ( 'NONE',  ( 12.83024577569590718, 22.06295853513839234, -4.366624744981721484 ) ) ;
#6611 = CARTESIAN_POINT ( 'NONE',  ( -4.588477908811581685, 12.43753354950745837, 13.22819693198158220 ) ) ;
#6612 = CARTESIAN_POINT ( 'NONE',  ( -3.056625122786253979, 38.47012016982414195, -11.19346670880411665 ) ) ;
#6613 = EDGE_LOOP ( 'NONE', ( #6381, #3023, #2121, #3650 ) ) ;
#6614 = CARTESIAN_POINT ( 'NONE',  ( 12.58389125955727295, 34.91641671791836643, -4.983305638141179550 ) ) ;
#6615 = CARTESIAN_POINT ( 'NONE',  ( -4.951491613407318582, 35.20345540459172895, -12.35251463379438341 ) ) ;
#6616 = CARTESIAN_POINT ( 'NONE',  ( -3.963644716955039282, 21.45103343147543384, -12.77667996410927387 ) ) ;
#6617 = CARTESIAN_POINT ( 'NONE',  ( -13.36731595793204974, 38.26353736295479990, 4.163340776940452237 ) ) ;
#6618 = CARTESIAN_POINT ( 'NONE',  ( 7.499999999999992006, 45.00000000000000000, 8.849293757131135862 ) ) ;
#6619 = DIRECTION ( 'NONE',  ( 1.000000000000000000, 2.602085213965210149E-16, 0.000000000000000000 ) ) ;
#6620 = CARTESIAN_POINT ( 'NONE',  ( 13.70969599872653966, 38.92053200571754701, 2.840122055925033084 ) ) ;
#6621 = CARTESIAN_POINT ( 'NONE',  ( 5.334180630738954321, 22.54437407875889576, -12.94420506000745341 ) ) ;
#6622 = CYLINDRICAL_SURFACE ( 'NONE', #5382, 7.500000000000000000 ) ;
#6623 = CARTESIAN_POINT ( 'NONE',  ( -5.000000000000012434, 24.33483624815477597, -12.32882838140000459 ) ) ;
#6624 = CARTESIAN_POINT ( 'NONE',  ( -4.967023529125866865, 35.07930931098253780, 12.34495114201457966 ) ) ;
#6625 = CARTESIAN_POINT ( 'NONE',  ( 12.91035029055119310, 21.70111476943985096, -4.143227891123935969 ) ) ;
#6626 = FACE_OUTER_BOUND ( 'NONE', #5325, .T. ) ;
#6627 = EDGE_LOOP ( 'NONE', ( #5647, #2551, #5801, #2087 ) ) ;
#6628 = CARTESIAN_POINT ( 'NONE',  ( -12.60282627245385711, 36.87607233113129723, -4.399362820465306356 ) ) ;
#6629 = CARTESIAN_POINT ( 'NONE',  ( 13.20318575009256890, 38.35721295407563503, -3.181512712230260220 ) ) ;
#6630 = CARTESIAN_POINT ( 'NONE',  ( 5.629045868437827060, 35.40515404674718525, -12.81855921369412776 ) ) ;
#6631 = CARTESIAN_POINT ( 'NONE',  ( -13.98080615987273490, 19.04556436554445042, 0.7563435833166954891 ) ) ;
#6632 = CARTESIAN_POINT ( 'NONE',  ( -13.34683969041266316, 19.85213553386135388, -1.845115717857979787 ) ) ;
#6633 = DIRECTION ( 'NONE',  ( 0.3053415646032786590, -0.7071067811865527908, -0.6377825091091903209 ) ) ;
#6634 = CARTESIAN_POINT ( 'NONE',  ( 3.314265686239762143, 20.75603220075014121, -12.99846936746507176 ) ) ;
#6635 = CARTESIAN_POINT ( 'NONE',  ( -1.890898199886872355, 39.12870792252699204, 13.33881947269082069 ) ) ;
#6636 = EDGE_CURVE ( 'NONE', #6045, #5410, #3488, .T. ) ;
#6637 = CARTESIAN_POINT ( 'NONE',  ( 3.353641160774042174, 20.79148004146527384, 12.98619512351804239 ) ) ;
#6638 = ORIENTED_EDGE ( 'NONE', *, *, #135, .T. ) ;
#6639 = CARTESIAN_POINT ( 'NONE',  ( 4.246700769311212653, 37.14047635494133459, -12.66613266079680677 ) ) ;
#6640 = CARTESIAN_POINT ( 'NONE',  ( 13.01952422199104475, 35.94838149350128020, -5.147110839118434811 ) ) ;
#6641 = CARTESIAN_POINT ( 'NONE',  ( -0.5808991521648828593, 39.46682019747778725, 13.48516943281773983 ) ) ;
#6642 = CARTESIAN_POINT ( 'NONE',  ( -13.91009967128694313, 39.78365571760263464, -1.584681556434799132 ) ) ;
#6643 = ADVANCED_FACE ( 'NONE', ( #4477, #6154 ), #3243, .T. ) ;
#6644 = LINE ( 'NONE', #5493, #723 ) ;
#6645 = EDGE_LOOP ( 'NONE', ( #465, #283, #3990, #3464 ) ) ;
#6646 = CARTESIAN_POINT ( 'NONE',  ( 13.23790580957960294, 20.53461145400329002, 3.045873749192755664 ) ) ;
#6647 = CARTESIAN_POINT ( 'NONE',  ( 0.000000000000000000, 45.00000000000000000, 0.000000000000000000 ) ) ;
#6648 = CARTESIAN_POINT ( 'NONE',  ( -3.838996741567268334, 37.70362957511959934, -12.82254934702560689 ) ) ;
#6649 = CARTESIAN_POINT ( 'NONE',  ( -2.079598625401984702, 19.95008356872575916, -13.30582717154890915 ) ) ;
#6650 = CARTESIAN_POINT ( 'NONE',  ( 3.303421593126023570, 38.25680065245959582, -13.00253733355233976 ) ) ;
#6651 = DIRECTION ( 'NONE',  ( -1.206107350727848108E-16, 0.000000000000000000, 1.000000000000000000 ) ) ;
#6652 = CARTESIAN_POINT ( 'NONE',  ( 13.99095184814522597, 19.31355571120412407, 0.5037451807407006266 ) ) ;
#6653 = CARTESIAN_POINT ( 'NONE',  ( -0.3306557714464740116, 19.50000000000000355, 11.59999999999999964 ) ) ;
#6654 = CARTESIAN_POINT ( 'NONE',  ( 11.12105513620524455, 20.73641111582050911, 3.307494908510440812 ) ) ;
#6655 = CARTESIAN_POINT ( 'NONE',  ( 0.000000000000000000, 44.74999999999997868, 0.000000000000000000 ) ) ;
#6656 = FACE_OUTER_BOUND ( 'NONE', #4773, .T. ) ;
#6657 = CARTESIAN_POINT ( 'NONE',  ( 18.50000000000000000, 3.499999999999984901, 1.750000000000000000 ) ) ;
#6658 = CARTESIAN_POINT ( 'NONE',  ( 12.98259894875084264, 21.40829276051972840, -3.929913263810277613 ) ) ;
#6659 = CARTESIAN_POINT ( 'NONE',  ( -12.79281226043168651, 37.60447694045700473, -3.920549921202363119 ) ) ;
#6660 = CARTESIAN_POINT ( 'NONE',  ( 13.17019397592973462, 38.25191242137329795, 3.305137635381808270 ) ) ;
#6661 = CARTESIAN_POINT ( 'NONE',  ( -13.70522347010730080, 19.73950827472979341, -2.862601660515983415 ) ) ;
#6662 = CARTESIAN_POINT ( 'NONE',  ( -12.79650896791357795, 21.38364364206182344, -3.910139247232928383 ) ) ;
#6663 = CARTESIAN_POINT ( 'NONE',  ( 12.78137704692133880, 36.68691250449280261, -4.496562282723016502 ) ) ;
#6664 = CARTESIAN_POINT ( 'NONE',  ( 4.667476213612422598, 22.70621577254054202, -12.48560775837936987 ) ) ;
#6665 = CARTESIAN_POINT ( 'NONE',  ( -3.503917043904701600, 38.06688864805871475, 12.93809792121169089 ) ) ;
#6666 = CARTESIAN_POINT ( 'NONE',  ( 13.52334835802541591, 19.72918279102792383, 1.497008733763091737 ) ) ;
#6667 = CARTESIAN_POINT ( 'NONE',  ( 3.345601216829030999, 20.78422527377662732, 12.98870409701574324 ) ) ;
#6668 = VERTEX_POINT ( 'NONE', #1540 ) ;
#6669 = CARTESIAN_POINT ( 'NONE',  ( 13.29112398735040479, 37.47527631810180537, -4.398709034655637673 ) ) ;
#6670 = CARTESIAN_POINT ( 'NONE',  ( 0.1591033311401441330, 39.49815648544492319, 13.49917357653227867 ) ) ;
#6671 = CARTESIAN_POINT ( 'NONE',  ( -3.476011347220295811, 38.86153030304119937, -13.56182936677059025 ) ) ;
#6672 = CARTESIAN_POINT ( 'NONE',  ( -13.11152636582909459, 37.30238675200406107, 4.908007728350618493 ) ) ;
#6673 = FACE_OUTER_BOUND ( 'NONE', #2631, .T. ) ;
#6674 = ORIENTED_EDGE ( 'NONE', *, *, #3307, .T. ) ;
#6675 = CARTESIAN_POINT ( 'NONE',  ( 12.63779973182273153, 23.30801315105187754, 4.856011998110038697 ) ) ;
#6676 = CONICAL_SURFACE ( 'NONE', #2264, 1.499999999999984013, 0.7853981633974447263 ) ;
#6677 = DIRECTION ( 'NONE',  ( -0.000000000000000000, -1.000000000000000000, -0.000000000000000000 ) ) ;
#6678 = CARTESIAN_POINT ( 'NONE',  ( -13.08422580486368325, 21.81804585745695135, 4.980485467394929699 ) ) ;
#6679 = CARTESIAN_POINT ( 'NONE',  ( 4.162794158420996204, 38.26094332199299686, -13.36695009634698295 ) ) ;
#6680 = EDGE_CURVE ( 'NONE', #2035, #4724, #3807, .T. ) ;
#6681 = CARTESIAN_POINT ( 'NONE',  ( -4.784849330111537569, 35.95107049841772806, -12.43170838603700368 ) ) ;
#6682 = CARTESIAN_POINT ( 'NONE',  ( -13.21253903055332479, 37.71391736555361973, 4.629492860674323751 ) ) ;
#6683 = CARTESIAN_POINT ( 'NONE',  ( -5.703703114510190630, 34.49999999999998579, -12.78545152826159459 ) ) ;
#6684 = AXIS2_PLACEMENT_3D ( 'NONE', #643, #4021, #5296 ) ;
#6685 = AXIS2_PLACEMENT_3D ( 'NONE', #4669, #220, #3625 ) ;
#6686 = ORIENTED_EDGE ( 'NONE', *, *, #5783, .T. ) ;
#6687 = CARTESIAN_POINT ( 'NONE',  ( 8.000000000000005329, 4.000000000000000000, 12.68857754044950248 ) ) ;
#6688 = CARTESIAN_POINT ( 'NONE',  ( 13.58927408719361374, 20.44714814171045347, 3.366428420092792528 ) ) ;
#6689 = CARTESIAN_POINT ( 'NONE',  ( -4.738029291366768980, 22.87017117674693623, 10.58913083692367252 ) ) ;
#6690 = DIRECTION ( 'NONE',  ( 0.5443312118026688573, 0.000000000000000000, -0.8388703903806821183 ) ) ;
#6691 = DIRECTION ( 'NONE',  ( 0.000000000000000000, 0.000000000000000000, 1.000000000000000000 ) ) ;
#6692 = CONICAL_SURFACE ( 'NONE', #2749, 13.75000000000005862, 0.7853981633974415066 ) ;
#6693 = CARTESIAN_POINT ( 'NONE',  ( -4.918612659163525080, 23.59769638358479682, -12.36839355454996436 ) ) ;
#6694 = CARTESIAN_POINT ( 'NONE',  ( 4.997936797311997914, 24.33399340788314547, -12.32984480898539736 ) ) ;
#6695 = CARTESIAN_POINT ( 'NONE',  ( 13.10290094656025062, 20.97184426392740875, -3.542908769637031163 ) ) ;
#6696 = VECTOR ( 'NONE', #3548, 1000.000000000000000 ) ;
#6697 = ORIENTED_EDGE ( 'NONE', *, *, #3030, .F. ) ;
#6698 = CARTESIAN_POINT ( 'NONE',  ( 0.6656928297917519277, 39.46638104883195552, 11.58539941088602632 ) ) ;
#6699 = CARTESIAN_POINT ( 'NONE',  ( -12.85253604508813652, 23.23237638245686654, -5.550941387585511144 ) ) ;
#6700 = CARTESIAN_POINT ( 'NONE',  ( -12.72023457256164214, 21.65290092517939158, -4.110833565453440031 ) ) ;
#6701 = CARTESIAN_POINT ( 'NONE',  ( 12.57759832473870354, 34.66666720016861092, -4.997912635497144151 ) ) ;
#6702 = CARTESIAN_POINT ( 'NONE',  ( 3.863119847349089309, 21.32567757890182136, -12.81375620129614212 ) ) ;
#6703 = CARTESIAN_POINT ( 'NONE',  ( -2.505635748099488858, 38.82763350427046589, 13.21587577328461727 ) ) ;
#6704 = CARTESIAN_POINT ( 'NONE',  ( 13.50910443400645988, 19.76649554607483594, 1.611081477184725941 ) ) ;
#6705 = CARTESIAN_POINT ( 'NONE',  ( 3.251515687423109480, 20.70124649176766951, 13.01766348033430098 ) ) ;
#6706 = CARTESIAN_POINT ( 'NONE',  ( -13.02666469754285039, 38.32404876233485425, 3.221367515787753266 ) ) ;
#6707 = AXIS2_PLACEMENT_3D ( 'NONE', #575, #5115, #1138 ) ;
#6708 = CARTESIAN_POINT ( 'NONE',  ( 4.957140336658037327, 35.15841302855258022, -12.34976450109495261 ) ) ;
#6709 = CARTESIAN_POINT ( 'NONE',  ( 12.94713050033371182, 35.06198806115253319, -5.326521818281340082 ) ) ;
#6710 = CARTESIAN_POINT ( 'NONE',  ( 1.536983677115845826, 39.25861420049430706, 13.39399708042342496 ) ) ;
#6711 = VECTOR ( 'NONE', #5869, 1000.000000000000000 ) ;
#6712 = CARTESIAN_POINT ( 'NONE',  ( 0.000000000000000000, 0.000000000000000000, 0.000000000000000000 ) ) ;
#6713 = ORIENTED_EDGE ( 'NONE', *, *, #6592, .F. ) ;
#6714 = CARTESIAN_POINT ( 'NONE',  ( 12.82374604055085499, 22.09544255790202527, 4.384036595985327800 ) ) ;
#6715 = CARTESIAN_POINT ( 'NONE',  ( -0.1879400662577130621, 19.00223852955702952, -13.99905282046593769 ) ) ;
#6716 = CARTESIAN_POINT ( 'NONE',  ( -3.197575384725127812, 38.34391016160424215, -13.03374366500594661 ) ) ;
#6717 = DIRECTION ( 'NONE',  ( -0.000000000000000000, -0.000000000000000000, 1.000000000000000000 ) ) ;
#6718 = CARTESIAN_POINT ( 'NONE',  ( 1.389169040376119657, 39.30332379652513453, -13.41331061875201769 ) ) ;
#6719 = ORIENTED_EDGE ( 'NONE', *, *, #5560, .T. ) ;
#6720 = EDGE_CURVE ( 'NONE', #995, #2348, #5135, .T. ) ;
#6721 = CARTESIAN_POINT ( 'NONE',  ( -3.486098052515785639, 38.86774116332357210, -13.56269732108961179 ) ) ;
#6722 = CARTESIAN_POINT ( 'NONE',  ( 13.95682941355264184, 19.40121399222450549, -1.099454433300144585 ) ) ;
#6723 = CARTESIAN_POINT ( 'NONE',  ( -4.966636725105695760, 23.83427343518677333, 10.48321611854492730 ) ) ;
#6724 = CARTESIAN_POINT ( 'NONE',  ( 13.06063574512906023, 37.88071618502608828, 3.683869323610745372 ) ) ;
#6725 = CARTESIAN_POINT ( 'NONE',  ( 10.97478249428248631, 21.19358639595269267, -3.764464029401849654 ) ) ;
#6726 = DIRECTION ( 'NONE',  ( 0.000000000000000000, -1.000000000000000000, 0.000000000000000000 ) ) ;
#6727 = CARTESIAN_POINT ( 'NONE',  ( -12.32882846293112422, 34.49999999999999289, 5.000000000000000888 ) ) ;
#6728 = CARTESIAN_POINT ( 'NONE',  ( 13.04497615542529942, 21.17528920094744649, -3.734766065567678872 ) ) ;
#6729 = EDGE_CURVE ( 'NONE', #6079, #2348, #3845, .T. ) ;
#6730 = EDGE_LOOP ( 'NONE', ( #4649, #6519, #1961, #245 ) ) ;
#6731 = CARTESIAN_POINT ( 'NONE',  ( 13.12143241314428010, 38.09109292695864468, 3.479210996424691338 ) ) ;
#6732 = CARTESIAN_POINT ( 'NONE',  ( 12.59083981309923672, 23.92145907294140628, -4.967111133348352858 ) ) ;
#6733 = CARTESIAN_POINT ( 'NONE',  ( 13.50334628221521704, 39.21846077526382146, 1.657668870721201060 ) ) ;
#6734 = CARTESIAN_POINT ( 'NONE',  ( -12.90663316724633347, 22.79636186523755370, -5.423995063362468727 ) ) ;
#6735 = CARTESIAN_POINT ( 'NONE',  ( -13.03938560544410841, 20.64031409042823739, -3.178498908786149268 ) ) ;
#6736 = CARTESIAN_POINT ( 'NONE',  ( -14.00004637111815953, 18.99989072753347230, -0.08702738911928929733 ) ) ;
#6737 = CARTESIAN_POINT ( 'NONE',  ( 13.08840834982581924, 37.97867755504859133, -3.592403798274742766 ) ) ;
#6738 = CARTESIAN_POINT ( 'NONE',  ( 4.951491613410476056, 23.79654459543037248, -12.35251463379063175 ) ) ;
#6739 = CARTESIAN_POINT ( 'NONE',  ( 11.38795889675433060, 38.98766270045381077, -2.229296179027450364 ) ) ;
#6740 = CARTESIAN_POINT ( 'NONE',  ( 3.529542010681488318, 20.95846999786283149, 12.92966737449778059 ) ) ;
#6741 = CARTESIAN_POINT ( 'NONE',  ( 4.479445552867576730, 22.27712439436592362, 12.56871297596163117 ) ) ;
#6742 = DIRECTION ( 'NONE',  ( 0.000000000000000000, 0.000000000000000000, 1.000000000000000000 ) ) ;
#6743 = CARTESIAN_POINT ( 'NONE',  ( 12.96163893433580760, 35.31927145519306777, -5.291121575704480939 ) ) ;
#6744 = CARTESIAN_POINT ( 'NONE',  ( -3.913533140117271270, 37.61301032645718578, 12.79537119470482409 ) ) ;
#6745 = CARTESIAN_POINT ( 'NONE',  ( -0.6545171478916242958, 39.45766403659030175, -13.48108581574395082 ) ) ;
#6746 = CARTESIAN_POINT ( 'NONE',  ( 4.492068604572359443E-13, 19.00000044620896134, 13.99999999864343359 ) ) ;
#6747 = ORIENTED_EDGE ( 'NONE', *, *, #2797, .T. ) ;
#6748 = CARTESIAN_POINT ( 'NONE',  ( 13.60489572689766824, 19.52019363041605260, 0.4494020762412139214 ) ) ;
#6749 = CARTESIAN_POINT ( 'NONE',  ( 5.000000000000007994, 24.50000000000000000, -22.79802623035600462 ) ) ;
#6750 = CARTESIAN_POINT ( 'NONE',  ( -5.234567704836729618, 24.50000000000000711, 12.48103615137458533 ) ) ;
#6751 = CARTESIAN_POINT ( 'NONE',  ( -3.270242672348682600, 38.28258263096676473, -13.01197419619578532 ) ) ;
#6752 = CARTESIAN_POINT ( 'NONE',  ( -12.32985669532621564, 34.66690789684600560, 4.997906189854686154 ) ) ;
#6753 = CARTESIAN_POINT ( 'NONE',  ( 1.188814211917110342, 39.35679338391580728, -13.43658867178311489 ) ) ;
#6754 = EDGE_LOOP ( 'NONE', ( #6891, #2158, #2477, #4825 ) ) ;
#6755 = CARTESIAN_POINT ( 'NONE',  ( 12.87885064738830465, 21.83778964806525735, 4.232703712715440325 ) ) ;
#6756 = CARTESIAN_POINT ( 'NONE',  ( -1.310459215789031795, 39.85595341747522014, -13.93976590883175248 ) ) ;
#6757 = CARTESIAN_POINT ( 'NONE',  ( 13.66318149775766599, 20.21849962759310770, 3.053346861460877637 ) ) ;
#6758 = CARTESIAN_POINT ( 'NONE',  ( -5.000000000000009770, 24.50000000000000000, 10.46709128650361187 ) ) ;
#6759 = CARTESIAN_POINT ( 'NONE',  ( 10.79767963928659391, 21.84541053477632389, 4.240227137758234122 ) ) ;
#6760 = CARTESIAN_POINT ( 'NONE',  ( -3.330031345070965099, 38.96888959857582790, 13.59911919915569456 ) ) ;
#6761 = CARTESIAN_POINT ( 'NONE',  ( 0.000000000000000000, 4.000000000000000000, 0.000000000000000000 ) ) ;
#6762 = CARTESIAN_POINT ( 'NONE',  ( -12.78545152826161946, 34.50000000000000000, -5.703703114510133787 ) ) ;
#6763 = CARTESIAN_POINT ( 'NONE',  ( 12.94634082563813671, 21.55176666395560048, -4.038534909319818844 ) ) ;
#6764 = CARTESIAN_POINT ( 'NONE',  ( 7.499999999999994671, 3.499999999999982236, -19.84313483298444325 ) ) ;
#6765 = CARTESIAN_POINT ( 'NONE',  ( 13.15560928538318919, 38.20443328656183724, 3.358152911549746378 ) ) ;
#6766 = CARTESIAN_POINT ( 'NONE',  ( -12.94498447944936714, 22.54453215048366843, -5.331842600272809207 ) ) ;
#6767 = CARTESIAN_POINT ( 'NONE',  ( -13.15636920600181803, 20.32509480425051152, 2.751414200990859094 ) ) ;
#6768 = CARTESIAN_POINT ( 'NONE',  ( -12.44448618836005238, 22.95918879032699422, 4.757387328505472190 ) ) ;
#6769 = CARTESIAN_POINT ( 'NONE',  ( 4.966877844263182240, 23.91959182082131363, -12.34502123843516408 ) ) ;
#6770 = EDGE_CURVE ( 'NONE', #2598, #2756, #2131, .T. ) ;
#6771 = CARTESIAN_POINT ( 'NONE',  ( 13.46197907781036385, 19.89184839083814182, 1.940459084627380593 ) ) ;
#6772 = LINE ( 'NONE', #1669, #4307 ) ;
#6773 = CARTESIAN_POINT ( 'NONE',  ( -11.38737894735862710, 20.01383987024610533, 2.231650263030906078 ) ) ;
#6774 = CARTESIAN_POINT ( 'NONE',  ( 2.440414124868607093, 20.13525936771552338, 13.23065092072204507 ) ) ;
#6775 = CARTESIAN_POINT ( 'NONE',  ( -5.647112208392805144, 11.45883611660345380, 12.81577686831471929 ) ) ;
#6776 = CARTESIAN_POINT ( 'NONE',  ( 13.11080060483950227, 36.58621113848360551, -4.910009565298486756 ) ) ;
#6777 = CARTESIAN_POINT ( 'NONE',  ( 0.000000000000000000, 3.499999999999982236, 0.000000000000000000 ) ) ;
#6778 = ADVANCED_FACE ( 'NONE', ( #1015 ), #7078, .T. ) ;
#6779 = CARTESIAN_POINT ( 'NONE',  ( 12.99733445714959323, 21.35202092404309226, 3.884640078709585609 ) ) ;
#6780 = CARTESIAN_POINT ( 'NONE',  ( -4.689068714764629497, 22.76382866772538094, 12.47580377301506438 ) ) ;
#6781 = ORIENTED_EDGE ( 'NONE', *, *, #4828, .F. ) ;
#6782 = CARTESIAN_POINT ( 'NONE',  ( 13.59364387279016917, 19.54857764362759553, 0.6965047247207042380 ) ) ;
#6783 = CARTESIAN_POINT ( 'NONE',  ( -7.499999999999991118, 4.999999999999997335, 11.82159041753689444 ) ) ;
#6784 = CYLINDRICAL_SURFACE ( 'NONE', #3733, 5.000000000000006217 ) ;
#6785 = CARTESIAN_POINT ( 'NONE',  ( 4.931326442113870279, 35.32690261348179916, 12.36225651903121658 ) ) ;
#6786 = CARTESIAN_POINT ( 'NONE',  ( 4.061159762149455510, 37.41781757975368805, -12.73957129686258583 ) ) ;
#6787 = ORIENTED_EDGE ( 'NONE', *, *, #980, .F. ) ;
#6788 = CARTESIAN_POINT ( 'NONE',  ( 3.904491433386120480, 20.48679124591437528, 13.44519813101696037 ) ) ;
#6789 = CARTESIAN_POINT ( 'NONE',  ( 3.306934637485809514, 20.73597080513323476, 11.12121326487176631 ) ) ;
#6790 = CARTESIAN_POINT ( 'NONE',  ( 13.07454465709105129, 37.92991968898461153, 3.638169559436530864 ) ) ;
#6791 = CARTESIAN_POINT ( 'NONE',  ( 0.000000000000000000, 6.500000000000000888, -59.57475013247809414 ) ) ;
#6792 = CARTESIAN_POINT ( 'NONE',  ( 4.675612838091375068, 22.72094279260666383, -12.48211962124502961 ) ) ;
#6793 = CARTESIAN_POINT ( 'NONE',  ( -3.768347205850532955, 20.36751964095742906, -13.48411256774210365 ) ) ;
#6794 = AXIS2_PLACEMENT_3D ( 'NONE', #3135, #7144, #7104 ) ;
#6795 = CARTESIAN_POINT ( 'NONE',  ( -1.150144766899951097E-13, 39.50000000000133582, -11.60000000000056808 ) ) ;
#6796 = CARTESIAN_POINT ( 'NONE',  ( 4.943852596224455276, 37.26638762965628615, 13.09989799719395442 ) ) ;
#6797 = CARTESIAN_POINT ( 'NONE',  ( -4.785711917034085161, 37.49360159244758250, -13.15674636991161073 ) ) ;
#6798 = CARTESIAN_POINT ( 'NONE',  ( 13.33883638956353401, 38.76559368061390387, 2.608902171304547046 ) ) ;
#6799 = VECTOR ( 'NONE', #2973, 1000.000000000000000 ) ;
#6800 = DIRECTION ( 'NONE',  ( 0.000000000000000000, 0.000000000000000000, 1.000000000000000000 ) ) ;
#6801 = AXIS2_PLACEMENT_3D ( 'NONE', #2236, #1795, #28 ) ;
#6802 = CARTESIAN_POINT ( 'NONE',  ( -13.10305694721427550, 20.46597847062933084, 2.954374791611408924 ) ) ;
#6803 = CARTESIAN_POINT ( 'NONE',  ( 0.1577780455380966562, 19.49979785363061069, -13.50009008622429718 ) ) ;
#6804 = CARTESIAN_POINT ( 'NONE',  ( 1.003394321277604195, 13.94925776874201695, -13.97262893274758611 ) ) ;
#6805 = CARTESIAN_POINT ( 'NONE',  ( 4.676954909407518457, 22.73000908667592057, 12.48133742605441476 ) ) ;
#6806 = EDGE_CURVE ( 'NONE', #4412, #4024, #3314, .T. ) ;
#6807 = CARTESIAN_POINT ( 'NONE',  ( 2.226058449136650630, 20.01993314779484123, 13.27703707854271542 ) ) ;
#6808 = DIRECTION ( 'NONE',  ( -0.000000000000000000, -1.000000000000000000, -0.000000000000000000 ) ) ;
#6809 = B_SPLINE_CURVE_WITH_KNOTS ( 'NONE', 3,
 ( #7350, #4010, #4566, #2846, #2812, #6254, #1708, #521, #2777, #6845, #5129, #52, #6773, #5059, #2254, #5629, #3973, #1184, #5737, #628, #1670, #5204, #2883, #3935, #6216, #6880, #1226, #1118, #5167, #1149, #85, #3378, #5664, #2326, #5096, #4532, #1777, #4046 ),
 .UNSPECIFIED., .F., .F.,
 ( 4, 2, 2, 2, 2, 2, 2, 2, 2, 2, 2, 2, 2, 2, 2, 2, 2, 2, 4 ),
 ( 0.000000000000000000, 0.0009887459246540745202, 0.001977491849308149040, 0.002966237773962223778, 0.003954983698616298081, 0.004943729623270372818, 0.005932475547924447555, 0.006426848510251482322, 0.006921221472578517955, 0.007909967397232587488, 0.008898713321886657021, 0.009887459246540728289, 0.01087620517119479782, 0.01186495109584887082, 0.01285369702050294036, 0.01334806998282997599, 0.01384244294515701162, 0.01483118886981108116, 0.01581993479446515069 ),
 .UNSPECIFIED. ) ;
#6810 = AXIS2_PLACEMENT_3D ( 'NONE', #4778, #5867, #747 ) ;
#6811 = CARTESIAN_POINT ( 'NONE',  ( 13.29212853965149321, 38.62908878708056193, 2.819983176043906248 ) ) ;
#6812 = CARTESIAN_POINT ( 'NONE',  ( 4.916655703749113648, 35.41007213388422059, 12.36932284729515708 ) ) ;
#6813 = CARTESIAN_POINT ( 'NONE',  ( 13.05808463040698619, 21.12836587360531126, 3.692196521378386720 ) ) ;
#6814 = CARTESIAN_POINT ( 'NONE',  ( -3.815211616740840306, 21.26800626748579504, 12.83115048317223206 ) ) ;
#6815 = CONICAL_SURFACE ( 'NONE', #3366, 24.00000000000000355, 0.7853981633974447263 ) ;
#6816 = VERTEX_POINT ( 'NONE', #5004 ) ;
#6817 = ADVANCED_FACE ( 'NONE', ( #5606 ), #1591, .T. ) ;
#6818 = CARTESIAN_POINT ( 'NONE',  ( 12.93800615894958739, 34.84602900406918025, 5.348677679744787028 ) ) ;
#6819 = CARTESIAN_POINT ( 'NONE',  ( 5.426643747930275374, 22.80422759618850748, 12.90551915967193608 ) ) ;
#6820 = CARTESIAN_POINT ( 'NONE',  ( -2.783879528940844672, 39.30121427881000074, 13.72067480238318637 ) ) ;
#6821 = CARTESIAN_POINT ( 'NONE',  ( 3.217941368346759923, 39.04129081328979112, -13.62521335860815164 ) ) ;
#6822 = CIRCLE ( 'NONE', #641, 23.49999999999998934 ) ;
#6823 = CARTESIAN_POINT ( 'NONE',  ( -2.537575904146732952, 38.80840500954589345, -13.20832448882039856 ) ) ;
#6824 = CARTESIAN_POINT ( 'NONE',  ( 4.951491613415274884, 35.20345540453611477, 12.35251463378923908 ) ) ;
#6825 = CARTESIAN_POINT ( 'NONE',  ( -0.4499375533974414587, 39.47988900188659755, -13.49100202159578110 ) ) ;
#6826 = ORIENTED_EDGE ( 'NONE', *, *, #3210, .T. ) ;
#6827 = FACE_OUTER_BOUND ( 'NONE', #4423, .T. ) ;
#6828 = CARTESIAN_POINT ( 'NONE',  ( 12.97087339189530475, 23.55257819136742015, 5.268445063407065199 ) ) ;
#6829 = FACE_OUTER_BOUND ( 'NONE', #4726, .T. ) ;
#6830 = CARTESIAN_POINT ( 'NONE',  ( 12.96845317044817847, 37.53631635498184949, 3.972587232287653869 ) ) ;
#6831 = CARTESIAN_POINT ( 'NONE',  ( -4.984950817793653677, 12.12374610524803842, 10.48105971157373872 ) ) ;
#6832 = DIRECTION ( 'NONE',  ( -1.000000000000000000, 0.000000000000000000, -1.206107350727848108E-16 ) ) ;
#6833 = CARTESIAN_POINT ( 'NONE',  ( -3.217941368346779463, 19.95870918671021244, -13.62521335860814808 ) ) ;
#6834 = CARTESIAN_POINT ( 'NONE',  ( -13.79847244100853665, 39.50449378017990654, -2.373304587136258359 ) ) ;
#6835 = CYLINDRICAL_SURFACE ( 'NONE', #5246, 5.000000000000000000 ) ;
#6836 = ORIENTED_EDGE ( 'NONE', *, *, #100, .T. ) ;
#6837 = CARTESIAN_POINT ( 'NONE',  ( -10.36363636363635621, 0.000000000000000000, -21.64705618143756638 ) ) ;
#6838 = CARTESIAN_POINT ( 'NONE',  ( -12.98747719068705919, 22.29813644253379579, 5.227517382448664485 ) ) ;
#6839 = CARTESIAN_POINT ( 'NONE',  ( -12.98619512351600491, 20.79148004147163675, 3.353641160781062336 ) ) ;
#6840 = CARTESIAN_POINT ( 'NONE',  ( -12.34890162366675881, 23.83953493882880537, 4.958924597476664253 ) ) ;
#6841 = CARTESIAN_POINT ( 'NONE',  ( -12.67188722126789990, 37.16273978128818811, 4.232370933561147908 ) ) ;
#6842 = CARTESIAN_POINT ( 'NONE',  ( 3.178498908780993393, 20.64031409042399545, -13.03938560544549041 ) ) ;
#6843 = CARTESIAN_POINT ( 'NONE',  ( -13.56182936677059914, 38.86153030304117095, 3.476011347220258507 ) ) ;
#6844 = CARTESIAN_POINT ( 'NONE',  ( 11.32738555671952163, 38.83333530461201377, -2.515390429997502508 ) ) ;
#6845 = CARTESIAN_POINT ( 'NONE',  ( -11.12042845719041750, 20.73829171841964580, 3.309548481889836413 ) ) ;
#6846 = CARTESIAN_POINT ( 'NONE',  ( 0.3355060095337577541, 19.51059107874396759, 13.49525739537453539 ) ) ;
#6847 = CARTESIAN_POINT ( 'NONE',  ( -18.50000000000000000, 0.000000000000000000, 0.000000000000000000 ) ) ;
#6848 = CARTESIAN_POINT ( 'NONE',  ( 12.74797336754733834, 36.50031368388042807, 4.583167796473459177 ) ) ;
#6849 = CARTESIAN_POINT ( 'NONE',  ( 4.997906189854684378, 34.66690789684601270, 12.32985669532618545 ) ) ;
#6850 = EDGE_CURVE ( 'NONE', #5410, #1891, #2767, .T. ) ;
#6851 = CARTESIAN_POINT ( 'NONE',  ( -4.951491613415493376, 23.79654459546534184, 12.35251463378954107 ) ) ;
#6852 = VERTEX_POINT ( 'NONE', #669 ) ;
#6853 = CARTESIAN_POINT ( 'NONE',  ( 5.703703114510170202, 34.50000000000000000, 12.78545152826160347 ) ) ;
#6854 = CARTESIAN_POINT ( 'NONE',  ( 12.59506699492918358, 35.15762259874642126, 4.957243850376252148 ) ) ;
#6855 = CARTESIAN_POINT ( 'NONE',  ( 0.9350436090806670819, 39.92635007605053232, 13.96905171694893966 ) ) ;
#6856 = EDGE_CURVE ( 'NONE', #777, #646, #6822, .T. ) ;
#6857 = CARTESIAN_POINT ( 'NONE',  ( -13.00268122915531599, 36.78369036133909731, -5.189616448541714000 ) ) ;
#6858 = CARTESIAN_POINT ( 'NONE',  ( 4.412969170213156822, 36.85070523624851546, 12.59706931276667063 ) ) ;
#6859 = CARTESIAN_POINT ( 'NONE',  ( -0.5740952870517277429, 39.46762670294205577, -13.48552889693681500 ) ) ;
#6860 = ORIENTED_EDGE ( 'NONE', *, *, #5211, .T. ) ;
#6861 = CARTESIAN_POINT ( 'NONE',  ( 4.521490543381633032, 21.14613706570885299, 13.24989011440864495 ) ) ;
#6862 = CARTESIAN_POINT ( 'NONE',  ( 13.16619954631796574, 22.10750256785182088, 4.759373018465120175 ) ) ;
#6863 = CARTESIAN_POINT ( 'NONE',  ( 0.000000000000000000, 0.000000000000000000, 0.000000000000000000 ) ) ;
#6864 = CARTESIAN_POINT ( 'NONE',  ( 13.09002296547268251, 37.98385846796269760, 3.586505852796111782 ) ) ;
#6865 = CARTESIAN_POINT ( 'NONE',  ( -1.625232347674094191, 39.23996550172768849, -11.48972263480145095 ) ) ;
#6866 = ORIENTED_EDGE ( 'NONE', *, *, #5415, .T. ) ;
#6867 = CARTESIAN_POINT ( 'NONE',  ( -5.333230293985113946, 36.45199730988525744, 12.94441370304864947 ) ) ;
#6868 = CARTESIAN_POINT ( 'NONE',  ( -0.7556468484564689003, 19.04773160272526056, -13.97990102065496032 ) ) ;
#6869 = CARTESIAN_POINT ( 'NONE',  ( -13.99990111771013446, 39.99976391443119894, -0.1967927217074448842 ) ) ;
#6870 = CARTESIAN_POINT ( 'NONE',  ( 5.424430237746597605, 36.20234531981395776, 12.90645016868687200 ) ) ;
#6871 = DIRECTION ( 'NONE',  ( 0.000000000000000000, 0.000000000000000000, 1.000000000000000000 ) ) ;
#6872 = ORIENTED_EDGE ( 'NONE', *, *, #5219, .T. ) ;
#6873 = CARTESIAN_POINT ( 'NONE',  ( 12.93429922887929528, 34.50000000000000000, 5.357602398257307108 ) ) ;
#6874 = FILL_AREA_STYLE ('',( #4597 ) ) ;
#6875 = CARTESIAN_POINT ( 'NONE',  ( -12.94591804147870739, 20.90969090901965544, 3.480018185270307374 ) ) ;
#6876 = CARTESIAN_POINT ( 'NONE',  ( -12.78651784332041075, 24.31640132940417942, -5.701314620220723661 ) ) ;
#6877 = CARTESIAN_POINT ( 'NONE',  ( -12.59286313943085567, 36.83200285130674700, 4.422880815314278458 ) ) ;
#6878 = CARTESIAN_POINT ( 'NONE',  ( 2.837454672734987415, 20.38302594495915088, -13.13425294054489356 ) ) ;
#6879 = CARTESIAN_POINT ( 'NONE',  ( -12.87256149494085733, 35.94425244600728320, 5.504343272044716073 ) ) ;
#6880 = CARTESIAN_POINT ( 'NONE',  ( -11.19429426029311969, 20.52755046631800795, -3.053625481271333708 ) ) ;
#6881 = CARTESIAN_POINT ( 'NONE',  ( -13.33527210753041814, 39.12025157038576140, -1.911454544414071144 ) ) ;
#6882 = CARTESIAN_POINT ( 'NONE',  ( 12.86709655684949638, 37.10913521786621061, -4.265452219874527273 ) ) ;
#6883 = CARTESIAN_POINT ( 'NONE',  ( -3.047153119152837153, 20.53497210765113223, 13.07747853385274972 ) ) ;
#6884 = FACE_OUTER_BOUND ( 'NONE', #5248, .T. ) ;
#6885 = CARTESIAN_POINT ( 'NONE',  ( 12.92240005426143767, 37.35040102987836974, 4.108751040828601653 ) ) ;
#6886 = CARTESIAN_POINT ( 'NONE',  ( 3.111229949161838704, 38.41495623610927623, 13.05919771033387100 ) ) ;
#6887 = CARTESIAN_POINT ( 'NONE',  ( 13.21399067911545622, 20.60877110605429507, 3.140091761981427698 ) ) ;
#6888 = CARTESIAN_POINT ( 'NONE',  ( 4.480468425174032099, 22.27471671920672236, -10.70010964043187940 ) ) ;
#6889 = CARTESIAN_POINT ( 'NONE',  ( 2.686714996303221969, 13.50651971316182909, -13.74171041431235274 ) ) ;
#6890 = CARTESIAN_POINT ( 'NONE',  ( -3.543694065332974930, 20.97262549989011049, 12.92497929228831666 ) ) ;
#6891 = ORIENTED_EDGE ( 'NONE', *, *, #1087, .F. ) ;
#6892 = EDGE_LOOP ( 'NONE', ( #5395, #6638, #5602, #5566 ) ) ;
#6893 = CARTESIAN_POINT ( 'NONE',  ( 12.95240995223144864, 35.18725738125214519, 5.313702616882110874 ) ) ;
#6894 = CARTESIAN_POINT ( 'NONE',  ( 4.492068604572359443E-13, 19.00000044620896134, 13.99999999864343359 ) ) ;
#6895 = CARTESIAN_POINT ( 'NONE',  ( -3.768347205850518744, 38.63248035904259581, 13.48411256774210898 ) ) ;
#6896 = CARTESIAN_POINT ( 'NONE',  ( 3.554683097614839582, 38.80216104463909943, -13.54140589079207757 ) ) ;
#6897 = DIRECTION ( 'NONE',  ( 0.000000000000000000, -1.000000000000000000, 0.000000000000000000 ) ) ;
#6898 = CARTESIAN_POINT ( 'NONE',  ( -12.78545200767966605, 34.86649528990393065, 5.703702039844064764 ) ) ;
#6899 = CARTESIAN_POINT ( 'NONE',  ( -4.731022369583790521, 36.12607642904277583, -12.45674072909407215 ) ) ;
#6900 = ORIENTED_EDGE ( 'NONE', *, *, #3396, .T. ) ;
#6901 = CARTESIAN_POINT ( 'NONE',  ( 5.000000000000005329, 34.50000000000000000, 10.46709128650361720 ) ) ;
#6902 = CARTESIAN_POINT ( 'NONE',  ( 12.95372042521554157, 23.80920588425974316, 5.310476711572057695 ) ) ;
#6903 = CARTESIAN_POINT ( 'NONE',  ( -4.962912056030385877, 12.12829394477397038, -13.09231239433387017 ) ) ;
#6904 = ADVANCED_FACE ( 'NONE', ( #6222 ), #1476, .F. ) ;
#6905 = DIRECTION ( 'NONE',  ( 0.000000000000000000, 0.000000000000000000, -1.000000000000000000 ) ) ;
#6906 = ORIENTED_EDGE ( 'NONE', *, *, #7286, .F. ) ;
#6907 = B_SPLINE_CURVE_WITH_KNOTS ( 'NONE', 3,
 ( #4639, #7124, #5476, #957, #3964, #6242, #5344, #2052, #3205, #2893, #5174, #18, #2930, #6888, #1784, #1084, #2784, #529, #1886, #3123 ),
 .UNSPECIFIED., .F., .F.,
 ( 4, 2, 2, 2, 2, 2, 2, 2, 2, 4 ),
 ( 0.007916567192656600097, 0.008904488142882669571, 0.009892409093108739046, 0.01088033004333480852, 0.01186825099356087973, 0.01285617194378694920, 0.01335013241889998654, 0.01384409289401302562, 0.01483201384423910030, 0.01581993479446517498 ),
 .UNSPECIFIED. ) ;
#6908 = CARTESIAN_POINT ( 'NONE',  ( -4.684849608132973131, 37.63845658213083567, 13.19299833198119920 ) ) ;
#6909 = CARTESIAN_POINT ( 'NONE',  ( 0.9350436090806740763, 19.07364992394946768, -13.96905171694893610 ) ) ;
#6910 = DIRECTION ( 'NONE',  ( 0.000000000000000000, 0.000000000000000000, -1.000000000000000000 ) ) ;
#6911 = CARTESIAN_POINT ( 'NONE',  ( 13.28983208453768938, 21.53017998095813823, -4.402610886037095383 ) ) ;
#6912 = EDGE_CURVE ( 'NONE', #4809, #7136, #2652, .T. ) ;
#6913 = DIRECTION ( 'NONE',  ( 0.000000000000000000, -1.000000000000000000, 0.000000000000000000 ) ) ;
#6914 = CARTESIAN_POINT ( 'NONE',  ( -13.15185873234362113, 20.33685763055467888, 2.769180223575109068 ) ) ;
#6915 = AXIS2_PLACEMENT_3D ( 'NONE', #4934, #3351, #7220 ) ;
#6916 = CARTESIAN_POINT ( 'NONE',  ( -12.42203472655949703, 23.11701045472408111, 4.805634638705522654 ) ) ;
#6917 = CARTESIAN_POINT ( 'NONE',  ( -12.53772155984220404, 36.57316618835611166, 4.550670471868717648 ) ) ;
#6918 = CLOSED_SHELL ( 'NONE', ( #4720, #6011, #1990, #192, #4404, #2081, #5126, #748, #907, #4175, #4958, #898, #6643, #2119, #490, #1935, #3493, #3220, #760, #634, #1256, #1443, #3666, #5405, #1348, #6445, #6542, #4316, #3019, #1125, #1266, #6230, #3388, #4627, #3126, #357, #319, #4135, #3617, #4871, #1763, #6086, #6059, #4257, #7293, #5722, #3720, #6492, #5085, #1794, #1167, #6362, #274, #482, #5820, #4993, #6952, #2250, #6778, #1496, #408, #1722, #5463, #1455, #5472, #1574, #1947, #6135, #6817, #2517, #945, #994, #4222, #4028, #1889, #3769, #2982, #3660, #1981, #1175, #1753, #6904, #4616 ) ) ;
#6919 = CARTESIAN_POINT ( 'NONE',  ( 1.728604064117068795, 19.80705446703968420, -13.36589894169656567 ) ) ;
#6920 = CARTESIAN_POINT ( 'NONE',  ( -13.30871208603377021, 38.06377745539964508, 4.345338910893527640 ) ) ;
#6921 = CARTESIAN_POINT ( 'NONE',  ( 4.646744365638840080, 22.65203592487454998, 12.49499534280183255 ) ) ;
#6922 = VECTOR ( 'NONE', #2922, 1000.000000000000000 ) ;
#6923 = CARTESIAN_POINT ( 'NONE',  ( 12.90361029055498676, 37.27010757017174569, -4.162525867231781085 ) ) ;
#6924 = CARTESIAN_POINT ( 'NONE',  ( -1.999132676454189461, 19.91630153420357274, 13.31996301984297304 ) ) ;
#6925 = CARTESIAN_POINT ( 'NONE',  ( 4.462162773363316681, 37.92692084658298057, -13.27000021755873327 ) ) ;
#6926 = CARTESIAN_POINT ( 'NONE',  ( 13.26854998471310410, 38.55863238591742004, 2.920474326936777221 ) ) ;
#6927 = CARTESIAN_POINT ( 'NONE',  ( 4.937843757787893750, 35.28703993942922779, 12.35910525360219481 ) ) ;
#6928 = AXIS2_PLACEMENT_3D ( 'NONE', #5437, #372, #3634 ) ;
#6929 = CARTESIAN_POINT ( 'NONE',  ( -4.857592969325881249, 23.31017940989922010, 12.39757199997137427 ) ) ;
#6930 = ORIENTED_EDGE ( 'NONE', *, *, #6001, .F. ) ;
#6931 = ORIENTED_EDGE ( 'NONE', *, *, #1035, .F. ) ;
#6932 = AXIS2_PLACEMENT_3D ( 'NONE', #4735, #911, #7108 ) ;
#6933 = CARTESIAN_POINT ( 'NONE',  ( 13.15131076272116672, 36.81470548435497392, 4.800480930594964946 ) ) ;
#6934 = CARTESIAN_POINT ( 'NONE',  ( -12.69995325007139897, 21.72930166316901079, -4.162132685210022665 ) ) ;
#6935 = CARTESIAN_POINT ( 'NONE',  ( -4.934745586796477568, 37.25945384729232046, 13.10156010981402019 ) ) ;
#6936 = CARTESIAN_POINT ( 'NONE',  ( -13.70408635373659045, 19.74300992945328304, 2.864371766497053162 ) ) ;
#6937 = CARTESIAN_POINT ( 'NONE',  ( 18.50000000000000000, 3.499999999999984901, 0.000000000000000000 ) ) ;
#6938 = AXIS2_PLACEMENT_3D ( 'NONE', #6791, #3367, #2692 ) ;
#6939 = CARTESIAN_POINT ( 'NONE',  ( 5.000000000000005329, 34.50000000000000711, -12.32882846293108337 ) ) ;
#6940 = CARTESIAN_POINT ( 'NONE',  ( -3.478209825829503998, 38.09285274116029285, -12.94665238860161516 ) ) ;
#6941 = VERTEX_POINT ( 'NONE', #4418 ) ;
#6942 = CARTESIAN_POINT ( 'NONE',  ( 5.189616448541745974, 22.21630963866089559, 13.00268122915530355 ) ) ;
#6943 = CARTESIAN_POINT ( 'NONE',  ( 12.67334338361105139, 23.00014900896034931, -4.769921155417722325 ) ) ;
#6944 = DIRECTION ( 'NONE',  ( -0.000000000000000000, -1.000000000000000000, -0.000000000000000000 ) ) ;
#6945 = AXIS2_PLACEMENT_3D ( 'NONE', #6777, #6295, #1189 ) ;
#6946 = DIRECTION ( 'NONE',  ( -0.000000000000000000, -1.000000000000000000, -0.000000000000000000 ) ) ;
#6947 = ORIENTED_EDGE ( 'NONE', *, *, #3259, .F. ) ;
#6948 = DIRECTION ( 'NONE',  ( 0.000000000000000000, 0.000000000000000000, -1.000000000000000000 ) ) ;
#6949 = CARTESIAN_POINT ( 'NONE',  ( -5.068055422443493718, 21.97519131517880453, -13.05055611474003108 ) ) ;
#6950 = CARTESIAN_POINT ( 'NONE',  ( -13.87929007073406851, 39.70798906642649229, 1.843370239774014152 ) ) ;
#6951 = FACE_OUTER_BOUND ( 'NONE', #1998, .T. ) ;
#6952 = ADVANCED_FACE ( 'NONE', ( #1024 ), #2066, .T. ) ;
#6953 = CARTESIAN_POINT ( 'NONE',  ( -13.13100570689690905, 38.60859452342699427, 2.850616527814580969 ) ) ;
#6954 = FACE_BOUND ( 'NONE', #1047, .T. ) ;
#6955 = CARTESIAN_POINT ( 'NONE',  ( 13.08498626418087873, 22.57308763499740678, -4.978396684382496495 ) ) ;
#6956 = LINE ( 'NONE', #1176, #7311 ) ;
#6957 = CARTESIAN_POINT ( 'NONE',  ( -12.62800428896494687, 22.01555816820957290, 4.339379587614865308 ) ) ;
#6958 = CARTESIAN_POINT ( 'NONE',  ( -12.41282736075854665, 23.18704311694936848, -4.825236483681761612 ) ) ;
#6959 = CARTESIAN_POINT ( 'NONE',  ( 3.180847313969874968, 20.64225077428716659, -13.03869228914660461 ) ) ;
#6960 = CARTESIAN_POINT ( 'NONE',  ( 13.39087335187507755, 20.08682028259857333, -2.350364954363717285 ) ) ;
#6961 = EDGE_CURVE ( 'NONE', #1310, #5487, #753, .T. ) ;
#6962 = CARTESIAN_POINT ( 'NONE',  ( -13.07604002329430770, 38.46110698344757850, -3.052251993749838466 ) ) ;
#6963 = CARTESIAN_POINT ( 'NONE',  ( -13.49648408309568381, 39.49216620050415827, 0.3255932167246962661 ) ) ;
#6964 = CARTESIAN_POINT ( 'NONE',  ( 12.67887048241356140, 36.04360485797189284, -4.756417885973843518 ) ) ;
#6965 = CARTESIAN_POINT ( 'NONE',  ( -4.302474751766722783, 21.95237545888481989, 12.64325777577634291 ) ) ;
#6966 = CARTESIAN_POINT ( 'NONE',  ( 3.021082151768798685, 39.16856351688741000, -13.67107219148452479 ) ) ;
#6967 = CARTESIAN_POINT ( 'NONE',  ( 12.84499785600954347, 37.00754664881201705, 4.326522238050027447 ) ) ;
#6968 = CARTESIAN_POINT ( 'NONE',  ( 2.792180702847040230, 38.64775131876778858, 13.14597342985735473 ) ) ;
#6969 = CARTESIAN_POINT ( 'NONE',  ( -10.36363636363635266, 3.499999999999985789, 21.64705618143756638 ) ) ;
#6970 = CARTESIAN_POINT ( 'NONE',  ( -1.612621738558677853, 19.76701957673717303, 13.38301547416649306 ) ) ;
#6971 = ORIENTED_EDGE ( 'NONE', *, *, #3172, .F. ) ;
#6972 = CARTESIAN_POINT ( 'NONE',  ( 12.62244102356981656, 23.46873355616083145, 4.892668339816887091 ) ) ;
#6973 = CARTESIAN_POINT ( 'NONE',  ( -4.632729916779071644, 37.70959905916399890, 13.21140705271404414 ) ) ;
#6974 = CARTESIAN_POINT ( 'NONE',  ( -13.44519813101696393, 20.48679124591439660, 3.904491433386096944 ) ) ;
#6975 = CARTESIAN_POINT ( 'NONE',  ( 1.629900805558009536, 39.77085109326135637, -13.90487342823278638 ) ) ;
#6976 = LINE ( 'NONE', #782, #6205 ) ;
#6977 = CARTESIAN_POINT ( 'NONE',  ( 0.000000000000000000, 45.00000000000000000, 11.85000000000001918 ) ) ;
#6978 = ORIENTED_EDGE ( 'NONE', *, *, #2203, .F. ) ;
#6979 = CARTESIAN_POINT ( 'NONE',  ( 1.447932209777601065, 19.17997640314426278, 13.92499993276642734 ) ) ;
#6980 = CARTESIAN_POINT ( 'NONE',  ( 13.07277617294496252, 22.64829111438658771, 5.010756510344088532 ) ) ;
#6981 = CARTESIAN_POINT ( 'NONE',  ( 1.622716872065367077, 19.76776305501118713, 11.48704180865846425 ) ) ;
#6982 = CARTESIAN_POINT ( 'NONE',  ( 12.71073209689840233, 36.26864382915159979, 4.677464555860514572 ) ) ;
#6983 = CARTESIAN_POINT ( 'NONE',  ( -24.00000000000000355, 34.49999999999999289, 5.000000000000000888 ) ) ;
#6984 = ORIENTED_EDGE ( 'NONE', *, *, #5603, .T. ) ;
#6985 = CARTESIAN_POINT ( 'NONE',  ( 4.835651939563322621, 21.58195463077949228, -13.13845946629018080 ) ) ;
#6986 = CARTESIAN_POINT ( 'NONE',  ( 10.14772727272725739, 4.000000000000000000, 21.19607584432427672 ) ) ;
#6987 = CARTESIAN_POINT ( 'NONE',  ( -12.96557111954844110, 38.14875980166327452, 3.419523776627229950 ) ) ;
#6988 = CARTESIAN_POINT ( 'NONE',  ( -12.36839355455031253, 35.40230361642216650, -4.918612659162118206 ) ) ;
#6989 = CARTESIAN_POINT ( 'NONE',  ( 9.499999999999994671, 4.000000000000000000, -19.84313483298443970 ) ) ;
#6990 = CARTESIAN_POINT ( 'NONE',  ( 13.74050803165654244, 19.99018565685548410, 2.687517047748749555 ) ) ;
#6991 = CARTESIAN_POINT ( 'NONE',  ( -12.66613266080976885, 21.85952364500445100, 4.246700769277496512 ) ) ;
#6992 = EDGE_CURVE ( 'NONE', #2235, #2376, #5508, .T. ) ;
#6993 = CARTESIAN_POINT ( 'NONE',  ( -12.77752299314138895, 21.44813080062940713, -3.961391167708271599 ) ) ;
#6994 = CARTESIAN_POINT ( 'NONE',  ( -4.559594989067766946, 22.44747763907218996, -12.53375298273168248 ) ) ;
#6995 = CARTESIAN_POINT ( 'NONE',  ( -4.444637833519545111, 36.79181658426437451, 12.58367752228649117 ) ) ;
#6996 = CARTESIAN_POINT ( 'NONE',  ( -13.38289089555153488, 39.23273802675883104, 1.614915759334820455 ) ) ;
#6997 = CARTESIAN_POINT ( 'NONE',  ( -13.26186817760250669, 38.94221634152162181, -2.295026805776338996 ) ) ;
#6998 = CARTESIAN_POINT ( 'NONE',  ( 13.06802599204240067, 37.90691962797792058, -3.659644877314738753 ) ) ;
#6999 = CARTESIAN_POINT ( 'NONE',  ( -0.9008095298233910198, 19.58112861054250331, 13.46387945826259092 ) ) ;
#7000 = CARTESIAN_POINT ( 'NONE',  ( -5.496804114236679797E-15, 14.00000000000000000, -14.00000000000000000 ) ) ;
#7001 = EDGE_CURVE ( 'NONE', #6339, #777, #7314, .T. ) ;
#7002 = CARTESIAN_POINT ( 'NONE',  ( 13.41513720698077883, 38.98066138973292993, -2.220446824387616758 ) ) ;
#7003 = CARTESIAN_POINT ( 'NONE',  ( 0.5802737701385071167, 39.46688294553117515, -13.48519778726525686 ) ) ;
#7004 = CARTESIAN_POINT ( 'NONE',  ( 1.995988435368454050, 39.08436772207918608, 13.32027703028639820 ) ) ;
#7005 = CARTESIAN_POINT ( 'NONE',  ( 13.15433787921161723, 20.79972765944425106, 3.362739249467212144 ) ) ;
#7006 = DIRECTION ( 'NONE',  ( -1.206107350727848108E-16, 0.000000000000000000, -1.000000000000000000 ) ) ;
#7007 = CARTESIAN_POINT ( 'NONE',  ( 1.852304963228761148, 19.85571325631199358, 13.34536915247798206 ) ) ;
#7008 = ORIENTED_EDGE ( 'NONE', *, *, #4214, .T. ) ;
#7009 = CARTESIAN_POINT ( 'NONE',  ( 3.161425675333187968, 38.37369442593615787, -13.04440936236880511 ) ) ;
#7010 = ORIENTED_EDGE ( 'NONE', *, *, #6636, .F. ) ;
#7011 = EDGE_CURVE ( 'NONE', #1508, #3741, #3277, .T. ) ;
#7012 = CARTESIAN_POINT ( 'NONE',  ( 13.99908263658519303, 39.70714771495434547, 0.1827971029191762242 ) ) ;
#7013 = CARTESIAN_POINT ( 'NONE',  ( 5.654013304805399542, 35.23014672283523652, 12.80751232184684518 ) ) ;
#7014 = CARTESIAN_POINT ( 'NONE',  ( -13.95092769689343015, 19.11718766273209624, 1.172074580325972892 ) ) ;
#7015 = DIRECTION ( 'NONE',  ( 0.000000000000000000, 0.000000000000000000, -1.000000000000000000 ) ) ;
#7016 = CARTESIAN_POINT ( 'NONE',  ( -7.499999999999994671, 4.999999999999997335, -11.82159041753689088 ) ) ;
#7017 = CARTESIAN_POINT ( 'NONE',  ( -4.989584202000890478, 34.83312777447439856, -12.33393433899859382 ) ) ;
#7018 = EDGE_LOOP ( 'NONE', ( #492, #5149, #1787, #5822 ) ) ;
#7019 = CARTESIAN_POINT ( 'NONE',  ( 1.584681556434806238, 19.21634428239732273, 13.91009967128694136 ) ) ;
#7020 = CARTESIAN_POINT ( 'NONE',  ( 12.97136923651289742, 21.45162618524206266, -3.964103102103796683 ) ) ;
#7021 = FACE_BOUND ( 'NONE', #5788, .T. ) ;
#7022 = CARTESIAN_POINT ( 'NONE',  ( 12.91996411745342144, 37.33952243746359301, 4.115555783991189820 ) ) ;
#7023 = DIRECTION ( 'NONE',  ( 0.000000000000000000, -1.000000000000000000, 0.000000000000000000 ) ) ;
#7024 = VERTEX_POINT ( 'NONE', #5069 ) ;
#7025 = CARTESIAN_POINT ( 'NONE',  ( 5.703703114510172867, 24.50000000000001421, -12.78545152826160347 ) ) ;
#7026 = CARTESIAN_POINT ( 'NONE',  ( 3.549106390198399907, 20.19354851404206030, -13.54287147602694397 ) ) ;
#7027 = FACE_BOUND ( 'NONE', #2826, .T. ) ;
#7028 = CARTESIAN_POINT ( 'NONE',  ( 18.50000000000000000, 4.000000000000000000, 0.000000000000000000 ) ) ;
#7029 = CARTESIAN_POINT ( 'NONE',  ( -12.51632130457255343, 36.46217458667545230, -4.598940812181929516 ) ) ;
#7030 = CARTESIAN_POINT ( 'NONE',  ( 13.87093636051269385, 39.37252189478151365, 1.903652187547989261 ) ) ;
#7031 = CARTESIAN_POINT ( 'NONE',  ( 14.00016011019786788, 19.29011254517881113, 0.3492084420018671809 ) ) ;
#7032 = CARTESIAN_POINT ( 'NONE',  ( -12.86119116926246519, 21.17073950762786083, 3.730638598965937192 ) ) ;
#7033 = CARTESIAN_POINT ( 'NONE',  ( -13.11338220583996517, 20.43815388057158700, -2.916846679560662015 ) ) ;
#7034 = CARTESIAN_POINT ( 'NONE',  ( -4.605869013912464283, 22.55412721302484158, -12.51323822059233493 ) ) ;
#7035 = CARTESIAN_POINT ( 'NONE',  ( -4.482097176802772864, 36.71752544790012251, 12.56757455094655995 ) ) ;
#7036 = CARTESIAN_POINT ( 'NONE',  ( 13.12143241321474640, 20.90890707280224703, -3.479210996178672577 ) ) ;
#7037 = CARTESIAN_POINT ( 'NONE',  ( -12.68547047897270375, 37.21609091490675070, -4.198745285886904988 ) ) ;
#7038 = CARTESIAN_POINT ( 'NONE',  ( -13.39399478054925119, 39.25857531895422881, 1.535452211076191009 ) ) ;
#7039 = CARTESIAN_POINT ( 'NONE',  ( 13.50910443400450944, 39.23350445392037500, -1.611081477198861078 ) ) ;
#7040 = CARTESIAN_POINT ( 'NONE',  ( 5.703697540710761515, 34.68380381776611188, -12.78545144272252543 ) ) ;
#7041 = CARTESIAN_POINT ( 'NONE',  ( 4.162134552045741565, 38.26475775041092220, -13.36768937221888365 ) ) ;
#7042 = CARTESIAN_POINT ( 'NONE',  ( -12.88210987413219399, 22.97871163223216229, 5.481982651196873668 ) ) ;
#7043 = CARTESIAN_POINT ( 'NONE',  ( 13.58086004374679412, 39.41901982972148488, -0.8999920405877079865 ) ) ;
#7044 = CARTESIAN_POINT ( 'NONE',  ( 1.999132676454193680, 19.91630153420357630, -13.31996301984296593 ) ) ;
#7045 = CARTESIAN_POINT ( 'NONE',  ( 2.798679341133292642, 38.64336593872924652, 13.14430010082330114 ) ) ;
#7046 = CARTESIAN_POINT ( 'NONE',  ( 10.54350258727023082, 35.80700571920004194, 4.837318589981705941 ) ) ;
#7047 = CARTESIAN_POINT ( 'NONE',  ( 0.000000000000000000, 14.00000000000000000, 0.000000000000000000 ) ) ;
#7048 = EDGE_CURVE ( 'NONE', #7330, #2529, #2751, .T. ) ;
#7049 = CARTESIAN_POINT ( 'NONE',  ( -1.498366509558503257, 19.72960876499261929, 13.39908123066200751 ) ) ;
#7050 = VERTEX_POINT ( 'NONE', #6121 ) ;
#7051 = CARTESIAN_POINT ( 'NONE',  ( 13.85879477039481777, 39.33945184168603504, 1.985048289931448773 ) ) ;
#7052 = ORIENTED_EDGE ( 'NONE', *, *, #5635, .T. ) ;
#7053 = AXIS2_PLACEMENT_3D ( 'NONE', #7028, #4868, #2541 ) ;
#7054 = CARTESIAN_POINT ( 'NONE',  ( 13.98658128724667549, 39.67528887258067272, -0.6143990725703408762 ) ) ;
#7055 = CARTESIAN_POINT ( 'NONE',  ( 5.684716586081225209, 34.95761030577939010, 12.79390887205412497 ) ) ;
#7056 = CARTESIAN_POINT ( 'NONE',  ( -1.842200009237947578, 39.70601137759861388, -13.87855329219237888 ) ) ;
#7057 = CARTESIAN_POINT ( 'NONE',  ( -13.94697973370184840, 39.87329262864959389, -1.218150705172904358 ) ) ;
#7058 = EDGE_CURVE ( 'NONE', #5553, #875, #1766, .T. ) ;
#7059 = CARTESIAN_POINT ( 'NONE',  ( 8.000000000000008882, 4.000000000000000000, -12.68857754044949893 ) ) ;
#7060 = ORIENTED_EDGE ( 'NONE', *, *, #2420, .T. ) ;
#7061 = CARTESIAN_POINT ( 'NONE',  ( -5.110825507945311763, 22.05173153040814427, 13.03412276383323132 ) ) ;
#7062 = CARTESIAN_POINT ( 'NONE',  ( 13.61289310296712074, 19.50010137373653407, -0.08836555026939092727 ) ) ;
#7063 = CARTESIAN_POINT ( 'NONE',  ( -4.288362537950792586, 20.86932767760520235, 13.32761151606301020 ) ) ;
#7064 = CARTESIAN_POINT ( 'NONE',  ( -2.023718182069603522, 19.35467770381298180, -13.85406249293073522 ) ) ;
#7065 = VERTEX_POINT ( 'NONE', #6783 ) ;
#7066 = CARTESIAN_POINT ( 'NONE',  ( 12.59090757567630448, 35.07977031333822993, -4.966951212752474198 ) ) ;
#7067 = CARTESIAN_POINT ( 'NONE',  ( 7.499999999999991118, 4.999999999999997335, 11.82159041753689444 ) ) ;
#7068 = CARTESIAN_POINT ( 'NONE',  ( 3.797799817676493994, 20.39627562379222070, -13.47508796812851983 ) ) ;
#7069 = CARTESIAN_POINT ( 'NONE',  ( -13.07747853385277814, 38.46502789234885711, 3.047153119152831824 ) ) ;
#7070 = CARTESIAN_POINT ( 'NONE',  ( -0.6587888832250259341, 39.46741334667331103, 11.58584202577907440 ) ) ;
#7071 = AXIS2_PLACEMENT_3D ( 'NONE', #2990, #6913, #5769 ) ;
#7072 = CARTESIAN_POINT ( 'NONE',  ( -12.49499534281281576, 36.34796407519697681, -4.646744365608975968 ) ) ;
#7073 = CARTESIAN_POINT ( 'NONE',  ( 13.03873322319982186, 36.10348762753790908, 5.098254586230381413 ) ) ;
#7074 = CARTESIAN_POINT ( 'NONE',  ( 4.289024605226429365, 20.87010361168368888, -13.32739205801747140 ) ) ;
#7075 = CARTESIAN_POINT ( 'NONE',  ( -12.56757455095161546, 22.28247455207747052, 4.482097176791673299 ) ) ;
#7076 = CARTESIAN_POINT ( 'NONE',  ( -13.47015723515031738, 19.56695404817264361, -0.8196811705556513727 ) ) ;
#7077 = CARTESIAN_POINT ( 'NONE',  ( -3.305828676170230906, 20.74869693330972709, -13.00104079333269169 ) ) ;
#7078 = CONICAL_SURFACE ( 'NONE', #3963, 1.499999999999984013, 0.7853981633974482790 ) ;
#7079 = CARTESIAN_POINT ( 'NONE',  ( -4.605869013914868582, 36.44587278696941013, 12.51323822059113766 ) ) ;
#7080 = CARTESIAN_POINT ( 'NONE',  ( 13.20600658798958449, 20.63390294115636081, -3.170706346731781533 ) ) ;
#7081 = CARTESIAN_POINT ( 'NONE',  ( -13.21465491640605450, 38.82453680310160138, -2.510975509235501058 ) ) ;
#7082 = ORIENTED_EDGE ( 'NONE', *, *, #454, .F. ) ;
#7083 = CARTESIAN_POINT ( 'NONE',  ( -12.74521854771114704, 37.43756174003304693, -4.046280920988646557 ) ) ;
#7084 = CARTESIAN_POINT ( 'NONE',  ( 13.19769430813498445, 38.33986164154030263, -3.202429371520942869 ) ) ;
#7085 = CARTESIAN_POINT ( 'NONE',  ( 3.813475974169459271, 12.97642576137208970, -10.96375588004852375 ) ) ;
#7086 = CARTESIAN_POINT ( 'NONE',  ( -13.59934607101254578, 20.03047315834662712, -3.329084774237068167 ) ) ;
#7087 = CARTESIAN_POINT ( 'NONE',  ( -12.39757199998961212, 23.31017940974159686, -4.857592969287076734 ) ) ;
#7088 = CARTESIAN_POINT ( 'NONE',  ( 0.6563298320562481747, 19.54257621979902382, -13.48098204071394157 ) ) ;
#7089 = CARTESIAN_POINT ( 'NONE',  ( 3.178498908784099797, 38.35968590957345725, 13.03938560544463243 ) ) ;
#7090 = DIRECTION ( 'NONE',  ( 0.000000000000000000, 1.000000000000000000, 0.000000000000000000 ) ) ;
#7091 = DIRECTION ( 'NONE',  ( -1.206107350727848108E-16, -0.000000000000000000, 1.000000000000000000 ) ) ;
#7092 = CARTESIAN_POINT ( 'NONE',  ( -1.995988435365201541, 19.91563227791938218, 13.32027703028661314 ) ) ;
#7093 = EDGE_LOOP ( 'NONE', ( #3454, #6900, #6126, #4975, #453 ) ) ;
#7094 = B_SPLINE_CURVE_WITH_KNOTS ( 'NONE', 3,
 ( #6100, #7233, #3223, #3289, #5050, #6203, #1516 ),
 .UNSPECIFIED., .F., .F.,
 ( 4, 3, 4 ),
 ( 9.220181747203676555E-18, 0.001538204004139530562, 0.002299636508648975237 ),
 .UNSPECIFIED. ) ;
#7095 = CARTESIAN_POINT ( 'NONE',  ( 13.87021696961421746, 39.37027150252676932, 1.903675060760361637 ) ) ;
#7096 = ORIENTED_EDGE ( 'NONE', *, *, #5871, .F. ) ;
#7097 = CARTESIAN_POINT ( 'NONE',  ( 13.99574327948628216, 39.69865300419857590, -0.3480636455405404783 ) ) ;
#7098 = CARTESIAN_POINT ( 'NONE',  ( 5.479055640881000500, 36.03101731610158254, 12.88335488816706231 ) ) ;
#7099 = CARTESIAN_POINT ( 'NONE',  ( -13.10263265623421347, 21.73655457231307864, -4.931696440389163882 ) ) ;
#7100 = CARTESIAN_POINT ( 'NONE',  ( -0.3234708200035071313, 39.99133866512737256, -13.99634306545852880 ) ) ;
#7101 = EDGE_CURVE ( 'NONE', #1134, #6488, #1678, .T. ) ;
#7102 = CARTESIAN_POINT ( 'NONE',  ( -0.8179480079008422111, 39.43333421257430871, -13.47028253313536972 ) ) ;
#7103 = CARTESIAN_POINT ( 'NONE',  ( -13.92015731840523607, 39.80822839524541479, -1.493758939610279501 ) ) ;
#7104 = DIRECTION ( 'NONE',  ( 0.000000000000000000, 0.000000000000000000, 1.000000000000000000 ) ) ;
#7105 = ORIENTED_EDGE ( 'NONE', *, *, #2388, .F. ) ;
#7106 = CARTESIAN_POINT ( 'NONE',  ( -2.280491854602140656, 19.45793212523119919, 13.81329475549791397 ) ) ;
#7107 = CARTESIAN_POINT ( 'NONE',  ( 13.13822847558574303, 20.85118887026264289, -3.422311032728986291 ) ) ;
#7108 = DIRECTION ( 'NONE',  ( 0.000000000000000000, 0.000000000000000000, 1.000000000000000000 ) ) ;
#7109 = CARTESIAN_POINT ( 'NONE',  ( -4.738029291366776086, 36.12982882325305667, -10.58913083692367074 ) ) ;
#7110 = ORIENTED_EDGE ( 'NONE', *, *, #3987, .T. ) ;
#7111 = EDGE_CURVE ( 'NONE', #3294, #2061, #6228, .T. ) ;
#7112 = CARTESIAN_POINT ( 'NONE',  ( 12.57669683062193400, 34.49999999999999289, 5.000000000000000888 ) ) ;
#7113 = CARTESIAN_POINT ( 'NONE',  ( 5.654013304805417306, 23.76985327716478835, -12.80751232184684341 ) ) ;
#7114 = PLANE ( 'NONE',  #1572 ) ;
#7115 = DIRECTION ( 'NONE',  ( -0.7071067811865456854, -0.7071067811865493491, 0.000000000000000000 ) ) ;
#7116 = CARTESIAN_POINT ( 'NONE',  ( 13.79654439801388399, 39.16876630105720380, 2.383212122650897768 ) ) ;
#7117 = CARTESIAN_POINT ( 'NONE',  ( 0.7560294136182736935, 19.03642578054080303, -13.98448881164088498 ) ) ;
#7118 = ORIENTED_EDGE ( 'NONE', *, *, #92, .T. ) ;
#7119 = CARTESIAN_POINT ( 'NONE',  ( -12.82351753237109016, 21.29325217392149838, 3.836257342885653454 ) ) ;
#7120 = CARTESIAN_POINT ( 'NONE',  ( -12.56861858690743006, 22.27430119809965348, -4.480269576915446805 ) ) ;
#7121 = CARTESIAN_POINT ( 'NONE',  ( -2.724794792044580749, 20.30759268984743215, -13.16309275359068920 ) ) ;
#7122 = DIRECTION ( 'NONE',  ( 0.000000000000000000, 0.000000000000000000, -1.000000000000000000 ) ) ;
#7123 = CARTESIAN_POINT ( 'NONE',  ( -13.46344926528101560, 39.41789863392711624, -0.9061354478495834419 ) ) ;
#7124 = CARTESIAN_POINT ( 'NONE',  ( 0.3306557714464740672, 19.50000000000000355, -11.59999999999999787 ) ) ;
#7125 = ORIENTED_EDGE ( 'NONE', *, *, #1665, .T. ) ;
#7126 = B_SPLINE_CURVE_WITH_KNOTS ( 'NONE', 3,
 ( #2831, #3816, #2239, #1104, #5651, #4454, #4517, #3854, #6725, #3254, #2106, #3287, #5013, #4486, #1622, #5615, #3959, #1654, #6237, #2208, #3395, #3884, #6163, #4386, #5684, #1059, #6654, #2762, #7337, #6759, #3922, #1549, #2347, #2909, #3995, #6274, #2945, #1246 ),
 .UNSPECIFIED., .F., .F.,
 ( 4, 2, 2, 2, 2, 2, 2, 2, 2, 2, 2, 2, 2, 2, 2, 2, 2, 2, 4 ),
 ( 0.000000000000000000, 0.0009887459246540738697, 0.001977491849308147739, 0.002966237773962221609, 0.003954983698616295479, 0.004943729623270369349, 0.005932475547924443218, 0.006426848510251477985, 0.006921221472578513619, 0.007909967397232582284, 0.008898713321886651817, 0.009887459246540723085, 0.01087620517119479609, 0.01186495109584886562, 0.01285369702050293515, 0.01334806998282997079, 0.01384244294515700642, 0.01483118886981107769, 0.01581993479446514722 ),
 .UNSPECIFIED. ) ;
#7127 = CARTESIAN_POINT ( 'NONE',  ( -12.98619512351438310, 38.20851995852418526, -3.353641160785676867 ) ) ;
#7128 = CARTESIAN_POINT ( 'NONE',  ( 13.45345056115048266, 39.08515316920394156, -1.994183537046805066 ) ) ;
#7129 = CARTESIAN_POINT ( 'NONE',  ( -4.803068752773855365, 23.10816595547096952, 12.42323527582723663 ) ) ;
#7130 = CARTESIAN_POINT ( 'NONE',  ( -12.90533793014265918, 22.80551381198598193, 5.427074472803732341 ) ) ;
#7131 = CARTESIAN_POINT ( 'NONE',  ( -12.65857047865826246, 21.89032354819963544, -4.265120868647775509 ) ) ;
#7132 = CARTESIAN_POINT ( 'NONE',  ( 0.4499375533974201979, 19.52011099811339179, -13.49100202159578288 ) ) ;
#7133 = CARTESIAN_POINT ( 'NONE',  ( 0.8242388446786398370, 39.43228107792855752, -13.46981595863494618 ) ) ;
#7134 = CARTESIAN_POINT ( 'NONE',  ( 0.6545171477902688162, 39.45766403660368127, 13.48108581575058551 ) ) ;
#7135 = CARTESIAN_POINT ( 'NONE',  ( 1.187105691680280906, 19.64172905855549800, 13.43720889797981499 ) ) ;
#7136 = VERTEX_POINT ( 'NONE', #6264 ) ;
#7137 = CARTESIAN_POINT ( 'NONE',  ( 3.457289114054063806, 38.11214033324068851, -12.95327285092393055 ) ) ;
#7138 = ORIENTED_EDGE ( 'NONE', *, *, #4410, .F. ) ;
#7139 = CARTESIAN_POINT ( 'NONE',  ( 13.85392022952066249, 39.32616620487656434, -2.017572778847541937 ) ) ;
#7140 = CARTESIAN_POINT ( 'NONE',  ( 5.703703114510165761, 34.50000000000000000, 12.78545152826160347 ) ) ;
#7141 = CARTESIAN_POINT ( 'NONE',  ( -13.99232828075660962, 19.01818275923780277, -0.4658398471838718358 ) ) ;
#7142 = CARTESIAN_POINT ( 'NONE',  ( 3.023322884259288301, 39.16462772430057981, -13.66989858999155238 ) ) ;
#7143 = CARTESIAN_POINT ( 'NONE',  ( -13.81329475549791574, 39.54206787476876883, 2.280491854602166413 ) ) ;
#7144 = DIRECTION ( 'NONE',  ( -0.000000000000000000, 1.000000000000000000, -0.000000000000000000 ) ) ;
#7145 = ORIENTED_EDGE ( 'NONE', *, *, #4328, .F. ) ;
#7146 = CARTESIAN_POINT ( 'NONE',  ( -5.665815134425055355, 23.86054868324003664, 12.80229064392442240 ) ) ;
#7147 = CARTESIAN_POINT ( 'NONE',  ( 13.59979038530984319, 19.53305106136354752, -0.5797848199561929095 ) ) ;
#7148 = DIRECTION ( 'NONE',  ( 0.000000000000000000, -1.000000000000000000, 0.000000000000000000 ) ) ;
#7149 = CARTESIAN_POINT ( 'NONE',  ( -5.298471438573257863, 22.46195389777401630, -12.95869154602133655 ) ) ;
#7150 = ORIENTED_EDGE ( 'NONE', *, *, #6770, .F. ) ;
#7151 = CARTESIAN_POINT ( 'NONE',  ( -4.498273743546612913, 36.68338917170977709, -12.56052950984283179 ) ) ;
#7152 = CARTESIAN_POINT ( 'NONE',  ( 5.703702782121092163, 24.40807341553138698, -12.78545150766136729 ) ) ;
#7153 = CARTESIAN_POINT ( 'NONE',  ( -13.67108997554353245, 39.16860557763843786, 3.020979621554114924 ) ) ;
#7154 = DIRECTION ( 'NONE',  ( 0.000000000000000000, 1.000000000000000000, 0.000000000000000000 ) ) ;
#7155 = CARTESIAN_POINT ( 'NONE',  ( 1.776708755119234651, 39.17651886738097744, -11.46414105624237934 ) ) ;
#7156 = CARTESIAN_POINT ( 'NONE',  ( 1.308928752936094231, 39.85625231255168188, 13.93989014713537244 ) ) ;
#7157 = EDGE_CURVE ( 'NONE', #1234, #2054, #2199, .T. ) ;
#7158 = CARTESIAN_POINT ( 'NONE',  ( -12.33285904097954777, 34.83094706406872376, -4.991809502327674508 ) ) ;
#7159 = CARTESIAN_POINT ( 'NONE',  ( 13.75415739477019450, 19.95148513776213761, -2.613279471747850469 ) ) ;
#7160 = CARTESIAN_POINT ( 'NONE',  ( -7.499999999999993783, 45.00000000000000000, -8.849293757131134086 ) ) ;
#7161 = DIRECTION ( 'NONE',  ( 0.000000000000000000, 0.000000000000000000, 1.000000000000000000 ) ) ;
#7162 = CARTESIAN_POINT ( 'NONE',  ( -3.770874616821290548, 21.21619634570962276, -12.84701007857801969 ) ) ;
#7163 = CARTESIAN_POINT ( 'NONE',  ( 1.420590287010929336E-15, 45.00000000000000000, 11.59999999999999964 ) ) ;
#7164 = ORIENTED_EDGE ( 'NONE', *, *, #3937, .F. ) ;
#7165 = CARTESIAN_POINT ( 'NONE',  ( -13.11469142388637721, 38.56536473059733794, -2.911947128354877457 ) ) ;
#7166 = CARTESIAN_POINT ( 'NONE',  ( 13.09797423985335385, 38.01126729426409412, -3.559649464543434227 ) ) ;
#7167 = CARTESIAN_POINT ( 'NONE',  ( -5.786269878411362791E-15, 14.00000000000000000, -11.59999999999999964 ) ) ;
#7168 = CARTESIAN_POINT ( 'NONE',  ( -13.09957948903601022, 21.73522847093497035, 4.944614496602038223 ) ) ;
#7169 = CARTESIAN_POINT ( 'NONE',  ( -12.97024241557275559, 20.83759164818923182, -3.404904220064208786 ) ) ;
#7170 = CARTESIAN_POINT ( 'NONE',  ( 4.057910833832229613, 21.57769181599062946, -12.74082138930239516 ) ) ;
#7171 = CARTESIAN_POINT ( 'NONE',  ( 0.9071277291941840515, 39.41769880281142946, -13.46336086142089883 ) ) ;
#7172 = CARTESIAN_POINT ( 'NONE',  ( -2.751414200969859003, 38.67490519576335828, 13.15636920600752546 ) ) ;
#7173 = CARTESIAN_POINT ( 'NONE',  ( 2.751414200969848789, 20.32509480423664172, 13.15636920600753079 ) ) ;
#7174 = ORIENTED_EDGE ( 'NONE', *, *, #6912, .F. ) ;
#7175 = CARTESIAN_POINT ( 'NONE',  ( 13.82286360204871301, 39.24122685313817271, -2.220383302429847827 ) ) ;
#7176 = CARTESIAN_POINT ( 'NONE',  ( 5.665815134425044697, 35.13945131675998113, 12.80229064392443306 ) ) ;
#7177 = CARTESIAN_POINT ( 'NONE',  ( -13.76890250540221139, 19.57210461988967154, -2.534690903196535672 ) ) ;
#7178 = AXIS2_PLACEMENT_3D ( 'NONE', #4593, #3512, #2835 ) ;
#7179 = DIRECTION ( 'NONE',  ( 0.000000000000000000, -1.000000000000000000, 0.000000000000000000 ) ) ;
#7180 = ORIENTED_EDGE ( 'NONE', *, *, #3887, .F. ) ;
#7181 = AXIS2_PLACEMENT_3D ( 'NONE', #2240, #4591, #2276 ) ;
#7183 = AXIS2_PLACEMENT_3D ( 'NONE', #5076, #5187, #571 ) ;
#7182 = CARTESIAN_POINT ( 'NONE',  ( -5.608628890089605967, 23.49892073961222749, 12.82744570394588024 ) ) ;
#7184 = CARTESIAN_POINT ( 'NONE',  ( 13.37388788164514075, 20.13438478944525656, -2.438851633146977615 ) ) ;
#7185 = CARTESIAN_POINT ( 'NONE',  ( -7.252864856714571040, 8.472613890524499425, 11.97536078507280521 ) ) ;
#7186 = CARTESIAN_POINT ( 'NONE',  ( -4.286561849319854289, 20.86737203976161581, -13.32818806409803081 ) ) ;
#7187 = ORIENTED_EDGE ( 'NONE', *, *, #6172, .F. ) ;
#7188 = CARTESIAN_POINT ( 'NONE',  ( -3.913533140117267717, 21.38698967354282843, -12.79537119470481699 ) ) ;
#7189 = AXIS2_PLACEMENT_3D ( 'NONE', #4908, #7195, #3785 ) ;
#7190 = CARTESIAN_POINT ( 'NONE',  ( 9.499999999999994671, 0.000000000000000000, -21.84313483298443970 ) ) ;
#7191 = CARTESIAN_POINT ( 'NONE',  ( 13.10909757725452351, 38.04929595945802845, 3.521726604640746494 ) ) ;
#7192 = CARTESIAN_POINT ( 'NONE',  ( 1.164350671614166351E-13, 39.50000000000133582, 11.60000000000056808 ) ) ;
#7193 = CARTESIAN_POINT ( 'NONE',  ( 13.61464634012897434, 38.63377245560857887, -3.265087854241999654 ) ) ;
#7194 = CARTESIAN_POINT ( 'NONE',  ( 1.310459215834450575, 19.14404658251685731, -13.93976590882808608 ) ) ;
#7195 = DIRECTION ( 'NONE',  ( 0.7071067811865492381, 0.000000000000000000, -0.7071067811865457964 ) ) ;
#7196 = CARTESIAN_POINT ( 'NONE',  ( -5.573798846018114261, 23.32937349705751018, -12.84263088824928545 ) ) ;
#7197 = EDGE_CURVE ( 'NONE', #1562, #5898, #2559, .T. ) ;
#7198 = CARTESIAN_POINT ( 'NONE',  ( -7.499999999999994671, 4.335663632535883494, -12.60279007956304653 ) ) ;
#7199 = CARTESIAN_POINT ( 'NONE',  ( 13.06063574552824313, 21.11928381355058093, -3.683869322306237315 ) ) ;
#7200 = VECTOR ( 'NONE', #1489, 1000.000000000000000 ) ;
#7201 = CARTESIAN_POINT ( 'NONE',  ( 1.420590287010929533E-15, 44.74999999999997868, -11.59999999999999964 ) ) ;
#7202 = ORIENTED_EDGE ( 'NONE', *, *, #4166, .F. ) ;
#7203 = CARTESIAN_POINT ( 'NONE',  ( 13.09168642000358496, 37.98961980980147501, -3.580916484897933127 ) ) ;
#7204 = LINE ( 'NONE', #6002, #3583 ) ;
#7205 = CARTESIAN_POINT ( 'NONE',  ( -13.03079414852301987, 22.05152908139431034, 5.120752947535081034 ) ) ;
#7206 = CARTESIAN_POINT ( 'NONE',  ( -13.29974633398836836, 19.96513181687186389, -2.106334979758611947 ) ) ;
#7207 = VECTOR ( 'NONE', #2099, 1000.000000000000000 ) ;
#7208 = CARTESIAN_POINT ( 'NONE',  ( 12.58117568320771973, 34.83269708867171488, -4.989611347304148126 ) ) ;
#7209 = CARTESIAN_POINT ( 'NONE',  ( -1.148536051283321147, 19.63352528258607776, -13.44082727888745410 ) ) ;
#7210 = EDGE_CURVE ( 'NONE', #1799, #2620, #1150, .T. ) ;
#7211 = CARTESIAN_POINT ( 'NONE',  ( -1.187105691680169661, 39.35827094144452332, 13.43720889797941354 ) ) ;
#7212 = CARTESIAN_POINT ( 'NONE',  ( 3.059771721819965151, 20.54513125770811399, 13.07379436636764147 ) ) ;
#7213 = ORIENTED_EDGE ( 'NONE', *, *, #7058, .F. ) ;
#7214 = CARTESIAN_POINT ( 'NONE',  ( -12.83115048346193987, 37.73199373346322716, 3.815211615936863421 ) ) ;
#7215 = CARTESIAN_POINT ( 'NONE',  ( 4.143558834780626476, 37.29839264286221834, -12.70729970933553865 ) ) ;
#7216 = CARTESIAN_POINT ( 'NONE',  ( -1.389169040376151409, 39.30332379652512742, 13.41331061875201769 ) ) ;
#7217 = CARTESIAN_POINT ( 'NONE',  ( -13.84089460905202706, 19.38803811586799597, -2.106512885492484166 ) ) ;
#7218 = CARTESIAN_POINT ( 'NONE',  ( -1.060665051196698405, 39.38637355105109350, -13.44955914315536916 ) ) ;
#7219 = CARTESIAN_POINT ( 'NONE',  ( -13.66989858999155771, 39.16462772430053718, -3.023322884259277643 ) ) ;
#7220 = DIRECTION ( 'NONE',  ( -0.000000000000000000, -1.000000000000000000, -0.000000000000000000 ) ) ;
#7221 = ORIENTED_EDGE ( 'NONE', *, *, #4085, .T. ) ;
#7222 = CARTESIAN_POINT ( 'NONE',  ( 13.08840834982582457, 21.02132244495140867, 3.592403798274741433 ) ) ;
#7223 = CARTESIAN_POINT ( 'NONE',  ( -10.46709128650362253, 34.49999999999999289, -4.999999999999999112 ) ) ;
#7224 = CARTESIAN_POINT ( 'NONE',  ( -4.644550699230626023, 36.35164317175164683, -12.49592710255669026 ) ) ;
#7225 = CARTESIAN_POINT ( 'NONE',  ( -3.303421593126036448, 20.74319934754042549, -13.00253733355232733 ) ) ;
#7226 = CARTESIAN_POINT ( 'NONE',  ( -12.39365093232155068, 35.65356633487542126, 4.865803874062686774 ) ) ;
#7227 = CARTESIAN_POINT ( 'NONE',  ( -5.625134224076566269, 35.41090340427181360, -12.82021630050981109 ) ) ;
#7228 = CARTESIAN_POINT ( 'NONE',  ( -2.545161257505755614, 39.43537097652797030, -13.77117960063037749 ) ) ;
#7229 = CARTESIAN_POINT ( 'NONE',  ( 13.61430884522278539, 20.36847950034497501, 3.263716100692813704 ) ) ;
#7230 = DIRECTION ( 'NONE',  ( 0.000000000000000000, 0.000000000000000000, -1.000000000000000000 ) ) ;
#7231 = CARTESIAN_POINT ( 'NONE',  ( 2.871275226766576427, 19.73433531881500258, -13.70603578090591412 ) ) ;
#7232 = CARTESIAN_POINT ( 'NONE',  ( -12.32882844306662129, 24.41643037050269172, -4.999999708619926153 ) ) ;
#7233 = CARTESIAN_POINT ( 'NONE',  ( -7.499999999999991118, 4.669203747859696385, 12.21334375751844981 ) ) ;
#7234 = DIRECTION ( 'NONE',  ( 1.000000000000000000, -0.000000000000000000, -0.000000000000000000 ) ) ;
#7235 = CARTESIAN_POINT ( 'NONE',  ( 13.08288553737591720, 21.04094610868997961, -3.610401153986596778 ) ) ;
#7236 = ORIENTED_EDGE ( 'NONE', *, *, #5635, .F. ) ;
#7237 = CARTESIAN_POINT ( 'NONE',  ( -13.17848589095944511, 38.73225974460281407, -2.662901581465099810 ) ) ;
#7238 = CARTESIAN_POINT ( 'NONE',  ( 13.24510700734230717, 38.48746687756371898, 3.016881992810724888 ) ) ;
#7239 = CARTESIAN_POINT ( 'NONE',  ( -13.79972997042970917, 19.49228244152635625, -2.366000228633833746 ) ) ;
#7240 = CARTESIAN_POINT ( 'NONE',  ( -13.10674025051199898, 20.45607565235049563, -2.940803362679115907 ) ) ;
#7241 = CARTESIAN_POINT ( 'NONE',  ( 12.84602514125325889, 37.01171225503924944, -4.323538716616666555 ) ) ;
#7242 = CARTESIAN_POINT ( 'NONE',  ( 3.755123246398384129, 21.19850219860671103, -12.85256368329613075 ) ) ;
#7243 = CARTESIAN_POINT ( 'NONE',  ( -3.386422033908671914, 38.17875783683660984, 12.97592763936534865 ) ) ;
#7244 = CARTESIAN_POINT ( 'NONE',  ( 13.41598472499713068, 20.01699128499620528, 2.215705356018478511 ) ) ;
#7245 = CARTESIAN_POINT ( 'NONE',  ( 7.499999999999994671, 4.999999999999997335, -11.82159041753689088 ) ) ;
#7246 = CARTESIAN_POINT ( 'NONE',  ( 4.339379587511346337, 22.01555816802757448, 12.62800428900637684 ) ) ;
#7247 = ORIENTED_EDGE ( 'NONE', *, *, #4757, .T. ) ;
#7248 = EDGE_CURVE ( 'NONE', #3944, #6494, #3611, .T. ) ;
#7249 = CARTESIAN_POINT ( 'NONE',  ( 4.839440520753995223, 35.76159232718089243, -12.40615633512397942 ) ) ;
#7250 = ORIENTED_EDGE ( 'NONE', *, *, #852, .F. ) ;
#7251 = CARTESIAN_POINT ( 'NONE',  ( 13.25861621164387749, 37.33482976459253422, -4.495744032616510566 ) ) ;
#7252 = CARTESIAN_POINT ( 'NONE',  ( -2.719080137555488719, 38.69681786117142508, 13.16472066193718859 ) ) ;
#7253 = CARTESIAN_POINT ( 'NONE',  ( 13.09797424020228718, 20.98873270453609763, 3.559649463359942256 ) ) ;
#7254 = CARTESIAN_POINT ( 'NONE',  ( -13.61733902678894914, 39.01945358352103455, 3.251814073593578325 ) ) ;
#7255 = CARTESIAN_POINT ( 'NONE',  ( 0.000000000000000000, 45.00000000000000000, 0.000000000000000000 ) ) ;
#7256 = EDGE_LOOP ( 'NONE', ( #3726, #6747, #1467, #6719 ) ) ;
#7257 = EDGE_CURVE ( 'NONE', #5957, #651, #6593, .T. ) ;
#7258 = CARTESIAN_POINT ( 'NONE',  ( 12.65956555677350615, 23.10985915837832394, 4.803558062457506495 ) ) ;
#7259 = CARTESIAN_POINT ( 'NONE',  ( -7.499999999999994671, 3.499999999999985789, -12.99038105676656762 ) ) ;
#7260 = CARTESIAN_POINT ( 'NONE',  ( -4.162132685178406177, 37.27069833687841793, -12.69995325008326859 ) ) ;
#7261 = CARTESIAN_POINT ( 'NONE',  ( -5.665815134425080224, 35.13945131675996691, -12.80229064392441174 ) ) ;
#7262 = EDGE_LOOP ( 'NONE', ( #6836, #26, #511, #2317 ) ) ;
#7263 = PLANE ( 'NONE',  #864 ) ;
#7264 = CARTESIAN_POINT ( 'NONE',  ( 13.71035993061206426, 20.07753540816263893, 2.836872203723488806 ) ) ;
#7265 = CARTESIAN_POINT ( 'NONE',  ( -1.622716872065365967, 19.76776305501118358, -11.48704180865846425 ) ) ;
#7266 = FACE_OUTER_BOUND ( 'NONE', #6340, .T. ) ;
#7267 = PLANE ( 'NONE',  #6213 ) ;
#7268 = CARTESIAN_POINT ( 'NONE',  ( 5.234567704836728730, 24.50000000000000711, 12.48103615137459244 ) ) ;
#7269 = DIRECTION ( 'NONE',  ( -0.000000000000000000, -0.000000000000000000, 1.000000000000000000 ) ) ;
#7270 = CARTESIAN_POINT ( 'NONE',  ( 12.72275258512356011, 22.65340397617735846, -4.647286977921707418 ) ) ;
#7271 = VERTEX_POINT ( 'NONE', #98 ) ;
#7272 = CARTESIAN_POINT ( 'NONE',  ( 12.59506699491914539, 23.84237740148992302, -4.957243850407600405 ) ) ;
#7273 = CARTESIAN_POINT ( 'NONE',  ( 13.37459829263616840, 38.86760419565218427, 2.435151695206668521 ) ) ;
#7274 = CARTESIAN_POINT ( 'NONE',  ( 13.61469021172280769, 20.36349095336770532, -3.275429913626488165 ) ) ;
#7275 = CARTESIAN_POINT ( 'NONE',  ( -13.20832448879433052, 20.19159499052236839, -2.537575904262610038 ) ) ;
#7276 = CARTESIAN_POINT ( 'NONE',  ( 12.57669683062198196, 34.49999999999999289, -4.999999999999999112 ) ) ;
#7277 = CARTESIAN_POINT ( 'NONE',  ( 4.412969170212321046, 22.14929476374991069, -12.59706931276692465 ) ) ;
#7278 = CARTESIAN_POINT ( 'NONE',  ( -3.770874617171454446, 37.78380365388781570, 12.84701007845521481 ) ) ;
#7279 = CARTESIAN_POINT ( 'NONE',  ( 13.61285521774292384, 19.50019802976976990, -0.1697604854624853443 ) ) ;
#7280 = CARTESIAN_POINT ( 'NONE',  ( 2.769180223564102317, 20.33685763054733542, 13.15185873234660363 ) ) ;
#7281 = CARTESIAN_POINT ( 'NONE',  ( 4.583384843312217072, 36.49824149707781373, -12.52322511535351346 ) ) ;
#7282 = CARTESIAN_POINT ( 'NONE',  ( 13.58927408719361551, 38.55285185828955008, -3.366428420092793861 ) ) ;
#7283 = CARTESIAN_POINT ( 'NONE',  ( 0.6563298320562473975, 39.45742378020096908, 13.48098204071394335 ) ) ;
#7284 = CARTESIAN_POINT ( 'NONE',  ( -3.327365498151797940, 38.96803034358540430, -13.59906280377224164 ) ) ;
#7285 = CARTESIAN_POINT ( 'NONE',  ( 13.13685146131770587, 20.85737358934913388, 3.425154782312083146 ) ) ;
#7286 = EDGE_CURVE ( 'NONE', #1345, #3154, #999, .T. ) ;
#7287 = LINE ( 'NONE', #4374, #3343 ) ;
#7288 = VERTEX_POINT ( 'NONE', #3006 ) ;
#7289 = CARTESIAN_POINT ( 'NONE',  ( 13.28542725031341476, 20.39066239951135984, 2.849545967105002742 ) ) ;
#7290 = CARTESIAN_POINT ( 'NONE',  ( 6.489091801150375538, 10.29113912361532890, 9.620441706109740920 ) ) ;
#7291 = DIRECTION ( 'NONE',  ( 0.000000000000000000, 0.000000000000000000, -1.000000000000000000 ) ) ;
#7292 = CARTESIAN_POINT ( 'NONE',  ( -4.983264626890419713, 34.91692065513104382, -12.33702870230234261 ) ) ;
#7293 = ADVANCED_FACE ( 'NONE', ( #1895 ), #4101, .F. ) ;
#7294 = CARTESIAN_POINT ( 'NONE',  ( -12.95884646221821157, 36.53898279913907743, 5.298094224947305975 ) ) ;
#7295 = CARTESIAN_POINT ( 'NONE',  ( 4.067498962805286666, 37.40894887968118354, 12.73713490990126651 ) ) ;
#7296 = CARTESIAN_POINT ( 'NONE',  ( 2.440414124868598211, 38.86474063228447307, -13.23065092072204330 ) ) ;
#7297 = CARTESIAN_POINT ( 'NONE',  ( 12.92691296255351574, 21.63125352014786529, 4.095507842421201694 ) ) ;
#7298 = DIRECTION ( 'NONE',  ( 1.000000000000000000, 0.000000000000000000, -1.206107350727848108E-16 ) ) ;
#7299 = CARTESIAN_POINT ( 'NONE',  ( 13.81638548614155937, 19.77665646036565050, 2.260333449052744914 ) ) ;
#7300 = CARTESIAN_POINT ( 'NONE',  ( -4.837049466821850885, 23.19192968162786528, -10.54362685303156510 ) ) ;
#7301 = CARTESIAN_POINT ( 'NONE',  ( 1.852304963157878293, 39.14428674371635708, -13.34536915248764011 ) ) ;
#7302 = CARTESIAN_POINT ( 'NONE',  ( 5.000000000000005329, 34.50000000000000000, -12.32882846293108337 ) ) ;
#7303 = DIRECTION ( 'NONE',  ( 0.000000000000000000, 0.000000000000000000, -1.000000000000000000 ) ) ;
#7304 = DIRECTION ( 'NONE',  ( -0.000000000000000000, -1.000000000000000000, -0.000000000000000000 ) ) ;
#7305 = CARTESIAN_POINT ( 'NONE',  ( -4.732093756842701282, 22.88478174634063933, -12.45612845990090278 ) ) ;
#7306 = CARTESIAN_POINT ( 'NONE',  ( 13.08103026766579902, 21.04741680386984015, -3.616587956873294374 ) ) ;
#7307 = CARTESIAN_POINT ( 'NONE',  ( -13.32829405689049551, 20.86699667630619004, -4.286245859725324792 ) ) ;
#7308 = CARTESIAN_POINT ( 'NONE',  ( -13.36589894169659409, 19.80705446703971617, -1.728604064117126971 ) ) ;
#7309 = CARTESIAN_POINT ( 'NONE',  ( -12.34502123843669885, 35.08040817919984278, 4.966877844261064823 ) ) ;
#7310 = CARTESIAN_POINT ( 'NONE',  ( 3.709144386759164913, 21.14703866988623204, -12.86869030475448383 ) ) ;
#7311 = VECTOR ( 'NONE', #688, 1000.000000000000000 ) ;
#7312 = CARTESIAN_POINT ( 'NONE',  ( -1.430002684480631725, 39.29131374491647222, 13.40811255767653876 ) ) ;
#7313 = CARTESIAN_POINT ( 'NONE',  ( -13.13425294058955295, 38.61697405515660364, 2.837454672566420477 ) ) ;
#7314 = CIRCLE ( 'NONE', #3604, 1.499999999999984013 ) ;
#7315 = CARTESIAN_POINT ( 'NONE',  ( 4.645523755975103697, 22.64911222766746945, 12.49554036372535393 ) ) ;
#7316 = LINE ( 'NONE', #2190, #2520 ) ;
#7317 = CARTESIAN_POINT ( 'NONE',  ( 4.201821230821760622, 37.21150148955853609, -12.68425347629640854 ) ) ;
#7318 = CARTESIAN_POINT ( 'NONE',  ( 12.98510016754705809, 35.61654165378233472, -5.233286314861243405 ) ) ;
#7319 = CARTESIAN_POINT ( 'NONE',  ( -2.954374791611417805, 38.53402152937067626, 13.10305694721424352 ) ) ;
#7320 = AXIS2_PLACEMENT_3D ( 'NONE', #1588, #3368, #1692 ) ;
#7321 = PLANE ( 'NONE',  #4178 ) ;
#7322 = ORIENTED_EDGE ( 'NONE', *, *, #1805, .T. ) ;
#7323 = CARTESIAN_POINT ( 'NONE',  ( 13.24593313968284392, 20.50999895275344898, 3.013559184631659615 ) ) ;
#7324 = EDGE_CURVE ( 'NONE', #744, #6525, #136, .T. ) ;
#7325 = AXIS2_PLACEMENT_3D ( 'NONE', #3133, #3647, #2094 ) ;
#7326 = CARTESIAN_POINT ( 'NONE',  ( 7.499999999999994671, 0.000000000000000000, -19.84313483298444325 ) ) ;
#7327 = CARTESIAN_POINT ( 'NONE',  ( -3.314265686655097909, 38.24396779888220976, -12.99846936734144620 ) ) ;
#7328 = CARTESIAN_POINT ( 'NONE',  ( 4.999999999999999112, 34.58292121951037501, 12.32882844322070071 ) ) ;
#7329 = CARTESIAN_POINT ( 'NONE',  ( 0.8250359052272838722, 39.43214724652983705, -13.46975899026662482 ) ) ;
#7330 = VERTEX_POINT ( 'NONE', #6444 ) ;
#7331 = CARTESIAN_POINT ( 'NONE',  ( 12.94117536115916600, 21.57284568761278365, 4.053705345792096182 ) ) ;
#7332 = DIRECTION ( 'NONE',  ( -1.000000000000000000, 0.000000000000000000, -1.206107350727848108E-16 ) ) ;
#7333 = CARTESIAN_POINT ( 'NONE',  ( 13.53813665716877956, 20.61231227622088369, 3.566508221829910230 ) ) ;
#7334 = CARTESIAN_POINT ( 'NONE',  ( 13.07267389996563622, 36.35108290319593038, -5.011027081389795690 ) ) ;
#7335 = EDGE_CURVE ( 'NONE', #3207, #4693, #2291, .T. ) ;
#7336 = CARTESIAN_POINT ( 'NONE',  ( 12.96259875344834533, 37.51314405189200585, 3.990119646200778192 ) ) ;
#7337 = CARTESIAN_POINT ( 'NONE',  ( 10.90179351812055408, 21.44108835423702786, 3.968443672026520819 ) ) ;
#7338 = CARTESIAN_POINT ( 'NONE',  ( -4.162152656146148821, 38.26473908985231276, 13.36768372079185596 ) ) ;
#7339 = DIRECTION ( 'NONE',  ( 0.000000000000000000, 1.000000000000000000, 0.000000000000000000 ) ) ;
#7340 = CARTESIAN_POINT ( 'NONE',  ( 13.08582548549540903, 21.03071610904503430, -3.600572121157285643 ) ) ;
#7341 = DIRECTION ( 'NONE',  ( 0.000000000000000000, 0.000000000000000000, -1.000000000000000000 ) ) ;
#7342 = CARTESIAN_POINT ( 'NONE',  ( 13.15923970401098586, 38.21629367989223169, 3.345024781839542882 ) ) ;
#7343 = CARTESIAN_POINT ( 'NONE',  ( -12.91879101383549866, 22.71284829780377734, -5.394998371465190345 ) ) ;
#7344 = CARTESIAN_POINT ( 'NONE',  ( -13.26186817759751158, 20.05778365849157296, 2.295026805801809733 ) ) ;
#7345 = CARTESIAN_POINT ( 'NONE',  ( -13.32820183219524957, 20.86917977079012942, -4.285234809871770523 ) ) ;
#7346 = CARTESIAN_POINT ( 'NONE',  ( 12.59558107738995858, 35.16301669674083996, -4.956019798426457790 ) ) ;
#7347 = CARTESIAN_POINT ( 'NONE',  ( 4.067498962899930959, 21.59105112045115860, -12.73713490986568431 ) ) ;
#7348 = CARTESIAN_POINT ( 'NONE',  ( 13.49392485328713498, 19.80643945021946095, 1.726924891839615617 ) ) ;
#7349 = CARTESIAN_POINT ( 'NONE',  ( 12.93429922887929528, 45.00000000000000000, -5.357602398257302667 ) ) ;
#7350 = CARTESIAN_POINT ( 'NONE',  ( -10.46709128650362075, 24.50000000000000000, 5.000000000000000000 ) ) ;
#7351 = CARTESIAN_POINT ( 'NONE',  ( 4.108199442731413242, 21.64880528583395503, 12.72129217169053383 ) ) ;
#7352 = CARTESIAN_POINT ( 'NONE',  ( -9.499999999999991118, 4.000000000000000000, 19.84313483298443970 ) ) ;
#7353 = CARTESIAN_POINT ( 'NONE',  ( 13.54673223617781552, 38.41588948228351796, -3.533726019261810070 ) ) ;
#7354 = CARTESIAN_POINT ( 'NONE',  ( -4.549339564448419360, 36.57608232685764449, 12.53829996367958444 ) ) ;
#7355 = CARTESIAN_POINT ( 'NONE',  ( 13.07745711746768968, 21.05990903145622539, 3.628472117006979136 ) ) ;
#7356 = CARTESIAN_POINT ( 'NONE',  ( -4.328197484519368032, 21.99532929030084816, 12.63270960125927367 ) ) ;
#7357 = ORIENTED_EDGE ( 'NONE', *, *, #7001, .F. ) ;
#7358 = CARTESIAN_POINT ( 'NONE',  ( 13.17219753194038212, 20.74157176474553310, 3.297861390769908585 ) ) ;
#7359 = CARTESIAN_POINT ( 'NONE',  ( -5.000000000000007105, 34.49999999999998579, -12.32882846293106915 ) ) ;
#7360 = CARTESIAN_POINT ( 'NONE',  ( -5.656846734249223019, 35.22651150423862987, 12.80626813905142924 ) ) ;
#7361 = B_SPLINE_CURVE_WITH_KNOTS ( 'NONE', 3,
 ( #2730, #4424, #6698, #1067, #3861, #3332, #5121, #6244, #5019, #5554, #2805, #2768, #583, #512, #4559, #3822, #39, #6137, #2213, #4492 ),
 .UNSPECIFIED., .F., .F.,
 ( 4, 2, 2, 2, 2, 2, 2, 2, 2, 4 ),
 ( 0.007916567192656615709, 0.008904488142882690388, 0.009892409093108765067, 0.01088033004333483975, 0.01186825099356091442, 0.01285617194378698910, 0.01335013241890002818, 0.01384409289401306725, 0.01483201384423912632, 0.01581993479446518538 ),
 .UNSPECIFIED. ) ;
#7362 = CARTESIAN_POINT ( 'NONE',  ( -2.485718513589461498, 38.83865420005258784, -13.22029294188426007 ) ) ;
#7363 = CARTESIAN_POINT ( 'NONE',  ( 4.232370933637125354, 37.16273978116824139, 12.67188722123805178 ) ) ;
#7364 = CARTESIAN_POINT ( 'NONE',  ( 4.242281882313513997, 37.14756896793887364, -12.66791627514799856 ) ) ;
#7365 = VERTEX_POINT ( 'NONE', #4173 ) ;
#7366 = CARTESIAN_POINT ( 'NONE',  ( 5.703703114510171979, 24.50000000000000711, 12.78545152826160347 ) ) ;
#7367 = CARTESIAN_POINT ( 'NONE',  ( 13.99903106909196104, 19.29298481074294003, 0.1705551067542654953 ) ) ;
#7368 = CARTESIAN_POINT ( 'NONE',  ( 4.738970695141802025, 22.87240590782972660, 10.58872335399709819 ) ) ;
#7369 = CARTESIAN_POINT ( 'NONE',  ( 9.499999999999994671, 3.499999999999982236, -21.84313483298443970 ) ) ;
#7370 = CARTESIAN_POINT ( 'NONE',  ( 4.731022369583770093, 22.87392357095719220, -12.45674072909407926 ) ) ;
#7371 = CARTESIAN_POINT ( 'NONE',  ( -3.101765169835647651, 19.88350075338309964, -13.65230268329045771 ) ) ;
#7372 = CARTESIAN_POINT ( 'NONE',  ( -13.32750556386887197, 38.13029706974167254, -4.288678447014490303 ) ) ;
#7373 = DIRECTION ( 'NONE',  ( 0.000000000000000000, 0.7071067811865470176, 0.7071067811865479058 ) ) ;
#7374 = EDGE_CURVE ( 'NONE', #6518, #6079, #5330, .T. ) ;
#7375 = B_SPLINE_CURVE_WITH_KNOTS ( 'NONE', 1,
 ( #6390, #2351 ),
 .UNSPECIFIED., .F., .F.,
 ( 2, 2 ),
 ( 0.000000000000000000, 1.000000000000000000 ),
 .UNSPECIFIED. ) ;
#7376 = ORIENTED_EDGE ( 'NONE', *, *, #5502, .T. ) ;
ENDSEC;
END-ISO-10303-21;
