ISO-10303-21;
HEADER;
FILE_DESCRIPTION (( 'STEP AP214' ),
    '1' );
FILE_NAME ('hop dien 04.STEP',
    '2026-09-28T04:52:14',
    ( '' ),
    ( '' ),
    'SwSTEP 2.0',
    'SolidWorks 2022',
    '' );
FILE_SCHEMA (( 'AUTOMOTIVE_DESIGN' ));
ENDSEC;

DATA;
#1 = DIRECTION ( 'NONE',  ( 0.000000000000000000, 0.000000000000000000, -1.000000000000000000 ) ) ;
#2 = ORIENTED_EDGE ( 'NONE', *, *, #3046, .F. ) ;
#3 = CYLINDRICAL_SURFACE ( 'NONE', #2321, 1.000000000000000888 ) ;
#4 = DIRECTION ( 'NONE',  ( 3.469446951953621091E-16, 0.000000000000000000, 1.000000000000000000 ) ) ;
#5 = CARTESIAN_POINT ( 'NONE',  ( 186.6165807537309433, 101.2999999999999972, -182.1999999999999886 ) ) ;
#6 = EDGE_LOOP ( 'NONE', ( #3359, #219, #5190, #5143 ) ) ;
#7 = EDGE_CURVE ( 'NONE', #124, #4718, #1279, .T. ) ;
#8 = AXIS2_PLACEMENT_3D ( 'NONE', #2275, #5499, #2839 ) ;
#9 = CYLINDRICAL_SURFACE ( 'NONE', #614, 2.000000000000001776 ) ;
#10 = VERTEX_POINT ( 'NONE', #6867 ) ;
#11 = CARTESIAN_POINT ( 'NONE',  ( 24.11658075373082610, 3.000000000000000000, -175.3000000000000966 ) ) ;
#12 = ADVANCED_FACE ( 'NONE', ( #6902 ), #1059, .F. ) ;
#13 = EDGE_CURVE ( 'NONE', #4704, #3682, #6808, .T. ) ;
#14 = ORIENTED_EDGE ( 'NONE', *, *, #6664, .T. ) ;
#15 = ORIENTED_EDGE ( 'NONE', *, *, #611, .T. ) ;
#16 = DIRECTION ( 'NONE',  ( 0.000000000000000000, -1.000000000000000000, 0.000000000000000000 ) ) ;
#17 = ORIENTED_EDGE ( 'NONE', *, *, #3454, .T. ) ;
#18 = AXIS2_PLACEMENT_3D ( 'NONE', #2445, #1359, #3874 ) ;
#19 = DIRECTION ( 'NONE',  ( 0.000000000000000000, 0.000000000000000000, 1.000000000000000000 ) ) ;
#20 = CARTESIAN_POINT ( 'NONE',  ( 172.5000000000000284, 8.494954838909416495, -22.50000000000002132 ) ) ;
#21 = EDGE_CURVE ( 'NONE', #1509, #6044, #6267, .T. ) ;
#22 = VECTOR ( 'NONE', #6554, 1000.000000000000000 ) ;
#23 = ORIENTED_EDGE ( 'NONE', *, *, #2632, .F. ) ;
#24 = DIRECTION ( 'NONE',  ( 0.000000000000000000, 0.000000000000000000, -1.000000000000000000 ) ) ;
#25 = CARTESIAN_POINT ( 'NONE',  ( 25.73316150746181208, 3.000000000000000000, -172.5000000000000284 ) ) ;
#26 = ORIENTED_EDGE ( 'NONE', *, *, #1708, .F. ) ;
#27 = DIRECTION ( 'NONE',  ( 1.000000000000000000, 0.000000000000000000, 0.000000000000000000 ) ) ;
#28 = DIRECTION ( 'NONE',  ( 3.469446951953621091E-16, 0.000000000000000000, -1.000000000000000000 ) ) ;
#29 = LINE ( 'NONE', #5437, #2963 ) ;
#30 = DIRECTION ( 'NONE',  ( 0.000000000000000000, -1.000000000000000000, 0.000000000000000000 ) ) ;
#31 = AXIS2_PLACEMENT_3D ( 'NONE', #778, #2985, #5124 ) ;
#32 = DIRECTION ( 'NONE',  ( 0.000000000000000000, 1.000000000000000000, 0.000000000000000000 ) ) ;
#33 = ORIENTED_EDGE ( 'NONE', *, *, #5432, .F. ) ;
#34 = DIRECTION ( 'NONE',  ( 0.000000000000000000, 0.000000000000000000, -1.000000000000000000 ) ) ;
#35 = CARTESIAN_POINT ( 'NONE',  ( 6.766838492538109762, 101.2999999999999972, -184.9999999999999716 ) ) ;
#36 = DIRECTION ( 'NONE',  ( 1.000000000000000000, 0.000000000000000000, 0.000000000000000000 ) ) ;
#37 = ORIENTED_EDGE ( 'NONE', *, *, #1281, .T. ) ;
#38 = ORIENTED_EDGE ( 'NONE', *, *, #4231, .T. ) ;
#39 = VECTOR ( 'NONE', #2729, 1000.000000000000000 ) ;
#40 = CARTESIAN_POINT ( 'NONE',  ( 22.49999999999995026, 4.000000000000000000, -180.2002075382097246 ) ) ;
#41 = ORIENTED_EDGE ( 'NONE', *, *, #4969, .T. ) ;
#42 = CARTESIAN_POINT ( 'NONE',  ( 99.49999999999997158, 4.000000000000003553, -96.50000000000000000 ) ) ;
#43 = ADVANCED_FACE ( 'NONE', ( #4217 ), #5649, .F. ) ;
#44 = ORIENTED_EDGE ( 'NONE', *, *, #2781, .T. ) ;
#45 = SURFACE_STYLE_FILL_AREA ( #4822 ) ;
#46 = ORIENTED_EDGE ( 'NONE', *, *, #2894, .T. ) ;
#47 = EDGE_CURVE ( 'NONE', #3981, #2294, #1539, .T. ) ;
#48 = LINE ( 'NONE', #1049, #6656 ) ;
#49 = AXIS2_PLACEMENT_3D ( 'NONE', #1386, #2405, #2471 ) ;
#50 = CARTESIAN_POINT ( 'NONE',  ( 99.49999999999997158, 4.000000000000003553, -96.50000000000000000 ) ) ;
#51 = ORIENTED_EDGE ( 'NONE', *, *, #5562, .F. ) ;
#52 = DIRECTION ( 'NONE',  ( 1.000000000000000000, 0.000000000000000000, 0.000000000000000000 ) ) ;
#53 = VECTOR ( 'NONE', #4425, 1000.000000000000000 ) ;
#54 = CARTESIAN_POINT ( 'NONE',  ( 4.999999999999997335, 4.000000000000003553, -187.0000000000000000 ) ) ;
#55 = ORIENTED_EDGE ( 'NONE', *, *, #4853, .F. ) ;
#56 = ORIENTED_EDGE ( 'NONE', *, *, #477, .T. ) ;
#57 = ADVANCED_FACE ( 'NONE', ( #1978 ), #1478, .F. ) ;
#58 = EDGE_CURVE ( 'NONE', #2053, #3789, #3606, .T. ) ;
#59 = CARTESIAN_POINT ( 'NONE',  ( 169.2668384925381417, 0.000000000000000000, -22.50000000000009948 ) ) ;
#60 = DIRECTION ( 'NONE',  ( 0.000000000000000000, -1.000000000000000000, 0.000000000000000000 ) ) ;
#61 = CARTESIAN_POINT ( 'NONE',  ( 192.0000000000000000, 107.0000000000000000, -8.000000000000000000 ) ) ;
#62 = AXIS2_PLACEMENT_3D ( 'NONE', #4949, #4005, #161 ) ;
#63 = CARTESIAN_POINT ( 'NONE',  ( -3.673940397441934636E-16, 7.000000000000006217, -98.49999999999992895 ) ) ;
#64 = VECTOR ( 'NONE', #3316, 1000.000000000000000 ) ;
#65 = EDGE_CURVE ( 'NONE', #2285, #4432, #734, .T. ) ;
#66 = VECTOR ( 'NONE', #5871, 1000.000000000000000 ) ;
#67 = ORIENTED_EDGE ( 'NONE', *, *, #3886, .F. ) ;
#68 = LINE ( 'NONE', #209, #3781 ) ;
#69 = DIRECTION ( 'NONE',  ( 0.7071067811865279218, -0.7071067811865672237, 0.000000000000000000 ) ) ;
#70 = DIRECTION ( 'NONE',  ( 0.000000000000000000, 1.000000000000000000, 0.000000000000000000 ) ) ;
#71 = VECTOR ( 'NONE', #6691, 1000.000000000000000 ) ;
#72 = ORIENTED_EDGE ( 'NONE', *, *, #3372, .F. ) ;
#73 = ORIENTED_EDGE ( 'NONE', *, *, #1996, .F. ) ;
#74 = AXIS2_PLACEMENT_3D ( 'NONE', #3243, #2794, #4934 ) ;
#75 = DIRECTION ( 'NONE',  ( -0.000000000000000000, -1.000000000000000000, -0.000000000000000000 ) ) ;
#76 = EDGE_CURVE ( 'NONE', #4071, #1782, #3282, .T. ) ;
#77 = DIRECTION ( 'NONE',  ( 0.000000000000000000, -1.000000000000000000, 0.000000000000000000 ) ) ;
#78 = EDGE_LOOP ( 'NONE', ( #2326, #695, #6373, #1335 ) ) ;
#79 = CYLINDRICAL_SURFACE ( 'NONE', #5316, 1.750000000000015543 ) ;
#80 = AXIS2_PLACEMENT_3D ( 'NONE', #6792, #2546, #5276 ) ;
#81 = ORIENTED_EDGE ( 'NONE', *, *, #6632, .F. ) ;
#82 = AXIS2_PLACEMENT_3D ( 'NONE', #3797, #5918, #5374 ) ;
#83 = EDGE_CURVE ( 'NONE', #3981, #1586, #445, .T. ) ;
#84 = ORIENTED_EDGE ( 'NONE', *, *, #2711, .T. ) ;
#85 = DIRECTION ( 'NONE',  ( -0.000000000000000000, 1.000000000000000000, -0.000000000000000000 ) ) ;
#86 = CARTESIAN_POINT ( 'NONE',  ( 20.88341924626906021, 3.000000000000000000, -169.7000000000000739 ) ) ;
#87 = ORIENTED_EDGE ( 'NONE', *, *, #5332, .T. ) ;
#88 = DIRECTION ( 'NONE',  ( 0.000000000000000000, -1.000000000000000000, 0.000000000000000000 ) ) ;
#89 = DIRECTION ( 'NONE',  ( 0.4999999999999977240, 0.000000000000000000, 0.8660254037844398178 ) ) ;
#90 = VERTEX_POINT ( 'NONE', #5291 ) ;
#91 = ORIENTED_EDGE ( 'NONE', *, *, #2711, .F. ) ;
#92 = DIRECTION ( 'NONE',  ( 0.000000000000000000, 0.000000000000000000, 1.000000000000000000 ) ) ;
#93 = FACE_OUTER_BOUND ( 'NONE', #3989, .T. ) ;
#94 = LINE ( 'NONE', #3817, #6405 ) ;
#95 = EDGE_CURVE ( 'NONE', #3503, #2011, #2563, .T. ) ;
#96 = EDGE_CURVE ( 'NONE', #5052, #2106, #953, .T. ) ;
#97 = ORIENTED_EDGE ( 'NONE', *, *, #948, .F. ) ;
#98 = SPHERICAL_SURFACE ( 'NONE', #1627, 1.000000000000000000 ) ;
#99 = VERTEX_POINT ( 'NONE', #4735 ) ;
#100 = DIRECTION ( 'NONE',  ( 1.000000000000000000, 0.000000000000000000, -1.453678890483358486E-17 ) ) ;
#101 = LINE ( 'NONE', #4810, #3212 ) ;
#102 = CARTESIAN_POINT ( 'NONE',  ( 0.000000000000000000, 0.5000000000000281997, -5.000000000000000000 ) ) ;
#103 = VECTOR ( 'NONE', #814, 1000.000000000000000 ) ;
#104 = CARTESIAN_POINT ( 'NONE',  ( 179.0000000000000000, 3.000000000000000000, -7.000000000000000000 ) ) ;
#105 = EDGE_LOOP ( 'NONE', ( #2980, #1760 ) ) ;
#106 = VERTEX_POINT ( 'NONE', #4178 ) ;
#107 = CARTESIAN_POINT ( 'NONE',  ( 174.1165807537310002, 3.000000000000000000, -175.3000000000000682 ) ) ;
#108 = DIRECTION ( 'NONE',  ( 0.000000000000000000, 0.000000000000000000, 1.000000000000000000 ) ) ;
#109 = ORIENTED_EDGE ( 'NONE', *, *, #3473, .T. ) ;
#110 = DIRECTION ( 'NONE',  ( 0.000000000000000000, 6.938893903907227392E-16, -1.000000000000000000 ) ) ;
#111 = AXIS2_PLACEMENT_3D ( 'NONE', #340, #1970, #5165 ) ;
#112 = TOROIDAL_SURFACE ( 'NONE', #4688, 7.700207538209746794, 1.000000000000000000 ) ;
#113 = VERTEX_POINT ( 'NONE', #6296 ) ;
#114 =( NAMED_UNIT ( * ) SI_UNIT ( $, .STERADIAN. ) SOLID_ANGLE_UNIT ( ) );
#115 = ORIENTED_EDGE ( 'NONE', *, *, #6348, .T. ) ;
#116 = CARTESIAN_POINT ( 'NONE',  ( 182.0000000000000000, 4.000000000000003553, -15.00000000000001421 ) ) ;
#117 = AXIS2_PLACEMENT_3D ( 'NONE', #437, #4603, #859 ) ;
#118 = ADVANCED_FACE ( 'NONE', ( #1447 ), #1604, .F. ) ;
#119 = ORIENTED_EDGE ( 'NONE', *, *, #4948, .T. ) ;
#120 = DIRECTION ( 'NONE',  ( 0.000000000000000000, 0.000000000000000000, -1.000000000000000000 ) ) ;
#121 = CIRCLE ( 'NONE', #2457, 1.750000000000029310 ) ;
#122 = DIRECTION ( 'NONE',  ( 0.000000000000000000, 1.000000000000000000, 0.000000000000000000 ) ) ;
#123 = ORIENTED_EDGE ( 'NONE', *, *, #1856, .F. ) ;
#124 = VERTEX_POINT ( 'NONE', #5774 ) ;
#125 = DIRECTION ( 'NONE',  ( 0.000000000000000000, 0.000000000000000000, -1.000000000000000000 ) ) ;
#126 = LINE ( 'NONE', #2239, #4133 ) ;
#127 = LINE ( 'NONE', #6509, #3169 ) ;
#128 = VECTOR ( 'NONE', #2092, 1000.000000000000000 ) ;
#129 = DIRECTION ( 'NONE',  ( -0.000000000000000000, 0.000000000000000000, -1.000000000000000000 ) ) ;
#130 = AXIS2_PLACEMENT_3D ( 'NONE', #841, #1953, #2976 ) ;
#131 = ORIENTED_EDGE ( 'NONE', *, *, #1290, .T. ) ;
#132 = ADVANCED_FACE ( 'NONE', ( #3577, #5713 ), #929, .F. ) ;
#133 = CYLINDRICAL_SURFACE ( 'NONE', #6807, 2.000000000000001776 ) ;
#134 = DIRECTION ( 'NONE',  ( 0.000000000000000000, 1.000000000000000000, 0.000000000000000000 ) ) ;
#135 = DIRECTION ( 'NONE',  ( -0.000000000000000000, 0.000000000000000000, 1.000000000000000000 ) ) ;
#136 = VERTEX_POINT ( 'NONE', #1740 ) ;
#137 = DIRECTION ( 'NONE',  ( 0.000000000000000000, 0.000000000000000000, -1.000000000000000000 ) ) ;
#138 = ORIENTED_EDGE ( 'NONE', *, *, #5460, .F. ) ;
#139 = AXIS2_PLACEMENT_3D ( 'NONE', #190, #1113, #741 ) ;
#140 = ADVANCED_FACE ( 'NONE', ( #2238 ), #1673, .F. ) ;
#141 = EDGE_CURVE ( 'NONE', #3848, #2758, #4378, .T. ) ;
#142 = DIRECTION ( 'NONE',  ( 3.469446951953621091E-16, 0.000000000000000000, 1.000000000000000000 ) ) ;
#143 = EDGE_CURVE ( 'NONE', #4427, #2941, #3219, .T. ) ;
#144 = VERTEX_POINT ( 'NONE', #610 ) ;
#145 = TOROIDAL_SURFACE ( 'NONE', #4055, 7.700207538209741465, 1.000000000000000000 ) ;
#146 = ORIENTED_EDGE ( 'NONE', *, *, #4878, .F. ) ;
#147 = ORIENTED_EDGE ( 'NONE', *, *, #6852, .T. ) ;
#148 = EDGE_CURVE ( 'NONE', #3435, #1587, #4412, .T. ) ;
#149 = FACE_OUTER_BOUND ( 'NONE', #2332, .T. ) ;
#150 = FACE_OUTER_BOUND ( 'NONE', #204, .T. ) ;
#151 = AXIS2_PLACEMENT_3D ( 'NONE', #4117, #346, #4673 ) ;
#152 = ADVANCED_BREP_SHAPE_REPRESENTATION ( 'hop dien 04', ( #4252, #521 ), #4413 ) ;
#153 = ORIENTED_EDGE ( 'NONE', *, *, #6195, .F. ) ;
#154 = DIRECTION ( 'NONE',  ( 0.000000000000000000, -0.000000000000000000, -1.000000000000000000 ) ) ;
#155 = DIRECTION ( 'NONE',  ( 0.000000000000000000, 1.000000000000000000, 0.000000000000000000 ) ) ;
#156 = ORIENTED_EDGE ( 'NONE', *, *, #1421, .T. ) ;
#157 = EDGE_LOOP ( 'NONE', ( #1606, #3793 ) ) ;
#158 = AXIS2_PLACEMENT_3D ( 'NONE', #3165, #6879, #5302 ) ;
#159 = CARTESIAN_POINT ( 'NONE',  ( 185.0000000000000000, 92.00000000000000000, -10.00000000000000888 ) ) ;
#160 = DIRECTION ( 'NONE',  ( 0.000000000000000000, 0.000000000000000000, -1.000000000000000000 ) ) ;
#161 = DIRECTION ( 'NONE',  ( 0.000000000000000000, 0.000000000000000000, 1.000000000000000000 ) ) ;
#162 = VECTOR ( 'NONE', #5883, 1000.000000000000114 ) ;
#163 = CARTESIAN_POINT ( 'NONE',  ( 24.11658075373090782, 3.000000000000000000, -25.30000000000008598 ) ) ;
#164 = ORIENTED_EDGE ( 'NONE', *, *, #3972, .F. ) ;
#165 = LINE ( 'NONE', #2885, #1684 ) ;
#166 = VERTEX_POINT ( 'NONE', #6402 ) ;
#167 = EDGE_CURVE ( 'NONE', #4032, #2713, #708, .T. ) ;
#168 = VECTOR ( 'NONE', #4450, 1000.000000000000000 ) ;
#169 = CYLINDRICAL_SURFACE ( 'NONE', #3559, 5.000000000000000000 ) ;
#170 = CARTESIAN_POINT ( 'NONE',  ( 0.000000000000000000, 0.5000000000000281997, -190.0000000000000000 ) ) ;
#171 = DIRECTION ( 'NONE',  ( 0.000000000000000000, 0.000000000000000000, -1.000000000000000000 ) ) ;
#172 = ORIENTED_EDGE ( 'NONE', *, *, #4115, .T. ) ;
#173 = VECTOR ( 'NONE', #413, 1000.000000000000000 ) ;
#174 = CARTESIAN_POINT ( 'NONE',  ( 180.0000000000000000, 104.0000000000000000, -12.80000000000000604 ) ) ;
#175 = CARTESIAN_POINT ( 'NONE',  ( 22.49999999999995026, 7.000000000000000000, -28.04411906293531231 ) ) ;
#176 = AXIS2_PLACEMENT_3D ( 'NONE', #3882, #4443, #1770 ) ;
#177 = ORIENTED_EDGE ( 'NONE', *, *, #3675, .F. ) ;
#178 = VECTOR ( 'NONE', #1991, 1000.000000000000000 ) ;
#179 = DIRECTION ( 'NONE',  ( 3.469446951953621091E-16, 0.000000000000000000, 1.000000000000000000 ) ) ;
#180 = AXIS2_PLACEMENT_3D ( 'NONE', #833, #1901, #3089 ) ;
#181 = ADVANCED_FACE ( 'NONE', ( #1639 ), #6546, .F. ) ;
#182 = ADVANCED_FACE ( 'NONE', ( #3747 ), #3319, .T. ) ;
#183 = EDGE_LOOP ( 'NONE', ( #2599, #186 ) ) ;
#184 = VECTOR ( 'NONE', #2931, 1000.000000000000000 ) ;
#185 = FACE_BOUND ( 'NONE', #1406, .T. ) ;
#186 = ORIENTED_EDGE ( 'NONE', *, *, #2253, .T. ) ;
#187 = CIRCLE ( 'NONE', #3974, 1.749999999999999778 ) ;
#188 = CARTESIAN_POINT ( 'NONE',  ( 99.49999999999997158, 4.000000000000003553, -99.49999999999997158 ) ) ;
#189 = CARTESIAN_POINT ( 'NONE',  ( 98.49999999999995737, 282.7716446627535447, -195.0000000000000000 ) ) ;
#190 = CARTESIAN_POINT ( 'NONE',  ( 179.0000000000000000, 4.000000000000000000, -182.0000000000000000 ) ) ;
#191 = EDGE_CURVE ( 'NONE', #2591, #1205, #675, .T. ) ;
#192 = ORIENTED_EDGE ( 'NONE', *, *, #5460, .T. ) ;
#193 = CONICAL_SURFACE ( 'NONE', #1843, 5.000000000000018652, 0.3490658503988620098 ) ;
#194 = LINE ( 'NONE', #3918, #3280 ) ;
#195 = CARTESIAN_POINT ( 'NONE',  ( 169.2668384925381417, 3.000000000000000000, -22.50000000000009948 ) ) ;
#196 = VERTEX_POINT ( 'NONE', #2803 ) ;
#197 = ORIENTED_EDGE ( 'NONE', *, *, #2687, .T. ) ;
#198 = CARTESIAN_POINT ( 'NONE',  ( 5.000000000000004441, 7.000000000000000000, -172.5000000000000284 ) ) ;
#199 = FACE_OUTER_BOUND ( 'NONE', #6113, .T. ) ;
#200 = VECTOR ( 'NONE', #6557, 1000.000000000000000 ) ;
#201 = FACE_OUTER_BOUND ( 'NONE', #1133, .T. ) ;
#202 = DIRECTION ( 'NONE',  ( 0.000000000000000000, 0.000000000000000000, 1.000000000000000000 ) ) ;
#203 = EDGE_CURVE ( 'NONE', #658, #6271, #645, .T. ) ;
#204 = EDGE_LOOP ( 'NONE', ( #3672, #4851, #1213, #782 ) ) ;
#205 = DIRECTION ( 'NONE',  ( -1.438112726198389233E-16, 0.000000000000000000, -1.000000000000000000 ) ) ;
#206 = FACE_OUTER_BOUND ( 'NONE', #2446, .T. ) ;
#207 = ORIENTED_EDGE ( 'NONE', *, *, #4476, .F. ) ;
#208 = VERTEX_POINT ( 'NONE', #59 ) ;
#209 = CARTESIAN_POINT ( 'NONE',  ( 189.0000000000000000, 3.000000000000000000, 0.000000000000000000 ) ) ;
#210 = CARTESIAN_POINT ( 'NONE',  ( 95.50000000000000000, 385.7716446627536016, -5.000000000000000000 ) ) ;
#211 = CARTESIAN_POINT ( 'NONE',  ( 25.73316150746181918, -0.000000000000000000, -172.5000000000000284 ) ) ;
#212 = ADVANCED_FACE ( 'NONE', ( #4946 ), #4278, .F. ) ;
#213 = DIRECTION ( 'NONE',  ( 0.000000000000000000, 0.000000000000000000, -1.000000000000000000 ) ) ;
#214 = ORIENTED_EDGE ( 'NONE', *, *, #1798, .T. ) ;
#215 = DIRECTION ( 'NONE',  ( -0.000000000000000000, -1.000000000000000000, 0.000000000000000000 ) ) ;
#216 = AXIS2_PLACEMENT_3D ( 'NONE', #1680, #5882, #1166 ) ;
#217 = DIRECTION ( 'NONE',  ( 1.000000000000000000, -0.000000000000000000, -0.000000000000000000 ) ) ;
#218 = EDGE_LOOP ( 'NONE', ( #2665, #3341, #724 ) ) ;
#219 = ORIENTED_EDGE ( 'NONE', *, *, #6631, .T. ) ;
#220 = VERTEX_POINT ( 'NONE', #3350 ) ;
#221 = DIRECTION ( 'NONE',  ( 1.000000000000000000, 0.000000000000000000, 0.000000000000000000 ) ) ;
#222 = DIRECTION ( 'NONE',  ( 0.000000000000000000, -1.000000000000000000, 0.000000000000000000 ) ) ;
#223 = EDGE_CURVE ( 'NONE', #3128, #663, #3815, .T. ) ;
#224 = CARTESIAN_POINT ( 'NONE',  ( 178.0000000000000000, 4.000000000000003553, -6.999999999999999112 ) ) ;
#225 = EDGE_CURVE ( 'NONE', #5765, #2496, #5498, .T. ) ;
#226 = CARTESIAN_POINT ( 'NONE',  ( 170.8834192462690851, 0.000000000000000000, -175.3000000000000682 ) ) ;
#227 = VERTEX_POINT ( 'NONE', #4310 ) ;
#228 = CARTESIAN_POINT ( 'NONE',  ( 189.9999999999999716, 4.000000000000003553, -96.50000000000000000 ) ) ;
#229 = CARTESIAN_POINT ( 'NONE',  ( 182.0000000000000000, 121.1421356237309510, -13.00000000000001066 ) ) ;
#230 = EDGE_LOOP ( 'NONE', ( #2904, #1501, #1266, #609, #3522, #2272 ) ) ;
#231 = ORIENTED_EDGE ( 'NONE', *, *, #4277, .F. ) ;
#232 = VECTOR ( 'NONE', #5540, 1000.000000000000000 ) ;
#233 = CIRCLE ( 'NONE', #1338, 5.000000000000000000 ) ;
#234 = DIRECTION ( 'NONE',  ( 0.000000000000000000, -0.000000000000000000, 1.000000000000000000 ) ) ;
#235 = EDGE_CURVE ( 'NONE', #3597, #5800, #5906, .T. ) ;
#236 = EDGE_CURVE ( 'NONE', #4616, #1045, #5529, .T. ) ;
#237 = CARTESIAN_POINT ( 'NONE',  ( 95.50000000000000000, 4.000000000000000000, -6.000000000000000000 ) ) ;
#238 = LINE ( 'NONE', #5095, #2503 ) ;
#239 = ORIENTED_EDGE ( 'NONE', *, *, #4826, .T. ) ;
#240 = LINE ( 'NONE', #4952, #2029 ) ;
#241 = ORIENTED_EDGE ( 'NONE', *, *, #1856, .T. ) ;
#242 = VECTOR ( 'NONE', #4042, 1000.000000000000000 ) ;
#243 = DIRECTION ( 'NONE',  ( 0.000000000000000000, 0.000000000000000000, 1.000000000000000000 ) ) ;
#244 = CARTESIAN_POINT ( 'NONE',  ( 180.0000000000000000, 4.000000000000000000, -182.0000000000000000 ) ) ;
#245 = DIRECTION ( 'NONE',  ( 1.000000000000000000, 0.000000000000000000, -0.000000000000000000 ) ) ;
#246 = AXIS2_PLACEMENT_3D ( 'NONE', #3900, #245, #6592 ) ;
#247 =( NAMED_UNIT ( * ) PLANE_ANGLE_UNIT ( ) SI_UNIT ( $, .RADIAN. ) );
#248 = CARTESIAN_POINT ( 'NONE',  ( 174.1165807537310002, 3.000000000000000000, -175.3000000000000682 ) ) ;
#249 = DIRECTION ( 'NONE',  ( -0.4999999999999992784, 0.000000000000000000, 0.8660254037844390407 ) ) ;
#250 = EDGE_LOOP ( 'NONE', ( #6460, #1190, #3707, #618 ) ) ;
#251 = CARTESIAN_POINT ( 'NONE',  ( 172.5000000000000284, 3.000000000000000000, -30.20020753820976012 ) ) ;
#252 = FACE_OUTER_BOUND ( 'NONE', #1703, .T. ) ;
#253 = ORIENTED_EDGE ( 'NONE', *, *, #5719, .F. ) ;
#254 = ORIENTED_EDGE ( 'NONE', *, *, #1718, .T. ) ;
#255 = AXIS2_PLACEMENT_3D ( 'NONE', #637, #5530, #2761 ) ;
#256 = CARTESIAN_POINT ( 'NONE',  ( 20.88341924626897494, 0.000000000000000000, -175.3000000000000682 ) ) ;
#257 = ORIENTED_EDGE ( 'NONE', *, *, #2177, .T. ) ;
#258 = PLANE ( 'NONE',  #6424 ) ;
#259 = DIRECTION ( 'NONE',  ( 0.000000000000000000, -0.000000000000000000, -1.000000000000000000 ) ) ;
#260 = CARTESIAN_POINT ( 'NONE',  ( 187.2944047413413955, 93.00000000000000000, -173.0000000000000000 ) ) ;
#261 = CARTESIAN_POINT ( 'NONE',  ( 96.49999999999998579, 7.000000000000006217, -99.49999999999997158 ) ) ;
#262 = ORIENTED_EDGE ( 'NONE', *, *, #5923, .F. ) ;
#263 = DIRECTION ( 'NONE',  ( -0.7071067811865278108, -0.7071067811865673347, 0.000000000000000000 ) ) ;
#264 = EDGE_CURVE ( 'NONE', #136, #852, #2204, .T. ) ;
#265 = DIRECTION ( 'NONE',  ( 0.000000000000000000, 1.000000000000000000, 0.000000000000000000 ) ) ;
#266 = CIRCLE ( 'NONE', #4381, 1.000000000000000888 ) ;
#267 = ORIENTED_EDGE ( 'NONE', *, *, #273, .T. ) ;
#268 = EDGE_LOOP ( 'NONE', ( #539, #1596, #1140, #1655 ) ) ;
#269 = CARTESIAN_POINT ( 'NONE',  ( 98.49999999999995737, 4.000000000000003553, -189.0000000000000000 ) ) ;
#270 = DIRECTION ( 'NONE',  ( 0.000000000000000000, -1.000000000000000000, 0.000000000000000000 ) ) ;
#271 = CARTESIAN_POINT ( 'NONE',  ( 180.0000000000000000, 101.2999999999999972, -7.200000000000011724 ) ) ;
#272 = DIRECTION ( 'NONE',  ( -0.4999999999999970579, 0.000000000000000000, 0.8660254037844402619 ) ) ;
#273 = EDGE_CURVE ( 'NONE', #6150, #4336, #4855, .T. ) ;
#274 = EDGE_CURVE ( 'NONE', #6797, #4187, #5130, .T. ) ;
#275 = DIRECTION ( 'NONE',  ( 0.000000000000000000, 0.000000000000000000, 1.000000000000000000 ) ) ;
#276 = VERTEX_POINT ( 'NONE', #2878 ) ;
#277 = ORIENTED_EDGE ( 'NONE', *, *, #3515, .F. ) ;
#278 = CYLINDRICAL_SURFACE ( 'NONE', #345, 5.000000000000000888 ) ;
#279 = LINE ( 'NONE', #210, #1382 ) ;
#280 = CIRCLE ( 'NONE', #6629, 1.000000000000000888 ) ;
#281 = FACE_OUTER_BOUND ( 'NONE', #4367, .T. ) ;
#282 = ADVANCED_FACE ( 'NONE', ( #4073 ), #5093, .F. ) ;
#283 = CARTESIAN_POINT ( 'NONE',  ( 10.00000000000000178, 104.0000000000000000, -183.2500000000000000 ) ) ;
#284 = AXIS2_PLACEMENT_3D ( 'NONE', #4955, #621, #5335 ) ;
#285 = DIRECTION ( 'NONE',  ( 0.000000000000000000, 1.000000000000000000, 0.000000000000000000 ) ) ;
#286 = ORIENTED_EDGE ( 'NONE', *, *, #6079, .F. ) ;
#287 = CYLINDRICAL_SURFACE ( 'NONE', #2613, 1.000000000000000888 ) ;
#288 = DIRECTION ( 'NONE',  ( 1.000000000000000000, 0.000000000000000000, 0.000000000000000000 ) ) ;
#289 = AXIS2_PLACEMENT_3D ( 'NONE', #1749, #3898, #1513 ) ;
#290 = ORIENTED_EDGE ( 'NONE', *, *, #5468, .F. ) ;
#291 = AXIS2_PLACEMENT_3D ( 'NONE', #1928, #4227, #2576 ) ;
#292 = PLANE ( 'NONE',  #6135 ) ;
#293 = VERTEX_POINT ( 'NONE', #5539 ) ;
#294 = AXIS2_PLACEMENT_3D ( 'NONE', #922, #6733, #4604 ) ;
#295 = FACE_BOUND ( 'NONE', #4444, .T. ) ;
#296 = DIRECTION ( 'NONE',  ( 0.000000000000000000, 0.000000000000000000, -1.000000000000000000 ) ) ;
#297 = CARTESIAN_POINT ( 'NONE',  ( 170.8834192462690851, 0.000000000000000000, -169.7000000000001307 ) ) ;
#298 = VECTOR ( 'NONE', #6439, 1000.000000000000000 ) ;
#299 = CARTESIAN_POINT ( 'NONE',  ( 0.5000000000000004441, 0.000000000000000000, -190.0000000000000000 ) ) ;
#300 = ORIENTED_EDGE ( 'NONE', *, *, #648, .F. ) ;
#301 = VECTOR ( 'NONE', #2799, 1000.000000000000000 ) ;
#302 = EDGE_CURVE ( 'NONE', #5942, #6730, #1303, .T. ) ;
#303 = LINE ( 'NONE', #1333, #1768 ) ;
#304 = CIRCLE ( 'NONE', #1506, 4.500000000000000000 ) ;
#305 = DIRECTION ( 'NONE',  ( 1.000000000000000000, -0.000000000000000000, -0.000000000000000000 ) ) ;
#306 = VERTEX_POINT ( 'NONE', #2346 ) ;
#307 = EDGE_LOOP ( 'NONE', ( #3535, #3574, #2767, #2543 ) ) ;
#308 = DIRECTION ( 'NONE',  ( 0.000000000000000000, 0.000000000000000000, -1.000000000000000000 ) ) ;
#309 = CARTESIAN_POINT ( 'NONE',  ( 15.00000000000000355, 107.0000000000000000, -13.00000000000001066 ) ) ;
#310 = PLANE ( 'NONE',  #496 ) ;
#311 = CIRCLE ( 'NONE', #861, 1.000000000000000000 ) ;
#312 = EDGE_LOOP ( 'NONE', ( #6363, #6556, #5864, #5049 ) ) ;
#313 = SURFACE_STYLE_FILL_AREA ( #5062 ) ;
#314 = VERTEX_POINT ( 'NONE', #2426 ) ;
#315 = AXIS2_PLACEMENT_3D ( 'NONE', #1033, #3194, #5297 ) ;
#316 = ORIENTED_EDGE ( 'NONE', *, *, #6010, .T. ) ;
#317 = DIRECTION ( 'NONE',  ( 1.453678890483358486E-17, 0.000000000000000000, 1.000000000000000000 ) ) ;
#318 = DIRECTION ( 'NONE',  ( 0.000000000000000000, 0.000000000000000000, -1.000000000000000000 ) ) ;
#319 = EDGE_CURVE ( 'NONE', #662, #5785, #3623, .T. ) ;
#320 = ADVANCED_FACE ( 'NONE', ( #3389, #3922 ), #4563, .T. ) ;
#321 = FACE_OUTER_BOUND ( 'NONE', #2903, .T. ) ;
#322 = CARTESIAN_POINT ( 'NONE',  ( 190.0000000000000000, 4.000000000000003553, -17.00000000000001421 ) ) ;
#323 = EDGE_LOOP ( 'NONE', ( #5462, #713, #462, #6120, #5756, #4228, #1983, #1008 ) ) ;
#324 = DIRECTION ( 'NONE',  ( -1.000000000000000000, 0.000000000000000000, 0.000000000000000000 ) ) ;
#325 = EDGE_CURVE ( 'NONE', #2496, #1394, #1502, .T. ) ;
#326 = ORIENTED_EDGE ( 'NONE', *, *, #2757, .T. ) ;
#327 = CARTESIAN_POINT ( 'NONE',  ( 20.88341924626906021, 3.000000000000000000, -169.7000000000000739 ) ) ;
#328 = VERTEX_POINT ( 'NONE', #6192 ) ;
#329 = AXIS2_PLACEMENT_3D ( 'NONE', #1730, #1694, #2336 ) ;
#330 = CARTESIAN_POINT ( 'NONE',  ( 95.50000000000000000, 4.000000000000003553, -5.000000000000000000 ) ) ;
#331 = CYLINDRICAL_SURFACE ( 'NONE', #3312, 1.750000000000039746 ) ;
#332 = CARTESIAN_POINT ( 'NONE',  ( 5.000000000000000000, 0.000000000000000000, -190.0000000000000000 ) ) ;
#333 = ORIENTED_EDGE ( 'NONE', *, *, #4948, .F. ) ;
#334 = CARTESIAN_POINT ( 'NONE',  ( 6.766838492538109762, 101.2999999999999972, -184.9999999999999716 ) ) ;
#335 = DIRECTION ( 'NONE',  ( 0.000000000000000000, -1.000000000000000000, 0.000000000000000000 ) ) ;
#336 = ORIENTED_EDGE ( 'NONE', *, *, #4195, .T. ) ;
#337 = ORIENTED_EDGE ( 'NONE', *, *, #4667, .T. ) ;
#338 = DIRECTION ( 'NONE',  ( 0.000000000000000000, 0.000000000000000000, -1.000000000000000000 ) ) ;
#339 = DIRECTION ( 'NONE',  ( -1.000000000000000000, 0.000000000000000000, 0.000000000000000000 ) ) ;
#340 = CARTESIAN_POINT ( 'NONE',  ( 95.49999999999997158, 4.000000000000003553, -195.0000000000000000 ) ) ;
#341 = ADVANCED_FACE ( 'NONE', ( #6038 ), #6660, .F. ) ;
#342 = CARTESIAN_POINT ( 'NONE',  ( 95.49999999999998579, 3.000000000000000000, -95.50000000000000000 ) ) ;
#343 = EDGE_LOOP ( 'NONE', ( #404, #153, #5948, #1964 ) ) ;
#344 = AXIS2_PLACEMENT_3D ( 'NONE', #6258, #407, #2993 ) ;
#345 = AXIS2_PLACEMENT_3D ( 'NONE', #2397, #4537, #1862 ) ;
#346 = DIRECTION ( 'NONE',  ( 1.000000000000000000, 0.000000000000000000, 0.000000000000000000 ) ) ;
#347 = ORIENTED_EDGE ( 'NONE', *, *, #6366, .T. ) ;
#348 = ORIENTED_EDGE ( 'NONE', *, *, #6840, .T. ) ;
#349 = DIRECTION ( 'NONE',  ( -1.000000000000000000, -0.000000000000000000, 1.453678890483358486E-17 ) ) ;
#350 = CARTESIAN_POINT ( 'NONE',  ( 8.383419246269063763, 101.2999999999999972, -187.7999999999999829 ) ) ;
#351 = PLANE ( 'NONE',  #1776 ) ;
#352 = VECTOR ( 'NONE', #5075, 1000.000000000000000 ) ;
#353 = CARTESIAN_POINT ( 'NONE',  ( 15.00000000000000000, 104.0000000000000000, -189.9999999999999716 ) ) ;
#354 = EDGE_CURVE ( 'NONE', #411, #5959, #4194, .T. ) ;
#355 = DIRECTION ( 'NONE',  ( -1.000000000000000000, -0.000000000000000000, -0.000000000000000000 ) ) ;
#356 = ORIENTED_EDGE ( 'NONE', *, *, #6488, .T. ) ;
#357 = DIRECTION ( 'NONE',  ( 0.000000000000000000, 0.000000000000000000, -1.000000000000000000 ) ) ;
#358 = CARTESIAN_POINT ( 'NONE',  ( 170.8834192462690851, 3.000000000000000000, -169.7000000000001307 ) ) ;
#359 = AXIS2_PLACEMENT_3D ( 'NONE', #1827, #2248, #2320 ) ;
#360 = ORIENTED_EDGE ( 'NONE', *, *, #920, .T. ) ;
#361 = EDGE_CURVE ( 'NONE', #99, #4427, #4001, .T. ) ;
#362 = DIRECTION ( 'NONE',  ( 1.000000000000000000, 0.000000000000000000, 0.000000000000000000 ) ) ;
#363 = CARTESIAN_POINT ( 'NONE',  ( 174.1165807537310286, 0.000000000000000000, -25.30000000000007176 ) ) ;
#364 = FACE_BOUND ( 'NONE', #1144, .T. ) ;
#365 = DIRECTION ( 'NONE',  ( 1.000000000000000000, -0.000000000000000000, -0.000000000000000000 ) ) ;
#366 = CIRCLE ( 'NONE', #31, 1.000000000000000888 ) ;
#367 = VERTEX_POINT ( 'NONE', #3499 ) ;
#368 = CARTESIAN_POINT ( 'NONE',  ( 188.0000000000000000, 121.1421356237309510, -180.0000000000000000 ) ) ;
#369 = ADVANCED_FACE ( 'NONE', ( #4486, #6616 ), #1932, .F. ) ;
#370 = ORIENTED_EDGE ( 'NONE', *, *, #1403, .F. ) ;
#371 = EDGE_LOOP ( 'NONE', ( #4749, #4356, #4904, #1842 ) ) ;
#372 = DIRECTION ( 'NONE',  ( 1.000000000000000000, 0.000000000000000000, -2.876225452396777974E-16 ) ) ;
#373 = DIRECTION ( 'NONE',  ( -0.000000000000000000, -1.000000000000000000, -0.000000000000000000 ) ) ;
#374 = FACE_OUTER_BOUND ( 'NONE', #323, .T. ) ;
#375 = FACE_OUTER_BOUND ( 'NONE', #230, .T. ) ;
#376 = CARTESIAN_POINT ( 'NONE',  ( 22.49999999999995026, 4.000000000000000000, -30.20020753820981696 ) ) ;
#377 = ORIENTED_EDGE ( 'NONE', *, *, #1646, .T. ) ;
#378 = VECTOR ( 'NONE', #89, 1000.000000000000114 ) ;
#379 = DIRECTION ( 'NONE',  ( 0.000000000000000000, -1.000000000000000000, 0.000000000000000000 ) ) ;
#380 = ORIENTED_EDGE ( 'NONE', *, *, #1142, .T. ) ;
#381 = ORIENTED_EDGE ( 'NONE', *, *, #3613, .F. ) ;
#382 = FACE_OUTER_BOUND ( 'NONE', #6222, .T. ) ;
#383 = CARTESIAN_POINT ( 'NONE',  ( 185.0000000000000000, 107.0000000000000000, -185.0000000000000000 ) ) ;
#384 = DIRECTION ( 'NONE',  ( 0.000000000000000000, 1.000000000000000000, 0.000000000000000000 ) ) ;
#385 = EDGE_CURVE ( 'NONE', #4547, #3696, #4658, .T. ) ;
#386 = CARTESIAN_POINT ( 'NONE',  ( 188.2331615074618867, 101.2999999999999972, -10.00000000000003730 ) ) ;
#387 = EDGE_LOOP ( 'NONE', ( #2551, #6545, #4391, #347 ) ) ;
#388 = CIRCLE ( 'NONE', #4282, 1.000000000000000888 ) ;
#389 = CARTESIAN_POINT ( 'NONE',  ( 22.49999999999995026, 3.657979856674334673, -22.50000000000004619 ) ) ;
#390 = DIRECTION ( 'NONE',  ( 0.000000000000000000, 1.000000000000000000, 0.000000000000000000 ) ) ;
#391 = EDGE_CURVE ( 'NONE', #5720, #4703, #304, .T. ) ;
#392 = VERTEX_POINT ( 'NONE', #269 ) ;
#393 = ORIENTED_EDGE ( 'NONE', *, *, #862, .F. ) ;
#394 = AXIS2_PLACEMENT_3D ( 'NONE', #1583, #3720, #3791 ) ;
#395 = LINE ( 'NONE', #6818, #4681 ) ;
#396 = DIRECTION ( 'NONE',  ( 0.8660254037844380415, 0.000000000000000000, -0.5000000000000012212 ) ) ;
#397 = ADVANCED_FACE ( 'NONE', ( #6695 ), #6115, .F. ) ;
#398 = EDGE_CURVE ( 'NONE', #970, #2119, #2310, .T. ) ;
#399 = AXIS2_PLACEMENT_3D ( 'NONE', #6848, #6186, #3493 ) ;
#400 = CYLINDRICAL_SURFACE ( 'NONE', #6603, 4.999999999999976907 ) ;
#401 = ORIENTED_EDGE ( 'NONE', *, *, #5525, .F. ) ;
#402 = CARTESIAN_POINT ( 'NONE',  ( 188.0000000000000000, 4.000000000000003553, -17.00000000000001421 ) ) ;
#403 = VECTOR ( 'NONE', #272, 1000.000000000000114 ) ;
#404 = ORIENTED_EDGE ( 'NONE', *, *, #2186, .T. ) ;
#405 = VECTOR ( 'NONE', #4528, 1000.000000000000000 ) ;
#406 = CARTESIAN_POINT ( 'NONE',  ( 5.000000000000000000, 0.000000000000000000, -190.0000000000000000 ) ) ;
#407 = DIRECTION ( 'NONE',  ( 0.000000000000000000, 1.000000000000000000, 0.000000000000000000 ) ) ;
#408 = CARTESIAN_POINT ( 'NONE',  ( 5.000000000000004441, 12.50000000000002842, -178.0000000000000000 ) ) ;
#409 = EDGE_CURVE ( 'NONE', #3731, #1427, #187, .T. ) ;
#410 = TOROIDAL_SURFACE ( 'NONE', #2280, 1.000000000000000000, 1.000000000000000000 ) ;
#411 = VERTEX_POINT ( 'NONE', #6324 ) ;
#412 = VECTOR ( 'NONE', #889, 1000.000000000000000 ) ;
#413 = DIRECTION ( 'NONE',  ( -0.7071067811865279218, 0.7071067811865672237, 0.000000000000000000 ) ) ;
#414 = CARTESIAN_POINT ( 'NONE',  ( 183.3834192462690567, 101.2999999999999972, -187.7999999999999829 ) ) ;
#415 = ORIENTED_EDGE ( 'NONE', *, *, #2641, .F. ) ;
#416 = VERTEX_POINT ( 'NONE', #2490 ) ;
#417 = FACE_OUTER_BOUND ( 'NONE', #5138, .T. ) ;
#418 = CIRCLE ( 'NONE', #6309, 2.000000000000001776 ) ;
#419 = CARTESIAN_POINT ( 'NONE',  ( 178.0000000000000000, 4.000000000000000000, -189.0000000000000000 ) ) ;
#420 = LINE ( 'NONE', #6710, #6825 ) ;
#421 = ORIENTED_EDGE ( 'NONE', *, *, #2718, .F. ) ;
#422 = AXIS2_PLACEMENT_3D ( 'NONE', #5950, #1174, #3441 ) ;
#423 = CARTESIAN_POINT ( 'NONE',  ( 0.000000000000000000, 0.5000000000000281997, -5.000000000000000000 ) ) ;
#424 = ORIENTED_EDGE ( 'NONE', *, *, #4438, .T. ) ;
#425 = EDGE_CURVE ( 'NONE', #2216, #2591, #3079, .T. ) ;
#426 = DIRECTION ( 'NONE',  ( 0.000000000000000000, 0.000000000000000000, -1.000000000000000000 ) ) ;
#427 = ORIENTED_EDGE ( 'NONE', *, *, #4900, .T. ) ;
#428 = ORIENTED_EDGE ( 'NONE', *, *, #2757, .F. ) ;
#429 = DIRECTION ( 'NONE',  ( -0.000000000000000000, 1.000000000000000000, -0.000000000000000000 ) ) ;
#430 = CARTESIAN_POINT ( 'NONE',  ( 5.000000000000004441, 17.50000000000002842, -17.00000000000000000 ) ) ;
#431 = VERTEX_POINT ( 'NONE', #1503 ) ;
#432 = LINE ( 'NONE', #3176, #6302 ) ;
#433 = ORIENTED_EDGE ( 'NONE', *, *, #3196, .F. ) ;
#434 = EDGE_CURVE ( 'NONE', #3183, #5192, #2624, .T. ) ;
#435 = EDGE_CURVE ( 'NONE', #5909, #2605, #2584, .T. ) ;
#436 = CARTESIAN_POINT ( 'NONE',  ( 24.11658075373090782, 3.000000000000000000, -25.30000000000008598 ) ) ;
#437 = CARTESIAN_POINT ( 'NONE',  ( 13.00000000000000355, 3.000000000000000000, -13.00000000000001066 ) ) ;
#438 = AXIS2_PLACEMENT_3D ( 'NONE', #1328, #2943, #6067 ) ;
#439 = ORIENTED_EDGE ( 'NONE', *, *, #6846, .T. ) ;
#440 = DIRECTION ( 'NONE',  ( -0.000000000000000000, 0.000000000000000000, 1.000000000000000000 ) ) ;
#441 = PLANE ( 'NONE',  #6383 ) ;
#442 = VERTEX_POINT ( 'NONE', #4762 ) ;
#443 = ADVANCED_FACE ( 'NONE', ( #3023 ), #5705, .F. ) ;
#444 = EDGE_CURVE ( 'NONE', #548, #6690, #1173, .T. ) ;
#445 = LINE ( 'NONE', #3155, #3967 ) ;
#446 = CARTESIAN_POINT ( 'NONE',  ( 98.49999999999997158, 7.000000000000006217, -96.50000000000000000 ) ) ;
#447 = CARTESIAN_POINT ( 'NONE',  ( 95.49999999999997158, 4.000000000000003553, -189.0000000000000000 ) ) ;
#448 = CARTESIAN_POINT ( 'NONE',  ( 15.00000000000000000, 104.0000000000000000, -187.7999999999999829 ) ) ;
#449 = VECTOR ( 'NONE', #6552, 1000.000000000000000 ) ;
#450 = PLANE ( 'NONE',  #6613 ) ;
#451 = CARTESIAN_POINT ( 'NONE',  ( 95.49999999999998579, 7.000000000000006217, -98.49999999999997158 ) ) ;
#452 = EDGE_CURVE ( 'NONE', #3696, #1427, #983, .T. ) ;
#453 = ORIENTED_EDGE ( 'NONE', *, *, #6009, .T. ) ;
#454 = AXIS2_PLACEMENT_3D ( 'NONE', #5019, #5576, #750 ) ;
#455 = DIRECTION ( 'NONE',  ( 0.000000000000000000, 1.000000000000000000, 0.000000000000000000 ) ) ;
#456 = ORIENTED_EDGE ( 'NONE', *, *, #1968, .T. ) ;
#457 = DIRECTION ( 'NONE',  ( 1.000000000000000000, -0.000000000000000000, 0.000000000000000000 ) ) ;
#458 = DIRECTION ( 'NONE',  ( 0.000000000000000000, 0.000000000000000000, -1.000000000000000000 ) ) ;
#459 = ORIENTED_EDGE ( 'NONE', *, *, #3983, .F. ) ;
#460 = CARTESIAN_POINT ( 'NONE',  ( 5.000000000000000000, 110.0000000000000000, -195.0000000000000000 ) ) ;
#461 = VECTOR ( 'NONE', #2653, 1000.000000000000000 ) ;
#462 = ORIENTED_EDGE ( 'NONE', *, *, #3870, .T. ) ;
#463 = DIRECTION ( 'NONE',  ( -0.000000000000000000, -1.000000000000000000, -0.000000000000000000 ) ) ;
#464 = ORIENTED_EDGE ( 'NONE', *, *, #236, .T. ) ;
#465 = DIRECTION ( 'NONE',  ( -0.000000000000000000, -1.000000000000000000, -0.000000000000000000 ) ) ;
#466 = EDGE_CURVE ( 'NONE', #5431, #99, #3143, .T. ) ;
#467 = DIRECTION ( 'NONE',  ( 0.000000000000000000, -1.000000000000000000, 0.000000000000000000 ) ) ;
#468 = ORIENTED_EDGE ( 'NONE', *, *, #2345, .F. ) ;
#469 = CYLINDRICAL_SURFACE ( 'NONE', #5298, 1.750000000000015543 ) ;
#470 = DIRECTION ( 'NONE',  ( 1.000000000000000000, 0.000000000000000000, 0.000000000000000000 ) ) ;
#471 = VECTOR ( 'NONE', #5569, 1000.000000000000000 ) ;
#472 = ORIENTED_EDGE ( 'NONE', *, *, #3799, .F. ) ;
#473 = ORIENTED_EDGE ( 'NONE', *, *, #2389, .T. ) ;
#474 = CARTESIAN_POINT ( 'NONE',  ( 185.0000000000000000, 107.0000000000000000, -185.0000000000000000 ) ) ;
#475 = CARTESIAN_POINT ( 'NONE',  ( 178.0000000000000000, 4.000000000000000000, -6.000000000000000000 ) ) ;
#476 = CYLINDRICAL_SURFACE ( 'NONE', #6515, 1.000000000000000888 ) ;
#477 = EDGE_CURVE ( 'NONE', #6544, #2592, #2522, .T. ) ;
#478 = LINE ( 'NONE', #1127, #4570 ) ;
#479 = EDGE_LOOP ( 'NONE', ( #1355, #3317, #4865, #6157 ) ) ;
#480 = AXIS2_PLACEMENT_3D ( 'NONE', #4880, #2314, #275 ) ;
#481 = DIRECTION ( 'NONE',  ( -0.000000000000000000, -1.000000000000000000, -0.000000000000000000 ) ) ;
#482 = DIRECTION ( 'NONE',  ( 0.000000000000000000, 0.000000000000000000, 1.000000000000000000 ) ) ;
#483 = ADVANCED_FACE ( 'NONE', ( #6355 ), #6857, .F. ) ;
#484 = ORIENTED_EDGE ( 'NONE', *, *, #728, .F. ) ;
#485 = VERTEX_POINT ( 'NONE', #4236 ) ;
#486 = AXIS2_PLACEMENT_3D ( 'NONE', #5760, #6248, #4164 ) ;
#487 = PLANE ( 'NONE',  #3730 ) ;
#488 = VERTEX_POINT ( 'NONE', #1560 ) ;
#489 = DIRECTION ( 'NONE',  ( 1.000000000000000000, 0.000000000000000000, 0.000000000000000000 ) ) ;
#490 = CARTESIAN_POINT ( 'NONE',  ( 169.2668384925381417, 3.000000000000000000, -172.5000000000000853 ) ) ;
#491 = ADVANCED_FACE ( 'NONE', ( #497, #3661 ), #3108, .F. ) ;
#492 = ORIENTED_EDGE ( 'NONE', *, *, #4220, .F. ) ;
#493 = ORIENTED_EDGE ( 'NONE', *, *, #148, .F. ) ;
#494 = FACE_BOUND ( 'NONE', #4271, .T. ) ;
#495 = ORIENTED_EDGE ( 'NONE', *, *, #4276, .T. ) ;
#496 = AXIS2_PLACEMENT_3D ( 'NONE', #5467, #6080, #2921 ) ;
#497 = FACE_BOUND ( 'NONE', #4126, .T. ) ;
#498 = EDGE_CURVE ( 'NONE', #6453, #2106, #2977, .T. ) ;
#499 = CARTESIAN_POINT ( 'NONE',  ( 172.5000000000000284, 3.000000000000000000, -22.50000000000002132 ) ) ;
#500 = ORIENTED_EDGE ( 'NONE', *, *, #995, .T. ) ;
#501 = VECTOR ( 'NONE', #3025, 1000.000000000000000 ) ;
#502 = CARTESIAN_POINT ( 'NONE',  ( 24.11658075373082610, 3.000000000000000000, -175.3000000000000966 ) ) ;
#503 = VECTOR ( 'NONE', #1423, 1000.000000000000000 ) ;
#504 = DIRECTION ( 'NONE',  ( 0.000000000000000000, 0.000000000000000000, 1.000000000000000000 ) ) ;
#505 = ORIENTED_EDGE ( 'NONE', *, *, #5519, .T. ) ;
#506 = VERTEX_POINT ( 'NONE', #4110 ) ;
#507 = CARTESIAN_POINT ( 'NONE',  ( 0.000000000000000000, 3.000000000000000000, 0.000000000000000000 ) ) ;
#508 = CARTESIAN_POINT ( 'NONE',  ( 95.50000000000000000, 7.000000000000006217, -6.000000000000005329 ) ) ;
#509 = CARTESIAN_POINT ( 'NONE',  ( 10.00000000000000178, 101.2999999999999972, -183.2500000000000000 ) ) ;
#510 = AXIS2_PLACEMENT_3D ( 'NONE', #5836, #3641, #5326 ) ;
#511 = DIRECTION ( 'NONE',  ( -0.000000000000000000, 1.000000000000000000, -0.000000000000000000 ) ) ;
#512 = EDGE_CURVE ( 'NONE', #3764, #1521, #4860, .T. ) ;
#513 = CARTESIAN_POINT ( 'NONE',  ( 187.0000000000000000, 385.7716446627536016, -190.0000000000000000 ) ) ;
#514 = FACE_OUTER_BOUND ( 'NONE', #2682, .T. ) ;
#515 = VECTOR ( 'NONE', #465, 1000.000000000000000 ) ;
#516 = ORIENTED_EDGE ( 'NONE', *, *, #4511, .F. ) ;
#517 = ADVANCED_FACE ( 'NONE', ( #1468 ), #2286, .T. ) ;
#518 = EDGE_CURVE ( 'NONE', #3052, #662, #1839, .T. ) ;
#519 = CARTESIAN_POINT ( 'NONE',  ( 99.50000000000000000, 3.000000000000000000, -6.000000000000000000 ) ) ;
#520 = CARTESIAN_POINT ( 'NONE',  ( 10.00000000000000178, 104.0000000000000000, -10.00000000000000888 ) ) ;
#521 = AXIS2_PLACEMENT_3D ( 'NONE', #2226, #4366, #3835 ) ;
#522 = PLANE ( 'NONE',  #4363 ) ;
#523 = CIRCLE ( 'NONE', #4990, 1.000000000000000888 ) ;
#524 = ORIENTED_EDGE ( 'NONE', *, *, #3772, .F. ) ;
#525 = LINE ( 'NONE', #5343, #3726 ) ;
#526 = ORIENTED_EDGE ( 'NONE', *, *, #6190, .T. ) ;
#527 = EDGE_CURVE ( 'NONE', #6313, #3387, #5734, .T. ) ;
#528 = VECTOR ( 'NONE', #75, 1000.000000000000000 ) ;
#529 = DIRECTION ( 'NONE',  ( 0.000000000000000000, -1.000000000000000000, 0.000000000000000000 ) ) ;
#530 = DIRECTION ( 'NONE',  ( 0.000000000000000000, 0.000000000000000000, -1.000000000000000000 ) ) ;
#531 = ORIENTED_EDGE ( 'NONE', *, *, #6017, .T. ) ;
#532 = CARTESIAN_POINT ( 'NONE',  ( 24.11658075373088295, 0.000000000000000000, -169.7000000000000739 ) ) ;
#533 = ORIENTED_EDGE ( 'NONE', *, *, #5221, .F. ) ;
#534 = CARTESIAN_POINT ( 'NONE',  ( 170.8834192462691135, 0.000000000000000000, -25.30000000000006821 ) ) ;
#535 = DIRECTION ( 'NONE',  ( -1.000000000000000000, 0.000000000000000000, -0.000000000000000000 ) ) ;
#536 = LINE ( 'NONE', #3111, #6820 ) ;
#537 = EDGE_LOOP ( 'NONE', ( #4514, #3020, #4536, #3694, #6529, #4683, #5793, #1739, #2267 ) ) ;
#538 = LINE ( 'NONE', #3671, #39 ) ;
#539 = ORIENTED_EDGE ( 'NONE', *, *, #6604, .T. ) ;
#540 = ORIENTED_EDGE ( 'NONE', *, *, #319, .F. ) ;
#541 = CARTESIAN_POINT ( 'NONE',  ( 188.2331615074618867, 101.2999999999999972, -184.9999999999999716 ) ) ;
#542 = CIRCLE ( 'NONE', #1199, 5.000000000000004441 ) ;
#543 = DIRECTION ( 'NONE',  ( -0.000000000000000000, -1.000000000000000000, -0.000000000000000000 ) ) ;
#544 = DIRECTION ( 'NONE',  ( 0.000000000000000000, 1.000000000000000000, 0.000000000000000000 ) ) ;
#545 = LINE ( 'NONE', #4281, #2353 ) ;
#546 = FACE_OUTER_BOUND ( 'NONE', #6514, .T. ) ;
#547 = DIRECTION ( 'NONE',  ( 0.000000000000000000, 0.000000000000000000, -1.000000000000000000 ) ) ;
#548 = VERTEX_POINT ( 'NONE', #4695 ) ;
#549 = DIRECTION ( 'NONE',  ( -1.000000000000000000, 0.000000000000000000, 0.000000000000000000 ) ) ;
#550 = LINE ( 'NONE', #5370, #162 ) ;
#551 = AXIS2_PLACEMENT_3D ( 'NONE', #4457, #1784, #243 ) ;
#552 = CARTESIAN_POINT ( 'NONE',  ( 172.5000000000000284, 7.000000000000000000, -22.50000000000002132 ) ) ;
#553 = ORIENTED_EDGE ( 'NONE', *, *, #4820, .F. ) ;
#554 = ADVANCED_FACE ( 'NONE', ( #6827 ), #3736, .F. ) ;
#555 = ORIENTED_EDGE ( 'NONE', *, *, #3704, .F. ) ;
#556 = AXIS2_PLACEMENT_3D ( 'NONE', #4218, #3188, #1540 ) ;
#557 = VECTOR ( 'NONE', #6268, 1000.000000000000000 ) ;
#558 = CARTESIAN_POINT ( 'NONE',  ( 182.0000000000000000, 121.1421356237309510, -182.0000000000000000 ) ) ;
#559 = ORIENTED_EDGE ( 'NONE', *, *, #3927, .F. ) ;
#560 = LINE ( 'NONE', #6347, #2179 ) ;
#561 = EDGE_CURVE ( 'NONE', #4215, #2053, #1693, .T. ) ;
#562 = EDGE_CURVE ( 'NONE', #2452, #2705, #2063, .T. ) ;
#563 = ORIENTED_EDGE ( 'NONE', *, *, #5761, .T. ) ;
#564 = FILL_AREA_STYLE_COLOUR ( '', #1177 ) ;
#565 = VERTEX_POINT ( 'NONE', #1666 ) ;
#566 = VECTOR ( 'NONE', #179, 1000.000000000000000 ) ;
#567 = CARTESIAN_POINT ( 'NONE',  ( 190.0000000000000000, 0.000000000000000000, -190.0000000000000000 ) ) ;
#568 = FACE_OUTER_BOUND ( 'NONE', #2762, .T. ) ;
#569 = VECTOR ( 'NONE', #5840, 1000.000000000000000 ) ;
#570 = CARTESIAN_POINT ( 'NONE',  ( 183.3834192462690567, 104.0000000000000000, -12.80000000000000604 ) ) ;
#571 = EDGE_CURVE ( 'NONE', #5959, #6138, #48, .T. ) ;
#572 = VERTEX_POINT ( 'NONE', #3210 ) ;
#573 = DIRECTION ( 'NONE',  ( -0.000000000000000000, 1.000000000000000000, -0.000000000000000000 ) ) ;
#574 = LINE ( 'NONE', #642, #378 ) ;
#575 = EDGE_LOOP ( 'NONE', ( #6775, #555, #1013, #3820, #2250, #433 ) ) ;
#576 = ORIENTED_EDGE ( 'NONE', *, *, #6236, .F. ) ;
#577 = DIRECTION ( 'NONE',  ( -1.000000000000000000, 0.000000000000000000, -0.000000000000000000 ) ) ;
#578 = DIRECTION ( 'NONE',  ( 0.000000000000000000, 0.000000000000000000, 1.000000000000000000 ) ) ;
#579 = CARTESIAN_POINT ( 'NONE',  ( 19.26683849253807423, 3.000000000000000000, -22.50000000000010658 ) ) ;
#580 = EDGE_CURVE ( 'NONE', #5192, #5785, #2720, .T. ) ;
#581 = VECTOR ( 'NONE', #5638, 1000.000000000000227 ) ;
#582 = LINE ( 'NONE', #3325, #1581 ) ;
#583 = ORIENTED_EDGE ( 'NONE', *, *, #2995, .T. ) ;
#584 = CARTESIAN_POINT ( 'NONE',  ( 170.8834192462690851, 3.000000000000000000, -175.3000000000000682 ) ) ;
#585 = LINE ( 'NONE', #35, #5943 ) ;
#586 = FACE_OUTER_BOUND ( 'NONE', #6400, .T. ) ;
#587 = ORIENTED_EDGE ( 'NONE', *, *, #4205, .T. ) ;
#588 = ADVANCED_FACE ( 'NONE', ( #635 ), #3273, .F. ) ;
#589 = ORIENTED_EDGE ( 'NONE', *, *, #4814, .F. ) ;
#590 = EDGE_LOOP ( 'NONE', ( #3866, #5816, #23, #3118, #6490 ) ) ;
#591 =( GEOMETRIC_REPRESENTATION_CONTEXT ( 3 ) GLOBAL_UNCERTAINTY_ASSIGNED_CONTEXT ( ( #2072 ) ) GLOBAL_UNIT_ASSIGNED_CONTEXT ( ( #2430, #6085, #6624 ) ) REPRESENTATION_CONTEXT ( 'NONE', 'WORKASPACE' ) );
#592 = CARTESIAN_POINT ( 'NONE',  ( 5.000000000000000000, 110.0000000000000000, 0.000000000000000000 ) ) ;
#593 = DIRECTION ( 'NONE',  ( 0.000000000000000000, 0.000000000000000000, 1.000000000000000000 ) ) ;
#594 = VERTEX_POINT ( 'NONE', #3770 ) ;
#595 = CARTESIAN_POINT ( 'NONE',  ( 22.49999999999995026, 7.000000000000000000, -22.50000000000004619 ) ) ;
#596 = VERTEX_POINT ( 'NONE', #2157 ) ;
#597 = DIRECTION ( 'NONE',  ( 0.000000000000000000, 0.000000000000000000, -1.000000000000000000 ) ) ;
#598 = ORIENTED_EDGE ( 'NONE', *, *, #3239, .T. ) ;
#599 = LINE ( 'NONE', #116, #3071 ) ;
#600 = EDGE_CURVE ( 'NONE', #4081, #3443, #3854, .T. ) ;
#601 = ADVANCED_FACE ( 'NONE', ( #2759 ), #4897, .T. ) ;
#602 = CARTESIAN_POINT ( 'NONE',  ( 180.0000000000000000, 104.0000000000000000, -7.200000000000011724 ) ) ;
#603 = CARTESIAN_POINT ( 'NONE',  ( 188.0000000000000000, 4.000000000000003553, -16.00000000000001421 ) ) ;
#604 = ORIENTED_EDGE ( 'NONE', *, *, #3391, .F. ) ;
#605 = DIRECTION ( 'NONE',  ( -3.469446951953621091E-16, 0.000000000000000000, -1.000000000000000000 ) ) ;
#606 = VECTOR ( 'NONE', #4500, 1000.000000000000000 ) ;
#607 = FACE_OUTER_BOUND ( 'NONE', #6694, .T. ) ;
#608 = ORIENTED_EDGE ( 'NONE', *, *, #6812, .T. ) ;
#609 = ORIENTED_EDGE ( 'NONE', *, *, #3261, .T. ) ;
#610 = CARTESIAN_POINT ( 'NONE',  ( 190.0000000000000000, 0.5000000000000281997, 0.000000000000000000 ) ) ;
#611 = EDGE_CURVE ( 'NONE', #2256, #2285, #599, .T. ) ;
#612 = DIRECTION ( 'NONE',  ( 0.000000000000000000, -1.000000000000000000, 0.000000000000000000 ) ) ;
#613 = DIRECTION ( 'NONE',  ( -1.000000000000000000, 0.000000000000000000, 0.000000000000000000 ) ) ;
#614 = AXIS2_PLACEMENT_3D ( 'NONE', #558, #6692, #4035 ) ;
#615 = ORIENTED_EDGE ( 'NONE', *, *, #5342, .F. ) ;
#616 = DIRECTION ( 'NONE',  ( 0.000000000000000000, 1.000000000000000000, 0.000000000000000000 ) ) ;
#617 = CIRCLE ( 'NONE', #5647, 1.749999999999999778 ) ;
#618 = ORIENTED_EDGE ( 'NONE', *, *, #1101, .T. ) ;
#619 = DIRECTION ( 'NONE',  ( 0.5000000000000003331, 0.000000000000000000, 0.8660254037844383745 ) ) ;
#620 = AXIS2_PLACEMENT_3D ( 'NONE', #4602, #1773, #308 ) ;
#621 = DIRECTION ( 'NONE',  ( 1.000000000000000000, 0.000000000000000000, -1.224646799147353207E-16 ) ) ;
#622 = DIRECTION ( 'NONE',  ( 0.000000000000000000, -1.000000000000000000, 0.000000000000000000 ) ) ;
#623 = AXIS2_PLACEMENT_3D ( 'NONE', #3957, #2988, #3383 ) ;
#624 = EDGE_LOOP ( 'NONE', ( #5306, #4207, #172, #1083, #4768, #1034 ) ) ;
#625 = AXIS2_PLACEMENT_3D ( 'NONE', #5456, #1729, #1631 ) ;
#626 = DIRECTION ( 'NONE',  ( -0.000000000000000000, -1.000000000000000000, -0.000000000000000000 ) ) ;
#627 = ORIENTED_EDGE ( 'NONE', *, *, #3141, .F. ) ;
#628 = DIRECTION ( 'NONE',  ( -1.000000000000000000, 0.000000000000000000, 0.000000000000000000 ) ) ;
#629 = EDGE_CURVE ( 'NONE', #5830, #6037, #5928, .T. ) ;
#630 = VECTOR ( 'NONE', #6280, 1000.000000000000000 ) ;
#631 = ORIENTED_EDGE ( 'NONE', *, *, #2287, .T. ) ;
#632 =( LENGTH_UNIT ( ) NAMED_UNIT ( * ) SI_UNIT ( .MILLI., .METRE. ) );
#633 = AXIS2_PLACEMENT_3D ( 'NONE', #6337, #3582, #547 ) ;
#634 = ORIENTED_EDGE ( 'NONE', *, *, #1789, .T. ) ;
#635 = FACE_OUTER_BOUND ( 'NONE', #5984, .T. ) ;
#636 = EDGE_CURVE ( 'NONE', #1146, #5959, #4861, .T. ) ;
#637 = CARTESIAN_POINT ( 'NONE',  ( 0.000000000000000000, 93.00000000000000000, -22.00000000000000355 ) ) ;
#638 = EDGE_LOOP ( 'NONE', ( #3880, #3495, #2382, #2339 ) ) ;
#639 = CARTESIAN_POINT ( 'NONE',  ( 172.5000000000000284, 4.000000000000000000, -22.50000000000002132 ) ) ;
#640 = ADVANCED_FACE ( 'NONE', ( #1185 ), #5385, .F. ) ;
#641 = EDGE_CURVE ( 'NONE', #5420, #506, #5896, .T. ) ;
#642 = CARTESIAN_POINT ( 'NONE',  ( 174.1165807537310002, 0.000000000000000000, -175.3000000000000682 ) ) ;
#643 = ORIENTED_EDGE ( 'NONE', *, *, #4158, .F. ) ;
#644 = ORIENTED_EDGE ( 'NONE', *, *, #4676, .T. ) ;
#645 = LINE ( 'NONE', #6005, #298 ) ;
#646 = DIRECTION ( 'NONE',  ( 0.000000000000000000, -1.000000000000000000, 0.000000000000000000 ) ) ;
#647 = CARTESIAN_POINT ( 'NONE',  ( 170.8834192462690851, 0.000000000000000000, -169.7000000000001307 ) ) ;
#648 = EDGE_CURVE ( 'NONE', #3225, #663, #1065, .T. ) ;
#649 = ADVANCED_FACE ( 'NONE', ( #149 ), #2261, .F. ) ;
#650 = ORIENTED_EDGE ( 'NONE', *, *, #6793, .T. ) ;
#651 = DIRECTION ( 'NONE',  ( -0.5000000000000006661, 0.000000000000000000, -0.8660254037844382635 ) ) ;
#652 = DIRECTION ( 'NONE',  ( 0.000000000000000000, 0.000000000000000000, 1.000000000000000000 ) ) ;
#653 = AXIS2_PLACEMENT_3D ( 'NONE', #3296, #5442, #619 ) ;
#654 = CARTESIAN_POINT ( 'NONE',  ( 6.766838492538109762, 101.2999999999999972, -10.00000000000003730 ) ) ;
#655 = EDGE_CURVE ( 'NONE', #6493, #878, #5318, .T. ) ;
#656 = EDGE_LOOP ( 'NONE', ( #1554, #1151, #5281, #415 ) ) ;
#657 = CARTESIAN_POINT ( 'NONE',  ( 175.8578643762691058, 15.00000000000000000, -165.0000000000000284 ) ) ;
#658 = VERTEX_POINT ( 'NONE', #4792 ) ;
#659 = DIRECTION ( 'NONE',  ( 1.000000000000000000, 0.000000000000000000, -2.876225452396777974E-16 ) ) ;
#660 = CARTESIAN_POINT ( 'NONE',  ( 15.00000000000000000, 101.2999999999999972, -182.1999999999999886 ) ) ;
#661 = AXIS2_PLACEMENT_3D ( 'NONE', #5435, #4414, #6661 ) ;
#662 = VERTEX_POINT ( 'NONE', #6387 ) ;
#663 = VERTEX_POINT ( 'NONE', #5865 ) ;
#664 = CARTESIAN_POINT ( 'NONE',  ( 182.0000000000000000, 3.000000000000000000, -179.0000000000000000 ) ) ;
#665 = VECTOR ( 'NONE', #6026, 1000.000000000000000 ) ;
#666 = FACE_OUTER_BOUND ( 'NONE', #2962, .T. ) ;
#667 = CIRCLE ( 'NONE', #6465, 2.000000000000001776 ) ;
#668 = DIRECTION ( 'NONE',  ( 0.000000000000000000, -1.000000000000000000, 0.000000000000000000 ) ) ;
#669 = VERTEX_POINT ( 'NONE', #2415 ) ;
#670 = LINE ( 'NONE', #5933, #301 ) ;
#671 = AXIS2_PLACEMENT_3D ( 'NONE', #2350, #6622, #753 ) ;
#672 = CARTESIAN_POINT ( 'NONE',  ( 190.0000000000000000, 0.5000000000000281997, -5.000000000000000000 ) ) ;
#673 = EDGE_LOOP ( 'NONE', ( #3910, #5317, #3673, #56 ) ) ;
#674 = ORIENTED_EDGE ( 'NONE', *, *, #3073, .F. ) ;
#675 = LINE ( 'NONE', #6473, #6528 ) ;
#676 = CARTESIAN_POINT ( 'NONE',  ( 10.00000000000000178, 101.2999999999999972, -8.250000000000007105 ) ) ;
#677 = CARTESIAN_POINT ( 'NONE',  ( 6.999999999999997335, 3.000000000000000000, -179.0000000000000000 ) ) ;
#678 = VECTOR ( 'NONE', #3061, 1000.000000000000000 ) ;
#679 = EDGE_CURVE ( 'NONE', #6001, #6897, #5634, .T. ) ;
#680 = CARTESIAN_POINT ( 'NONE',  ( 172.5000000000000284, 4.000000000000000000, -30.20020753820976012 ) ) ;
#681 = DIRECTION ( 'NONE',  ( -0.000000000000000000, 1.000000000000000000, -0.000000000000000000 ) ) ;
#682 = ORIENTED_EDGE ( 'NONE', *, *, #6128, .F. ) ;
#683 = CARTESIAN_POINT ( 'NONE',  ( 6.000000000000000000, 4.000000000000000000, -8.722073342900150914E-17 ) ) ;
#684 = LINE ( 'NONE', #5443, #2046 ) ;
#685 = ADVANCED_FACE ( 'NONE', ( #6723 ), #2982, .F. ) ;
#686 = ADVANCED_FACE ( 'NONE', ( #5121 ), #6304, .T. ) ;
#687 = TOROIDAL_SURFACE ( 'NONE', #4479, 1.000000000000000000, 1.000000000000000000 ) ;
#688 = DIRECTION ( 'NONE',  ( -1.000000000000000000, -0.000000000000000000, 0.000000000000000000 ) ) ;
#689 = ORIENTED_EDGE ( 'NONE', *, *, #5222, .F. ) ;
#690 = DIRECTION ( 'NONE',  ( 1.000000000000000000, -0.000000000000000000, -4.314338178595167947E-16 ) ) ;
#691 = DIRECTION ( 'NONE',  ( -1.000000000000000000, -0.000000000000000000, -0.000000000000000000 ) ) ;
#692 = ORIENTED_EDGE ( 'NONE', *, *, #2344, .T. ) ;
#693 = VECTOR ( 'NONE', #3841, 1000.000000000000000 ) ;
#694 = DIRECTION ( 'NONE',  ( 1.000000000000000000, 0.000000000000000000, 0.000000000000000000 ) ) ;
#695 = ORIENTED_EDGE ( 'NONE', *, *, #2049, .F. ) ;
#696 = VECTOR ( 'NONE', #3366, 1000.000000000000000 ) ;
#697 = EDGE_LOOP ( 'NONE', ( #3485, #4886 ) ) ;
#698 = DIRECTION ( 'NONE',  ( 1.000000000000000000, 0.000000000000000000, 0.000000000000000000 ) ) ;
#699 = DIRECTION ( 'NONE',  ( 0.000000000000000000, 0.000000000000000000, -1.000000000000000000 ) ) ;
#700 = CIRCLE ( 'NONE', #2589, 1.750000000000001554 ) ;
#701 = FACE_OUTER_BOUND ( 'NONE', #5582, .T. ) ;
#702 = EDGE_LOOP ( 'NONE', ( #3117, #746, #5085, #4161 ) ) ;
#703 = FACE_OUTER_BOUND ( 'NONE', #6700, .T. ) ;
#704 = DIRECTION ( 'NONE',  ( 3.469446951953621091E-16, -0.000000000000000000, -1.000000000000000000 ) ) ;
#705 = ORIENTED_EDGE ( 'NONE', *, *, #354, .F. ) ;
#706 = ORIENTED_EDGE ( 'NONE', *, *, #1657, .T. ) ;
#707 = AXIS2_PLACEMENT_3D ( 'NONE', #389, #3648, #6213 ) ;
#708 = LINE ( 'NONE', #2132, #1962 ) ;
#709 = DIRECTION ( 'NONE',  ( 0.000000000000000000, 1.000000000000000000, 0.000000000000000000 ) ) ;
#710 = DIRECTION ( 'NONE',  ( -0.4999999999999992228, 0.000000000000000000, -0.8660254037844390407 ) ) ;
#711 = DIRECTION ( 'NONE',  ( -0.4999999999999978906, 0.000000000000000000, 0.8660254037844397068 ) ) ;
#712 = AXIS2_PLACEMENT_3D ( 'NONE', #2778, #6414, #3199 ) ;
#713 = ORIENTED_EDGE ( 'NONE', *, *, #5612, .T. ) ;
#714 = CIRCLE ( 'NONE', #3381, 7.700207538209741465 ) ;
#715 = SURFACE_SIDE_STYLE ('',( #313 ) ) ;
#716 = VERTEX_POINT ( 'NONE', #330 ) ;
#717 = VERTEX_POINT ( 'NONE', #848 ) ;
#718 = CYLINDRICAL_SURFACE ( 'NONE', #2545, 1.750000000000029310 ) ;
#719 = AXIS2_PLACEMENT_3D ( 'NONE', #1675, #6368, #1158 ) ;
#720 = FACE_OUTER_BOUND ( 'NONE', #3038, .T. ) ;
#721 = CARTESIAN_POINT ( 'NONE',  ( 24.11658075373082610, 3.000000000000000000, -175.3000000000000966 ) ) ;
#722 = CIRCLE ( 'NONE', #5415, 1.000000000000000888 ) ;
#723 = CARTESIAN_POINT ( 'NONE',  ( 182.0000000000000000, 107.0000000000000000, -13.00000000000001066 ) ) ;
#724 = ORIENTED_EDGE ( 'NONE', *, *, #3454, .F. ) ;
#725 = VECTOR ( 'NONE', #5001, 1000.000000000000000 ) ;
#726 = CARTESIAN_POINT ( 'NONE',  ( 8.000000000000000000, 4.000000000000003553, -5.000000000000000000 ) ) ;
#727 = EDGE_CURVE ( 'NONE', #4144, #4800, #3401, .T. ) ;
#728 = EDGE_CURVE ( 'NONE', #6646, #2383, #2175, .T. ) ;
#729 = DIRECTION ( 'NONE',  ( -1.000000000000000000, 0.000000000000000000, 0.000000000000000000 ) ) ;
#730 = ORIENTED_EDGE ( 'NONE', *, *, #1450, .F. ) ;
#731 = DIRECTION ( 'NONE',  ( 0.8660254037844387076, -0.000000000000000000, 0.4999999999999999445 ) ) ;
#732 = CIRCLE ( 'NONE', #2735, 1.750000000000001554 ) ;
#733 = LINE ( 'NONE', #5485, #1109 ) ;
#734 = CIRCLE ( 'NONE', #5308, 2.000000000000000000 ) ;
#735 = ORIENTED_EDGE ( 'NONE', *, *, #5181, .F. ) ;
#736 = ADVANCED_FACE ( 'NONE', ( #4591 ), #3077, .F. ) ;
#737 = DIRECTION ( 'NONE',  ( -1.438112726198389233E-16, -0.000000000000000000, -1.000000000000000000 ) ) ;
#738 = VERTEX_POINT ( 'NONE', #5081 ) ;
#739 = VECTOR ( 'NONE', #19, 1000.000000000000000 ) ;
#740 = CARTESIAN_POINT ( 'NONE',  ( 22.49999999999995026, 7.000000000000000000, -22.50000000000004619 ) ) ;
#741 = DIRECTION ( 'NONE',  ( -1.000000000000000000, 0.000000000000000000, 0.000000000000000000 ) ) ;
#742 = ORIENTED_EDGE ( 'NONE', *, *, #6093, .F. ) ;
#743 = AXIS2_PLACEMENT_3D ( 'NONE', #2788, #5922, #3691 ) ;
#744 = LINE ( 'NONE', #2948, #5532 ) ;
#745 = CARTESIAN_POINT ( 'NONE',  ( 185.0000000000000000, 92.00000000000000000, -10.00000000000000888 ) ) ;
#746 = ORIENTED_EDGE ( 'NONE', *, *, #1135, .F. ) ;
#747 = ORIENTED_EDGE ( 'NONE', *, *, #5804, .T. ) ;
#748 = DIRECTION ( 'NONE',  ( 0.000000000000000000, 1.000000000000000000, 0.000000000000000000 ) ) ;
#749 = CARTESIAN_POINT ( 'NONE',  ( 10.00000000000000178, 92.00000000000000000, -8.250000000000008882 ) ) ;
#750 = DIRECTION ( 'NONE',  ( -1.453678890483358486E-17, 0.000000000000000000, -1.000000000000000000 ) ) ;
#751 = VECTOR ( 'NONE', #4251, 1000.000000000000000 ) ;
#752 = CARTESIAN_POINT ( 'NONE',  ( 96.49999999999997158, 7.000000000000006217, -189.0000000000000000 ) ) ;
#753 = DIRECTION ( 'NONE',  ( 0.000000000000000000, 0.000000000000000000, 1.000000000000000000 ) ) ;
#754 = ORIENTED_EDGE ( 'NONE', *, *, #3591, .F. ) ;
#755 = CARTESIAN_POINT ( 'NONE',  ( 15.00000000000000000, 121.1421356237309510, -7.200000000000011724 ) ) ;
#756 = CARTESIAN_POINT ( 'NONE',  ( 0.5000000000000004441, 0.000000000000000000, -190.0000000000000000 ) ) ;
#757 = ORIENTED_EDGE ( 'NONE', *, *, #47, .T. ) ;
#758 = ORIENTED_EDGE ( 'NONE', *, *, #1142, .F. ) ;
#759 = DIRECTION ( 'NONE',  ( 0.000000000000000000, 0.000000000000000000, -1.000000000000000000 ) ) ;
#760 = DIRECTION ( 'NONE',  ( 4.188538737676946775E-17, -0.9396926207859097602, 0.3420201433256650492 ) ) ;
#761 = LINE ( 'NONE', #4502, #4943 ) ;
#762 = UNCERTAINTY_MEASURE_WITH_UNIT (LENGTH_MEASURE( 1.000000000000000082E-05 ), #632, 'distance_accuracy_value', 'NONE');
#763 = CARTESIAN_POINT ( 'NONE',  ( 174.1165807537310286, 0.000000000000000000, -25.30000000000007176 ) ) ;
#764 = DIRECTION ( 'NONE',  ( 0.000000000000000000, -1.000000000000000000, 0.000000000000000000 ) ) ;
#765 = ORIENTED_EDGE ( 'NONE', *, *, #6180, .F. ) ;
#766 = CARTESIAN_POINT ( 'NONE',  ( 13.00000000000000355, 121.1421356237309510, -15.00000000000001421 ) ) ;
#767 = AXIS2_PLACEMENT_3D ( 'NONE', #4351, #2744, #3164 ) ;
#768 = CARTESIAN_POINT ( 'NONE',  ( 19.26683849253807423, 0.000000000000000000, -22.50000000000010658 ) ) ;
#769 = ADVANCED_FACE ( 'NONE', ( #295, #5994 ), #258, .T. ) ;
#770 = ORIENTED_EDGE ( 'NONE', *, *, #5549, .F. ) ;
#771 = EDGE_LOOP ( 'NONE', ( #3035, #6353, #2236, #2884 ) ) ;
#772 = DIRECTION ( 'NONE',  ( -1.000000000000000000, -0.000000000000000000, -0.000000000000000000 ) ) ;
#773 = CARTESIAN_POINT ( 'NONE',  ( 180.0000000000000000, 104.0000000000000000, -187.7999999999999829 ) ) ;
#774 = DIRECTION ( 'NONE',  ( 0.000000000000000000, -1.000000000000000000, 0.000000000000000000 ) ) ;
#775 = ADVANCED_FACE ( 'NONE', ( #5527 ), #6140, .F. ) ;
#776 = AXIS2_PLACEMENT_3D ( 'NONE', #1713, #3471, #4012 ) ;
#777 = EDGE_CURVE ( 'NONE', #2452, #3682, #523, .T. ) ;
#778 = CARTESIAN_POINT ( 'NONE',  ( 95.50000000000000000, 4.000000000000003553, -6.000000000000005329 ) ) ;
#779 = VERTEX_POINT ( 'NONE', #1361 ) ;
#780 = FACE_OUTER_BOUND ( 'NONE', #6437, .T. ) ;
#781 = FACE_OUTER_BOUND ( 'NONE', #2323, .T. ) ;
#782 = ORIENTED_EDGE ( 'NONE', *, *, #1718, .F. ) ;
#783 = EDGE_LOOP ( 'NONE', ( #3639, #3484, #2003 ) ) ;
#784 = CIRCLE ( 'NONE', #556, 1.000000000000000000 ) ;
#785 = CIRCLE ( 'NONE', #1445, 5.000000000000004441 ) ;
#786 = DIRECTION ( 'NONE',  ( 0.000000000000000000, 0.000000000000000000, -1.000000000000000000 ) ) ;
#787 = DIRECTION ( 'NONE',  ( -1.000000000000000000, 0.000000000000000000, 0.000000000000000000 ) ) ;
#788 = DIRECTION ( 'NONE',  ( 0.000000000000000000, 0.000000000000000000, -1.000000000000000000 ) ) ;
#789 = ADVANCED_FACE ( 'NONE', ( #4475 ), #1880, .F. ) ;
#790 = CARTESIAN_POINT ( 'NONE',  ( 188.0000000000000000, 107.0000000000000000, -15.00000000000001421 ) ) ;
#791 = ORIENTED_EDGE ( 'NONE', *, *, #5139, .T. ) ;
#792 = ORIENTED_EDGE ( 'NONE', *, *, #5852, .F. ) ;
#793 = CARTESIAN_POINT ( 'NONE',  ( 186.6165807537309433, 104.0000000000000000, -7.200000000000011724 ) ) ;
#794 = ORIENTED_EDGE ( 'NONE', *, *, #727, .F. ) ;
#795 = ORIENTED_EDGE ( 'NONE', *, *, #1290, .F. ) ;
#796 = CIRCLE ( 'NONE', #1902, 1.749999999999999778 ) ;
#797 = CARTESIAN_POINT ( 'NONE',  ( 98.49999999999997158, 4.000000000000003553, -95.50000000000000000 ) ) ;
#798 = CARTESIAN_POINT ( 'NONE',  ( 6.000000000000000000, 3.000000000000000000, -17.00000000000001421 ) ) ;
#799 = CARTESIAN_POINT ( 'NONE',  ( 0.000000000000000000, 17.50000000000002842, -22.00000000000000355 ) ) ;
#800 = CARTESIAN_POINT ( 'NONE',  ( 4.999999999999999112, 3.000000000000000000, -95.50000000000000000 ) ) ;
#801 = AXIS2_PLACEMENT_3D ( 'NONE', #835, #5747, #1905 ) ;
#802 = DIRECTION ( 'NONE',  ( 2.876225452396778467E-16, 0.000000000000000000, 1.000000000000000000 ) ) ;
#803 = CARTESIAN_POINT ( 'NONE',  ( 180.0000000000000000, 121.1421356237309510, -187.7999999999999829 ) ) ;
#804 = DIRECTION ( 'NONE',  ( 0.000000000000000000, 0.000000000000000000, 1.000000000000000000 ) ) ;
#805 = ORIENTED_EDGE ( 'NONE', *, *, #973, .T. ) ;
#806 = CARTESIAN_POINT ( 'NONE',  ( 179.0000000000000000, 3.000000000000000000, -188.0000000000000000 ) ) ;
#807 = EDGE_CURVE ( 'NONE', #717, #3078, #1512, .T. ) ;
#808 = DIRECTION ( 'NONE',  ( 0.000000000000000000, 1.000000000000000000, 0.000000000000000000 ) ) ;
#809 = ORIENTED_EDGE ( 'NONE', *, *, #3001, .F. ) ;
#810 = CIRCLE ( 'NONE', #1131, 1.000000000000000888 ) ;
#811 = DIRECTION ( 'NONE',  ( 0.000000000000000000, 0.000000000000000000, 1.000000000000000000 ) ) ;
#812 = ORIENTED_EDGE ( 'NONE', *, *, #6442, .F. ) ;
#813 = DIRECTION ( 'NONE',  ( 0.000000000000000000, 0.000000000000000000, -1.000000000000000000 ) ) ;
#814 = DIRECTION ( 'NONE',  ( -0.000000000000000000, -1.000000000000000000, -0.000000000000000000 ) ) ;
#815 = CARTESIAN_POINT ( 'NONE',  ( 24.11658075373088295, 3.000000000000000000, -169.7000000000000739 ) ) ;
#816 = DIRECTION ( 'NONE',  ( 0.000000000000000000, -1.000000000000000000, 0.000000000000000000 ) ) ;
#817 = ORIENTED_EDGE ( 'NONE', *, *, #5055, .T. ) ;
#818 = DIRECTION ( 'NONE',  ( -1.000000000000000000, 0.000000000000000000, -0.000000000000000000 ) ) ;
#819 = DIRECTION ( 'NONE',  ( 0.000000000000000000, 0.000000000000000000, -1.000000000000000000 ) ) ;
#820 = VECTOR ( 'NONE', #6158, 1000.000000000000000 ) ;
#821 = ORIENTED_EDGE ( 'NONE', *, *, #938, .F. ) ;
#822 = ORIENTED_EDGE ( 'NONE', *, *, #1101, .F. ) ;
#823 = ADVANCED_FACE ( 'NONE', ( #6569 ), #3914, .F. ) ;
#824 = EDGE_CURVE ( 'NONE', #6797, #3503, #4866, .T. ) ;
#825 = DIRECTION ( 'NONE',  ( -0.000000000000000000, 1.000000000000000000, -0.000000000000000000 ) ) ;
#826 = DIRECTION ( 'NONE',  ( 0.000000000000000000, -0.7071067811865672237, -0.7071067811865279218 ) ) ;
#827 = CARTESIAN_POINT ( 'NONE',  ( 0.000000000000000000, 17.50000000000002842, -17.00000000000000000 ) ) ;
#828 = ORIENTED_EDGE ( 'NONE', *, *, #3663, .T. ) ;
#829 = AXIS2_PLACEMENT_3D ( 'NONE', #189, #6607, #1803 ) ;
#830 = CARTESIAN_POINT ( 'NONE',  ( 172.5000000000000284, 7.000000000000000000, -20.74999999999997868 ) ) ;
#831 = EDGE_LOOP ( 'NONE', ( #1885, #1257, #2915, #336 ) ) ;
#832 = ADVANCED_FACE ( 'NONE', ( #6066 ), #193, .T. ) ;
#833 = CARTESIAN_POINT ( 'NONE',  ( 5.000000000000000000, 110.0000000000000000, -5.000000000000000000 ) ) ;
#834 = DIRECTION ( 'NONE',  ( 0.000000000000000000, -1.000000000000000000, 0.000000000000000000 ) ) ;
#835 = CARTESIAN_POINT ( 'NONE',  ( 95.49999999999998579, 4.000000000000003553, -99.49999999999997158 ) ) ;
#836 = DIRECTION ( 'NONE',  ( 0.000000000000000000, 0.000000000000000000, -1.000000000000000000 ) ) ;
#837 = AXIS2_PLACEMENT_3D ( 'NONE', #3328, #3822, #3297 ) ;
#838 = DIRECTION ( 'NONE',  ( 0.000000000000000000, 0.000000000000000000, -1.000000000000000000 ) ) ;
#839 = ORIENTED_EDGE ( 'NONE', *, *, #4335, .F. ) ;
#840 = CARTESIAN_POINT ( 'NONE',  ( 172.5000000000000284, 7.000000000000000000, -190.0000000000000000 ) ) ;
#841 = CARTESIAN_POINT ( 'NONE',  ( 22.49999999999995026, 7.000000000000000000, -172.5000000000000000 ) ) ;
#842 = EDGE_LOOP ( 'NONE', ( #5574, #5202, #1622, #2185, #5368, #4733, #439, #6051, #5344 ) ) ;
#843 = AXIS2_PLACEMENT_3D ( 'NONE', #3534, #1405, #6345 ) ;
#844 = PRODUCT_DEFINITION ( 'UNKNOWN', '', #2412, #2854 ) ;
#845 = DIRECTION ( 'NONE',  ( -1.000000000000000000, 0.000000000000000000, 0.000000000000000000 ) ) ;
#846 = ORIENTED_EDGE ( 'NONE', *, *, #325, .F. ) ;
#847 = VECTOR ( 'NONE', #876, 1000.000000000000000 ) ;
#848 = CARTESIAN_POINT ( 'NONE',  ( 172.5000000000000284, 3.000000000000000000, -180.2002075382097530 ) ) ;
#849 = PLANE ( 'NONE',  #3208 ) ;
#850 = VECTOR ( 'NONE', #2593, 1000.000000000000000 ) ;
#851 = CARTESIAN_POINT ( 'NONE',  ( 186.6165807537309433, 101.2999999999999972, -182.1999999999999886 ) ) ;
#852 = VERTEX_POINT ( 'NONE', #5698 ) ;
#853 = CIRCLE ( 'NONE', #4406, 1.000000000000000888 ) ;
#854 = DIRECTION ( 'NONE',  ( 0.000000000000000000, -1.000000000000000000, 0.000000000000000000 ) ) ;
#855 = AXIS2_PLACEMENT_3D ( 'NONE', #1812, #2917, #3429 ) ;
#856 = DIRECTION ( 'NONE',  ( 1.000000000000000000, 0.000000000000000000, -4.314338178595167947E-16 ) ) ;
#857 = VERTEX_POINT ( 'NONE', #5726 ) ;
#858 = ORIENTED_EDGE ( 'NONE', *, *, #425, .T. ) ;
#859 = DIRECTION ( 'NONE',  ( 0.000000000000000000, 0.000000000000000000, -1.000000000000000000 ) ) ;
#860 = DIRECTION ( 'NONE',  ( -0.000000000000000000, -0.000000000000000000, -1.000000000000000000 ) ) ;
#861 = AXIS2_PLACEMENT_3D ( 'NONE', #4362, #6457, #5311 ) ;
#862 = EDGE_CURVE ( 'NONE', #3336, #6150, #3625, .T. ) ;
#863 = CARTESIAN_POINT ( 'NONE',  ( 186.6165807537309433, 101.2999999999999972, -7.200000000000011724 ) ) ;
#864 = DIRECTION ( 'NONE',  ( 0.8660254037844399289, 0.000000000000000000, -0.4999999999999978906 ) ) ;
#865 = ORIENTED_EDGE ( 'NONE', *, *, #2080, .F. ) ;
#866 = AXIS2_PLACEMENT_3D ( 'NONE', #3680, #5718, #3093 ) ;
#867 = EDGE_LOOP ( 'NONE', ( #3754, #2860, #3148, #1309 ) ) ;
#868 = CARTESIAN_POINT ( 'NONE',  ( 186.6165807537309433, 101.2999999999999972, -187.7999999999999829 ) ) ;
#869 = CARTESIAN_POINT ( 'NONE',  ( 17.00000000000001421, 106.9999999999999858, -188.0000000000000000 ) ) ;
#870 = DIRECTION ( 'NONE',  ( -0.5000000000000021094, 0.000000000000000000, -0.8660254037844374864 ) ) ;
#871 = EDGE_CURVE ( 'NONE', #4718, #3195, #3012, .T. ) ;
#872 = EDGE_CURVE ( 'NONE', #5773, #6530, #6176, .T. ) ;
#873 = FACE_OUTER_BOUND ( 'NONE', #3491, .T. ) ;
#874 = DIRECTION ( 'NONE',  ( 0.000000000000000000, 1.000000000000000000, 0.000000000000000000 ) ) ;
#875 = ORIENTED_EDGE ( 'NONE', *, *, #4116, .F. ) ;
#876 = DIRECTION ( 'NONE',  ( 0.000000000000000000, -1.000000000000000000, 0.000000000000000000 ) ) ;
#877 = ADVANCED_FACE ( 'NONE', ( #4102 ), #4063, .F. ) ;
#878 = VERTEX_POINT ( 'NONE', #363 ) ;
#879 = CARTESIAN_POINT ( 'NONE',  ( 8.383419246269063763, 101.2999999999999972, -7.200000000000011724 ) ) ;
#880 = ORIENTED_EDGE ( 'NONE', *, *, #871, .F. ) ;
#881 = AXIS2_PLACEMENT_3D ( 'NONE', #3274, #2375, #2449 ) ;
#882 = CARTESIAN_POINT ( 'NONE',  ( 99.49999999999997158, 4.000000000000003553, -95.50000000000000000 ) ) ;
#883 = DIRECTION ( 'NONE',  ( 0.000000000000000000, 1.000000000000000000, 0.000000000000000000 ) ) ;
#884 = CARTESIAN_POINT ( 'NONE',  ( 15.00000000000000355, 107.0000000000000000, -182.0000000000000000 ) ) ;
#885 = ORIENTED_EDGE ( 'NONE', *, *, #641, .F. ) ;
#886 = DIRECTION ( 'NONE',  ( 0.000000000000000000, 1.000000000000000000, 0.000000000000000000 ) ) ;
#887 = ORIENTED_EDGE ( 'NONE', *, *, #4628, .T. ) ;
#888 = ORIENTED_EDGE ( 'NONE', *, *, #5538, .T. ) ;
#889 = DIRECTION ( 'NONE',  ( -0.000000000000000000, -1.000000000000000000, -0.000000000000000000 ) ) ;
#890 = CARTESIAN_POINT ( 'NONE',  ( 0.000000000000000000, 98.00000000000000000, -22.00000000000000355 ) ) ;
#891 = CARTESIAN_POINT ( 'NONE',  ( 25.73316150746185471, 3.000000000000000000, -22.50000000000010303 ) ) ;
#892 = ADVANCED_FACE ( 'NONE', ( #5155 ), #4661, .F. ) ;
#893 = VERTEX_POINT ( 'NONE', #4624 ) ;
#894 = AXIS2_PLACEMENT_3D ( 'NONE', #6618, #646, #160 ) ;
#895 = CIRCLE ( 'NONE', #4910, 5.000000000000004441 ) ;
#896 = CARTESIAN_POINT ( 'NONE',  ( 20.88341924626901758, 3.000000000000000000, -19.70000000000012719 ) ) ;
#897 = EDGE_LOOP ( 'NONE', ( #2542, #3010, #6610, #81 ) ) ;
#898 = ORIENTED_EDGE ( 'NONE', *, *, #3107, .F. ) ;
#899 = DIRECTION ( 'NONE',  ( 0.000000000000000000, 0.000000000000000000, -1.000000000000000000 ) ) ;
#900 = DIRECTION ( 'NONE',  ( -3.469446951953621091E-16, 0.000000000000000000, 1.000000000000000000 ) ) ;
#901 = VECTOR ( 'NONE', #1082, 1000.000000000000000 ) ;
#902 = CARTESIAN_POINT ( 'NONE',  ( 183.3834192462690567, 104.0000000000000000, -187.7999999999999829 ) ) ;
#903 = EDGE_LOOP ( 'NONE', ( #2671, #3651, #3565, #3949 ) ) ;
#904 = CIRCLE ( 'NONE', #6013, 1.000000000000000888 ) ;
#905 = CYLINDRICAL_SURFACE ( 'NONE', #969, 1.750000000000029310 ) ;
#906 = VERTEX_POINT ( 'NONE', #1396 ) ;
#907 = EDGE_CURVE ( 'NONE', #6456, #1038, #2742, .T. ) ;
#908 = EDGE_CURVE ( 'NONE', #5463, #4166, #977, .T. ) ;
#909 = CARTESIAN_POINT ( 'NONE',  ( 99.49999999999997158, 7.000000000000006217, -99.49999999999997158 ) ) ;
#910 = DIRECTION ( 'NONE',  ( -0.5000000000000025535, 0.000000000000000000, -0.8660254037844372643 ) ) ;
#911 = VECTOR ( 'NONE', #6208, 1000.000000000000000 ) ;
#912 = ORIENTED_EDGE ( 'NONE', *, *, #1435, .T. ) ;
#913 = EDGE_CURVE ( 'NONE', #90, #970, #3102, .T. ) ;
#914 = CARTESIAN_POINT ( 'NONE',  ( 178.9999999999999432, 4.000000000000000000, 6.210310043996979495E-14 ) ) ;
#915 = LINE ( 'NONE', #6609, #581 ) ;
#916 = AXIS2_PLACEMENT_3D ( 'NONE', #5445, #4663, #3200 ) ;
#917 = EDGE_LOOP ( 'NONE', ( #6204, #87 ) ) ;
#918 = CARTESIAN_POINT ( 'NONE',  ( 182.0000000000000000, 4.000000000000000000, -179.0000000000000000 ) ) ;
#919 = ORIENTED_EDGE ( 'NONE', *, *, #2076, .T. ) ;
#920 = EDGE_CURVE ( 'NONE', #3545, #3285, #4756, .T. ) ;
#921 = CARTESIAN_POINT ( 'NONE',  ( 24.11658075373091492, 0.000000000000000000, -19.70000000000012719 ) ) ;
#922 = CARTESIAN_POINT ( 'NONE',  ( 170.8834192462690851, 3.000000000000000000, -175.3000000000000682 ) ) ;
#923 = DIRECTION ( 'NONE',  ( -0.000000000000000000, 0.000000000000000000, 1.000000000000000000 ) ) ;
#924 = ORIENTED_EDGE ( 'NONE', *, *, #435, .F. ) ;
#925 = CIRCLE ( 'NONE', #5386, 1.750000000000039746 ) ;
#926 = CARTESIAN_POINT ( 'NONE',  ( 10.00000000000000178, 92.00000000000000000, -185.0000000000000000 ) ) ;
#927 = EDGE_LOOP ( 'NONE', ( #4452, #6282, #5607, #5879, #2488 ) ) ;
#928 = ORIENTED_EDGE ( 'NONE', *, *, #2581, .T. ) ;
#929 = PLANE ( 'NONE',  #5207 ) ;
#930 = EDGE_CURVE ( 'NONE', #5446, #4445, #3042, .T. ) ;
#931 = FACE_OUTER_BOUND ( 'NONE', #2748, .T. ) ;
#932 = FACE_OUTER_BOUND ( 'NONE', #5966, .T. ) ;
#933 = CARTESIAN_POINT ( 'NONE',  ( 194.5000000000000000, 0.000000000000000000, -190.0000000000000000 ) ) ;
#934 = CARTESIAN_POINT ( 'NONE',  ( 96.49999999999998579, 4.000000000000003553, -98.49999999999997158 ) ) ;
#935 = ORIENTED_EDGE ( 'NONE', *, *, #3247, .T. ) ;
#936 = LINE ( 'NONE', #3067, #3833 ) ;
#937 = FACE_OUTER_BOUND ( 'NONE', #4067, .T. ) ;
#938 = EDGE_CURVE ( 'NONE', #6230, #5873, #1009, .T. ) ;
#939 = ADVANCED_FACE ( 'NONE', ( #5246 ), #3656, .F. ) ;
#940 = EDGE_LOOP ( 'NONE', ( #41, #839, #2947, #6735 ) ) ;
#941 = CIRCLE ( 'NONE', #1592, 1.749999999999999778 ) ;
#942 = AXIS2_PLACEMENT_3D ( 'NONE', #745, #3460, #3846 ) ;
#943 = DIRECTION ( 'NONE',  ( 0.000000000000000000, 0.000000000000000000, -1.000000000000000000 ) ) ;
#944 = DIRECTION ( 'NONE',  ( -0.000000000000000000, -1.000000000000000000, -0.000000000000000000 ) ) ;
#945 = VECTOR ( 'NONE', #6619, 1000.000000000000000 ) ;
#946 = CIRCLE ( 'NONE', #2843, 6.760514917423826375 ) ;
#947 = EDGE_CURVE ( 'NONE', #548, #2115, #5755, .T. ) ;
#948 = EDGE_CURVE ( 'NONE', #2237, #5639, #418, .T. ) ;
#949 = ORIENTED_EDGE ( 'NONE', *, *, #3832, .F. ) ;
#950 = CARTESIAN_POINT ( 'NONE',  ( 22.49999999999995026, 7.000000000000000000, -24.25000000000006395 ) ) ;
#951 = CIRCLE ( 'NONE', #6185, 1.000000000000000888 ) ;
#952 = ORIENTED_EDGE ( 'NONE', *, *, #2781, .F. ) ;
#953 = CIRCLE ( 'NONE', #5746, 1.000000000000000888 ) ;
#954 = CARTESIAN_POINT ( 'NONE',  ( 185.0000000000000000, 92.00000000000000000, -8.250000000000008882 ) ) ;
#955 = DIRECTION ( 'NONE',  ( -1.000000000000000000, 0.000000000000000000, -0.000000000000000000 ) ) ;
#956 = CIRCLE ( 'NONE', #5653, 5.000000000000004441 ) ;
#957 = VERTEX_POINT ( 'NONE', #4132 ) ;
#958 = VECTOR ( 'NONE', #5164, 1000.000000000000000 ) ;
#959 = DIRECTION ( 'NONE',  ( 0.000000000000000000, 0.000000000000000000, -1.000000000000000000 ) ) ;
#960 = LINE ( 'NONE', #5168, #4621 ) ;
#961 = ORIENTED_EDGE ( 'NONE', *, *, #1645, .T. ) ;
#962 = VERTEX_POINT ( 'NONE', #2050 ) ;
#963 = STYLED_ITEM ( 'NONE', ( #2193 ), #152 ) ;
#964 = CARTESIAN_POINT ( 'NONE',  ( 172.5000000000000284, 7.000000000000000000, -170.7499999999999716 ) ) ;
#965 = FACE_OUTER_BOUND ( 'NONE', #1287, .T. ) ;
#966 = AXIS2_PLACEMENT_3D ( 'NONE', #4972, #772, #4436 ) ;
#967 = CARTESIAN_POINT ( 'NONE',  ( 0.000000000000000000, 4.000000000000003553, -95.50000000000000000 ) ) ;
#968 = DIRECTION ( 'NONE',  ( 0.000000000000000000, 1.000000000000000000, -0.000000000000000000 ) ) ;
#969 = AXIS2_PLACEMENT_3D ( 'NONE', #3033, #6595, #6635 ) ;
#970 = VERTEX_POINT ( 'NONE', #4201 ) ;
#971 = DIRECTION ( 'NONE',  ( 0.000000000000000000, 0.000000000000000000, -1.000000000000000000 ) ) ;
#972 = DIRECTION ( 'NONE',  ( 1.000000000000000000, 0.000000000000000000, -1.224646799147353207E-16 ) ) ;
#973 = EDGE_CURVE ( 'NONE', #1719, #306, #6246, .T. ) ;
#974 = EDGE_LOOP ( 'NONE', ( #2279, #4485, #3284, #5321 ) ) ;
#975 = CARTESIAN_POINT ( 'NONE',  ( 175.7331615074619720, 3.000000000000000000, -172.5000000000000284 ) ) ;
#976 = DIRECTION ( 'NONE',  ( -0.000000000000000000, -1.000000000000000000, 0.000000000000000000 ) ) ;
#977 = LINE ( 'NONE', #6218, #6209 ) ;
#978 = ADVANCED_FACE ( 'NONE', ( #1525 ), #1462, .F. ) ;
#979 = CARTESIAN_POINT ( 'NONE',  ( 180.0000000000000000, 107.0000000000000000, -13.00000000000001066 ) ) ;
#980 = VERTEX_POINT ( 'NONE', #3237 ) ;
#981 = DIRECTION ( 'NONE',  ( 0.000000000000000000, -1.000000000000000000, 0.000000000000000000 ) ) ;
#982 = VERTEX_POINT ( 'NONE', #5345 ) ;
#983 = LINE ( 'NONE', #954, #4987 ) ;
#984 = EDGE_CURVE ( 'NONE', #3503, #6797, #3859, .T. ) ;
#985 = EDGE_CURVE ( 'NONE', #3201, #3508, #560, .T. ) ;
#986 = LINE ( 'NONE', #4829, #6469 ) ;
#987 = AXIS2_PLACEMENT_3D ( 'NONE', #5218, #6217, #489 ) ;
#988 = DIRECTION ( 'NONE',  ( -1.000000000000000000, 0.000000000000000000, 0.000000000000000000 ) ) ;
#989 = ORIENTED_EDGE ( 'NONE', *, *, #571, .T. ) ;
#990 = CARTESIAN_POINT ( 'NONE',  ( 180.0000000000000000, 121.1421356237309510, -13.00000000000001066 ) ) ;
#991 = DIRECTION ( 'NONE',  ( 0.000000000000000000, 0.000000000000000000, -1.000000000000000000 ) ) ;
#992 = ORIENTED_EDGE ( 'NONE', *, *, #2199, .F. ) ;
#993 = EDGE_LOOP ( 'NONE', ( #2342, #2424, #3956, #2410 ) ) ;
#994 = CARTESIAN_POINT ( 'NONE',  ( 182.0000000000000000, 4.000000000000003553, -13.00000000000001066 ) ) ;
#995 = EDGE_CURVE ( 'NONE', #1289, #3690, #6663, .T. ) ;
#996 = CARTESIAN_POINT ( 'NONE',  ( 8.000000000000000000, 107.0000000000000000, -8.000000000000000000 ) ) ;
#997 = DIRECTION ( 'NONE',  ( 0.000000000000000000, 0.000000000000000000, 1.000000000000000000 ) ) ;
#998 = DIRECTION ( 'NONE',  ( 3.469446951953621091E-16, 0.000000000000000000, -1.000000000000000000 ) ) ;
#999 = VECTOR ( 'NONE', #4907, 1000.000000000000000 ) ;
#1000 = DIRECTION ( 'NONE',  ( 0.000000000000000000, -1.000000000000000000, 0.000000000000000000 ) ) ;
#1001 = CARTESIAN_POINT ( 'NONE',  ( 172.5000000000000284, 7.000000000000000000, -170.7499999999999716 ) ) ;
#1002 = ORIENTED_EDGE ( 'NONE', *, *, #3159, .F. ) ;
#1003 = EDGE_CURVE ( 'NONE', #6784, #5431, #311, .T. ) ;
#1004 = DIRECTION ( 'NONE',  ( 0.000000000000000000, 0.000000000000000000, -1.000000000000000000 ) ) ;
#1005 = CYLINDRICAL_SURFACE ( 'NONE', #158, 5.000000000000004441 ) ;
#1006 = VERTEX_POINT ( 'NONE', #5417 ) ;
#1007 = FACE_OUTER_BOUND ( 'NONE', #5233, .T. ) ;
#1008 = ORIENTED_EDGE ( 'NONE', *, *, #1733, .T. ) ;
#1009 = LINE ( 'NONE', #6889, #1972 ) ;
#1010 = EDGE_CURVE ( 'NONE', #5608, #196, #3172, .T. ) ;
#1011 = AXIS2_PLACEMENT_3D ( 'NONE', #863, #3083, #1471 ) ;
#1012 = ORIENTED_EDGE ( 'NONE', *, *, #3759, .F. ) ;
#1013 = ORIENTED_EDGE ( 'NONE', *, *, #3127, .F. ) ;
#1014 = CARTESIAN_POINT ( 'NONE',  ( 195.0000000000000000, 0.5000000000000281997, 0.000000000000000000 ) ) ;
#1015 = CIRCLE ( 'NONE', #246, 1.000000000000000888 ) ;
#1016 = EDGE_LOOP ( 'NONE', ( #5290, #5815, #2378, #1301 ) ) ;
#1017 = CARTESIAN_POINT ( 'NONE',  ( 172.5000000000000284, 4.000000000000000000, -14.79979246179027896 ) ) ;
#1018 = CARTESIAN_POINT ( 'NONE',  ( 187.0000000000000000, 110.0000000000000000, -187.0000000000000000 ) ) ;
#1019 = DIRECTION ( 'NONE',  ( 1.000000000000000000, 0.000000000000000000, -0.000000000000000000 ) ) ;
#1020 = ORIENTED_EDGE ( 'NONE', *, *, #3937, .F. ) ;
#1021 = FACE_OUTER_BOUND ( 'NONE', #1016, .T. ) ;
#1022 = EDGE_CURVE ( 'NONE', #4797, #3026, #3268, .T. ) ;
#1023 = EDGE_CURVE ( 'NONE', #2472, #293, #4101, .T. ) ;
#1024 = DIRECTION ( 'NONE',  ( -0.000000000000000000, 1.000000000000000000, -0.000000000000000000 ) ) ;
#1025 = CIRCLE ( 'NONE', #2243, 5.000000000000004441 ) ;
#1026 = ORIENTED_EDGE ( 'NONE', *, *, #5588, .T. ) ;
#1027 = ORIENTED_EDGE ( 'NONE', *, *, #3853, .F. ) ;
#1028 = DIRECTION ( 'NONE',  ( -0.5000000000000013323, 0.000000000000000000, 0.8660254037844380415 ) ) ;
#1029 = DIRECTION ( 'NONE',  ( -1.000000000000000000, 0.000000000000000000, 0.000000000000000000 ) ) ;
#1030 = FACE_OUTER_BOUND ( 'NONE', #4781, .T. ) ;
#1031 = AXIS2_PLACEMENT_3D ( 'NONE', #1350, #2249, #3331 ) ;
#1032 = EDGE_CURVE ( 'NONE', #738, #5608, #3830, .T. ) ;
#1033 = CARTESIAN_POINT ( 'NONE',  ( 16.00000000000001421, 4.000000000000000000, -188.0000000000000000 ) ) ;
#1034 = ORIENTED_EDGE ( 'NONE', *, *, #3232, .T. ) ;
#1035 = VECTOR ( 'NONE', #2775, 1000.000000000000000 ) ;
#1036 = PLANE ( 'NONE',  #3773 ) ;
#1037 = DIRECTION ( 'NONE',  ( 0.000000000000000000, -1.000000000000000000, 0.000000000000000000 ) ) ;
#1038 = VERTEX_POINT ( 'NONE', #2753 ) ;
#1039 = EDGE_LOOP ( 'NONE', ( #4989, #6446, #3307, #3142, #197, #1805 ) ) ;
#1040 = AXIS2_PLACEMENT_3D ( 'NONE', #1832, #1354, #3478 ) ;
#1041 = CARTESIAN_POINT ( 'NONE',  ( 172.5000000000000284, 7.000000000000000000, -172.5000000000000284 ) ) ;
#1042 = ORIENTED_EDGE ( 'NONE', *, *, #5469, .F. ) ;
#1043 = CARTESIAN_POINT ( 'NONE',  ( 0.000000000000000000, 3.000000000000000000, -189.0000000000000000 ) ) ;
#1044 = AXIS2_PLACEMENT_3D ( 'NONE', #4190, #455, #3130 ) ;
#1045 = VERTEX_POINT ( 'NONE', #5954 ) ;
#1046 = DIRECTION ( 'NONE',  ( 0.000000000000000000, -0.000000000000000000, -1.000000000000000000 ) ) ;
#1047 = VERTEX_POINT ( 'NONE', #3304 ) ;
#1048 = CIRCLE ( 'NONE', #6861, 1.000000000000000888 ) ;
#1049 = CARTESIAN_POINT ( 'NONE',  ( 192.0000000000000000, 110.0000000000000000, -8.000000000000000000 ) ) ;
#1050 = CARTESIAN_POINT ( 'NONE',  ( 172.5000000000000284, 8.494954838909416495, -172.5000000000000284 ) ) ;
#1051 = ORIENTED_EDGE ( 'NONE', *, *, #561, .T. ) ;
#1052 = AXIS2_PLACEMENT_3D ( 'NONE', #3518, #3007, #2407 ) ;
#1053 = EDGE_CURVE ( 'NONE', #1586, #5596, #6541, .T. ) ;
#1054 = CARTESIAN_POINT ( 'NONE',  ( 170.8834192462690851, 3.000000000000000000, -19.70000000000010587 ) ) ;
#1055 = AXIS2_PLACEMENT_3D ( 'NONE', #2381, #5461, #819 ) ;
#1056 = CARTESIAN_POINT ( 'NONE',  ( 190.0000000000000000, 0.000000000000000000, -194.5000000000000000 ) ) ;
#1057 = EDGE_LOOP ( 'NONE', ( #3349, #791, #2464, #809 ) ) ;
#1058 = ORIENTED_EDGE ( 'NONE', *, *, #3364, .T. ) ;
#1059 = SPHERICAL_SURFACE ( 'NONE', #510, 1.000000000000000000 ) ;
#1060 = CARTESIAN_POINT ( 'NONE',  ( 180.0000000000000000, 121.1421356237309510, -12.80000000000000604 ) ) ;
#1061 = DIRECTION ( 'NONE',  ( 0.000000000000000000, 0.000000000000000000, -1.000000000000000000 ) ) ;
#1062 = EDGE_CURVE ( 'NONE', #6866, #1459, #1076, .T. ) ;
#1063 = VECTOR ( 'NONE', #4119, 1000.000000000000000 ) ;
#1064 = DIRECTION ( 'NONE',  ( -1.000000000000000000, 0.000000000000000000, 0.000000000000000000 ) ) ;
#1065 = CIRCLE ( 'NONE', #74, 1.000000000000000888 ) ;
#1066 = ORIENTED_EDGE ( 'NONE', *, *, #6327, .F. ) ;
#1067 = CARTESIAN_POINT ( 'NONE',  ( 17.00000000000001421, 385.7716446627536016, -188.0000000000000000 ) ) ;
#1068 = CARTESIAN_POINT ( 'NONE',  ( 195.0000000000000000, 101.2999999999999972, 0.000000000000000000 ) ) ;
#1069 = EDGE_CURVE ( 'NONE', #5537, #548, #1141, .T. ) ;
#1070 = AXIS2_PLACEMENT_3D ( 'NONE', #3802, #4229, #1178 ) ;
#1071 = ORIENTED_EDGE ( 'NONE', *, *, #3096, .F. ) ;
#1072 = ORIENTED_EDGE ( 'NONE', *, *, #1159, .F. ) ;
#1073 = DIRECTION ( 'NONE',  ( 0.8660254037844420383, -0.000000000000000000, 0.4999999999999943379 ) ) ;
#1074 = ORIENTED_EDGE ( 'NONE', *, *, #4058, .F. ) ;
#1075 = VECTOR ( 'NONE', #3612, 1000.000000000000000 ) ;
#1076 = LINE ( 'NONE', #4926, #1179 ) ;
#1077 = EDGE_CURVE ( 'NONE', #5785, #662, #1291, .T. ) ;
#1078 = ORIENTED_EDGE ( 'NONE', *, *, #1936, .T. ) ;
#1079 = ORIENTED_EDGE ( 'NONE', *, *, #6143, .F. ) ;
#1080 = CARTESIAN_POINT ( 'NONE',  ( 169.2668384925381417, 3.000000000000000000, -22.50000000000009948 ) ) ;
#1081 = DIRECTION ( 'NONE',  ( 0.000000000000000000, 0.000000000000000000, -1.000000000000000000 ) ) ;
#1082 = DIRECTION ( 'NONE',  ( 1.000000000000000000, 0.000000000000000000, 0.000000000000000000 ) ) ;
#1083 = ORIENTED_EDGE ( 'NONE', *, *, #5947, .T. ) ;
#1084 = CARTESIAN_POINT ( 'NONE',  ( 0.000000000000000000, 17.50000000000002842, -17.00000000000000000 ) ) ;
#1085 = ORIENTED_EDGE ( 'NONE', *, *, #1992, .T. ) ;
#1086 = EDGE_LOOP ( 'NONE', ( #6505, #4719, #147, #44, #4253, #84, #2148, #4043, #5103 ) ) ;
#1087 = CARTESIAN_POINT ( 'NONE',  ( 195.0000000000000000, 110.0000000000000000, -190.0000000000000000 ) ) ;
#1088 = VECTOR ( 'NONE', #2610, 1000.000000000000114 ) ;
#1089 = CARTESIAN_POINT ( 'NONE',  ( 5.000000000000000000, 92.99999999999997158, -17.00000000000001421 ) ) ;
#1090 = ADVANCED_FACE ( 'NONE', ( #4852 ), #79, .F. ) ;
#1091 = CARTESIAN_POINT ( 'NONE',  ( 10.00000000000000178, 104.0000000000000000, -186.7500000000000000 ) ) ;
#1092 = LINE ( 'NONE', #1612, #1229 ) ;
#1093 = AXIS2_PLACEMENT_3D ( 'NONE', #3719, #5334, #4916 ) ;
#1094 = ORIENTED_EDGE ( 'NONE', *, *, #4000, .T. ) ;
#1095 = CARTESIAN_POINT ( 'NONE',  ( 22.49999999999995026, 3.000000000000000000, -14.79979246179027896 ) ) ;
#1096 = CARTESIAN_POINT ( 'NONE',  ( 5.999999999999997335, 4.000000000000000000, -178.0000000000000000 ) ) ;
#1097 = DIRECTION ( 'NONE',  ( 1.000000000000000000, 0.000000000000000000, 3.469446951953621091E-16 ) ) ;
#1098 = EDGE_LOOP ( 'NONE', ( #3056, #3615, #1660, #5927, #6817, #4823 ) ) ;
#1099 = ORIENTED_EDGE ( 'NONE', *, *, #5003, .F. ) ;
#1100 = AXIS2_PLACEMENT_3D ( 'NONE', #4279, #60, #3748 ) ;
#1101 = EDGE_CURVE ( 'NONE', #3682, #2705, #2070, .T. ) ;
#1102 = EDGE_CURVE ( 'NONE', #980, #3981, #5967, .T. ) ;
#1103 = DIRECTION ( 'NONE',  ( -0.000000000000000000, 1.000000000000000000, -0.000000000000000000 ) ) ;
#1104 = ORIENTED_EDGE ( 'NONE', *, *, #3096, .T. ) ;
#1105 = DIRECTION ( 'NONE',  ( -0.000000000000000000, 1.000000000000000000, -0.000000000000000000 ) ) ;
#1106 = VERTEX_POINT ( 'NONE', #4786 ) ;
#1107 = ADVANCED_FACE ( 'NONE', ( #2222 ), #2981, .F. ) ;
#1108 = ORIENTED_EDGE ( 'NONE', *, *, #2772, .F. ) ;
#1109 = VECTOR ( 'NONE', #2863, 1000.000000000000114 ) ;
#1110 = DIRECTION ( 'NONE',  ( -1.000000000000000000, 0.000000000000000000, 0.000000000000000000 ) ) ;
#1111 = CARTESIAN_POINT ( 'NONE',  ( 99.50000000000000000, 385.7716446627536016, -5.000000000000000000 ) ) ;
#1112 = PLANE ( 'NONE',  #5790 ) ;
#1113 = DIRECTION ( 'NONE',  ( 0.000000000000000000, 0.000000000000000000, -1.000000000000000000 ) ) ;
#1114 = VECTOR ( 'NONE', #4747, 1000.000000000000000 ) ;
#1115 = LINE ( 'NONE', #2061, #5157 ) ;
#1116 = ORIENTED_EDGE ( 'NONE', *, *, #5088, .F. ) ;
#1117 = DIRECTION ( 'NONE',  ( -0.000000000000000000, 1.000000000000000000, -0.000000000000000000 ) ) ;
#1118 = LINE ( 'NONE', #25, #1474 ) ;
#1119 = VERTEX_POINT ( 'NONE', #6423 ) ;
#1120 = EDGE_LOOP ( 'NONE', ( #5354, #1678, #608, #1424 ) ) ;
#1121 = CARTESIAN_POINT ( 'NONE',  ( 185.0000000000000000, 104.0000000000000000, -185.0000000000000000 ) ) ;
#1122 = CARTESIAN_POINT ( 'NONE',  ( 0.000000000000000000, 3.000000000000000000, 0.000000000000000000 ) ) ;
#1123 = CARTESIAN_POINT ( 'NONE',  ( 174.1165807537310855, 0.000000000000000000, -169.7000000000001307 ) ) ;
#1124 = VECTOR ( 'NONE', #2377, 1000.000000000000000 ) ;
#1125 = ORIENTED_EDGE ( 'NONE', *, *, #2186, .F. ) ;
#1126 = EDGE_CURVE ( 'NONE', #5404, #2574, #3728, .T. ) ;
#1127 = CARTESIAN_POINT ( 'NONE',  ( 10.00000000000000178, 92.00000000000000000, -11.75000000000000888 ) ) ;
#1128 = ORIENTED_EDGE ( 'NONE', *, *, #2440, .T. ) ;
#1129 = PLANE ( 'NONE',  #216 ) ;
#1130 = FACE_OUTER_BOUND ( 'NONE', #1580, .T. ) ;
#1131 = AXIS2_PLACEMENT_3D ( 'NONE', #4812, #36, #2143 ) ;
#1132 = DIRECTION ( 'NONE',  ( 0.000000000000000000, -1.000000000000000000, 0.000000000000000000 ) ) ;
#1133 = EDGE_LOOP ( 'NONE', ( #2730, #689, #207, #4456 ) ) ;
#1134 = EDGE_LOOP ( 'NONE', ( #5784, #3047, #4931, #4109 ) ) ;
#1135 = EDGE_CURVE ( 'NONE', #4899, #10, #3156, .T. ) ;
#1136 = EDGE_CURVE ( 'NONE', #6614, #4071, #4148, .T. ) ;
#1137 = CIRCLE ( 'NONE', #5068, 2.000000000000000000 ) ;
#1138 = LINE ( 'NONE', #592, #3865 ) ;
#1139 = CARTESIAN_POINT ( 'NONE',  ( 99.49999999999995737, 7.000000000000000000, -190.0000000000000000 ) ) ;
#1140 = ORIENTED_EDGE ( 'NONE', *, *, #3240, .F. ) ;
#1141 = LINE ( 'NONE', #42, #5660 ) ;
#1142 = EDGE_CURVE ( 'NONE', #5741, #1722, #4447, .T. ) ;
#1143 = EDGE_CURVE ( 'NONE', #1751, #2819, #3414, .T. ) ;
#1144 = EDGE_LOOP ( 'NONE', ( #493, #2539, #5251, #2868, #6736, #4288, #5524, #3028 ) ) ;
#1145 = SURFACE_STYLE_USAGE ( .BOTH. , #2154 ) ;
#1146 = VERTEX_POINT ( 'NONE', #1933 ) ;
#1147 = DIRECTION ( 'NONE',  ( 0.000000000000000000, 0.000000000000000000, -1.000000000000000000 ) ) ;
#1148 = CARTESIAN_POINT ( 'NONE',  ( 180.0000000000000000, 107.0000000000000000, -182.0000000000000000 ) ) ;
#1149 = EDGE_CURVE ( 'NONE', #6544, #5212, #1410, .T. ) ;
#1150 = EDGE_CURVE ( 'NONE', #4750, #6684, #1304, .T. ) ;
#1151 = ORIENTED_EDGE ( 'NONE', *, *, #1484, .F. ) ;
#1152 = DIRECTION ( 'NONE',  ( 0.000000000000000000, -1.000000000000000000, 0.000000000000000000 ) ) ;
#1153 = LINE ( 'NONE', #6470, #5721 ) ;
#1154 = ORIENTED_EDGE ( 'NONE', *, *, #4315, .F. ) ;
#1155 = ORIENTED_EDGE ( 'NONE', *, *, #2603, .F. ) ;
#1156 = DIRECTION ( 'NONE',  ( -1.000000000000000000, 0.000000000000000000, -0.000000000000000000 ) ) ;
#1157 = FACE_OUTER_BOUND ( 'NONE', #5571, .T. ) ;
#1158 = DIRECTION ( 'NONE',  ( 0.000000000000000000, 0.000000000000000000, -1.000000000000000000 ) ) ;
#1159 = EDGE_CURVE ( 'NONE', #5847, #1006, #3500, .T. ) ;
#1160 = CIRCLE ( 'NONE', #289, 2.000000000000001776 ) ;
#1161 = FACE_BOUND ( 'NONE', #3406, .T. ) ;
#1162 = AXIS2_PLACEMENT_3D ( 'NONE', #2454, #4599, #2047 ) ;
#1163 = CARTESIAN_POINT ( 'NONE',  ( 189.0000000000000000, 4.000000000000001776, -99.50000000000000000 ) ) ;
#1164 = AXIS2_PLACEMENT_3D ( 'NONE', #5132, #1935, #4078 ) ;
#1165 = ORIENTED_EDGE ( 'NONE', *, *, #4761, .F. ) ;
#1166 = DIRECTION ( 'NONE',  ( -1.000000000000000000, 0.000000000000000000, 0.000000000000000000 ) ) ;
#1167 = AXIS2_PLACEMENT_3D ( 'NONE', #6077, #5575, #786 ) ;
#1168 = CARTESIAN_POINT ( 'NONE',  ( 188.0000000000000000, 3.000000000000000000, -179.0000000000000000 ) ) ;
#1169 = FACE_OUTER_BOUND ( 'NONE', #4951, .T. ) ;
#1170 = DIRECTION ( 'NONE',  ( -8.584654849926763228E-15, 0.000000000000000000, -1.000000000000000000 ) ) ;
#1171 = AXIS2_PLACEMENT_3D ( 'NONE', #5315, #981, #3629 ) ;
#1172 = ORIENTED_EDGE ( 'NONE', *, *, #1372, .T. ) ;
#1173 = CIRCLE ( 'NONE', #6073, 1.000000000000000888 ) ;
#1174 = DIRECTION ( 'NONE',  ( 0.000000000000000000, 1.000000000000000000, 0.000000000000000000 ) ) ;
#1175 = DIRECTION ( 'NONE',  ( 0.000000000000000000, -1.000000000000000000, 0.000000000000000000 ) ) ;
#1176 = ORIENTED_EDGE ( 'NONE', *, *, #6366, .F. ) ;
#1177 = COLOUR_RGB ( '',0.7921568627450980005, 0.8196078431372548767, 0.9333333333333333481 ) ;
#1178 = DIRECTION ( 'NONE',  ( 0.000000000000000000, 0.000000000000000000, -1.000000000000000000 ) ) ;
#1179 = VECTOR ( 'NONE', #1555, 1000.000000000000000 ) ;
#1180 = ORIENTED_EDGE ( 'NONE', *, *, #1351, .F. ) ;
#1181 =( NAMED_UNIT ( * ) SI_UNIT ( $, .STERADIAN. ) SOLID_ANGLE_UNIT ( ) );
#1182 = VECTOR ( 'NONE', #3553, 999.9999999999997726 ) ;
#1183 = ORIENTED_EDGE ( 'NONE', *, *, #3000, .F. ) ;
#1184 = EDGE_CURVE ( 'NONE', #90, #1644, #3903, .T. ) ;
#1185 = FACE_OUTER_BOUND ( 'NONE', #2555, .T. ) ;
#1186 = PLANE ( 'NONE',  #2579 ) ;
#1187 = ORIENTED_EDGE ( 'NONE', *, *, #4710, .F. ) ;
#1188 = DIRECTION ( 'NONE',  ( 0.000000000000000000, -1.000000000000000000, 0.000000000000000000 ) ) ;
#1189 = LINE ( 'NONE', #195, #64 ) ;
#1190 = ORIENTED_EDGE ( 'NONE', *, *, #2773, .T. ) ;
#1191 = ORIENTED_EDGE ( 'NONE', *, *, #1836, .F. ) ;
#1192 = EDGE_CURVE ( 'NONE', #6456, #1047, #5985, .T. ) ;
#1193 = EDGE_CURVE ( 'NONE', #893, #5765, #1624, .T. ) ;
#1194 = DIRECTION ( 'NONE',  ( 0.000000000000000000, 0.000000000000000000, -1.000000000000000000 ) ) ;
#1195 = PLANE ( 'NONE',  #8 ) ;
#1196 = DIRECTION ( 'NONE',  ( 0.000000000000000000, 1.000000000000000000, 0.000000000000000000 ) ) ;
#1197 = EDGE_LOOP ( 'NONE', ( #4411, #2281, #6573, #257, #2990, #2873 ) ) ;
#1198 = DIRECTION ( 'NONE',  ( 1.000000000000000000, -0.000000000000000000, -0.000000000000000000 ) ) ;
#1199 = AXIS2_PLACEMENT_3D ( 'NONE', #1018, #4170, #3144 ) ;
#1200 = EDGE_CURVE ( 'NONE', #2705, #4896, #2858, .T. ) ;
#1201 = ORIENTED_EDGE ( 'NONE', *, *, #4587, .T. ) ;
#1202 = DIRECTION ( 'NONE',  ( 0.000000000000000000, 0.000000000000000000, -1.000000000000000000 ) ) ;
#1203 = DIRECTION ( 'NONE',  ( 0.000000000000000000, -1.000000000000000000, 0.000000000000000000 ) ) ;
#1204 = DIRECTION ( 'NONE',  ( 0.000000000000000000, 0.000000000000000000, -1.000000000000000000 ) ) ;
#1205 = VERTEX_POINT ( 'NONE', #6521 ) ;
#1206 = CARTESIAN_POINT ( 'NONE',  ( 190.0000000000000000, 0.000000000000000000, -5.000000000000000000 ) ) ;
#1207 = CARTESIAN_POINT ( 'NONE',  ( 98.49999999999997158, 7.000000000000006217, -98.49999999999997158 ) ) ;
#1208 = ORIENTED_EDGE ( 'NONE', *, *, #2820, .F. ) ;
#1209 = DIRECTION ( 'NONE',  ( 1.000000000000000000, 0.000000000000000000, -1.073081856240832782E-15 ) ) ;
#1210 = CIRCLE ( 'NONE', #1444, 1.000000000000000888 ) ;
#1211 = ORIENTED_EDGE ( 'NONE', *, *, #6755, .T. ) ;
#1212 = FACE_BOUND ( 'NONE', #4365, .T. ) ;
#1213 = ORIENTED_EDGE ( 'NONE', *, *, #5454, .F. ) ;
#1214 = DIRECTION ( 'NONE',  ( 0.000000000000000000, 1.000000000000000000, 0.000000000000000000 ) ) ;
#1215 = CARTESIAN_POINT ( 'NONE',  ( 8.000000000000000000, 110.0000000000000000, -8.000000000000000000 ) ) ;
#1216 = AXIS2_PLACEMENT_3D ( 'NONE', #4769, #1570, #5632 ) ;
#1217 = TOROIDAL_SURFACE ( 'NONE', #2104, 3.000000000000000000, 1.000000000000000000 ) ;
#1218 = CARTESIAN_POINT ( 'NONE',  ( 189.0000000000000000, 4.000000000000003553, -98.50000000000000000 ) ) ;
#1219 = ORIENTED_EDGE ( 'NONE', *, *, #1135, .T. ) ;
#1220 = DIRECTION ( 'NONE',  ( 0.000000000000000000, 0.000000000000000000, -1.000000000000000000 ) ) ;
#1221 = AXIS2_PLACEMENT_3D ( 'NONE', #50, #2161, #5829 ) ;
#1222 = LINE ( 'NONE', #3347, #2153 ) ;
#1223 = ORIENTED_EDGE ( 'NONE', *, *, #3591, .T. ) ;
#1224 = EDGE_LOOP ( 'NONE', ( #1201, #5957 ) ) ;
#1225 = DIRECTION ( 'NONE',  ( 0.000000000000000000, 1.000000000000000000, 0.000000000000000000 ) ) ;
#1226 = CARTESIAN_POINT ( 'NONE',  ( 170.8834192462691135, 3.000000000000000000, -25.30000000000006821 ) ) ;
#1227 = CARTESIAN_POINT ( 'NONE',  ( 185.0000000000000000, 107.0000000000000000, -8.250000000000007105 ) ) ;
#1228 = DIRECTION ( 'NONE',  ( 1.000000000000000000, 0.000000000000000000, 0.000000000000000000 ) ) ;
#1229 = VECTOR ( 'NONE', #4840, 1000.000000000000000 ) ;
#1230 = ADVANCED_FACE ( 'NONE', ( #6019 ), #5219, .T. ) ;
#1231 = ADVANCED_FACE ( 'NONE', ( #1241 ), #6086, .F. ) ;
#1232 = PLANE ( 'NONE',  #3125 ) ;
#1233 = FILL_AREA_STYLE_COLOUR ( '', #2487 ) ;
#1234 = ORIENTED_EDGE ( 'NONE', *, *, #4937, .F. ) ;
#1235 = LINE ( 'NONE', #5620, #1755 ) ;
#1236 = CARTESIAN_POINT ( 'NONE',  ( 182.0000000000000000, 3.000000000000000000, -16.00000000000001066 ) ) ;
#1237 = VECTOR ( 'NONE', #3016, 1000.000000000000000 ) ;
#1238 = ADVANCED_FACE ( 'NONE', ( #2784 ), #3867, .F. ) ;
#1239 = DIRECTION ( 'NONE',  ( -3.469446951953621091E-16, 0.000000000000000000, -1.000000000000000000 ) ) ;
#1240 = ORIENTED_EDGE ( 'NONE', *, *, #1515, .F. ) ;
#1241 = FACE_OUTER_BOUND ( 'NONE', #5544, .T. ) ;
#1242 = CARTESIAN_POINT ( 'NONE',  ( 185.0000000000000000, 92.00000000000000000, -183.2500000000000000 ) ) ;
#1243 = ORIENTED_EDGE ( 'NONE', *, *, #1022, .F. ) ;
#1244 = CARTESIAN_POINT ( 'NONE',  ( 10.00000000000000178, 92.00000000000000000, -10.00000000000000888 ) ) ;
#1245 = DIRECTION ( 'NONE',  ( 0.000000000000000000, 0.000000000000000000, 1.000000000000000000 ) ) ;
#1246 = CARTESIAN_POINT ( 'NONE',  ( 25.73316150746185471, 0.000000000000000000, -22.50000000000010303 ) ) ;
#1247 = EDGE_LOOP ( 'NONE', ( #6149, #4233, #6705, #2489 ) ) ;
#1248 = VERTEX_POINT ( 'NONE', #174 ) ;
#1249 = FACE_OUTER_BOUND ( 'NONE', #6083, .T. ) ;
#1250 = ORIENTED_EDGE ( 'NONE', *, *, #4677, .F. ) ;
#1251 = DIRECTION ( 'NONE',  ( 0.000000000000000000, 0.000000000000000000, 1.000000000000000000 ) ) ;
#1252 = DIRECTION ( 'NONE',  ( -0.000000000000000000, -1.000000000000000000, -0.000000000000000000 ) ) ;
#1253 = VERTEX_POINT ( 'NONE', #3334 ) ;
#1254 = CARTESIAN_POINT ( 'NONE',  ( 5.000000000000000000, 110.0000000000000000, -5.000000000000000000 ) ) ;
#1255 = CARTESIAN_POINT ( 'NONE',  ( 169.2668384925381417, 0.000000000000000000, -22.50000000000009948 ) ) ;
#1256 = ORIENTED_EDGE ( 'NONE', *, *, #2987, .F. ) ;
#1257 = ORIENTED_EDGE ( 'NONE', *, *, #4511, .T. ) ;
#1258 = CIRCLE ( 'NONE', #1691, 1.000000000000000888 ) ;
#1259 = CARTESIAN_POINT ( 'NONE',  ( 99.49999999999997158, 4.000000000000003553, -95.50000000000000000 ) ) ;
#1260 = CARTESIAN_POINT ( 'NONE',  ( 5.000000000000004441, 98.00000000000000000, -16.99999999999999645 ) ) ;
#1261 = CARTESIAN_POINT ( 'NONE',  ( 172.5000000000000284, 3.000000000000000000, -170.7499999999999716 ) ) ;
#1262 = DIRECTION ( 'NONE',  ( 0.000000000000000000, -0.9396926207859095381, -0.3420201433256657153 ) ) ;
#1263 = ORIENTED_EDGE ( 'NONE', *, *, #4549, .F. ) ;
#1264 = AXIS2_PLACEMENT_3D ( 'NONE', #1425, #6275, #482 ) ;
#1265 = VERTEX_POINT ( 'NONE', #107 ) ;
#1266 = ORIENTED_EDGE ( 'NONE', *, *, #3533, .T. ) ;
#1267 = ORIENTED_EDGE ( 'NONE', *, *, #2223, .T. ) ;
#1268 = EDGE_CURVE ( 'NONE', #3605, #3508, #1752, .T. ) ;
#1269 = VECTOR ( 'NONE', #1228, 1000.000000000000000 ) ;
#1270 = CARTESIAN_POINT ( 'NONE',  ( 189.0000000000000000, 3.000000000000000000, -17.00000000000001421 ) ) ;
#1271 = LINE ( 'NONE', #4048, #3380 ) ;
#1272 = VECTOR ( 'NONE', #2289, 1000.000000000000000 ) ;
#1273 = CARTESIAN_POINT ( 'NONE',  ( 24.11658075373090782, 0.000000000000000000, -25.30000000000008598 ) ) ;
#1274 = FACE_OUTER_BOUND ( 'NONE', #2493, .T. ) ;
#1275 = ORIENTED_EDGE ( 'NONE', *, *, #6101, .F. ) ;
#1276 = CIRCLE ( 'NONE', #5096, 1.750000000000039746 ) ;
#1277 = DIRECTION ( 'NONE',  ( 0.000000000000000000, 1.000000000000000000, 0.000000000000000000 ) ) ;
#1278 = FACE_OUTER_BOUND ( 'NONE', #2755, .T. ) ;
#1279 = CIRCLE ( 'NONE', #180, 5.000000000000000000 ) ;
#1280 = VERTEX_POINT ( 'NONE', #5514 ) ;
#1281 = EDGE_CURVE ( 'NONE', #3248, #5720, #4998, .T. ) ;
#1282 = ADVANCED_FACE ( 'NONE', ( #3762 ), #6454, .F. ) ;
#1283 = LINE ( 'NONE', #766, #2163 ) ;
#1284 = VECTOR ( 'NONE', #1594, 1000.000000000000000 ) ;
#1285 = DIRECTION ( 'NONE',  ( 0.000000000000000000, 0.000000000000000000, -1.000000000000000000 ) ) ;
#1286 = AXIS2_PLACEMENT_3D ( 'NONE', #4515, #1918, #3950 ) ;
#1287 = EDGE_LOOP ( 'NONE', ( #4970, #6734, #5697, #5893 ) ) ;
#1288 = LINE ( 'NONE', #2940, #2666 ) ;
#1289 = VERTEX_POINT ( 'NONE', #2218 ) ;
#1290 = EDGE_CURVE ( 'NONE', #4718, #3241, #1138, .T. ) ;
#1291 = CIRCLE ( 'NONE', #4660, 6.760514917423833481 ) ;
#1292 = CARTESIAN_POINT ( 'NONE',  ( 22.49999999999995026, 8.494954838909416495, -22.50000000000004619 ) ) ;
#1293 = CARTESIAN_POINT ( 'NONE',  ( 15.00000000000000000, 4.000000000000003553, -188.0000000000000000 ) ) ;
#1294 = CARTESIAN_POINT ( 'NONE',  ( 6.999999999999997335, 121.1421356237309510, -178.0000000000000000 ) ) ;
#1295 = LINE ( 'NONE', #3423, #471 ) ;
#1296 = ORIENTED_EDGE ( 'NONE', *, *, #5342, .T. ) ;
#1297 = VECTOR ( 'NONE', #2188, 1000.000000000000000 ) ;
#1298 = CARTESIAN_POINT ( 'NONE',  ( 195.0000000000000000, 0.5000000000000283107, -5.000000000000000000 ) ) ;
#1299 = FACE_OUTER_BOUND ( 'NONE', #2832, .T. ) ;
#1300 = EDGE_LOOP ( 'NONE', ( #3780, #1223, #6602, #604 ) ) ;
#1301 = ORIENTED_EDGE ( 'NONE', *, *, #6568, .T. ) ;
#1302 = ADVANCED_FACE ( 'NONE', ( #5413 ), #1685, .F. ) ;
#1303 = LINE ( 'NONE', #5017, #405 ) ;
#1304 = LINE ( 'NONE', #4564, #3193 ) ;
#1305 = DIRECTION ( 'NONE',  ( 0.000000000000000000, 0.000000000000000000, -1.000000000000000000 ) ) ;
#1306 = LINE ( 'NONE', #3050, #6647 ) ;
#1307 = ORIENTED_EDGE ( 'NONE', *, *, #5749, .T. ) ;
#1308 = ORIENTED_EDGE ( 'NONE', *, *, #5423, .T. ) ;
#1309 = ORIENTED_EDGE ( 'NONE', *, *, #4482, .T. ) ;
#1310 = EDGE_CURVE ( 'NONE', #1848, #5217, #6486, .T. ) ;
#1311 = CARTESIAN_POINT ( 'NONE',  ( 179.0000000000000000, 3.000000000000000000, -182.0000000000000000 ) ) ;
#1312 = FACE_OUTER_BOUND ( 'NONE', #5314, .T. ) ;
#1313 = DIRECTION ( 'NONE',  ( 1.000000000000000000, 0.000000000000000000, 0.000000000000000000 ) ) ;
#1314 = DIRECTION ( 'NONE',  ( 1.000000000000000000, -0.000000000000000000, -0.000000000000000000 ) ) ;
#1315 = CARTESIAN_POINT ( 'NONE',  ( 194.5000000000000000, 0.000000000000000000, -5.000000000000000000 ) ) ;
#1316 = CARTESIAN_POINT ( 'NONE',  ( 189.0000000000000000, 4.000000000000000000, -99.50000000000000000 ) ) ;
#1317 = EDGE_LOOP ( 'NONE', ( #576, #5392, #3604, #6673, #5289, #5505, #3178, #3796 ) ) ;
#1318 = CARTESIAN_POINT ( 'NONE',  ( 15.00000000000000000, 101.2999999999999972, -12.80000000000000604 ) ) ;
#1319 = VECTOR ( 'NONE', #1081, 1000.000000000000000 ) ;
#1320 = CYLINDRICAL_SURFACE ( 'NONE', #6354, 1.000000000000000888 ) ;
#1321 = ORIENTED_EDGE ( 'NONE', *, *, #3324, .T. ) ;
#1322 = EDGE_CURVE ( 'NONE', #1265, #5942, #2404, .T. ) ;
#1323 = EDGE_CURVE ( 'NONE', #3097, #2776, #4052, .T. ) ;
#1324 = VERTEX_POINT ( 'NONE', #6743 ) ;
#1325 = CIRCLE ( 'NONE', #5018, 1.749999999999999778 ) ;
#1326 = ORIENTED_EDGE ( 'NONE', *, *, #6587, .F. ) ;
#1327 = DIRECTION ( 'NONE',  ( 1.438112726198388987E-16, -0.000000000000000000, 1.000000000000000000 ) ) ;
#1328 = CARTESIAN_POINT ( 'NONE',  ( 0.000000000000000000, 110.0000000000000000, 0.000000000000000000 ) ) ;
#1329 = DIRECTION ( 'NONE',  ( -1.000000000000000000, -0.000000000000000000, -0.000000000000000000 ) ) ;
#1330 = ADVANCED_FACE ( 'NONE', ( #5689, #6210 ), #1422, .F. ) ;
#1331 = ORIENTED_EDGE ( 'NONE', *, *, #4566, .T. ) ;
#1332 = CARTESIAN_POINT ( 'NONE',  ( 0.000000000000000000, 282.7716446627535447, -96.50000000000000000 ) ) ;
#1333 = CARTESIAN_POINT ( 'NONE',  ( 0.000000000000000000, 3.000000000000000000, -189.0000000000000000 ) ) ;
#1334 = DIRECTION ( 'NONE',  ( 0.000000000000000000, -1.000000000000000000, 0.000000000000000000 ) ) ;
#1335 = ORIENTED_EDGE ( 'NONE', *, *, #527, .T. ) ;
#1336 = ORIENTED_EDGE ( 'NONE', *, *, #5379, .F. ) ;
#1337 = VECTOR ( 'NONE', #710, 1000.000000000000114 ) ;
#1338 = AXIS2_PLACEMENT_3D ( 'NONE', #2100, #1674, #2206 ) ;
#1339 = DIRECTION ( 'NONE',  ( 0.000000000000000000, 1.000000000000000000, 0.000000000000000000 ) ) ;
#1340 = CARTESIAN_POINT ( 'NONE',  ( 8.383419246269063763, 104.0000000000000000, -187.7999999999999829 ) ) ;
#1341 = CARTESIAN_POINT ( 'NONE',  ( 8.383419246269049552, 101.2999999999999972, -182.1999999999999886 ) ) ;
#1342 = ORIENTED_EDGE ( 'NONE', *, *, #2848, .F. ) ;
#1343 = DIRECTION ( 'NONE',  ( 0.000000000000000000, 0.000000000000000000, 1.000000000000000000 ) ) ;
#1344 = ORIENTED_EDGE ( 'NONE', *, *, #76, .F. ) ;
#1345 = ORIENTED_EDGE ( 'NONE', *, *, #5804, .F. ) ;
#1346 = AXIS2_PLACEMENT_3D ( 'NONE', #3855, #3322, #202 ) ;
#1347 = CARTESIAN_POINT ( 'NONE',  ( 20.88341924626897494, 0.000000000000000000, -175.3000000000000682 ) ) ;
#1348 = CARTESIAN_POINT ( 'NONE',  ( 0.000000000000000000, 12.50000000000002842, -178.0000000000000000 ) ) ;
#1349 = DIRECTION ( 'NONE',  ( 0.000000000000000000, 1.000000000000000000, 0.000000000000000000 ) ) ;
#1350 = CARTESIAN_POINT ( 'NONE',  ( 5.000000000000000000, 0.5000000000000281997, -5.000000000000000000 ) ) ;
#1351 = EDGE_CURVE ( 'NONE', #1651, #3097, #1791, .T. ) ;
#1352 = VECTOR ( 'NONE', #910, 999.9999999999998863 ) ;
#1353 = LINE ( 'NONE', #1315, #4106 ) ;
#1354 = DIRECTION ( 'NONE',  ( -1.000000000000000000, 0.000000000000000000, 0.000000000000000000 ) ) ;
#1355 = ORIENTED_EDGE ( 'NONE', *, *, #4820, .T. ) ;
#1356 = CARTESIAN_POINT ( 'NONE',  ( 0.000000000000000000, 3.000000000000000000, 0.000000000000000000 ) ) ;
#1357 = ORIENTED_EDGE ( 'NONE', *, *, #824, .T. ) ;
#1358 = CIRCLE ( 'NONE', #6732, 1.000000000000000888 ) ;
#1359 = DIRECTION ( 'NONE',  ( 0.000000000000000000, -1.000000000000000000, 0.000000000000000000 ) ) ;
#1360 = ORIENTED_EDGE ( 'NONE', *, *, #5216, .F. ) ;
#1361 = CARTESIAN_POINT ( 'NONE',  ( 172.5000000000000284, 7.000000000000000000, -166.9558809370647907 ) ) ;
#1362 = DIRECTION ( 'NONE',  ( 0.000000000000000000, 0.000000000000000000, 1.000000000000000000 ) ) ;
#1363 = EDGE_CURVE ( 'NONE', #1593, #3605, #6711, .T. ) ;
#1364 = DIRECTION ( 'NONE',  ( 0.4999999999999991673, 0.000000000000000000, 0.8660254037844390407 ) ) ;
#1365 = ORIENTED_EDGE ( 'NONE', *, *, #466, .F. ) ;
#1366 = DIRECTION ( 'NONE',  ( 0.000000000000000000, 0.000000000000000000, 1.000000000000000000 ) ) ;
#1367 = CYLINDRICAL_SURFACE ( 'NONE', #399, 5.000000000000004441 ) ;
#1368 = MECHANICAL_DESIGN_GEOMETRIC_PRESENTATION_REPRESENTATION (  '', ( #1929 ), #591 ) ;
#1369 = EDGE_LOOP ( 'NONE', ( #5128, #5024, #3555, #6062 ) ) ;
#1370 = ORIENTED_EDGE ( 'NONE', *, *, #1769, .T. ) ;
#1371 = DIRECTION ( 'NONE',  ( 1.000000000000000000, 0.000000000000000000, 0.000000000000000000 ) ) ;
#1372 = EDGE_CURVE ( 'NONE', #3443, #4099, #1353, .T. ) ;
#1373 = DIRECTION ( 'NONE',  ( 0.000000000000000000, 0.000000000000000000, -1.000000000000000000 ) ) ;
#1374 = EDGE_CURVE ( 'NONE', #2801, #893, #2502, .T. ) ;
#1375 = CARTESIAN_POINT ( 'NONE',  ( 95.49999999999997158, 4.000000000000000000, -189.0000000000000000 ) ) ;
#1376 = LINE ( 'NONE', #5025, #3150 ) ;
#1377 = EDGE_LOOP ( 'NONE', ( #4821, #1687, #241, #1861 ) ) ;
#1378 = ORIENTED_EDGE ( 'NONE', *, *, #4185, .F. ) ;
#1379 = ADVANCED_FACE ( 'NONE', ( #873 ), #905, .F. ) ;
#1380 = CARTESIAN_POINT ( 'NONE',  ( 179.0000000000000000, 4.000000000000003553, -188.0000000000000000 ) ) ;
#1381 = DIRECTION ( 'NONE',  ( 0.000000000000000000, 1.000000000000000000, -0.000000000000000000 ) ) ;
#1382 = VECTOR ( 'NONE', #1864, 1000.000000000000000 ) ;
#1383 = DIRECTION ( 'NONE',  ( -1.000000000000000000, 0.000000000000000000, 0.000000000000000000 ) ) ;
#1384 = CARTESIAN_POINT ( 'NONE',  ( 99.50000000000000000, 4.000000000000000000, -6.000000000000000000 ) ) ;
#1385 = CIRCLE ( 'NONE', #6756, 1.750000000000001554 ) ;
#1386 = CARTESIAN_POINT ( 'NONE',  ( 17.00000000000000000, 107.0000000000000000, -6.999999999999999112 ) ) ;
#1387 = ORIENTED_EDGE ( 'NONE', *, *, #4262, .T. ) ;
#1388 = AXIS2_PLACEMENT_3D ( 'NONE', #4833, #4243, #6362 ) ;
#1389 = LINE ( 'NONE', #4056, #6868 ) ;
#1390 = DIRECTION ( 'NONE',  ( 0.000000000000000000, 1.000000000000000000, 0.000000000000000000 ) ) ;
#1391 = ORIENTED_EDGE ( 'NONE', *, *, #2447, .F. ) ;
#1392 = AXIS2_PLACEMENT_3D ( 'NONE', #5447, #2786, #6596 ) ;
#1393 = FACE_OUTER_BOUND ( 'NONE', #1134, .T. ) ;
#1394 = VERTEX_POINT ( 'NONE', #3940 ) ;
#1395 = AXIS2_PLACEMENT_3D ( 'NONE', #6542, #1117, #1736 ) ;
#1396 = CARTESIAN_POINT ( 'NONE',  ( 15.00000000000000000, 107.0000000000000000, -188.0000000000000000 ) ) ;
#1397 = ADVANCED_FACE ( 'NONE', ( #6674 ), #1867, .F. ) ;
#1398 = CARTESIAN_POINT ( 'NONE',  ( 0.000000000000000000, 110.0000000000000000, 0.000000000000000000 ) ) ;
#1399 = AXIS2_PLACEMENT_3D ( 'NONE', #6333, #2659, #5806 ) ;
#1400 = PLANE ( 'NONE',  #4938 ) ;
#1401 = ORIENTED_EDGE ( 'NONE', *, *, #655, .T. ) ;
#1402 = DIRECTION ( 'NONE',  ( 0.000000000000000000, -1.000000000000000000, 0.000000000000000000 ) ) ;
#1403 = EDGE_CURVE ( 'NONE', #1428, #6614, #2635, .T. ) ;
#1404 = AXIS2_PLACEMENT_3D ( 'NONE', #6462, #4331, #3309 ) ;
#1405 = DIRECTION ( 'NONE',  ( 0.000000000000000000, -0.7071067811865279218, 0.7071067811865672237 ) ) ;
#1406 = EDGE_LOOP ( 'NONE', ( #3660, #5901, #4384, #1360, #2518, #735 ) ) ;
#1407 = ORIENTED_EDGE ( 'NONE', *, *, #3853, .T. ) ;
#1408 = CARTESIAN_POINT ( 'NONE',  ( 185.0000000000000000, 92.00000000000000000, -10.00000000000000888 ) ) ;
#1409 = DIRECTION ( 'NONE',  ( 0.000000000000000000, 0.000000000000000000, -1.000000000000000000 ) ) ;
#1410 = LINE ( 'NONE', #3963, #4875 ) ;
#1411 = DIRECTION ( 'NONE',  ( -0.4999999999999970579, 0.000000000000000000, 0.8660254037844402619 ) ) ;
#1412 = PLANE ( 'NONE',  #294 ) ;
#1413 = VECTOR ( 'NONE', #5378, 1000.000000000000000 ) ;
#1414 = EDGE_CURVE ( 'NONE', #1913, #1006, #5115, .T. ) ;
#1415 = EDGE_CURVE ( 'NONE', #2747, #2952, #3514, .T. ) ;
#1416 = DIRECTION ( 'NONE',  ( 0.000000000000000000, 1.000000000000000000, 0.000000000000000000 ) ) ;
#1417 = AXIS2_PLACEMENT_3D ( 'NONE', #2074, #5750, #5210 ) ;
#1418 = VERTEX_POINT ( 'NONE', #6092 ) ;
#1419 = DIRECTION ( 'NONE',  ( -1.000000000000000000, 0.000000000000000000, 0.000000000000000000 ) ) ;
#1420 = DIRECTION ( 'NONE',  ( 1.000000000000000000, -0.000000000000000000, 0.000000000000000000 ) ) ;
#1421 = EDGE_CURVE ( 'NONE', #2497, #4879, #5975, .T. ) ;
#1422 = PLANE ( 'NONE',  #6666 ) ;
#1423 = DIRECTION ( 'NONE',  ( -1.453678890483358486E-17, -0.000000000000000000, -1.000000000000000000 ) ) ;
#1424 = ORIENTED_EDGE ( 'NONE', *, *, #4676, .F. ) ;
#1425 = CARTESIAN_POINT ( 'NONE',  ( 99.50000000000000000, 7.000000000000006217, -6.000000000000005329 ) ) ;
#1426 = CYLINDRICAL_SURFACE ( 'NONE', #5598, 1.750000000000001554 ) ;
#1427 = VERTEX_POINT ( 'NONE', #1945 ) ;
#1428 = VERTEX_POINT ( 'NONE', #3408 ) ;
#1429 = EDGE_CURVE ( 'NONE', #878, #2592, #5554, .T. ) ;
#1430 = LINE ( 'NONE', #1524, #5453 ) ;
#1431 = DIRECTION ( 'NONE',  ( 0.000000000000000000, 0.000000000000000000, -1.000000000000000000 ) ) ;
#1432 = PRODUCT ( 'hop dien 04', 'hop dien 04', '', ( #6385 ) ) ;
#1433 = CARTESIAN_POINT ( 'NONE',  ( 178.0000000000000000, 106.9999999999999858, -190.0000000000000000 ) ) ;
#1434 = VERTEX_POINT ( 'NONE', #5034 ) ;
#1435 = EDGE_CURVE ( 'NONE', #5904, #2616, #6874, .T. ) ;
#1436 = CARTESIAN_POINT ( 'NONE',  ( 5.999999999999999112, 3.000000000000000000, -95.50000000000000000 ) ) ;
#1437 = VERTEX_POINT ( 'NONE', #2538 ) ;
#1438 = DIRECTION ( 'NONE',  ( 0.000000000000000000, -0.000000000000000000, -1.000000000000000000 ) ) ;
#1439 = AXIS2_PLACEMENT_3D ( 'NONE', #1448, #3608, #6161 ) ;
#1440 = CARTESIAN_POINT ( 'NONE',  ( 10.00000000000000178, 101.2999999999999972, -185.0000000000000000 ) ) ;
#1441 = PLANE ( 'NONE',  #5526 ) ;
#1442 = ORIENTED_EDGE ( 'NONE', *, *, #580, .F. ) ;
#1443 = EDGE_CURVE ( 'NONE', #2285, #5563, #3634, .T. ) ;
#1444 = AXIS2_PLACEMENT_3D ( 'NONE', #5876, #3220, #787 ) ;
#1445 = AXIS2_PLACEMENT_3D ( 'NONE', #2173, #3710, #4342 ) ;
#1446 = ORIENTED_EDGE ( 'NONE', *, *, #1708, .T. ) ;
#1447 = FACE_OUTER_BOUND ( 'NONE', #4309, .T. ) ;
#1448 = CARTESIAN_POINT ( 'NONE',  ( 189.0000000000000000, 282.7716446627535447, -99.50000000000000000 ) ) ;
#1449 = DIRECTION ( 'NONE',  ( 0.5000000000000006661, 0.000000000000000000, 0.8660254037844382635 ) ) ;
#1450 = EDGE_CURVE ( 'NONE', #1521, #3764, #6787, .T. ) ;
#1451 = EDGE_CURVE ( 'NONE', #1428, #1782, #4682, .T. ) ;
#1452 = LINE ( 'NONE', #3032, #2922 ) ;
#1453 = DIRECTION ( 'NONE',  ( 0.000000000000000000, -1.000000000000000000, 0.000000000000000000 ) ) ;
#1454 = ORIENTED_EDGE ( 'NONE', *, *, #3040, .F. ) ;
#1455 = DIRECTION ( 'NONE',  ( 0.5000000000000006661, 0.000000000000000000, 0.8660254037844382635 ) ) ;
#1456 = ADVANCED_FACE ( 'NONE', ( #1982 ), #1544, .F. ) ;
#1457 = DIRECTION ( 'NONE',  ( 1.000000000000000000, -0.000000000000000000, 0.000000000000000000 ) ) ;
#1458 = VECTOR ( 'NONE', #4461, 1000.000000000000000 ) ;
#1459 = VERTEX_POINT ( 'NONE', #6238 ) ;
#1460 = CARTESIAN_POINT ( 'NONE',  ( 8.383419246269049552, 101.2999999999999972, -12.80000000000000604 ) ) ;
#1461 = AXIS2_PLACEMENT_3D ( 'NONE', #4709, #998, #3124 ) ;
#1462 = PLANE ( 'NONE',  #3294 ) ;
#1463 = DIRECTION ( 'NONE',  ( 0.000000000000000000, 0.000000000000000000, 1.000000000000000000 ) ) ;
#1464 = CIRCLE ( 'NONE', #5169, 1.750000000000039746 ) ;
#1465 = ORIENTED_EDGE ( 'NONE', *, *, #2302, .T. ) ;
#1466 = LINE ( 'NONE', #1498, #4297 ) ;
#1467 = ORIENTED_EDGE ( 'NONE', *, *, #5823, .F. ) ;
#1468 = FACE_OUTER_BOUND ( 'NONE', #1563, .T. ) ;
#1469 = AXIS2_PLACEMENT_3D ( 'NONE', #1717, #6633, #3476 ) ;
#1470 = CARTESIAN_POINT ( 'NONE',  ( 178.0000000000000000, 385.7716446627536016, -5.000000000000000000 ) ) ;
#1471 = DIRECTION ( 'NONE',  ( 0.4999999999999970579, 0.000000000000000000, -0.8660254037844403729 ) ) ;
#1472 = ORIENTED_EDGE ( 'NONE', *, *, #391, .T. ) ;
#1473 = LINE ( 'NONE', #5801, #173 ) ;
#1474 = VECTOR ( 'NONE', #5934, 1000.000000000000114 ) ;
#1475 = DIRECTION ( 'NONE',  ( -0.4999999999999978351, 0.000000000000000000, -0.8660254037844398178 ) ) ;
#1476 = ORIENTED_EDGE ( 'NONE', *, *, #1429, .F. ) ;
#1477 = ORIENTED_EDGE ( 'NONE', *, *, #3159, .T. ) ;
#1478 = PLANE ( 'NONE',  #3395 ) ;
#1479 = CARTESIAN_POINT ( 'NONE',  ( 24.11658075373091492, 3.000000000000000000, -19.70000000000012719 ) ) ;
#1480 = CYLINDRICAL_SURFACE ( 'NONE', #1439, 1.000000000000000888 ) ;
#1481 = DIRECTION ( 'NONE',  ( -0.4999999999999970579, 0.000000000000000000, 0.8660254037844403729 ) ) ;
#1482 = CARTESIAN_POINT ( 'NONE',  ( 6.766838492538109762, 104.0000000000000000, -10.00000000000003730 ) ) ;
#1483 = CARTESIAN_POINT ( 'NONE',  ( 188.2331615074618867, 101.2999999999999972, -184.9999999999999716 ) ) ;
#1484 = EDGE_CURVE ( 'NONE', #5596, #669, #2986, .T. ) ;
#1485 = ORIENTED_EDGE ( 'NONE', *, *, #1192, .T. ) ;
#1486 = CIRCLE ( 'NONE', #1811, 4.999999999999976907 ) ;
#1487 = FACE_BOUND ( 'NONE', #4644, .T. ) ;
#1488 = DIRECTION ( 'NONE',  ( -0.000000000000000000, 1.000000000000000000, -0.000000000000000000 ) ) ;
#1489 = VERTEX_POINT ( 'NONE', #3063 ) ;
#1490 = AXIS2_PLACEMENT_3D ( 'NONE', #909, #2507, #4655 ) ;
#1491 = EDGE_CURVE ( 'NONE', #136, #2237, #5320, .T. ) ;
#1492 = EDGE_CURVE ( 'NONE', #5489, #2824, #6813, .T. ) ;
#1493 = LINE ( 'NONE', #4689, #6560 ) ;
#1494 = CARTESIAN_POINT ( 'NONE',  ( 20.88341924626901758, 0.000000000000000000, -19.70000000000012719 ) ) ;
#1495 = AXIS2_PLACEMENT_3D ( 'NONE', #2241, #613, #2207 ) ;
#1496 = AXIS2_PLACEMENT_3D ( 'NONE', #3426, #5969, #3959 ) ;
#1497 = ORIENTED_EDGE ( 'NONE', *, *, #6749, .F. ) ;
#1498 = CARTESIAN_POINT ( 'NONE',  ( 99.50000000000000000, 3.000000000000000000, -5.000000000000004441 ) ) ;
#1499 = ADVANCED_FACE ( 'NONE', ( #514 ), #5845, .T. ) ;
#1500 = AXIS2_PLACEMENT_3D ( 'NONE', #4548, #1872, #357 ) ;
#1501 = ORIENTED_EDGE ( 'NONE', *, *, #5828, .T. ) ;
#1502 = CIRCLE ( 'NONE', #5419, 5.000000000000004441 ) ;
#1503 = CARTESIAN_POINT ( 'NONE',  ( 6.766838492538109762, 101.2999999999999972, -10.00000000000003730 ) ) ;
#1504 = AXIS2_PLACEMENT_3D ( 'NONE', #1332, #3458, #818 ) ;
#1505 = ORIENTED_EDGE ( 'NONE', *, *, #5686, .T. ) ;
#1506 = AXIS2_PLACEMENT_3D ( 'NONE', #5056, #6731, #1892 ) ;
#1507 = CARTESIAN_POINT ( 'NONE',  ( 189.0000000000000000, 4.000000000000000000, -178.0000000000000000 ) ) ;
#1508 = SPHERICAL_SURFACE ( 'NONE', #3818, 1.000000000000000000 ) ;
#1509 = VERTEX_POINT ( 'NONE', #1001 ) ;
#1510 = ORIENTED_EDGE ( 'NONE', *, *, #6725, .F. ) ;
#1511 = DIRECTION ( 'NONE',  ( 1.000000000000000000, 0.000000000000000000, -0.000000000000000000 ) ) ;
#1512 = CIRCLE ( 'NONE', #966, 1.000000000000000888 ) ;
#1513 = DIRECTION ( 'NONE',  ( 0.000000000000000000, 0.000000000000000000, -1.000000000000000000 ) ) ;
#1514 = VECTOR ( 'NONE', #4464, 1000.000000000000000 ) ;
#1515 = EDGE_CURVE ( 'NONE', #2053, #572, #4154, .T. ) ;
#1516 = DIRECTION ( 'NONE',  ( 1.000000000000000000, 0.000000000000000000, -0.000000000000000000 ) ) ;
#1517 = ORIENTED_EDGE ( 'NONE', *, *, #2741, .T. ) ;
#1518 = CARTESIAN_POINT ( 'NONE',  ( 172.5000000000000284, 7.000000000000000000, -22.50000000000002132 ) ) ;
#1519 = FACE_OUTER_BOUND ( 'NONE', #5546, .T. ) ;
#1520 = ORIENTED_EDGE ( 'NONE', *, *, #58, .T. ) ;
#1521 = VERTEX_POINT ( 'NONE', #5240 ) ;
#1522 = FACE_OUTER_BOUND ( 'NONE', #371, .T. ) ;
#1523 = VERTEX_POINT ( 'NONE', #451 ) ;
#1524 = CARTESIAN_POINT ( 'NONE',  ( 190.0000000000000000, 107.0000000000000000, -180.0000000000000000 ) ) ;
#1525 = FACE_OUTER_BOUND ( 'NONE', #5861, .T. ) ;
#1526 = EDGE_CURVE ( 'NONE', #3026, #136, #4996, .T. ) ;
#1527 = EDGE_CURVE ( 'NONE', #3597, #4303, #2105, .T. ) ;
#1528 = ORIENTED_EDGE ( 'NONE', *, *, #5478, .T. ) ;
#1529 = FACE_OUTER_BOUND ( 'NONE', #5565, .T. ) ;
#1530 = ORIENTED_EDGE ( 'NONE', *, *, #5695, .F. ) ;
#1531 = DIRECTION ( 'NONE',  ( 0.000000000000000000, 1.000000000000000000, 0.000000000000000000 ) ) ;
#1532 = CIRCLE ( 'NONE', #5011, 6.760514917423826375 ) ;
#1533 = ADVANCED_FACE ( 'NONE', ( #6303 ), #2598, .F. ) ;
#1534 = DIRECTION ( 'NONE',  ( 0.000000000000000000, 0.000000000000000000, -1.000000000000000000 ) ) ;
#1535 = ORIENTED_EDGE ( 'NONE', *, *, #4862, .F. ) ;
#1536 = CARTESIAN_POINT ( 'NONE',  ( 185.0000000000000000, 92.00000000000000000, -10.00000000000000888 ) ) ;
#1537 = ORIENTED_EDGE ( 'NONE', *, *, #6227, .F. ) ;
#1538 = ORIENTED_EDGE ( 'NONE', *, *, #95, .T. ) ;
#1539 = LINE ( 'NONE', #6836, #4094 ) ;
#1540 = DIRECTION ( 'NONE',  ( 0.000000000000000000, 0.000000000000000000, 1.000000000000000000 ) ) ;
#1541 = CARTESIAN_POINT ( 'NONE',  ( 22.49999999999995026, 7.000000000000000000, -174.2500000000000000 ) ) ;
#1542 = LINE ( 'NONE', #3752, #569 ) ;
#1543 = VECTOR ( 'NONE', #3569, 1000.000000000000000 ) ;
#1544 = PLANE ( 'NONE',  #3753 ) ;
#1545 = EDGE_LOOP ( 'NONE', ( #5803, #4923, #3701, #3303 ) ) ;
#1546 = CARTESIAN_POINT ( 'NONE',  ( 4.999999999999997335, 385.7716446627536016, -187.0000000000000000 ) ) ;
#1547 = DIRECTION ( 'NONE',  ( 0.000000000000000000, 0.000000000000000000, 1.000000000000000000 ) ) ;
#1548 = CARTESIAN_POINT ( 'NONE',  ( 99.50000000000000000, 7.000000000000000000, -5.000000000000004441 ) ) ;
#1549 = ADVANCED_FACE ( 'NONE', ( #3645 ), #98, .F. ) ;
#1550 = ORIENTED_EDGE ( 'NONE', *, *, #6620, .F. ) ;
#1551 = VECTOR ( 'NONE', #217, 1000.000000000000000 ) ;
#1552 = ORIENTED_EDGE ( 'NONE', *, *, #807, .F. ) ;
#1553 = DIRECTION ( 'NONE',  ( -0.000000000000000000, 1.000000000000000000, -0.000000000000000000 ) ) ;
#1554 = ORIENTED_EDGE ( 'NONE', *, *, #3417, .T. ) ;
#1555 = DIRECTION ( 'NONE',  ( -1.000000000000000000, 0.000000000000000000, -0.000000000000000000 ) ) ;
#1556 = EDGE_LOOP ( 'NONE', ( #4364, #1819, #674 ) ) ;
#1557 = DIRECTION ( 'NONE',  ( 0.000000000000000000, 0.000000000000000000, 1.000000000000000000 ) ) ;
#1558 = ORIENTED_EDGE ( 'NONE', *, *, #3598, .T. ) ;
#1559 = EDGE_CURVE ( 'NONE', #227, #6646, #478, .T. ) ;
#1560 = CARTESIAN_POINT ( 'NONE',  ( 10.00000000000000178, 92.00000000000000000, -8.250000000000007105 ) ) ;
#1561 = CIRCLE ( 'NONE', #3808, 1.750000000000039746 ) ;
#1562 = DIRECTION ( 'NONE',  ( -0.000000000000000000, -1.000000000000000000, -0.000000000000000000 ) ) ;
#1563 = EDGE_LOOP ( 'NONE', ( #3960, #6567, #4991, #949 ) ) ;
#1564 = DIRECTION ( 'NONE',  ( 0.000000000000000000, 1.000000000000000000, 0.000000000000000000 ) ) ;
#1565 = LINE ( 'NONE', #1056, #2273 ) ;
#1566 = AXIS2_PLACEMENT_3D ( 'NONE', #5603, #816, #4557 ) ;
#1567 = ORIENTED_EDGE ( 'NONE', *, *, #6017, .F. ) ;
#1568 = ORIENTED_EDGE ( 'NONE', *, *, #777, .F. ) ;
#1569 = EDGE_CURVE ( 'NONE', #1205, #5953, #5439, .T. ) ;
#1570 = DIRECTION ( 'NONE',  ( 0.000000000000000000, 1.000000000000000000, 0.000000000000000000 ) ) ;
#1571 = EDGE_CURVE ( 'NONE', #4466, #5489, #2808, .T. ) ;
#1572 = DIRECTION ( 'NONE',  ( -0.000000000000000000, 1.000000000000000000, -0.000000000000000000 ) ) ;
#1573 = CARTESIAN_POINT ( 'NONE',  ( 185.0000000000000000, 92.00000000000000000, -186.7500000000000000 ) ) ;
#1574 = DIRECTION ( 'NONE',  ( 0.000000000000000000, 1.000000000000000000, 0.000000000000000000 ) ) ;
#1575 = FACE_BOUND ( 'NONE', #5811, .T. ) ;
#1576 = CIRCLE ( 'NONE', #5492, 1.000000000000000888 ) ;
#1577 = CARTESIAN_POINT ( 'NONE',  ( 95.49999999999998579, 4.000000000000003553, -98.49999999999997158 ) ) ;
#1578 = DIRECTION ( 'NONE',  ( 1.438112726198388987E-16, 0.000000000000000000, 1.000000000000000000 ) ) ;
#1579 = EDGE_CURVE ( 'NONE', #3078, #4645, #1532, .T. ) ;
#1580 = EDGE_LOOP ( 'NONE', ( #277, #4713, #5012, #5935 ) ) ;
#1581 = VECTOR ( 'NONE', #32, 1000.000000000000000 ) ;
#1582 = DIRECTION ( 'NONE',  ( 0.000000000000000000, -1.000000000000000000, 0.000000000000000000 ) ) ;
#1583 = CARTESIAN_POINT ( 'NONE',  ( 17.00000000000000000, 4.000000000000003553, -6.999999999999999112 ) ) ;
#1584 = DIRECTION ( 'NONE',  ( -0.8660254037844379305, 0.000000000000000000, -0.5000000000000012212 ) ) ;
#1585 = CARTESIAN_POINT ( 'NONE',  ( 20.88341924626900692, 3.000000000000000000, -25.30000000000008598 ) ) ;
#1586 = VERTEX_POINT ( 'NONE', #2018 ) ;
#1587 = VERTEX_POINT ( 'NONE', #1987 ) ;
#1588 = AXIS2_PLACEMENT_3D ( 'NONE', #2012, #5179, #2540 ) ;
#1589 = FACE_OUTER_BOUND ( 'NONE', #2521, .T. ) ;
#1590 = ORIENTED_EDGE ( 'NONE', *, *, #5506, .T. ) ;
#1591 = CARTESIAN_POINT ( 'NONE',  ( 99.49999999999997158, 4.000000000000003553, -99.49999999999997158 ) ) ;
#1592 = AXIS2_PLACEMENT_3D ( 'NONE', #4539, #2928, #6123 ) ;
#1593 = VERTEX_POINT ( 'NONE', #3136 ) ;
#1594 = DIRECTION ( 'NONE',  ( -1.000000000000000000, 0.000000000000000000, 0.000000000000000000 ) ) ;
#1595 = EDGE_CURVE ( 'NONE', #416, #2978, #1430, .T. ) ;
#1596 = ORIENTED_EDGE ( 'NONE', *, *, #5469, .T. ) ;
#1597 = VECTOR ( 'NONE', #900, 1000.000000000000000 ) ;
#1598 = CARTESIAN_POINT ( 'NONE',  ( 172.5000000000000284, 8.494954838909416495, -27.50000000000001066 ) ) ;
#1599 = FACE_OUTER_BOUND ( 'NONE', #5666, .T. ) ;
#1600 = AXIS2_PLACEMENT_3D ( 'NONE', #5483, #3763, #4964 ) ;
#1601 = EDGE_CURVE ( 'NONE', #5915, #2926, #5678, .T. ) ;
#1602 = ORIENTED_EDGE ( 'NONE', *, *, #4919, .T. ) ;
#1603 = VECTOR ( 'NONE', #2935, 1000.000000000000000 ) ;
#1604 = TOROIDAL_SURFACE ( 'NONE', #5956, 1.000000000000000000, 1.000000000000000000 ) ;
#1605 = CARTESIAN_POINT ( 'NONE',  ( 10.00000000000000178, 92.00000000000000000, -185.0000000000000000 ) ) ;
#1606 = ORIENTED_EDGE ( 'NONE', *, *, #512, .T. ) ;
#1607 = CARTESIAN_POINT ( 'NONE',  ( 3.000000000000000000, 110.0000000000000000, -3.000000000000000000 ) ) ;
#1608 = AXIS2_PLACEMENT_3D ( 'NONE', #5702, #5822, #4167 ) ;
#1609 = DIRECTION ( 'NONE',  ( -1.000000000000000000, 0.000000000000000000, 0.000000000000000000 ) ) ;
#1610 = FACE_OUTER_BOUND ( 'NONE', #1300, .T. ) ;
#1611 = AXIS2_PLACEMENT_3D ( 'NONE', #5007, #6606, #221 ) ;
#1612 = CARTESIAN_POINT ( 'NONE',  ( 8.383419246269063763, 101.2999999999999972, -7.200000000000011724 ) ) ;
#1613 = EDGE_CURVE ( 'NONE', #4704, #392, #2648, .T. ) ;
#1614 = ADVANCED_FACE ( 'NONE', ( #4753 ), #2769, .T. ) ;
#1615 = VERTEX_POINT ( 'NONE', #4623 ) ;
#1616 = VECTOR ( 'NONE', #2651, 1000.000000000000000 ) ;
#1617 = ORIENTED_EDGE ( 'NONE', *, *, #3497, .F. ) ;
#1618 = DIRECTION ( 'NONE',  ( -0.000000000000000000, 1.000000000000000000, -0.000000000000000000 ) ) ;
#1619 = CARTESIAN_POINT ( 'NONE',  ( 20.88341924626901758, 0.000000000000000000, -19.70000000000012719 ) ) ;
#1620 = EDGE_CURVE ( 'NONE', #658, #2209, #3041, .T. ) ;
#1621 = DIRECTION ( 'NONE',  ( 0.000000000000000000, 1.000000000000000000, 0.000000000000000000 ) ) ;
#1622 = ORIENTED_EDGE ( 'NONE', *, *, #5783, .T. ) ;
#1623 = ORIENTED_EDGE ( 'NONE', *, *, #1877, .F. ) ;
#1624 = LINE ( 'NONE', #3234, #2420 ) ;
#1625 = CARTESIAN_POINT ( 'NONE',  ( 172.5000000000000284, 3.000000000000000000, -172.5000000000000284 ) ) ;
#1626 = ORIENTED_EDGE ( 'NONE', *, *, #4587, .F. ) ;
#1627 = AXIS2_PLACEMENT_3D ( 'NONE', #1163, #3293, #6445 ) ;
#1628 = CARTESIAN_POINT ( 'NONE',  ( 182.0000000000000000, 4.000000000000003553, -13.00000000000001066 ) ) ;
#1629 = ORIENTED_EDGE ( 'NONE', *, *, #2679, .T. ) ;
#1630 = EDGE_LOOP ( 'NONE', ( #4640, #992, #4245, #5886 ) ) ;
#1631 = DIRECTION ( 'NONE',  ( 0.5000000000000021094, 0.000000000000000000, 0.8660254037844374864 ) ) ;
#1632 = DIRECTION ( 'NONE',  ( 0.5000000000000042188, 0.000000000000000000, -0.8660254037844362651 ) ) ;
#1633 = CYLINDRICAL_SURFACE ( 'NONE', #1221, 1.000000000000000888 ) ;
#1634 = ORIENTED_EDGE ( 'NONE', *, *, #3481, .T. ) ;
#1635 = LINE ( 'NONE', #3249, #3513 ) ;
#1636 = CYLINDRICAL_SURFACE ( 'NONE', #2831, 1.749999999999999778 ) ;
#1637 = ORIENTED_EDGE ( 'NONE', *, *, #1032, .F. ) ;
#1638 = ORIENTED_EDGE ( 'NONE', *, *, #2968, .T. ) ;
#1639 = FACE_OUTER_BOUND ( 'NONE', #6393, .T. ) ;
#1640 = AXIS2_PLACEMENT_3D ( 'NONE', #4935, #222, #699 ) ;
#1641 = DIRECTION ( 'NONE',  ( 0.000000000000000000, 1.000000000000000000, 0.000000000000000000 ) ) ;
#1642 = LINE ( 'NONE', #579, #5949 ) ;
#1643 = DIRECTION ( 'NONE',  ( 0.000000000000000000, 0.000000000000000000, -1.000000000000000000 ) ) ;
#1644 = VERTEX_POINT ( 'NONE', #5153 ) ;
#1645 = EDGE_CURVE ( 'NONE', #596, #3263, #1493, .T. ) ;
#1646 = EDGE_CURVE ( 'NONE', #5895, #2731, #3551, .T. ) ;
#1647 = CARTESIAN_POINT ( 'NONE',  ( 24.11658075373090782, 3.000000000000000000, -25.30000000000008598 ) ) ;
#1648 = DIRECTION ( 'NONE',  ( -0.000000000000000000, 1.000000000000000000, -0.000000000000000000 ) ) ;
#1649 = VECTOR ( 'NONE', #5106, 1000.000000000000000 ) ;
#1650 = DIRECTION ( 'NONE',  ( -0.000000000000000000, 1.000000000000000000, -0.000000000000000000 ) ) ;
#1651 = VERTEX_POINT ( 'NONE', #3654 ) ;
#1652 = ORIENTED_EDGE ( 'NONE', *, *, #5341, .T. ) ;
#1653 = CARTESIAN_POINT ( 'NONE',  ( 15.00000000000000000, 121.1421356237309510, -187.7999999999999829 ) ) ;
#1654 = PLANE ( 'NONE',  #5092 ) ;
#1655 = ORIENTED_EDGE ( 'NONE', *, *, #1069, .T. ) ;
#1656 = EDGE_CURVE ( 'NONE', #2309, #2115, #395, .T. ) ;
#1657 = EDGE_CURVE ( 'NONE', #367, #3740, #6850, .T. ) ;
#1658 = DIRECTION ( 'NONE',  ( -1.000000000000000000, -0.000000000000000000, 2.876225452396777974E-16 ) ) ;
#1659 = AXIS2_PLACEMENT_3D ( 'NONE', #6153, #3024, #4636 ) ;
#1660 = ORIENTED_EDGE ( 'NONE', *, *, #5868, .F. ) ;
#1661 = VERTEX_POINT ( 'NONE', #1916 ) ;
#1662 = CARTESIAN_POINT ( 'NONE',  ( 95.49999999999997158, 282.7716446627535447, -189.0000000000000000 ) ) ;
#1663 = VERTEX_POINT ( 'NONE', #6174 ) ;
#1664 = VECTOR ( 'NONE', #390, 1000.000000000000000 ) ;
#1665 = ADVANCED_FACE ( 'NONE', ( #1393 ), #3524, .F. ) ;
#1666 = CARTESIAN_POINT ( 'NONE',  ( 6.999999999999997335, 107.0000000000000000, -180.0000000000000000 ) ) ;
#1667 = CARTESIAN_POINT ( 'NONE',  ( 180.0000000000000000, 101.2999999999999972, -12.80000000000000604 ) ) ;
#1668 = CIRCLE ( 'NONE', #2573, 2.000000000000001776 ) ;
#1669 = CARTESIAN_POINT ( 'NONE',  ( 8.383419246269063763, 104.0000000000000000, -7.200000000000011724 ) ) ;
#1670 = DIRECTION ( 'NONE',  ( 0.000000000000000000, -0.9396926207859097602, -0.3420201433256650492 ) ) ;
#1671 = ORIENTED_EDGE ( 'NONE', *, *, #518, .F. ) ;
#1672 = EDGE_LOOP ( 'NONE', ( #5513, #4347, #770, #3103 ) ) ;
#1673 = PLANE ( 'NONE',  #6773 ) ;
#1674 = DIRECTION ( 'NONE',  ( -0.000000000000000000, 1.000000000000000000, -0.000000000000000000 ) ) ;
#1675 = CARTESIAN_POINT ( 'NONE',  ( 13.00000000000000355, 121.1421356237309510, -182.0000000000000000 ) ) ;
#1676 = FACE_BOUND ( 'NONE', #3530, .T. ) ;
#1677 = VECTOR ( 'NONE', #3540, 999.9999999999997726 ) ;
#1678 = ORIENTED_EDGE ( 'NONE', *, *, #3541, .F. ) ;
#1679 = ADVANCED_FACE ( 'NONE', ( #4100 ), #5557, .F. ) ;
#1680 = CARTESIAN_POINT ( 'NONE',  ( 11.61658075373095400, 101.2999999999999972, -7.200000000000011724 ) ) ;
#1681 = DIRECTION ( 'NONE',  ( -0.000000000000000000, 1.000000000000000000, -0.000000000000000000 ) ) ;
#1682 = ADVANCED_FACE ( 'NONE', ( #1949 ), #5692, .T. ) ;
#1683 = ORIENTED_EDGE ( 'NONE', *, *, #444, .T. ) ;
#1684 = VECTOR ( 'NONE', #681, 1000.000000000000000 ) ;
#1685 = SPHERICAL_SURFACE ( 'NONE', #422, 1.000000000000000000 ) ;
#1686 = FACE_OUTER_BOUND ( 'NONE', #6103, .T. ) ;
#1687 = ORIENTED_EDGE ( 'NONE', *, *, #6093, .T. ) ;
#1688 = CARTESIAN_POINT ( 'NONE',  ( 20.88341924626897494, 3.000000000000000000, -175.3000000000000682 ) ) ;
#1689 = ADVANCED_FACE ( 'NONE', ( #3755 ), #718, .F. ) ;
#1690 = EDGE_CURVE ( 'NONE', #5395, #4131, #542, .T. ) ;
#1691 = AXIS2_PLACEMENT_3D ( 'NONE', #2870, #2944, #1764 ) ;
#1692 = ORIENTED_EDGE ( 'NONE', *, *, #398, .T. ) ;
#1693 = LINE ( 'NONE', #4824, #2856 ) ;
#1694 = DIRECTION ( 'NONE',  ( -1.000000000000000000, 0.000000000000000000, 0.000000000000000000 ) ) ;
#1695 = CIRCLE ( 'NONE', #5631, 1.000000000000000888 ) ;
#1696 = CARTESIAN_POINT ( 'NONE',  ( 180.0000000000000000, 107.0000000000000000, -189.9999999999999716 ) ) ;
#1697 = EDGE_CURVE ( 'NONE', #6138, #4131, #5866, .T. ) ;
#1698 = EDGE_LOOP ( 'NONE', ( #4579, #6496, #4789, #6887 ) ) ;
#1699 = DIRECTION ( 'NONE',  ( 3.469446951953621091E-16, 0.000000000000000000, 1.000000000000000000 ) ) ;
#1700 = VECTOR ( 'NONE', #4150, 1000.000000000000000 ) ;
#1701 = LINE ( 'NONE', #5089, #6056 ) ;
#1702 = ORIENTED_EDGE ( 'NONE', *, *, #4031, .F. ) ;
#1703 = EDGE_LOOP ( 'NONE', ( #4318, #1899, #6485, #6220 ) ) ;
#1704 = DIRECTION ( 'NONE',  ( -0.000000000000000000, -1.000000000000000000, -0.000000000000000000 ) ) ;
#1705 = DIRECTION ( 'NONE',  ( -1.000000000000000000, 0.000000000000000000, 0.000000000000000000 ) ) ;
#1706 = CARTESIAN_POINT ( 'NONE',  ( 22.49999999999995026, 3.657979856674336450, -172.5000000000000000 ) ) ;
#1707 = VECTOR ( 'NONE', #3221, 1000.000000000000000 ) ;
#1708 = EDGE_CURVE ( 'NONE', #6037, #314, #2436, .T. ) ;
#1709 = CIRCLE ( 'NONE', #5952, 1.750000000000001554 ) ;
#1710 = EDGE_LOOP ( 'NONE', ( #4562, #3300, #5905, #5076, #6467, #5416, #3883, #2752 ) ) ;
#1711 = AXIS2_PLACEMENT_3D ( 'NONE', #4096, #3445, #1245 ) ;
#1712 = ORIENTED_EDGE ( 'NONE', *, *, #1193, .F. ) ;
#1713 = CARTESIAN_POINT ( 'NONE',  ( 189.0000000000000000, 4.000000000000003553, -95.50000000000000000 ) ) ;
#1714 = AXIS2_PLACEMENT_3D ( 'NONE', #474, #5262, #4246 ) ;
#1715 = DIRECTION ( 'NONE',  ( 0.000000000000000000, -1.000000000000000000, 0.000000000000000000 ) ) ;
#1716 = LINE ( 'NONE', #2814, #22 ) ;
#1717 = CARTESIAN_POINT ( 'NONE',  ( 195.0000000000000000, 15.00000000000000000, -170.0000000000000000 ) ) ;
#1718 = EDGE_CURVE ( 'NONE', #2704, #3435, #3344, .T. ) ;
#1719 = VERTEX_POINT ( 'NONE', #1148 ) ;
#1720 = AXIS2_PLACEMENT_3D ( 'NONE', #1017, #2621, #3599 ) ;
#1721 = DIRECTION ( 'NONE',  ( 0.000000000000000000, 0.000000000000000000, 1.000000000000000000 ) ) ;
#1722 = VERTEX_POINT ( 'NONE', #4402 ) ;
#1723 = VECTOR ( 'NONE', #6837, 1000.000000000000000 ) ;
#1724 = DIRECTION ( 'NONE',  ( 0.000000000000000000, 0.000000000000000000, -1.000000000000000000 ) ) ;
#1725 = ADVANCED_FACE ( 'NONE', ( #3951, #2262 ), #6498, .F. ) ;
#1726 = VERTEX_POINT ( 'NONE', #2300 ) ;
#1727 = VECTOR ( 'NONE', #690, 1000.000000000000000 ) ;
#1728 = ORIENTED_EDGE ( 'NONE', *, *, #2440, .F. ) ;
#1729 = DIRECTION ( 'NONE',  ( -0.8660254037844374864, 0.000000000000000000, 0.5000000000000021094 ) ) ;
#1730 = CARTESIAN_POINT ( 'NONE',  ( 195.0000000000000000, 110.0000000000000000, 0.000000000000000000 ) ) ;
#1731 = ADVANCED_FACE ( 'NONE', ( #150 ), #5995, .F. ) ;
#1732 = LINE ( 'NONE', #4477, #2707 ) ;
#1733 = EDGE_CURVE ( 'NONE', #1006, #5285, #5929, .T. ) ;
#1734 = CARTESIAN_POINT ( 'NONE',  ( 0.000000000000000000, 3.000000000000000000, -6.000000000000000000 ) ) ;
#1735 = VERTEX_POINT ( 'NONE', #2721 ) ;
#1736 = DIRECTION ( 'NONE',  ( 0.000000000000000000, 0.000000000000000000, -1.000000000000000000 ) ) ;
#1737 = PLANE ( 'NONE',  #2715 ) ;
#1738 = EDGE_LOOP ( 'NONE', ( #492, #6791, #5709, #2290 ) ) ;
#1739 = ORIENTED_EDGE ( 'NONE', *, *, #5562, .T. ) ;
#1740 = CARTESIAN_POINT ( 'NONE',  ( 16.00000000000001421, 3.000000000000000000, -188.0000000000000000 ) ) ;
#1741 = ADVANCED_FACE ( 'NONE', ( #4332 ), #4863, .F. ) ;
#1742 = CARTESIAN_POINT ( 'NONE',  ( 98.49999999999997158, 4.000000000000003553, -99.49999999999997158 ) ) ;
#1743 = CARTESIAN_POINT ( 'NONE',  ( 96.49999999999998579, 4.000000000000003553, -95.50000000000000000 ) ) ;
#1744 = DIRECTION ( 'NONE',  ( -1.000000000000000000, 0.000000000000000000, 4.314338178595167947E-16 ) ) ;
#1745 = CARTESIAN_POINT ( 'NONE',  ( 0.000000000000000000, 93.00000000000000000, -178.0000000000000000 ) ) ;
#1746 = VECTOR ( 'NONE', #1198, 1000.000000000000000 ) ;
#1747 = ORIENTED_EDGE ( 'NONE', *, *, #1646, .F. ) ;
#1748 = DIRECTION ( 'NONE',  ( 0.000000000000000000, -1.000000000000000000, 0.000000000000000000 ) ) ;
#1749 = CARTESIAN_POINT ( 'NONE',  ( 7.000000000000000000, 106.9999999999999858, -17.00000000000001421 ) ) ;
#1750 = LINE ( 'NONE', #6016, #696 ) ;
#1751 = VERTEX_POINT ( 'NONE', #5122 ) ;
#1752 = LINE ( 'NONE', #1653, #4763 ) ;
#1753 = LINE ( 'NONE', #3828, #6523 ) ;
#1754 = ORIENTED_EDGE ( 'NONE', *, *, #4000, .F. ) ;
#1755 = VECTOR ( 'NONE', #3861, 1000.000000000000114 ) ;
#1756 = DIRECTION ( 'NONE',  ( 0.000000000000000000, 1.000000000000000000, -0.000000000000000000 ) ) ;
#1757 = ORIENTED_EDGE ( 'NONE', *, *, #2907, .T. ) ;
#1758 = VECTOR ( 'NONE', #826, 1000.000000000000000 ) ;
#1759 = VECTOR ( 'NONE', #4610, 1000.000000000000000 ) ;
#1760 = ORIENTED_EDGE ( 'NONE', *, *, #1023, .F. ) ;
#1761 = DIRECTION ( 'NONE',  ( 0.000000000000000000, -0.000000000000000000, -1.000000000000000000 ) ) ;
#1762 = ORIENTED_EDGE ( 'NONE', *, *, #5962, .T. ) ;
#1763 = DIRECTION ( 'NONE',  ( 0.000000000000000000, 0.000000000000000000, 1.000000000000000000 ) ) ;
#1764 = DIRECTION ( 'NONE',  ( 1.000000000000000000, 0.000000000000000000, 0.000000000000000000 ) ) ;
#1765 = CARTESIAN_POINT ( 'NONE',  ( 185.0000000000000000, 92.00000000000000000, -8.250000000000007105 ) ) ;
#1766 = ORIENTED_EDGE ( 'NONE', *, *, #5304, .F. ) ;
#1767 = PLANE ( 'NONE',  #4191 ) ;
#1768 = VECTOR ( 'NONE', #2422, 1000.000000000000000 ) ;
#1769 = EDGE_CURVE ( 'NONE', #3097, #3779, #4516, .T. ) ;
#1770 = DIRECTION ( 'NONE',  ( 0.000000000000000000, 0.000000000000000000, -1.000000000000000000 ) ) ;
#1771 = ORIENTED_EDGE ( 'NONE', *, *, #3904, .F. ) ;
#1772 = VERTEX_POINT ( 'NONE', #2481 ) ;
#1773 = DIRECTION ( 'NONE',  ( -0.000000000000000000, 1.000000000000000000, -0.000000000000000000 ) ) ;
#1774 = DIRECTION ( 'NONE',  ( 0.000000000000000000, 1.000000000000000000, 0.000000000000000000 ) ) ;
#1775 = DIRECTION ( 'NONE',  ( -0.000000000000000000, 1.000000000000000000, 0.000000000000000000 ) ) ;
#1776 = AXIS2_PLACEMENT_3D ( 'NONE', #2469, #1349, #4612 ) ;
#1777 = LINE ( 'NONE', #2842, #4034 ) ;
#1778 = ORIENTED_EDGE ( 'NONE', *, *, #3585, .F. ) ;
#1779 = ADVANCED_FACE ( 'NONE', ( #5781 ), #331, .F. ) ;
#1780 = ADVANCED_FACE ( 'NONE', ( #4625 ), #4027, .F. ) ;
#1781 = DIRECTION ( 'NONE',  ( 0.000000000000000000, 0.7071067811865672237, -0.7071067811865279218 ) ) ;
#1782 = VERTEX_POINT ( 'NONE', #2077 ) ;
#1783 = EDGE_LOOP ( 'NONE', ( #4882, #2798, #4630, #6576 ) ) ;
#1784 = DIRECTION ( 'NONE',  ( 0.000000000000000000, 1.000000000000000000, 0.000000000000000000 ) ) ;
#1785 = LINE ( 'NONE', #6628, #606 ) ;
#1786 = CARTESIAN_POINT ( 'NONE',  ( 189.0000000000000000, 3.000000000000000000, -178.0000000000000000 ) ) ;
#1787 = VECTOR ( 'NONE', #6466, 1000.000000000000000 ) ;
#1788 = PLANE ( 'NONE',  #2813 ) ;
#1789 = EDGE_CURVE ( 'NONE', #99, #4750, #3434, .T. ) ;
#1790 = EDGE_LOOP ( 'NONE', ( #5517, #5770, #6328, #730 ) ) ;
#1791 = LINE ( 'NONE', #386, #1182 ) ;
#1792 = DIRECTION ( 'NONE',  ( -1.000000000000000000, 0.000000000000000000, 0.000000000000000000 ) ) ;
#1793 = EDGE_LOOP ( 'NONE', ( #1026, #1477, #1079, #3542 ) ) ;
#1794 = FACE_OUTER_BOUND ( 'NONE', #3653, .T. ) ;
#1795 = CARTESIAN_POINT ( 'NONE',  ( 8.000000000000000000, 107.0000000000000000, -187.0000000000000000 ) ) ;
#1796 = CIRCLE ( 'NONE', #5178, 3.000000000000002665 ) ;
#1797 = ORIENTED_EDGE ( 'NONE', *, *, #6227, .T. ) ;
#1798 = EDGE_CURVE ( 'NONE', #6096, #3128, #3647, .T. ) ;
#1799 = CARTESIAN_POINT ( 'NONE',  ( 0.000000000000000000, 0.5000000000000281997, -5.000000000000000000 ) ) ;
#1800 = ORIENTED_EDGE ( 'NONE', *, *, #3197, .F. ) ;
#1801 = DIRECTION ( 'NONE',  ( 0.000000000000000000, 1.000000000000000000, 0.000000000000000000 ) ) ;
#1802 = DIRECTION ( 'NONE',  ( -0.000000000000000000, 1.000000000000000000, -0.000000000000000000 ) ) ;
#1803 = DIRECTION ( 'NONE',  ( 1.438112726198388987E-16, 0.000000000000000000, 1.000000000000000000 ) ) ;
#1804 = CARTESIAN_POINT ( 'NONE',  ( 174.1165807537310286, 3.000000000000000000, -25.30000000000007176 ) ) ;
#1805 = ORIENTED_EDGE ( 'NONE', *, *, #1032, .T. ) ;
#1806 = EDGE_CURVE ( 'NONE', #2758, #2237, #3129, .T. ) ;
#1807 = CARTESIAN_POINT ( 'NONE',  ( 10.00000000000000178, 101.2999999999999972, -11.75000000000000888 ) ) ;
#1808 = DIRECTION ( 'NONE',  ( 0.000000000000000000, 0.000000000000000000, 1.000000000000000000 ) ) ;
#1809 = ORIENTED_EDGE ( 'NONE', *, *, #5247, .F. ) ;
#1810 = VERTEX_POINT ( 'NONE', #1882 ) ;
#1811 = AXIS2_PLACEMENT_3D ( 'NONE', #5491, #6142, #5528 ) ;
#1812 = CARTESIAN_POINT ( 'NONE',  ( 15.00000000000000000, 121.1421356237309510, -189.9999999999999716 ) ) ;
#1813 = DIRECTION ( 'NONE',  ( -0.000000000000000000, -0.000000000000000000, -1.000000000000000000 ) ) ;
#1814 = DIRECTION ( 'NONE',  ( 1.000000000000000000, 0.000000000000000000, 0.000000000000000000 ) ) ;
#1815 = DIRECTION ( 'NONE',  ( 0.000000000000000000, -1.000000000000000000, 0.000000000000000000 ) ) ;
#1816 = ORIENTED_EDGE ( 'NONE', *, *, #3305, .F. ) ;
#1817 = CIRCLE ( 'NONE', #284, 1.000000000000000888 ) ;
#1818 = ADVANCED_FACE ( 'NONE', ( #5268, #6878 ), #6177, .F. ) ;
#1819 = ORIENTED_EDGE ( 'NONE', *, *, #1003, .F. ) ;
#1820 = ORIENTED_EDGE ( 'NONE', *, *, #5228, .T. ) ;
#1821 = AXIS2_PLACEMENT_3D ( 'NONE', #383, #1942, #5809 ) ;
#1822 = FACE_OUTER_BOUND ( 'NONE', #1924, .T. ) ;
#1823 = CARTESIAN_POINT ( 'NONE',  ( 172.5000000000000284, 8.494954838909416495, -22.50000000000002132 ) ) ;
#1824 = EDGE_CURVE ( 'NONE', #6343, #6643, #3991, .T. ) ;
#1825 = ADVANCED_FACE ( 'NONE', ( #3421, #364 ), #6754, .F. ) ;
#1826 = CIRCLE ( 'NONE', #5739, 1.000000000000000888 ) ;
#1827 = CARTESIAN_POINT ( 'NONE',  ( 189.0000000000000000, 4.000000000000000000, 0.000000000000000000 ) ) ;
#1828 = CARTESIAN_POINT ( 'NONE',  ( 8.383419246269049552, 101.2999999999999972, -182.1999999999999886 ) ) ;
#1829 = AXIS2_PLACEMENT_3D ( 'NONE', #4672, #2028, #4213 ) ;
#1830 = DIRECTION ( 'NONE',  ( 0.000000000000000000, -1.000000000000000000, 0.000000000000000000 ) ) ;
#1831 = CARTESIAN_POINT ( 'NONE',  ( 19.26683849253805292, 3.000000000000000000, -172.5000000000001421 ) ) ;
#1832 = CARTESIAN_POINT ( 'NONE',  ( 0.000000000000000000, 4.000000000000000000, -16.00000000000001421 ) ) ;
#1833 = VECTOR ( 'NONE', #1028, 999.9999999999997726 ) ;
#1834 = ORIENTED_EDGE ( 'NONE', *, *, #1571, .T. ) ;
#1835 = CARTESIAN_POINT ( 'NONE',  ( 172.5000000000000284, 3.000000000000000000, -164.7997924617902754 ) ) ;
#1836 = EDGE_CURVE ( 'NONE', #3241, #144, #5567, .T. ) ;
#1837 = CIRCLE ( 'NONE', #3519, 2.000000000000001776 ) ;
#1838 = LINE ( 'NONE', #6098, #6589 ) ;
#1839 = CIRCLE ( 'NONE', #1720, 1.000000000000000888 ) ;
#1840 = ORIENTED_EDGE ( 'NONE', *, *, #4151, .F. ) ;
#1841 = AXIS2_PLACEMENT_3D ( 'NONE', #1662, #6091, #597 ) ;
#1842 = ORIENTED_EDGE ( 'NONE', *, *, #302, .T. ) ;
#1843 = AXIS2_PLACEMENT_3D ( 'NONE', #1292, #5044, #1431 ) ;
#1844 = DIRECTION ( 'NONE',  ( 0.000000000000000000, 1.000000000000000000, 0.000000000000000000 ) ) ;
#1845 = CARTESIAN_POINT ( 'NONE',  ( 5.999999999999999112, 7.000000000000006217, -95.50000000000000000 ) ) ;
#1846 = CARTESIAN_POINT ( 'NONE',  ( 175.7331615074619720, 0.000000000000000000, -172.5000000000000284 ) ) ;
#1847 = DIRECTION ( 'NONE',  ( -4.314338178595164002E-16, 0.000000000000000000, -1.000000000000000000 ) ) ;
#1848 = VERTEX_POINT ( 'NONE', #773 ) ;
#1849 = AXIS2_PLACEMENT_3D ( 'NONE', #1206, #2706, #4890 ) ;
#1850 = DIRECTION ( 'NONE',  ( -1.000000000000000000, 0.000000000000000000, 0.000000000000000000 ) ) ;
#1851 = CARTESIAN_POINT ( 'NONE',  ( 188.0000000000000000, 121.1421356237309510, -17.00000000000001421 ) ) ;
#1852 = VERTEX_POINT ( 'NONE', #2906 ) ;
#1853 = ORIENTED_EDGE ( 'NONE', *, *, #6319, .T. ) ;
#1854 = DIRECTION ( 'NONE',  ( 0.000000000000000000, 1.000000000000000000, -0.000000000000000000 ) ) ;
#1855 = DIRECTION ( 'NONE',  ( 0.000000000000000000, 0.000000000000000000, -1.000000000000000000 ) ) ;
#1856 = EDGE_CURVE ( 'NONE', #4554, #6532, #6105, .T. ) ;
#1857 = CYLINDRICAL_SURFACE ( 'NONE', #62, 1.000000000000000000 ) ;
#1858 = DIRECTION ( 'NONE',  ( -1.000000000000000000, -0.000000000000000000, -0.000000000000000000 ) ) ;
#1859 = EDGE_LOOP ( 'NONE', ( #1243, #4085, #2959, #4983 ) ) ;
#1860 = CARTESIAN_POINT ( 'NONE',  ( 5.000000000000000000, 0.000000000000000000, -194.5000000000000000 ) ) ;
#1861 = ORIENTED_EDGE ( 'NONE', *, *, #6718, .T. ) ;
#1862 = DIRECTION ( 'NONE',  ( 0.000000000000000000, 0.000000000000000000, -1.000000000000000000 ) ) ;
#1863 = EDGE_CURVE ( 'NONE', #1265, #4791, #5600, .T. ) ;
#1864 = DIRECTION ( 'NONE',  ( -0.000000000000000000, -1.000000000000000000, -0.000000000000000000 ) ) ;
#1865 = CARTESIAN_POINT ( 'NONE',  ( 22.49999999999995026, 7.000000000000000000, -20.75000000000003197 ) ) ;
#1866 = CARTESIAN_POINT ( 'NONE',  ( 194.5000000000000000, 0.000000000000000000, -5.000000000000000000 ) ) ;
#1867 = CYLINDRICAL_SURFACE ( 'NONE', #4210, 2.000000000000001776 ) ;
#1868 = ADVANCED_FACE ( 'NONE', ( #5156 ), #6226, .T. ) ;
#1869 = EDGE_CURVE ( 'NONE', #5192, #3183, #4009, .T. ) ;
#1870 = CARTESIAN_POINT ( 'NONE',  ( 22.49999999999995026, 3.657979856674336450, -172.5000000000000000 ) ) ;
#1871 = ORIENTED_EDGE ( 'NONE', *, *, #3714, .T. ) ;
#1872 = DIRECTION ( 'NONE',  ( 0.000000000000000000, 1.000000000000000000, -0.000000000000000000 ) ) ;
#1873 = VECTOR ( 'NONE', #4973, 1000.000000000000000 ) ;
#1874 = CARTESIAN_POINT ( 'NONE',  ( 172.5000000000000284, 7.000000000000000000, -16.95588093706478361 ) ) ;
#1875 = ORIENTED_EDGE ( 'NONE', *, *, #76, .T. ) ;
#1876 = ADVANCED_FACE ( 'NONE', ( #3486 ), #849, .F. ) ;
#1877 = EDGE_CURVE ( 'NONE', #2605, #6524, #2108, .T. ) ;
#1878 = FACE_OUTER_BOUND ( 'NONE', #1120, .T. ) ;
#1879 = ORIENTED_EDGE ( 'NONE', *, *, #6342, .F. ) ;
#1880 = SPHERICAL_SURFACE ( 'NONE', #3978, 1.000000000000000000 ) ;
#1881 = ADVANCED_FACE ( 'NONE', ( #3790 ), #1129, .F. ) ;
#1882 = CARTESIAN_POINT ( 'NONE',  ( 13.00000000000000355, 3.000000000000000000, -179.0000000000000000 ) ) ;
#1883 = CIRCLE ( 'NONE', #4691, 1.000000000000000000 ) ;
#1884 = FACE_BOUND ( 'NONE', #638, .T. ) ;
#1885 = ORIENTED_EDGE ( 'NONE', *, *, #2919, .T. ) ;
#1886 = CARTESIAN_POINT ( 'NONE',  ( 6.000000000000005329, 4.000000000000003553, -96.50000000000000000 ) ) ;
#1887 = ADVANCED_FACE ( 'NONE', ( #3756 ), #2181, .F. ) ;
#1888 = PLANE ( 'NONE',  #6758 ) ;
#1889 = VERTEX_POINT ( 'NONE', #1095 ) ;
#1890 = EDGE_LOOP ( 'NONE', ( #792, #615 ) ) ;
#1891 = VECTOR ( 'NONE', #6707, 1000.000000000000000 ) ;
#1892 = DIRECTION ( 'NONE',  ( 0.000000000000000000, 0.000000000000000000, -1.000000000000000000 ) ) ;
#1893 = DIRECTION ( 'NONE',  ( 0.000000000000000000, -1.000000000000000000, 0.000000000000000000 ) ) ;
#1894 = DIRECTION ( 'NONE',  ( 0.000000000000000000, 0.000000000000000000, 1.000000000000000000 ) ) ;
#1895 = VECTOR ( 'NONE', #1562, 1000.000000000000000 ) ;
#1896 = LINE ( 'NONE', #6771, #242 ) ;
#1897 = CARTESIAN_POINT ( 'NONE',  ( 6.000000000000000000, 3.000000000000000000, -8.722073342900150914E-17 ) ) ;
#1898 = DIRECTION ( 'NONE',  ( 0.000000000000000000, 0.000000000000000000, -1.000000000000000000 ) ) ;
#1899 = ORIENTED_EDGE ( 'NONE', *, *, #2390, .F. ) ;
#1900 = DIRECTION ( 'NONE',  ( 1.000000000000000000, 0.000000000000000000, 0.000000000000000000 ) ) ;
#1901 = DIRECTION ( 'NONE',  ( -0.000000000000000000, 1.000000000000000000, -0.000000000000000000 ) ) ;
#1902 = AXIS2_PLACEMENT_3D ( 'NONE', #3775, #5769, #2126 ) ;
#1903 = CARTESIAN_POINT ( 'NONE',  ( 19.26683849253807423, 3.000000000000000000, -22.50000000000010658 ) ) ;
#1904 = FACE_OUTER_BOUND ( 'NONE', #5249, .T. ) ;
#1905 = DIRECTION ( 'NONE',  ( 0.000000000000000000, 0.000000000000000000, -1.000000000000000000 ) ) ;
#1906 = CIRCLE ( 'NONE', #4808, 1.000000000000000000 ) ;
#1907 = EDGE_CURVE ( 'NONE', #6866, #6726, #2888, .T. ) ;
#1908 = CARTESIAN_POINT ( 'NONE',  ( 15.00000000000000178, 101.2999999999999972, -7.200000000000011724 ) ) ;
#1909 = ORIENTED_EDGE ( 'NONE', *, *, #1769, .F. ) ;
#1910 = CARTESIAN_POINT ( 'NONE',  ( 180.0000000000000000, 104.0000000000000000, -5.000000000000031974 ) ) ;
#1911 = CARTESIAN_POINT ( 'NONE',  ( 22.49999999999995026, 8.494954838909416495, -177.5000000000000000 ) ) ;
#1912 = ADVANCED_FACE ( 'NONE', ( #3821 ), #3, .F. ) ;
#1913 = VERTEX_POINT ( 'NONE', #519 ) ;
#1914 = ORIENTED_EDGE ( 'NONE', *, *, #2476, .F. ) ;
#1915 = VECTOR ( 'NONE', #2197, 1000.000000000000000 ) ;
#1916 = CARTESIAN_POINT ( 'NONE',  ( 95.50000000000000000, 7.000000000000000000, -5.000000000000000000 ) ) ;
#1917 = VERTEX_POINT ( 'NONE', #4319 ) ;
#1918 = DIRECTION ( 'NONE',  ( 0.000000000000000000, 1.000000000000000000, 0.000000000000000000 ) ) ;
#1919 = CARTESIAN_POINT ( 'NONE',  ( 5.000000000000000888, 121.1421356237309510, -180.0000000000000000 ) ) ;
#1920 = CIRCLE ( 'NONE', #5381, 1.749999999999999778 ) ;
#1921 = ADVANCED_FACE ( 'NONE', ( #5812 ), #1036, .F. ) ;
#1922 = ADVANCED_FACE ( 'NONE', ( #2638, #5300 ), #5913, .F. ) ;
#1923 = DIRECTION ( 'NONE',  ( 0.000000000000000000, 0.000000000000000000, -1.000000000000000000 ) ) ;
#1924 = EDGE_LOOP ( 'NONE', ( #3567, #4694, #2583, #1552 ) ) ;
#1925 = ORIENTED_EDGE ( 'NONE', *, *, #1601, .T. ) ;
#1926 = DIRECTION ( 'NONE',  ( -0.000000000000000000, 1.000000000000000000, -0.000000000000000000 ) ) ;
#1927 = LINE ( 'NONE', #4508, #5474 ) ;
#1928 = CARTESIAN_POINT ( 'NONE',  ( 170.8834192462691135, 3.000000000000000000, -25.30000000000006821 ) ) ;
#1929 = STYLED_ITEM ( 'NONE', ( #6704 ), #4252 ) ;
#1930 = VERTEX_POINT ( 'NONE', #5369 ) ;
#1931 = ORIENTED_EDGE ( 'NONE', *, *, #6841, .T. ) ;
#1932 = PLANE ( 'NONE',  #855 ) ;
#1933 = CARTESIAN_POINT ( 'NONE',  ( 192.0000000000000000, 107.0000000000000000, -187.0000000000000000 ) ) ;
#1934 = DIRECTION ( 'NONE',  ( -0.000000000000000000, -1.000000000000000000, -0.000000000000000000 ) ) ;
#1935 = DIRECTION ( 'NONE',  ( 0.000000000000000000, 0.000000000000000000, -1.000000000000000000 ) ) ;
#1936 = EDGE_CURVE ( 'NONE', #6890, #1663, #4222, .T. ) ;
#1937 = AXIS2_PLACEMENT_3D ( 'NONE', #224, #774, #4029 ) ;
#1938 = CARTESIAN_POINT ( 'NONE',  ( 7.000000000000000000, 4.000000000000003553, -17.00000000000001421 ) ) ;
#1939 = ORIENTED_EDGE ( 'NONE', *, *, #1967, .T. ) ;
#1940 = ORIENTED_EDGE ( 'NONE', *, *, #2674, .T. ) ;
#1941 = LINE ( 'NONE', #1903, #1759 ) ;
#1942 = DIRECTION ( 'NONE',  ( -0.000000000000000000, -1.000000000000000000, -0.000000000000000000 ) ) ;
#1943 = CIRCLE ( 'NONE', #1044, 1.750000000000001554 ) ;
#1944 = CARTESIAN_POINT ( 'NONE',  ( 172.5000000000000284, 8.494954838909416495, -17.50000000000002842 ) ) ;
#1945 = CARTESIAN_POINT ( 'NONE',  ( 185.0000000000000000, 101.2999999999999972, -8.250000000000007105 ) ) ;
#1946 = AXIS2_PLACEMENT_3D ( 'NONE', #3431, #5500, #788 ) ;
#1947 = LINE ( 'NONE', #4999, #6390 ) ;
#1948 = ORIENTED_EDGE ( 'NONE', *, *, #5924, .T. ) ;
#1949 = FACE_OUTER_BOUND ( 'NONE', #1197, .T. ) ;
#1950 = VECTOR ( 'NONE', #6398, 1000.000000000000000 ) ;
#1951 = DIRECTION ( 'NONE',  ( 0.4999999999999978351, 0.000000000000000000, 0.8660254037844399289 ) ) ;
#1952 = EDGE_CURVE ( 'NONE', #6228, #2644, #2774, .T. ) ;
#1953 = DIRECTION ( 'NONE',  ( 0.000000000000000000, 1.000000000000000000, 0.000000000000000000 ) ) ;
#1954 = AXIS2_PLACEMENT_3D ( 'NONE', #2312, #2881, #5020 ) ;
#1955 = ORIENTED_EDGE ( 'NONE', *, *, #824, .F. ) ;
#1956 = CIRCLE ( 'NONE', #176, 2.000000000000001776 ) ;
#1957 = DIRECTION ( 'NONE',  ( -0.4999999999999970579, 0.000000000000000000, -0.8660254037844403729 ) ) ;
#1958 = EDGE_LOOP ( 'NONE', ( #2951, #6831, #5040, #5136 ) ) ;
#1959 = CIRCLE ( 'NONE', #4651, 1.000000000000000888 ) ;
#1960 = CARTESIAN_POINT ( 'NONE',  ( 0.000000000000000000, 110.0000000000000000, 0.000000000000000000 ) ) ;
#1961 = DIRECTION ( 'NONE',  ( 0.000000000000000000, -1.000000000000000000, 0.000000000000000000 ) ) ;
#1962 = VECTOR ( 'NONE', #2838, 1000.000000000000000 ) ;
#1963 = DIRECTION ( 'NONE',  ( 1.000000000000000000, 0.000000000000000000, -1.438112726198389233E-16 ) ) ;
#1964 = ORIENTED_EDGE ( 'NONE', *, *, #5602, .F. ) ;
#1965 = CARTESIAN_POINT ( 'NONE',  ( 185.0000000000000000, 104.0000000000000000, -186.7500000000000000 ) ) ;
#1966 = ORIENTED_EDGE ( 'NONE', *, *, #2718, .T. ) ;
#1967 = EDGE_CURVE ( 'NONE', #1973, #1810, #6696, .T. ) ;
#1968 = EDGE_CURVE ( 'NONE', #2285, #4419, #101, .T. ) ;
#1969 = DIRECTION ( 'NONE',  ( -0.000000000000000000, 1.000000000000000000, -0.000000000000000000 ) ) ;
#1970 = DIRECTION ( 'NONE',  ( -1.438112726198388987E-16, 0.000000000000000000, -1.000000000000000000 ) ) ;
#1971 = DIRECTION ( 'NONE',  ( 0.000000000000000000, 0.000000000000000000, 1.000000000000000000 ) ) ;
#1972 = VECTOR ( 'NONE', #5759, 1000.000000000000000 ) ;
#1973 = VERTEX_POINT ( 'NONE', #2777 ) ;
#1974 = DIRECTION ( 'NONE',  ( 0.000000000000000000, 0.000000000000000000, 1.000000000000000000 ) ) ;
#1975 = ORIENTED_EDGE ( 'NONE', *, *, #5841, .T. ) ;
#1976 = ADVANCED_FACE ( 'NONE', ( #2667 ), #133, .F. ) ;
#1977 = AXIS2_PLACEMENT_3D ( 'NONE', #4184, #2569, #1 ) ;
#1978 = FACE_OUTER_BOUND ( 'NONE', #4734, .T. ) ;
#1979 = DIRECTION ( 'NONE',  ( 0.000000000000000000, 0.000000000000000000, -1.000000000000000000 ) ) ;
#1980 = LINE ( 'NONE', #2595, #1597 ) ;
#1981 = CARTESIAN_POINT ( 'NONE',  ( 8.000000000000000000, 110.0000000000000000, -3.000000000000000000 ) ) ;
#1982 = FACE_OUTER_BOUND ( 'NONE', #268, .T. ) ;
#1983 = ORIENTED_EDGE ( 'NONE', *, *, #1159, .T. ) ;
#1984 = LINE ( 'NONE', #4127, #5083 ) ;
#1985 = CARTESIAN_POINT ( 'NONE',  ( 95.49999999999997158, 7.000000000000000000, -190.0000000000000000 ) ) ;
#1986 = ORIENTED_EDGE ( 'NONE', *, *, #13, .F. ) ;
#1987 = CARTESIAN_POINT ( 'NONE',  ( 187.0000000000000000, 110.0000000000000000, -3.000000000000000000 ) ) ;
#1988 = DIRECTION ( 'NONE',  ( 0.000000000000000000, -1.000000000000000000, 0.000000000000000000 ) ) ;
#1989 = CARTESIAN_POINT ( 'NONE',  ( 22.49999999999995026, 4.000000000000000000, -172.5000000000000000 ) ) ;
#1990 = ORIENTED_EDGE ( 'NONE', *, *, #5008, .T. ) ;
#1991 = DIRECTION ( 'NONE',  ( -0.000000000000000000, 1.000000000000000000, -0.000000000000000000 ) ) ;
#1992 = EDGE_CURVE ( 'NONE', #1427, #3731, #1325, .T. ) ;
#1993 = EDGE_LOOP ( 'NONE', ( #2640, #2628, #5004, #3873, #2170, #4831, #123, #2187 ) ) ;
#1994 = DIRECTION ( 'NONE',  ( 0.000000000000000000, 0.000000000000000000, 1.000000000000000000 ) ) ;
#1995 = LINE ( 'NONE', #1470, #2901 ) ;
#1996 = EDGE_CURVE ( 'NONE', #970, #1265, #3227, .T. ) ;
#1997 = VERTEX_POINT ( 'NONE', #4844 ) ;
#1998 = CARTESIAN_POINT ( 'NONE',  ( 172.5000000000000284, 7.000000000000000000, -22.50000000000002132 ) ) ;
#1999 = AXIS2_PLACEMENT_3D ( 'NONE', #2954, #3538, #2025 ) ;
#2000 = CIRCLE ( 'NONE', #5898, 5.000000000000004441 ) ;
#2001 = LINE ( 'NONE', #896, #6378 ) ;
#2002 = ORIENTED_EDGE ( 'NONE', *, *, #3197, .T. ) ;
#2003 = ORIENTED_EDGE ( 'NONE', *, *, #444, .F. ) ;
#2004 = LINE ( 'NONE', #446, #557 ) ;
#2005 = DIRECTION ( 'NONE',  ( -1.000000000000000000, 0.000000000000000000, 0.000000000000000000 ) ) ;
#2006 = DIRECTION ( 'NONE',  ( 0.000000000000000000, -1.000000000000000000, 0.000000000000000000 ) ) ;
#2007 = EDGE_CURVE ( 'NONE', #4675, #3394, #68, .T. ) ;
#2008 = ADVANCED_FACE ( 'NONE', ( #6516 ), #5981, .F. ) ;
#2009 = TOROIDAL_SURFACE ( 'NONE', #18, 3.000000000000000000, 1.000000000000000000 ) ;
#2010 = DIRECTION ( 'NONE',  ( 0.000000000000000000, 1.000000000000000000, 0.000000000000000000 ) ) ;
#2011 = VERTEX_POINT ( 'NONE', #4499 ) ;
#2012 = CARTESIAN_POINT ( 'NONE',  ( 19.26683849253805292, 3.000000000000000000, -172.5000000000001421 ) ) ;
#2013 = FACE_OUTER_BOUND ( 'NONE', #2700, .T. ) ;
#2014 = CIRCLE ( 'NONE', #801, 1.000000000000000888 ) ;
#2015 = EDGE_CURVE ( 'NONE', #3669, #106, #6122, .T. ) ;
#2016 = ORIENTED_EDGE ( 'NONE', *, *, #4350, .F. ) ;
#2017 = VERTEX_POINT ( 'NONE', #1347 ) ;
#2018 = CARTESIAN_POINT ( 'NONE',  ( 5.000000000000000000, 4.000000000000003553, -17.00000000000001421 ) ) ;
#2019 = DIRECTION ( 'NONE',  ( 1.000000000000000000, 0.000000000000000000, 0.000000000000000000 ) ) ;
#2020 = CIRCLE ( 'NONE', #2929, 7.700207538209768998 ) ;
#2021 = ORIENTED_EDGE ( 'NONE', *, *, #3533, .F. ) ;
#2022 = LINE ( 'NONE', #4724, #178 ) ;
#2023 = ORIENTED_EDGE ( 'NONE', *, *, #4124, .F. ) ;
#2024 = DIRECTION ( 'NONE',  ( 0.000000000000000000, 0.000000000000000000, -1.000000000000000000 ) ) ;
#2025 = DIRECTION ( 'NONE',  ( 0.000000000000000000, 0.000000000000000000, -1.000000000000000000 ) ) ;
#2026 = DIRECTION ( 'NONE',  ( 0.000000000000000000, 0.000000000000000000, 1.000000000000000000 ) ) ;
#2027 = ORIENTED_EDGE ( 'NONE', *, *, #5003, .T. ) ;
#2028 = DIRECTION ( 'NONE',  ( -0.000000000000000000, -1.000000000000000000, -0.000000000000000000 ) ) ;
#2029 = VECTOR ( 'NONE', #2352, 1000.000000000000000 ) ;
#2030 = CARTESIAN_POINT ( 'NONE',  ( 95.49999999999997158, 4.000000000000003553, -189.0000000000000000 ) ) ;
#2031 = EDGE_LOOP ( 'NONE', ( #5271, #3658, #5987 ) ) ;
#2032 = DIRECTION ( 'NONE',  ( 0.000000000000000000, -1.000000000000000000, 0.000000000000000000 ) ) ;
#2033 = FACE_OUTER_BOUND ( 'NONE', #6826, .T. ) ;
#2034 = LINE ( 'NONE', #4089, #6179 ) ;
#2035 = EDGE_CURVE ( 'NONE', #5358, #1324, #6119, .T. ) ;
#2036 = CARTESIAN_POINT ( 'NONE',  ( 172.5000000000000284, 7.000000000000000000, -172.5000000000000284 ) ) ;
#2037 = LINE ( 'NONE', #4186, #6746 ) ;
#2038 = ORIENTED_EDGE ( 'NONE', *, *, #636, .T. ) ;
#2039 = EDGE_CURVE ( 'NONE', #6524, #3451, #1235, .T. ) ;
#2040 = ADVANCED_FACE ( 'NONE', ( #1822 ), #112, .F. ) ;
#2041 = DIRECTION ( 'NONE',  ( 0.000000000000000000, -1.000000000000000000, 0.000000000000000000 ) ) ;
#2042 = DIRECTION ( 'NONE',  ( 1.000000000000000000, 0.000000000000000000, 0.000000000000000000 ) ) ;
#2043 = CARTESIAN_POINT ( 'NONE',  ( 174.1165807537310855, 0.000000000000000000, -169.7000000000001307 ) ) ;
#2044 = ORIENTED_EDGE ( 'NONE', *, *, #203, .F. ) ;
#2045 = ORIENTED_EDGE ( 'NONE', *, *, #361, .F. ) ;
#2046 = VECTOR ( 'NONE', #5945, 1000.000000000000000 ) ;
#2047 = DIRECTION ( 'NONE',  ( 0.000000000000000000, 0.000000000000000000, -1.000000000000000000 ) ) ;
#2048 = ORIENTED_EDGE ( 'NONE', *, *, #6342, .T. ) ;
#2049 = EDGE_CURVE ( 'NONE', #6167, #6653, #6590, .T. ) ;
#2050 = CARTESIAN_POINT ( 'NONE',  ( 190.0000000000000000, 15.00000000000000000, -165.0000000000000284 ) ) ;
#2051 = VECTOR ( 'NONE', #3547, 1000.000000000000114 ) ;
#2052 = AXIS2_PLACEMENT_3D ( 'NONE', #3868, #77, #3800 ) ;
#2053 = VERTEX_POINT ( 'NONE', #2282 ) ;
#2054 = LINE ( 'NONE', #2088, #4091 ) ;
#2055 = AXIS2_PLACEMENT_3D ( 'NONE', #2128, #6394, #5257 ) ;
#2056 = ORIENTED_EDGE ( 'NONE', *, *, #4668, .F. ) ;
#2057 = AXIS2_PLACEMENT_3D ( 'NONE', #5609, #825, #338 ) ;
#2058 = CARTESIAN_POINT ( 'NONE',  ( 0.000000000000000000, 3.000000000000000000, 0.000000000000000000 ) ) ;
#2059 = CARTESIAN_POINT ( 'NONE',  ( 195.0000000000000000, 15.00000000000000000, -165.0000000000000284 ) ) ;
#2060 = AXIS2_PLACEMENT_3D ( 'NONE', #3844, #1188, #3314 ) ;
#2061 = CARTESIAN_POINT ( 'NONE',  ( 186.6165807537309433, 101.2999999999999972, -7.200000000000011724 ) ) ;
#2062 = ORIENTED_EDGE ( 'NONE', *, *, #6718, .F. ) ;
#2063 = CIRCLE ( 'NONE', #1404, 1.000000000000000888 ) ;
#2064 = DIRECTION ( 'NONE',  ( -1.000000000000000000, 0.000000000000000000, 0.000000000000000000 ) ) ;
#2065 = CARTESIAN_POINT ( 'NONE',  ( 5.999999999999998224, 4.000000000000001776, -99.49999999999992895 ) ) ;
#2066 = ORIENTED_EDGE ( 'NONE', *, *, #3287, .F. ) ;
#2067 = DIRECTION ( 'NONE',  ( -0.000000000000000000, -1.000000000000000000, -0.000000000000000000 ) ) ;
#2068 = EDGE_CURVE ( 'NONE', #4466, #124, #3933, .T. ) ;
#2069 = CARTESIAN_POINT ( 'NONE',  ( 15.00000000000000000, 121.1421356237309510, -5.000000000000031974 ) ) ;
#2070 = CIRCLE ( 'NONE', #2526, 1.000000000000000888 ) ;
#2071 = DIRECTION ( 'NONE',  ( -1.438112726198388987E-16, 0.000000000000000000, -1.000000000000000000 ) ) ;
#2072 = UNCERTAINTY_MEASURE_WITH_UNIT (LENGTH_MEASURE( 1.000000000000000082E-05 ), #2430, 'distance_accuracy_value', 'NONE');
#2073 = AXIS2_PLACEMENT_3D ( 'NONE', #1384, #4614, #836 ) ;
#2074 = CARTESIAN_POINT ( 'NONE',  ( 10.00000000000000178, 107.0000000000000000, -10.00000000000000888 ) ) ;
#2075 = EDGE_LOOP ( 'NONE', ( #1537, #4045, #2145, #4463 ) ) ;
#2076 = EDGE_CURVE ( 'NONE', #2644, #4757, #2246, .T. ) ;
#2077 = CARTESIAN_POINT ( 'NONE',  ( 185.0000000000000000, 107.0000000000000000, -183.2500000000000000 ) ) ;
#2078 = FACE_OUTER_BOUND ( 'NONE', #2510, .T. ) ;
#2079 = LINE ( 'NONE', #4994, #1458 ) ;
#2080 = EDGE_CURVE ( 'NONE', #4586, #2866, #3327, .T. ) ;
#2081 = EDGE_LOOP ( 'NONE', ( #2606, #15, #456, #5170 ) ) ;
#2082 = DIRECTION ( 'NONE',  ( 0.000000000000000000, 0.000000000000000000, 1.000000000000000000 ) ) ;
#2083 = VERTEX_POINT ( 'NONE', #1311 ) ;
#2084 = DIRECTION ( 'NONE',  ( 0.000000000000000000, 0.000000000000000000, -1.000000000000000000 ) ) ;
#2085 = ADVANCED_FACE ( 'NONE', ( #720 ), #5475, .F. ) ;
#2086 = ADVANCED_FACE ( 'NONE', ( #6669 ), #169, .T. ) ;
#2087 = ORIENTED_EDGE ( 'NONE', *, *, #4185, .T. ) ;
#2088 = CARTESIAN_POINT ( 'NONE',  ( 3.000000000000000000, 110.0000000000000000, -3.000000000000000000 ) ) ;
#2089 = AXIS2_PLACEMENT_3D ( 'NONE', #1398, #2041, #259 ) ;
#2090 = ORIENTED_EDGE ( 'NONE', *, *, #167, .F. ) ;
#2091 = CARTESIAN_POINT ( 'NONE',  ( 4.999999999999999112, 385.7716446627536016, -95.50000000000000000 ) ) ;
#2092 = DIRECTION ( 'NONE',  ( 0.000000000000000000, 1.000000000000000000, 0.000000000000000000 ) ) ;
#2093 = ADVANCED_FACE ( 'NONE', ( #2318 ), #4581, .T. ) ;
#2094 = ORIENTED_EDGE ( 'NONE', *, *, #5148, .F. ) ;
#2095 = DIRECTION ( 'NONE',  ( 0.4999999999999970579, 0.000000000000000000, 0.8660254037844402619 ) ) ;
#2096 = CARTESIAN_POINT ( 'NONE',  ( 19.26683849253807423, 0.000000000000000000, -22.50000000000010658 ) ) ;
#2097 = ORIENTED_EDGE ( 'NONE', *, *, #4868, .F. ) ;
#2098 = ORIENTED_EDGE ( 'NONE', *, *, #679, .T. ) ;
#2099 = CARTESIAN_POINT ( 'NONE',  ( 99.49999999999997158, 3.000000000000000000, -98.49999999999997158 ) ) ;
#2100 = CARTESIAN_POINT ( 'NONE',  ( 190.0000000000000000, 110.0000000000000000, -5.000000000000000000 ) ) ;
#2101 = FACE_OUTER_BOUND ( 'NONE', #1859, .T. ) ;
#2102 = FACE_OUTER_BOUND ( 'NONE', #6676, .T. ) ;
#2103 = AXIS2_PLACEMENT_3D ( 'NONE', #3430, #2386, #1855 ) ;
#2104 = AXIS2_PLACEMENT_3D ( 'NONE', #5684, #6778, #5173 ) ;
#2105 = LINE ( 'NONE', #4712, #751 ) ;
#2106 = VERTEX_POINT ( 'NONE', #1270 ) ;
#2107 = VECTOR ( 'NONE', #5352, 1000.000000000000000 ) ;
#2108 = LINE ( 'NONE', #5848, #5884 ) ;
#2109 = CARTESIAN_POINT ( 'NONE',  ( 185.0000000000000000, 92.00000000000000000, -183.2500000000000000 ) ) ;
#2110 = DIRECTION ( 'NONE',  ( -1.000000000000000000, 0.000000000000000000, 8.584654849926763228E-15 ) ) ;
#2111 = ORIENTED_EDGE ( 'NONE', *, *, #655, .F. ) ;
#2112 = ADVANCED_FACE ( 'NONE', ( #3400, #6088 ), #2927, .T. ) ;
#2113 = AXIS2_PLACEMENT_3D ( 'NONE', #6326, #3182, #4830 ) ;
#2114 = CIRCLE ( 'NONE', #4349, 1.000000000000000000 ) ;
#2115 = VERTEX_POINT ( 'NONE', #797 ) ;
#2116 = PLANE ( 'NONE',  #6764 ) ;
#2117 = ORIENTED_EDGE ( 'NONE', *, *, #3705, .F. ) ;
#2118 = ADVANCED_FACE ( 'NONE', ( #5066 ), #278, .F. ) ;
#2119 = VERTEX_POINT ( 'NONE', #5744 ) ;
#2120 = ORIENTED_EDGE ( 'NONE', *, *, #2820, .T. ) ;
#2121 = CARTESIAN_POINT ( 'NONE',  ( 95.49999999999998579, 282.7716446627535447, -95.50000000000000000 ) ) ;
#2122 = EDGE_CURVE ( 'NONE', #5870, #2704, #4453, .T. ) ;
#2123 = ADVANCED_FACE ( 'NONE', ( #2564 ), #1480, .F. ) ;
#2124 = AXIS2_PLACEMENT_3D ( 'NONE', #3699, #3278, #5425 ) ;
#2125 = CARTESIAN_POINT ( 'NONE',  ( 17.00000000000001421, 385.7716446627536016, -190.0000000000000000 ) ) ;
#2126 = DIRECTION ( 'NONE',  ( 0.000000000000000000, 0.000000000000000000, -1.000000000000000000 ) ) ;
#2127 = EDGE_LOOP ( 'NONE', ( #1986, #4930, #4687, #3162 ) ) ;
#2128 = CARTESIAN_POINT ( 'NONE',  ( 95.49999999999998579, 4.000000000000003553, -95.50000000000000000 ) ) ;
#2129 = DIRECTION ( 'NONE',  ( 0.000000000000000000, 0.000000000000000000, -1.000000000000000000 ) ) ;
#2130 = ORIENTED_EDGE ( 'NONE', *, *, #5549, .T. ) ;
#2131 = EDGE_LOOP ( 'NONE', ( #6842, #4729, #5712, #598, #3942, #747 ) ) ;
#2132 = CARTESIAN_POINT ( 'NONE',  ( 8.383419246269063763, 101.2999999999999972, -187.7999999999999829 ) ) ;
#2133 = ADVANCED_FACE ( 'NONE', ( #965 ), #4707, .F. ) ;
#2134 = FACE_OUTER_BOUND ( 'NONE', #6187, .T. ) ;
#2135 = CARTESIAN_POINT ( 'NONE',  ( 17.00000000000000000, 3.000000000000000000, -5.999999999999999112 ) ) ;
#2136 = DIRECTION ( 'NONE',  ( 0.000000000000000000, 0.000000000000000000, -1.000000000000000000 ) ) ;
#2137 = CIRCLE ( 'NONE', #6035, 1.000000000000000888 ) ;
#2138 = FACE_OUTER_BOUND ( 'NONE', #4892, .T. ) ;
#2139 = ORIENTED_EDGE ( 'NONE', *, *, #223, .T. ) ;
#2140 = ADVANCED_FACE ( 'NONE', ( #417 ), #3122, .F. ) ;
#2141 = CARTESIAN_POINT ( 'NONE',  ( 185.0000000000000000, 101.2999999999999972, -10.00000000000000888 ) ) ;
#2142 = DIRECTION ( 'NONE',  ( 0.000000000000000000, 0.000000000000000000, -1.000000000000000000 ) ) ;
#2143 = DIRECTION ( 'NONE',  ( 0.000000000000000000, 0.000000000000000000, -1.000000000000000000 ) ) ;
#2144 = EDGE_LOOP ( 'NONE', ( #5177, #6031, #5486, #26 ) ) ;
#2145 = ORIENTED_EDGE ( 'NONE', *, *, #6180, .T. ) ;
#2146 = AXIS2_PLACEMENT_3D ( 'NONE', #6464, #2760, #4936 ) ;
#2147 = FACE_OUTER_BOUND ( 'NONE', #5859, .T. ) ;
#2148 = ORIENTED_EDGE ( 'NONE', *, *, #6621, .T. ) ;
#2149 = DIRECTION ( 'NONE',  ( 0.000000000000000000, -1.000000000000000000, 0.000000000000000000 ) ) ;
#2150 = EDGE_CURVE ( 'NONE', #3869, #2334, #667, .T. ) ;
#2151 = CIRCLE ( 'NONE', #4072, 1.000000000000000000 ) ;
#2152 = VERTEX_POINT ( 'NONE', #6205 ) ;
#2153 = VECTOR ( 'NONE', #704, 1000.000000000000000 ) ;
#2154 = SURFACE_SIDE_STYLE ('',( #45 ) ) ;
#2155 = ORIENTED_EDGE ( 'NONE', *, *, #2313, .T. ) ;
#2156 = AXIS2_PLACEMENT_3D ( 'NONE', #3321, #3925, #4530 ) ;
#2157 = CARTESIAN_POINT ( 'NONE',  ( 174.1165807537310855, 3.000000000000000000, -169.7000000000001307 ) ) ;
#2158 = DIRECTION ( 'NONE',  ( -0.000000000000000000, -1.000000000000000000, -0.000000000000000000 ) ) ;
#2159 = CARTESIAN_POINT ( 'NONE',  ( 99.49999999999997158, 4.000000000000003553, -98.49999999999997158 ) ) ;
#2160 = AXIS2_PLACEMENT_3D ( 'NONE', #1625, #2818, #137 ) ;
#2161 = DIRECTION ( 'NONE',  ( 2.876225452396778467E-16, 0.000000000000000000, 1.000000000000000000 ) ) ;
#2162 = ORIENTED_EDGE ( 'NONE', *, *, #6668, .F. ) ;
#2163 = VECTOR ( 'NONE', #6679, 1000.000000000000000 ) ;
#2164 = CYLINDRICAL_SURFACE ( 'NONE', #5421, 1.749999999999999778 ) ;
#2165 = ADVANCED_FACE ( 'NONE', ( #931 ), #3546, .F. ) ;
#2166 = ADVANCED_FACE ( 'NONE', ( #2033 ), #1217, .F. ) ;
#2167 = VECTOR ( 'NONE', #27, 1000.000000000000000 ) ;
#2168 = DIRECTION ( 'NONE',  ( -1.453678890483358486E-17, -0.000000000000000000, -1.000000000000000000 ) ) ;
#2169 = ORIENTED_EDGE ( 'NONE', *, *, #5988, .F. ) ;
#2170 = ORIENTED_EDGE ( 'NONE', *, *, #191, .F. ) ;
#2171 = DIRECTION ( 'NONE',  ( 0.000000000000000000, 0.000000000000000000, -1.000000000000000000 ) ) ;
#2172 = CIRCLE ( 'NONE', #6071, 2.999999999999999112 ) ;
#2173 = CARTESIAN_POINT ( 'NONE',  ( 8.000000000000000000, 110.0000000000000000, -187.0000000000000000 ) ) ;
#2174 = CARTESIAN_POINT ( 'NONE',  ( 96.49999999999997158, 4.000000000000003553, -189.0000000000000000 ) ) ;
#2175 = CIRCLE ( 'NONE', #6081, 1.749999999999999778 ) ;
#2176 = DIRECTION ( 'NONE',  ( 0.000000000000000000, 0.000000000000000000, 1.000000000000000000 ) ) ;
#2177 = EDGE_CURVE ( 'NONE', #5953, #3597, #895, .T. ) ;
#2178 = EDGE_CURVE ( 'NONE', #2429, #208, #4572, .T. ) ;
#2179 = VECTOR ( 'NONE', #6492, 1000.000000000000000 ) ;
#2180 = ORIENTED_EDGE ( 'NONE', *, *, #3927, .T. ) ;
#2181 = PLANE ( 'NONE',  #653 ) ;
#2182 = DIRECTION ( 'NONE',  ( -0.000000000000000000, -1.000000000000000000, -0.000000000000000000 ) ) ;
#2183 = VECTOR ( 'NONE', #4504, 1000.000000000000000 ) ;
#2184 = ORIENTED_EDGE ( 'NONE', *, *, #562, .F. ) ;
#2185 = ORIENTED_EDGE ( 'NONE', *, *, #1484, .T. ) ;
#2186 = EDGE_CURVE ( 'NONE', #3449, #1852, #2219, .T. ) ;
#2187 = ORIENTED_EDGE ( 'NONE', *, *, #3372, .T. ) ;
#2188 = DIRECTION ( 'NONE',  ( -0.000000000000000000, 1.000000000000000000, -0.000000000000000000 ) ) ;
#2189 = LINE ( 'NONE', #4924, #6063 ) ;
#2190 = ORIENTED_EDGE ( 'NONE', *, *, #5916, .T. ) ;
#2191 = DIRECTION ( 'NONE',  ( -0.000000000000000000, -1.000000000000000000, -0.000000000000000000 ) ) ;
#2192 = ORIENTED_EDGE ( 'NONE', *, *, #2035, .T. ) ;
#2193 = PRESENTATION_STYLE_ASSIGNMENT (( #1145 ) ) ;
#2194 = ORIENTED_EDGE ( 'NONE', *, *, #2253, .F. ) ;
#2195 = DIRECTION ( 'NONE',  ( -0.000000000000000000, 1.000000000000000000, -0.000000000000000000 ) ) ;
#2196 = CARTESIAN_POINT ( 'NONE',  ( 179.0000000000000000, 3.000000000000000000, -13.00000000000001066 ) ) ;
#2197 = DIRECTION ( 'NONE',  ( 1.000000000000000000, 0.000000000000000000, 0.000000000000000000 ) ) ;
#2198 = ORIENTED_EDGE ( 'NONE', *, *, #4130, .T. ) ;
#2199 = EDGE_CURVE ( 'NONE', #1930, #4445, #1941, .T. ) ;
#2200 = CARTESIAN_POINT ( 'NONE',  ( 0.000000000000000000, 92.99999999999997158, -17.00000000000000000 ) ) ;
#2201 = DIRECTION ( 'NONE',  ( 0.000000000000000000, -1.000000000000000000, 0.000000000000000000 ) ) ;
#2202 = EDGE_LOOP ( 'NONE', ( #2227, #2802, #2305, #2130 ) ) ;
#2203 = EDGE_LOOP ( 'NONE', ( #3186, #97, #2406, #5821 ) ) ;
#2204 = LINE ( 'NONE', #4341, #6413 ) ;
#2205 = AXIS2_PLACEMENT_3D ( 'NONE', #1919, #1004, #6307 ) ;
#2206 = DIRECTION ( 'NONE',  ( 0.000000000000000000, 0.000000000000000000, -1.000000000000000000 ) ) ;
#2207 = DIRECTION ( 'NONE',  ( 0.000000000000000000, 0.000000000000000000, 1.000000000000000000 ) ) ;
#2208 = EDGE_CURVE ( 'NONE', #2106, #5358, #3509, .T. ) ;
#2209 = VERTEX_POINT ( 'NONE', #2467 ) ;
#2210 = DIRECTION ( 'NONE',  ( -0.000000000000000000, 1.000000000000000000, -0.000000000000000000 ) ) ;
#2211 = CYLINDRICAL_SURFACE ( 'NONE', #712, 4.999999999999976907 ) ;
#2212 = ADVANCED_FACE ( 'NONE', ( #382 ), #5655, .F. ) ;
#2213 = ADVANCED_FACE ( 'NONE', ( #4647, #4120 ), #3579, .T. ) ;
#2214 = CARTESIAN_POINT ( 'NONE',  ( 8.383419246269063763, 101.2999999999999972, -187.7999999999999829 ) ) ;
#2215 = ORIENTED_EDGE ( 'NONE', *, *, #648, .T. ) ;
#2216 = VERTEX_POINT ( 'NONE', #6809 ) ;
#2217 = AXIS2_PLACEMENT_3D ( 'NONE', #6582, #1774, #6040 ) ;
#2218 = CARTESIAN_POINT ( 'NONE',  ( 185.0000000000000000, 101.2999999999999972, -186.7500000000000000 ) ) ;
#2219 = CIRCLE ( 'NONE', #4585, 1.000000000000000888 ) ;
#2220 = CARTESIAN_POINT ( 'NONE',  ( 10.00000000000000178, 107.0000000000000000, -185.0000000000000000 ) ) ;
#2221 = ORIENTED_EDGE ( 'NONE', *, *, #2918, .F. ) ;
#2222 = FACE_OUTER_BOUND ( 'NONE', #4834, .T. ) ;
#2223 = EDGE_CURVE ( 'NONE', #4671, #857, #2004, .T. ) ;
#2224 = CONICAL_SURFACE ( 'NONE', #6129, 4.999999999999990230, 0.3490658503988620098 ) ;
#2225 = ORIENTED_EDGE ( 'NONE', *, *, #1010, .F. ) ;
#2226 = CARTESIAN_POINT ( 'NONE',  ( 0.000000000000000000, 0.000000000000000000, 0.000000000000000000 ) ) ;
#2227 = ORIENTED_EDGE ( 'NONE', *, *, #5635, .F. ) ;
#2228 = VECTOR ( 'NONE', #1744, 1000.000000000000000 ) ;
#2229 = DIRECTION ( 'NONE',  ( 0.000000000000000000, 1.000000000000000000, 0.000000000000000000 ) ) ;
#2230 = ADVANCED_FACE ( 'NONE', ( #4772, #3816 ), #6440, .F. ) ;
#2231 = LINE ( 'NONE', #2304, #5711 ) ;
#2232 = AXIS2_PLACEMENT_3D ( 'NONE', #4583, #3618, #6716 ) ;
#2233 = VERTEX_POINT ( 'NONE', #6474 ) ;
#2234 = CARTESIAN_POINT ( 'NONE',  ( 0.000000000000000000, 3.000000000000000000, 0.000000000000000000 ) ) ;
#2235 = CARTESIAN_POINT ( 'NONE',  ( 190.0000000000000000, 4.000000000000003553, -8.000000000000000000 ) ) ;
#2236 = ORIENTED_EDGE ( 'NONE', *, *, #5304, .T. ) ;
#2237 = VERTEX_POINT ( 'NONE', #4736 ) ;
#2238 = FACE_OUTER_BOUND ( 'NONE', #5015, .T. ) ;
#2239 = CARTESIAN_POINT ( 'NONE',  ( 172.5000000000000284, 7.000000000000000000, -174.2500000000000568 ) ) ;
#2240 = EDGE_CURVE ( 'NONE', #1437, #1418, #785, .T. ) ;
#2241 = CARTESIAN_POINT ( 'NONE',  ( 0.000000000000000000, 4.000000000000000000, -189.0000000000000000 ) ) ;
#2242 = CARTESIAN_POINT ( 'NONE',  ( 19.26683849253805292, 0.000000000000000000, -172.5000000000001421 ) ) ;
#2243 = AXIS2_PLACEMENT_3D ( 'NONE', #4629, #3490, #3955 ) ;
#2244 = ORIENTED_EDGE ( 'NONE', *, *, #2674, .F. ) ;
#2245 = EDGE_LOOP ( 'NONE', ( #952, #6438, #1072, #3257 ) ) ;
#2246 = LINE ( 'NONE', #2357, #4232 ) ;
#2247 = CARTESIAN_POINT ( 'NONE',  ( 99.49999999999997158, 7.000000000000006217, -96.50000000000000000 ) ) ;
#2248 = DIRECTION ( 'NONE',  ( 0.000000000000000000, 0.000000000000000000, -1.000000000000000000 ) ) ;
#2249 = DIRECTION ( 'NONE',  ( 0.000000000000000000, 1.000000000000000000, 0.000000000000000000 ) ) ;
#2250 = ORIENTED_EDGE ( 'NONE', *, *, #2581, .F. ) ;
#2251 = AXIS2_PLACEMENT_3D ( 'NONE', #4643, #6774, #5232 ) ;
#2252 = CARTESIAN_POINT ( 'NONE',  ( 96.49999999999998579, 3.000000000000000000, -99.49999999999997158 ) ) ;
#2253 = EDGE_CURVE ( 'NONE', #6614, #1428, #6125, .T. ) ;
#2254 = ADVANCED_FACE ( 'NONE', ( #93 ), #5837, .F. ) ;
#2255 = DIRECTION ( 'NONE',  ( 0.000000000000000000, -0.000000000000000000, -1.000000000000000000 ) ) ;
#2256 = VERTEX_POINT ( 'NONE', #3783 ) ;
#2257 = ORIENTED_EDGE ( 'NONE', *, *, #3232, .F. ) ;
#2258 = AXIS2_PLACEMENT_3D ( 'NONE', #6308, #1037, #971 ) ;
#2259 = EDGE_CURVE ( 'NONE', #3195, #2801, #233, .T. ) ;
#2260 = ORIENTED_EDGE ( 'NONE', *, *, #3166, .T. ) ;
#2261 = CYLINDRICAL_SURFACE ( 'NONE', #4538, 1.000000000000000888 ) ;
#2262 = FACE_OUTER_BOUND ( 'NONE', #6849, .T. ) ;
#2263 = DIRECTION ( 'NONE',  ( 0.000000000000000000, 0.000000000000000000, -1.000000000000000000 ) ) ;
#2264 = VECTOR ( 'NONE', #6591, 1000.000000000000000 ) ;
#2265 = AXIS2_PLACEMENT_3D ( 'NONE', #3283, #2201, #4273 ) ;
#2266 = CARTESIAN_POINT ( 'NONE',  ( 99.49999999999997158, 3.000000000000000000, -99.49999999999997158 ) ) ;
#2267 = ORIENTED_EDGE ( 'NONE', *, *, #641, .T. ) ;
#2268 = CARTESIAN_POINT ( 'NONE',  ( 5.000000000000000000, 110.0000000000000000, -190.0000000000000000 ) ) ;
#2269 = VECTOR ( 'NONE', #6698, 1000.000000000000000 ) ;
#2270 = DIRECTION ( 'NONE',  ( 0.000000000000000000, 0.000000000000000000, -1.000000000000000000 ) ) ;
#2271 = VERTEX_POINT ( 'NONE', #3253 ) ;
#2272 = ORIENTED_EDGE ( 'NONE', *, *, #1996, .T. ) ;
#2273 = VECTOR ( 'NONE', #3744, 1000.000000000000000 ) ;
#2274 = DIRECTION ( 'NONE',  ( 0.000000000000000000, 0.000000000000000000, 1.000000000000000000 ) ) ;
#2275 = CARTESIAN_POINT ( 'NONE',  ( 10.00000000000000178, 92.00000000000000000, -185.0000000000000000 ) ) ;
#2276 = CARTESIAN_POINT ( 'NONE',  ( 0.000000000000000000, 17.50000000000005684, -178.0000000000000000 ) ) ;
#2277 = DIRECTION ( 'NONE',  ( 0.000000000000000000, 0.000000000000000000, -1.000000000000000000 ) ) ;
#2278 = VECTOR ( 'NONE', #2643, 1000.000000000000000 ) ;
#2279 = ORIENTED_EDGE ( 'NONE', *, *, #6048, .F. ) ;
#2280 = AXIS2_PLACEMENT_3D ( 'NONE', #402, #4693, #2617 ) ;
#2281 = ORIENTED_EDGE ( 'NONE', *, *, #6450, .T. ) ;
#2282 = CARTESIAN_POINT ( 'NONE',  ( 188.2331615074618867, 101.2999999999999972, -184.9999999999999716 ) ) ;
#2283 = DIRECTION ( 'NONE',  ( -0.7071067811865672237, -0.7071067811865279218, -0.000000000000000000 ) ) ;
#2284 = CARTESIAN_POINT ( 'NONE',  ( 185.0000000000000000, 104.0000000000000000, -10.00000000000000888 ) ) ;
#2285 = VERTEX_POINT ( 'NONE', #5938 ) ;
#2286 = CONICAL_SURFACE ( 'NONE', #5107, 4.500000000000003553, 0.7853981633974206344 ) ;
#2287 = EDGE_CURVE ( 'NONE', #5773, #5489, #2000, .T. ) ;
#2288 = CARTESIAN_POINT ( 'NONE',  ( 183.3834192462690567, 101.2999999999999972, -182.1999999999999886 ) ) ;
#2289 = DIRECTION ( 'NONE',  ( 1.000000000000000000, -0.000000000000000000, -0.000000000000000000 ) ) ;
#2290 = ORIENTED_EDGE ( 'NONE', *, *, #4771, .F. ) ;
#2291 = AXIS2_PLACEMENT_3D ( 'NONE', #1628, #2149, #4293 ) ;
#2292 = DIRECTION ( 'NONE',  ( 0.000000000000000000, -1.000000000000000000, 0.000000000000000000 ) ) ;
#2293 = ADVANCED_FACE ( 'NONE', ( #1157 ), #4874, .F. ) ;
#2294 = VERTEX_POINT ( 'NONE', #1089 ) ;
#2295 = EDGE_LOOP ( 'NONE', ( #4632, #1879, #5339, #3055, #4141 ) ) ;
#2296 = VECTOR ( 'NONE', #4739, 1000.000000000000000 ) ;
#2297 = PLANE ( 'NONE',  #3678 ) ;
#2298 = EDGE_LOOP ( 'NONE', ( #1623, #4664, #5643, #3187 ) ) ;
#2299 = DIRECTION ( 'NONE',  ( 0.000000000000000000, 0.000000000000000000, 1.000000000000000000 ) ) ;
#2300 = CARTESIAN_POINT ( 'NONE',  ( 8.000000000000000000, 107.0000000000000000, -192.0000000000000000 ) ) ;
#2301 = FACE_OUTER_BOUND ( 'NONE', #1098, .T. ) ;
#2302 = EDGE_CURVE ( 'NONE', #3779, #1248, #6869, .T. ) ;
#2303 = EDGE_CURVE ( 'NONE', #1119, #5847, #2114, .T. ) ;
#2304 = CARTESIAN_POINT ( 'NONE',  ( 20.88341924626897494, 3.000000000000000000, -175.3000000000000682 ) ) ;
#2305 = ORIENTED_EDGE ( 'NONE', *, *, #4494, .T. ) ;
#2306 = CARTESIAN_POINT ( 'NONE',  ( 175.7331615074619720, 3.000000000000000000, -22.50000000000006750 ) ) ;
#2307 = CARTESIAN_POINT ( 'NONE',  ( 10.00000000000000178, 92.00000000000000000, -10.00000000000000888 ) ) ;
#2308 = ORIENTED_EDGE ( 'NONE', *, *, #5525, .T. ) ;
#2309 = VERTEX_POINT ( 'NONE', #2594 ) ;
#2310 = LINE ( 'NONE', #5675, #412 ) ;
#2311 = CARTESIAN_POINT ( 'NONE',  ( 195.0000000000000000, 110.0000000000000000, -190.0000000000000000 ) ) ;
#2312 = CARTESIAN_POINT ( 'NONE',  ( 10.00000000000000178, 107.0000000000000000, -185.0000000000000000 ) ) ;
#2313 = EDGE_CURVE ( 'NONE', #716, #3689, #784, .T. ) ;
#2314 = DIRECTION ( 'NONE',  ( -1.000000000000000000, 0.000000000000000000, 0.000000000000000000 ) ) ;
#2315 = ORIENTED_EDGE ( 'NONE', *, *, #3473, .F. ) ;
#2316 = AXIS2_PLACEMENT_3D ( 'NONE', #5331, #1453, #3126 ) ;
#2317 = ORIENTED_EDGE ( 'NONE', *, *, #3034, .F. ) ;
#2318 = FACE_OUTER_BOUND ( 'NONE', #6559, .T. ) ;
#2319 = LINE ( 'NONE', #2398, #6636 ) ;
#2320 = DIRECTION ( 'NONE',  ( -1.000000000000000000, 0.000000000000000000, 0.000000000000000000 ) ) ;
#2321 = AXIS2_PLACEMENT_3D ( 'NONE', #3684, #549, #5944 ) ;
#2322 = DIRECTION ( 'NONE',  ( -0.4999999999999977240, 0.000000000000000000, -0.8660254037844399289 ) ) ;
#2323 = EDGE_LOOP ( 'NONE', ( #3687, #583, #3376, #2561 ) ) ;
#2324 = DIRECTION ( 'NONE',  ( 0.000000000000000000, -1.000000000000000000, 0.000000000000000000 ) ) ;
#2325 = LINE ( 'NONE', #2933, #6281 ) ;
#2326 = ORIENTED_EDGE ( 'NONE', *, *, #5723, .T. ) ;
#2327 = AXIS2_PLACEMENT_3D ( 'NONE', #2535, #3642, #4149 ) ;
#2328 = FACE_OUTER_BOUND ( 'NONE', #3776, .T. ) ;
#2329 = CARTESIAN_POINT ( 'NONE',  ( 187.0000000000000000, 110.0000000000000000, -192.0000000000000000 ) ) ;
#2330 = EDGE_LOOP ( 'NONE', ( #3814, #887, #4329, #846 ) ) ;
#2331 = CIRCLE ( 'NONE', #117, 2.999999999999999112 ) ;
#2332 = EDGE_LOOP ( 'NONE', ( #1099, #524, #3233, #1567 ) ) ;
#2333 = DIRECTION ( 'NONE',  ( 0.000000000000000000, 0.000000000000000000, 1.000000000000000000 ) ) ;
#2334 = VERTEX_POINT ( 'NONE', #5327 ) ;
#2335 = DIRECTION ( 'NONE',  ( 1.438112726198388987E-16, 0.000000000000000000, 1.000000000000000000 ) ) ;
#2336 = DIRECTION ( 'NONE',  ( 0.000000000000000000, 0.000000000000000000, 1.000000000000000000 ) ) ;
#2337 = LINE ( 'NONE', #815, #6506 ) ;
#2338 = CARTESIAN_POINT ( 'NONE',  ( 22.49999999999995026, 3.000000000000000000, -172.5000000000000000 ) ) ;
#2339 = ORIENTED_EDGE ( 'NONE', *, *, #3402, .F. ) ;
#2340 = CIRCLE ( 'NONE', #4922, 1.000000000000000888 ) ;
#2341 = DIRECTION ( 'NONE',  ( 0.000000000000000000, -1.000000000000000000, 0.000000000000000000 ) ) ;
#2342 = ORIENTED_EDGE ( 'NONE', *, *, #6009, .F. ) ;
#2343 = EDGE_LOOP ( 'NONE', ( #2717, #935, #589, #531 ) ) ;
#2344 = EDGE_CURVE ( 'NONE', #6271, #5909, #4311, .T. ) ;
#2345 = EDGE_CURVE ( 'NONE', #5285, #1661, #3676, .T. ) ;
#2346 = CARTESIAN_POINT ( 'NONE',  ( 180.0000000000000000, 4.000000000000003553, -182.0000000000000000 ) ) ;
#2347 = CARTESIAN_POINT ( 'NONE',  ( 190.0000000000000000, 15.00000000000000000, -170.0000000000000000 ) ) ;
#2348 = CARTESIAN_POINT ( 'NONE',  ( 190.0000000000000000, 106.9999999999999858, -17.00000000000001421 ) ) ;
#2349 = AXIS2_PLACEMENT_3D ( 'NONE', #5908, #511, #2176 ) ;
#2350 = CARTESIAN_POINT ( 'NONE',  ( 95.49999999999998579, 282.7716446627535447, -99.49999999999997158 ) ) ;
#2351 = VERTEX_POINT ( 'NONE', #3157 ) ;
#2352 = DIRECTION ( 'NONE',  ( 1.000000000000000000, 0.000000000000000000, -0.000000000000000000 ) ) ;
#2353 = VECTOR ( 'NONE', #6510, 1000.000000000000000 ) ;
#2354 = EDGE_LOOP ( 'NONE', ( #4595, #2609, #3006, #6294 ) ) ;
#2355 = EDGE_CURVE ( 'NONE', #3139, #1661, #1883, .T. ) ;
#2356 = VERTEX_POINT ( 'NONE', #4803 ) ;
#2357 = CARTESIAN_POINT ( 'NONE',  ( 15.00000000000000355, 121.1421356237309510, -13.00000000000001066 ) ) ;
#2358 = LINE ( 'NONE', #6708, #2264 ) ;
#2359 = CARTESIAN_POINT ( 'NONE',  ( 179.0000000000000000, 4.000000000000003553, -5.000000000000031974 ) ) ;
#2360 = AXIS2_PLACEMENT_3D ( 'NONE', #2670, #2517, #6415 ) ;
#2361 = CARTESIAN_POINT ( 'NONE',  ( 6.766838492538109762, 101.2999999999999972, -184.9999999999999716 ) ) ;
#2362 = CARTESIAN_POINT ( 'NONE',  ( 99.50000000000000000, 4.000000000000003553, -6.000000000000005329 ) ) ;
#2363 = DIRECTION ( 'NONE',  ( 0.000000000000000000, -1.000000000000000000, 0.000000000000000000 ) ) ;
#2364 = DIRECTION ( 'NONE',  ( -1.438112726198388987E-16, 0.000000000000000000, -1.000000000000000000 ) ) ;
#2365 = EDGE_LOOP ( 'NONE', ( #553, #1208, #290, #6109, #1497, #1234 ) ) ;
#2366 = DIRECTION ( 'NONE',  ( 0.000000000000000000, 0.000000000000000000, -1.000000000000000000 ) ) ;
#2367 = AXIS2_PLACEMENT_3D ( 'NONE', #2930, #2815, #5511 ) ;
#2368 = DIRECTION ( 'NONE',  ( -1.000000000000000000, 0.000000000000000000, 0.000000000000000000 ) ) ;
#2369 = CARTESIAN_POINT ( 'NONE',  ( 0.000000000000000000, 4.000000000000000000, -179.0000000000000000 ) ) ;
#2370 = AXIS2_PLACEMENT_3D ( 'NONE', #5580, #4988, #470 ) ;
#2371 = ORIENTED_EDGE ( 'NONE', *, *, #5088, .T. ) ;
#2372 = ADVANCED_FACE ( 'NONE', ( #2134 ), #5248, .T. ) ;
#2373 = DIRECTION ( 'NONE',  ( 0.000000000000000000, 1.000000000000000000, -0.000000000000000000 ) ) ;
#2374 = ORIENTED_EDGE ( 'NONE', *, *, #6562, .T. ) ;
#2375 = DIRECTION ( 'NONE',  ( 1.000000000000000000, 0.000000000000000000, -0.000000000000000000 ) ) ;
#2376 = CARTESIAN_POINT ( 'NONE',  ( 0.000000000000000000, 93.00000000000000000, -173.0000000000000000 ) ) ;
#2377 = DIRECTION ( 'NONE',  ( -0.000000000000000000, 1.000000000000000000, -0.000000000000000000 ) ) ;
#2378 = ORIENTED_EDGE ( 'NONE', *, *, #274, .T. ) ;
#2379 = LINE ( 'NONE', #368, #3970 ) ;
#2380 = EDGE_CURVE ( 'NONE', #852, #2758, #1210, .T. ) ;
#2381 = CARTESIAN_POINT ( 'NONE',  ( 190.0000000000000000, 0.5000000000000281997, -190.0000000000000000 ) ) ;
#2382 = ORIENTED_EDGE ( 'NONE', *, *, #5973, .F. ) ;
#2383 = VERTEX_POINT ( 'NONE', #676 ) ;
#2384 = VECTOR ( 'NONE', #4488, 1000.000000000000114 ) ;
#2385 = DIRECTION ( 'NONE',  ( -0.000000000000000000, -1.000000000000000000, -0.000000000000000000 ) ) ;
#2386 = DIRECTION ( 'NONE',  ( -0.000000000000000000, -1.000000000000000000, -0.000000000000000000 ) ) ;
#2387 = CARTESIAN_POINT ( 'NONE',  ( 99.49999999999995737, 4.000000000000003553, -195.0000000000000000 ) ) ;
#2388 = CARTESIAN_POINT ( 'NONE',  ( 3.000000000000000000, 110.0000000000000000, -192.0000000000000000 ) ) ;
#2389 = EDGE_CURVE ( 'NONE', #1280, #1509, #2557, .T. ) ;
#2390 = EDGE_CURVE ( 'NONE', #5682, #4240, #3924, .T. ) ;
#2391 = CYLINDRICAL_SURFACE ( 'NONE', #671, 1.000000000000000888 ) ;
#2392 = ORIENTED_EDGE ( 'NONE', *, *, #4267, .F. ) ;
#2393 = AXIS2_PLACEMENT_3D ( 'NONE', #1823, #6015, #5108 ) ;
#2394 = DIRECTION ( 'NONE',  ( 0.000000000000000000, -1.000000000000000000, 0.000000000000000000 ) ) ;
#2395 = EDGE_LOOP ( 'NONE', ( #5642, #2062, #177, #4686 ) ) ;
#2396 = ORIENTED_EDGE ( 'NONE', *, *, #4231, .F. ) ;
#2397 = CARTESIAN_POINT ( 'NONE',  ( 187.2944047413413955, 17.50000000000002842, -22.00000000000000355 ) ) ;
#2398 = CARTESIAN_POINT ( 'NONE',  ( 22.49999999999995026, 8.494954838909416495, -17.50000000000002842 ) ) ;
#2399 = DIRECTION ( 'NONE',  ( 0.000000000000000000, 1.000000000000000000, 0.000000000000000000 ) ) ;
#2400 = EDGE_CURVE ( 'NONE', #5212, #957, #3390, .T. ) ;
#2401 = EDGE_CURVE ( 'NONE', #4244, #565, #5585, .T. ) ;
#2402 = DIRECTION ( 'NONE',  ( -0.8660254037844379305, 0.000000000000000000, 0.5000000000000012212 ) ) ;
#2403 = AXIS2_PLACEMENT_3D ( 'NONE', #5494, #4442, #120 ) ;
#2404 = LINE ( 'NONE', #248, #5553 ) ;
#2405 = DIRECTION ( 'NONE',  ( 0.000000000000000000, -1.000000000000000000, 0.000000000000000000 ) ) ;
#2406 = ORIENTED_EDGE ( 'NONE', *, *, #1491, .F. ) ;
#2407 = DIRECTION ( 'NONE',  ( 0.000000000000000000, 0.000000000000000000, -1.000000000000000000 ) ) ;
#2408 = VECTOR ( 'NONE', #3695, 1000.000000000000000 ) ;
#2409 = ADVANCED_FACE ( 'NONE', ( #199 ), #4529, .T. ) ;
#2410 = ORIENTED_EDGE ( 'NONE', *, *, #1069, .F. ) ;
#2411 = ORIENTED_EDGE ( 'NONE', *, *, #6664, .F. ) ;
#2412 = PRODUCT_DEFINITION_FORMATION_WITH_SPECIFIED_SOURCE ( 'ANY', '', #1432, .NOT_KNOWN. ) ;
#2413 = EDGE_LOOP ( 'NONE', ( #6021, #3825, #4357, #4435 ) ) ;
#2414 = VECTOR ( 'NONE', #2019, 1000.000000000000000 ) ;
#2415 = CARTESIAN_POINT ( 'NONE',  ( 7.000000000000000000, 3.000000000000000000, -16.00000000000001421 ) ) ;
#2416 = CARTESIAN_POINT ( 'NONE',  ( 170.8834192462690851, 3.000000000000000000, -19.70000000000010587 ) ) ;
#2417 = CARTESIAN_POINT ( 'NONE',  ( 180.0000000000000000, 101.2999999999999972, -187.7999999999999829 ) ) ;
#2418 = LINE ( 'NONE', #261, #1124 ) ;
#2419 = ORIENTED_EDGE ( 'NONE', *, *, #2515, .T. ) ;
#2420 = VECTOR ( 'NONE', #5887, 1000.000000000000000 ) ;
#2421 = CARTESIAN_POINT ( 'NONE',  ( 4.999999999999997335, 4.000000000000003553, -178.0000000000000000 ) ) ;
#2422 = DIRECTION ( 'NONE',  ( -1.000000000000000000, 0.000000000000000000, 0.000000000000000000 ) ) ;
#2423 = CARTESIAN_POINT ( 'NONE',  ( 172.5000000000000284, 3.657979856674334673, -165.7394850825761523 ) ) ;
#2424 = ORIENTED_EDGE ( 'NONE', *, *, #2679, .F. ) ;
#2425 = ORIENTED_EDGE ( 'NONE', *, *, #2150, .F. ) ;
#2426 = CARTESIAN_POINT ( 'NONE',  ( 178.0000000000000000, 106.9999999999999858, -5.000000000000000000 ) ) ;
#2427 = FACE_OUTER_BOUND ( 'NONE', #6853, .T. ) ;
#2428 = DIRECTION ( 'NONE',  ( 0.000000000000000000, 0.000000000000000000, 1.000000000000000000 ) ) ;
#2429 = VERTEX_POINT ( 'NONE', #6508 ) ;
#2430 =( LENGTH_UNIT ( ) NAMED_UNIT ( * ) SI_UNIT ( .MILLI., .METRE. ) );
#2431 = ORIENTED_EDGE ( 'NONE', *, *, #1451, .F. ) ;
#2432 = ORIENTED_EDGE ( 'NONE', *, *, #2035, .F. ) ;
#2433 = CARTESIAN_POINT ( 'NONE',  ( 178.0000000000000000, 107.0000000000000000, -188.0000000000000000 ) ) ;
#2434 = CARTESIAN_POINT ( 'NONE',  ( 188.0000000000000000, 3.000000000000000000, -178.0000000000000000 ) ) ;
#2435 = CARTESIAN_POINT ( 'NONE',  ( 95.49999999999997158, 4.000000000000003553, -190.0000000000000000 ) ) ;
#2436 = CIRCLE ( 'NONE', #1640, 2.000000000000000000 ) ;
#2437 = DIRECTION ( 'NONE',  ( -0.000000000000000000, 1.000000000000000000, -0.000000000000000000 ) ) ;
#2438 = ORIENTED_EDGE ( 'NONE', *, *, #1907, .F. ) ;
#2439 = EDGE_CURVE ( 'NONE', #6310, #717, #5030, .T. ) ;
#2440 = EDGE_CURVE ( 'NONE', #716, #2465, #3899, .T. ) ;
#2441 = LINE ( 'NONE', #5114, #847 ) ;
#2442 = CARTESIAN_POINT ( 'NONE',  ( 22.49999999999995026, 7.000000000000000000, -172.5000000000000000 ) ) ;
#2443 = ORIENTED_EDGE ( 'NONE', *, *, #3039, .F. ) ;
#2444 = ORIENTED_EDGE ( 'NONE', *, *, #3107, .T. ) ;
#2445 = CARTESIAN_POINT ( 'NONE',  ( 182.0000000000000000, 4.000000000000003553, -182.0000000000000000 ) ) ;
#2446 = EDGE_LOOP ( 'NONE', ( #1909, #4848, #5844, #2855 ) ) ;
#2447 = EDGE_CURVE ( 'NONE', #6043, #2939, #3015, .T. ) ;
#2448 = CARTESIAN_POINT ( 'NONE',  ( 185.0000000000000000, 92.00000000000000000, -185.0000000000000000 ) ) ;
#2449 = DIRECTION ( 'NONE',  ( 0.000000000000000000, 0.000000000000000000, -1.000000000000000000 ) ) ;
#2450 = AXIS2_PLACEMENT_3D ( 'NONE', #5706, #5195, #2460 ) ;
#2451 = DIRECTION ( 'NONE',  ( -1.438112726198388987E-16, 0.000000000000000000, -1.000000000000000000 ) ) ;
#2452 = VERTEX_POINT ( 'NONE', #1742 ) ;
#2453 = DIRECTION ( 'NONE',  ( 0.000000000000000000, 0.000000000000000000, -1.000000000000000000 ) ) ;
#2454 = CARTESIAN_POINT ( 'NONE',  ( 187.0000000000000000, 110.0000000000000000, -8.000000000000000000 ) ) ;
#2455 = EDGE_LOOP ( 'NONE', ( #6012, #4060 ) ) ;
#2456 = ORIENTED_EDGE ( 'NONE', *, *, #907, .T. ) ;
#2457 = AXIS2_PLACEMENT_3D ( 'NONE', #6757, #1961, #530 ) ;
#2458 = EDGE_CURVE ( 'NONE', #962, #485, #6702, .T. ) ;
#2459 = DIRECTION ( 'NONE',  ( 0.000000000000000000, 0.000000000000000000, -1.000000000000000000 ) ) ;
#2460 = DIRECTION ( 'NONE',  ( 0.000000000000000000, 0.000000000000000000, 1.000000000000000000 ) ) ;
#2461 = DIRECTION ( 'NONE',  ( 0.8660254037844403729, -0.000000000000000000, 0.4999999999999970579 ) ) ;
#2462 = CONICAL_SURFACE ( 'NONE', #5363, 5.000000000000004441, 0.3490658503988626760 ) ;
#2463 = DIRECTION ( 'NONE',  ( 0.000000000000000000, -0.000000000000000000, 1.000000000000000000 ) ) ;
#2464 = ORIENTED_EDGE ( 'NONE', *, *, #512, .F. ) ;
#2465 = VERTEX_POINT ( 'NONE', #2880 ) ;
#2466 = EDGE_CURVE ( 'NONE', #6833, #1735, #5147, .T. ) ;
#2467 = CARTESIAN_POINT ( 'NONE',  ( 8.383419246269049552, 104.0000000000000000, -12.80000000000000604 ) ) ;
#2468 = CARTESIAN_POINT ( 'NONE',  ( 5.000000000000000000, 0.5000000000000281997, -195.0000000000000000 ) ) ;
#2469 = CARTESIAN_POINT ( 'NONE',  ( 0.000000000000000000, 104.0000000000000000, 0.000000000000000000 ) ) ;
#2470 = DIRECTION ( 'NONE',  ( 0.000000000000000000, 0.000000000000000000, 1.000000000000000000 ) ) ;
#2471 = DIRECTION ( 'NONE',  ( 0.000000000000000000, 0.000000000000000000, -1.000000000000000000 ) ) ;
#2472 = VERTEX_POINT ( 'NONE', #1227 ) ;
#2473 = CARTESIAN_POINT ( 'NONE',  ( 179.0000000000000000, 3.000000000000000000, -13.00000000000001066 ) ) ;
#2474 = VECTOR ( 'NONE', #5371, 1000.000000000000000 ) ;
#2475 = LINE ( 'NONE', #6243, #3342 ) ;
#2476 = EDGE_CURVE ( 'NONE', #227, #488, #4345, .T. ) ;
#2477 = EDGE_CURVE ( 'NONE', #6643, #208, #4004, .T. ) ;
#2478 = EDGE_LOOP ( 'NONE', ( #5912, #6261, #3946, #4997 ) ) ;
#2479 = CARTESIAN_POINT ( 'NONE',  ( 22.49999999999995026, 8.494954838909416495, -167.4999999999999716 ) ) ;
#2480 = CARTESIAN_POINT ( 'NONE',  ( 24.11658075373082610, 3.000000000000000000, -175.3000000000000966 ) ) ;
#2481 = CARTESIAN_POINT ( 'NONE',  ( 98.49999999999997158, 7.000000000000006217, -99.49999999999997158 ) ) ;
#2482 = CIRCLE ( 'NONE', #1469, 4.999999999999976907 ) ;
#2483 = CARTESIAN_POINT ( 'NONE',  ( 98.49999999999995737, 7.000000000000006217, -195.0000000000000000 ) ) ;
#2484 = EDGE_CURVE ( 'NONE', #4289, #3517, #3353, .T. ) ;
#2485 = ORIENTED_EDGE ( 'NONE', *, *, #6502, .F. ) ;
#2486 = CARTESIAN_POINT ( 'NONE',  ( 188.0000000000000000, 4.000000000000003553, -17.00000000000001421 ) ) ;
#2487 = COLOUR_RGB ( '',0.7921568627450980005, 0.8196078431372548767, 0.9333333333333333481 ) ;
#2488 = ORIENTED_EDGE ( 'NONE', *, *, #5601, .T. ) ;
#2489 = ORIENTED_EDGE ( 'NONE', *, *, #2199, .T. ) ;
#2490 = CARTESIAN_POINT ( 'NONE',  ( 182.0000000000000000, 107.0000000000000000, -180.0000000000000000 ) ) ;
#2491 = FACE_OUTER_BOUND ( 'NONE', #6795, .T. ) ;
#2492 = DIRECTION ( 'NONE',  ( 1.000000000000000000, -0.000000000000000000, -0.000000000000000000 ) ) ;
#2493 = EDGE_LOOP ( 'NONE', ( #2162, #267, #3961, #1256 ) ) ;
#2494 = AXIS2_PLACEMENT_3D ( 'NONE', #6054, #874, #4093 ) ;
#2495 = DIRECTION ( 'NONE',  ( -0.000000000000000000, 1.000000000000000000, 0.000000000000000000 ) ) ;
#2496 = VERTEX_POINT ( 'NONE', #2311 ) ;
#2497 = VERTEX_POINT ( 'NONE', #2804 ) ;
#2498 = CARTESIAN_POINT ( 'NONE',  ( 189.0000000000000000, 3.000000000000000000, 0.000000000000000000 ) ) ;
#2499 = DIRECTION ( 'NONE',  ( 0.000000000000000000, 0.000000000000000000, 1.000000000000000000 ) ) ;
#2500 = AXIS2_PLACEMENT_3D ( 'NONE', #5982, #3228, #4884 ) ;
#2501 = FACE_OUTER_BOUND ( 'NONE', #993, .T. ) ;
#2502 = LINE ( 'NONE', #4545, #2183 ) ;
#2503 = VECTOR ( 'NONE', #4986, 1000.000000000000000 ) ;
#2504 = CARTESIAN_POINT ( 'NONE',  ( 11.61658075373095400, 101.2999999999999972, -187.7999999999999829 ) ) ;
#2505 = EDGE_LOOP ( 'NONE', ( #4393, #516, #1342, #2876 ) ) ;
#2506 = AXIS2_PLACEMENT_3D ( 'NONE', #6522, #1103, #593 ) ;
#2507 = DIRECTION ( 'NONE',  ( -0.000000000000000000, -1.000000000000000000, -0.000000000000000000 ) ) ;
#2508 = CARTESIAN_POINT ( 'NONE',  ( 190.0000000000000000, 0.000000000000000000, -0.5000000000000004441 ) ) ;
#2509 = CIRCLE ( 'NONE', #5743, 1.000000000000000888 ) ;
#2510 = EDGE_LOOP ( 'NONE', ( #6172, #6444, #4203, #4441 ) ) ;
#2511 = ORIENTED_EDGE ( 'NONE', *, *, #6777, .T. ) ;
#2512 = AXIS2_PLACEMENT_3D ( 'NONE', #5937, #4873, #92 ) ;
#2513 = VECTOR ( 'NONE', #6824, 999.9999999999997726 ) ;
#2514 = DIRECTION ( 'NONE',  ( -0.5000000000000011102, 0.000000000000000000, -0.8660254037844379305 ) ) ;
#2515 = EDGE_CURVE ( 'NONE', #1280, #166, #126, .T. ) ;
#2516 = AXIS2_PLACEMENT_3D ( 'NONE', #5795, #6765, #5226 ) ;
#2517 = DIRECTION ( 'NONE',  ( 0.000000000000000000, -1.000000000000000000, 0.000000000000000000 ) ) ;
#2518 = ORIENTED_EDGE ( 'NONE', *, *, #3598, .F. ) ;
#2519 = PLANE ( 'NONE',  #6197 ) ;
#2520 = AXIS2_PLACEMENT_3D ( 'NONE', #2480, #396, #2514 ) ;
#2521 = EDGE_LOOP ( 'NONE', ( #6625, #5026, #6745, #1191 ) ) ;
#2522 = LINE ( 'NONE', #3632, #515 ) ;
#2523 = EDGE_CURVE ( 'NONE', #3544, #4484, #3662, .T. ) ;
#2524 = FACE_OUTER_BOUND ( 'NONE', #3713, .T. ) ;
#2525 = FACE_OUTER_BOUND ( 'NONE', #673, .T. ) ;
#2526 = AXIS2_PLACEMENT_3D ( 'NONE', #1591, #1658, #4327 ) ;
#2527 = ORIENTED_EDGE ( 'NONE', *, *, #6348, .F. ) ;
#2528 = CYLINDRICAL_SURFACE ( 'NONE', #1829, 1.750000000000001554 ) ;
#2529 = DIRECTION ( 'NONE',  ( -0.000000000000000000, 1.000000000000000000, -0.000000000000000000 ) ) ;
#2530 = VERTEX_POINT ( 'NONE', #4449 ) ;
#2531 = ORIENTED_EDGE ( 'NONE', *, *, #4020, .T. ) ;
#2532 = AXIS2_PLACEMENT_3D ( 'NONE', #2750, #2324, #2817 ) ;
#2533 = DIRECTION ( 'NONE',  ( 0.000000000000000000, 0.000000000000000000, -1.000000000000000000 ) ) ;
#2534 = ADVANCED_FACE ( 'NONE', ( #5974 ), #1195, .T. ) ;
#2535 = CARTESIAN_POINT ( 'NONE',  ( 174.1165807537310570, 3.000000000000000000, -19.70000000000010587 ) ) ;
#2536 = LINE ( 'NONE', #3677, #2834 ) ;
#2537 = CARTESIAN_POINT ( 'NONE',  ( 22.49999999999995026, 7.000000000000000000, -22.50000000000004619 ) ) ;
#2538 = CARTESIAN_POINT ( 'NONE',  ( 3.000000000000000000, 110.0000000000000000, -187.0000000000000000 ) ) ;
#2539 = ORIENTED_EDGE ( 'NONE', *, *, #5454, .T. ) ;
#2540 = DIRECTION ( 'NONE',  ( -0.5000000000000041078, 0.000000000000000000, 0.8660254037844362651 ) ) ;
#2541 = DIRECTION ( 'NONE',  ( 0.000000000000000000, -0.9396926207859100932, -0.3420201433256641055 ) ) ;
#2542 = ORIENTED_EDGE ( 'NONE', *, *, #2772, .T. ) ;
#2543 = ORIENTED_EDGE ( 'NONE', *, *, #5619, .F. ) ;
#2544 = DIRECTION ( 'NONE',  ( 0.000000000000000000, -1.000000000000000000, 0.000000000000000000 ) ) ;
#2545 = AXIS2_PLACEMENT_3D ( 'NONE', #6256, #2158, #3737 ) ;
#2546 = DIRECTION ( 'NONE',  ( -0.8660254037844372643, 0.000000000000000000, -0.5000000000000025535 ) ) ;
#2547 = EDGE_CURVE ( 'NONE', #2216, #5953, #4985, .T. ) ;
#2548 = PLANE ( 'NONE',  #4487 ) ;
#2549 = VERTEX_POINT ( 'NONE', #5645 ) ;
#2550 = LINE ( 'NONE', #4665, #2513 ) ;
#2551 = ORIENTED_EDGE ( 'NONE', *, *, #2821, .F. ) ;
#2552 = DIRECTION ( 'NONE',  ( -0.000000000000000000, -1.000000000000000000, -0.000000000000000000 ) ) ;
#2553 = CARTESIAN_POINT ( 'NONE',  ( 8.000000000000000000, 385.7716446627536016, -5.000000000000000000 ) ) ;
#2554 = LINE ( 'NONE', #2125, #3351 ) ;
#2555 = EDGE_LOOP ( 'NONE', ( #6118, #5615, #2117, #239 ) ) ;
#2556 = DIRECTION ( 'NONE',  ( 1.000000000000000000, 0.000000000000000000, 0.000000000000000000 ) ) ;
#2557 = CIRCLE ( 'NONE', #4459, 1.750000000000029310 ) ;
#2558 = EDGE_CURVE ( 'NONE', #5932, #1253, #4580, .T. ) ;
#2559 = EDGE_CURVE ( 'NONE', #6726, #6586, #2331, .T. ) ;
#2560 = CARTESIAN_POINT ( 'NONE',  ( 188.0000000000000000, 121.1421356237309510, -15.00000000000001421 ) ) ;
#2561 = ORIENTED_EDGE ( 'NONE', *, *, #728, .T. ) ;
#2562 = EDGE_LOOP ( 'NONE', ( #919, #3525, #1797, #6100 ) ) ;
#2563 = LINE ( 'NONE', #4802, #1063 ) ;
#2564 = FACE_OUTER_BOUND ( 'NONE', #5997, .T. ) ;
#2565 = CARTESIAN_POINT ( 'NONE',  ( 11.61658075373095400, 101.2999999999999972, -12.80000000000000604 ) ) ;
#2566 = VECTOR ( 'NONE', #6287, 1000.000000000000000 ) ;
#2567 = CYLINDRICAL_SURFACE ( 'NONE', #1461, 1.000000000000000888 ) ;
#2568 = ADVANCED_FACE ( 'NONE', ( #2427 ), #3080, .F. ) ;
#2569 = DIRECTION ( 'NONE',  ( -0.000000000000000000, 1.000000000000000000, -0.000000000000000000 ) ) ;
#2570 = EDGE_LOOP ( 'NONE', ( #1558, #821, #2021, #961 ) ) ;
#2571 = LINE ( 'NONE', #2109, #4388 ) ;
#2572 = LINE ( 'NONE', #4619, #1664 ) ;
#2573 = AXIS2_PLACEMENT_3D ( 'NONE', #4774, #6443, #1643 ) ;
#2574 = VERTEX_POINT ( 'NONE', #4077 ) ;
#2575 = ORIENTED_EDGE ( 'NONE', *, *, #1491, .T. ) ;
#2576 = DIRECTION ( 'NONE',  ( -1.000000000000000000, 0.000000000000000000, 1.073081856240832782E-15 ) ) ;
#2577 = DIRECTION ( 'NONE',  ( 0.000000000000000000, 0.000000000000000000, 1.000000000000000000 ) ) ;
#2578 = DIRECTION ( 'NONE',  ( 0.5000000000000025535, 0.000000000000000000, -0.8660254037844372643 ) ) ;
#2579 = AXIS2_PLACEMENT_3D ( 'NONE', #3311, #5457, #1364 ) ;
#2580 = EDGE_LOOP ( 'NONE', ( #2444, #2911, #5241, #5752 ) ) ;
#2581 = EDGE_CURVE ( 'NONE', #10, #5446, #3600, .T. ) ;
#2582 = LINE ( 'NONE', #5070, #1284 ) ;
#2583 = ORIENTED_EDGE ( 'NONE', *, *, #1579, .F. ) ;
#2584 = LINE ( 'NONE', #4169, #5751 ) ;
#2585 = LINE ( 'NONE', #4764, #6247 ) ;
#2586 = ORIENTED_EDGE ( 'NONE', *, *, #4152, .F. ) ;
#2587 = EDGE_CURVE ( 'NONE', #2961, #4427, #4905, .T. ) ;
#2588 = LINE ( 'NONE', #5831, #4531 ) ;
#2589 = AXIS2_PLACEMENT_3D ( 'NONE', #926, #6330, #1974 ) ;
#2590 = CARTESIAN_POINT ( 'NONE',  ( 174.1165807537310286, 3.000000000000000000, -25.30000000000007176 ) ) ;
#2591 = VERTEX_POINT ( 'NONE', #890 ) ;
#2592 = VERTEX_POINT ( 'NONE', #4111 ) ;
#2593 = DIRECTION ( 'NONE',  ( 1.438112726198388987E-16, -0.000000000000000000, 1.000000000000000000 ) ) ;
#2594 = CARTESIAN_POINT ( 'NONE',  ( 98.50000000000000000, 4.000000000000003553, -6.000000000000005329 ) ) ;
#2595 = CARTESIAN_POINT ( 'NONE',  ( 15.00000000000000000, 101.2999999999999972, -5.000000000000031974 ) ) ;
#2596 = ADVANCED_FACE ( 'NONE', ( #374 ), #3501, .T. ) ;
#2597 = VECTOR ( 'NONE', #285, 1000.000000000000000 ) ;
#2598 = CYLINDRICAL_SURFACE ( 'NONE', #2316, 2.000000000000001776 ) ;
#2599 = ORIENTED_EDGE ( 'NONE', *, *, #1403, .T. ) ;
#2600 = VECTOR ( 'NONE', #6670, 999.9999999999997726 ) ;
#2601 = DIRECTION ( 'NONE',  ( -1.000000000000000000, 0.000000000000000000, 0.000000000000000000 ) ) ;
#2602 = PLANE ( 'NONE',  #4843 ) ;
#2603 = EDGE_CURVE ( 'NONE', #779, #1106, #3329, .T. ) ;
#2604 = EDGE_CURVE ( 'NONE', #5016, #1917, #4171, .T. ) ;
#2605 = VERTEX_POINT ( 'NONE', #6194 ) ;
#2606 = ORIENTED_EDGE ( 'NONE', *, *, #4314, .T. ) ;
#2607 = CIRCLE ( 'NONE', #2156, 1.000000000000000888 ) ;
#2608 = CARTESIAN_POINT ( 'NONE',  ( 5.000000000000000000, 110.0000000000000000, 0.000000000000000000 ) ) ;
#2609 = ORIENTED_EDGE ( 'NONE', *, *, #6892, .T. ) ;
#2610 = DIRECTION ( 'NONE',  ( 4.188538737676935682E-17, -0.9396926207859100932, 0.3420201433256641055 ) ) ;
#2611 = CARTESIAN_POINT ( 'NONE',  ( 188.0000000000000000, 4.000000000000000000, -180.0000000000000000 ) ) ;
#2612 = EDGE_CURVE ( 'NONE', #144, #3248, #5131, .T. ) ;
#2613 = AXIS2_PLACEMENT_3D ( 'NONE', #6133, #205, #4383 ) ;
#2614 = AXIS2_PLACEMENT_3D ( 'NONE', #1316, #5591, #1792 ) ;
#2615 = ORIENTED_EDGE ( 'NONE', *, *, #3046, .T. ) ;
#2616 = VERTEX_POINT ( 'NONE', #6828 ) ;
#2617 = DIRECTION ( 'NONE',  ( 0.000000000000000000, 0.000000000000000000, -1.000000000000000000 ) ) ;
#2618 = AXIS2_PLACEMENT_3D ( 'NONE', #6599, #2899, #2368 ) ;
#2619 = ORIENTED_EDGE ( 'NONE', *, *, #6488, .F. ) ;
#2620 = AXIS2_PLACEMENT_3D ( 'NONE', #5972, #4836, #2274 ) ;
#2621 = DIRECTION ( 'NONE',  ( 1.000000000000000000, 0.000000000000000000, -1.224646799147353207E-16 ) ) ;
#2622 = DIRECTION ( 'NONE',  ( 0.000000000000000000, -0.7071067811865279218, -0.7071067811865672237 ) ) ;
#2623 = ORIENTED_EDGE ( 'NONE', *, *, #4638, .T. ) ;
#2624 = CIRCLE ( 'NONE', #3521, 5.544119062935236819 ) ;
#2625 = DIRECTION ( 'NONE',  ( 0.5000000000000011102, 0.000000000000000000, 0.8660254037844380415 ) ) ;
#2626 = CARTESIAN_POINT ( 'NONE',  ( 10.00000000000000178, 92.00000000000000000, -183.2500000000000000 ) ) ;
#2627 = ORIENTED_EDGE ( 'NONE', *, *, #2547, .F. ) ;
#2628 = ORIENTED_EDGE ( 'NONE', *, *, #4761, .T. ) ;
#2629 = DIRECTION ( 'NONE',  ( 1.000000000000000000, 0.000000000000000000, 0.000000000000000000 ) ) ;
#2630 = CARTESIAN_POINT ( 'NONE',  ( 5.000000000000000000, 0.5000000000000281997, -190.0000000000000000 ) ) ;
#2631 = VECTOR ( 'NONE', #6819, 1000.000000000000000 ) ;
#2632 = EDGE_CURVE ( 'NONE', #2713, #442, #6697, .T. ) ;
#2633 = LINE ( 'NONE', #4773, #5637 ) ;
#2634 = CYLINDRICAL_SURFACE ( 'NONE', #2349, 1.750000000000001554 ) ;
#2635 = CIRCLE ( 'NONE', #6316, 1.750000000000001554 ) ;
#2636 = ADVANCED_FACE ( 'NONE', ( #2524 ), #6578, .F. ) ;
#2637 = ORIENTED_EDGE ( 'NONE', *, *, #571, .F. ) ;
#2638 = FACE_BOUND ( 'NONE', #917, .T. ) ;
#2639 = DIRECTION ( 'NONE',  ( -0.000000000000000000, -1.000000000000000000, -0.000000000000000000 ) ) ;
#2640 = ORIENTED_EDGE ( 'NONE', *, *, #5588, .F. ) ;
#2641 = EDGE_CURVE ( 'NONE', #1459, #1586, #3223, .T. ) ;
#2642 = EDGE_CURVE ( 'NONE', #5639, #3545, #5676, .T. ) ;
#2643 = DIRECTION ( 'NONE',  ( 0.000000000000000000, -1.000000000000000000, 0.000000000000000000 ) ) ;
#2644 = VERTEX_POINT ( 'NONE', #309 ) ;
#2645 = DIRECTION ( 'NONE',  ( -1.000000000000000000, -0.000000000000000000, 1.453678890483358486E-17 ) ) ;
#2646 = ORIENTED_EDGE ( 'NONE', *, *, #65, .F. ) ;
#2647 = DIRECTION ( 'NONE',  ( 0.000000000000000000, 0.000000000000000000, 1.000000000000000000 ) ) ;
#2648 = CIRCLE ( 'NONE', #987, 1.000000000000000888 ) ;
#2649 = EDGE_CURVE ( 'NONE', #314, #5847, #1995, .T. ) ;
#2650 = ORIENTED_EDGE ( 'NONE', *, *, #518, .T. ) ;
#2651 = DIRECTION ( 'NONE',  ( 1.000000000000000000, 0.000000000000000000, -1.073081856240832782E-15 ) ) ;
#2652 = DIRECTION ( 'NONE',  ( 0.000000000000000000, 0.000000000000000000, -1.000000000000000000 ) ) ;
#2653 = DIRECTION ( 'NONE',  ( -0.000000000000000000, -1.000000000000000000, -0.000000000000000000 ) ) ;
#2654 = ORIENTED_EDGE ( 'NONE', *, *, #3073, .T. ) ;
#2655 = CARTESIAN_POINT ( 'NONE',  ( 186.6165807537309433, 104.0000000000000000, -187.7999999999999829 ) ) ;
#2656 = CYLINDRICAL_SURFACE ( 'NONE', #4501, 1.000000000000000888 ) ;
#2657 = ORIENTED_EDGE ( 'NONE', *, *, #3515, .T. ) ;
#2658 = ORIENTED_EDGE ( 'NONE', *, *, #5852, .T. ) ;
#2659 = DIRECTION ( 'NONE',  ( 0.000000000000000000, -1.000000000000000000, 0.000000000000000000 ) ) ;
#2660 = DIRECTION ( 'NONE',  ( 0.000000000000000000, 0.000000000000000000, 1.000000000000000000 ) ) ;
#2661 = LINE ( 'NONE', #6441, #1707 ) ;
#2662 = DIRECTION ( 'NONE',  ( 1.000000000000000000, 0.000000000000000000, 0.000000000000000000 ) ) ;
#2663 = VECTOR ( 'NONE', #1411, 1000.000000000000114 ) ;
#2664 = ADVANCED_FACE ( 'NONE', ( #2491 ), #4039, .F. ) ;
#2665 = ORIENTED_EDGE ( 'NONE', *, *, #3497, .T. ) ;
#2666 = VECTOR ( 'NONE', #5564, 1000.000000000000000 ) ;
#2667 = FACE_OUTER_BOUND ( 'NONE', #307, .T. ) ;
#2668 = CARTESIAN_POINT ( 'NONE',  ( 4.999999999999999112, 4.000000000000003553, -95.50000000000000000 ) ) ;
#2669 = CARTESIAN_POINT ( 'NONE',  ( 190.0000000000000000, 385.7716446627536016, -95.50000000000000000 ) ) ;
#2670 = CARTESIAN_POINT ( 'NONE',  ( 190.0000000000000000, 0.000000000000000000, -5.000000000000000000 ) ) ;
#2671 = ORIENTED_EDGE ( 'NONE', *, *, #6244, .F. ) ;
#2672 = AXIS2_PLACEMENT_3D ( 'NONE', #1795, #6060, #1285 ) ;
#2673 = ORIENTED_EDGE ( 'NONE', *, *, #3402, .T. ) ;
#2674 = EDGE_CURVE ( 'NONE', #2152, #3869, #6768, .T. ) ;
#2675 = DIRECTION ( 'NONE',  ( 0.000000000000000000, 0.000000000000000000, -1.000000000000000000 ) ) ;
#2676 = ORIENTED_EDGE ( 'NONE', *, *, #4549, .T. ) ;
#2677 = CARTESIAN_POINT ( 'NONE',  ( 5.000000000000004441, 17.50000000000002842, -22.00000000000000355 ) ) ;
#2678 = AXIS2_PLACEMENT_3D ( 'NONE', #4160, #5629, #4657 ) ;
#2679 = EDGE_CURVE ( 'NONE', #2115, #857, #6895, .T. ) ;
#2680 = EDGE_CURVE ( 'NONE', #982, #1973, #2684, .T. ) ;
#2681 = ORIENTED_EDGE ( 'NONE', *, *, #1351, .T. ) ;
#2682 = EDGE_LOOP ( 'NONE', ( #6737, #4525, #2098, #192, #3152, #3153, #2045, #634, #4894, #2027, #2787, #5674, #468, #5772, #1267, #453, #6265, #2215, #5006, #4022, #5885, #4257, #1407, #2180 ) ) ;
#2683 = DIRECTION ( 'NONE',  ( 0.000000000000000000, -0.9396926207859097602, -0.3420201433256650492 ) ) ;
#2684 = LINE ( 'NONE', #5767, #2107 ) ;
#2685 = VECTOR ( 'NONE', #6069, 1000.000000000000000 ) ;
#2686 = ADVANCED_FACE ( 'NONE', ( #3667 ), #1112, .F. ) ;
#2687 = EDGE_CURVE ( 'NONE', #2747, #738, #986, .T. ) ;
#2688 = FACE_OUTER_BOUND ( 'NONE', #3412, .T. ) ;
#2689 = ORIENTED_EDGE ( 'NONE', *, *, #6327, .T. ) ;
#2690 = LINE ( 'NONE', #3881, #2846 ) ;
#2691 = FACE_OUTER_BOUND ( 'NONE', #5113, .T. ) ;
#2692 = ORIENTED_EDGE ( 'NONE', *, *, #984, .F. ) ;
#2693 = VERTEX_POINT ( 'NONE', #5319 ) ;
#2694 = DIRECTION ( 'NONE',  ( 0.000000000000000000, 0.000000000000000000, -1.000000000000000000 ) ) ;
#2695 = CARTESIAN_POINT ( 'NONE',  ( 172.5000000000000284, 7.000000000000000000, -5.000000000000004441 ) ) ;
#2696 = CARTESIAN_POINT ( 'NONE',  ( 172.5000000000000284, 3.000000000000000000, -24.25000000000006040 ) ) ;
#2697 = ADVANCED_FACE ( 'NONE', ( #568 ), #3244, .F. ) ;
#2698 = CARTESIAN_POINT ( 'NONE',  ( 188.2331615074618867, 101.2999999999999972, -10.00000000000003730 ) ) ;
#2699 = AXIS2_PLACEMENT_3D ( 'NONE', #4007, #2844, #1343 ) ;
#2700 = EDGE_LOOP ( 'NONE', ( #1914, #4945 ) ) ;
#2701 = DIRECTION ( 'NONE',  ( 1.000000000000000000, 0.000000000000000000, 0.000000000000000000 ) ) ;
#2702 = DIRECTION ( 'NONE',  ( 0.5000000000000013323, 0.000000000000000000, 0.8660254037844380415 ) ) ;
#2703 = CARTESIAN_POINT ( 'NONE',  ( 172.5000000000000284, 7.000000000000000000, -22.50000000000002132 ) ) ;
#2704 = VERTEX_POINT ( 'NONE', #5387 ) ;
#2705 = VERTEX_POINT ( 'NONE', #2159 ) ;
#2706 = DIRECTION ( 'NONE',  ( 0.000000000000000000, 1.000000000000000000, 0.000000000000000000 ) ) ;
#2707 = VECTOR ( 'NONE', #6106, 999.9999999999997726 ) ;
#2708 = CARTESIAN_POINT ( 'NONE',  ( 99.49999999999997158, 7.000000000000006217, -98.49999999999997158 ) ) ;
#2709 = ORIENTED_EDGE ( 'NONE', *, *, #6237, .F. ) ;
#2710 = DIRECTION ( 'NONE',  ( 0.000000000000000000, 0.000000000000000000, 1.000000000000000000 ) ) ;
#2711 = EDGE_CURVE ( 'NONE', #3945, #6245, #4864, .T. ) ;
#2712 = AXIS2_PLACEMENT_3D ( 'NONE', #2812, #1203, #2142 ) ;
#2713 = VERTEX_POINT ( 'NONE', #3110 ) ;
#2714 = ORIENTED_EDGE ( 'NONE', *, *, #2680, .T. ) ;
#2715 = AXIS2_PLACEMENT_3D ( 'NONE', #5495, #6612, #5606 ) ;
#2716 = LINE ( 'NONE', #5926, #5209 ) ;
#2717 = ORIENTED_EDGE ( 'NONE', *, *, #2732, .T. ) ;
#2718 = EDGE_CURVE ( 'NONE', #5763, #3869, #4269, .T. ) ;
#2719 = CIRCLE ( 'NONE', #6642, 1.000000000000000888 ) ;
#2720 = LINE ( 'NONE', #1598, #5960 ) ;
#2721 = CARTESIAN_POINT ( 'NONE',  ( 15.00000000000000000, 4.000000000000003553, -7.000000000000000000 ) ) ;
#2722 = CARTESIAN_POINT ( 'NONE',  ( 98.49999999999997158, 7.000000000000006217, -95.50000000000000000 ) ) ;
#2723 = AXIS2_PLACEMENT_3D ( 'NONE', #3203, #3652, #2675 ) ;
#2724 = CARTESIAN_POINT ( 'NONE',  ( 10.00000000000000178, 107.0000000000000000, -11.75000000000000888 ) ) ;
#2725 = ORIENTED_EDGE ( 'NONE', *, *, #4020, .F. ) ;
#2726 = AXIS2_PLACEMENT_3D ( 'NONE', #1507, #440, #2556 ) ;
#2727 = LINE ( 'NONE', #4867, #6654 ) ;
#2728 = AXIS2_PLACEMENT_3D ( 'NONE', #2768, #4906, #125 ) ;
#2729 = DIRECTION ( 'NONE',  ( -1.000000000000000000, 0.000000000000000000, 0.000000000000000000 ) ) ;
#2730 = ORIENTED_EDGE ( 'NONE', *, *, #4937, .T. ) ;
#2731 = VERTEX_POINT ( 'NONE', #2059 ) ;
#2732 = EDGE_CURVE ( 'NONE', #4616, #3689, #4794, .T. ) ;
#2733 = ADVANCED_FACE ( 'NONE', ( #1599 ), #2224, .T. ) ;
#2734 = DIRECTION ( 'NONE',  ( 0.000000000000000000, -1.000000000000000000, 0.000000000000000000 ) ) ;
#2735 = AXIS2_PLACEMENT_3D ( 'NONE', #5730, #463, #2647 ) ;
#2736 = CARTESIAN_POINT ( 'NONE',  ( 17.00000000000000000, 121.1421356237309510, -6.999999999999999112 ) ) ;
#2737 = CARTESIAN_POINT ( 'NONE',  ( 22.49999999999995026, 7.000000000000000000, -172.5000000000000000 ) ) ;
#2738 = VECTOR ( 'NONE', #4984, 1000.000000000000000 ) ;
#2739 = EDGE_LOOP ( 'NONE', ( #3313, #1638, #1990, #4259 ) ) ;
#2740 = DIRECTION ( 'NONE',  ( 0.000000000000000000, 0.000000000000000000, 1.000000000000000000 ) ) ;
#2741 = EDGE_CURVE ( 'NONE', #4144, #1289, #4209, .T. ) ;
#2742 = CIRCLE ( 'NONE', #5863, 1.000000000000000888 ) ;
#2743 = ORIENTED_EDGE ( 'NONE', *, *, #167, .T. ) ;
#2744 = DIRECTION ( 'NONE',  ( 1.000000000000000000, 0.000000000000000000, -0.000000000000000000 ) ) ;
#2745 = PLANE ( 'NONE',  #837 ) ;
#2746 = DIRECTION ( 'NONE',  ( -3.469446951953621091E-16, 0.000000000000000000, 1.000000000000000000 ) ) ;
#2747 = VERTEX_POINT ( 'NONE', #6650 ) ;
#2748 = EDGE_LOOP ( 'NONE', ( #3928, #5874, #865, #6513 ) ) ;
#2749 = ORIENTED_EDGE ( 'NONE', *, *, #6538, .F. ) ;
#2750 = CARTESIAN_POINT ( 'NONE',  ( 22.49999999999995026, 4.000000000000000000, -22.50000000000004619 ) ) ;
#2751 = LINE ( 'NONE', #1207, #4642 ) ;
#2752 = ORIENTED_EDGE ( 'NONE', *, *, #325, .T. ) ;
#2753 = CARTESIAN_POINT ( 'NONE',  ( 5.999999999999998224, 4.000000000000003553, -98.49999999999992895 ) ) ;
#2754 = EDGE_LOOP ( 'NONE', ( #505, #1058, #3084, #1931 ) ) ;
#2755 = EDGE_LOOP ( 'NONE', ( #4498, #3994, #1321, #5522 ) ) ;
#2756 = DIRECTION ( 'NONE',  ( 1.000000000000000000, 0.000000000000000000, 0.000000000000000000 ) ) ;
#2757 = EDGE_CURVE ( 'NONE', #166, #6044, #121, .T. ) ;
#2758 = VERTEX_POINT ( 'NONE', #4295 ) ;
#2759 = FACE_OUTER_BOUND ( 'NONE', #2562, .T. ) ;
#2760 = DIRECTION ( 'NONE',  ( 0.000000000000000000, 0.000000000000000000, -1.000000000000000000 ) ) ;
#2761 = DIRECTION ( 'NONE',  ( 0.000000000000000000, 0.000000000000000000, -1.000000000000000000 ) ) ;
#2762 = EDGE_LOOP ( 'NONE', ( #705, #627, #6425, #2637 ) ) ;
#2763 = DIRECTION ( 'NONE',  ( 0.000000000000000000, -1.000000000000000000, 0.000000000000000000 ) ) ;
#2764 = ADVANCED_FACE ( 'NONE', ( #6318 ), #5789, .F. ) ;
#2765 = CARTESIAN_POINT ( 'NONE',  ( 13.00000000000000355, 4.000000000000003553, -13.00000000000001066 ) ) ;
#2766 = ORIENTED_EDGE ( 'NONE', *, *, #2380, .F. ) ;
#2767 = ORIENTED_EDGE ( 'NONE', *, *, #3663, .F. ) ;
#2768 = CARTESIAN_POINT ( 'NONE',  ( 188.0000000000000000, 4.000000000000003553, -178.0000000000000000 ) ) ;
#2769 = CONICAL_SURFACE ( 'NONE', #6451, 5.000000000000004441, 0.3490658503988626760 ) ;
#2770 = DIRECTION ( 'NONE',  ( 0.000000000000000000, 0.000000000000000000, 1.000000000000000000 ) ) ;
#2771 = CYLINDRICAL_SURFACE ( 'NONE', #4523, 1.749999999999999778 ) ;
#2772 = EDGE_CURVE ( 'NONE', #6087, #1735, #6059, .T. ) ;
#2773 = EDGE_CURVE ( 'NONE', #3708, #4675, #6349, .T. ) ;
#2774 = CIRCLE ( 'NONE', #4333, 2.000000000000000000 ) ;
#2775 = DIRECTION ( 'NONE',  ( 0.000000000000000000, -1.000000000000000000, 0.000000000000000000 ) ) ;
#2776 = VERTEX_POINT ( 'NONE', #3931 ) ;
#2777 = CARTESIAN_POINT ( 'NONE',  ( 13.00000000000000355, 4.000000000000003553, -180.0000000000000000 ) ) ;
#2778 = CARTESIAN_POINT ( 'NONE',  ( 175.8578643762691058, 15.00000000000000000, -170.0000000000000000 ) ) ;
#2779 = VECTOR ( 'NONE', #6078, 1000.000000000000000 ) ;
#2780 = CARTESIAN_POINT ( 'NONE',  ( 13.00000000000000355, 107.0000000000000000, -182.0000000000000000 ) ) ;
#2781 = EDGE_CURVE ( 'NONE', #1913, #1119, #2887, .T. ) ;
#2782 = DIRECTION ( 'NONE',  ( 0.5000000000000012212, 0.000000000000000000, 0.8660254037844379305 ) ) ;
#2783 = ORIENTED_EDGE ( 'NONE', *, *, #1492, .T. ) ;
#2784 = FACE_OUTER_BOUND ( 'NONE', #5201, .T. ) ;
#2785 = AXIS2_PLACEMENT_3D ( 'NONE', #868, #2998, #5237 ) ;
#2786 = DIRECTION ( 'NONE',  ( 0.8660254037844379305, 0.000000000000000000, 0.5000000000000012212 ) ) ;
#2787 = ORIENTED_EDGE ( 'NONE', *, *, #4814, .T. ) ;
#2788 = CARTESIAN_POINT ( 'NONE',  ( 6.000000000000000000, 4.000000000000003553, -17.00000000000001421 ) ) ;
#2789 = LINE ( 'NONE', #4929, #4469 ) ;
#2790 = AXIS2_PLACEMENT_3D ( 'NONE', #3944, #3415, #3337 ) ;
#2791 = ORIENTED_EDGE ( 'NONE', *, *, #3467, .T. ) ;
#2792 = ORIENTED_EDGE ( 'NONE', *, *, #3704, .T. ) ;
#2793 = CIRCLE ( 'NONE', #6478, 1.750000000000015543 ) ;
#2794 = DIRECTION ( 'NONE',  ( -0.000000000000000000, -1.000000000000000000, -0.000000000000000000 ) ) ;
#2795 = DIRECTION ( 'NONE',  ( -0.000000000000000000, -1.000000000000000000, -0.000000000000000000 ) ) ;
#2796 = ADVANCED_FACE ( 'NONE', ( #5137, #6835 ), #3154, .T. ) ;
#2797 = VECTOR ( 'NONE', #870, 1000.000000000000000 ) ;
#2798 = ORIENTED_EDGE ( 'NONE', *, *, #4158, .T. ) ;
#2799 = DIRECTION ( 'NONE',  ( -0.000000000000000000, 1.000000000000000000, -0.000000000000000000 ) ) ;
#2800 = DIRECTION ( 'NONE',  ( -0.000000000000000000, 1.000000000000000000, -0.000000000000000000 ) ) ;
#2801 = VERTEX_POINT ( 'NONE', #5042 ) ;
#2802 = ORIENTED_EDGE ( 'NONE', *, *, #3496, .F. ) ;
#2803 = CARTESIAN_POINT ( 'NONE',  ( 24.11658075373082610, 0.000000000000000000, -175.3000000000000966 ) ) ;
#2804 = CARTESIAN_POINT ( 'NONE',  ( 22.49999999999995026, 7.000000000000000000, -16.95588093706478361 ) ) ;
#2805 = CARTESIAN_POINT ( 'NONE',  ( 189.0000000000000000, 4.000000000000003553, -95.50000000000000000 ) ) ;
#2806 = AXIS2_PLACEMENT_3D ( 'NONE', #2338, #668, #5899 ) ;
#2807 = PLANE ( 'NONE',  #5930 ) ;
#2808 = LINE ( 'NONE', #6790, #6800 ) ;
#2809 = EDGE_LOOP ( 'NONE', ( #2066, #6693, #4609, #5215 ) ) ;
#2810 = ADVANCED_FACE ( 'NONE', ( #2826 ), #3988, .F. ) ;
#2811 = DIRECTION ( 'NONE',  ( 1.000000000000000000, 0.000000000000000000, -1.453678890483358794E-17 ) ) ;
#2812 = CARTESIAN_POINT ( 'NONE',  ( 8.000000000000000000, 110.0000000000000000, -8.000000000000000000 ) ) ;
#2813 = AXIS2_PLACEMENT_3D ( 'NONE', #5552, #6555, #1239 ) ;
#2814 = CARTESIAN_POINT ( 'NONE',  ( 190.0000000000000000, 0.000000000000000000, -194.5000000000000000 ) ) ;
#2815 = DIRECTION ( 'NONE',  ( 1.000000000000000000, 0.000000000000000000, -1.224646799147353207E-16 ) ) ;
#2816 = CIRCLE ( 'NONE', #2251, 1.000000000000000888 ) ;
#2817 = DIRECTION ( 'NONE',  ( 0.000000000000000000, 0.000000000000000000, -1.000000000000000000 ) ) ;
#2818 = DIRECTION ( 'NONE',  ( 0.000000000000000000, -1.000000000000000000, 0.000000000000000000 ) ) ;
#2819 = VERTEX_POINT ( 'NONE', #5119 ) ;
#2820 = EDGE_CURVE ( 'NONE', #2017, #196, #5523, .T. ) ;
#2821 = EDGE_CURVE ( 'NONE', #2465, #6146, #3450, .T. ) ;
#2822 = CARTESIAN_POINT ( 'NONE',  ( 11.61658075373095400, 104.0000000000000000, -182.1999999999999886 ) ) ;
#2823 = ORIENTED_EDGE ( 'NONE', *, *, #2015, .F. ) ;
#2824 = VERTEX_POINT ( 'NONE', #1799 ) ;
#2825 = CIRCLE ( 'NONE', #49, 2.000000000000000000 ) ;
#2826 = FACE_OUTER_BOUND ( 'NONE', #2505, .T. ) ;
#2827 = EDGE_LOOP ( 'NONE', ( #4095, #533, #1840, #2749 ) ) ;
#2828 = EDGE_CURVE ( 'NONE', #6713, #442, #4513, .T. ) ;
#2829 = DIRECTION ( 'NONE',  ( 1.000000000000000000, 0.000000000000000000, 0.000000000000000000 ) ) ;
#2830 = AXIS2_PLACEMENT_3D ( 'NONE', #6448, #1648, #5914 ) ;
#2831 = AXIS2_PLACEMENT_3D ( 'NONE', #3778, #5903, #5394 ) ;
#2832 = EDGE_LOOP ( 'NONE', ( #5422, #3834, #1336, #4600 ) ) ;
#2833 = FACE_OUTER_BOUND ( 'NONE', #1790, .T. ) ;
#2834 = VECTOR ( 'NONE', #3059, 1000.000000000000000 ) ;
#2835 = CARTESIAN_POINT ( 'NONE',  ( 96.49999999999998579, 4.000000000000003553, -95.50000000000000000 ) ) ;
#2836 = ORIENTED_EDGE ( 'NONE', *, *, #600, .T. ) ;
#2837 = ORIENTED_EDGE ( 'NONE', *, *, #6587, .T. ) ;
#2838 = DIRECTION ( 'NONE',  ( -0.000000000000000000, 1.000000000000000000, -0.000000000000000000 ) ) ;
#2839 = DIRECTION ( 'NONE',  ( 0.000000000000000000, -0.000000000000000000, 1.000000000000000000 ) ) ;
#2840 = CARTESIAN_POINT ( 'NONE',  ( 190.0000000000000000, 4.000000000000003553, -99.50000000000000000 ) ) ;
#2841 = VECTOR ( 'NONE', #3480, 1000.000000000000114 ) ;
#2842 = CARTESIAN_POINT ( 'NONE',  ( 172.5000000000000284, 8.494954838909416495, -177.5000000000000284 ) ) ;
#2843 = AXIS2_PLACEMENT_3D ( 'NONE', #5757, #1553, #5127 ) ;
#2844 = DIRECTION ( 'NONE',  ( -0.000000000000000000, -1.000000000000000000, -0.000000000000000000 ) ) ;
#2845 = VERTEX_POINT ( 'NONE', #2867 ) ;
#2846 = VECTOR ( 'NONE', #52, 1000.000000000000000 ) ;
#2847 = ORIENTED_EDGE ( 'NONE', *, *, #2401, .T. ) ;
#2848 = EDGE_CURVE ( 'NONE', #2941, #1038, #4584, .T. ) ;
#2849 = CARTESIAN_POINT ( 'NONE',  ( 25.73316150746185471, 3.000000000000000000, -22.50000000000010303 ) ) ;
#2850 = CARTESIAN_POINT ( 'NONE',  ( 186.6165807537309433, 101.2999999999999972, -7.200000000000011724 ) ) ;
#2851 = CARTESIAN_POINT ( 'NONE',  ( 3.000000000000000000, 107.0000000000000000, -3.000000000000000000 ) ) ;
#2852 = DIRECTION ( 'NONE',  ( 0.000000000000000000, 1.000000000000000000, 0.000000000000000000 ) ) ;
#2853 = EDGE_CURVE ( 'NONE', #3682, #4675, #1288, .T. ) ;
#2854 = PRODUCT_DEFINITION_CONTEXT ( 'detailed design', #6742, 'design' ) ;
#2855 = ORIENTED_EDGE ( 'NONE', *, *, #2302, .F. ) ;
#2856 = VECTOR ( 'NONE', #3807, 1000.000000000000114 ) ;
#2857 = CARTESIAN_POINT ( 'NONE',  ( 10.00000000000000178, 104.0000000000000000, -8.250000000000007105 ) ) ;
#2858 = LINE ( 'NONE', #3301, #1297 ) ;
#2859 = LINE ( 'NONE', #6211, #503 ) ;
#2860 = ORIENTED_EDGE ( 'NONE', *, *, #3983, .T. ) ;
#2861 = CARTESIAN_POINT ( 'NONE',  ( 185.0000000000000000, 104.0000000000000000, -10.00000000000000888 ) ) ;
#2862 = AXIS2_PLACEMENT_3D ( 'NONE', #914, #4690, #3561 ) ;
#2863 = DIRECTION ( 'NONE',  ( -0.5000000000000003331, 0.000000000000000000, -0.8660254037844383745 ) ) ;
#2864 = ADVANCED_FACE ( 'NONE', ( #5079 ), #292, .F. ) ;
#2865 = ADVANCED_FACE ( 'NONE', ( #1878 ), #2009, .F. ) ;
#2866 = VERTEX_POINT ( 'NONE', #327 ) ;
#2867 = CARTESIAN_POINT ( 'NONE',  ( 178.0000000000000000, 3.000000000000000000, -189.0000000000000000 ) ) ;
#2868 = ORIENTED_EDGE ( 'NONE', *, *, #2240, .T. ) ;
#2869 = CARTESIAN_POINT ( 'NONE',  ( 96.49999999999997158, 7.000000000000006217, -195.0000000000000000 ) ) ;
#2870 = CARTESIAN_POINT ( 'NONE',  ( 99.49999999999997158, 4.000000000000003553, -95.50000000000000000 ) ) ;
#2871 = CARTESIAN_POINT ( 'NONE',  ( 185.0000000000000000, 101.2999999999999972, -183.2500000000000000 ) ) ;
#2872 = ADVANCED_FACE ( 'NONE', ( #4589, #5992, #1212, #185, #3340 ), #2297, .T. ) ;
#2873 = ORIENTED_EDGE ( 'NONE', *, *, #6408, .F. ) ;
#2874 = DIRECTION ( 'NONE',  ( 1.000000000000000000, 0.000000000000000000, 0.000000000000000000 ) ) ;
#2875 = CYLINDRICAL_SURFACE ( 'NONE', #1496, 1.000000000000000000 ) ;
#2876 = ORIENTED_EDGE ( 'NONE', *, *, #143, .F. ) ;
#2877 = ORIENTED_EDGE ( 'NONE', *, *, #1102, .F. ) ;
#2878 = CARTESIAN_POINT ( 'NONE',  ( 180.0000000000000000, 101.2999999999999972, -182.1999999999999886 ) ) ;
#2879 = DIRECTION ( 'NONE',  ( -0.4999999999999970024, 0.000000000000000000, 0.8660254037844404840 ) ) ;
#2880 = CARTESIAN_POINT ( 'NONE',  ( 95.50000000000000000, 3.000000000000000000, -6.000000000000000000 ) ) ;
#2881 = DIRECTION ( 'NONE',  ( 0.000000000000000000, 1.000000000000000000, 0.000000000000000000 ) ) ;
#2882 = CARTESIAN_POINT ( 'NONE',  ( 4.999999999999998224, 4.000000000000003553, -99.49999999999992895 ) ) ;
#2883 = ADVANCED_FACE ( 'NONE', ( #1249 ), #5977, .F. ) ;
#2884 = ORIENTED_EDGE ( 'NONE', *, *, #4494, .F. ) ;
#2885 = CARTESIAN_POINT ( 'NONE',  ( 10.00000000000000178, 92.00000000000000000, -186.7500000000000000 ) ) ;
#2886 = ORIENTED_EDGE ( 'NONE', *, *, #4754, .F. ) ;
#2887 = LINE ( 'NONE', #4421, #4909 ) ;
#2888 = CIRCLE ( 'NONE', #767, 1.000000000000000888 ) ;
#2889 = ORIENTED_EDGE ( 'NONE', *, *, #6382, .F. ) ;
#2890 = CARTESIAN_POINT ( 'NONE',  ( 22.49999999999995026, 7.000000000000000000, -22.50000000000004619 ) ) ;
#2891 = FACE_OUTER_BOUND ( 'NONE', #2081, .T. ) ;
#2892 = CYLINDRICAL_SURFACE ( 'NONE', #359, 1.000000000000000888 ) ;
#2893 = PLANE ( 'NONE',  #3590 ) ;
#2894 = EDGE_CURVE ( 'NONE', #416, #1719, #6477, .T. ) ;
#2895 =( NAMED_UNIT ( * ) PLANE_ANGLE_UNIT ( ) SI_UNIT ( $, .RADIAN. ) );
#2896 = DIRECTION ( 'NONE',  ( 0.4999999999999978351, 0.000000000000000000, 0.8660254037844399289 ) ) ;
#2897 = FACE_OUTER_BOUND ( 'NONE', #867, .T. ) ;
#2898 = EDGE_LOOP ( 'NONE', ( #4801, #2456, #3875, #17 ) ) ;
#2899 = DIRECTION ( 'NONE',  ( 0.000000000000000000, 0.000000000000000000, -1.000000000000000000 ) ) ;
#2900 = FACE_OUTER_BOUND ( 'NONE', #4473, .T. ) ;
#2901 = VECTOR ( 'NONE', #1893, 1000.000000000000000 ) ;
#2902 = AXIS2_PLACEMENT_3D ( 'NONE', #6367, #1574, #6334 ) ;
#2903 = EDGE_LOOP ( 'NONE', ( #5023, #4977, #1180, #3457 ) ) ;
#2904 = ORIENTED_EDGE ( 'NONE', *, *, #1322, .T. ) ;
#2905 = DIRECTION ( 'NONE',  ( 0.000000000000000000, 0.000000000000000000, 1.000000000000000000 ) ) ;
#2906 = CARTESIAN_POINT ( 'NONE',  ( 179.0000000000000000, 3.000000000000000000, -188.0000000000000000 ) ) ;
#2907 = EDGE_CURVE ( 'NONE', #1106, #3078, #1777, .T. ) ;
#2908 = CARTESIAN_POINT ( 'NONE',  ( 174.1165807537310570, 3.000000000000000000, -19.70000000000010587 ) ) ;
#2909 = ADVANCED_FACE ( 'NONE', ( #5470 ), #2391, .F. ) ;
#2910 = LINE ( 'NONE', #2483, #6152 ) ;
#2911 = ORIENTED_EDGE ( 'NONE', *, *, #5602, .T. ) ;
#2912 = CARTESIAN_POINT ( 'NONE',  ( 187.2944047413413955, 17.50000000000002842, -173.0000000000000000 ) ) ;
#2913 = VECTOR ( 'NONE', #988, 1000.000000000000000 ) ;
#2914 = CARTESIAN_POINT ( 'NONE',  ( 6.999999999999997335, 3.000000000000000000, -178.0000000000000000 ) ) ;
#2915 = ORIENTED_EDGE ( 'NONE', *, *, #3572, .F. ) ;
#2916 = ORIENTED_EDGE ( 'NONE', *, *, #3496, .T. ) ;
#2917 = DIRECTION ( 'NONE',  ( -1.000000000000000000, 0.000000000000000000, 3.469446951953621091E-16 ) ) ;
#2918 = EDGE_CURVE ( 'NONE', #6305, #5785, #3231, .T. ) ;
#2919 = EDGE_CURVE ( 'NONE', #3029, #1038, #6550, .T. ) ;
#2920 = CARTESIAN_POINT ( 'NONE',  ( 170.8834192462690851, 0.000000000000000000, -19.70000000000010587 ) ) ;
#2921 = DIRECTION ( 'NONE',  ( 0.4999999999999992784, 0.000000000000000000, -0.8660254037844390407 ) ) ;
#2922 = VECTOR ( 'NONE', #968, 1000.000000000000000 ) ;
#2923 = EDGE_LOOP ( 'NONE', ( #3044, #1071, #6500, #3939 ) ) ;
#2924 = CARTESIAN_POINT ( 'NONE',  ( 4.999999999999997335, 106.9999999999999858, -178.0000000000000000 ) ) ;
#2925 = ORIENTED_EDGE ( 'NONE', *, *, #2380, .T. ) ;
#2926 = VERTEX_POINT ( 'NONE', #5543 ) ;
#2927 = PLANE ( 'NONE',  #6571 ) ;
#2928 = DIRECTION ( 'NONE',  ( 0.000000000000000000, 1.000000000000000000, 0.000000000000000000 ) ) ;
#2929 = AXIS2_PLACEMENT_3D ( 'NONE', #5728, #622, #6483 ) ;
#2930 = CARTESIAN_POINT ( 'NONE',  ( 22.49999999999995026, 4.000000000000000000, -164.7997924617902470 ) ) ;
#2931 = DIRECTION ( 'NONE',  ( 3.469446951953621091E-16, 0.000000000000000000, -1.000000000000000000 ) ) ;
#2932 = DIRECTION ( 'NONE',  ( 0.000000000000000000, 1.000000000000000000, 0.000000000000000000 ) ) ;
#2933 = CARTESIAN_POINT ( 'NONE',  ( 98.49999999999995737, 4.000000000000003553, -190.0000000000000000 ) ) ;
#2934 = EDGE_LOOP ( 'NONE', ( #3912, #1626, #5663, #1187 ) ) ;
#2935 = DIRECTION ( 'NONE',  ( 3.469446951953621091E-16, 0.000000000000000000, -1.000000000000000000 ) ) ;
#2936 = LINE ( 'NONE', #2822, #352 ) ;
#2937 = EDGE_LOOP ( 'NONE', ( #4216, #4558, #5856, #3419 ) ) ;
#2938 = AXIS2_PLACEMENT_3D ( 'NONE', #723, #2852, #4995 ) ;
#2939 = VERTEX_POINT ( 'NONE', #790 ) ;
#2940 = CARTESIAN_POINT ( 'NONE',  ( 190.0000000000000000, 3.000000000000000000, -99.50000000000000000 ) ) ;
#2941 = VERTEX_POINT ( 'NONE', #2882 ) ;
#2942 = DIRECTION ( 'NONE',  ( 0.000000000000000000, 0.000000000000000000, -1.000000000000000000 ) ) ;
#2943 = DIRECTION ( 'NONE',  ( 1.000000000000000000, -0.000000000000000000, 0.000000000000000000 ) ) ;
#2944 = DIRECTION ( 'NONE',  ( -2.876225452396778467E-16, -0.000000000000000000, -1.000000000000000000 ) ) ;
#2945 = CIRCLE ( 'NONE', #1937, 2.000000000000000000 ) ;
#2946 = FACE_OUTER_BOUND ( 'NONE', #2898, .T. ) ;
#2947 = ORIENTED_EDGE ( 'NONE', *, *, #1967, .F. ) ;
#2948 = CARTESIAN_POINT ( 'NONE',  ( 3.000000000000000000, 110.0000000000000000, -187.0000000000000000 ) ) ;
#2949 = ADVANCED_FACE ( 'NONE', ( #1161, #1676, #5022, #3292, #3891, #4451 ), #1232, .F. ) ;
#2950 = LINE ( 'NONE', #5572, #4975 ) ;
#2951 = ORIENTED_EDGE ( 'NONE', *, *, #5650, .T. ) ;
#2952 = VERTEX_POINT ( 'NONE', #2242 ) ;
#2953 = CARTESIAN_POINT ( 'NONE',  ( 190.0000000000000000, 121.1421356237309510, -180.0000000000000000 ) ) ;
#2954 = CARTESIAN_POINT ( 'NONE',  ( 7.000000000000000000, 4.000000000000003553, -17.00000000000001421 ) ) ;
#2955 = CARTESIAN_POINT ( 'NONE',  ( 185.0000000000000000, 104.0000000000000000, -11.75000000000000888 ) ) ;
#2956 = AXIS2_PLACEMENT_3D ( 'NONE', #4156, #2639, #5813 ) ;
#2957 = ADVANCED_FACE ( 'NONE', ( #4382 ), #6511, .F. ) ;
#2958 = EDGE_CURVE ( 'NONE', #2926, #2351, #1896, .T. ) ;
#2959 = ORIENTED_EDGE ( 'NONE', *, *, #2642, .F. ) ;
#2960 = DIRECTION ( 'NONE',  ( 0.000000000000000000, 1.000000000000000000, 0.000000000000000000 ) ) ;
#2961 = VERTEX_POINT ( 'NONE', #4080 ) ;
#2962 = EDGE_LOOP ( 'NONE', ( #131, #5704, #3075, #880 ) ) ;
#2963 = VECTOR ( 'NONE', #4380, 999.9999999999998863 ) ;
#2964 = CARTESIAN_POINT ( 'NONE',  ( 172.5000000000000284, 4.000000000000000000, -172.5000000000000284 ) ) ;
#2965 = DIRECTION ( 'NONE',  ( 0.000000000000000000, 0.000000000000000000, 1.000000000000000000 ) ) ;
#2966 = CIRCLE ( 'NONE', #2614, 1.000000000000000888 ) ;
#2967 = DIRECTION ( 'NONE',  ( 0.000000000000000000, 0.000000000000000000, 1.000000000000000000 ) ) ;
#2968 = EDGE_CURVE ( 'NONE', #488, #2383, #4113, .T. ) ;
#2969 = CIRCLE ( 'NONE', #5955, 1.000000000000000888 ) ;
#2970 = DIRECTION ( 'NONE',  ( 0.000000000000000000, 0.000000000000000000, -1.000000000000000000 ) ) ;
#2971 = LINE ( 'NONE', #2504, #4512 ) ;
#2972 = VECTOR ( 'NONE', #3849, 1000.000000000000000 ) ;
#2973 = ORIENTED_EDGE ( 'NONE', *, *, #1824, .F. ) ;
#2974 = LINE ( 'NONE', #6714, #2841 ) ;
#2975 = CIRCLE ( 'NONE', #1171, 7.700207538209768998 ) ;
#2976 = DIRECTION ( 'NONE',  ( 0.000000000000000000, 0.000000000000000000, 1.000000000000000000 ) ) ;
#2977 = CIRCLE ( 'NONE', #5534, 1.000000000000000888 ) ;
#2978 = VERTEX_POINT ( 'NONE', #4302 ) ;
#2979 = DIRECTION ( 'NONE',  ( 0.000000000000000000, 1.000000000000000000, 0.000000000000000000 ) ) ;
#2980 = ORIENTED_EDGE ( 'NONE', *, *, #4742, .F. ) ;
#2981 = TOROIDAL_SURFACE ( 'NONE', #2291, 3.000000000000000000, 1.000000000000000000 ) ;
#2982 = SPHERICAL_SURFACE ( 'NONE', #1611, 1.000000000000000000 ) ;
#2983 = CARTESIAN_POINT ( 'NONE',  ( 0.000000000000000000, 110.0000000000000000, -195.0000000000000000 ) ) ;
#2984 = CYLINDRICAL_SURFACE ( 'NONE', #3489, 2.000000000000001776 ) ;
#2985 = DIRECTION ( 'NONE',  ( 1.438112726198389233E-16, -0.000000000000000000, 1.000000000000000000 ) ) ;
#2986 = CIRCLE ( 'NONE', #866, 1.000000000000000888 ) ;
#2987 = EDGE_CURVE ( 'NONE', #2978, #5053, #4248, .T. ) ;
#2988 = DIRECTION ( 'NONE',  ( 0.000000000000000000, -1.000000000000000000, 0.000000000000000000 ) ) ;
#2989 = DIRECTION ( 'NONE',  ( 0.000000000000000000, 1.000000000000000000, 0.000000000000000000 ) ) ;
#2990 = ORIENTED_EDGE ( 'NONE', *, *, #3742, .T. ) ;
#2991 = ORIENTED_EDGE ( 'NONE', *, *, #148, .T. ) ;
#2992 = DIRECTION ( 'NONE',  ( 0.000000000000000000, 0.000000000000000000, -1.000000000000000000 ) ) ;
#2993 = DIRECTION ( 'NONE',  ( 0.000000000000000000, 0.000000000000000000, 1.000000000000000000 ) ) ;
#2994 = CARTESIAN_POINT ( 'NONE',  ( 188.0000000000000000, 4.000000000000003553, -180.0000000000000000 ) ) ;
#2995 = EDGE_CURVE ( 'NONE', #488, #227, #796, .T. ) ;
#2996 = FACE_OUTER_BOUND ( 'NONE', #2245, .T. ) ;
#2997 = ORIENTED_EDGE ( 'NONE', *, *, #3936, .T. ) ;
#2998 = DIRECTION ( 'NONE',  ( 0.8660254037844403729, 0.000000000000000000, -0.4999999999999970579 ) ) ;
#2999 = CARTESIAN_POINT ( 'NONE',  ( 17.00000000000001421, 4.000000000000003553, -190.0000000000000000 ) ) ;
#3000 = EDGE_CURVE ( 'NONE', #2776, #1248, #6288, .T. ) ;
#3001 = EDGE_CURVE ( 'NONE', #6834, #3764, #5900, .T. ) ;
#3002 = CARTESIAN_POINT ( 'NONE',  ( 22.49999999999995026, 3.000000000000000000, -22.50000000000004619 ) ) ;
#3003 = AXIS2_PLACEMENT_3D ( 'NONE', #3560, #362, #943 ) ;
#3004 = CARTESIAN_POINT ( 'NONE',  ( 22.49999999999995026, 7.000000000000000000, -22.50000000000004619 ) ) ;
#3005 = LINE ( 'NONE', #3516, #4727 ) ;
#3006 = ORIENTED_EDGE ( 'NONE', *, *, #6852, .F. ) ;
#3007 = DIRECTION ( 'NONE',  ( 1.000000000000000000, 0.000000000000000000, 0.000000000000000000 ) ) ;
#3008 = EDGE_CURVE ( 'NONE', #5682, #1651, #1115, .T. ) ;
#3009 = ORIENTED_EDGE ( 'NONE', *, *, #527, .F. ) ;
#3010 = ORIENTED_EDGE ( 'NONE', *, *, #4588, .T. ) ;
#3011 = DIRECTION ( 'NONE',  ( -0.8660254037844403729, -0.000000000000000000, 0.4999999999999970579 ) ) ;
#3012 = LINE ( 'NONE', #1960, #2414 ) ;
#3013 = CARTESIAN_POINT ( 'NONE',  ( 174.1165807537310002, 3.000000000000000000, -175.3000000000000682 ) ) ;
#3014 = ADVANCED_FACE ( 'NONE', ( #2688 ), #2462, .T. ) ;
#3015 = CIRCLE ( 'NONE', #894, 2.000000000000001776 ) ;
#3016 = DIRECTION ( 'NONE',  ( 0.000000000000000000, 0.000000000000000000, -1.000000000000000000 ) ) ;
#3017 = ORIENTED_EDGE ( 'NONE', *, *, #498, .F. ) ;
#3018 = ORIENTED_EDGE ( 'NONE', *, *, #3657, .F. ) ;
#3019 = LINE ( 'NONE', #5050, #6770 ) ;
#3020 = ORIENTED_EDGE ( 'NONE', *, *, #6195, .T. ) ;
#3021 = ORIENTED_EDGE ( 'NONE', *, *, #4961, .T. ) ;
#3022 = AXIS2_PLACEMENT_3D ( 'NONE', #5005, #2373, #811 ) ;
#3023 = FACE_OUTER_BOUND ( 'NONE', #250, .T. ) ;
#3024 = DIRECTION ( 'NONE',  ( 0.000000000000000000, 1.000000000000000000, 0.000000000000000000 ) ) ;
#3025 = DIRECTION ( 'NONE',  ( 1.453678890483358486E-17, 0.000000000000000000, 1.000000000000000000 ) ) ;
#3026 = VERTEX_POINT ( 'NONE', #4211 ) ;
#3027 = DIRECTION ( 'NONE',  ( -0.000000000000000000, -1.000000000000000000, -0.000000000000000000 ) ) ;
#3028 = ORIENTED_EDGE ( 'NONE', *, *, #4796, .T. ) ;
#3029 = VERTEX_POINT ( 'NONE', #5391 ) ;
#3030 = DIRECTION ( 'NONE',  ( 0.000000000000000000, 0.000000000000000000, -1.000000000000000000 ) ) ;
#3031 = DIRECTION ( 'NONE',  ( 1.453678890483358486E-17, 0.000000000000000000, 1.000000000000000000 ) ) ;
#3032 = CARTESIAN_POINT ( 'NONE',  ( 0.000000000000000000, 110.0000000000000000, -5.000000000000000000 ) ) ;
#3033 = CARTESIAN_POINT ( 'NONE',  ( 172.5000000000000284, 7.000000000000000000, -172.5000000000000284 ) ) ;
#3034 = EDGE_CURVE ( 'NONE', #2256, #6453, #2340, .T. ) ;
#3035 = ORIENTED_EDGE ( 'NONE', *, *, #1421, .F. ) ;
#3036 = CARTESIAN_POINT ( 'NONE',  ( 95.49999999999998579, 7.000000000000006217, -96.50000000000000000 ) ) ;
#3037 = VECTOR ( 'NONE', #1132, 1000.000000000000000 ) ;
#3038 = EDGE_LOOP ( 'NONE', ( #3367, #5080, #3167, #4105 ) ) ;
#3039 = EDGE_CURVE ( 'NONE', #779, #4645, #536, .T. ) ;
#3040 = EDGE_CURVE ( 'NONE', #4817, #594, #5255, .T. ) ;
#3041 = LINE ( 'NONE', #1460, #5989 ) ;
#3042 = LINE ( 'NONE', #1494, #4544 ) ;
#3043 = VECTOR ( 'NONE', #1781, 1000.000000000000000 ) ;
#3044 = ORIENTED_EDGE ( 'NONE', *, *, #4677, .T. ) ;
#3045 = FACE_OUTER_BOUND ( 'NONE', #4760, .T. ) ;
#3046 = EDGE_CURVE ( 'NONE', #6305, #3052, #4805, .T. ) ;
#3047 = ORIENTED_EDGE ( 'NONE', *, *, #3550, .F. ) ;
#3048 = CARTESIAN_POINT ( 'NONE',  ( 98.49999999999997158, 4.000000000000003553, -99.49999999999997158 ) ) ;
#3049 = DIRECTION ( 'NONE',  ( -1.000000000000000000, -0.000000000000000000, 0.000000000000000000 ) ) ;
#3050 = CARTESIAN_POINT ( 'NONE',  ( 0.000000000000000000, 110.0000000000000000, -195.0000000000000000 ) ) ;
#3051 = DIRECTION ( 'NONE',  ( 0.000000000000000000, 1.000000000000000000, 0.000000000000000000 ) ) ;
#3052 = VERTEX_POINT ( 'NONE', #3739 ) ;
#3053 = CIRCLE ( 'NONE', #3603, 6.760514917423826375 ) ;
#3054 = DIRECTION ( 'NONE',  ( 0.000000000000000000, 0.000000000000000000, -1.000000000000000000 ) ) ;
#3055 = ORIENTED_EDGE ( 'NONE', *, *, #561, .F. ) ;
#3056 = ORIENTED_EDGE ( 'NONE', *, *, #6840, .F. ) ;
#3057 = DIRECTION ( 'NONE',  ( 0.000000000000000000, -1.000000000000000000, 0.000000000000000000 ) ) ;
#3058 = DIRECTION ( 'NONE',  ( 0.000000000000000000, 0.000000000000000000, -1.000000000000000000 ) ) ;
#3059 = DIRECTION ( 'NONE',  ( -0.000000000000000000, -0.000000000000000000, 1.000000000000000000 ) ) ;
#3060 = VECTOR ( 'NONE', #4320, 1000.000000000000000 ) ;
#3061 = DIRECTION ( 'NONE',  ( 4.188538737676946775E-17, -0.9396926207859097602, 0.3420201433256650492 ) ) ;
#3062 = ADVANCED_FACE ( 'NONE', ( #5284 ), #1633, .F. ) ;
#3063 = CARTESIAN_POINT ( 'NONE',  ( 0.000000000000000000, 12.50000000000002842, -173.0000000000000000 ) ) ;
#3064 = TOROIDAL_SURFACE ( 'NONE', #1946, 1.000000000000000000, 1.000000000000000000 ) ;
#3065 = ORIENTED_EDGE ( 'NONE', *, *, #1595, .T. ) ;
#3066 = AXIS2_PLACEMENT_3D ( 'NONE', #5414, #4891, #108 ) ;
#3067 = CARTESIAN_POINT ( 'NONE',  ( 188.0000000000000000, 3.000000000000000000, -16.00000000000001421 ) ) ;
#3068 = DIRECTION ( 'NONE',  ( 0.000000000000000000, 1.000000000000000000, 0.000000000000000000 ) ) ;
#3069 = ORIENTED_EDGE ( 'NONE', *, *, #4058, .T. ) ;
#3070 = DIRECTION ( 'NONE',  ( -0.000000000000000000, 1.000000000000000000, -0.000000000000000000 ) ) ;
#3071 = VECTOR ( 'NONE', #6497, 1000.000000000000000 ) ;
#3072 = ADVANCED_FACE ( 'NONE', ( #5869 ), #3668, .T. ) ;
#3073 = EDGE_CURVE ( 'NONE', #6684, #6784, #904, .T. ) ;
#3074 = CARTESIAN_POINT ( 'NONE',  ( 20.88341924626897494, 3.000000000000000000, -175.3000000000000682 ) ) ;
#3075 = ORIENTED_EDGE ( 'NONE', *, *, #6048, .T. ) ;
#3076 = CARTESIAN_POINT ( 'NONE',  ( 99.49999999999995737, 4.000000000000000000, -189.0000000000000000 ) ) ;
#3077 = TOROIDAL_SURFACE ( 'NONE', #3526, 7.700207538209747682, 1.000000000000000000 ) ;
#3078 = VERTEX_POINT ( 'NONE', #4172 ) ;
#3079 = LINE ( 'NONE', #3697, #958 ) ;
#3080 = CYLINDRICAL_SURFACE ( 'NONE', #111, 1.000000000000000888 ) ;
#3081 = EDGE_CURVE ( 'NONE', #4484, #5932, #2585, .T. ) ;
#3082 = VECTOR ( 'NONE', #2896, 1000.000000000000227 ) ;
#3083 = DIRECTION ( 'NONE',  ( 0.8660254037844403729, 0.000000000000000000, 0.4999999999999970579 ) ) ;
#3084 = ORIENTED_EDGE ( 'NONE', *, *, #6677, .T. ) ;
#3085 = CARTESIAN_POINT ( 'NONE',  ( 22.49999999999995026, 7.000000000000000000, -22.50000000000004619 ) ) ;
#3086 = DIRECTION ( 'NONE',  ( 1.000000000000000000, -0.000000000000000000, 0.000000000000000000 ) ) ;
#3087 = EDGE_LOOP ( 'NONE', ( #473, #3427, #5484, #5000 ) ) ;
#3088 = ORIENTED_EDGE ( 'NONE', *, *, #1184, .T. ) ;
#3089 = DIRECTION ( 'NONE',  ( 0.000000000000000000, 0.000000000000000000, -1.000000000000000000 ) ) ;
#3090 = CARTESIAN_POINT ( 'NONE',  ( 24.11658075373088295, 3.000000000000000000, -169.7000000000000739 ) ) ;
#3091 = LINE ( 'NONE', #5238, #2051 ) ;
#3092 = CARTESIAN_POINT ( 'NONE',  ( 188.2331615074618867, 104.0000000000000000, -10.00000000000003730 ) ) ;
#3093 = DIRECTION ( 'NONE',  ( 0.000000000000000000, 0.000000000000000000, -1.000000000000000000 ) ) ;
#3094 = ORIENTED_EDGE ( 'NONE', *, *, #4276, .F. ) ;
#3095 = CYLINDRICAL_SURFACE ( 'NONE', #5515, 1.000000000000000888 ) ;
#3096 = EDGE_CURVE ( 'NONE', #5134, #6493, #3700, .T. ) ;
#3097 = VERTEX_POINT ( 'NONE', #3996 ) ;
#3098 = ORIENTED_EDGE ( 'NONE', *, *, #5009, .T. ) ;
#3099 = CARTESIAN_POINT ( 'NONE',  ( 5.999999999999999112, 7.000000000000006217, -96.50000000000000000 ) ) ;
#3100 = DIRECTION ( 'NONE',  ( 0.000000000000000000, 0.000000000000000000, -1.000000000000000000 ) ) ;
#3101 = AXIS2_PLACEMENT_3D ( 'NONE', #1244, #6598, #2366 ) ;
#3102 = LINE ( 'NONE', #490, #3189 ) ;
#3103 = ORIENTED_EDGE ( 'NONE', *, *, #3627, .F. ) ;
#3104 = CARTESIAN_POINT ( 'NONE',  ( 13.00000000000000355, 4.000000000000003553, -15.00000000000001421 ) ) ;
#3105 = EDGE_LOOP ( 'NONE', ( #643, #2396, #3308, #3872 ) ) ;
#3106 = EDGE_CURVE ( 'NONE', #2845, #4704, #303, .T. ) ;
#3107 = EDGE_CURVE ( 'NONE', #2334, #3449, #1927, .T. ) ;
#3108 = PLANE ( 'NONE',  #5211 ) ;
#3109 = LINE ( 'NONE', #5963, #4956 ) ;
#3110 = CARTESIAN_POINT ( 'NONE',  ( 8.383419246269063763, 104.0000000000000000, -187.7999999999999829 ) ) ;
#3111 = CARTESIAN_POINT ( 'NONE',  ( 172.5000000000000284, 8.494954838909416495, -167.5000000000000000 ) ) ;
#3112 = ORIENTED_EDGE ( 'NONE', *, *, #1435, .F. ) ;
#3113 = CARTESIAN_POINT ( 'NONE',  ( 190.0000000000000000, 0.5000000000000281997, -195.0000000000000000 ) ) ;
#3114 = AXIS2_PLACEMENT_3D ( 'NONE', #4947, #1813, #1705 ) ;
#3115 = VECTOR ( 'NONE', #5263, 1000.000000000000000 ) ;
#3116 = CARTESIAN_POINT ( 'NONE',  ( 95.49999999999998579, 4.000000000000003553, -95.50000000000000000 ) ) ;
#3117 = ORIENTED_EDGE ( 'NONE', *, *, #3196, .T. ) ;
#3118 = ORIENTED_EDGE ( 'NONE', *, *, #5117, .F. ) ;
#3119 = ADVANCED_FACE ( 'NONE', ( #252 ), #6600, .F. ) ;
#3120 = ADVANCED_FACE ( 'NONE', ( #2900 ), #1320, .F. ) ;
#3121 = DIRECTION ( 'NONE',  ( 0.000000000000000000, -0.000000000000000000, -1.000000000000000000 ) ) ;
#3122 = PLANE ( 'NONE',  #2327 ) ;
#3123 = CARTESIAN_POINT ( 'NONE',  ( 180.0000000000000000, 4.000000000000003553, -7.000000000000000000 ) ) ;
#3124 = DIRECTION ( 'NONE',  ( -1.000000000000000000, 0.000000000000000000, -3.469446951953622077E-16 ) ) ;
#3125 = AXIS2_PLACEMENT_3D ( 'NONE', #3356, #4911, #129 ) ;
#3126 = DIRECTION ( 'NONE',  ( 0.000000000000000000, 0.000000000000000000, -1.000000000000000000 ) ) ;
#3127 = EDGE_CURVE ( 'NONE', #4445, #3723, #4551, .T. ) ;
#3128 = VERTEX_POINT ( 'NONE', #5559 ) ;
#3129 = LINE ( 'NONE', #1293, #5133 ) ;
#3130 = DIRECTION ( 'NONE',  ( 0.000000000000000000, 0.000000000000000000, 1.000000000000000000 ) ) ;
#3131 = CIRCLE ( 'NONE', #4041, 5.000000000000000888 ) ;
#3132 = ORIENTED_EDGE ( 'NONE', *, *, #2987, .T. ) ;
#3133 = ORIENTED_EDGE ( 'NONE', *, *, #1690, .F. ) ;
#3134 = CARTESIAN_POINT ( 'NONE',  ( 0.5000000000000004441, 0.000000000000000000, -5.000000000000000000 ) ) ;
#3135 = EDGE_LOOP ( 'NONE', ( #4887, #3251, #6254, #1154 ) ) ;
#3136 = CARTESIAN_POINT ( 'NONE',  ( 15.00000000000000178, 104.0000000000000000, -182.1999999999999886 ) ) ;
#3137 = CARTESIAN_POINT ( 'NONE',  ( 17.00000000000001421, 4.000000000000003553, -188.0000000000000000 ) ) ;
#3138 = CIRCLE ( 'NONE', #2806, 1.750000000000001554 ) ;
#3139 = VERTEX_POINT ( 'NONE', #6641 ) ;
#3140 = DIRECTION ( 'NONE',  ( 0.7071067811865672237, -0.7071067811865279218, 0.000000000000000000 ) ) ;
#3141 = EDGE_CURVE ( 'NONE', #1587, #411, #3446, .T. ) ;
#3142 = ORIENTED_EDGE ( 'NONE', *, *, #3705, .T. ) ;
#3143 = LINE ( 'NONE', #2091, #4202 ) ;
#3144 = DIRECTION ( 'NONE',  ( 0.000000000000000000, 0.000000000000000000, -1.000000000000000000 ) ) ;
#3145 = DIRECTION ( 'NONE',  ( 1.438112726198389233E-16, 0.000000000000000000, 1.000000000000000000 ) ) ;
#3146 = ADVANCED_FACE ( 'NONE', ( #4394 ), #3907, .F. ) ;
#3147 = DIRECTION ( 'NONE',  ( 0.000000000000000000, 0.000000000000000000, -1.000000000000000000 ) ) ;
#3148 = ORIENTED_EDGE ( 'NONE', *, *, #6481, .T. ) ;
#3149 = DIRECTION ( 'NONE',  ( -1.453678890483358486E-17, 0.000000000000000000, -1.000000000000000000 ) ) ;
#3150 = VECTOR ( 'NONE', #3505, 999.9999999999997726 ) ;
#3151 = CARTESIAN_POINT ( 'NONE',  ( 5.999999999999998224, 282.7716446627535447, -98.49999999999992895 ) ) ;
#3152 = ORIENTED_EDGE ( 'NONE', *, *, #3572, .T. ) ;
#3153 = ORIENTED_EDGE ( 'NONE', *, *, #2587, .T. ) ;
#3154 = PLANE ( 'NONE',  #1216 ) ;
#3155 = CARTESIAN_POINT ( 'NONE',  ( 5.000000000000000000, 385.7716446627536016, -17.00000000000001421 ) ) ;
#3156 = LINE ( 'NONE', #1479, #1723 ) ;
#3157 = CARTESIAN_POINT ( 'NONE',  ( 17.00000000000000000, 106.9999999999999858, -5.000000000000000000 ) ) ;
#3158 = PLANE ( 'NONE',  #3614 ) ;
#3159 = EDGE_CURVE ( 'NONE', #2271, #980, #4431, .T. ) ;
#3160 = EDGE_CURVE ( 'NONE', #1726, #328, #5699, .T. ) ;
#3161 = AXIS2_PLACEMENT_3D ( 'NONE', #4615, #4465, #6131 ) ;
#3162 = ORIENTED_EDGE ( 'NONE', *, *, #777, .T. ) ;
#3163 = AXIS2_PLACEMENT_3D ( 'NONE', #3975, #3403, #2965 ) ;
#3164 = DIRECTION ( 'NONE',  ( 0.000000000000000000, 0.000000000000000000, -1.000000000000000000 ) ) ;
#3165 = CARTESIAN_POINT ( 'NONE',  ( 5.000000000000000000, 110.0000000000000000, -190.0000000000000000 ) ) ;
#3166 = EDGE_CURVE ( 'NONE', #3461, #5395, #6563, .T. ) ;
#3167 = ORIENTED_EDGE ( 'NONE', *, *, #4566, .F. ) ;
#3168 = ORIENTED_EDGE ( 'NONE', *, *, #3904, .T. ) ;
#3169 = VECTOR ( 'NONE', #3254, 1000.000000000000000 ) ;
#3170 = CARTESIAN_POINT ( 'NONE',  ( 15.00000000000000355, 4.000000000000003553, -13.00000000000001066 ) ) ;
#3171 = ORIENTED_EDGE ( 'NONE', *, *, #3481, .F. ) ;
#3172 = LINE ( 'NONE', #11, #4206 ) ;
#3173 = CIRCLE ( 'NONE', #2055, 1.000000000000000888 ) ;
#3174 = AXIS2_PLACEMENT_3D ( 'NONE', #6314, #457, #4720 ) ;
#3175 = ORIENTED_EDGE ( 'NONE', *, *, #5379, .T. ) ;
#3176 = CARTESIAN_POINT ( 'NONE',  ( 194.5000000000000000, 0.000000000000000000, -190.0000000000000000 ) ) ;
#3177 = TOROIDAL_SURFACE ( 'NONE', #2060, 7.700207538209768998, 1.000000000000000000 ) ;
#3178 = ORIENTED_EDGE ( 'NONE', *, *, #3364, .F. ) ;
#3179 = DIRECTION ( 'NONE',  ( 0.000000000000000000, 0.000000000000000000, 1.000000000000000000 ) ) ;
#3180 = DIRECTION ( 'NONE',  ( -0.000000000000000000, 1.000000000000000000, -0.000000000000000000 ) ) ;
#3181 = EDGE_CURVE ( 'NONE', #1651, #3494, #1838, .T. ) ;
#3182 = DIRECTION ( 'NONE',  ( 0.000000000000000000, -1.000000000000000000, 0.000000000000000000 ) ) ;
#3183 = VERTEX_POINT ( 'NONE', #1874 ) ;
#3184 = AXIS2_PLACEMENT_3D ( 'NONE', #4268, #4300, #6429 ) ;
#3185 = CARTESIAN_POINT ( 'NONE',  ( 172.5000000000000284, 3.000000000000000000, -22.50000000000002132 ) ) ;
#3186 = ORIENTED_EDGE ( 'NONE', *, *, #6202, .T. ) ;
#3187 = ORIENTED_EDGE ( 'NONE', *, *, #3550, .T. ) ;
#3188 = DIRECTION ( 'NONE',  ( -0.000000000000000000, 1.000000000000000000, 0.000000000000000000 ) ) ;
#3189 = VECTOR ( 'NONE', #2578, 999.9999999999998863 ) ;
#3190 = FACE_OUTER_BOUND ( 'NONE', #2739, .T. ) ;
#3191 = FACE_OUTER_BOUND ( 'NONE', #2827, .T. ) ;
#3192 = EDGE_CURVE ( 'NONE', #4785, #1593, #2936, .T. ) ;
#3193 = VECTOR ( 'NONE', #4003, 1000.000000000000000 ) ;
#3194 = DIRECTION ( 'NONE',  ( -0.000000000000000000, -0.000000000000000000, -1.000000000000000000 ) ) ;
#3195 = VERTEX_POINT ( 'NONE', #5451 ) ;
#3196 = EDGE_CURVE ( 'NONE', #6653, #10, #4019, .T. ) ;
#3197 = EDGE_CURVE ( 'NONE', #906, #3848, #6134, .T. ) ;
#3198 = DIRECTION ( 'NONE',  ( 0.000000000000000000, -1.000000000000000000, 0.000000000000000000 ) ) ;
#3199 = DIRECTION ( 'NONE',  ( 0.000000000000000000, 0.000000000000000000, -1.000000000000000000 ) ) ;
#3200 = DIRECTION ( 'NONE',  ( -1.438112726198388987E-16, 0.000000000000000000, -1.000000000000000000 ) ) ;
#3201 = VERTEX_POINT ( 'NONE', #660 ) ;
#3202 = ORIENTED_EDGE ( 'NONE', *, *, #5687, .F. ) ;
#3203 = CARTESIAN_POINT ( 'NONE',  ( 185.0000000000000000, 107.0000000000000000, -10.00000000000000888 ) ) ;
#3204 = EDGE_LOOP ( 'NONE', ( #1155, #4373, #6540, #6459 ) ) ;
#3205 = EDGE_CURVE ( 'NONE', #3779, #6018, #2789, .T. ) ;
#3206 = DIRECTION ( 'NONE',  ( -0.000000000000000000, -1.000000000000000000, -0.000000000000000000 ) ) ;
#3207 = ORIENTED_EDGE ( 'NONE', *, *, #3635, .F. ) ;
#3208 = AXIS2_PLACEMENT_3D ( 'NONE', #2983, #1547, #4883 ) ;
#3209 = ORIENTED_EDGE ( 'NONE', *, *, #1363, .T. ) ;
#3210 = CARTESIAN_POINT ( 'NONE',  ( 188.2331615074618867, 104.0000000000000000, -184.9999999999999716 ) ) ;
#3211 = DIRECTION ( 'NONE',  ( 0.000000000000000000, 0.000000000000000000, -1.000000000000000000 ) ) ;
#3212 = VECTOR ( 'NONE', #1618, 1000.000000000000000 ) ;
#3213 = DIRECTION ( 'NONE',  ( 0.000000000000000000, 0.000000000000000000, -1.000000000000000000 ) ) ;
#3214 = EDGE_LOOP ( 'NONE', ( #4398, #1652 ) ) ;
#3215 = FACE_OUTER_BOUND ( 'NONE', #3357, .T. ) ;
#3216 = DIRECTION ( 'NONE',  ( 0.000000000000000000, 0.000000000000000000, -1.000000000000000000 ) ) ;
#3217 = EDGE_LOOP ( 'NONE', ( #5993, #5991, #1816 ) ) ;
#3218 = ORIENTED_EDGE ( 'NONE', *, *, #4919, .F. ) ;
#3219 = LINE ( 'NONE', #6507, #4980 ) ;
#3220 = DIRECTION ( 'NONE',  ( -0.000000000000000000, -0.000000000000000000, -1.000000000000000000 ) ) ;
#3221 = DIRECTION ( 'NONE',  ( 1.000000000000000000, -0.000000000000000000, -0.000000000000000000 ) ) ;
#3222 = LINE ( 'NONE', #63, #4706 ) ;
#3223 = CIRCLE ( 'NONE', #1999, 2.000000000000001776 ) ;
#3224 = LINE ( 'NONE', #1577, #1035 ) ;
#3225 = VERTEX_POINT ( 'NONE', #6526 ) ;
#3226 = VECTOR ( 'NONE', #3145, 1000.000000000000000 ) ;
#3227 = LINE ( 'NONE', #584, #3892 ) ;
#3228 = DIRECTION ( 'NONE',  ( 0.000000000000000000, -1.000000000000000000, 0.000000000000000000 ) ) ;
#3229 = CARTESIAN_POINT ( 'NONE',  ( 190.0000000000000000, 106.9999999999999858, -8.000000000000000000 ) ) ;
#3230 = ORIENTED_EDGE ( 'NONE', *, *, #1077, .F. ) ;
#3231 = CIRCLE ( 'NONE', #5254, 1.000000000000000888 ) ;
#3232 = EDGE_CURVE ( 'NONE', #5134, #3267, #3871, .T. ) ;
#3233 = ORIENTED_EDGE ( 'NONE', *, *, #236, .F. ) ;
#3234 = CARTESIAN_POINT ( 'NONE',  ( 195.0000000000000000, 0.5000000000000281997, -190.0000000000000000 ) ) ;
#3235 = LINE ( 'NONE', #4816, #4527 ) ;
#3236 = VERTEX_POINT ( 'NONE', #3373 ) ;
#3237 = CARTESIAN_POINT ( 'NONE',  ( 5.000000000000007105, 12.50000000000002842, -21.99999999999999289 ) ) ;
#3238 = CIRCLE ( 'NONE', #3803, 2.000000000000001776 ) ;
#3239 = EDGE_CURVE ( 'NONE', #5065, #1930, #733, .T. ) ;
#3240 = EDGE_CURVE ( 'NONE', #5537, #3225, #5002, .T. ) ;
#3241 = VERTEX_POINT ( 'NONE', #5180 ) ;
#3242 = ORIENTED_EDGE ( 'NONE', *, *, #5868, .T. ) ;
#3243 = CARTESIAN_POINT ( 'NONE',  ( 189.0000000000000000, 7.000000000000006217, -95.50000000000000000 ) ) ;
#3244 = CYLINDRICAL_SURFACE ( 'NONE', #5902, 5.000000000000000000 ) ;
#3245 = VECTOR ( 'NONE', #1650, 1000.000000000000000 ) ;
#3246 = CARTESIAN_POINT ( 'NONE',  ( 186.6165807537309433, 104.0000000000000000, -187.7999999999999829 ) ) ;
#3247 = EDGE_CURVE ( 'NONE', #3689, #3139, #2572, .T. ) ;
#3248 = VERTEX_POINT ( 'NONE', #2508 ) ;
#3249 = CARTESIAN_POINT ( 'NONE',  ( 180.0000000000000000, 107.0000000000000000, -5.000000000000031974 ) ) ;
#3250 = ORIENTED_EDGE ( 'NONE', *, *, #1372, .F. ) ;
#3251 = ORIENTED_EDGE ( 'NONE', *, *, #5506, .F. ) ;
#3252 = CARTESIAN_POINT ( 'NONE',  ( 190.0000000000000000, 7.000000000000000000, -172.5000000000000284 ) ) ;
#3253 = CARTESIAN_POINT ( 'NONE',  ( 0.000000000000000000, 12.50000000000002842, -21.99999999999999289 ) ) ;
#3254 = DIRECTION ( 'NONE',  ( 0.000000000000000000, -1.000000000000000000, 0.000000000000000000 ) ) ;
#3255 = FACE_OUTER_BOUND ( 'NONE', #5159, .T. ) ;
#3256 = EDGE_CURVE ( 'NONE', #6310, #4645, #5595, .T. ) ;
#3257 = ORIENTED_EDGE ( 'NONE', *, *, #2303, .F. ) ;
#3258 = CARTESIAN_POINT ( 'NONE',  ( 0.000000000000000000, 104.0000000000000000, -195.0000000000000000 ) ) ;
#3259 = DIRECTION ( 'NONE',  ( 0.000000000000000000, 0.000000000000000000, 1.000000000000000000 ) ) ;
#3260 = CARTESIAN_POINT ( 'NONE',  ( 99.49999999999995737, 7.000000000000006217, -189.0000000000000000 ) ) ;
#3261 = EDGE_CURVE ( 'NONE', #6230, #90, #4716, .T. ) ;
#3262 = EDGE_LOOP ( 'NONE', ( #2627, #858, #3416, #5223 ) ) ;
#3263 = VERTEX_POINT ( 'NONE', #2043 ) ;
#3264 = DIRECTION ( 'NONE',  ( 0.000000000000000000, -1.000000000000000000, 0.000000000000000000 ) ) ;
#3265 = AXIS2_PLACEMENT_3D ( 'NONE', #4578, #355, #5112 ) ;
#3266 = CYLINDRICAL_SURFACE ( 'NONE', #3066, 1.750000000000001554 ) ;
#3267 = VERTEX_POINT ( 'NONE', #3482 ) ;
#3268 = LINE ( 'NONE', #1043, #6427 ) ;
#3269 = AXIS2_PLACEMENT_3D ( 'NONE', #520, #6815, #3586 ) ;
#3270 = ORIENTED_EDGE ( 'NONE', *, *, #3657, .T. ) ;
#3271 = ORIENTED_EDGE ( 'NONE', *, *, #4335, .T. ) ;
#3272 = AXIS2_PLACEMENT_3D ( 'NONE', #6300, #5745, #6335 ) ;
#3273 = CYLINDRICAL_SURFACE ( 'NONE', #6876, 1.750000000000001554 ) ;
#3274 = CARTESIAN_POINT ( 'NONE',  ( 190.0000000000000000, 4.000000000000003553, -16.00000000000001421 ) ) ;
#3275 = ADVANCED_FACE ( 'NONE', ( #937 ), #5116, .F. ) ;
#3276 = ADVANCED_FACE ( 'NONE', ( #2013 ), #6788, .T. ) ;
#3277 = AXIS2_PLACEMENT_3D ( 'NONE', #2307, #265, #3919 ) ;
#3278 = DIRECTION ( 'NONE',  ( 0.000000000000000000, -1.000000000000000000, 0.000000000000000000 ) ) ;
#3279 = ORIENTED_EDGE ( 'NONE', *, *, #4598, .T. ) ;
#3280 = VECTOR ( 'NONE', #5968, 1000.000000000000000 ) ;
#3281 = FACE_OUTER_BOUND ( 'NONE', #6623, .T. ) ;
#3282 = CIRCLE ( 'NONE', #1714, 1.750000000000001554 ) ;
#3283 = CARTESIAN_POINT ( 'NONE',  ( 17.00000000000001421, 4.000000000000003553, -188.0000000000000000 ) ) ;
#3284 = ORIENTED_EDGE ( 'NONE', *, *, #1374, .F. ) ;
#3285 = VERTEX_POINT ( 'NONE', #1985 ) ;
#3286 = CARTESIAN_POINT ( 'NONE',  ( 15.00000000000000355, 121.1421356237309510, -182.0000000000000000 ) ) ;
#3287 = EDGE_CURVE ( 'NONE', #3336, #416, #2475, .T. ) ;
#3288 = AXIS2_PLACEMENT_3D ( 'NONE', #6468, #1152, #1220 ) ;
#3289 = CARTESIAN_POINT ( 'NONE',  ( 172.5000000000000284, 7.000000000000000000, -172.5000000000000284 ) ) ;
#3290 = PLANE ( 'NONE',  #3504 ) ;
#3291 = AXIS2_PLACEMENT_3D ( 'NONE', #2448, #3420, #1763 ) ;
#3292 = FACE_OUTER_BOUND ( 'NONE', #1317, .T. ) ;
#3293 = DIRECTION ( 'NONE',  ( 0.000000000000000000, 1.000000000000000000, 0.000000000000000000 ) ) ;
#3294 = AXIS2_PLACEMENT_3D ( 'NONE', #3592, #5220, #659 ) ;
#3295 = ORIENTED_EDGE ( 'NONE', *, *, #3766, .F. ) ;
#3296 = CARTESIAN_POINT ( 'NONE',  ( 20.88341924626901758, 3.000000000000000000, -19.70000000000012719 ) ) ;
#3297 = DIRECTION ( 'NONE',  ( 0.000000000000000000, -0.000000000000000000, 1.000000000000000000 ) ) ;
#3298 = LINE ( 'NONE', #5946, #3923 ) ;
#3299 = VECTOR ( 'NONE', #4652, 1000.000000000000000 ) ;
#3300 = ORIENTED_EDGE ( 'NONE', *, *, #6537, .T. ) ;
#3301 = CARTESIAN_POINT ( 'NONE',  ( 99.49999999999997158, 7.000000000000006217, -98.49999999999997158 ) ) ;
#3302 = PLANE ( 'NONE',  #1392 ) ;
#3303 = ORIENTED_EDGE ( 'NONE', *, *, #1863, .T. ) ;
#3304 = CARTESIAN_POINT ( 'NONE',  ( 95.49999999999998579, 3.000000000000000000, -99.49999999999997158 ) ) ;
#3305 = EDGE_CURVE ( 'NONE', #2941, #6456, #1906, .T. ) ;
#3306 = CARTESIAN_POINT ( 'NONE',  ( 15.00000000000000000, 107.0000000000000000, -189.9999999999999716 ) ) ;
#3307 = ORIENTED_EDGE ( 'NONE', *, *, #2080, .T. ) ;
#3308 = ORIENTED_EDGE ( 'NONE', *, *, #4828, .T. ) ;
#3309 = DIRECTION ( 'NONE',  ( 0.000000000000000000, 0.000000000000000000, 1.000000000000000000 ) ) ;
#3310 = EDGE_CURVE ( 'NONE', #367, #3909, #6253, .T. ) ;
#3311 = CARTESIAN_POINT ( 'NONE',  ( 170.8834192462690851, 3.000000000000000000, -19.70000000000010587 ) ) ;
#3312 = AXIS2_PLACEMENT_3D ( 'NONE', #3453, #481, #6648 ) ;
#3313 = ORIENTED_EDGE ( 'NONE', *, *, #2476, .T. ) ;
#3314 = DIRECTION ( 'NONE',  ( 0.000000000000000000, 0.000000000000000000, -1.000000000000000000 ) ) ;
#3315 = ADVANCED_FACE ( 'NONE', ( #5754 ), #4097, .F. ) ;
#3316 = DIRECTION ( 'NONE',  ( 0.5000000000000089928, 0.000000000000000000, -0.8660254037844334896 ) ) ;
#3317 = ORIENTED_EDGE ( 'NONE', *, *, #908, .F. ) ;
#3318 = ORIENTED_EDGE ( 'NONE', *, *, #273, .F. ) ;
#3319 = PLANE ( 'NONE',  #6068 ) ;
#3320 = CARTESIAN_POINT ( 'NONE',  ( 174.1165807537310570, 3.000000000000000000, -19.70000000000010587 ) ) ;
#3321 = CARTESIAN_POINT ( 'NONE',  ( 5.999999999999999112, 4.000000000000003553, -95.50000000000000000 ) ) ;
#3322 = DIRECTION ( 'NONE',  ( 0.000000000000000000, 1.000000000000000000, 0.000000000000000000 ) ) ;
#3323 = EDGE_CURVE ( 'NONE', #1106, #779, #5161, .T. ) ;
#3324 = EDGE_CURVE ( 'NONE', #3909, #2549, #6816, .T. ) ;
#3325 = CARTESIAN_POINT ( 'NONE',  ( 185.0000000000000000, 92.00000000000000000, -11.75000000000000888 ) ) ;
#3326 = EDGE_LOOP ( 'NONE', ( #2997, #3806, #115, #5307 ) ) ;
#3327 = LINE ( 'NONE', #5507, #449 ) ;
#3328 = CARTESIAN_POINT ( 'NONE',  ( 187.2944047413413955, 98.00000000000000000, -17.00000000000000000 ) ) ;
#3329 = CIRCLE ( 'NONE', #344, 5.544119062935227049 ) ;
#3330 = AXIS2_PLACEMENT_3D ( 'NONE', #996, #6233, #6838 ) ;
#3331 = DIRECTION ( 'NONE',  ( 0.000000000000000000, 0.000000000000000000, -1.000000000000000000 ) ) ;
#3332 = ADVANCED_FACE ( 'NONE', ( #4057 ), #1426, .F. ) ;
#3333 = ORIENTED_EDGE ( 'NONE', *, *, #2894, .F. ) ;
#3334 = CARTESIAN_POINT ( 'NONE',  ( 10.00000000000000178, 101.2999999999999972, -186.7500000000000000 ) ) ;
#3335 = CYLINDRICAL_SURFACE ( 'NONE', #1600, 5.000000000000004441 ) ;
#3336 = VERTEX_POINT ( 'NONE', #5665 ) ;
#3337 = DIRECTION ( 'NONE',  ( 1.000000000000000000, 0.000000000000000000, 0.000000000000000000 ) ) ;
#3338 = VECTOR ( 'NONE', #1756, 1000.000000000000000 ) ;
#3339 = VERTEX_POINT ( 'NONE', #5696 ) ;
#3340 = FACE_BOUND ( 'NONE', #2365, .T. ) ;
#3341 = ORIENTED_EDGE ( 'NONE', *, *, #4348, .F. ) ;
#3342 = VECTOR ( 'NONE', #1488, 1000.000000000000000 ) ;
#3343 = DIRECTION ( 'NONE',  ( -1.000000000000000000, 0.000000000000000000, 0.000000000000000000 ) ) ;
#3344 = LINE ( 'NONE', #4370, #1873 ) ;
#3345 = ORIENTED_EDGE ( 'NONE', *, *, #1443, .T. ) ;
#3346 = ADVANCED_FACE ( 'NONE', ( #4685 ), #522, .F. ) ;
#3347 = CARTESIAN_POINT ( 'NONE',  ( 15.00000000000000355, 4.000000000000000000, -13.00000000000001066 ) ) ;
#3348 = ORIENTED_EDGE ( 'NONE', *, *, #235, .F. ) ;
#3349 = ORIENTED_EDGE ( 'NONE', *, *, #5332, .F. ) ;
#3350 = CARTESIAN_POINT ( 'NONE',  ( 13.00000000000000355, 107.0000000000000000, -180.0000000000000000 ) ) ;
#3351 = VECTOR ( 'NONE', #6829, 1000.000000000000000 ) ;
#3352 = DIRECTION ( 'NONE',  ( 0.000000000000000000, 1.000000000000000000, 0.000000000000000000 ) ) ;
#3353 = LINE ( 'NONE', #6116, #999 ) ;
#3354 = PLANE ( 'NONE',  #4646 ) ;
#3355 = EDGE_CURVE ( 'NONE', #663, #2530, #5336, .T. ) ;
#3356 = CARTESIAN_POINT ( 'NONE',  ( 195.0000000000000000, 107.0000000000000000, 0.000000000000000000 ) ) ;
#3357 = EDGE_LOOP ( 'NONE', ( #2823, #1296, #380, #427 ) ) ;
#3358 = CARTESIAN_POINT ( 'NONE',  ( 5.000000000000000000, 0.5000000000000281997, 0.000000000000000000 ) ) ;
#3359 = ORIENTED_EDGE ( 'NONE', *, *, #6297, .T. ) ;
#3360 = DIRECTION ( 'NONE',  ( -0.000000000000000000, -0.000000000000000000, 1.000000000000000000 ) ) ;
#3361 = DIRECTION ( 'NONE',  ( 0.000000000000000000, 0.000000000000000000, 1.000000000000000000 ) ) ;
#3362 = CIRCLE ( 'NONE', #4825, 7.700207538209741465 ) ;
#3363 = EDGE_CURVE ( 'NONE', #2801, #2496, #2079, .T. ) ;
#3364 = EDGE_CURVE ( 'NONE', #5870, #328, #5586, .T. ) ;
#3365 = DIRECTION ( 'NONE',  ( 0.000000000000000000, 0.000000000000000000, -1.000000000000000000 ) ) ;
#3366 = DIRECTION ( 'NONE',  ( 1.000000000000000000, 0.000000000000000000, -0.000000000000000000 ) ) ;
#3367 = ORIENTED_EDGE ( 'NONE', *, *, #5783, .F. ) ;
#3368 = DIRECTION ( 'NONE',  ( 0.000000000000000000, -1.000000000000000000, 0.000000000000000000 ) ) ;
#3369 = LINE ( 'NONE', #6455, #4745 ) ;
#3370 = ORIENTED_EDGE ( 'NONE', *, *, #466, .T. ) ;
#3371 = CARTESIAN_POINT ( 'NONE',  ( 3.000000000000000000, 107.0000000000000000, -3.000000000000000000 ) ) ;
#3372 = EDGE_CURVE ( 'NONE', #4554, #2271, #3131, .T. ) ;
#3373 = CARTESIAN_POINT ( 'NONE',  ( 189.0000000000000000, 7.000000000000006217, -98.50000000000000000 ) ) ;
#3374 = EDGE_LOOP ( 'NONE', ( #1510, #3998 ) ) ;
#3375 = CARTESIAN_POINT ( 'NONE',  ( 5.999999999999998224, 282.7716446627535447, -99.49999999999992895 ) ) ;
#3376 = ORIENTED_EDGE ( 'NONE', *, *, #1559, .T. ) ;
#3377 = CARTESIAN_POINT ( 'NONE',  ( 190.0000000000000000, 385.7716446627536016, -8.000000000000000000 ) ) ;
#3378 = DIRECTION ( 'NONE',  ( 0.000000000000000000, 0.000000000000000000, -1.000000000000000000 ) ) ;
#3379 = ADVANCED_FACE ( 'NONE', ( #5444 ), #4389, .F. ) ;
#3380 = VECTOR ( 'NONE', #834, 1000.000000000000000 ) ;
#3381 = AXIS2_PLACEMENT_3D ( 'NONE', #4560, #2341, #3997 ) ;
#3382 = ORIENTED_EDGE ( 'NONE', *, *, #3627, .T. ) ;
#3383 = DIRECTION ( 'NONE',  ( 0.000000000000000000, 0.000000000000000000, -1.000000000000000000 ) ) ;
#3384 = AXIS2_PLACEMENT_3D ( 'NONE', #6041, #3465, #2428 ) ;
#3385 = DIRECTION ( 'NONE',  ( 0.5000000000000089928, 0.000000000000000000, -0.8660254037844334896 ) ) ;
#3386 = ORIENTED_EDGE ( 'NONE', *, *, #3832, .T. ) ;
#3387 = VERTEX_POINT ( 'NONE', #1273 ) ;
#3388 = CIRCLE ( 'NONE', #5301, 5.000000000000000000 ) ;
#3389 = FACE_OUTER_BOUND ( 'NONE', #697, .T. ) ;
#3390 = LINE ( 'NONE', #3320, #2779 ) ;
#3391 = EDGE_CURVE ( 'NONE', #220, #3848, #3238, .T. ) ;
#3392 = CARTESIAN_POINT ( 'NONE',  ( 19.26683849253807423, 3.000000000000000000, -22.50000000000010658 ) ) ;
#3393 = VECTOR ( 'NONE', #4316, 1000.000000000000000 ) ;
#3394 = VERTEX_POINT ( 'NONE', #1786 ) ;
#3395 = AXIS2_PLACEMENT_3D ( 'NONE', #4146, #5235, #2629 ) ;
#3396 = LINE ( 'NONE', #755, #3393 ) ;
#3397 = EDGE_LOOP ( 'NONE', ( #2016, #5742, #1505, #6806 ) ) ;
#3398 = AXIS2_PLACEMENT_3D ( 'NONE', #2912, #2874, #3532 ) ;
#3399 = ORIENTED_EDGE ( 'NONE', *, *, #1806, .T. ) ;
#3400 = FACE_OUTER_BOUND ( 'NONE', #6801, .T. ) ;
#3401 = CIRCLE ( 'NONE', #3291, 1.750000000000001554 ) ;
#3402 = EDGE_CURVE ( 'NONE', #276, #2574, #5477, .T. ) ;
#3403 = DIRECTION ( 'NONE',  ( 0.000000000000000000, 1.000000000000000000, 0.000000000000000000 ) ) ;
#3404 = FACE_OUTER_BOUND ( 'NONE', #4471, .T. ) ;
#3405 = CIRCLE ( 'NONE', #6422, 2.000000000000001776 ) ;
#3406 = EDGE_LOOP ( 'NONE', ( #3065, #3132, #5091, #6121, #6386, #3767, #5197, #1446, #4323, #2371, #5592, #4322, #5735, #5732, #6900, #2847, #3722, #4982, #1800, #6321, #1966, #5791, #5234, #3333 ) ) ;
#3407 = VECTOR ( 'NONE', #429, 1000.000000000000000 ) ;
#3408 = CARTESIAN_POINT ( 'NONE',  ( 185.0000000000000000, 104.0000000000000000, -183.2500000000000000 ) ) ;
#3409 = ADVANCED_FACE ( 'NONE', ( #1169 ), #2892, .F. ) ;
#3410 = EDGE_CURVE ( 'NONE', #4081, #6332, #1716, .T. ) ;
#3411 = DIRECTION ( 'NONE',  ( 0.000000000000000000, 0.000000000000000000, -1.000000000000000000 ) ) ;
#3412 = EDGE_LOOP ( 'NONE', ( #2443, #4815, #1757, #6360 ) ) ;
#3413 = DIRECTION ( 'NONE',  ( 0.000000000000000000, -1.000000000000000000, 0.000000000000000000 ) ) ;
#3414 = CIRCLE ( 'NONE', #3985, 7.700207538209741465 ) ;
#3415 = DIRECTION ( 'NONE',  ( 0.000000000000000000, 0.000000000000000000, 1.000000000000000000 ) ) ;
#3416 = ORIENTED_EDGE ( 'NONE', *, *, #191, .T. ) ;
#3417 = EDGE_CURVE ( 'NONE', #1459, #669, #1015, .T. ) ;
#3418 = ADVANCED_FACE ( 'NONE', ( #4542 ), #6811, .T. ) ;
#3419 = ORIENTED_EDGE ( 'NONE', *, *, #3886, .T. ) ;
#3420 = DIRECTION ( 'NONE',  ( -0.000000000000000000, -1.000000000000000000, -0.000000000000000000 ) ) ;
#3421 = FACE_OUTER_BOUND ( 'NONE', #1710, .T. ) ;
#3422 = CARTESIAN_POINT ( 'NONE',  ( 172.5000000000000284, 7.000000000000000000, -28.04411906293525547 ) ) ;
#3423 = CARTESIAN_POINT ( 'NONE',  ( 98.49999999999997158, 3.000000000000000000, -95.50000000000000000 ) ) ;
#3424 = ORIENTED_EDGE ( 'NONE', *, *, #3166, .F. ) ;
#3425 = CARTESIAN_POINT ( 'NONE',  ( 187.0000000000000000, 4.000000000000003553, -190.0000000000000000 ) ) ;
#3426 = CARTESIAN_POINT ( 'NONE',  ( 99.50000000000000000, 282.7716446627535447, -6.000000000000005329 ) ) ;
#3427 = ORIENTED_EDGE ( 'NONE', *, *, #21, .T. ) ;
#3428 = ORIENTED_EDGE ( 'NONE', *, *, #3363, .F. ) ;
#3429 = DIRECTION ( 'NONE',  ( 3.469446951953621091E-16, 0.000000000000000000, 1.000000000000000000 ) ) ;
#3430 = CARTESIAN_POINT ( 'NONE',  ( 10.00000000000000178, 92.00000000000000000, -10.00000000000000888 ) ) ;
#3431 = CARTESIAN_POINT ( 'NONE',  ( 178.0000000000000000, 4.000000000000003553, -188.0000000000000000 ) ) ;
#3432 = CARTESIAN_POINT ( 'NONE',  ( 22.49999999999995026, 3.000000000000000000, -172.5000000000000000 ) ) ;
#3433 = ORIENTED_EDGE ( 'NONE', *, *, #7, .F. ) ;
#3434 = CIRCLE ( 'NONE', #3768, 1.000000000000000888 ) ;
#3435 = VERTEX_POINT ( 'NONE', #1981 ) ;
#3436 = DIRECTION ( 'NONE',  ( 0.000000000000000000, -0.000000000000000000, 1.000000000000000000 ) ) ;
#3437 = DIRECTION ( 'NONE',  ( -0.000000000000000000, 1.000000000000000000, -0.000000000000000000 ) ) ;
#3438 = CARTESIAN_POINT ( 'NONE',  ( 179.0000000000000000, 4.000000000000000000, -7.000000000000000000 ) ) ;
#3439 = CYLINDRICAL_SURFACE ( 'NONE', #1841, 1.000000000000000888 ) ;
#3440 = EDGE_CURVE ( 'NONE', #4303, #6070, #5239, .T. ) ;
#3441 = DIRECTION ( 'NONE',  ( 1.000000000000000000, 0.000000000000000000, 0.000000000000000000 ) ) ;
#3442 = LINE ( 'NONE', #5662, #5199 ) ;
#3443 = VERTEX_POINT ( 'NONE', #933 ) ;
#3444 = AXIS2_PLACEMENT_3D ( 'NONE', #5583, #4424, #759 ) ;
#3445 = DIRECTION ( 'NONE',  ( 0.000000000000000000, 1.000000000000000000, 0.000000000000000000 ) ) ;
#3446 = LINE ( 'NONE', #6681, #3459 ) ;
#3447 = EDGE_CURVE ( 'NONE', #6364, #2952, #5658, .T. ) ;
#3448 = ORIENTED_EDGE ( 'NONE', *, *, #2918, .T. ) ;
#3449 = VERTEX_POINT ( 'NONE', #6671 ) ;
#3450 = LINE ( 'NONE', #4472, #6709 ) ;
#3451 = VERTEX_POINT ( 'NONE', #1482 ) ;
#3452 = CARTESIAN_POINT ( 'NONE',  ( 10.00000000000000178, 101.2999999999999972, -10.00000000000000888 ) ) ;
#3453 = CARTESIAN_POINT ( 'NONE',  ( 172.5000000000000284, 7.000000000000000000, -22.50000000000002132 ) ) ;
#3454 = EDGE_CURVE ( 'NONE', #3029, #1047, #2014, .T. ) ;
#3455 = ADVANCED_FACE ( 'NONE', ( #2501 ), #4650, .F. ) ;
#3456 = PLANE ( 'NONE',  #1566 ) ;
#3457 = ORIENTED_EDGE ( 'NONE', *, *, #3181, .T. ) ;
#3458 = DIRECTION ( 'NONE',  ( 0.000000000000000000, 0.000000000000000000, -1.000000000000000000 ) ) ;
#3459 = VECTOR ( 'NONE', #4468, 1000.000000000000000 ) ;
#3460 = DIRECTION ( 'NONE',  ( 0.000000000000000000, 1.000000000000000000, 0.000000000000000000 ) ) ;
#3461 = VERTEX_POINT ( 'NONE', #6164 ) ;
#3462 = ORIENTED_EDGE ( 'NONE', *, *, #6297, .F. ) ;
#3463 = DIRECTION ( 'NONE',  ( 1.000000000000000000, 0.000000000000000000, 0.000000000000000000 ) ) ;
#3464 = DIRECTION ( 'NONE',  ( -1.453678890483358486E-17, 0.000000000000000000, -1.000000000000000000 ) ) ;
#3465 = DIRECTION ( 'NONE',  ( -0.000000000000000000, -1.000000000000000000, -0.000000000000000000 ) ) ;
#3466 = VECTOR ( 'NONE', #1064, 1000.000000000000000 ) ;
#3467 = EDGE_CURVE ( 'NONE', #1848, #3686, #4153, .T. ) ;
#3468 = CARTESIAN_POINT ( 'NONE',  ( 183.3834192462690567, 101.2999999999999972, -12.80000000000000604 ) ) ;
#3469 = ORIENTED_EDGE ( 'NONE', *, *, #1620, .T. ) ;
#3470 = ORIENTED_EDGE ( 'NONE', *, *, #6320, .T. ) ;
#3471 = DIRECTION ( 'NONE',  ( 1.000000000000000000, -0.000000000000000000, -0.000000000000000000 ) ) ;
#3472 = LINE ( 'NONE', #6046, #4517 ) ;
#3473 = EDGE_CURVE ( 'NONE', #2011, #4187, #2793, .T. ) ;
#3474 = CARTESIAN_POINT ( 'NONE',  ( 172.5000000000000284, 3.000000000000000000, -20.74999999999997868 ) ) ;
#3475 = CIRCLE ( 'NONE', #6370, 4.500000000000003553 ) ;
#3476 = DIRECTION ( 'NONE',  ( 0.000000000000000000, 0.000000000000000000, -1.000000000000000000 ) ) ;
#3477 = DIRECTION ( 'NONE',  ( 0.000000000000000000, 0.000000000000000000, 1.000000000000000000 ) ) ;
#3478 = DIRECTION ( 'NONE',  ( 0.000000000000000000, 0.000000000000000000, 1.000000000000000000 ) ) ;
#3479 = ORIENTED_EDGE ( 'NONE', *, *, #4151, .T. ) ;
#3480 = DIRECTION ( 'NONE',  ( -0.4999999999999970024, 0.000000000000000000, 0.8660254037844404840 ) ) ;
#3481 = EDGE_CURVE ( 'NONE', #2824, #124, #1452, .T. ) ;
#3482 = CARTESIAN_POINT ( 'NONE',  ( 174.1165807537310286, 3.000000000000000000, -25.30000000000007176 ) ) ;
#3483 = CIRCLE ( 'NONE', #4165, 1.000000000000000888 ) ;
#3484 = ORIENTED_EDGE ( 'NONE', *, *, #5182, .F. ) ;
#3485 = ORIENTED_EDGE ( 'NONE', *, *, #3323, .T. ) ;
#3486 = FACE_OUTER_BOUND ( 'NONE', #1958, .T. ) ;
#3487 = DIRECTION ( 'NONE',  ( -0.4999999999999943379, 0.000000000000000000, 0.8660254037844419273 ) ) ;
#3488 = ADVANCED_FACE ( 'NONE', ( #5175, #5208 ), #351, .F. ) ;
#3489 = AXIS2_PLACEMENT_3D ( 'NONE', #1294, #5123, #3992 ) ;
#3490 = DIRECTION ( 'NONE',  ( -0.000000000000000000, 1.000000000000000000, -0.000000000000000000 ) ) ;
#3491 = EDGE_LOOP ( 'NONE', ( #5171, #4965, #2419, #326 ) ) ;
#3492 = LINE ( 'NONE', #3425, #5305 ) ;
#3493 = DIRECTION ( 'NONE',  ( 0.000000000000000000, 0.000000000000000000, -1.000000000000000000 ) ) ;
#3494 = VERTEX_POINT ( 'NONE', #3092 ) ;
#3495 = ORIENTED_EDGE ( 'NONE', *, *, #1310, .F. ) ;
#3496 = EDGE_CURVE ( 'NONE', #4879, #2497, #4250, .T. ) ;
#3497 = EDGE_CURVE ( 'NONE', #3029, #2616, #6717, .T. ) ;
#3498 = AXIS2_PLACEMENT_3D ( 'NONE', #5476, #2182, #3259 ) ;
#3499 = CARTESIAN_POINT ( 'NONE',  ( 22.49999999999995026, 7.000000000000000000, -166.9558809370647339 ) ) ;
#3500 = LINE ( 'NONE', #726, #200 ) ;
#3501 = PLANE ( 'NONE',  #6344 ) ;
#3502 = CARTESIAN_POINT ( 'NONE',  ( 175.7331615074619720, 3.000000000000000000, -22.50000000000006750 ) ) ;
#3503 = VERTEX_POINT ( 'NONE', #1865 ) ;
#3504 = AXIS2_PLACEMENT_3D ( 'NONE', #1122, #3852, #6905 ) ;
#3505 = DIRECTION ( 'NONE',  ( 0.5000000000000013323, 0.000000000000000000, -0.8660254037844380415 ) ) ;
#3506 = EDGE_LOOP ( 'NONE', ( #1955, #2692 ) ) ;
#3507 = EDGE_CURVE ( 'NONE', #4419, #2939, #4680, .T. ) ;
#3508 = VERTEX_POINT ( 'NONE', #5623 ) ;
#3509 = LINE ( 'NONE', #2498, #3563 ) ;
#3510 = DIRECTION ( 'NONE',  ( 0.000000000000000000, 0.000000000000000000, -1.000000000000000000 ) ) ;
#3511 = CIRCLE ( 'NONE', #1055, 5.000000000000004441 ) ;
#3512 = CARTESIAN_POINT ( 'NONE',  ( 10.00000000000000178, 92.00000000000000000, -186.7500000000000000 ) ) ;
#3513 = VECTOR ( 'NONE', #605, 1000.000000000000000 ) ;
#3514 = LINE ( 'NONE', #1831, #6547 ) ;
#3515 = EDGE_CURVE ( 'NONE', #3183, #662, #6235, .T. ) ;
#3516 = CARTESIAN_POINT ( 'NONE',  ( 15.00000000000000000, 121.1421356237309510, -188.0000000000000000 ) ) ;
#3517 = VERTEX_POINT ( 'NONE', #3474 ) ;
#3518 = CARTESIAN_POINT ( 'NONE',  ( 17.00000000000001421, 4.000000000000000000, -189.0000000000000000 ) ) ;
#3519 = AXIS2_PLACEMENT_3D ( 'NONE', #2486, #854, #2453 ) ;
#3520 = DIRECTION ( 'NONE',  ( 0.000000000000000000, 0.000000000000000000, 1.000000000000000000 ) ) ;
#3521 = AXIS2_PLACEMENT_3D ( 'NONE', #4138, #3568, #5825 ) ;
#3522 = ORIENTED_EDGE ( 'NONE', *, *, #913, .T. ) ;
#3523 =( GEOMETRIC_REPRESENTATION_CONTEXT ( 3 ) GLOBAL_UNCERTAINTY_ASSIGNED_CONTEXT ( ( #762 ) ) GLOBAL_UNIT_ASSIGNED_CONTEXT ( ( #632, #247, #114 ) ) REPRESENTATION_CONTEXT ( 'NONE', 'WORKASPACE' ) );
#3524 = PLANE ( 'NONE',  #5570 ) ;
#3525 = ORIENTED_EDGE ( 'NONE', *, *, #4495, .T. ) ;
#3526 = AXIS2_PLACEMENT_3D ( 'NONE', #5566, #5599, #813 ) ;
#3527 = CARTESIAN_POINT ( 'NONE',  ( 5.999999999999998224, 4.000000000000003553, -99.49999999999992895 ) ) ;
#3528 = CARTESIAN_POINT ( 'NONE',  ( 190.0000000000000000, 0.5000000000000281997, 0.000000000000000000 ) ) ;
#3529 = CARTESIAN_POINT ( 'NONE',  ( 96.49999999999998579, 282.7716446627535447, -96.50000000000000000 ) ) ;
#3530 = EDGE_LOOP ( 'NONE', ( #6199, #1875 ) ) ;
#3531 = AXIS2_PLACEMENT_3D ( 'NONE', #3004, #5144, #2470 ) ;
#3532 = DIRECTION ( 'NONE',  ( 0.000000000000000000, 0.000000000000000000, -1.000000000000000000 ) ) ;
#3533 = EDGE_CURVE ( 'NONE', #596, #6230, #420, .T. ) ;
#3534 = CARTESIAN_POINT ( 'NONE',  ( 0.000000000000000000, 0.5000000000000281997, 0.000000000000000000 ) ) ;
#3535 = ORIENTED_EDGE ( 'NONE', *, *, #5009, .F. ) ;
#3536 = EDGE_LOOP ( 'NONE', ( #3971, #2432, #6551 ) ) ;
#3537 = DIRECTION ( 'NONE',  ( 0.000000000000000000, 0.000000000000000000, -1.000000000000000000 ) ) ;
#3538 = DIRECTION ( 'NONE',  ( 0.000000000000000000, -1.000000000000000000, 0.000000000000000000 ) ) ;
#3539 = DIRECTION ( 'NONE',  ( 0.000000000000000000, 1.000000000000000000, 0.000000000000000000 ) ) ;
#3540 = DIRECTION ( 'NONE',  ( -0.5000000000000013323, 0.000000000000000000, -0.8660254037844380415 ) ) ;
#3541 = EDGE_CURVE ( 'NONE', #506, #2083, #3578, .T. ) ;
#3542 = ORIENTED_EDGE ( 'NONE', *, *, #6870, .T. ) ;
#3543 = FACE_OUTER_BOUND ( 'NONE', #6519, .T. ) ;
#3544 = VERTEX_POINT ( 'NONE', #3512 ) ;
#3545 = VERTEX_POINT ( 'NONE', #2435 ) ;
#3546 = PLANE ( 'NONE',  #4346 ) ;
#3547 = DIRECTION ( 'NONE',  ( -0.4999999999999943379, 0.000000000000000000, 0.8660254037844419273 ) ) ;
#3548 = CARTESIAN_POINT ( 'NONE',  ( 0.000000000000000000, 98.00000000000000000, -178.0000000000000000 ) ) ;
#3549 = ADVANCED_FACE ( 'NONE', ( #321 ), #5878, .F. ) ;
#3550 = EDGE_CURVE ( 'NONE', #1917, #6524, #1092, .T. ) ;
#3551 = CIRCLE ( 'NONE', #3003, 4.999999999999976907 ) ;
#3552 = DIRECTION ( 'NONE',  ( 0.000000000000000000, -0.000000000000000000, 1.000000000000000000 ) ) ;
#3553 = DIRECTION ( 'NONE',  ( -0.5000000000000013323, 0.000000000000000000, -0.8660254037844380415 ) ) ;
#3554 = CARTESIAN_POINT ( 'NONE',  ( 22.49999999999995026, 7.000000000000000000, -172.5000000000000000 ) ) ;
#3555 = ORIENTED_EDGE ( 'NONE', *, *, #5947, .F. ) ;
#3556 = CARTESIAN_POINT ( 'NONE',  ( 185.0000000000000000, 92.00000000000000000, -185.0000000000000000 ) ) ;
#3557 = EDGE_CURVE ( 'NONE', #4899, #5065, #1542, .T. ) ;
#3558 = ORIENTED_EDGE ( 'NONE', *, *, #3798, .F. ) ;
#3559 = AXIS2_PLACEMENT_3D ( 'NONE', #6627, #1748, #4992 ) ;
#3560 = CARTESIAN_POINT ( 'NONE',  ( 195.0000000000000000, 15.00000000000000000, -170.0000000000000000 ) ) ;
#3561 = DIRECTION ( 'NONE',  ( 1.000000000000000000, 0.000000000000000000, 3.469446951953660534E-16 ) ) ;
#3562 = AXIS2_PLACEMENT_3D ( 'NONE', #4670, #4696, #6799 ) ;
#3563 = VECTOR ( 'NONE', #3058, 1000.000000000000000 ) ;
#3564 = LINE ( 'NONE', #6759, #5270 ) ;
#3565 = ORIENTED_EDGE ( 'NONE', *, *, #409, .F. ) ;
#3566 = LINE ( 'NONE', #5280, #6531 ) ;
#3567 = ORIENTED_EDGE ( 'NONE', *, *, #2439, .F. ) ;
#3568 = DIRECTION ( 'NONE',  ( 0.000000000000000000, 1.000000000000000000, 0.000000000000000000 ) ) ;
#3569 = DIRECTION ( 'NONE',  ( -1.000000000000000000, 0.000000000000000000, 0.000000000000000000 ) ) ;
#3570 = DIRECTION ( 'NONE',  ( -1.000000000000000000, 0.000000000000000000, 0.000000000000000000 ) ) ;
#3571 = DIRECTION ( 'NONE',  ( -1.000000000000000000, -0.000000000000000000, -0.000000000000000000 ) ) ;
#3572 = EDGE_CURVE ( 'NONE', #1523, #2961, #3222, .T. ) ;
#3573 = VECTOR ( 'NONE', #5521, 1000.000000000000227 ) ;
#3574 = ORIENTED_EDGE ( 'NONE', *, *, #948, .T. ) ;
#3575 = CARTESIAN_POINT ( 'NONE',  ( 24.11658075373091492, 3.000000000000000000, -19.70000000000012719 ) ) ;
#3576 = ORIENTED_EDGE ( 'NONE', *, *, #5762, .F. ) ;
#3577 = FACE_BOUND ( 'NONE', #1224, .T. ) ;
#3578 = CIRCLE ( 'NONE', #4597, 3.000000000000002665 ) ;
#3579 = PLANE ( 'NONE',  #6350 ) ;
#3580 = DIRECTION ( 'NONE',  ( 0.000000000000000000, 0.000000000000000000, 1.000000000000000000 ) ) ;
#3581 = DIRECTION ( 'NONE',  ( 0.000000000000000000, 0.000000000000000000, -1.000000000000000000 ) ) ;
#3582 = DIRECTION ( 'NONE',  ( 1.000000000000000000, 0.000000000000000000, -0.000000000000000000 ) ) ;
#3583 = ORIENTED_EDGE ( 'NONE', *, *, #727, .T. ) ;
#3584 = ADVANCED_FACE ( 'NONE', ( #3255 ), #2634, .F. ) ;
#3585 = EDGE_CURVE ( 'NONE', #3761, #4240, #3644, .T. ) ;
#3586 = DIRECTION ( 'NONE',  ( 0.000000000000000000, 0.000000000000000000, -1.000000000000000000 ) ) ;
#3587 = CIRCLE ( 'NONE', #255, 5.000000000000000888 ) ;
#3588 = ORIENTED_EDGE ( 'NONE', *, *, #3650, .T. ) ;
#3589 = ORIENTED_EDGE ( 'NONE', *, *, #2741, .F. ) ;
#3590 = AXIS2_PLACEMENT_3D ( 'NONE', #4543, #4015, #2322 ) ;
#3591 = EDGE_CURVE ( 'NONE', #1973, #2758, #1668, .T. ) ;
#3592 = CARTESIAN_POINT ( 'NONE',  ( 98.49999999999997158, 282.7716446627535447, -98.49999999999997158 ) ) ;
#3593 = CIRCLE ( 'NONE', #2938, 2.000000000000000000 ) ;
#3594 = LINE ( 'NONE', #5, #2474 ) ;
#3595 = EDGE_LOOP ( 'NONE', ( #4036, #5618, #924, #3813 ) ) ;
#3596 = DIRECTION ( 'NONE',  ( 2.876225452396778467E-16, -0.000000000000000000, 1.000000000000000000 ) ) ;
#3597 = VERTEX_POINT ( 'NONE', #6906 ) ;
#3598 = EDGE_CURVE ( 'NONE', #3263, #5873, #3786, .T. ) ;
#3599 = DIRECTION ( 'NONE',  ( 0.000000000000000000, 0.000000000000000000, -1.000000000000000000 ) ) ;
#3600 = LINE ( 'NONE', #921, #1543 ) ;
#3601 = ORIENTED_EDGE ( 'NONE', *, *, #3759, .T. ) ;
#3602 = DIRECTION ( 'NONE',  ( 0.000000000000000000, -1.000000000000000000, 0.000000000000000000 ) ) ;
#3603 = AXIS2_PLACEMENT_3D ( 'NONE', #1870, #2437, #213 ) ;
#3604 = ORIENTED_EDGE ( 'NONE', *, *, #636, .F. ) ;
#3605 = VERTEX_POINT ( 'NONE', #448 ) ;
#3606 = LINE ( 'NONE', #541, #1833 ) ;
#3607 = ADVANCED_FACE ( 'NONE', ( #2102 ), #2567, .F. ) ;
#3608 = DIRECTION ( 'NONE',  ( 0.000000000000000000, -1.000000000000000000, 0.000000000000000000 ) ) ;
#3609 = FACE_OUTER_BOUND ( 'NONE', #3646, .T. ) ;
#3610 = CIRCLE ( 'NONE', #2712, 5.000000000000000888 ) ;
#3611 = DIRECTION ( 'NONE',  ( 0.000000000000000000, 0.000000000000000000, -1.000000000000000000 ) ) ;
#3612 = DIRECTION ( 'NONE',  ( 0.000000000000000000, 1.000000000000000000, 0.000000000000000000 ) ) ;
#3613 = EDGE_CURVE ( 'NONE', #6659, #2294, #4249, .T. ) ;
#3614 = AXIS2_PLACEMENT_3D ( 'NONE', #350, #6839, #1481 ) ;
#3615 = ORIENTED_EDGE ( 'NONE', *, *, #6885, .T. ) ;
#3616 = CIRCLE ( 'NONE', #1162, 5.000000000000000888 ) ;
#3617 = CARTESIAN_POINT ( 'NONE',  ( 195.0000000000000000, 101.2999999999999972, -195.0000000000000000 ) ) ;
#3618 = DIRECTION ( 'NONE',  ( 0.000000000000000000, 1.000000000000000000, 0.000000000000000000 ) ) ;
#3619 = VECTOR ( 'NONE', #2625, 1000.000000000000114 ) ;
#3620 = ADVANCED_FACE ( 'NONE', ( #3191 ), #687, .F. ) ;
#3621 = EDGE_CURVE ( 'NONE', #220, #565, #545, .T. ) ;
#3622 = ORIENTED_EDGE ( 'NONE', *, *, #1150, .F. ) ;
#3623 = CIRCLE ( 'NONE', #620, 6.760514917423833481 ) ;
#3624 = CIRCLE ( 'NONE', #1395, 1.000000000000000888 ) ;
#3625 = LINE ( 'NONE', #2611, #630 ) ;
#3626 = ADVANCED_FACE ( 'NONE', ( #4417 ), #3890, .T. ) ;
#3627 = EDGE_CURVE ( 'NONE', #113, #1997, #5048, .T. ) ;
#3628 = ORIENTED_EDGE ( 'NONE', *, *, #5601, .F. ) ;
#3629 = DIRECTION ( 'NONE',  ( 0.000000000000000000, 0.000000000000000000, -1.000000000000000000 ) ) ;
#3630 = AXIS2_PLACEMENT_3D ( 'NONE', #6028, #1844, #6104 ) ;
#3631 = EDGE_LOOP ( 'NONE', ( #3462, #4008 ) ) ;
#3632 = CARTESIAN_POINT ( 'NONE',  ( 175.7331615074619720, 3.000000000000000000, -22.50000000000006750 ) ) ;
#3633 = CARTESIAN_POINT ( 'NONE',  ( 178.0000000000000000, 385.7716446627536016, -190.0000000000000000 ) ) ;
#3634 = CIRCLE ( 'NONE', #633, 1.000000000000000888 ) ;
#3635 = EDGE_CURVE ( 'NONE', #3494, #2776, #6260, .T. ) ;
#3636 = EDGE_LOOP ( 'NONE', ( #1401, #67, #2257, #1104 ) ) ;
#3637 = DIRECTION ( 'NONE',  ( -0.000000000000000000, -1.000000000000000000, -0.000000000000000000 ) ) ;
#3638 = PLANE ( 'NONE',  #5503 ) ;
#3639 = ORIENTED_EDGE ( 'NONE', *, *, #947, .T. ) ;
#3640 = ORIENTED_EDGE ( 'NONE', *, *, #562, .T. ) ;
#3641 = DIRECTION ( 'NONE',  ( 0.000000000000000000, 1.000000000000000000, 0.000000000000000000 ) ) ;
#3642 = DIRECTION ( 'NONE',  ( 0.000000000000000000, -0.000000000000000000, 1.000000000000000000 ) ) ;
#3643 = DIRECTION ( 'NONE',  ( 0.000000000000000000, 0.000000000000000000, -1.000000000000000000 ) ) ;
#3644 = LINE ( 'NONE', #5777, #5367 ) ;
#3645 = FACE_OUTER_BOUND ( 'NONE', #6667, .T. ) ;
#3646 = EDGE_LOOP ( 'NONE', ( #5373, #4470, #2184, #146 ) ) ;
#3647 = LINE ( 'NONE', #5636, #3879 ) ;
#3648 = DIRECTION ( 'NONE',  ( -0.000000000000000000, 1.000000000000000000, -0.000000000000000000 ) ) ;
#3649 = ORIENTED_EDGE ( 'NONE', *, *, #6823, .T. ) ;
#3650 = EDGE_CURVE ( 'NONE', #5395, #1418, #5578, .T. ) ;
#3651 = ORIENTED_EDGE ( 'NONE', *, *, #452, .T. ) ;
#3652 = DIRECTION ( 'NONE',  ( 0.000000000000000000, 1.000000000000000000, -0.000000000000000000 ) ) ;
#3653 = EDGE_LOOP ( 'NONE', ( #4405, #794 ) ) ;
#3654 = CARTESIAN_POINT ( 'NONE',  ( 188.2331615074618867, 101.2999999999999972, -10.00000000000003730 ) ) ;
#3655 = VECTOR ( 'NONE', #5045, 1000.000000000000000 ) ;
#3656 = PLANE ( 'NONE',  #2520 ) ;
#3657 = EDGE_CURVE ( 'NONE', #6245, #4432, #5610, .T. ) ;
#3658 = ORIENTED_EDGE ( 'NONE', *, *, #1613, .F. ) ;
#3659 = PLANE ( 'NONE',  #4978 ) ;
#3660 = ORIENTED_EDGE ( 'NONE', *, *, #4437, .F. ) ;
#3661 = FACE_OUTER_BOUND ( 'NONE', #842, .T. ) ;
#3662 = CIRCLE ( 'NONE', #2217, 1.750000000000001554 ) ;
#3663 = EDGE_CURVE ( 'NONE', #5763, #5639, #2554, .T. ) ;
#3664 = DIRECTION ( 'NONE',  ( -0.000000000000000000, 1.000000000000000000, -0.000000000000000000 ) ) ;
#3665 = AXIS2_PLACEMENT_3D ( 'NONE', #683, #6045, #2811 ) ;
#3666 = ADVANCED_FACE ( 'NONE', ( #5797 ), #6025, .F. ) ;
#3667 = FACE_OUTER_BOUND ( 'NONE', #4903, .T. ) ;
#3668 = PLANE ( 'NONE',  #5798 ) ;
#3669 = VERTEX_POINT ( 'NONE', #4239 ) ;
#3670 = AXIS2_PLACEMENT_3D ( 'NONE', #3375, #2979, #2333 ) ;
#3671 = CARTESIAN_POINT ( 'NONE',  ( 174.1165807537310570, 0.000000000000000000, -19.70000000000010587 ) ) ;
#3672 = ORIENTED_EDGE ( 'NONE', *, *, #2122, .F. ) ;
#3673 = ORIENTED_EDGE ( 'NONE', *, *, #1149, .F. ) ;
#3674 = DIRECTION ( 'NONE',  ( -0.000000000000000000, 1.000000000000000000, 0.000000000000000000 ) ) ;
#3675 = EDGE_CURVE ( 'NONE', #2591, #6532, #3587, .T. ) ;
#3676 = LINE ( 'NONE', #2695, #6240 ) ;
#3677 = CARTESIAN_POINT ( 'NONE',  ( 190.0000000000000000, 4.000000000000003553, -8.000000000000000000 ) ) ;
#3678 = AXIS2_PLACEMENT_3D ( 'NONE', #4434, #6566, #1761 ) ;
#3679 = AXIS2_PLACEMENT_3D ( 'NONE', #4122, #384, #2967 ) ;
#3680 = CARTESIAN_POINT ( 'NONE',  ( 7.000000000000000000, 3.000000000000000000, -17.00000000000001421 ) ) ;
#3681 = DIRECTION ( 'NONE',  ( -1.000000000000000000, -0.000000000000000000, -0.000000000000000000 ) ) ;
#3682 = VERTEX_POINT ( 'NONE', #2266 ) ;
#3683 = EDGE_CURVE ( 'NONE', #306, #2083, #6491, .T. ) ;
#3684 = CARTESIAN_POINT ( 'NONE',  ( 5.000000000000000888, 4.000000000000003553, -179.0000000000000000 ) ) ;
#3685 = FACE_OUTER_BOUND ( 'NONE', #4692, .T. ) ;
#3686 = VERTEX_POINT ( 'NONE', #3246 ) ;
#3687 = ORIENTED_EDGE ( 'NONE', *, *, #2968, .F. ) ;
#3688 = CARTESIAN_POINT ( 'NONE',  ( -3.673940397441934636E-16, 282.7716446627535447, -98.49999999999992895 ) ) ;
#3689 = VERTEX_POINT ( 'NONE', #6030 ) ;
#3690 = VERTEX_POINT ( 'NONE', #2871 ) ;
#3691 = DIRECTION ( 'NONE',  ( 1.000000000000000000, 0.000000000000000000, 0.000000000000000000 ) ) ;
#3692 = PRODUCT_RELATED_PRODUCT_CATEGORY ( 'part', '', ( #1432 ) ) ;
#3693 = VECTOR ( 'NONE', #3774, 1000.000000000000000 ) ;
#3694 = ORIENTED_EDGE ( 'NONE', *, *, #3106, .T. ) ;
#3695 = DIRECTION ( 'NONE',  ( -1.000000000000000000, 0.000000000000000000, 0.000000000000000000 ) ) ;
#3696 = VERTEX_POINT ( 'NONE', #1765 ) ;
#3697 = CARTESIAN_POINT ( 'NONE',  ( 0.000000000000000000, 98.00000000000000000, -22.00000000000000355 ) ) ;
#3698 = CARTESIAN_POINT ( 'NONE',  ( 187.0000000000000000, 110.0000000000000000, -8.000000000000000000 ) ) ;
#3699 = CARTESIAN_POINT ( 'NONE',  ( 13.00000000000000355, 4.000000000000003553, -13.00000000000001066 ) ) ;
#3700 = LINE ( 'NONE', #6359, #1895 ) ;
#3701 = ORIENTED_EDGE ( 'NONE', *, *, #1322, .F. ) ;
#3702 = DIRECTION ( 'NONE',  ( 0.000000000000000000, 0.000000000000000000, -1.000000000000000000 ) ) ;
#3703 = AXIS2_PLACEMENT_3D ( 'NONE', #1938, #4083, #5200 ) ;
#3704 = EDGE_CURVE ( 'NONE', #3723, #3387, #4898, .T. ) ;
#3705 = EDGE_CURVE ( 'NONE', #2866, #2747, #4939, .T. ) ;
#3706 = FACE_OUTER_BOUND ( 'NONE', #4842, .T. ) ;
#3707 = ORIENTED_EDGE ( 'NONE', *, *, #2853, .F. ) ;
#3708 = VERTEX_POINT ( 'NONE', #1218 ) ;
#3709 = DIRECTION ( 'NONE',  ( 0.000000000000000000, 0.000000000000000000, -1.000000000000000000 ) ) ;
#3710 = DIRECTION ( 'NONE',  ( 0.000000000000000000, -1.000000000000000000, 0.000000000000000000 ) ) ;
#3711 = CARTESIAN_POINT ( 'NONE',  ( 178.0000000000000000, 4.000000000000003553, -5.000000000000000000 ) ) ;
#3712 = CIRCLE ( 'NONE', #707, 6.760514917423857462 ) ;
#3713 = EDGE_LOOP ( 'NONE', ( #4944, #5497, #6284, #4953 ) ) ;
#3714 = EDGE_CURVE ( 'NONE', #738, #2017, #2231, .T. ) ;
#3715 = PLANE ( 'NONE',  #5277 ) ;
#3716 = DIRECTION ( 'NONE',  ( 0.000000000000000000, 0.000000000000000000, -1.000000000000000000 ) ) ;
#3717 = ORIENTED_EDGE ( 'NONE', *, *, #1527, .T. ) ;
#3718 = AXIS2_PLACEMENT_3D ( 'NONE', #869, #6089, #3510 ) ;
#3719 = CARTESIAN_POINT ( 'NONE',  ( 13.00000000000000355, 4.000000000000003553, -179.0000000000000000 ) ) ;
#3720 = DIRECTION ( 'NONE',  ( 0.000000000000000000, -1.000000000000000000, 0.000000000000000000 ) ) ;
#3721 = DIRECTION ( 'NONE',  ( 0.000000000000000000, 0.000000000000000000, 1.000000000000000000 ) ) ;
#3722 = ORIENTED_EDGE ( 'NONE', *, *, #3621, .F. ) ;
#3723 = VERTEX_POINT ( 'NONE', #3878 ) ;
#3724 = CIRCLE ( 'NONE', #5198, 1.000000000000000888 ) ;
#3725 = DIRECTION ( 'NONE',  ( 0.5000000000000024425, 0.000000000000000000, 0.8660254037844371533 ) ) ;
#3726 = VECTOR ( 'NONE', #335, 1000.000000000000000 ) ;
#3727 = ORIENTED_EDGE ( 'NONE', *, *, #5149, .F. ) ;
#3728 = LINE ( 'NONE', #5892, #4759 ) ;
#3729 = CIRCLE ( 'NONE', #1500, 1.749999999999999778 ) ;
#3730 = AXIS2_PLACEMENT_3D ( 'NONE', #3688, #5858, #856 ) ;
#3731 = VERTEX_POINT ( 'NONE', #6539 ) ;
#3732 = APPLICATION_PROTOCOL_DEFINITION ( 'draft international standard', 'automotive_design', 1998, #6742 ) ;
#3733 = AXIS2_PLACEMENT_3D ( 'NONE', #6147, #1850, #1366 ) ;
#3734 = EDGE_LOOP ( 'NONE', ( #4509, #3746, #254, #2991 ) ) ;
#3735 = VECTOR ( 'NONE', #5875, 1000.000000000000000 ) ;
#3736 = PLANE ( 'NONE',  #4416 ) ;
#3737 = DIRECTION ( 'NONE',  ( 0.000000000000000000, 0.000000000000000000, -1.000000000000000000 ) ) ;
#3738 = DIRECTION ( 'NONE',  ( 0.000000000000000000, -1.000000000000000000, 0.000000000000000000 ) ) ;
#3739 = CARTESIAN_POINT ( 'NONE',  ( 172.5000000000000284, 3.000000000000000000, -14.79979246179027896 ) ) ;
#3740 = VERTEX_POINT ( 'NONE', #4439 ) ;
#3741 = AXIS2_PLACEMENT_3D ( 'NONE', #4635, #1531, #5766 ) ;
#3742 = EDGE_CURVE ( 'NONE', #3597, #4244, #6572, .T. ) ;
#3743 = CARTESIAN_POINT ( 'NONE',  ( 190.0000000000000000, 385.7716446627536016, -178.0000000000000000 ) ) ;
#3744 = DIRECTION ( 'NONE',  ( 1.000000000000000000, 0.000000000000000000, -0.000000000000000000 ) ) ;
#3745 = ORIENTED_EDGE ( 'NONE', *, *, #3034, .T. ) ;
#3746 = ORIENTED_EDGE ( 'NONE', *, *, #6236, .T. ) ;
#3747 = FACE_OUTER_BOUND ( 'NONE', #3734, .T. ) ;
#3748 = DIRECTION ( 'NONE',  ( 0.000000000000000000, 0.000000000000000000, -1.000000000000000000 ) ) ;
#3749 = AXIS2_PLACEMENT_3D ( 'NONE', #4555, #1251, #6686 ) ;
#3750 = DIRECTION ( 'NONE',  ( 0.4999999999999978906, 0.000000000000000000, -0.8660254037844398178 ) ) ;
#3751 = EDGE_CURVE ( 'NONE', #2119, #4791, #4372, .T. ) ;
#3752 = CARTESIAN_POINT ( 'NONE',  ( 24.11658075373091492, 3.000000000000000000, -19.70000000000012719 ) ) ;
#3753 = AXIS2_PLACEMENT_3D ( 'NONE', #4125, #3716, #6372 ) ;
#3754 = ORIENTED_EDGE ( 'NONE', *, *, #2484, .F. ) ;
#3755 = FACE_OUTER_BOUND ( 'NONE', #3087, .T. ) ;
#3756 = FACE_OUTER_BOUND ( 'NONE', #1630, .T. ) ;
#3757 = CARTESIAN_POINT ( 'NONE',  ( 25.73316150746181208, 3.000000000000000000, -172.5000000000000284 ) ) ;
#3758 = EDGE_CURVE ( 'NONE', #2334, #1719, #6499, .T. ) ;
#3759 = EDGE_CURVE ( 'NONE', #106, #1722, #3138, .T. ) ;
#3760 = PLANE ( 'NONE',  #4371 ) ;
#3761 = VERTEX_POINT ( 'NONE', #602 ) ;
#3762 = FACE_OUTER_BOUND ( 'NONE', #5855, .T. ) ;
#3763 = DIRECTION ( 'NONE',  ( 0.000000000000000000, 1.000000000000000000, -0.000000000000000000 ) ) ;
#3764 = VERTEX_POINT ( 'NONE', #2724 ) ;
#3765 = DIRECTION ( 'NONE',  ( -1.000000000000000000, 0.000000000000000000, 0.000000000000000000 ) ) ;
#3766 = EDGE_CURVE ( 'NONE', #5915, #2465, #5965, .T. ) ;
#3767 = ORIENTED_EDGE ( 'NONE', *, *, #4159, .T. ) ;
#3768 = AXIS2_PLACEMENT_3D ( 'NONE', #1845, #6724, #4064 ) ;
#3769 = ORIENTED_EDGE ( 'NONE', *, *, #4782, .T. ) ;
#3770 = CARTESIAN_POINT ( 'NONE',  ( 99.49999999999995737, 4.000000000000003553, -190.0000000000000000 ) ) ;
#3771 = CARTESIAN_POINT ( 'NONE',  ( 192.0000000000000000, 110.0000000000000000, -3.000000000000000000 ) ) ;
#3772 = EDGE_CURVE ( 'NONE', #1045, #5310, #4334, .T. ) ;
#3773 = AXIS2_PLACEMENT_3D ( 'NONE', #1647, #6447, #651 ) ;
#3774 = DIRECTION ( 'NONE',  ( 1.000000000000000000, 0.000000000000000000, 0.000000000000000000 ) ) ;
#3775 = CARTESIAN_POINT ( 'NONE',  ( 10.00000000000000178, 92.00000000000000000, -10.00000000000000888 ) ) ;
#3776 = EDGE_LOOP ( 'NONE', ( #6027, #5041, #6159, #4914 ) ) ;
#3777 = CYLINDRICAL_SURFACE ( 'NONE', #6525, 5.000000000000000000 ) ;
#3778 = CARTESIAN_POINT ( 'NONE',  ( 185.0000000000000000, 92.00000000000000000, -10.00000000000000888 ) ) ;
#3779 = VERTEX_POINT ( 'NONE', #1667 ) ;
#3780 = ORIENTED_EDGE ( 'NONE', *, *, #5538, .F. ) ;
#3781 = VECTOR ( 'NONE', #4386, 1000.000000000000000 ) ;
#3782 = DIRECTION ( 'NONE',  ( -0.000000000000000000, 1.000000000000000000, -0.000000000000000000 ) ) ;
#3783 = CARTESIAN_POINT ( 'NONE',  ( 188.0000000000000000, 4.000000000000003553, -15.00000000000001421 ) ) ;
#3784 = ADVANCED_FACE ( 'NONE', ( #3809 ), #1186, .F. ) ;
#3785 = DIRECTION ( 'NONE',  ( 0.000000000000000000, 0.000000000000000000, -1.000000000000000000 ) ) ;
#3786 = LINE ( 'NONE', #1123, #3466 ) ;
#3787 = LINE ( 'NONE', #5101, #403 ) ;
#3788 = ORIENTED_EDGE ( 'NONE', *, *, #3040, .T. ) ;
#3789 = VERTEX_POINT ( 'NONE', #851 ) ;
#3790 = FACE_OUTER_BOUND ( 'NONE', #2298, .T. ) ;
#3791 = DIRECTION ( 'NONE',  ( 0.000000000000000000, 0.000000000000000000, -1.000000000000000000 ) ) ;
#3792 = LINE ( 'NONE', #3229, #5488 ) ;
#3793 = ORIENTED_EDGE ( 'NONE', *, *, #1450, .T. ) ;
#3794 = VECTOR ( 'NONE', #1209, 1000.000000000000000 ) ;
#3795 = ORIENTED_EDGE ( 'NONE', *, *, #2240, .F. ) ;
#3796 = ORIENTED_EDGE ( 'NONE', *, *, #2122, .T. ) ;
#3797 = CARTESIAN_POINT ( 'NONE',  ( 0.000000000000000000, 4.000000000000000000, -6.000000000000000000 ) ) ;
#3798 = EDGE_CURVE ( 'NONE', #2465, #3689, #366, .T. ) ;
#3799 = EDGE_CURVE ( 'NONE', #1146, #3461, #1025, .T. ) ;
#3800 = DIRECTION ( 'NONE',  ( 0.000000000000000000, 0.000000000000000000, -1.000000000000000000 ) ) ;
#3801 = ORIENTED_EDGE ( 'NONE', *, *, #1200, .T. ) ;
#3802 = CARTESIAN_POINT ( 'NONE',  ( 185.0000000000000000, 107.0000000000000000, -10.00000000000000888 ) ) ;
#3803 = AXIS2_PLACEMENT_3D ( 'NONE', #2780, #1681, #3863 ) ;
#3804 = ORIENTED_EDGE ( 'NONE', *, *, #3324, .F. ) ;
#3805 = EDGE_CURVE ( 'NONE', #6167, #4899, #915, .T. ) ;
#3806 = ORIENTED_EDGE ( 'NONE', *, *, #2484, .T. ) ;
#3807 = DIRECTION ( 'NONE',  ( 0.4999999999999970579, 0.000000000000000000, 0.8660254037844402619 ) ) ;
#3808 = AXIS2_PLACEMENT_3D ( 'NONE', #552, #70, #1463 ) ;
#3809 = FACE_OUTER_BOUND ( 'NONE', #1369, .T. ) ;
#3810 = ORIENTED_EDGE ( 'NONE', *, *, #1126, .F. ) ;
#3811 = DIRECTION ( 'NONE',  ( 0.000000000000000000, 1.000000000000000000, 0.000000000000000000 ) ) ;
#3812 = CARTESIAN_POINT ( 'NONE',  ( 180.0000000000000000, 4.000000000000003553, -13.00000000000001066 ) ) ;
#3813 = ORIENTED_EDGE ( 'NONE', *, *, #2344, .F. ) ;
#3814 = ORIENTED_EDGE ( 'NONE', *, *, #225, .F. ) ;
#3815 = LINE ( 'NONE', #3252, #3735 ) ;
#3816 = FACE_BOUND ( 'NONE', #3595, .T. ) ;
#3817 = CARTESIAN_POINT ( 'NONE',  ( 6.999999999999997335, 121.1421356237309510, -180.0000000000000000 ) ) ;
#3818 = AXIS2_PLACEMENT_3D ( 'NONE', #2065, #4702, #6293 ) ;
#3819 = ADVANCED_FACE ( 'NONE', ( #2946 ), #6145, .F. ) ;
#3820 = ORIENTED_EDGE ( 'NONE', *, *, #930, .F. ) ;
#3821 = FACE_OUTER_BOUND ( 'NONE', #940, .T. ) ;
#3822 = DIRECTION ( 'NONE',  ( -0.000000000000000000, 1.000000000000000000, 0.000000000000000000 ) ) ;
#3823 = AXIS2_PLACEMENT_3D ( 'NONE', #2376, #6649, #3378 ) ;
#3824 = DIRECTION ( 'NONE',  ( 0.000000000000000000, 0.000000000000000000, 1.000000000000000000 ) ) ;
#3825 = ORIENTED_EDGE ( 'NONE', *, *, #4862, .T. ) ;
#3826 = ADVANCED_FACE ( 'NONE', ( #5188 ), #400, .F. ) ;
#3827 = CIRCLE ( 'NONE', #2956, 1.750000000000001554 ) ;
#3828 = CARTESIAN_POINT ( 'NONE',  ( 96.49999999999998579, 7.000000000000006217, -96.50000000000000000 ) ) ;
#3829 = ORIENTED_EDGE ( 'NONE', *, *, #6319, .F. ) ;
#3830 = LINE ( 'NONE', #1688, #1413 ) ;
#3831 = CARTESIAN_POINT ( 'NONE',  ( 187.2944047413413955, 12.50000000000002842, -178.0000000000000000 ) ) ;
#3832 = EDGE_CURVE ( 'NONE', #4266, #6865, #3475, .T. ) ;
#3833 = VECTOR ( 'NONE', #5213, 1000.000000000000000 ) ;
#3834 = ORIENTED_EDGE ( 'NONE', *, *, #1733, .F. ) ;
#3835 = DIRECTION ( 'NONE',  ( 1.000000000000000000, 0.000000000000000000, 0.000000000000000000 ) ) ;
#3836 = ORIENTED_EDGE ( 'NONE', *, *, #2068, .F. ) ;
#3837 = VECTOR ( 'NONE', #1449, 1000.000000000000000 ) ;
#3838 = CARTESIAN_POINT ( 'NONE',  ( 180.0000000000000000, 121.1421356237309510, -7.000000000000000000 ) ) ;
#3839 = CIRCLE ( 'NONE', #2160, 1.750000000000029310 ) ;
#3840 = EDGE_CURVE ( 'NONE', #4703, #4266, #6219, .T. ) ;
#3841 = DIRECTION ( 'NONE',  ( -3.469446951953621091E-16, 0.000000000000000000, 1.000000000000000000 ) ) ;
#3842 = EDGE_LOOP ( 'NONE', ( #2411, #2650, #3230, #2221 ) ) ;
#3843 = CIRCLE ( 'NONE', #1164, 1.000000000000000888 ) ;
#3844 = CARTESIAN_POINT ( 'NONE',  ( 22.49999999999995026, 4.000000000000000000, -22.50000000000004619 ) ) ;
#3845 = AXIS2_PLACEMENT_3D ( 'NONE', #1259, #1339, #3463 ) ;
#3846 = DIRECTION ( 'NONE',  ( 0.000000000000000000, 0.000000000000000000, -1.000000000000000000 ) ) ;
#3847 = ORIENTED_EDGE ( 'NONE', *, *, #4135, .T. ) ;
#3848 = VERTEX_POINT ( 'NONE', #884 ) ;
#3849 = DIRECTION ( 'NONE',  ( 0.000000000000000000, -1.000000000000000000, 0.000000000000000000 ) ) ;
#3850 = TOROIDAL_SURFACE ( 'NONE', #4858, 7.700207538209741465, 1.000000000000000000 ) ;
#3851 = DIRECTION ( 'NONE',  ( -0.000000000000000000, -1.000000000000000000, -0.000000000000000000 ) ) ;
#3852 = DIRECTION ( 'NONE',  ( 0.000000000000000000, -1.000000000000000000, 0.000000000000000000 ) ) ;
#3853 = EDGE_CURVE ( 'NONE', #1772, #1434, #2910, .T. ) ;
#3854 = CIRCLE ( 'NONE', #6206, 4.500000000000003553 ) ;
#3855 = CARTESIAN_POINT ( 'NONE',  ( 185.0000000000000000, 92.00000000000000000, -185.0000000000000000 ) ) ;
#3856 = MECHANICAL_DESIGN_GEOMETRIC_PRESENTATION_REPRESENTATION (  '', ( #963 ), #3523 ) ;
#3857 = CARTESIAN_POINT ( 'NONE',  ( 22.49999999999995026, 3.000000000000000000, -24.25000000000006395 ) ) ;
#3858 = DIRECTION ( 'NONE',  ( 1.000000000000000000, 0.000000000000000000, -2.876225452396777974E-16 ) ) ;
#3859 = CIRCLE ( 'NONE', #4304, 1.750000000000015543 ) ;
#3860 = ORIENTED_EDGE ( 'NONE', *, *, #4108, .T. ) ;
#3861 = DIRECTION ( 'NONE',  ( -0.4999999999999970579, 0.000000000000000000, -0.8660254037844402619 ) ) ;
#3862 = CARTESIAN_POINT ( 'NONE',  ( 186.6165807537309433, 104.0000000000000000, -182.1999999999999886 ) ) ;
#3863 = DIRECTION ( 'NONE',  ( 0.000000000000000000, 0.000000000000000000, -1.000000000000000000 ) ) ;
#3864 = CARTESIAN_POINT ( 'NONE',  ( 188.0000000000000000, 385.7716446627536016, -178.0000000000000000 ) ) ;
#3865 = VECTOR ( 'NONE', #3264, 1000.000000000000000 ) ;
#3866 = ORIENTED_EDGE ( 'NONE', *, *, #3192, .F. ) ;
#3867 = PLANE ( 'NONE',  #5758 ) ;
#3868 = CARTESIAN_POINT ( 'NONE',  ( 22.49999999999995026, 3.000000000000000000, -172.5000000000000000 ) ) ;
#3869 = VERTEX_POINT ( 'NONE', #1433 ) ;
#3870 = EDGE_CURVE ( 'NONE', #716, #2926, #5670, .T. ) ;
#3871 = LINE ( 'NONE', #5990, #3794 ) ;
#3872 = ORIENTED_EDGE ( 'NONE', *, *, #5924, .F. ) ;
#3873 = ORIENTED_EDGE ( 'NONE', *, *, #5236, .T. ) ;
#3874 = DIRECTION ( 'NONE',  ( 0.000000000000000000, 0.000000000000000000, -1.000000000000000000 ) ) ;
#3875 = ORIENTED_EDGE ( 'NONE', *, *, #2919, .F. ) ;
#3876 = EDGE_CURVE ( 'NONE', #3932, #3723, #3564, .T. ) ;
#3877 = DIRECTION ( 'NONE',  ( 0.000000000000000000, 0.000000000000000000, 1.000000000000000000 ) ) ;
#3878 = CARTESIAN_POINT ( 'NONE',  ( 20.88341924626900692, 0.000000000000000000, -25.30000000000008598 ) ) ;
#3879 = VECTOR ( 'NONE', #4744, 1000.000000000000000 ) ;
#3880 = ORIENTED_EDGE ( 'NONE', *, *, #6908, .T. ) ;
#3881 = CARTESIAN_POINT ( 'NONE',  ( 11.61658075373095400, 104.0000000000000000, -12.80000000000000604 ) ) ;
#3882 = CARTESIAN_POINT ( 'NONE',  ( 182.0000000000000000, 4.000000000000003553, -182.0000000000000000 ) ) ;
#3883 = ORIENTED_EDGE ( 'NONE', *, *, #3363, .T. ) ;
#3884 = ORIENTED_EDGE ( 'NONE', *, *, #3417, .F. ) ;
#3885 = ADVANCED_FACE ( 'NONE', ( #6182 ), #1400, .F. ) ;
#3886 = EDGE_CURVE ( 'NONE', #3267, #878, #5700, .T. ) ;
#3887 = CARTESIAN_POINT ( 'NONE',  ( 20.88341924626900692, 3.000000000000000000, -25.30000000000008598 ) ) ;
#3888 = DIRECTION ( 'NONE',  ( 0.000000000000000000, 1.000000000000000000, 0.000000000000000000 ) ) ;
#3889 = FACE_OUTER_BOUND ( 'NONE', #2127, .T. ) ;
#3890 = PLANE ( 'NONE',  #6259 ) ;
#3891 = FACE_BOUND ( 'NONE', #157, .T. ) ;
#3892 = VECTOR ( 'NONE', #2701, 1000.000000000000000 ) ;
#3893 = ORIENTED_EDGE ( 'NONE', *, *, #6870, .F. ) ;
#3894 = CARTESIAN_POINT ( 'NONE',  ( 5.000000000000004441, 12.50000000000002842, -173.0000000000000000 ) ) ;
#3895 = EDGE_CURVE ( 'NONE', #5358, #6690, #1295, .T. ) ;
#3896 = EDGE_LOOP ( 'NONE', ( #4605, #3727, #1125, #4493 ) ) ;
#3897 = CARTESIAN_POINT ( 'NONE',  ( 0.000000000000000000, 110.0000000000000000, 0.000000000000000000 ) ) ;
#3898 = DIRECTION ( 'NONE',  ( 0.000000000000000000, -1.000000000000000000, 0.000000000000000000 ) ) ;
#3899 = CIRCLE ( 'NONE', #5464, 1.000000000000000000 ) ;
#3900 = CARTESIAN_POINT ( 'NONE',  ( 7.000000000000000000, 4.000000000000000000, -16.00000000000001421 ) ) ;
#3901 = CARTESIAN_POINT ( 'NONE',  ( 185.0000000000000000, 107.0000000000000000, -186.7500000000000000 ) ) ;
#3902 = VECTOR ( 'NONE', #5867, 1000.000000000000000 ) ;
#3903 = LINE ( 'NONE', #5482, #528 ) ;
#3904 = EDGE_CURVE ( 'NONE', #2616, #6897, #2418, .T. ) ;
#3905 = CARTESIAN_POINT ( 'NONE',  ( 22.49999999999995026, 3.657979856674334673, -15.73948508257618606 ) ) ;
#3906 = ORIENTED_EDGE ( 'NONE', *, *, #4588, .F. ) ;
#3907 = SPHERICAL_SURFACE ( 'NONE', #4355, 1.000000000000000000 ) ;
#3908 = AXIS2_PLACEMENT_3D ( 'NONE', #499, #467, #3147 ) ;
#3909 = VERTEX_POINT ( 'NONE', #4519 ) ;
#3910 = ORIENTED_EDGE ( 'NONE', *, *, #6189, .T. ) ;
#3911 = ADVANCED_FACE ( 'NONE', ( #6652, #6107 ), #3456, .T. ) ;
#3912 = ORIENTED_EDGE ( 'NONE', *, *, #3256, .F. ) ;
#3913 = VECTOR ( 'NONE', #3365, 1000.000000000000000 ) ;
#3914 = SPHERICAL_SURFACE ( 'NONE', #3630, 1.000000000000000000 ) ;
#3915 = FACE_OUTER_BOUND ( 'NONE', #312, .T. ) ;
#3916 = CARTESIAN_POINT ( 'NONE',  ( 4.999999999999997335, 385.7716446627536016, -178.0000000000000000 ) ) ;
#3917 = ORIENTED_EDGE ( 'NONE', *, *, #3355, .T. ) ;
#3918 = CARTESIAN_POINT ( 'NONE',  ( 95.49999999999997158, 3.000000000000000000, -190.0000000000000000 ) ) ;
#3919 = DIRECTION ( 'NONE',  ( 0.000000000000000000, 0.000000000000000000, -1.000000000000000000 ) ) ;
#3920 = ORIENTED_EDGE ( 'NONE', *, *, #4482, .F. ) ;
#3921 = ORIENTED_EDGE ( 'NONE', *, *, #2458, .T. ) ;
#3922 = FACE_BOUND ( 'NONE', #4859, .T. ) ;
#3923 = VECTOR ( 'NONE', #1621, 1000.000000000000000 ) ;
#3924 = LINE ( 'NONE', #4379, #232 ) ;
#3925 = DIRECTION ( 'NONE',  ( 0.000000000000000000, 1.000000000000000000, 0.000000000000000000 ) ) ;
#3926 = ADVANCED_FACE ( 'NONE', ( #6689, #1884 ), #2548, .F. ) ;
#3927 = EDGE_CURVE ( 'NONE', #1434, #4817, #1358, .T. ) ;
#3928 = ORIENTED_EDGE ( 'NONE', *, *, #6749, .T. ) ;
#3929 = CARTESIAN_POINT ( 'NONE',  ( 0.000000000000000000, 101.2999999999999972, -195.0000000000000000 ) ) ;
#3930 = EDGE_LOOP ( 'NONE', ( #1747, #875 ) ) ;
#3931 = CARTESIAN_POINT ( 'NONE',  ( 186.6165807537309433, 104.0000000000000000, -12.80000000000000604 ) ) ;
#3932 = VERTEX_POINT ( 'NONE', #1585 ) ;
#3933 = LINE ( 'NONE', #3897, #6703 ) ;
#3934 = LINE ( 'NONE', #1348, #5832 ) ;
#3935 = AXIS2_PLACEMENT_3D ( 'NONE', #3116, #1416, #6804 ) ;
#3936 = EDGE_CURVE ( 'NONE', #2233, #4289, #1464, .T. ) ;
#3937 = EDGE_CURVE ( 'NONE', #4131, #1146, #4354, .T. ) ;
#3938 = DIRECTION ( 'NONE',  ( 0.000000000000000000, -1.000000000000000000, 0.000000000000000000 ) ) ;
#3939 = ORIENTED_EDGE ( 'NONE', *, *, #2178, .T. ) ;
#3940 = CARTESIAN_POINT ( 'NONE',  ( 190.0000000000000000, 110.0000000000000000, -195.0000000000000000 ) ) ;
#3941 = DIRECTION ( 'NONE',  ( 0.000000000000000000, 0.000000000000000000, 1.000000000000000000 ) ) ;
#3942 = ORIENTED_EDGE ( 'NONE', *, *, #5881, .T. ) ;
#3943 = FACE_OUTER_BOUND ( 'NONE', #702, .T. ) ;
#3944 = CARTESIAN_POINT ( 'NONE',  ( 183.3834192462690567, 101.2999999999999972, -7.200000000000011724 ) ) ;
#3945 = VERTEX_POINT ( 'NONE', #104 ) ;
#3946 = ORIENTED_EDGE ( 'NONE', *, *, #3261, .F. ) ;
#3947 = AXIS2_PLACEMENT_3D ( 'NONE', #4053, #764, #3411 ) ;
#3948 = CARTESIAN_POINT ( 'NONE',  ( 6.766838492538109762, 101.2999999999999972, -184.9999999999999716 ) ) ;
#3949 = ORIENTED_EDGE ( 'NONE', *, *, #6010, .F. ) ;
#3950 = DIRECTION ( 'NONE',  ( 0.000000000000000000, 0.000000000000000000, 1.000000000000000000 ) ) ;
#3951 = FACE_BOUND ( 'NONE', #3930, .T. ) ;
#3952 = FACE_OUTER_BOUND ( 'NONE', #1377, .T. ) ;
#3953 = AXIS2_PLACEMENT_3D ( 'NONE', #4574, #1381, #5657 ) ;
#3954 = AXIS2_PLACEMENT_3D ( 'NONE', #229, #6000, #1808 ) ;
#3955 = DIRECTION ( 'NONE',  ( 0.000000000000000000, 0.000000000000000000, -1.000000000000000000 ) ) ;
#3956 = ORIENTED_EDGE ( 'NONE', *, *, #947, .F. ) ;
#3957 = CARTESIAN_POINT ( 'NONE',  ( 172.5000000000000284, 3.000000000000000000, -22.50000000000002132 ) ) ;
#3958 = AXIS2_PLACEMENT_3D ( 'NONE', #2805, #1775, #1894 ) ;
#3959 = DIRECTION ( 'NONE',  ( 0.000000000000000000, 0.000000000000000000, -1.000000000000000000 ) ) ;
#3960 = ORIENTED_EDGE ( 'NONE', *, *, #6382, .T. ) ;
#3961 = ORIENTED_EDGE ( 'NONE', *, *, #6395, .F. ) ;
#3962 = CARTESIAN_POINT ( 'NONE',  ( 22.49999999999995026, 7.000000000000000000, -24.25000000000006395 ) ) ;
#3963 = CARTESIAN_POINT ( 'NONE',  ( 175.7331615074619720, 3.000000000000000000, -22.50000000000006750 ) ) ;
#3964 = CARTESIAN_POINT ( 'NONE',  ( 6.999999999999997335, 107.0000000000000000, -178.0000000000000000 ) ) ;
#3965 = DIRECTION ( 'NONE',  ( -0.8660254037844398178, 0.000000000000000000, -0.4999999999999979461 ) ) ;
#3966 = CIRCLE ( 'NONE', #1954, 1.750000000000001554 ) ;
#3967 = VECTOR ( 'NONE', #2032, 1000.000000000000000 ) ;
#3968 = DIRECTION ( 'NONE',  ( -1.000000000000000000, 0.000000000000000000, 0.000000000000000000 ) ) ;
#3969 = ORIENTED_EDGE ( 'NONE', *, *, #6047, .F. ) ;
#3970 = VECTOR ( 'NONE', #1926, 1000.000000000000000 ) ;
#3971 = ORIENTED_EDGE ( 'NONE', *, *, #6047, .T. ) ;
#3972 = EDGE_CURVE ( 'NONE', #392, #1434, #3298, .T. ) ;
#3973 = DIRECTION ( 'NONE',  ( 0.000000000000000000, -1.000000000000000000, 0.000000000000000000 ) ) ;
#3974 = AXIS2_PLACEMENT_3D ( 'NONE', #4446, #6581, #6286 ) ;
#3975 = CARTESIAN_POINT ( 'NONE',  ( 185.0000000000000000, 101.2999999999999972, -185.0000000000000000 ) ) ;
#3976 = CARTESIAN_POINT ( 'NONE',  ( 185.0000000000000000, 92.00000000000000000, -186.7500000000000000 ) ) ;
#3977 = CARTESIAN_POINT ( 'NONE',  ( 6.999999999999997335, 4.000000000000003553, -178.0000000000000000 ) ) ;
#3978 = AXIS2_PLACEMENT_3D ( 'NONE', #4026, #5490, #698 ) ;
#3979 = CARTESIAN_POINT ( 'NONE',  ( 186.6165807537309433, 101.2999999999999972, -12.80000000000000604 ) ) ;
#3980 = CARTESIAN_POINT ( 'NONE',  ( 172.5000000000000284, 7.000000000000000000, -22.50000000000002132 ) ) ;
#3981 = VERTEX_POINT ( 'NONE', #430 ) ;
#3982 = ADVANCED_FACE ( 'NONE', ( #4846 ), #3760, .F. ) ;
#3983 = EDGE_CURVE ( 'NONE', #4289, #2233, #1561, .T. ) ;
#3984 = CARTESIAN_POINT ( 'NONE',  ( 24.11658075373088295, 0.000000000000000000, -169.7000000000000739 ) ) ;
#3985 = AXIS2_PLACEMENT_3D ( 'NONE', #6617, #6193, #1373 ) ;
#3986 = CARTESIAN_POINT ( 'NONE',  ( 95.49999999999998579, 4.000000000000003553, -99.49999999999997158 ) ) ;
#3987 = ORIENTED_EDGE ( 'NONE', *, *, #6875, .T. ) ;
#3988 = CYLINDRICAL_SURFACE ( 'NONE', #3670, 1.000000000000000888 ) ;
#3989 = EDGE_LOOP ( 'NONE', ( #6216, #1590, #1108, #1116 ) ) ;
#3990 = EDGE_CURVE ( 'NONE', #5053, #6043, #3792, .T. ) ;
#3991 = LINE ( 'NONE', #2416, #3655 ) ;
#3992 = DIRECTION ( 'NONE',  ( 0.000000000000000000, 0.000000000000000000, -1.000000000000000000 ) ) ;
#3993 = CARTESIAN_POINT ( 'NONE',  ( 175.8578643762691058, 15.00000000000000000, -170.0000000000000000 ) ) ;
#3994 = ORIENTED_EDGE ( 'NONE', *, *, #4962, .F. ) ;
#3995 = CARTESIAN_POINT ( 'NONE',  ( 16.00000000000000355, 3.000000000000000000, -13.00000000000001066 ) ) ;
#3996 = CARTESIAN_POINT ( 'NONE',  ( 186.6165807537309433, 101.2999999999999972, -12.80000000000000604 ) ) ;
#3997 = DIRECTION ( 'NONE',  ( 0.000000000000000000, 0.000000000000000000, -1.000000000000000000 ) ) ;
#3998 = ORIENTED_EDGE ( 'NONE', *, *, #5731, .F. ) ;
#3999 = ORIENTED_EDGE ( 'NONE', *, *, #2400, .T. ) ;
#4000 = EDGE_CURVE ( 'NONE', #3789, #5404, #3594, .T. ) ;
#4001 = LINE ( 'NONE', #198, #2738 ) ;
#4002 = LINE ( 'NONE', #6039, #2384 ) ;
#4003 = DIRECTION ( 'NONE',  ( 0.000000000000000000, -1.000000000000000000, 0.000000000000000000 ) ) ;
#4004 = LINE ( 'NONE', #2920, #1337 ) ;
#4005 = DIRECTION ( 'NONE',  ( 0.000000000000000000, 1.000000000000000000, 0.000000000000000000 ) ) ;
#4006 = ORIENTED_EDGE ( 'NONE', *, *, #4283, .T. ) ;
#4007 = CARTESIAN_POINT ( 'NONE',  ( 189.0000000000000000, 7.000000000000006217, -99.50000000000000000 ) ) ;
#4008 = ORIENTED_EDGE ( 'NONE', *, *, #4130, .F. ) ;
#4009 = CIRCLE ( 'NONE', #5337, 5.544119062935236819 ) ;
#4010 = ORIENTED_EDGE ( 'NONE', *, *, #264, .T. ) ;
#4011 = ADVANCED_FACE ( 'NONE', ( #586 ), #5853, .F. ) ;
#4012 = DIRECTION ( 'NONE',  ( 0.000000000000000000, 0.000000000000000000, 1.000000000000000000 ) ) ;
#4013 = PLANE ( 'NONE',  #4634 ) ;
#4014 = DIRECTION ( 'NONE',  ( 1.000000000000000000, 0.000000000000000000, 0.000000000000000000 ) ) ;
#4015 = DIRECTION ( 'NONE',  ( 0.8660254037844399289, 0.000000000000000000, -0.4999999999999977240 ) ) ;
#4016 = CARTESIAN_POINT ( 'NONE',  ( 20.88341924626901758, 3.000000000000000000, -19.70000000000012719 ) ) ;
#4017 = ORIENTED_EDGE ( 'NONE', *, *, #3205, .F. ) ;
#4018 = DIRECTION ( 'NONE',  ( 0.000000000000000000, 0.000000000000000000, -1.000000000000000000 ) ) ;
#4019 = LINE ( 'NONE', #1246, #3573 ) ;
#4020 = EDGE_CURVE ( 'NONE', #4099, #3248, #5377, .T. ) ;
#4021 = ADVANCED_FACE ( 'NONE', ( #6794 ), #6264, .F. ) ;
#4022 = ORIENTED_EDGE ( 'NONE', *, *, #4277, .T. ) ;
#4023 = PRODUCT_DEFINITION_SHAPE ( 'NONE', 'NONE',  #844 ) ;
#4024 = DIRECTION ( 'NONE',  ( 1.000000000000000000, 0.000000000000000000, -8.584654849926763228E-15 ) ) ;
#4025 = ORIENTED_EDGE ( 'NONE', *, *, #2466, .F. ) ;
#4026 = CARTESIAN_POINT ( 'NONE',  ( 95.49999999999997158, 4.000000000000001776, -189.0000000000000000 ) ) ;
#4027 = PLANE ( 'NONE',  #2205 ) ;
#4028 = AXIS2_PLACEMENT_3D ( 'NONE', #3831, #4966, #6561 ) ;
#4029 = DIRECTION ( 'NONE',  ( 0.000000000000000000, 0.000000000000000000, -1.000000000000000000 ) ) ;
#4030 = DIRECTION ( 'NONE',  ( 0.000000000000000000, 0.000000000000000000, -1.000000000000000000 ) ) ;
#4031 = EDGE_CURVE ( 'NONE', #5052, #6043, #4321, .T. ) ;
#4032 = VERTEX_POINT ( 'NONE', #2214 ) ;
#4033 = CARTESIAN_POINT ( 'NONE',  ( 99.49999999999997158, 3.000000000000000000, -95.50000000000000000 ) ) ;
#4034 = VECTOR ( 'NONE', #1262, 1000.000000000000114 ) ;
#4035 = DIRECTION ( 'NONE',  ( 0.000000000000000000, 0.000000000000000000, -1.000000000000000000 ) ) ;
#4036 = ORIENTED_EDGE ( 'NONE', *, *, #5762, .T. ) ;
#4037 = ORIENTED_EDGE ( 'NONE', *, *, #5686, .F. ) ;
#4038 = CARTESIAN_POINT ( 'NONE',  ( 172.5000000000000284, 7.000000000000000000, -172.5000000000000284 ) ) ;
#4039 = CYLINDRICAL_SURFACE ( 'NONE', #1659, 1.750000000000001554 ) ;
#4040 = DIRECTION ( 'NONE',  ( -0.000000000000000000, 1.000000000000000000, -0.000000000000000000 ) ) ;
#4041 = AXIS2_PLACEMENT_3D ( 'NONE', #799, #4957, #5510 ) ;
#4042 = DIRECTION ( 'NONE',  ( -0.000000000000000000, 1.000000000000000000, -0.000000000000000000 ) ) ;
#4043 = ORIENTED_EDGE ( 'NONE', *, *, #5389, .T. ) ;
#4044 = LINE ( 'NONE', #3358, #820 ) ;
#4045 = ORIENTED_EDGE ( 'NONE', *, *, #1062, .T. ) ;
#4046 = EDGE_LOOP ( 'NONE', ( #3745, #6860, #4145, #4601 ) ) ;
#4047 = DIRECTION ( 'NONE',  ( -1.000000000000000000, 0.000000000000000000, 0.000000000000000000 ) ) ;
#4048 = CARTESIAN_POINT ( 'NONE',  ( 190.0000000000000000, 110.0000000000000000, -195.0000000000000000 ) ) ;
#4049 = CARTESIAN_POINT ( 'NONE',  ( 190.0000000000000000, 107.0000000000000000, -15.00000000000001421 ) ) ;
#4050 = VECTOR ( 'NONE', #5390, 1000.000000000000000 ) ;
#4051 = EDGE_CURVE ( 'NONE', #1889, #113, #2020, .T. ) ;
#4052 = LINE ( 'NONE', #3979, #5436 ) ;
#4053 = CARTESIAN_POINT ( 'NONE',  ( 22.49999999999995026, 8.494954838909416495, -172.5000000000000000 ) ) ;
#4054 = EDGE_LOOP ( 'NONE', ( #5410, #650, #6346, #2681, #1370 ) ) ;
#4055 = AXIS2_PLACEMENT_3D ( 'NONE', #5983, #6127, #171 ) ;
#4056 = CARTESIAN_POINT ( 'NONE',  ( 7.000000000000000000, 121.1421356237309510, -15.00000000000001421 ) ) ;
#4057 = FACE_OUTER_BOUND ( 'NONE', #6323, .T. ) ;
#4058 = EDGE_CURVE ( 'NONE', #5420, #6150, #810, .T. ) ;
#4059 = AXIS2_PLACEMENT_3D ( 'NONE', #3575, #2463, #5710 ) ;
#4060 = ORIENTED_EDGE ( 'NONE', *, *, #434, .T. ) ;
#4061 = DIRECTION ( 'NONE',  ( 1.000000000000000000, 0.000000000000000000, 0.000000000000000000 ) ) ;
#4062 = ORIENTED_EDGE ( 'NONE', *, *, #6755, .F. ) ;
#4063 = CYLINDRICAL_SURFACE ( 'NONE', #2862, 1.000000000000000888 ) ;
#4064 = DIRECTION ( 'NONE',  ( 0.000000000000000000, 0.000000000000000000, 1.000000000000000000 ) ) ;
#4065 = ADVANCED_FACE ( 'NONE', ( #281 ), #4390, .F. ) ;
#4066 = AXIS2_PLACEMENT_3D ( 'NONE', #3554, #5145, #804 ) ;
#4067 = EDGE_LOOP ( 'NONE', ( #4872, #2198, #587, #5402 ) ) ;
#4068 = LINE ( 'NONE', #6727, #4200 ) ;
#4069 = CARTESIAN_POINT ( 'NONE',  ( 8.383419246269049552, 104.0000000000000000, -182.1999999999999886 ) ) ;
#4070 = EDGE_LOOP ( 'NONE', ( #1834, #2783, #1634, #3836 ) ) ;
#4071 = VERTEX_POINT ( 'NONE', #3901 ) ;
#4072 = AXIS2_PLACEMENT_3D ( 'NONE', #1096, #652, #4255 ) ;
#4073 = FACE_OUTER_BOUND ( 'NONE', #783, .T. ) ;
#4074 = ADVANCED_FACE ( 'NONE', ( #1274 ), #6518, .F. ) ;
#4075 = LINE ( 'NONE', #749, #6168 ) ;
#4076 = ADVANCED_FACE ( 'NONE', ( #5069 ), #2893, .F. ) ;
#4077 = CARTESIAN_POINT ( 'NONE',  ( 180.0000000000000000, 104.0000000000000000, -182.1999999999999886 ) ) ;
#4078 = DIRECTION ( 'NONE',  ( -1.000000000000000000, 0.000000000000000000, 0.000000000000000000 ) ) ;
#4079 = DIRECTION ( 'NONE',  ( 0.000000000000000000, 0.000000000000000000, 1.000000000000000000 ) ) ;
#4080 = CARTESIAN_POINT ( 'NONE',  ( 5.999999999999998224, 7.000000000000006217, -98.49999999999992895 ) ) ;
#4081 = VERTEX_POINT ( 'NONE', #6090 ) ;
#4082 = CIRCLE ( 'NONE', #3958, 1.000000000000000888 ) ;
#4083 = DIRECTION ( 'NONE',  ( 0.000000000000000000, -1.000000000000000000, 0.000000000000000000 ) ) ;
#4084 = ORIENTED_EDGE ( 'NONE', *, *, #452, .F. ) ;
#4085 = ORIENTED_EDGE ( 'NONE', *, *, #6111, .T. ) ;
#4086 = ADVANCED_FACE ( 'NONE', ( #4958 ), #145, .F. ) ;
#4087 = CIRCLE ( 'NONE', #2726, 1.000000000000000888 ) ;
#4088 = DIRECTION ( 'NONE',  ( 0.000000000000000000, -1.000000000000000000, 0.000000000000000000 ) ) ;
#4089 = CARTESIAN_POINT ( 'NONE',  ( 6.000000000000000000, 3.000000000000000000, -8.722073342900150914E-17 ) ) ;
#4090 = DIRECTION ( 'NONE',  ( 0.000000000000000000, -1.000000000000000000, 0.000000000000000000 ) ) ;
#4091 = VECTOR ( 'NONE', #6322, 1000.000000000000000 ) ;
#4092 = CARTESIAN_POINT ( 'NONE',  ( 195.0000000000000000, 104.0000000000000000, 0.000000000000000000 ) ) ;
#4093 = DIRECTION ( 'NONE',  ( 0.000000000000000000, 0.000000000000000000, -1.000000000000000000 ) ) ;
#4094 = VECTOR ( 'NONE', #3674, 1000.000000000000000 ) ;
#4095 = ORIENTED_EDGE ( 'NONE', *, *, #2303, .T. ) ;
#4096 = CARTESIAN_POINT ( 'NONE',  ( 185.0000000000000000, 92.00000000000000000, -185.0000000000000000 ) ) ;
#4097 = CYLINDRICAL_SURFACE ( 'NONE', #4474, 1.750000000000001554 ) ;
#4098 = AXIS2_PLACEMENT_3D ( 'NONE', #1408, #1854, #3537 ) ;
#4099 = VERTEX_POINT ( 'NONE', #1866 ) ;
#4100 = FACE_OUTER_BOUND ( 'NONE', #1057, .T. ) ;
#4101 = CIRCLE ( 'NONE', #1070, 1.749999999999999778 ) ;
#4102 = FACE_OUTER_BOUND ( 'NONE', #343, .T. ) ;
#4103 = ADVANCED_FACE ( 'NONE', ( #3404, #5033 ), #1788, .F. ) ;
#4104 = DIRECTION ( 'NONE',  ( -1.438112726198389233E-16, 0.000000000000000000, -1.000000000000000000 ) ) ;
#4105 = ORIENTED_EDGE ( 'NONE', *, *, #1053, .T. ) ;
#4106 = VECTOR ( 'NONE', #5071, 1000.000000000000000 ) ;
#4107 = CARTESIAN_POINT ( 'NONE',  ( 5.000000000000000000, 106.9999999999999858, -17.00000000000001421 ) ) ;
#4108 = EDGE_CURVE ( 'NONE', #2824, #3241, #4263, .T. ) ;
#4109 = ORIENTED_EDGE ( 'NONE', *, *, #4124, .T. ) ;
#4110 = CARTESIAN_POINT ( 'NONE',  ( 182.0000000000000000, 3.000000000000000000, -179.0000000000000000 ) ) ;
#4111 = CARTESIAN_POINT ( 'NONE',  ( 175.7331615074620004, 0.000000000000000000, -22.50000000000007461 ) ) ;
#4112 = CARTESIAN_POINT ( 'NONE',  ( 192.0000000000000000, 110.0000000000000000, -8.000000000000000000 ) ) ;
#4113 = LINE ( 'NONE', #5708, #4593 ) ;
#4114 = ORIENTED_EDGE ( 'NONE', *, *, #4771, .T. ) ;
#4115 = EDGE_CURVE ( 'NONE', #5212, #6343, #761, .T. ) ;
#4116 = EDGE_CURVE ( 'NONE', #2731, #5895, #2482, .T. ) ;
#4117 = CARTESIAN_POINT ( 'NONE',  ( 0.000000000000000000, 4.000000000000000000, -6.000000000000000000 ) ) ;
#4118 = ORIENTED_EDGE ( 'NONE', *, *, #143, .T. ) ;
#4119 = DIRECTION ( 'NONE',  ( -0.000000000000000000, -1.000000000000000000, -0.000000000000000000 ) ) ;
#4120 = FACE_BOUND ( 'NONE', #1890, .T. ) ;
#4121 = DIRECTION ( 'NONE',  ( 1.000000000000000000, 0.000000000000000000, 0.000000000000000000 ) ) ;
#4122 = CARTESIAN_POINT ( 'NONE',  ( 95.49999999999998579, 4.000000000000003553, -99.49999999999997158 ) ) ;
#4123 = AXIS2_PLACEMENT_3D ( 'NONE', #4188, #5082, #296 ) ;
#4124 = EDGE_CURVE ( 'NONE', #431, #3451, #4462, .T. ) ;
#4125 = CARTESIAN_POINT ( 'NONE',  ( 98.49999999999997158, 282.7716446627535447, -96.50000000000000000 ) ) ;
#4126 = EDGE_LOOP ( 'NONE', ( #2511, #5347 ) ) ;
#4127 = CARTESIAN_POINT ( 'NONE',  ( 24.11658075373090782, 3.000000000000000000, -25.30000000000008598 ) ) ;
#4128 = CARTESIAN_POINT ( 'NONE',  ( 10.00000000000000178, 92.00000000000000000, -10.00000000000000888 ) ) ;
#4129 = EDGE_LOOP ( 'NONE', ( #3920, #2527 ) ) ;
#4130 = EDGE_CURVE ( 'NONE', #6428, #5978, #1920, .T. ) ;
#4131 = VERTEX_POINT ( 'NONE', #4921 ) ;
#4132 = CARTESIAN_POINT ( 'NONE',  ( 174.1165807537310570, 0.000000000000000000, -19.70000000000010587 ) ) ;
#4133 = VECTOR ( 'NONE', #3851, 1000.000000000000000 ) ;
#4134 = DIRECTION ( 'NONE',  ( 0.000000000000000000, -1.000000000000000000, 0.000000000000000000 ) ) ;
#4135 = EDGE_CURVE ( 'NONE', #1726, #3461, #1750, .T. ) ;
#4136 = LINE ( 'NONE', #6283, #5854 ) ;
#4137 = VERTEX_POINT ( 'NONE', #1828 ) ;
#4138 = CARTESIAN_POINT ( 'NONE',  ( 172.5000000000000284, 7.000000000000000000, -22.50000000000002132 ) ) ;
#4139 = DIRECTION ( 'NONE',  ( 0.000000000000000000, 0.000000000000000000, -1.000000000000000000 ) ) ;
#4140 = VECTOR ( 'NONE', #5038, 1000.000000000000114 ) ;
#4141 = ORIENTED_EDGE ( 'NONE', *, *, #4598, .F. ) ;
#4142 = DIRECTION ( 'NONE',  ( 0.000000000000000000, 1.000000000000000000, 0.000000000000000000 ) ) ;
#4143 = CARTESIAN_POINT ( 'NONE',  ( 190.0000000000000000, 4.000000000000003553, -178.0000000000000000 ) ) ;
#4144 = VERTEX_POINT ( 'NONE', #3976 ) ;
#4145 = ORIENTED_EDGE ( 'NONE', *, *, #1443, .F. ) ;
#4146 = CARTESIAN_POINT ( 'NONE',  ( 11.61658075373095400, 101.2999999999999972, -182.1999999999999886 ) ) ;
#4147 = VECTOR ( 'NONE', #2006, 1000.000000000000000 ) ;
#4148 = LINE ( 'NONE', #1573, #6888 ) ;
#4149 = DIRECTION ( 'NONE',  ( 1.000000000000000000, 0.000000000000000000, -0.000000000000000000 ) ) ;
#4150 = DIRECTION ( 'NONE',  ( 1.000000000000000000, 0.000000000000000000, 0.000000000000000000 ) ) ;
#4151 = EDGE_CURVE ( 'NONE', #3945, #5830, #1576, .T. ) ;
#4152 = EDGE_CURVE ( 'NONE', #6146, #6784, #5479, .T. ) ;
#4153 = LINE ( 'NONE', #902, #911 ) ;
#4154 = LINE ( 'NONE', #1483, #1075 ) ;
#4155 = ORIENTED_EDGE ( 'NONE', *, *, #6537, .F. ) ;
#4156 = CARTESIAN_POINT ( 'NONE',  ( 10.00000000000000178, 101.2999999999999972, -185.0000000000000000 ) ) ;
#4157 = VECTOR ( 'NONE', #4976, 1000.000000000000000 ) ;
#4158 = EDGE_CURVE ( 'NONE', #1751, #3740, #6376, .T. ) ;
#4159 = EDGE_CURVE ( 'NONE', #4419, #5267, #3593, .T. ) ;
#4160 = CARTESIAN_POINT ( 'NONE',  ( 185.0000000000000000, 92.00000000000000000, -10.00000000000000888 ) ) ;
#4161 = ORIENTED_EDGE ( 'NONE', *, *, #2049, .T. ) ;
#4162 = CARTESIAN_POINT ( 'NONE',  ( 172.5000000000000284, 3.657979856674334673, -172.5000000000000284 ) ) ;
#4163 = CARTESIAN_POINT ( 'NONE',  ( 95.49999999999997158, 385.7716446627536016, -190.0000000000000000 ) ) ;
#4164 = DIRECTION ( 'NONE',  ( 0.000000000000000000, 0.000000000000000000, 1.000000000000000000 ) ) ;
#4165 = AXIS2_PLACEMENT_3D ( 'NONE', #2030, #2495, #6832 ) ;
#4166 = VERTEX_POINT ( 'NONE', #211 ) ;
#4167 = DIRECTION ( 'NONE',  ( 0.000000000000000000, -2.775557561562888984E-15, -1.000000000000000000 ) ) ;
#4168 = ORIENTED_EDGE ( 'NONE', *, *, #5064, .F. ) ;
#4169 = CARTESIAN_POINT ( 'NONE',  ( 15.00000000000000000, 104.0000000000000000, -5.000000000000031974 ) ) ;
#4170 = DIRECTION ( 'NONE',  ( 0.000000000000000000, -1.000000000000000000, 0.000000000000000000 ) ) ;
#4171 = LINE ( 'NONE', #4565, #4793 ) ;
#4172 = CARTESIAN_POINT ( 'NONE',  ( 172.5000000000000284, 3.657979856674334673, -179.2605149174238761 ) ) ;
#4173 = EDGE_LOOP ( 'NONE', ( #6410, #6099 ) ) ;
#4174 = VECTOR ( 'NONE', #5046, 999.9999999999998863 ) ;
#4175 = FACE_OUTER_BOUND ( 'NONE', #2937, .T. ) ;
#4176 = EDGE_LOOP ( 'NONE', ( #1702, #2837, #4423, #1391 ) ) ;
#4177 = ORIENTED_EDGE ( 'NONE', *, *, #1143, .T. ) ;
#4178 = CARTESIAN_POINT ( 'NONE',  ( 22.49999999999995026, 3.000000000000000000, -170.7499999999999716 ) ) ;
#4179 = CARTESIAN_POINT ( 'NONE',  ( 6.000000000000000000, 4.000000000000000000, -8.722073342900150914E-17 ) ) ;
#4180 = ADVANCED_FACE ( 'NONE', ( #4183 ), #450, .T. ) ;
#4181 = DIRECTION ( 'NONE',  ( -1.000000000000000000, -0.000000000000000000, -0.000000000000000000 ) ) ;
#4182 = CIRCLE ( 'NONE', #394, 2.000000000000000000 ) ;
#4183 = FACE_OUTER_BOUND ( 'NONE', #4590, .T. ) ;
#4184 = CARTESIAN_POINT ( 'NONE',  ( 17.00000000000001421, 3.000000000000000000, -188.0000000000000000 ) ) ;
#4185 = EDGE_CURVE ( 'NONE', #852, #1810, #1796, .T. ) ;
#4186 = CARTESIAN_POINT ( 'NONE',  ( 11.61658075373095400, 104.0000000000000000, -187.7999999999999829 ) ) ;
#4187 = VERTEX_POINT ( 'NONE', #3857 ) ;
#4188 = CARTESIAN_POINT ( 'NONE',  ( 22.49999999999995026, 8.494954838909416495, -22.50000000000004619 ) ) ;
#4189 = CIRCLE ( 'NONE', #6645, 1.750000000000029310 ) ;
#4190 = CARTESIAN_POINT ( 'NONE',  ( 22.49999999999995026, 7.000000000000000000, -172.5000000000000000 ) ) ;
#4191 = AXIS2_PLACEMENT_3D ( 'NONE', #2234, #6033, #154 ) ;
#4192 = ORIENTED_EDGE ( 'NONE', *, *, #4360, .F. ) ;
#4193 = EDGE_LOOP ( 'NONE', ( #3479, #2619, #3018, #91 ) ) ;
#4194 = CIRCLE ( 'NONE', #2057, 5.000000000000000888 ) ;
#4195 = EDGE_CURVE ( 'NONE', #1523, #3029, #3224, .T. ) ;
#4196 = ADVANCED_FACE ( 'NONE', ( #5979, #2138 ), #3715, .F. ) ;
#4197 = CARTESIAN_POINT ( 'NONE',  ( 95.49999999999997158, 3.000000000000000000, -189.0000000000000000 ) ) ;
#4198 = ORIENTED_EDGE ( 'NONE', *, *, #6785, .T. ) ;
#4199 = DIRECTION ( 'NONE',  ( -0.000000000000000000, -1.000000000000000000, -0.000000000000000000 ) ) ;
#4200 = VECTOR ( 'NONE', #4596, 1000.000000000000000 ) ;
#4201 = CARTESIAN_POINT ( 'NONE',  ( 170.8834192462690851, 3.000000000000000000, -175.3000000000000682 ) ) ;
#4202 = VECTOR ( 'NONE', #1969, 1000.000000000000000 ) ;
#4203 = ORIENTED_EDGE ( 'NONE', *, *, #2687, .F. ) ;
#4204 = CARTESIAN_POINT ( 'NONE',  ( 16.00000000000000000, 3.000000000000000000, -7.000000000000000000 ) ) ;
#4205 = EDGE_CURVE ( 'NONE', #5978, #293, #582, .T. ) ;
#4206 = VECTOR ( 'NONE', #2191, 1000.000000000000000 ) ;
#4207 = ORIENTED_EDGE ( 'NONE', *, *, #1149, .T. ) ;
#4208 = CARTESIAN_POINT ( 'NONE',  ( 188.0000000000000000, 3.000000000000000000, -17.00000000000001421 ) ) ;
#4209 = LINE ( 'NONE', #5827, #5252 ) ;
#4210 = AXIS2_PLACEMENT_3D ( 'NONE', #6130, #6165, #2970 ) ;
#4211 = CARTESIAN_POINT ( 'NONE',  ( 17.00000000000001421, 3.000000000000000000, -189.0000000000000000 ) ) ;
#4212 = ORIENTED_EDGE ( 'NONE', *, *, #3440, .T. ) ;
#4213 = DIRECTION ( 'NONE',  ( 0.000000000000000000, 0.000000000000000000, -1.000000000000000000 ) ) ;
#4214 = DIRECTION ( 'NONE',  ( -1.000000000000000000, -0.000000000000000000, 0.000000000000000000 ) ) ;
#4215 = VERTEX_POINT ( 'NONE', #5471 ) ;
#4216 = ORIENTED_EDGE ( 'NONE', *, *, #1429, .T. ) ;
#4217 = FACE_OUTER_BOUND ( 'NONE', #3135, .T. ) ;
#4218 = CARTESIAN_POINT ( 'NONE',  ( 95.50000000000000000, 4.000000000000003553, -6.000000000000000000 ) ) ;
#4219 = CARTESIAN_POINT ( 'NONE',  ( 5.000000000000000000, 0.000000000000000000, -0.5000000000000004441 ) ) ;
#4220 = EDGE_CURVE ( 'NONE', #3285, #6001, #2137, .T. ) ;
#4221 = ORIENTED_EDGE ( 'NONE', *, *, #5228, .F. ) ;
#4222 = LINE ( 'NONE', #6374, #6231 ) ;
#4223 = CARTESIAN_POINT ( 'NONE',  ( 189.0000000000000000, 3.000000000000000000, -95.50000000000000000 ) ) ;
#4224 = AXIS2_PLACEMENT_3D ( 'NONE', #6752, #5184, #2577 ) ;
#4225 = ORIENTED_EDGE ( 'NONE', *, *, #1492, .F. ) ;
#4226 = ADVANCED_FACE ( 'NONE', ( #546 ), #4807, .F. ) ;
#4227 = DIRECTION ( 'NONE',  ( -1.073081856240832782E-15, 0.000000000000000000, -1.000000000000000000 ) ) ;
#4228 = ORIENTED_EDGE ( 'NONE', *, *, #2649, .T. ) ;
#4229 = DIRECTION ( 'NONE',  ( 0.000000000000000000, 1.000000000000000000, -0.000000000000000000 ) ) ;
#4230 = ADVANCED_FACE ( 'NONE', ( #4454, #6585 ), #2807, .T. ) ;
#4231 = EDGE_CURVE ( 'NONE', #2819, #1751, #3362, .T. ) ;
#4232 = VECTOR ( 'NONE', #5550, 1000.000000000000000 ) ;
#4233 = ORIENTED_EDGE ( 'NONE', *, *, #3876, .F. ) ;
#4234 = CARTESIAN_POINT ( 'NONE',  ( 175.7331615074619720, 0.000000000000000000, -172.5000000000000284 ) ) ;
#4235 = ORIENTED_EDGE ( 'NONE', *, *, #5117, .T. ) ;
#4236 = CARTESIAN_POINT ( 'NONE',  ( 190.0000000000000000, 15.00000000000000000, -175.0000000000000000 ) ) ;
#4237 = CARTESIAN_POINT ( 'NONE',  ( 187.2944047413413955, 98.00000000000000000, -178.0000000000000000 ) ) ;
#4238 = ADVANCED_FACE ( 'NONE', ( #206 ), #4420, .F. ) ;
#4239 = CARTESIAN_POINT ( 'NONE',  ( 22.49999999999995026, 7.000000000000000000, -170.7499999999999716 ) ) ;
#4240 = VERTEX_POINT ( 'NONE', #793 ) ;
#4241 = LINE ( 'NONE', #2655, #5204 ) ;
#4242 = AXIS2_PLACEMENT_3D ( 'NONE', #4497, #3858, #5472 ) ;
#4243 = DIRECTION ( 'NONE',  ( 0.000000000000000000, -0.000000000000000000, 1.000000000000000000 ) ) ;
#4244 = VERTEX_POINT ( 'NONE', #2924 ) ;
#4245 = ORIENTED_EDGE ( 'NONE', *, *, #3239, .F. ) ;
#4246 = DIRECTION ( 'NONE',  ( 0.000000000000000000, 0.000000000000000000, 1.000000000000000000 ) ) ;
#4247 = CARTESIAN_POINT ( 'NONE',  ( 195.0000000000000000, 15.00000000000000000, -175.0000000000000000 ) ) ;
#4248 = CIRCLE ( 'NONE', #2113, 2.000000000000001776 ) ;
#4249 = LINE ( 'NONE', #5265, #4932 ) ;
#4250 = CIRCLE ( 'NONE', #6722, 5.544119062935264353 ) ;
#4251 = DIRECTION ( 'NONE',  ( -1.000000000000000000, 0.000000000000000000, 0.000000000000000000 ) ) ;
#4252 = MANIFOLD_SOLID_BREP ( 'Fillet6', #4408 ) ;
#4253 = ORIENTED_EDGE ( 'NONE', *, *, #6538, .T. ) ;
#4254 = DIRECTION ( 'NONE',  ( 0.000000000000000000, 0.000000000000000000, -1.000000000000000000 ) ) ;
#4255 = DIRECTION ( 'NONE',  ( 1.000000000000000000, 0.000000000000000000, 0.000000000000000000 ) ) ;
#4256 = CARTESIAN_POINT ( 'NONE',  ( 180.0000000000000000, 121.1421356237309510, -189.9999999999999716 ) ) ;
#4257 = ORIENTED_EDGE ( 'NONE', *, *, #5380, .T. ) ;
#4258 = PLANE ( 'NONE',  #843 ) ;
#4259 = ORIENTED_EDGE ( 'NONE', *, *, #1559, .F. ) ;
#4260 = AXIS2_PLACEMENT_3D ( 'NONE', #5084, #5158, #1847 ) ;
#4261 = DIRECTION ( 'NONE',  ( 0.000000000000000000, 1.000000000000000000, 0.000000000000000000 ) ) ;
#4262 = EDGE_CURVE ( 'NONE', #6865, #5773, #5545, .T. ) ;
#4263 = CIRCLE ( 'NONE', #1031, 5.000000000000000000 ) ;
#4264 = ORIENTED_EDGE ( 'NONE', *, *, #4348, .T. ) ;
#4265 = LINE ( 'NONE', #532, #2408 ) ;
#4266 = VERTEX_POINT ( 'NONE', #756 ) ;
#4267 = EDGE_CURVE ( 'NONE', #3241, #5720, #4044, .T. ) ;
#4268 = CARTESIAN_POINT ( 'NONE',  ( 13.00000000000000355, 121.1421356237309510, -13.00000000000001066 ) ) ;
#4269 = LINE ( 'NONE', #6858, #901 ) ;
#4270 = DIRECTION ( 'NONE',  ( 4.188538737676955403E-17, -0.9396926207859095381, 0.3420201433256657153 ) ) ;
#4271 = EDGE_LOOP ( 'NONE', ( #2615, #14 ) ) ;
#4272 = CYLINDRICAL_SURFACE ( 'NONE', #4400, 1.749999999999999778 ) ;
#4273 = DIRECTION ( 'NONE',  ( 0.000000000000000000, 0.000000000000000000, -1.000000000000000000 ) ) ;
#4274 = VERTEX_POINT ( 'NONE', #3894 ) ;
#4275 = ORIENTED_EDGE ( 'NONE', *, *, #2355, .F. ) ;
#4276 = EDGE_CURVE ( 'NONE', #431, #658, #1376, .T. ) ;
#4277 = EDGE_CURVE ( 'NONE', #3128, #3236, #4722, .T. ) ;
#4278 = CYLINDRICAL_SURFACE ( 'NONE', #6872, 1.749999999999999778 ) ;
#4279 = CARTESIAN_POINT ( 'NONE',  ( 22.49999999999995026, 8.494954838909416495, -172.5000000000000000 ) ) ;
#4280 = DIRECTION ( 'NONE',  ( -1.000000000000000000, 0.000000000000000000, 2.876225452396777974E-16 ) ) ;
#4281 = CARTESIAN_POINT ( 'NONE',  ( 5.000000000000000888, 107.0000000000000000, -180.0000000000000000 ) ) ;
#4282 = AXIS2_PLACEMENT_3D ( 'NONE', #6257, #3664, #1409 ) ;
#4283 = EDGE_CURVE ( 'NONE', #5936, #3339, #165, .T. ) ;
#4284 = ORIENTED_EDGE ( 'NONE', *, *, #5731, .T. ) ;
#4285 = CIRCLE ( 'NONE', #3269, 1.749999999999999778 ) ;
#4286 = DIRECTION ( 'NONE',  ( -0.000000000000000000, -1.000000000000000000, 0.000000000000000000 ) ) ;
#4287 = FACE_OUTER_BOUND ( 'NONE', #3262, .T. ) ;
#4288 = ORIENTED_EDGE ( 'NONE', *, *, #1690, .T. ) ;
#4289 = VERTEX_POINT ( 'NONE', #830 ) ;
#4290 = EDGE_CURVE ( 'NONE', #669, #6726, #240, .T. ) ;
#4291 = LINE ( 'NONE', #5888, #6292 ) ;
#4292 = ORIENTED_EDGE ( 'NONE', *, *, #391, .F. ) ;
#4293 = DIRECTION ( 'NONE',  ( 0.000000000000000000, 0.000000000000000000, -1.000000000000000000 ) ) ;
#4294 = VECTOR ( 'NONE', #2064, 1000.000000000000000 ) ;
#4295 = CARTESIAN_POINT ( 'NONE',  ( 15.00000000000000355, 4.000000000000003553, -182.0000000000000000 ) ) ;
#4296 = ORIENTED_EDGE ( 'NONE', *, *, #1136, .T. ) ;
#4297 = VECTOR ( 'NONE', #3596, 1000.000000000000000 ) ;
#4298 = ADVANCED_FACE ( 'NONE', ( #5102 ), #5504, .F. ) ;
#4299 = ORIENTED_EDGE ( 'NONE', *, *, #2015, .T. ) ;
#4300 = DIRECTION ( 'NONE',  ( 0.000000000000000000, -1.000000000000000000, 0.000000000000000000 ) ) ;
#4301 = AXIS2_PLACEMENT_3D ( 'NONE', #2362, #802, #2756 ) ;
#4302 = CARTESIAN_POINT ( 'NONE',  ( 188.0000000000000000, 107.0000000000000000, -180.0000000000000000 ) ) ;
#4303 = VERTEX_POINT ( 'NONE', #1745 ) ;
#4304 = AXIS2_PLACEMENT_3D ( 'NONE', #595, #4261, #5860 ) ;
#4305 = LINE ( 'NONE', #5393, #5104 ) ;
#4306 = ADVANCED_FACE ( 'NONE', ( #4175 ), #441, .F. ) ;
#4307 = LINE ( 'NONE', #2235, #1950 ) ;
#4308 = EDGE_LOOP ( 'NONE', ( #4275, #4455, #5673, #6504 ) ) ;
#4309 = EDGE_LOOP ( 'NONE', ( #6577, #3318, #1074, #51 ) ) ;
#4310 = CARTESIAN_POINT ( 'NONE',  ( 10.00000000000000178, 92.00000000000000000, -11.75000000000000888 ) ) ;
#4311 = LINE ( 'NONE', #5399, #6003 ) ;
#4312 = VECTOR ( 'NONE', #2363, 1000.000000000000000 ) ;
#4313 = CARTESIAN_POINT ( 'NONE',  ( 5.000000000000001776, 98.00000000000000000, -173.0000000000000000 ) ) ;
#4314 = EDGE_CURVE ( 'NONE', #2939, #2256, #5260, .T. ) ;
#4315 = EDGE_CURVE ( 'NONE', #6833, #5915, #266, .T. ) ;
#4316 = DIRECTION ( 'NONE',  ( 0.000000000000000000, -1.000000000000000000, 0.000000000000000000 ) ) ;
#4317 = EDGE_LOOP ( 'NONE', ( #1535, #4221, #1762, #377 ) ) ;
#4318 = ORIENTED_EDGE ( 'NONE', *, *, #3585, .T. ) ;
#4319 = CARTESIAN_POINT ( 'NONE',  ( 8.383419246269063763, 101.2999999999999972, -7.200000000000011724 ) ) ;
#4320 = DIRECTION ( 'NONE',  ( -0.000000000000000000, 1.000000000000000000, -0.000000000000000000 ) ) ;
#4321 = LINE ( 'NONE', #5409, #3245 ) ;
#4322 = ORIENTED_EDGE ( 'NONE', *, *, #1952, .F. ) ;
#4323 = ORIENTED_EDGE ( 'NONE', *, *, #5680, .T. ) ;
#4324 = CARTESIAN_POINT ( 'NONE',  ( 5.000000000000000000, 0.000000000000000000, -0.5000000000000004441 ) ) ;
#4325 = DIRECTION ( 'NONE',  ( 0.5000000000000011102, 0.000000000000000000, 0.8660254037844380415 ) ) ;
#4326 = ORIENTED_EDGE ( 'NONE', *, *, #6101, .T. ) ;
#4327 = DIRECTION ( 'NONE',  ( 0.000000000000000000, 0.000000000000000000, -1.000000000000000000 ) ) ;
#4328 = ADVANCED_FACE ( 'NONE', ( #4732 ), #1508, .F. ) ;
#4329 = ORIENTED_EDGE ( 'NONE', *, *, #5650, .F. ) ;
#4330 = EDGE_LOOP ( 'NONE', ( #5581, #1365, #2169, #3622 ) ) ;
#4331 = DIRECTION ( 'NONE',  ( 0.000000000000000000, 1.000000000000000000, -0.000000000000000000 ) ) ;
#4332 = FACE_OUTER_BOUND ( 'NONE', #4046, .T. ) ;
#4333 = AXIS2_PLACEMENT_3D ( 'NONE', #5406, #1582, #6480 ) ;
#4334 = LINE ( 'NONE', #5996, #1787 ) ;
#4335 = EDGE_CURVE ( 'NONE', #1810, #6036, #960, .T. ) ;
#4336 = VERTEX_POINT ( 'NONE', #4143 ) ;
#4337 = DIRECTION ( 'NONE',  ( -0.000000000000000000, -1.000000000000000000, -0.000000000000000000 ) ) ;
#4338 = DIRECTION ( 'NONE',  ( 0.000000000000000000, -1.000000000000000000, 0.000000000000000000 ) ) ;
#4339 = ORIENTED_EDGE ( 'NONE', *, *, #6846, .F. ) ;
#4340 = ORIENTED_EDGE ( 'NONE', *, *, #1571, .F. ) ;
#4341 = CARTESIAN_POINT ( 'NONE',  ( 16.00000000000000355, 3.000000000000000000, -182.0000000000000000 ) ) ;
#4342 = DIRECTION ( 'NONE',  ( 0.000000000000000000, 0.000000000000000000, -1.000000000000000000 ) ) ;
#4343 = DIRECTION ( 'NONE',  ( 0.000000000000000000, -1.000000000000000000, 0.000000000000000000 ) ) ;
#4344 = EDGE_CURVE ( 'NONE', #5904, #3545, #3483, .T. ) ;
#4345 = CIRCLE ( 'NONE', #2103, 1.749999999999999778 ) ;
#4346 = AXIS2_PLACEMENT_3D ( 'NONE', #3090, #6299, #1511 ) ;
#4347 = ORIENTED_EDGE ( 'NONE', *, *, #5432, .T. ) ;
#4348 = EDGE_CURVE ( 'NONE', #1047, #2616, #2816, .T. ) ;
#4349 = AXIS2_PLACEMENT_3D ( 'NONE', #475, #1609, #5361 ) ;
#4350 = EDGE_CURVE ( 'NONE', #4750, #5310, #6263, .T. ) ;
#4351 = CARTESIAN_POINT ( 'NONE',  ( 13.00000000000000355, 4.000000000000003553, -16.00000000000001066 ) ) ;
#4352 = PLANE ( 'NONE',  #6173 ) ;
#4353 = DIRECTION ( 'NONE',  ( -1.000000000000000000, 0.000000000000000000, 0.000000000000000000 ) ) ;
#4354 = LINE ( 'NONE', #5338, #3037 ) ;
#4355 = AXIS2_PLACEMENT_3D ( 'NONE', #3986, #808, #288 ) ;
#4356 = ORIENTED_EDGE ( 'NONE', *, *, #1645, .F. ) ;
#4357 = ORIENTED_EDGE ( 'NONE', *, *, #4116, .T. ) ;
#4358 = DIRECTION ( 'NONE',  ( 0.000000000000000000, 1.000000000000000000, 0.000000000000000000 ) ) ;
#4359 = ORIENTED_EDGE ( 'NONE', *, *, #3840, .F. ) ;
#4360 = EDGE_CURVE ( 'NONE', #4484, #3544, #700, .T. ) ;
#4361 = ADVANCED_FACE ( 'NONE', ( #2996 ), #5135, .F. ) ;
#4362 = CARTESIAN_POINT ( 'NONE',  ( 5.999999999999998224, 4.000000000000000000, -95.50000000000000000 ) ) ;
#4363 = AXIS2_PLACEMENT_3D ( 'NONE', #5408, #1584, #5851 ) ;
#4364 = ORIENTED_EDGE ( 'NONE', *, *, #5988, .T. ) ;
#4365 = EDGE_LOOP ( 'NONE', ( #1476, #2111, #1250, #5036, #5691, #4783 ) ) ;
#4366 = DIRECTION ( 'NONE',  ( 0.000000000000000000, 0.000000000000000000, 1.000000000000000000 ) ) ;
#4367 = EDGE_LOOP ( 'NONE', ( #3649, #2485, #401, #5729 ) ) ;
#4368 = ADVANCED_FACE ( 'NONE', ( #6229 ), #5740, .F. ) ;
#4369 = DIRECTION ( 'NONE',  ( -0.8660254037844334896, 0.000000000000000000, -0.5000000000000088818 ) ) ;
#4370 = CARTESIAN_POINT ( 'NONE',  ( 8.000000000000000000, 110.0000000000000000, -3.000000000000000000 ) ) ;
#4371 = AXIS2_PLACEMENT_3D ( 'NONE', #3074, #1170, #2110 ) ;
#4372 = LINE ( 'NONE', #226, #3693 ) ;
#4373 = ORIENTED_EDGE ( 'NONE', *, *, #3039, .T. ) ;
#4374 = FACE_OUTER_BOUND ( 'NONE', #5129, .T. ) ;
#4375 = DIRECTION ( 'NONE',  ( -0.000000000000000000, 1.000000000000000000, -0.000000000000000000 ) ) ;
#4376 = ORIENTED_EDGE ( 'NONE', *, *, #3990, .F. ) ;
#4377 = ORIENTED_EDGE ( 'NONE', *, *, #1310, .T. ) ;
#4378 = LINE ( 'NONE', #3286, #2972 ) ;
#4379 = CARTESIAN_POINT ( 'NONE',  ( 186.6165807537309433, 101.2999999999999972, -7.200000000000011724 ) ) ;
#4380 = DIRECTION ( 'NONE',  ( 0.5000000000000025535, 0.000000000000000000, -0.8660254037844372643 ) ) ;
#4381 = AXIS2_PLACEMENT_3D ( 'NONE', #6864, #2529, #3054 ) ;
#4382 = FACE_OUTER_BOUND ( 'NONE', #6883, .T. ) ;
#4383 = DIRECTION ( 'NONE',  ( -1.000000000000000000, 0.000000000000000000, 0.000000000000000000 ) ) ;
#4384 = ORIENTED_EDGE ( 'NONE', *, *, #5916, .F. ) ;
#4385 = ADVANCED_FACE ( 'NONE', ( #4606 ), #6740, .F. ) ;
#4386 = DIRECTION ( 'NONE',  ( 0.000000000000000000, 0.000000000000000000, -1.000000000000000000 ) ) ;
#4387 = LINE ( 'NONE', #4845, #3060 ) ;
#4388 = VECTOR ( 'NONE', #4714, 1000.000000000000000 ) ;
#4389 = CYLINDRICAL_SURFACE ( 'NONE', #6358, 1.000000000000000888 ) ;
#4390 = PLANE ( 'NONE',  #6156 ) ;
#4391 = ORIENTED_EDGE ( 'NONE', *, *, #2732, .F. ) ;
#4392 = CYLINDRICAL_SURFACE ( 'NONE', #2506, 1.750000000000001554 ) ;
#4393 = ORIENTED_EDGE ( 'NONE', *, *, #2587, .F. ) ;
#4394 = FACE_OUTER_BOUND ( 'NONE', #218, .T. ) ;
#4395 = CIRCLE ( 'NONE', #3384, 1.000000000000000888 ) ;
#4396 = ADVANCED_FACE ( 'NONE', ( #6200 ), #5771, .F. ) ;
#4397 = ADVANCED_FACE ( 'NONE', ( #3543 ), #3638, .F. ) ;
#4398 = ORIENTED_EDGE ( 'NONE', *, *, #2558, .T. ) ;
#4399 = ORIENTED_EDGE ( 'NONE', *, *, #1022, .T. ) ;
#4400 = AXIS2_PLACEMENT_3D ( 'NONE', #1536, #1564, #959 ) ;
#4401 = DIRECTION ( 'NONE',  ( -0.5000000000000088818, 0.000000000000000000, 0.8660254037844334896 ) ) ;
#4402 = CARTESIAN_POINT ( 'NONE',  ( 22.49999999999995026, 3.000000000000000000, -174.2500000000000000 ) ) ;
#4403 = CIRCLE ( 'NONE', #3174, 5.000000000000004441 ) ;
#4404 = EDGE_CURVE ( 'NONE', #5065, #5446, #2001, .T. ) ;
#4405 = ORIENTED_EDGE ( 'NONE', *, *, #5841, .F. ) ;
#4406 = AXIS2_PLACEMENT_3D ( 'NONE', #918, #5224, #5191 ) ;
#4407 = CARTESIAN_POINT ( 'NONE',  ( 5.999999999999998224, 3.000000000000000000, -99.49999999999992895 ) ) ;
#4408 = CLOSED_SHELL ( 'NONE', ( #5518, #4086, #2040, #736, #6495, #212, #6356, #5931, #1679, #4918, #4540, #1614, #2372, #2733, #1868, #1779, #1689, #3315, #1090, #2664, #2883, #2409, #3926, #397, #2949, #3332, #1238, #4397, #5433, #1330, #4928, #2212, #6274, #588, #4787, #4180, #132, #2596, #6767, #1682, #6475, #182, #6706, #3626, #3418, #5611, #2697, #1731, #4869, #6388, #6396, #1379, #5110, #491, #1825, #2872, #1818, #5172, #1725, #1876, #5294, #6487, #4788, #2086, #2112, #2213, #320, #6434, #832, #5561, #5078, #3014, #4011, #4717, #6719, #3885, #4627, #1456, #978, #5258, #1499, #4306, #4743, #554, #3784, #2140, #6144, #3911, #4076, #6136, #892, #4711, #4541, #4728, #6170, #939, #3982, #5312, #640, #2165, #5999, #5891, #1921, #140, #6094, #1887, #4368, #6279, #4837, #769, #369, #1780, #3584, #57, #2864, #2796, #3488, #4065, #5768, #2534, #4888, #5890, #2230, #775, #6527, #5738, #1881, #4230, #1922, #3346, #1665, #3276, #4656, #601, #4103, #5659, #3275, #4238, #3119, #5365, #4196, #3549, #2957, #4613, #4573, #4577, #5189, #1976, #1533, #2254, #4620, #2008, #1397, #4074, #5715, #2093, #517, #4698, #3072, #1230, #686, #6845, #3666, #3607, #5099, #43, #4385, #1282, #2085, #6311, #5810, #1231, #2568, #3819, #5842, #2133, #4503, #2636, #5328, #1912, #2166, #4021, #6032, #443, #4226, #3409, #5964, #118, #877, #3120, #2865, #5303, #3062, #181, #4361, #6306, #3620, #6766, #3379, #1741, #1107, #6579, #2810, #4328, #5098, #823, #6058, #4298, #4649, #2293, #4448, #1302, #2123, #1549, #6884, #789, #483, #12, #2909, #3146, #5805, #685, #3455, #282, #649, #4396, #3826, #2686, #2764, #5259, #5440, #2118, #341, #5227, #6685 ) ) ;
#4409 = CARTESIAN_POINT ( 'NONE',  ( 98.50000000000000000, 7.000000000000006217, -6.000000000000005329 ) ) ;
#4410 = EDGE_LOOP ( 'NONE', ( #2836, #1172, #2531, #37, #1472, #6114, #3386, #2676 ) ) ;
#4411 = ORIENTED_EDGE ( 'NONE', *, *, #3613, .T. ) ;
#4412 = LINE ( 'NONE', #1607, #2167 ) ;
#4413 =( GEOMETRIC_REPRESENTATION_CONTEXT ( 3 ) GLOBAL_UNCERTAINTY_ASSIGNED_CONTEXT ( ( #5512 ) ) GLOBAL_UNIT_ASSIGNED_CONTEXT ( ( #5383, #2895, #1181 ) ) REPRESENTATION_CONTEXT ( 'NONE', 'WORKASPACE' ) );
#4414 = DIRECTION ( 'NONE',  ( 0.000000000000000000, -1.000000000000000000, 0.000000000000000000 ) ) ;
#4415 = LINE ( 'NONE', #1341, #1269 ) ;
#4416 = AXIS2_PLACEMENT_3D ( 'NONE', #1080, #4369, #4401 ) ;
#4417 = FACE_OUTER_BOUND ( 'NONE', #5652, .T. ) ;
#4418 = DIRECTION ( 'NONE',  ( -1.000000000000000000, -0.000000000000000000, -0.000000000000000000 ) ) ;
#4419 = VERTEX_POINT ( 'NONE', #5802 ) ;
#4420 = PLANE ( 'NONE',  #6272 ) ;
#4421 = CARTESIAN_POINT ( 'NONE',  ( 0.000000000000000000, 3.000000000000000000, -6.000000000000000000 ) ) ;
#4422 = VECTOR ( 'NONE', #3070, 1000.000000000000000 ) ;
#4423 = ORIENTED_EDGE ( 'NONE', *, *, #4314, .F. ) ;
#4424 = DIRECTION ( 'NONE',  ( 0.000000000000000000, -1.000000000000000000, 0.000000000000000000 ) ) ;
#4425 = DIRECTION ( 'NONE',  ( -3.469446951953621091E-16, 0.000000000000000000, 1.000000000000000000 ) ) ;
#4426 = VECTOR ( 'NONE', #1578, 1000.000000000000000 ) ;
#4427 = VERTEX_POINT ( 'NONE', #5323 ) ;
#4428 = DIRECTION ( 'NONE',  ( -1.000000000000000000, 0.000000000000000000, 0.000000000000000000 ) ) ;
#4429 = FACE_OUTER_BOUND ( 'NONE', #6682, .T. ) ;
#4430 = ORIENTED_EDGE ( 'NONE', *, *, #5111, .F. ) ;
#4431 = LINE ( 'NONE', #6022, #1551 ) ;
#4432 = VERTEX_POINT ( 'NONE', #3812 ) ;
#4433 = ORIENTED_EDGE ( 'NONE', *, *, #5724, .F. ) ;
#4434 = CARTESIAN_POINT ( 'NONE',  ( 0.000000000000000000, 0.000000000000000000, 0.000000000000000000 ) ) ;
#4435 = ORIENTED_EDGE ( 'NONE', *, *, #5962, .F. ) ;
#4436 = DIRECTION ( 'NONE',  ( 0.000000000000000000, 0.000000000000000000, 1.000000000000000000 ) ) ;
#4437 = EDGE_CURVE ( 'NONE', #4791, #6730, #574, .T. ) ;
#4438 = EDGE_CURVE ( 'NONE', #957, #6643, #538, .T. ) ;
#4439 = CARTESIAN_POINT ( 'NONE',  ( 22.49999999999995026, 3.657979856674336450, -165.7394850825761239 ) ) ;
#4440 = AXIS2_PLACEMENT_3D ( 'NONE', #1215, #6570, #6535 ) ;
#4441 = ORIENTED_EDGE ( 'NONE', *, *, #1415, .T. ) ;
#4442 = DIRECTION ( 'NONE',  ( -1.000000000000000000, -0.000000000000000000, 1.453678890483358486E-17 ) ) ;
#4443 = DIRECTION ( 'NONE',  ( -0.000000000000000000, 1.000000000000000000, -0.000000000000000000 ) ) ;
#4444 = EDGE_LOOP ( 'NONE', ( #1820, #3921 ) ) ;
#4445 = VERTEX_POINT ( 'NONE', #2096 ) ;
#4446 = CARTESIAN_POINT ( 'NONE',  ( 185.0000000000000000, 101.2999999999999972, -10.00000000000000888 ) ) ;
#4447 = LINE ( 'NONE', #4489, #4550 ) ;
#4448 = ADVANCED_FACE ( 'NONE', ( #2691 ), #2656, .F. ) ;
#4449 = CARTESIAN_POINT ( 'NONE',  ( 190.0000000000000000, 4.000000000000003553, -95.50000000000000000 ) ) ;
#4450 = DIRECTION ( 'NONE',  ( 0.000000000000000000, -1.000000000000000000, 0.000000000000000000 ) ) ;
#4451 = FACE_BOUND ( 'NONE', #105, .T. ) ;
#4452 = ORIENTED_EDGE ( 'NONE', *, *, #6549, .T. ) ;
#4453 = CIRCLE ( 'NONE', #3330, 5.000000000000000888 ) ;
#4454 = FACE_BOUND ( 'NONE', #5448, .T. ) ;
#4455 = ORIENTED_EDGE ( 'NONE', *, *, #3247, .F. ) ;
#4456 = ORIENTED_EDGE ( 'NONE', *, *, #908, .T. ) ;
#4457 = CARTESIAN_POINT ( 'NONE',  ( 5.000000000000000000, 0.000000000000000000, -5.000000000000000000 ) ) ;
#4458 = CARTESIAN_POINT ( 'NONE',  ( 190.0000000000000000, 121.1421356237309510, -15.00000000000001421 ) ) ;
#4459 = AXIS2_PLACEMENT_3D ( 'NONE', #3289, #3888, #4490 ) ;
#4460 = AXIS2_PLACEMENT_3D ( 'NONE', #2069, #5808, #28 ) ;
#4461 = DIRECTION ( 'NONE',  ( 0.000000000000000000, 0.000000000000000000, -1.000000000000000000 ) ) ;
#4462 = LINE ( 'NONE', #654, #4617 ) ;
#4463 = ORIENTED_EDGE ( 'NONE', *, *, #4877, .F. ) ;
#4464 = DIRECTION ( 'NONE',  ( -1.000000000000000000, 0.000000000000000000, 0.000000000000000000 ) ) ;
#4465 = DIRECTION ( 'NONE',  ( 0.000000000000000000, -1.000000000000000000, 0.000000000000000000 ) ) ;
#4466 = VERTEX_POINT ( 'NONE', #5833 ) ;
#4467 = DIRECTION ( 'NONE',  ( 3.469446951953621091E-16, 0.000000000000000000, 1.000000000000000000 ) ) ;
#4468 = DIRECTION ( 'NONE',  ( 0.000000000000000000, -1.000000000000000000, 0.000000000000000000 ) ) ;
#4469 = VECTOR ( 'NONE', #142, 1000.000000000000000 ) ;
#4470 = ORIENTED_EDGE ( 'NONE', *, *, #1200, .F. ) ;
#4471 = EDGE_LOOP ( 'NONE', ( #2689, #356, #5971, #2374 ) ) ;
#4472 = CARTESIAN_POINT ( 'NONE',  ( 95.49999999999998579, 3.000000000000000000, -96.50000000000000000 ) ) ;
#4473 = EDGE_LOOP ( 'NONE', ( #3069, #393, #4912, #885 ) ) ;
#4474 = AXIS2_PLACEMENT_3D ( 'NONE', #2442, #6215, #426 ) ;
#4475 = FACE_OUTER_BOUND ( 'NONE', #4633, .T. ) ;
#4476 = EDGE_CURVE ( 'NONE', #5463, #4586, #1118, .T. ) ;
#4477 = CARTESIAN_POINT ( 'NONE',  ( 188.2331615074618867, 104.0000000000000000, -184.9999999999999716 ) ) ;
#4478 = DIRECTION ( 'NONE',  ( -0.000000000000000000, -1.000000000000000000, -0.000000000000000000 ) ) ;
#4479 = AXIS2_PLACEMENT_3D ( 'NONE', #4806, #30, #2136 ) ;
#4480 = EDGE_LOOP ( 'NONE', ( #428, #55 ) ) ;
#4481 = CARTESIAN_POINT ( 'NONE',  ( 182.0000000000000000, 3.000000000000000000, -13.00000000000001066 ) ) ;
#4482 = EDGE_CURVE ( 'NONE', #5970, #3517, #925, .T. ) ;
#4483 = FACE_OUTER_BOUND ( 'NONE', #4176, .T. ) ;
#4484 = VERTEX_POINT ( 'NONE', #2626 ) ;
#4485 = ORIENTED_EDGE ( 'NONE', *, *, #4668, .T. ) ;
#4486 = FACE_OUTER_BOUND ( 'NONE', #6638, .T. ) ;
#4487 = AXIS2_PLACEMENT_3D ( 'NONE', #4256, #1097, #2746 ) ;
#4488 = DIRECTION ( 'NONE',  ( -0.4999999999999970579, 0.000000000000000000, -0.8660254037844402619 ) ) ;
#4489 = CARTESIAN_POINT ( 'NONE',  ( 22.49999999999995026, 7.000000000000000000, -174.2500000000000000 ) ) ;
#4490 = DIRECTION ( 'NONE',  ( 0.000000000000000000, 0.000000000000000000, 1.000000000000000000 ) ) ;
#4491 = LINE ( 'NONE', #5541, #5839 ) ;
#4492 = DIRECTION ( 'NONE',  ( 0.000000000000000000, 0.000000000000000000, 1.000000000000000000 ) ) ;
#4493 = ORIENTED_EDGE ( 'NONE', *, *, #5423, .F. ) ;
#4494 = EDGE_CURVE ( 'NONE', #4879, #1997, #1153, .T. ) ;
#4495 = EDGE_CURVE ( 'NONE', #4757, #6866, #1137, .T. ) ;
#4496 = ORIENTED_EDGE ( 'NONE', *, *, #3106, .F. ) ;
#4497 = CARTESIAN_POINT ( 'NONE',  ( 189.0000000000000000, 4.000000000000003553, -99.50000000000000000 ) ) ;
#4498 = ORIENTED_EDGE ( 'NONE', *, *, #1657, .F. ) ;
#4499 = CARTESIAN_POINT ( 'NONE',  ( 22.49999999999995026, 3.000000000000000000, -20.75000000000003197 ) ) ;
#4500 = DIRECTION ( 'NONE',  ( 1.000000000000000000, 0.000000000000000000, 0.000000000000000000 ) ) ;
#4501 = AXIS2_PLACEMENT_3D ( 'NONE', #4870, #4799, #4902 ) ;
#4502 = CARTESIAN_POINT ( 'NONE',  ( 174.1165807537310570, 3.000000000000000000, -19.70000000000010587 ) ) ;
#4503 = ADVANCED_FACE ( 'NONE', ( #6503 ), #6843, .F. ) ;
#4504 = DIRECTION ( 'NONE',  ( 0.000000000000000000, -1.000000000000000000, 0.000000000000000000 ) ) ;
#4505 = FACE_OUTER_BOUND ( 'NONE', #4330, .T. ) ;
#4506 = ORIENTED_EDGE ( 'NONE', *, *, #3310, .F. ) ;
#4507 = PLANE ( 'NONE',  #6409 ) ;
#4508 = CARTESIAN_POINT ( 'NONE',  ( 180.0000000000000000, 121.1421356237309510, -188.0000000000000000 ) ) ;
#4509 = ORIENTED_EDGE ( 'NONE', *, *, #3141, .T. ) ;
#4510 = EDGE_LOOP ( 'NONE', ( #1357, #1538, #109, #5630 ) ) ;
#4511 = EDGE_CURVE ( 'NONE', #1038, #2961, #5429, .T. ) ;
#4512 = VECTOR ( 'NONE', #3681, 1000.000000000000000 ) ;
#4513 = LINE ( 'NONE', #3948, #665 ) ;
#4514 = ORIENTED_EDGE ( 'NONE', *, *, #3541, .T. ) ;
#4515 = CARTESIAN_POINT ( 'NONE',  ( 190.0000000000000000, 0.000000000000000000, -190.0000000000000000 ) ) ;
#4516 = LINE ( 'NONE', #4592, #5778 ) ;
#4517 = VECTOR ( 'NONE', #5621, 1000.000000000000000 ) ;
#4518 = DIRECTION ( 'NONE',  ( 0.000000000000000000, 1.000000000000000000, 0.000000000000000000 ) ) ;
#4519 = CARTESIAN_POINT ( 'NONE',  ( 22.49999999999995026, 7.000000000000000000, -178.0441190629352377 ) ) ;
#4520 = ORIENTED_EDGE ( 'NONE', *, *, #1936, .F. ) ;
#4521 = EDGE_CURVE ( 'NONE', #4336, #6096, #4307, .T. ) ;
#4522 = DIRECTION ( 'NONE',  ( 1.000000000000000000, 0.000000000000000000, 0.000000000000000000 ) ) ;
#4523 = AXIS2_PLACEMENT_3D ( 'NONE', #5976, #1196, #3785 ) ;
#4524 = DIRECTION ( 'NONE',  ( 0.000000000000000000, 0.000000000000000000, -1.000000000000000000 ) ) ;
#4525 = ORIENTED_EDGE ( 'NONE', *, *, #4220, .T. ) ;
#4526 = ORIENTED_EDGE ( 'NONE', *, *, #3972, .T. ) ;
#4527 = VECTOR ( 'NONE', #4325, 1000.000000000000114 ) ;
#4528 = DIRECTION ( 'NONE',  ( -0.000000000000000000, -1.000000000000000000, -0.000000000000000000 ) ) ;
#4529 = PLANE ( 'NONE',  #454 ) ;
#4530 = DIRECTION ( 'NONE',  ( 0.000000000000000000, 0.000000000000000000, 1.000000000000000000 ) ) ;
#4531 = VECTOR ( 'NONE', #3149, 1000.000000000000000 ) ;
#4532 = AXIS2_PLACEMENT_3D ( 'NONE', #4038, #748, #234 ) ;
#4533 = DIRECTION ( 'NONE',  ( 0.000000000000000000, 0.000000000000000000, -1.000000000000000000 ) ) ;
#4534 = ORIENTED_EDGE ( 'NONE', *, *, #1697, .T. ) ;
#4535 = VECTOR ( 'NONE', #263, 999.9999999999998863 ) ;
#4536 = ORIENTED_EDGE ( 'NONE', *, *, #5149, .T. ) ;
#4537 = DIRECTION ( 'NONE',  ( 1.000000000000000000, 0.000000000000000000, -0.000000000000000000 ) ) ;
#4538 = AXIS2_PLACEMENT_3D ( 'NONE', #2121, #6534, #3877 ) ;
#4539 = CARTESIAN_POINT ( 'NONE',  ( 10.00000000000000178, 104.0000000000000000, -10.00000000000000888 ) ) ;
#4540 = ADVANCED_FACE ( 'NONE', ( #3706 ), #5288, .F. ) ;
#4541 = ADVANCED_FACE ( 'NONE', ( #4767 ), #6899, .F. ) ;
#4542 = FACE_OUTER_BOUND ( 'NONE', #2754, .T. ) ;
#4543 = CARTESIAN_POINT ( 'NONE',  ( 174.1165807537310002, 3.000000000000000000, -175.3000000000000682 ) ) ;
#4544 = VECTOR ( 'NONE', #5185, 1000.000000000000114 ) ;
#4545 = CARTESIAN_POINT ( 'NONE',  ( 195.0000000000000000, 110.0000000000000000, -5.000000000000000000 ) ) ;
#4546 = CARTESIAN_POINT ( 'NONE',  ( 95.49999999999998579, 7.000000000000006217, -95.50000000000000000 ) ) ;
#4547 = VERTEX_POINT ( 'NONE', #5872 ) ;
#4548 = CARTESIAN_POINT ( 'NONE',  ( 185.0000000000000000, 92.00000000000000000, -10.00000000000000888 ) ) ;
#4549 = EDGE_CURVE ( 'NONE', #6865, #4081, #1565, .T. ) ;
#4550 = VECTOR ( 'NONE', #373, 1000.000000000000000 ) ;
#4551 = LINE ( 'NONE', #768, #4140 ) ;
#4552 = ORIENTED_EDGE ( 'NONE', *, *, #3895, .F. ) ;
#4553 = CARTESIAN_POINT ( 'NONE',  ( 11.61658075373095400, 101.2999999999999972, -187.7999999999999829 ) ) ;
#4554 = VERTEX_POINT ( 'NONE', #1084 ) ;
#4555 = CARTESIAN_POINT ( 'NONE',  ( 5.000000000000000888, 121.1421356237309510, -15.00000000000001421 ) ) ;
#4556 = DIRECTION ( 'NONE',  ( -3.469446951953621091E-16, 0.000000000000000000, -1.000000000000000000 ) ) ;
#4557 = DIRECTION ( 'NONE',  ( 0.000000000000000000, -0.000000000000000000, -1.000000000000000000 ) ) ;
#4558 = ORIENTED_EDGE ( 'NONE', *, *, #477, .F. ) ;
#4559 = CARTESIAN_POINT ( 'NONE',  ( 185.0000000000000000, 92.00000000000000000, -8.250000000000008882 ) ) ;
#4560 = CARTESIAN_POINT ( 'NONE',  ( 172.5000000000000284, 3.000000000000000000, -172.5000000000000284 ) ) ;
#4561 = ORIENTED_EDGE ( 'NONE', *, *, #5923, .T. ) ;
#4562 = ORIENTED_EDGE ( 'NONE', *, *, #6102, .T. ) ;
#4563 = PLANE ( 'NONE',  #4532 ) ;
#4564 = CARTESIAN_POINT ( 'NONE',  ( 5.999999999999999112, 282.7716446627535447, -96.50000000000000000 ) ) ;
#4565 = CARTESIAN_POINT ( 'NONE',  ( 11.61658075373095400, 101.2999999999999972, -7.200000000000011724 ) ) ;
#4566 = EDGE_CURVE ( 'NONE', #1586, #5431, #5357, .T. ) ;
#4567 = CARTESIAN_POINT ( 'NONE',  ( 185.0000000000000000, 92.00000000000000000, -11.75000000000000888 ) ) ;
#4568 = ORIENTED_EDGE ( 'NONE', *, *, #5695, .T. ) ;
#4569 = ORIENTED_EDGE ( 'NONE', *, *, #5279, .T. ) ;
#4570 = VECTOR ( 'NONE', #616, 1000.000000000000000 ) ;
#4571 = ORIENTED_EDGE ( 'NONE', *, *, #6803, .F. ) ;
#4572 = LINE ( 'NONE', #5775, #1891 ) ;
#4573 = ADVANCED_FACE ( 'NONE', ( #6436 ), #1636, .F. ) ;
#4574 = CARTESIAN_POINT ( 'NONE',  ( 187.0000000000000000, 110.0000000000000000, -187.0000000000000000 ) ) ;
#4575 = CARTESIAN_POINT ( 'NONE',  ( 99.49999999999997158, 282.7716446627535447, -95.50000000000000000 ) ) ;
#4576 = DIRECTION ( 'NONE',  ( 0.4999999999999977240, 0.000000000000000000, 0.8660254037844398178 ) ) ;
#4577 = ADVANCED_FACE ( 'NONE', ( #607 ), #4942, .T. ) ;
#4578 = CARTESIAN_POINT ( 'NONE',  ( 6.999999999999997335, 4.000000000000003553, -179.0000000000000000 ) ) ;
#4579 = ORIENTED_EDGE ( 'NONE', *, *, #2523, .F. ) ;
#4580 = CIRCLE ( 'NONE', #5693, 1.750000000000001554 ) ;
#4581 = CONICAL_SURFACE ( 'NONE', #551, 4.500000000000000000, 0.7853981633974206344 ) ;
#4582 = LINE ( 'NONE', #3371, #6762 ) ;
#4583 = CARTESIAN_POINT ( 'NONE',  ( 172.5000000000000284, 7.000000000000000000, -172.5000000000000284 ) ) ;
#4584 = CIRCLE ( 'NONE', #3022, 1.000000000000000888 ) ;
#4585 = AXIS2_PLACEMENT_3D ( 'NONE', #1380, #3030, #4047 ) ;
#4586 = VERTEX_POINT ( 'NONE', #5051 ) ;
#4587 = EDGE_CURVE ( 'NONE', #717, #6310, #714, .T. ) ;
#4588 = EDGE_CURVE ( 'NONE', #1735, #4757, #1222, .T. ) ;
#4589 = FACE_OUTER_BOUND ( 'NONE', #4410, .T. ) ;
#4590 = EDGE_LOOP ( 'NONE', ( #4857, #360, #5834, #3788, #6665, #1940, #421, #828 ) ) ;
#4591 = FACE_OUTER_BOUND ( 'NONE', #1783, .T. ) ;
#4592 = CARTESIAN_POINT ( 'NONE',  ( 186.6165807537309433, 101.2999999999999972, -12.80000000000000604 ) ) ;
#4593 = VECTOR ( 'NONE', #3051, 1000.000000000000000 ) ;
#4594 = CARTESIAN_POINT ( 'NONE',  ( 8.000000000000000000, 4.000000000000003553, -5.000000000000000000 ) ) ;
#4595 = ORIENTED_EDGE ( 'NONE', *, *, #1656, .F. ) ;
#4596 = DIRECTION ( 'NONE',  ( 1.000000000000000000, -0.000000000000000000, -0.000000000000000000 ) ) ;
#4597 = AXIS2_PLACEMENT_3D ( 'NONE', #6126, #4090, #5109 ) ;
#4598 = EDGE_CURVE ( 'NONE', #5217, #4215, #1701, .T. ) ;
#4599 = DIRECTION ( 'NONE',  ( 0.000000000000000000, -1.000000000000000000, 0.000000000000000000 ) ) ;
#4600 = ORIENTED_EDGE ( 'NONE', *, *, #4782, .F. ) ;
#4601 = ORIENTED_EDGE ( 'NONE', *, *, #611, .F. ) ;
#4602 = CARTESIAN_POINT ( 'NONE',  ( 172.5000000000000284, 3.657979856674335561, -22.50000000000002132 ) ) ;
#4603 = DIRECTION ( 'NONE',  ( 0.000000000000000000, -1.000000000000000000, 0.000000000000000000 ) ) ;
#4604 = DIRECTION ( 'NONE',  ( -1.000000000000000000, 0.000000000000000000, -0.000000000000000000 ) ) ;
#4605 = ORIENTED_EDGE ( 'NONE', *, *, #5823, .T. ) ;
#4606 = FACE_OUTER_BOUND ( 'NONE', #656, .T. ) ;
#4607 = VECTOR ( 'NONE', #1858, 1000.000000000000000 ) ;
#4608 = ORIENTED_EDGE ( 'NONE', *, *, #1806, .F. ) ;
#4609 = ORIENTED_EDGE ( 'NONE', *, *, #6668, .T. ) ;
#4610 = DIRECTION ( 'NONE',  ( -0.000000000000000000, -1.000000000000000000, -0.000000000000000000 ) ) ;
#4611 = LINE ( 'NONE', #6739, #1700 ) ;
#4612 = DIRECTION ( 'NONE',  ( 0.000000000000000000, -0.000000000000000000, 1.000000000000000000 ) ) ;
#4613 = ADVANCED_FACE ( 'NONE', ( #6112 ), #6575, .T. ) ;
#4614 = DIRECTION ( 'NONE',  ( -1.000000000000000000, -0.000000000000000000, -0.000000000000000000 ) ) ;
#4615 = CARTESIAN_POINT ( 'NONE',  ( 5.999999999999999112, 282.7716446627535447, -95.50000000000000000 ) ) ;
#4616 = VERTEX_POINT ( 'NONE', #2835 ) ;
#4617 = VECTOR ( 'NONE', #5587, 1000.000000000000000 ) ;
#4618 = LINE ( 'NONE', #6747, #6298 ) ;
#4619 = CARTESIAN_POINT ( 'NONE',  ( 96.50000000000000000, 282.7716446627535447, -6.000000000000005329 ) ) ;
#4620 = ADVANCED_FACE ( 'NONE', ( #4483 ), #6657, .F. ) ;
#4621 = VECTOR ( 'NONE', #4214, 1000.000000000000000 ) ;
#4622 = ORIENTED_EDGE ( 'NONE', *, *, #5154, .T. ) ;
#4623 = CARTESIAN_POINT ( 'NONE',  ( 3.000000000000000000, 110.0000000000000000, -8.000000000000000000 ) ) ;
#4624 = CARTESIAN_POINT ( 'NONE',  ( 195.0000000000000000, 0.5000000000000281997, -5.000000000000000000 ) ) ;
#4625 = FACE_OUTER_BOUND ( 'NONE', #4725, .T. ) ;
#4626 = DIRECTION ( 'NONE',  ( 0.000000000000000000, 0.000000000000000000, 1.000000000000000000 ) ) ;
#4627 = ADVANCED_FACE ( 'NONE', ( #5014 ), #1737, .F. ) ;
#4628 = EDGE_CURVE ( 'NONE', #5765, #6332, #3511, .T. ) ;
#4629 = CARTESIAN_POINT ( 'NONE',  ( 187.0000000000000000, 107.0000000000000000, -187.0000000000000000 ) ) ;
#4630 = ORIENTED_EDGE ( 'NONE', *, *, #5054, .F. ) ;
#4631 = DIRECTION ( 'NONE',  ( 0.000000000000000000, 0.000000000000000000, -1.000000000000000000 ) ) ;
#4632 = ORIENTED_EDGE ( 'NONE', *, *, #6908, .F. ) ;
#4633 = EDGE_LOOP ( 'NONE', ( #5152, #5105, #5626 ) ) ;
#4634 = AXIS2_PLACEMENT_3D ( 'NONE', #4458, #3361, #5508 ) ;
#4635 = CARTESIAN_POINT ( 'NONE',  ( 99.49999999999995737, 282.7716446627535447, -189.0000000000000000 ) ) ;
#4636 = DIRECTION ( 'NONE',  ( 0.000000000000000000, 0.000000000000000000, 1.000000000000000000 ) ) ;
#4637 = CARTESIAN_POINT ( 'NONE',  ( 16.00000000000000355, 4.000000000000000000, -13.00000000000001066 ) ) ;
#4638 = EDGE_CURVE ( 'NONE', #1418, #1726, #2950, .T. ) ;
#4639 = DIRECTION ( 'NONE',  ( 1.000000000000000000, 0.000000000000000000, -0.000000000000000000 ) ) ;
#4640 = ORIENTED_EDGE ( 'NONE', *, *, #930, .T. ) ;
#4641 = AXIS2_PLACEMENT_3D ( 'NONE', #1706, #4839, #1061 ) ;
#4642 = VECTOR ( 'NONE', #6558, 1000.000000000000000 ) ;
#4643 = CARTESIAN_POINT ( 'NONE',  ( 95.49999999999998579, 4.000000000000003553, -99.49999999999997158 ) ) ;
#4644 = EDGE_LOOP ( 'NONE', ( #5426, #1085 ) ) ;
#4645 = VERTEX_POINT ( 'NONE', #2423 ) ;
#4646 = AXIS2_PLACEMENT_3D ( 'NONE', #3392, #3965, #711 ) ;
#4647 = FACE_OUTER_BOUND ( 'NONE', #6338, .T. ) ;
#4648 = DIRECTION ( 'NONE',  ( -0.000000000000000000, -1.000000000000000000, -0.000000000000000000 ) ) ;
#4649 = ADVANCED_FACE ( 'NONE', ( #1299 ), #2875, .F. ) ;
#4650 = CYLINDRICAL_SURFACE ( 'NONE', #5911, 1.000000000000000888 ) ;
#4651 = AXIS2_PLACEMENT_3D ( 'NONE', #3076, #6854, #1557 ) ;
#4652 = DIRECTION ( 'NONE',  ( 0.000000000000000000, 1.000000000000000000, 0.000000000000000000 ) ) ;
#4653 = VECTOR ( 'NONE', #3782, 1000.000000000000000 ) ;
#4654 = ORIENTED_EDGE ( 'NONE', *, *, #5973, .T. ) ;
#4655 = DIRECTION ( 'NONE',  ( 0.000000000000000000, 0.000000000000000000, 1.000000000000000000 ) ) ;
#4656 = ADVANCED_FACE ( 'NONE', ( #781 ), #4981, .F. ) ;
#4657 = DIRECTION ( 'NONE',  ( 0.000000000000000000, 0.000000000000000000, -1.000000000000000000 ) ) ;
#4658 = CIRCLE ( 'NONE', #4098, 1.749999999999999778 ) ;
#4659 = ORIENTED_EDGE ( 'NONE', *, *, #6875, .F. ) ;
#4660 = AXIS2_PLACEMENT_3D ( 'NONE', #4893, #1105, #2084 ) ;
#4661 = PLANE ( 'NONE',  #80 ) ;
#4662 = EDGE_CURVE ( 'NONE', #2429, #5134, #1189, .T. ) ;
#4663 = DIRECTION ( 'NONE',  ( 1.000000000000000000, 0.000000000000000000, -1.438112726198388987E-16 ) ) ;
#4664 = ORIENTED_EDGE ( 'NONE', *, *, #6312, .T. ) ;
#4665 = CARTESIAN_POINT ( 'NONE',  ( 6.766838492538109762, 104.0000000000000000, -184.9999999999999716 ) ) ;
#4666 = ORIENTED_EDGE ( 'NONE', *, *, #5247, .T. ) ;
#4667 = EDGE_CURVE ( 'NONE', #6036, #5384, #1826, .T. ) ;
#4668 = EDGE_CURVE ( 'NONE', #144, #893, #3388, .T. ) ;
#4669 = DIRECTION ( 'NONE',  ( -1.000000000000000000, 0.000000000000000000, 0.000000000000000000 ) ) ;
#4670 = CARTESIAN_POINT ( 'NONE',  ( 6.999999999999997335, 4.000000000000003553, -178.0000000000000000 ) ) ;
#4671 = VERTEX_POINT ( 'NONE', #4409 ) ;
#4672 = CARTESIAN_POINT ( 'NONE',  ( 22.49999999999995026, 7.000000000000000000, -172.5000000000000000 ) ) ;
#4673 = DIRECTION ( 'NONE',  ( 0.000000000000000000, 0.000000000000000000, -1.000000000000000000 ) ) ;
#4674 = ORIENTED_EDGE ( 'NONE', *, *, #2632, .T. ) ;
#4675 = VERTEX_POINT ( 'NONE', #6543 ) ;
#4676 = EDGE_CURVE ( 'NONE', #306, #3336, #1956, .T. ) ;
#4677 = EDGE_CURVE ( 'NONE', #208, #6493, #6034, .T. ) ;
#4678 = DIRECTION ( 'NONE',  ( 0.000000000000000000, -0.000000000000000000, 1.000000000000000000 ) ) ;
#4679 = PLANE ( 'NONE',  #5736 ) ;
#4680 = LINE ( 'NONE', #4049, #5703 ) ;
#4681 = VECTOR ( 'NONE', #6278, 1000.000000000000000 ) ;
#4682 = LINE ( 'NONE', #6783, #3299 ) ;
#4683 = ORIENTED_EDGE ( 'NONE', *, *, #2853, .T. ) ;
#4684 = PLANE ( 'NONE',  #1588 ) ;
#4685 = FACE_OUTER_BOUND ( 'NONE', #6341, .T. ) ;
#4686 = ORIENTED_EDGE ( 'NONE', *, *, #425, .F. ) ;
#4687 = ORIENTED_EDGE ( 'NONE', *, *, #5055, .F. ) ;
#4688 = AXIS2_PLACEMENT_3D ( 'NONE', #2964, #3973, #1202 ) ;
#4689 = CARTESIAN_POINT ( 'NONE',  ( 174.1165807537310855, 3.000000000000000000, -169.7000000000001307 ) ) ;
#4690 = DIRECTION ( 'NONE',  ( -3.469446951953621091E-16, 0.000000000000000000, 1.000000000000000000 ) ) ;
#4691 = AXIS2_PLACEMENT_3D ( 'NONE', #508, #543, #2660 ) ;
#4692 = EDGE_LOOP ( 'NONE', ( #2575, #4608, #2766, #4856 ) ) ;
#4693 = DIRECTION ( 'NONE',  ( 0.000000000000000000, -1.000000000000000000, 0.000000000000000000 ) ) ;
#4694 = ORIENTED_EDGE ( 'NONE', *, *, #3256, .T. ) ;
#4695 = CARTESIAN_POINT ( 'NONE',  ( 99.49999999999997158, 4.000000000000003553, -96.50000000000000000 ) ) ;
#4696 = DIRECTION ( 'NONE',  ( 0.000000000000000000, -1.000000000000000000, 0.000000000000000000 ) ) ;
#4697 = AXIS2_PLACEMENT_3D ( 'NONE', #6847, #972, #6171 ) ;
#4698 = ADVANCED_FACE ( 'NONE', ( #1589 ), #4258, .T. ) ;
#4699 = CARTESIAN_POINT ( 'NONE',  ( 5.999999999999998224, 4.000000000000003553, -95.50000000000000000 ) ) ;
#4700 = ORIENTED_EDGE ( 'NONE', *, *, #4360, .T. ) ;
#4701 = FACE_OUTER_BOUND ( 'NONE', #2455, .T. ) ;
#4702 = DIRECTION ( 'NONE',  ( 0.000000000000000000, 1.000000000000000000, 0.000000000000000000 ) ) ;
#4703 = VERTEX_POINT ( 'NONE', #3134 ) ;
#4704 = VERTEX_POINT ( 'NONE', #5273 ) ;
#4705 = DIRECTION ( 'NONE',  ( -1.000000000000000000, 0.000000000000000000, 0.000000000000000000 ) ) ;
#4706 = VECTOR ( 'NONE', #5296, 1000.000000000000000 ) ;
#4707 = CYLINDRICAL_SURFACE ( 'NONE', #6004, 1.000000000000000000 ) ;
#4708 = LINE ( 'NONE', #5685, #3837 ) ;
#4709 = CARTESIAN_POINT ( 'NONE',  ( 15.99999999999999645, 4.000000000000000000, 5.551115123125792957E-15 ) ) ;
#4710 = EDGE_CURVE ( 'NONE', #4645, #3078, #946, .T. ) ;
#4711 = ADVANCED_FACE ( 'NONE', ( #5309 ), #2116, .F. ) ;
#4712 = CARTESIAN_POINT ( 'NONE',  ( 0.000000000000000000, 93.00000000000000000, -178.0000000000000000 ) ) ;
#4713 = ORIENTED_EDGE ( 'NONE', *, *, #1869, .F. ) ;
#4714 = DIRECTION ( 'NONE',  ( 0.000000000000000000, 1.000000000000000000, 0.000000000000000000 ) ) ;
#4715 = AXIS2_PLACEMENT_3D ( 'NONE', #376, #3571, #6699 ) ;
#4716 = LINE ( 'NONE', #358, #1352 ) ;
#4717 = ADVANCED_FACE ( 'NONE', ( #5786 ), #487, .F. ) ;
#4718 = VERTEX_POINT ( 'NONE', #2608 ) ;
#4719 = ORIENTED_EDGE ( 'NONE', *, *, #3895, .T. ) ;
#4720 = DIRECTION ( 'NONE',  ( 0.000000000000000000, 0.000000000000000000, -1.000000000000000000 ) ) ;
#4721 = DIRECTION ( 'NONE',  ( 0.000000000000000000, 1.000000000000000000, 0.000000000000000000 ) ) ;
#4722 = CIRCLE ( 'NONE', #2699, 1.000000000000000888 ) ;
#4723 = EDGE_LOOP ( 'NONE', ( #6266, #2038, #989, #4534 ) ) ;
#4724 = CARTESIAN_POINT ( 'NONE',  ( 4.999999999999997335, 385.7716446627536016, -178.0000000000000000 ) ) ;
#4725 = EDGE_LOOP ( 'NONE', ( #3242, #2714, #888, #5818 ) ) ;
#4726 = DIRECTION ( 'NONE',  ( 0.000000000000000000, 0.000000000000000000, 1.000000000000000000 ) ) ;
#4727 = VECTOR ( 'NONE', #6675, 1000.000000000000000 ) ;
#4728 = ADVANCED_FACE ( 'NONE', ( #1522 ), #1888, .F. ) ;
#4729 = ORIENTED_EDGE ( 'NONE', *, *, #3805, .T. ) ;
#4730 = DIRECTION ( 'NONE',  ( 0.000000000000000000, -0.000000000000000000, 1.000000000000000000 ) ) ;
#4731 = CONICAL_SURFACE ( 'NONE', #2393, 4.999999999999990230, 0.3490658503988620098 ) ;
#4732 = FACE_OUTER_BOUND ( 'NONE', #3217, .T. ) ;
#4733 = ORIENTED_EDGE ( 'NONE', *, *, #2559, .T. ) ;
#4734 = EDGE_LOOP ( 'NONE', ( #286, #5980, #6721, #6760 ) ) ;
#4735 = CARTESIAN_POINT ( 'NONE',  ( 5.000000000000005329, 7.000000000000000000, -95.50000000000000000 ) ) ;
#4736 = CARTESIAN_POINT ( 'NONE',  ( 15.00000000000000000, 4.000000000000003553, -188.0000000000000000 ) ) ;
#4737 = CARTESIAN_POINT ( 'NONE',  ( 95.49999999999998579, 4.000000000000003553, -95.50000000000000000 ) ) ;
#4738 = AXIS2_PLACEMENT_3D ( 'NONE', #6207, #6780, #997 ) ;
#4739 = DIRECTION ( 'NONE',  ( 0.000000000000000000, 0.000000000000000000, 1.000000000000000000 ) ) ;
#4740 = CIRCLE ( 'NONE', #4641, 6.760514917423826375 ) ;
#4741 = ORIENTED_EDGE ( 'NONE', *, *, #2828, .F. ) ;
#4742 = EDGE_CURVE ( 'NONE', #293, #2472, #6863, .T. ) ;
#4743 = ADVANCED_FACE ( 'NONE', ( #4751 ), #6886, .F. ) ;
#4744 = DIRECTION ( 'NONE',  ( -0.000000000000000000, 1.000000000000000000, -0.000000000000000000 ) ) ;
#4745 = VECTOR ( 'NONE', #626, 1000.000000000000000 ) ;
#4746 = DIRECTION ( 'NONE',  ( 0.000000000000000000, 1.000000000000000000, 0.000000000000000000 ) ) ;
#4747 = DIRECTION ( 'NONE',  ( -0.000000000000000000, -1.000000000000000000, -0.000000000000000000 ) ) ;
#4748 = CIRCLE ( 'NONE', #1052, 1.000000000000000888 ) ;
#4749 = ORIENTED_EDGE ( 'NONE', *, *, #5181, .T. ) ;
#4750 = VERTEX_POINT ( 'NONE', #3099 ) ;
#4751 = FACE_OUTER_BOUND ( 'NONE', #3636, .T. ) ;
#4752 = ORIENTED_EDGE ( 'NONE', *, *, #434, .F. ) ;
#4753 = FACE_OUTER_BOUND ( 'NONE', #3204, .T. ) ;
#4754 = EDGE_CURVE ( 'NONE', #1509, #1280, #4189, .T. ) ;
#4755 = CIRCLE ( 'NONE', #623, 7.700207538209741465 ) ;
#4756 = LINE ( 'NONE', #4163, #3407 ) ;
#4757 = VERTEX_POINT ( 'NONE', #3170 ) ;
#4758 = CARTESIAN_POINT ( 'NONE',  ( 0.000000000000000000, 3.000000000000000000, 0.000000000000000000 ) ) ;
#4759 = VECTOR ( 'NONE', #3765, 1000.000000000000000 ) ;
#4760 = EDGE_LOOP ( 'NONE', ( #6417, #3017, #2317, #1326 ) ) ;
#4761 = EDGE_CURVE ( 'NONE', #1489, #6070, #4403, .T. ) ;
#4762 = CARTESIAN_POINT ( 'NONE',  ( 6.766838492538109762, 104.0000000000000000, -184.9999999999999716 ) ) ;
#4763 = VECTOR ( 'NONE', #3368, 1000.000000000000000 ) ;
#4764 = CARTESIAN_POINT ( 'NONE',  ( 10.00000000000000178, 92.00000000000000000, -183.2500000000000000 ) ) ;
#4765 = ORIENTED_EDGE ( 'NONE', *, *, #83, .T. ) ;
#4766 = FACE_BOUND ( 'NONE', #5027, .T. ) ;
#4767 = FACE_OUTER_BOUND ( 'NONE', #2570, .T. ) ;
#4768 = ORIENTED_EDGE ( 'NONE', *, *, #4662, .T. ) ;
#4769 = CARTESIAN_POINT ( 'NONE',  ( 0.000000000000000000, 101.2999999999999972, 0.000000000000000000 ) ) ;
#4770 = CARTESIAN_POINT ( 'NONE',  ( 188.0000000000000000, 4.000000000000003553, -178.0000000000000000 ) ) ;
#4771 = EDGE_CURVE ( 'NONE', #6001, #5904, #6728, .T. ) ;
#4772 = FACE_OUTER_BOUND ( 'NONE', #897, .T. ) ;
#4773 = CARTESIAN_POINT ( 'NONE',  ( 170.8834192462690851, 3.000000000000000000, -19.70000000000010587 ) ) ;
#4774 = CARTESIAN_POINT ( 'NONE',  ( 13.00000000000000355, 4.000000000000003553, -182.0000000000000000 ) ) ;
#4775 = DIRECTION ( 'NONE',  ( 0.000000000000000000, -0.000000000000000000, 1.000000000000000000 ) ) ;
#4776 = ORIENTED_EDGE ( 'NONE', *, *, #6458, .T. ) ;
#4777 = DIRECTION ( 'NONE',  ( 0.000000000000000000, 1.000000000000000000, 0.000000000000000000 ) ) ;
#4778 = CARTESIAN_POINT ( 'NONE',  ( 99.50000000000000000, 4.000000000000003553, -6.000000000000005329 ) ) ;
#4779 = VECTOR ( 'NONE', #883, 1000.000000000000000 ) ;
#4780 = DIRECTION ( 'NONE',  ( 0.000000000000000000, 1.000000000000000000, 0.000000000000000000 ) ) ;
#4781 = EDGE_LOOP ( 'NONE', ( #4674, #4741, #3829, #2743 ) ) ;
#4782 = EDGE_CURVE ( 'NONE', #4671, #2309, #525, .T. ) ;
#4783 = ORIENTED_EDGE ( 'NONE', *, *, #6189, .F. ) ;
#4784 = CARTESIAN_POINT ( 'NONE',  ( 96.49999999999997158, 282.7716446627535447, -189.0000000000000000 ) ) ;
#4785 = VERTEX_POINT ( 'NONE', #4069 ) ;
#4786 = CARTESIAN_POINT ( 'NONE',  ( 172.5000000000000284, 7.000000000000000000, -178.0441190629352377 ) ) ;
#4787 = ADVANCED_FACE ( 'NONE', ( #1007 ), #9, .T. ) ;
#4788 = ADVANCED_FACE ( 'NONE', ( #6148 ), #1367, .T. ) ;
#4789 = ORIENTED_EDGE ( 'NONE', *, *, #2558, .F. ) ;
#4790 = FACE_OUTER_BOUND ( 'NONE', #1086, .T. ) ;
#4791 = VERTEX_POINT ( 'NONE', #5641 ) ;
#4792 = CARTESIAN_POINT ( 'NONE',  ( 8.383419246269049552, 101.2999999999999972, -12.80000000000000604 ) ) ;
#4793 = VECTOR ( 'NONE', #3049, 1000.000000000000000 ) ;
#4794 = LINE ( 'NONE', #5796, #3226 ) ;
#4795 = DIRECTION ( 'NONE',  ( 0.4999999999999970579, 0.000000000000000000, -0.8660254037844402619 ) ) ;
#4796 = EDGE_CURVE ( 'NONE', #6138, #1587, #3616, .T. ) ;
#4797 = VERTEX_POINT ( 'NONE', #4197 ) ;
#4798 = LINE ( 'NONE', #6862, #4294 ) ;
#4799 = DIRECTION ( 'NONE',  ( 0.000000000000000000, 1.000000000000000000, 0.000000000000000000 ) ) ;
#4800 = VERTEX_POINT ( 'NONE', #1242 ) ;
#4801 = ORIENTED_EDGE ( 'NONE', *, *, #1192, .F. ) ;
#4802 = CARTESIAN_POINT ( 'NONE',  ( 22.49999999999995026, 7.000000000000000000, -20.75000000000003197 ) ) ;
#4803 = CARTESIAN_POINT ( 'NONE',  ( 96.49999999999998579, 7.000000000000006217, -95.50000000000000000 ) ) ;
#4804 = FACE_OUTER_BOUND ( 'NONE', #1039, .T. ) ;
#4805 = CIRCLE ( 'NONE', #3908, 7.700207538209741465 ) ;
#4806 = CARTESIAN_POINT ( 'NONE',  ( 178.0000000000000000, 4.000000000000003553, -6.999999999999999112 ) ) ;
#4807 = CYLINDRICAL_SURFACE ( 'NONE', #480, 1.000000000000000888 ) ;
#4808 = AXIS2_PLACEMENT_3D ( 'NONE', #6748, #6276, #5214 ) ;
#4809 = ORIENTED_EDGE ( 'NONE', *, *, #141, .T. ) ;
#4810 = CARTESIAN_POINT ( 'NONE',  ( 182.0000000000000000, 121.1421356237309510, -15.00000000000001421 ) ) ;
#4811 = LINE ( 'NONE', #5407, #5193 ) ;
#4812 = CARTESIAN_POINT ( 'NONE',  ( 188.0000000000000000, 4.000000000000000000, -179.0000000000000000 ) ) ;
#4813 = ORIENTED_EDGE ( 'NONE', *, *, #1863, .F. ) ;
#4814 = EDGE_CURVE ( 'NONE', #2356, #3139, #1753, .T. ) ;
#4815 = ORIENTED_EDGE ( 'NONE', *, *, #3323, .F. ) ;
#4816 = CARTESIAN_POINT ( 'NONE',  ( 24.11658075373082610, 0.000000000000000000, -175.3000000000000966 ) ) ;
#4817 = VERTEX_POINT ( 'NONE', #1139 ) ;
#4818 = AXIS2_PLACEMENT_3D ( 'NONE', #5097, #923, #5283 ) ;
#4819 = DIRECTION ( 'NONE',  ( 0.000000000000000000, 1.000000000000000000, 0.000000000000000000 ) ) ;
#4820 = EDGE_CURVE ( 'NONE', #196, #4166, #3235, .T. ) ;
#4821 = ORIENTED_EDGE ( 'NONE', *, *, #47, .F. ) ;
#4822 = FILL_AREA_STYLE ('',( #564 ) ) ;
#4823 = ORIENTED_EDGE ( 'NONE', *, *, #235, .T. ) ;
#4824 = CARTESIAN_POINT ( 'NONE',  ( 186.6165807537309433, 101.2999999999999972, -187.7999999999999829 ) ) ;
#4825 = AXIS2_PLACEMENT_3D ( 'NONE', #3432, #2394, #4533 ) ;
#4826 = EDGE_CURVE ( 'NONE', #2866, #6364, #3369, .T. ) ;
#4827 = DIRECTION ( 'NONE',  ( 0.4999999999999970579, 0.000000000000000000, -0.8660254037844402619 ) ) ;
#4828 = EDGE_CURVE ( 'NONE', #2819, #2549, #722, .T. ) ;
#4829 = CARTESIAN_POINT ( 'NONE',  ( 19.26683849253805292, 3.000000000000000000, -172.5000000000001421 ) ) ;
#4830 = DIRECTION ( 'NONE',  ( 0.000000000000000000, 0.000000000000000000, -1.000000000000000000 ) ) ;
#4831 = ORIENTED_EDGE ( 'NONE', *, *, #3675, .T. ) ;
#4832 = FACE_OUTER_BOUND ( 'NONE', #1672, .T. ) ;
#4833 = CARTESIAN_POINT ( 'NONE',  ( 174.1165807537310855, 3.000000000000000000, -169.7000000000001307 ) ) ;
#4834 = EDGE_LOOP ( 'NONE', ( #3270, #2646, #3345, #6750 ) ) ;
#4835 = ORIENTED_EDGE ( 'NONE', *, *, #6678, .T. ) ;
#4836 = DIRECTION ( 'NONE',  ( -1.000000000000000000, 0.000000000000000000, 0.000000000000000000 ) ) ;
#4837 = ADVANCED_FACE ( 'NONE', ( #5375, #5986 ), #1654, .T. ) ;
#4838 = DIRECTION ( 'NONE',  ( 0.000000000000000000, 1.000000000000000000, 0.000000000000000000 ) ) ;
#4839 = DIRECTION ( 'NONE',  ( -0.000000000000000000, 1.000000000000000000, -0.000000000000000000 ) ) ;
#4840 = DIRECTION ( 'NONE',  ( 0.000000000000000000, 1.000000000000000000, 0.000000000000000000 ) ) ;
#4841 = VECTOR ( 'NONE', #3487, 1000.000000000000114 ) ;
#4842 = EDGE_LOOP ( 'NONE', ( #5183, #4006, #1602, #4520 ) ) ;
#4843 = AXIS2_PLACEMENT_3D ( 'NONE', #3617, #4746, #6242 ) ;
#4844 = CARTESIAN_POINT ( 'NONE',  ( 22.49999999999995026, 3.657979856674334673, -29.26051491742390809 ) ) ;
#4845 = CARTESIAN_POINT ( 'NONE',  ( 13.00000000000000355, 121.1421356237309510, -180.0000000000000000 ) ) ;
#4846 = FACE_OUTER_BOUND ( 'NONE', #4847, .T. ) ;
#4847 = EDGE_LOOP ( 'NONE', ( #2120, #2225, #1637, #1871 ) ) ;
#4848 = ORIENTED_EDGE ( 'NONE', *, *, #1323, .T. ) ;
#4849 = CIRCLE ( 'NONE', #1821, 1.750000000000001554 ) ;
#4850 = CARTESIAN_POINT ( 'NONE',  ( 24.11658075373091492, 3.000000000000000000, -19.70000000000012719 ) ) ;
#4851 = ORIENTED_EDGE ( 'NONE', *, *, #5519, .F. ) ;
#4852 = FACE_OUTER_BOUND ( 'NONE', #4510, .T. ) ;
#4853 = EDGE_CURVE ( 'NONE', #6044, #166, #3839, .T. ) ;
#4854 = AXIS2_PLACEMENT_3D ( 'NONE', #1998, #4142, #4730 ) ;
#4855 = CIRCLE ( 'NONE', #2728, 2.000000000000001776 ) ;
#4856 = ORIENTED_EDGE ( 'NONE', *, *, #264, .F. ) ;
#4857 = ORIENTED_EDGE ( 'NONE', *, *, #2642, .T. ) ;
#4858 = AXIS2_PLACEMENT_3D ( 'NONE', #639, #2763, #4901 ) ;
#4859 = EDGE_LOOP ( 'NONE', ( #6277, #2886 ) ) ;
#4860 = CIRCLE ( 'NONE', #2516, 1.749999999999999778 ) ;
#4861 = LINE ( 'NONE', #5961, #739 ) ;
#4862 = EDGE_CURVE ( 'NONE', #962, #2731, #6420, .T. ) ;
#4863 = CYLINDRICAL_SURFACE ( 'NONE', #881, 1.000000000000000888 ) ;
#4864 = LINE ( 'NONE', #2196, #2566 ) ;
#4865 = ORIENTED_EDGE ( 'NONE', *, *, #6449, .F. ) ;
#4866 = CIRCLE ( 'NONE', #5427, 1.750000000000015543 ) ;
#4867 = CARTESIAN_POINT ( 'NONE',  ( 172.5000000000000284, 7.000000000000000000, -24.25000000000006040 ) ) ;
#4868 = EDGE_CURVE ( 'NONE', #3236, #4896, #2751, .T. ) ;
#4869 = ADVANCED_FACE ( 'NONE', ( #2147 ), #3335, .F. ) ;
#4870 = CARTESIAN_POINT ( 'NONE',  ( 189.0000000000000000, 282.7716446627535447, -95.50000000000000000 ) ) ;
#4871 = VERTEX_POINT ( 'NONE', #3905 ) ;
#4872 = ORIENTED_EDGE ( 'NONE', *, *, #6631, .F. ) ;
#4873 = DIRECTION ( 'NONE',  ( -0.000000000000000000, 1.000000000000000000, 0.000000000000000000 ) ) ;
#4874 = SPHERICAL_SURFACE ( 'NONE', #2902, 1.000000000000000000 ) ;
#4875 = VECTOR ( 'NONE', #2879, 1000.000000000000114 ) ;
#4876 = DIRECTION ( 'NONE',  ( 0.000000000000000000, 0.000000000000000000, 1.000000000000000000 ) ) ;
#4877 = EDGE_CURVE ( 'NONE', #6228, #2693, #2189, .T. ) ;
#4878 = EDGE_CURVE ( 'NONE', #1772, #2452, #4291, .T. ) ;
#4879 = VERTEX_POINT ( 'NONE', #175 ) ;
#4880 = CARTESIAN_POINT ( 'NONE',  ( 0.000000000000000000, 4.000000000000000000, -189.0000000000000000 ) ) ;
#4881 = CARTESIAN_POINT ( 'NONE',  ( 5.000000000000004441, 98.00000000000000000, -173.0000000000000000 ) ) ;
#4882 = ORIENTED_EDGE ( 'NONE', *, *, #1143, .F. ) ;
#4883 = DIRECTION ( 'NONE',  ( 1.000000000000000000, 0.000000000000000000, -0.000000000000000000 ) ) ;
#4884 = DIRECTION ( 'NONE',  ( 0.000000000000000000, 0.000000000000000000, -1.000000000000000000 ) ) ;
#4885 = DIRECTION ( 'NONE',  ( 0.000000000000000000, 0.000000000000000000, 1.000000000000000000 ) ) ;
#4886 = ORIENTED_EDGE ( 'NONE', *, *, #2603, .T. ) ;
#4887 = ORIENTED_EDGE ( 'NONE', *, *, #2466, .T. ) ;
#4888 = ADVANCED_FACE ( 'NONE', ( #4429 ), #4392, .F. ) ;
#4889 = ORIENTED_EDGE ( 'NONE', *, *, #4108, .F. ) ;
#4890 = DIRECTION ( 'NONE',  ( 0.000000000000000000, 0.000000000000000000, 1.000000000000000000 ) ) ;
#4891 = DIRECTION ( 'NONE',  ( -0.000000000000000000, 1.000000000000000000, -0.000000000000000000 ) ) ;
#4892 = EDGE_LOOP ( 'NONE', ( #1183, #3207, #6084, #1778, #2709 ) ) ;
#4893 = CARTESIAN_POINT ( 'NONE',  ( 172.5000000000000284, 3.657979856674335561, -22.50000000000002132 ) ) ;
#4894 = ORIENTED_EDGE ( 'NONE', *, *, #4350, .T. ) ;
#4895 = CARTESIAN_POINT ( 'NONE',  ( 180.0000000000000000, 101.2999999999999972, -189.9999999999999716 ) ) ;
#4896 = VERTEX_POINT ( 'NONE', #2708 ) ;
#4897 = CYLINDRICAL_SURFACE ( 'NONE', #3184, 2.000000000000000000 ) ;
#4898 = LINE ( 'NONE', #5010, #4157 ) ;
#4899 = VERTEX_POINT ( 'NONE', #4850 ) ;
#4900 = EDGE_CURVE ( 'NONE', #1722, #106, #6407, .T. ) ;
#4901 = DIRECTION ( 'NONE',  ( 0.000000000000000000, 0.000000000000000000, -1.000000000000000000 ) ) ;
#4902 = DIRECTION ( 'NONE',  ( 0.000000000000000000, 0.000000000000000000, 1.000000000000000000 ) ) ;
#4903 = EDGE_LOOP ( 'NONE', ( #3348, #3717, #4212, #3987 ) ) ;
#4904 = ORIENTED_EDGE ( 'NONE', *, *, #5828, .F. ) ;
#4905 = CIRCLE ( 'NONE', #2450, 1.000000000000000888 ) ;
#4906 = DIRECTION ( 'NONE',  ( 0.000000000000000000, -1.000000000000000000, 0.000000000000000000 ) ) ;
#4907 = DIRECTION ( 'NONE',  ( -0.000000000000000000, -1.000000000000000000, -0.000000000000000000 ) ) ;
#4908 = CARTESIAN_POINT ( 'NONE',  ( 15.00000000000000178, 104.0000000000000000, -12.80000000000000604 ) ) ;
#4909 = VECTOR ( 'NONE', #1900, 1000.000000000000000 ) ;
#4910 = AXIS2_PLACEMENT_3D ( 'NONE', #6738, #349, #899 ) ;
#4911 = DIRECTION ( 'NONE',  ( 0.000000000000000000, -1.000000000000000000, -0.000000000000000000 ) ) ;
#4912 = ORIENTED_EDGE ( 'NONE', *, *, #6812, .F. ) ;
#4913 = CARTESIAN_POINT ( 'NONE',  ( 195.0000000000000000, 104.0000000000000000, -195.0000000000000000 ) ) ;
#4914 = ORIENTED_EDGE ( 'NONE', *, *, #96, .F. ) ;
#4915 = VECTOR ( 'NONE', #6680, 1000.000000000000000 ) ;
#4916 = DIRECTION ( 'NONE',  ( 0.000000000000000000, 0.000000000000000000, 1.000000000000000000 ) ) ;
#4917 = LINE ( 'NONE', #102, #6053 ) ;
#4918 = ADVANCED_FACE ( 'NONE', ( #5919 ), #3266, .F. ) ;
#4919 = EDGE_CURVE ( 'NONE', #3339, #1663, #1709, .T. ) ;
#4920 = DIRECTION ( 'NONE',  ( 0.000000000000000000, 1.000000000000000000, 0.000000000000000000 ) ) ;
#4921 = CARTESIAN_POINT ( 'NONE',  ( 192.0000000000000000, 110.0000000000000000, -187.0000000000000000 ) ) ;
#4922 = AXIS2_PLACEMENT_3D ( 'NONE', #603, #1019, #1534 ) ;
#4923 = ORIENTED_EDGE ( 'NONE', *, *, #302, .F. ) ;
#4924 = CARTESIAN_POINT ( 'NONE',  ( 5.000000000000000888, 107.0000000000000000, -15.00000000000001421 ) ) ;
#4925 = ORIENTED_EDGE ( 'NONE', *, *, #4638, .F. ) ;
#4926 = CARTESIAN_POINT ( 'NONE',  ( 7.000000000000000000, 4.000000000000000000, -15.00000000000001421 ) ) ;
#4927 = AXIS2_PLACEMENT_3D ( 'NONE', #4128, #3068, #5151 ) ;
#4928 = ADVANCED_FACE ( 'NONE', ( #1686 ), #3302, .F. ) ;
#4929 = CARTESIAN_POINT ( 'NONE',  ( 180.0000000000000000, 101.2999999999999972, -5.000000000000031974 ) ) ;
#4930 = ORIENTED_EDGE ( 'NONE', *, *, #1613, .T. ) ;
#4931 = ORIENTED_EDGE ( 'NONE', *, *, #5148, .T. ) ;
#4932 = VECTOR ( 'NONE', #6369, 1000.000000000000000 ) ;
#4933 = ORIENTED_EDGE ( 'NONE', *, *, #3160, .F. ) ;
#4934 = DIRECTION ( 'NONE',  ( 0.000000000000000000, 0.000000000000000000, 1.000000000000000000 ) ) ;
#4935 = CARTESIAN_POINT ( 'NONE',  ( 178.0000000000000000, 106.9999999999999858, -6.999999999999999112 ) ) ;
#4936 = DIRECTION ( 'NONE',  ( -1.000000000000000000, 0.000000000000000000, -0.000000000000000000 ) ) ;
#4937 = EDGE_CURVE ( 'NONE', #4166, #6201, #3442, .T. ) ;
#4938 = AXIS2_PLACEMENT_3D ( 'NONE', #3529, #1963, #4104 ) ;
#4939 = LINE ( 'NONE', #86, #5057 ) ;
#4940 = ORIENTED_EDGE ( 'NONE', *, *, #6580, .F. ) ;
#4941 = DIRECTION ( 'NONE',  ( 0.000000000000000000, 0.000000000000000000, -1.000000000000000000 ) ) ;
#4942 = CYLINDRICAL_SURFACE ( 'NONE', #3954, 2.000000000000000000 ) ;
#4943 = VECTOR ( 'NONE', #6672, 1000.000000000000000 ) ;
#4944 = ORIENTED_EDGE ( 'NONE', *, *, #5502, .T. ) ;
#4945 = ORIENTED_EDGE ( 'NONE', *, *, #2995, .F. ) ;
#4946 = FACE_OUTER_BOUND ( 'NONE', #903, .T. ) ;
#4947 = CARTESIAN_POINT ( 'NONE',  ( 16.00000000000000000, 4.000000000000000000, -7.000000000000000000 ) ) ;
#4948 = EDGE_CURVE ( 'NONE', #4675, #6096, #2966, .T. ) ;
#4949 = CARTESIAN_POINT ( 'NONE',  ( 95.50000000000000000, 282.7716446627535447, -6.000000000000005329 ) ) ;
#4950 = PRESENTATION_LAYER_ASSIGNMENT (  '', '', ( #1929 ) ) ;
#4951 = EDGE_LOOP ( 'NONE', ( #6472, #119, #5120, #812 ) ) ;
#4952 = CARTESIAN_POINT ( 'NONE',  ( 13.00000000000000355, 3.000000000000000000, -16.00000000000001421 ) ) ;
#4953 = ORIENTED_EDGE ( 'NONE', *, *, #6885, .F. ) ;
#4954 = DIRECTION ( 'NONE',  ( -0.000000000000000000, -1.000000000000000000, -0.000000000000000000 ) ) ;
#4955 = CARTESIAN_POINT ( 'NONE',  ( 22.49999999999995026, 4.000000000000000000, -14.79979246179027896 ) ) ;
#4956 = VECTOR ( 'NONE', #4827, 1000.000000000000114 ) ;
#4957 = DIRECTION ( 'NONE',  ( 1.000000000000000000, -0.000000000000000000, 0.000000000000000000 ) ) ;
#4958 = FACE_OUTER_BOUND ( 'NONE', #3842, .T. ) ;
#4959 = ORIENTED_EDGE ( 'NONE', *, *, #5111, .T. ) ;
#4960 = DIRECTION ( 'NONE',  ( 0.000000000000000000, 0.000000000000000000, 1.000000000000000000 ) ) ;
#4961 = EDGE_CURVE ( 'NONE', #2941, #6597, #2859, .T. ) ;
#4962 = EDGE_CURVE ( 'NONE', #3909, #367, #6191, .T. ) ;
#4963 = CIRCLE ( 'NONE', #2500, 2.000000000000001776 ) ;
#4964 = DIRECTION ( 'NONE',  ( 0.000000000000000000, 0.000000000000000000, 1.000000000000000000 ) ) ;
#4965 = ORIENTED_EDGE ( 'NONE', *, *, #4754, .T. ) ;
#4966 = DIRECTION ( 'NONE',  ( 0.000000000000000000, -1.000000000000000000, 0.000000000000000000 ) ) ;
#4967 = AXIS2_PLACEMENT_3D ( 'NONE', #2737, #544, #4876 ) ;
#4968 = ORIENTED_EDGE ( 'NONE', *, *, #1268, .F. ) ;
#4969 = EDGE_CURVE ( 'NONE', #982, #6036, #5077, .T. ) ;
#4970 = ORIENTED_EDGE ( 'NONE', *, *, #4961, .F. ) ;
#4971 = VECTOR ( 'NONE', #4467, 1000.000000000000000 ) ;
#4972 = CARTESIAN_POINT ( 'NONE',  ( 172.5000000000000284, 4.000000000000000000, -180.2002075382097530 ) ) ;
#4973 = DIRECTION ( 'NONE',  ( -0.000000000000000000, 1.000000000000000000, -0.000000000000000000 ) ) ;
#4974 = PLANE ( 'NONE',  #829 ) ;
#4975 = VECTOR ( 'NONE', #6074, 1000.000000000000000 ) ;
#4976 = DIRECTION ( 'NONE',  ( 1.000000000000000000, 0.000000000000000000, 0.000000000000000000 ) ) ;
#4977 = ORIENTED_EDGE ( 'NONE', *, *, #1323, .F. ) ;
#4978 = AXIS2_PLACEMENT_3D ( 'NONE', #1014, #3140, #6352 ) ;
#4979 = CARTESIAN_POINT ( 'NONE',  ( 10.00000000000000178, 92.00000000000000000, -10.00000000000000888 ) ) ;
#4980 = VECTOR ( 'NONE', #1704, 1000.000000000000000 ) ;
#4981 = CYLINDRICAL_SURFACE ( 'NONE', #3277, 1.749999999999999778 ) ;
#4982 = ORIENTED_EDGE ( 'NONE', *, *, #3391, .T. ) ;
#4983 = ORIENTED_EDGE ( 'NONE', *, *, #6202, .F. ) ;
#4984 = DIRECTION ( 'NONE',  ( -1.453678890483358486E-17, 0.000000000000000000, -1.000000000000000000 ) ) ;
#4985 = LINE ( 'NONE', #1260, #6124 ) ;
#4986 = DIRECTION ( 'NONE',  ( 3.469446951953621091E-16, 0.000000000000000000, -1.000000000000000000 ) ) ;
#4987 = VECTOR ( 'NONE', #5253, 1000.000000000000000 ) ;
#4988 = DIRECTION ( 'NONE',  ( 0.000000000000000000, 1.000000000000000000, 0.000000000000000000 ) ) ;
#4989 = ORIENTED_EDGE ( 'NONE', *, *, #6449, .T. ) ;
#4990 = AXIS2_PLACEMENT_3D ( 'NONE', #188, #2335, #2829 ) ;
#4991 = ORIENTED_EDGE ( 'NONE', *, *, #4262, .F. ) ;
#4992 = DIRECTION ( 'NONE',  ( 0.000000000000000000, 0.000000000000000000, -1.000000000000000000 ) ) ;
#4993 = CARTESIAN_POINT ( 'NONE',  ( 6.766838492538109762, 104.0000000000000000, -10.00000000000003730 ) ) ;
#4994 = CARTESIAN_POINT ( 'NONE',  ( 195.0000000000000000, 110.0000000000000000, 0.000000000000000000 ) ) ;
#4995 = DIRECTION ( 'NONE',  ( 0.000000000000000000, 0.000000000000000000, 1.000000000000000000 ) ) ;
#4996 = CIRCLE ( 'NONE', #1977, 1.000000000000000888 ) ;
#4997 = ORIENTED_EDGE ( 'NONE', *, *, #938, .T. ) ;
#4998 = LINE ( 'NONE', #4324, #1514 ) ;
#4999 = CARTESIAN_POINT ( 'NONE',  ( 15.00000000000000355, 121.1421356237309510, -182.1999999999999886 ) ) ;
#5000 = ORIENTED_EDGE ( 'NONE', *, *, #2515, .F. ) ;
#5001 = DIRECTION ( 'NONE',  ( 1.000000000000000000, 0.000000000000000000, -0.000000000000000000 ) ) ;
#5002 = LINE ( 'NONE', #5242, #5039 ) ;
#5003 = EDGE_CURVE ( 'NONE', #5310, #2356, #280, .T. ) ;
#5004 = ORIENTED_EDGE ( 'NONE', *, *, #3440, .F. ) ;
#5005 = CARTESIAN_POINT ( 'NONE',  ( 5.999999999999998224, 4.000000000000003553, -99.49999999999992895 ) ) ;
#5006 = ORIENTED_EDGE ( 'NONE', *, *, #223, .F. ) ;
#5007 = CARTESIAN_POINT ( 'NONE',  ( 99.49999999999997158, 4.000000000000003553, -99.49999999999997158 ) ) ;
#5008 = EDGE_CURVE ( 'NONE', #2383, #6646, #5509, .T. ) ;
#5009 = EDGE_CURVE ( 'NONE', #2237, #906, #3005, .T. ) ;
#5010 = CARTESIAN_POINT ( 'NONE',  ( 20.88341924626900692, 0.000000000000000000, -25.30000000000008598 ) ) ;
#5011 = AXIS2_PLACEMENT_3D ( 'NONE', #4162, #5275, #3100 ) ;
#5012 = ORIENTED_EDGE ( 'NONE', *, *, #580, .T. ) ;
#5013 = FACE_OUTER_BOUND ( 'NONE', #3397, .T. ) ;
#5014 = FACE_OUTER_BOUND ( 'NONE', #6720, .T. ) ;
#5015 = EDGE_LOOP ( 'NONE', ( #2792, #3009, #1345, #5925 ) ) ;
#5016 = VERTEX_POINT ( 'NONE', #1908 ) ;
#5017 = CARTESIAN_POINT ( 'NONE',  ( 175.7331615074619720, 3.000000000000000000, -172.5000000000000284 ) ) ;
#5018 = AXIS2_PLACEMENT_3D ( 'NONE', #2141, #4286, #6412 ) ;
#5019 = CARTESIAN_POINT ( 'NONE',  ( 4.999999999999997335, 385.7716446627536016, -187.0000000000000000 ) ) ;
#5020 = DIRECTION ( 'NONE',  ( 0.000000000000000000, 0.000000000000000000, 1.000000000000000000 ) ) ;
#5021 = EDGE_CURVE ( 'NONE', #3201, #1593, #1947, .T. ) ;
#5022 = FACE_BOUND ( 'NONE', #5100, .T. ) ;
#5023 = ORIENTED_EDGE ( 'NONE', *, *, #3635, .T. ) ;
#5024 = ORIENTED_EDGE ( 'NONE', *, *, #2178, .F. ) ;
#5025 = CARTESIAN_POINT ( 'NONE',  ( 6.766838492538109762, 101.2999999999999972, -10.00000000000003730 ) ) ;
#5026 = ORIENTED_EDGE ( 'NONE', *, *, #1281, .F. ) ;
#5027 = EDGE_LOOP ( 'NONE', ( #6822, #459 ) ) ;
#5028 = DIRECTION ( 'NONE',  ( 0.000000000000000000, 1.000000000000000000, 0.000000000000000000 ) ) ;
#5029 = CYLINDRICAL_SURFACE ( 'NONE', #3953, 5.000000000000004441 ) ;
#5030 = CIRCLE ( 'NONE', #661, 7.700207538209741465 ) ;
#5031 = AXIS2_PLACEMENT_3D ( 'NONE', #2736, #612, #6904 ) ;
#5032 = DIRECTION ( 'NONE',  ( -3.469446951953621091E-16, 0.000000000000000000, -1.000000000000000000 ) ) ;
#5033 = FACE_BOUND ( 'NONE', #6855, .T. ) ;
#5034 = CARTESIAN_POINT ( 'NONE',  ( 98.49999999999995737, 7.000000000000006217, -189.0000000000000000 ) ) ;
#5035 = CYLINDRICAL_SURFACE ( 'NONE', #5401, 1.750000000000039746 ) ;
#5036 = ORIENTED_EDGE ( 'NONE', *, *, #2477, .F. ) ;
#5037 = DIRECTION ( 'NONE',  ( 0.4999999999999999445, 0.000000000000000000, -0.8660254037844387076 ) ) ;
#5038 = DIRECTION ( 'NONE',  ( 0.4999999999999978906, 0.000000000000000000, -0.8660254037844398178 ) ) ;
#5039 = VECTOR ( 'NONE', #1457, 1000.000000000000000 ) ;
#5040 = ORIENTED_EDGE ( 'NONE', *, *, #872, .T. ) ;
#5041 = ORIENTED_EDGE ( 'NONE', *, *, #6155, .T. ) ;
#5042 = CARTESIAN_POINT ( 'NONE',  ( 195.0000000000000000, 110.0000000000000000, -5.000000000000000000 ) ) ;
#5043 = ORIENTED_EDGE ( 'NONE', *, *, #6357, .F. ) ;
#5044 = DIRECTION ( 'NONE',  ( 0.000000000000000000, -1.000000000000000000, 0.000000000000000000 ) ) ;
#5045 = DIRECTION ( 'NONE',  ( -0.000000000000000000, -1.000000000000000000, -0.000000000000000000 ) ) ;
#5046 = DIRECTION ( 'NONE',  ( -0.5000000000000025535, 0.000000000000000000, -0.8660254037844372643 ) ) ;
#5047 = DIRECTION ( 'NONE',  ( 0.000000000000000000, -1.000000000000000000, 0.000000000000000000 ) ) ;
#5048 = CIRCLE ( 'NONE', #4715, 1.000000000000000888 ) ;
#5049 = ORIENTED_EDGE ( 'NONE', *, *, #1527, .F. ) ;
#5050 = CARTESIAN_POINT ( 'NONE',  ( 15.00000000000000000, 107.0000000000000000, -5.000000000000031974 ) ) ;
#5051 = CARTESIAN_POINT ( 'NONE',  ( 24.11658075373088295, 3.000000000000000000, -169.7000000000000739 ) ) ;
#5052 = VERTEX_POINT ( 'NONE', #322 ) ;
#5053 = VERTEX_POINT ( 'NONE', #6637 ) ;
#5054 = EDGE_CURVE ( 'NONE', #2549, #3740, #3053, .T. ) ;
#5055 = EDGE_CURVE ( 'NONE', #2452, #392, #2325, .T. ) ;
#5056 = CARTESIAN_POINT ( 'NONE',  ( 5.000000000000000000, 0.000000000000000000, -5.000000000000000000 ) ) ;
#5057 = VECTOR ( 'NONE', #6431, 1000.000000000000000 ) ;
#5058 = DIRECTION ( 'NONE',  ( 1.000000000000000000, -0.000000000000000000, -0.000000000000000000 ) ) ;
#5059 = LINE ( 'NONE', #1743, #168 ) ;
#5060 = ORIENTED_EDGE ( 'NONE', *, *, #4962, .T. ) ;
#5061 = VECTOR ( 'NONE', #688, 1000.000000000000000 ) ;
#5062 = FILL_AREA_STYLE ('',( #1233 ) ) ;
#5063 = ORIENTED_EDGE ( 'NONE', *, *, #385, .F. ) ;
#5064 = EDGE_CURVE ( 'NONE', #4215, #3686, #5072, .T. ) ;
#5065 = VERTEX_POINT ( 'NONE', #4016 ) ;
#5066 = FACE_OUTER_BOUND ( 'NONE', #5364, .T. ) ;
#5067 = LINE ( 'NONE', #4993, #2600 ) ;
#5068 = AXIS2_PLACEMENT_3D ( 'NONE', #2765, #1024, #2129 ) ;
#5069 = FACE_OUTER_BOUND ( 'NONE', #1545, .T. ) ;
#5070 = CARTESIAN_POINT ( 'NONE',  ( 0.000000000000000000, 12.50000000000002842, -173.0000000000000000 ) ) ;
#5071 = DIRECTION ( 'NONE',  ( 0.000000000000000000, 0.000000000000000000, 1.000000000000000000 ) ) ;
#5072 = LINE ( 'NONE', #6712, #2597 ) ;
#5073 = EDGE_LOOP ( 'NONE', ( #38, #4177 ) ) ;
#5074 = CYLINDRICAL_SURFACE ( 'NONE', #2618, 1.000000000000000888 ) ;
#5075 = DIRECTION ( 'NONE',  ( 1.000000000000000000, 0.000000000000000000, 0.000000000000000000 ) ) ;
#5076 = ORIENTED_EDGE ( 'NONE', *, *, #7, .T. ) ;
#5077 = CIRCLE ( 'NONE', #3265, 1.000000000000000888 ) ;
#5078 = ADVANCED_FACE ( 'NONE', ( #1278 ), #5940, .T. ) ;
#5079 = FACE_OUTER_BOUND ( 'NONE', #6805, .T. ) ;
#5080 = ORIENTED_EDGE ( 'NONE', *, *, #1003, .T. ) ;
#5081 = CARTESIAN_POINT ( 'NONE',  ( 20.88341924626897494, 3.000000000000000000, -175.3000000000000682 ) ) ;
#5082 = DIRECTION ( 'NONE',  ( 0.000000000000000000, -1.000000000000000000, 0.000000000000000000 ) ) ;
#5083 = VECTOR ( 'NONE', #1455, 1000.000000000000000 ) ;
#5084 = CARTESIAN_POINT ( 'NONE',  ( -7.988278576037101597E-16, 4.000000000000003553, -99.49999999999992895 ) ) ;
#5085 = ORIENTED_EDGE ( 'NONE', *, *, #3805, .F. ) ;
#5086 = DIRECTION ( 'NONE',  ( 0.000000000000000000, 1.000000000000000000, -0.000000000000000000 ) ) ;
#5087 = CIRCLE ( 'NONE', #3272, 1.750000000000001554 ) ;
#5088 = EDGE_CURVE ( 'NONE', #2351, #6087, #2825, .T. ) ;
#5089 = CARTESIAN_POINT ( 'NONE',  ( 183.3834192462690567, 101.2999999999999972, -187.7999999999999829 ) ) ;
#5090 = ORIENTED_EDGE ( 'NONE', *, *, #6677, .F. ) ;
#5091 = ORIENTED_EDGE ( 'NONE', *, *, #3990, .T. ) ;
#5092 = AXIS2_PLACEMENT_3D ( 'NONE', #6020, #5516, #2255 ) ;
#5093 = SPHERICAL_SURFACE ( 'NONE', #3845, 1.000000000000000000 ) ;
#5094 = DIRECTION ( 'NONE',  ( 1.000000000000000000, -0.000000000000000000, -0.000000000000000000 ) ) ;
#5095 = CARTESIAN_POINT ( 'NONE',  ( 180.0000000000000000, 104.0000000000000000, -189.9999999999999716 ) ) ;
#5096 = AXIS2_PLACEMENT_3D ( 'NONE', #6898, #5737, #24 ) ;
#5097 = CARTESIAN_POINT ( 'NONE',  ( 179.0000000000000000, 4.000000000000000000, -13.00000000000001066 ) ) ;
#5098 = ADVANCED_FACE ( 'NONE', ( #4505 ), #6166, .F. ) ;
#5099 = ADVANCED_FACE ( 'NONE', ( #6744 ), #5555, .F. ) ;
#5100 = EDGE_LOOP ( 'NONE', ( #1275, #3218 ) ) ;
#5101 = CARTESIAN_POINT ( 'NONE',  ( 8.383419246269063763, 101.2999999999999972, -187.7999999999999829 ) ) ;
#5102 = FACE_OUTER_BOUND ( 'NONE', #5376, .T. ) ;
#5103 = ORIENTED_EDGE ( 'NONE', *, *, #498, .T. ) ;
#5104 = VECTOR ( 'NONE', #1699, 1000.000000000000000 ) ;
#5105 = ORIENTED_EDGE ( 'NONE', *, *, #5749, .F. ) ;
#5106 = DIRECTION ( 'NONE',  ( -0.000000000000000000, -1.000000000000000000, -0.000000000000000000 ) ) ;
#5107 = AXIS2_PLACEMENT_3D ( 'NONE', #406, #6255, #1994 ) ;
#5108 = DIRECTION ( 'NONE',  ( 0.000000000000000000, 0.000000000000000000, -1.000000000000000000 ) ) ;
#5109 = DIRECTION ( 'NONE',  ( 0.000000000000000000, 0.000000000000000000, -1.000000000000000000 ) ) ;
#5110 = ADVANCED_FACE ( 'NONE', ( #2897 ), #5035, .F. ) ;
#5111 = EDGE_CURVE ( 'NONE', #3508, #4032, #2971, .T. ) ;
#5112 = DIRECTION ( 'NONE',  ( 0.000000000000000000, 0.000000000000000000, 1.000000000000000000 ) ) ;
#5113 = EDGE_LOOP ( 'NONE', ( #300, #1042, #3969, #6461 ) ) ;
#5114 = CARTESIAN_POINT ( 'NONE',  ( 180.0000000000000000, 121.1421356237309510, -7.200000000000011724 ) ) ;
#5115 = CIRCLE ( 'NONE', #2073, 1.000000000000000000 ) ;
#5116 = CYLINDRICAL_SURFACE ( 'NONE', #2678, 1.749999999999999778 ) ;
#5117 = EDGE_CURVE ( 'NONE', #3605, #2713, #2037, .T. ) ;
#5118 = ORIENTED_EDGE ( 'NONE', *, *, #4404, .F. ) ;
#5119 = CARTESIAN_POINT ( 'NONE',  ( 22.49999999999995026, 3.000000000000000000, -180.2002075382097246 ) ) ;
#5120 = ORIENTED_EDGE ( 'NONE', *, *, #4521, .F. ) ;
#5121 = FACE_OUTER_BOUND ( 'NONE', #6471, .T. ) ;
#5122 = CARTESIAN_POINT ( 'NONE',  ( 22.49999999999995026, 3.000000000000000000, -164.7997924617902470 ) ) ;
#5123 = DIRECTION ( 'NONE',  ( 0.000000000000000000, -1.000000000000000000, 0.000000000000000000 ) ) ;
#5124 = DIRECTION ( 'NONE',  ( -1.000000000000000000, 0.000000000000000000, 0.000000000000000000 ) ) ;
#5125 = ORIENTED_EDGE ( 'NONE', *, *, #83, .F. ) ;
#5126 = CYLINDRICAL_SURFACE ( 'NONE', #3398, 5.000000000000004441 ) ;
#5127 = DIRECTION ( 'NONE',  ( 0.000000000000000000, 0.000000000000000000, -1.000000000000000000 ) ) ;
#5128 = ORIENTED_EDGE ( 'NONE', *, *, #2477, .T. ) ;
#5129 = EDGE_LOOP ( 'NONE', ( #3171, #3860, #795, #3433 ) ) ;
#5130 = LINE ( 'NONE', #3962, #6651 ) ;
#5131 = LINE ( 'NONE', #5229, #1758 ) ;
#5132 = CARTESIAN_POINT ( 'NONE',  ( 189.0000000000000000, 4.000000000000000000, -95.50000000000000000 ) ) ;
#5133 = VECTOR ( 'NONE', #4556, 1000.000000000000000 ) ;
#5134 = VERTEX_POINT ( 'NONE', #1226 ) ;
#5135 = CYLINDRICAL_SURFACE ( 'NONE', #151, 1.000000000000000000 ) ;
#5136 = ORIENTED_EDGE ( 'NONE', *, *, #6102, .F. ) ;
#5137 = FACE_BOUND ( 'NONE', #3214, .T. ) ;
#5138 = EDGE_LOOP ( 'NONE', ( #424, #2973, #6064, #3999 ) ) ;
#5139 = EDGE_CURVE ( 'NONE', #5274, #1521, #4075, .T. ) ;
#5140 = DIRECTION ( 'NONE',  ( 1.000000000000000000, 0.000000000000000000, -1.453678890483358794E-17 ) ) ;
#5141 = CARTESIAN_POINT ( 'NONE',  ( 0.000000000000000000, 0.5000000000000281997, 0.000000000000000000 ) ) ;
#5142 = DIRECTION ( 'NONE',  ( 0.000000000000000000, 0.000000000000000000, 1.000000000000000000 ) ) ;
#5143 = ORIENTED_EDGE ( 'NONE', *, *, #4205, .F. ) ;
#5144 = DIRECTION ( 'NONE',  ( 0.000000000000000000, 1.000000000000000000, 0.000000000000000000 ) ) ;
#5145 = DIRECTION ( 'NONE',  ( 0.000000000000000000, 1.000000000000000000, 0.000000000000000000 ) ) ;
#5146 = ORIENTED_EDGE ( 'NONE', *, *, #6128, .T. ) ;
#5147 = CIRCLE ( 'NONE', #3114, 1.000000000000000888 ) ;
#5148 = EDGE_CURVE ( 'NONE', #1917, #431, #4002, .T. ) ;
#5149 = EDGE_CURVE ( 'NONE', #1852, #2845, #388, .T. ) ;
#5150 = CARTESIAN_POINT ( 'NONE',  ( 13.00000000000000355, 107.0000000000000000, -15.00000000000001421 ) ) ;
#5151 = DIRECTION ( 'NONE',  ( 0.000000000000000000, 0.000000000000000000, -1.000000000000000000 ) ) ;
#5152 = ORIENTED_EDGE ( 'NONE', *, *, #6111, .F. ) ;
#5153 = CARTESIAN_POINT ( 'NONE',  ( 169.2668384925381417, 0.000000000000000000, -172.5000000000000853 ) ) ;
#5154 = EDGE_CURVE ( 'NONE', #4240, #3494, #3109, .T. ) ;
#5155 = FACE_OUTER_BOUND ( 'NONE', #6772, .T. ) ;
#5156 = FACE_OUTER_BOUND ( 'NONE', #771, .T. ) ;
#5157 = VECTOR ( 'NONE', #4795, 1000.000000000000114 ) ;
#5158 = DIRECTION ( 'NONE',  ( 1.000000000000000000, 0.000000000000000000, -4.314338178595167947E-16 ) ) ;
#5159 = EDGE_LOOP ( 'NONE', ( #5531, #4284, #1078, #4326 ) ) ;
#5160 = DIRECTION ( 'NONE',  ( 3.469446951953621091E-16, 0.000000000000000000, -1.000000000000000000 ) ) ;
#5161 = CIRCLE ( 'NONE', #2232, 5.544119062935227049 ) ;
#5162 = ORIENTED_EDGE ( 'NONE', *, *, #6458, .F. ) ;
#5163 = ORIENTED_EDGE ( 'NONE', *, *, #361, .T. ) ;
#5164 = DIRECTION ( 'NONE',  ( -1.000000000000000000, -0.000000000000000000, 0.000000000000000000 ) ) ;
#5165 = DIRECTION ( 'NONE',  ( -1.000000000000000000, 0.000000000000000000, 0.000000000000000000 ) ) ;
#5166 = FACE_BOUND ( 'NONE', #4480, .T. ) ;
#5167 = ORIENTED_EDGE ( 'NONE', *, *, #5008, .F. ) ;
#5168 = CARTESIAN_POINT ( 'NONE',  ( 6.999999999999997335, 3.000000000000000000, -179.0000000000000000 ) ) ;
#5169 = AXIS2_PLACEMENT_3D ( 'NONE', #2703, #4780, #3824 ) ;
#5170 = ORIENTED_EDGE ( 'NONE', *, *, #3507, .T. ) ;
#5171 = ORIENTED_EDGE ( 'NONE', *, *, #21, .F. ) ;
#5172 = ADVANCED_FACE ( 'NONE', ( #666 ), #6389, .F. ) ;
#5173 = DIRECTION ( 'NONE',  ( 0.000000000000000000, 0.000000000000000000, -1.000000000000000000 ) ) ;
#5174 = CYLINDRICAL_SURFACE ( 'NONE', #4738, 1.000000000000000888 ) ;
#5175 = FACE_BOUND ( 'NONE', #3374, .T. ) ;
#5176 = DIRECTION ( 'NONE',  ( 0.000000000000000000, 0.000000000000000000, 1.000000000000000000 ) ) ;
#5177 = ORIENTED_EDGE ( 'NONE', *, *, #629, .F. ) ;
#5178 = AXIS2_PLACEMENT_3D ( 'NONE', #5779, #1000, #6371 ) ;
#5179 = DIRECTION ( 'NONE',  ( -0.8660254037844362651, 0.000000000000000000, -0.5000000000000041078 ) ) ;
#5180 = CARTESIAN_POINT ( 'NONE',  ( 5.000000000000000000, 0.5000000000000281997, 0.000000000000000000 ) ) ;
#5181 = EDGE_CURVE ( 'NONE', #6730, #3263, #6536, .T. ) ;
#5182 = EDGE_CURVE ( 'NONE', #6690, #2115, #1258, .T. ) ;
#5183 = ORIENTED_EDGE ( 'NONE', *, *, #6725, .T. ) ;
#5184 = DIRECTION ( 'NONE',  ( -1.000000000000000000, 0.000000000000000000, 0.000000000000000000 ) ) ;
#5185 = DIRECTION ( 'NONE',  ( -0.5000000000000003331, 0.000000000000000000, -0.8660254037844383745 ) ) ;
#5186 = DIRECTION ( 'NONE',  ( 1.000000000000000000, 0.000000000000000000, -0.000000000000000000 ) ) ;
#5187 = AXIS2_PLACEMENT_3D ( 'NONE', #260, #6688, #2263 ) ;
#5188 = FACE_OUTER_BOUND ( 'NONE', #4317, .T. ) ;
#5189 = ADVANCED_FACE ( 'NONE', ( #2301 ), #2984, .F. ) ;
#5190 = ORIENTED_EDGE ( 'NONE', *, *, #1023, .T. ) ;
#5191 = DIRECTION ( 'NONE',  ( 0.000000000000000000, 0.000000000000000000, -1.000000000000000000 ) ) ;
#5192 = VERTEX_POINT ( 'NONE', #3422 ) ;
#5193 = VECTOR ( 'NONE', #1715, 1000.000000000000000 ) ;
#5194 = DIRECTION ( 'NONE',  ( -0.000000000000000000, 1.000000000000000000, -0.000000000000000000 ) ) ;
#5195 = DIRECTION ( 'NONE',  ( -0.000000000000000000, -1.000000000000000000, -0.000000000000000000 ) ) ;
#5196 = LINE ( 'NONE', #408, #501 ) ;
#5197 = ORIENTED_EDGE ( 'NONE', *, *, #6562, .F. ) ;
#5198 = AXIS2_PLACEMENT_3D ( 'NONE', #4737, #5716, #6871 ) ;
#5199 = VECTOR ( 'NONE', #249, 1000.000000000000114 ) ;
#5200 = DIRECTION ( 'NONE',  ( 0.000000000000000000, 0.000000000000000000, -1.000000000000000000 ) ) ;
#5201 = EDGE_LOOP ( 'NONE', ( #2048, #2673, #3810, #1754 ) ) ;
#5202 = ORIENTED_EDGE ( 'NONE', *, *, #4152, .T. ) ;
#5203 = DIRECTION ( 'NONE',  ( 0.000000000000000000, 0.000000000000000000, -1.000000000000000000 ) ) ;
#5204 = VECTOR ( 'NONE', #2095, 1000.000000000000114 ) ;
#5205 = DIRECTION ( 'NONE',  ( 0.000000000000000000, 1.000000000000000000, 0.000000000000000000 ) ) ;
#5206 = CARTESIAN_POINT ( 'NONE',  ( 17.00000000000001421, 106.9999999999999858, -190.0000000000000000 ) ) ;
#5207 = AXIS2_PLACEMENT_3D ( 'NONE', #507, #3057, #3121 ) ;
#5208 = FACE_OUTER_BOUND ( 'NONE', #590, .T. ) ;
#5209 = VECTOR ( 'NONE', #1314, 1000.000000000000000 ) ;
#5210 = DIRECTION ( 'NONE',  ( 0.000000000000000000, 0.000000000000000000, -1.000000000000000000 ) ) ;
#5211 = AXIS2_PLACEMENT_3D ( 'NONE', #2058, #6223, #1438 ) ;
#5212 = VERTEX_POINT ( 'NONE', #2908 ) ;
#5213 = DIRECTION ( 'NONE',  ( 1.000000000000000000, -0.000000000000000000, -0.000000000000000000 ) ) ;
#5214 = DIRECTION ( 'NONE',  ( 1.000000000000000000, 0.000000000000000000, 0.000000000000000000 ) ) ;
#5215 = ORIENTED_EDGE ( 'NONE', *, *, #1595, .F. ) ;
#5216 = EDGE_CURVE ( 'NONE', #5873, #1644, #5568, .T. ) ;
#5217 = VERTEX_POINT ( 'NONE', #2417 ) ;
#5218 = CARTESIAN_POINT ( 'NONE',  ( 99.49999999999995737, 4.000000000000003553, -189.0000000000000000 ) ) ;
#5219 = CONICAL_SURFACE ( 'NONE', #1849, 4.500000000000003553, 0.7853981633974161936 ) ;
#5220 = DIRECTION ( 'NONE',  ( 2.876225452396777974E-16, -0.000000000000000000, 1.000000000000000000 ) ) ;
#5221 = EDGE_CURVE ( 'NONE', #5830, #5847, #2945, .T. ) ;
#5222 = EDGE_CURVE ( 'NONE', #4586, #6201, #2337, .T. ) ;
#5223 = ORIENTED_EDGE ( 'NONE', *, *, #1569, .T. ) ;
#5224 = DIRECTION ( 'NONE',  ( 1.000000000000000000, 0.000000000000000000, 0.000000000000000000 ) ) ;
#5225 = ORIENTED_EDGE ( 'NONE', *, *, #2559, .F. ) ;
#5226 = DIRECTION ( 'NONE',  ( 0.000000000000000000, 0.000000000000000000, -1.000000000000000000 ) ) ;
#5227 = ADVANCED_FACE ( 'NONE', ( #3915 ), #6029, .F. ) ;
#5228 = EDGE_CURVE ( 'NONE', #485, #962, #1486, .T. ) ;
#5229 = CARTESIAN_POINT ( 'NONE',  ( 190.0000000000000000, 0.5000000000000281997, 0.000000000000000000 ) ) ;
#5230 = ORIENTED_EDGE ( 'NONE', *, *, #65, .T. ) ;
#5231 = LINE ( 'NONE', #3743, #66 ) ;
#5232 = DIRECTION ( 'NONE',  ( -1.000000000000000000, 0.000000000000000000, 0.000000000000000000 ) ) ;
#5233 = EDGE_LOOP ( 'NONE', ( #805, #644, #6588, #46 ) ) ;
#5234 = ORIENTED_EDGE ( 'NONE', *, *, #3758, .T. ) ;
#5235 = DIRECTION ( 'NONE',  ( -0.000000000000000000, 0.000000000000000000, 1.000000000000000000 ) ) ;
#5236 = EDGE_CURVE ( 'NONE', #4303, #1205, #6049, .T. ) ;
#5237 = DIRECTION ( 'NONE',  ( 0.4999999999999970579, 0.000000000000000000, 0.8660254037844403729 ) ) ;
#5238 = CARTESIAN_POINT ( 'NONE',  ( 175.7331615074619720, 3.000000000000000000, -172.5000000000000284 ) ) ;
#5239 = LINE ( 'NONE', #3548, #4147 ) ;
#5240 = CARTESIAN_POINT ( 'NONE',  ( 10.00000000000000178, 107.0000000000000000, -8.250000000000007105 ) ) ;
#5241 = ORIENTED_EDGE ( 'NONE', *, *, #973, .F. ) ;
#5242 = CARTESIAN_POINT ( 'NONE',  ( 98.49999999999997158, 7.000000000000006217, -96.50000000000000000 ) ) ;
#5243 = ORIENTED_EDGE ( 'NONE', *, *, #225, .T. ) ;
#5244 = CARTESIAN_POINT ( 'NONE',  ( 170.8834192462690851, 3.000000000000000000, -169.7000000000001307 ) ) ;
#5245 = CARTESIAN_POINT ( 'NONE',  ( 172.5000000000000284, 8.494954838909416495, -172.5000000000000284 ) ) ;
#5246 = FACE_OUTER_BOUND ( 'NONE', #479, .T. ) ;
#5247 = EDGE_CURVE ( 'NONE', #572, #5404, #1732, .T. ) ;
#5248 = CONICAL_SURFACE ( 'NONE', #1100, 5.000000000000004441, 0.3490658503988609551 ) ;
#5249 = EDGE_LOOP ( 'NONE', ( #2889, #4359, #5604, #4225 ) ) ;
#5250 = CARTESIAN_POINT ( 'NONE',  ( 10.00000000000000178, 104.0000000000000000, -11.75000000000000888 ) ) ;
#5251 = ORIENTED_EDGE ( 'NONE', *, *, #6841, .F. ) ;
#5252 = VECTOR ( 'NONE', #4518, 1000.000000000000000 ) ;
#5253 = DIRECTION ( 'NONE',  ( 0.000000000000000000, 1.000000000000000000, 0.000000000000000000 ) ) ;
#5254 = AXIS2_PLACEMENT_3D ( 'NONE', #680, #4418, #4492 ) ;
#5255 = LINE ( 'NONE', #6859, #461 ) ;
#5256 = ORIENTED_EDGE ( 'NONE', *, *, #6395, .T. ) ;
#5257 = DIRECTION ( 'NONE',  ( -1.000000000000000000, 0.000000000000000000, 0.000000000000000000 ) ) ;
#5258 = ADVANCED_FACE ( 'NONE', ( #701 ), #4974, .F. ) ;
#5259 = ADVANCED_FACE ( 'NONE', ( #3952 ), #6821, .F. ) ;
#5260 = LINE ( 'NONE', #2560, #5820 ) ;
#5261 = ORIENTED_EDGE ( 'NONE', *, *, #2604, .F. ) ;
#5262 = DIRECTION ( 'NONE',  ( -0.000000000000000000, -1.000000000000000000, -0.000000000000000000 ) ) ;
#5263 = DIRECTION ( 'NONE',  ( 0.000000000000000000, 1.000000000000000000, 0.000000000000000000 ) ) ;
#5264 = CARTESIAN_POINT ( 'NONE',  ( 185.0000000000000000, 92.00000000000000000, -185.0000000000000000 ) ) ;
#5265 = CARTESIAN_POINT ( 'NONE',  ( 5.000000000000000000, 385.7716446627536016, -17.00000000000001421 ) ) ;
#5266 = EDGE_CURVE ( 'NONE', #3708, #6096, #5627, .T. ) ;
#5267 = VERTEX_POINT ( 'NONE', #979 ) ;
#5268 = FACE_BOUND ( 'NONE', #1993, .T. ) ;
#5269 = FACE_OUTER_BOUND ( 'NONE', #4054, .T. ) ;
#5270 = VECTOR ( 'NONE', #4478, 1000.000000000000000 ) ;
#5271 = ORIENTED_EDGE ( 'NONE', *, *, #6163, .T. ) ;
#5272 = ORIENTED_EDGE ( 'NONE', *, *, #6357, .T. ) ;
#5273 = CARTESIAN_POINT ( 'NONE',  ( 99.49999999999995737, 3.000000000000000000, -189.0000000000000000 ) ) ;
#5274 = VERTEX_POINT ( 'NONE', #2857 ) ;
#5275 = DIRECTION ( 'NONE',  ( -0.000000000000000000, 1.000000000000000000, -0.000000000000000000 ) ) ;
#5276 = DIRECTION ( 'NONE',  ( -0.5000000000000024425, 0.000000000000000000, 0.8660254037844371533 ) ) ;
#5277 = AXIS2_PLACEMENT_3D ( 'NONE', #4913, #5366, #5403 ) ;
#5278 = ORIENTED_EDGE ( 'NONE', *, *, #1451, .T. ) ;
#5279 = EDGE_CURVE ( 'NONE', #4800, #3690, #2571, .T. ) ;
#5280 = CARTESIAN_POINT ( 'NONE',  ( 183.3834192462690567, 101.2999999999999972, -7.200000000000011724 ) ) ;
#5281 = ORIENTED_EDGE ( 'NONE', *, *, #1053, .F. ) ;
#5282 = DIRECTION ( 'NONE',  ( -3.469446951953621091E-16, 0.000000000000000000, 1.000000000000000000 ) ) ;
#5283 = DIRECTION ( 'NONE',  ( 1.000000000000000000, 0.000000000000000000, 0.000000000000000000 ) ) ;
#5284 = FACE_OUTER_BOUND ( 'NONE', #2354, .T. ) ;
#5285 = VERTEX_POINT ( 'NONE', #1548 ) ;
#5286 = LINE ( 'NONE', #502, #3619 ) ;
#5287 = CIRCLE ( 'NONE', #3718, 2.000000000000001776 ) ;
#5288 = CYLINDRICAL_SURFACE ( 'NONE', #5843, 1.750000000000001554 ) ;
#5289 = ORIENTED_EDGE ( 'NONE', *, *, #4135, .F. ) ;
#5290 = ORIENTED_EDGE ( 'NONE', *, *, #95, .F. ) ;
#5291 = CARTESIAN_POINT ( 'NONE',  ( 169.2668384925381417, 3.000000000000000000, -172.5000000000000853 ) ) ;
#5292 = DIRECTION ( 'NONE',  ( 0.000000000000000000, 1.000000000000000000, 0.000000000000000000 ) ) ;
#5293 = CARTESIAN_POINT ( 'NONE',  ( 175.7331615074619720, 3.000000000000000000, -172.5000000000000284 ) ) ;
#5294 = ADVANCED_FACE ( 'NONE', ( #1519 ), #1005, .T. ) ;
#5295 = VECTOR ( 'NONE', #4280, 1000.000000000000000 ) ;
#5296 = DIRECTION ( 'NONE',  ( -1.000000000000000000, 0.000000000000000000, 4.314338178595167947E-16 ) ) ;
#5297 = DIRECTION ( 'NONE',  ( -1.000000000000000000, 0.000000000000000000, 0.000000000000000000 ) ) ;
#5298 = AXIS2_PLACEMENT_3D ( 'NONE', #3085, #3637, #3702 ) ;
#5299 = ORIENTED_EDGE ( 'NONE', *, *, #5880, .T. ) ;
#5300 = FACE_OUTER_BOUND ( 'NONE', #927, .T. ) ;
#5301 = AXIS2_PLACEMENT_3D ( 'NONE', #672, #155, #2270 ) ;
#5302 = DIRECTION ( 'NONE',  ( 0.000000000000000000, 0.000000000000000000, -1.000000000000000000 ) ) ;
#5303 = ADVANCED_FACE ( 'NONE', ( #6844 ), #5826, .F. ) ;
#5304 = EDGE_CURVE ( 'NONE', #4871, #1997, #3712, .T. ) ;
#5305 = VECTOR ( 'NONE', #6184, 1000.000000000000000 ) ;
#5306 = ORIENTED_EDGE ( 'NONE', *, *, #6273, .T. ) ;
#5307 = ORIENTED_EDGE ( 'NONE', *, *, #6481, .F. ) ;
#5308 = AXIS2_PLACEMENT_3D ( 'NONE', #994, #1572, #5203 ) ;
#5309 = FACE_OUTER_BOUND ( 'NONE', #2478, .T. ) ;
#5310 = VERTEX_POINT ( 'NONE', #3036 ) ;
#5311 = DIRECTION ( 'NONE',  ( 1.000000000000000000, 0.000000000000000000, 0.000000000000000000 ) ) ;
#5312 = ADVANCED_FACE ( 'NONE', ( #2078 ), #4684, .F. ) ;
#5313 = VECTOR ( 'NONE', #1110, 1000.000000000000000 ) ;
#5314 = EDGE_LOOP ( 'NONE', ( #472, #1020, #3133, #3424 ) ) ;
#5315 = CARTESIAN_POINT ( 'NONE',  ( 22.49999999999995026, 3.000000000000000000, -22.50000000000004619 ) ) ;
#5316 = AXIS2_PLACEMENT_3D ( 'NONE', #6381, #3206, #5819 ) ;
#5317 = ORIENTED_EDGE ( 'NONE', *, *, #2400, .F. ) ;
#5318 = LINE ( 'NONE', #534, #1616 ) ;
#5319 = CARTESIAN_POINT ( 'NONE',  ( 7.000000000000000000, 107.0000000000000000, -15.00000000000001421 ) ) ;
#5320 = CIRCLE ( 'NONE', #315, 1.000000000000000888 ) ;
#5321 = ORIENTED_EDGE ( 'NONE', *, *, #2259, .F. ) ;
#5322 = CARTESIAN_POINT ( 'NONE',  ( 185.0000000000000000, 104.0000000000000000, -8.250000000000007105 ) ) ;
#5323 = CARTESIAN_POINT ( 'NONE',  ( 4.999999999999998224, 7.000000000000000000, -99.49999999999992895 ) ) ;
#5324 = ORIENTED_EDGE ( 'NONE', *, *, #3181, .F. ) ;
#5325 = ORIENTED_EDGE ( 'NONE', *, *, #203, .T. ) ;
#5326 = DIRECTION ( 'NONE',  ( 1.000000000000000000, 0.000000000000000000, 0.000000000000000000 ) ) ;
#5327 = CARTESIAN_POINT ( 'NONE',  ( 180.0000000000000000, 107.0000000000000000, -188.0000000000000000 ) ) ;
#5328 = ADVANCED_FACE ( 'NONE', ( #3685 ), #3095, .F. ) ;
#5329 = DIRECTION ( 'NONE',  ( -0.4999999999999992228, 0.000000000000000000, -0.8660254037844390407 ) ) ;
#5330 = CARTESIAN_POINT ( 'NONE',  ( 95.49999999999997158, 7.000000000000006217, -189.0000000000000000 ) ) ;
#5331 = CARTESIAN_POINT ( 'NONE',  ( 7.000000000000000000, 385.7716446627536016, -17.00000000000001421 ) ) ;
#5332 = EDGE_CURVE ( 'NONE', #5274, #6834, #4285, .T. ) ;
#5333 = ORIENTED_EDGE ( 'NONE', *, *, #1656, .T. ) ;
#5334 = DIRECTION ( 'NONE',  ( -1.000000000000000000, -0.000000000000000000, -0.000000000000000000 ) ) ;
#5335 = DIRECTION ( 'NONE',  ( 0.000000000000000000, 0.000000000000000000, -1.000000000000000000 ) ) ;
#5336 = LINE ( 'NONE', #2669, #1114 ) ;
#5337 = AXIS2_PLACEMENT_3D ( 'NONE', #1518, #6141, #1362 ) ;
#5338 = CARTESIAN_POINT ( 'NONE',  ( 192.0000000000000000, 3.000000000000002665, -187.0000000000000000 ) ) ;
#5339 = ORIENTED_EDGE ( 'NONE', *, *, #58, .F. ) ;
#5340 = ORIENTED_EDGE ( 'NONE', *, *, #3081, .T. ) ;
#5341 = EDGE_CURVE ( 'NONE', #1253, #5932, #3827, .T. ) ;
#5342 = EDGE_CURVE ( 'NONE', #3669, #5741, #1943, .T. ) ;
#5343 = CARTESIAN_POINT ( 'NONE',  ( 98.50000000000000000, 282.7716446627535447, -6.000000000000005329 ) ) ;
#5344 = ORIENTED_EDGE ( 'NONE', *, *, #3766, .T. ) ;
#5345 = CARTESIAN_POINT ( 'NONE',  ( 6.999999999999997335, 4.000000000000003553, -180.0000000000000000 ) ) ;
#5346 = VECTOR ( 'NONE', #4954, 1000.000000000000000 ) ;
#5347 = ORIENTED_EDGE ( 'NONE', *, *, #4051, .T. ) ;
#5348 = EDGE_CURVE ( 'NONE', #5285, #4671, #6285, .T. ) ;
#5349 = EDGE_LOOP ( 'NONE', ( #5430, #4813, #73, #1692 ) ) ;
#5350 = CARTESIAN_POINT ( 'NONE',  ( 185.0000000000000000, 92.00000000000000000, -185.0000000000000000 ) ) ;
#5351 = AXIS2_PLACEMENT_3D ( 'NONE', #3964, #270, #6006 ) ;
#5352 = DIRECTION ( 'NONE',  ( 1.000000000000000000, 0.000000000000000000, 0.000000000000000000 ) ) ;
#5353 = DIRECTION ( 'NONE',  ( 1.000000000000000000, 0.000000000000000000, -0.000000000000000000 ) ) ;
#5354 = ORIENTED_EDGE ( 'NONE', *, *, #3683, .T. ) ;
#5355 = CARTESIAN_POINT ( 'NONE',  ( 5.000000000000000000, 110.0000000000000000, -195.0000000000000000 ) ) ;
#5356 = VECTOR ( 'NONE', #3180, 1000.000000000000000 ) ;
#5357 = LINE ( 'NONE', #54, #6181 ) ;
#5358 = VERTEX_POINT ( 'NONE', #4223 ) ;
#5359 = ORIENTED_EDGE ( 'NONE', *, *, #985, .T. ) ;
#5360 = DIRECTION ( 'NONE',  ( 0.000000000000000000, 0.000000000000000000, -1.000000000000000000 ) ) ;
#5361 = DIRECTION ( 'NONE',  ( 0.000000000000000000, 0.000000000000000000, 1.000000000000000000 ) ) ;
#5362 = FACE_OUTER_BOUND ( 'NONE', #3896, .T. ) ;
#5363 = AXIS2_PLACEMENT_3D ( 'NONE', #1050, #6432, #3213 ) ;
#5364 = EDGE_LOOP ( 'NONE', ( #2877, #1002, #72, #742 ) ) ;
#5365 = ADVANCED_FACE ( 'NONE', ( #1487, #5269 ), #2602, .T. ) ;
#5366 = DIRECTION ( 'NONE',  ( 0.000000000000000000, 1.000000000000000000, 0.000000000000000000 ) ) ;
#5367 = VECTOR ( 'NONE', #2662, 1000.000000000000000 ) ;
#5368 = ORIENTED_EDGE ( 'NONE', *, *, #4290, .T. ) ;
#5369 = CARTESIAN_POINT ( 'NONE',  ( 19.26683849253807423, 3.000000000000000000, -22.50000000000010658 ) ) ;
#5370 = CARTESIAN_POINT ( 'NONE',  ( 19.26683849253805292, 0.000000000000000000, -172.5000000000001421 ) ) ;
#5371 = DIRECTION ( 'NONE',  ( 0.000000000000000000, 1.000000000000000000, 0.000000000000000000 ) ) ;
#5372 = EDGE_LOOP ( 'NONE', ( #4084, #5063, #316, #6584 ) ) ;
#5373 = ORIENTED_EDGE ( 'NONE', *, *, #5380, .F. ) ;
#5374 = DIRECTION ( 'NONE',  ( 0.000000000000000000, 0.000000000000000000, -1.000000000000000000 ) ) ;
#5375 = FACE_BOUND ( 'NONE', #6729, .T. ) ;
#5376 = EDGE_LOOP ( 'NONE', ( #3558, #1728, #2155 ) ) ;
#5377 = CIRCLE ( 'NONE', #2360, 4.500000000000004441 ) ;
#5378 = DIRECTION ( 'NONE',  ( 1.000000000000000000, 0.000000000000000000, -8.584654849926763228E-15 ) ) ;
#5379 = EDGE_CURVE ( 'NONE', #2309, #1006, #5733, .T. ) ;
#5380 = EDGE_CURVE ( 'NONE', #4896, #1772, #5405, .T. ) ;
#5381 = AXIS2_PLACEMENT_3D ( 'NONE', #2284, #6593, #1204 ) ;
#5382 = EDGE_LOOP ( 'NONE', ( #928, #5118, #6289, #1219 ) ) ;
#5383 =( LENGTH_UNIT ( ) NAMED_UNIT ( * ) SI_UNIT ( .MILLI., .METRE. ) );
#5384 = VERTEX_POINT ( 'NONE', #6786 ) ;
#5385 = PLANE ( 'NONE',  #625 ) ;
#5386 = AXIS2_PLACEMENT_3D ( 'NONE', #3185, #4338, #3216 ) ;
#5387 = CARTESIAN_POINT ( 'NONE',  ( 8.000000000000000000, 107.0000000000000000, -3.000000000000000000 ) ) ;
#5388 = EDGE_CURVE ( 'NONE', #6313, #6167, #1984, .T. ) ;
#5389 = EDGE_CURVE ( 'NONE', #5563, #6453, #936, .T. ) ;
#5390 = DIRECTION ( 'NONE',  ( -0.000000000000000000, 1.000000000000000000, -0.000000000000000000 ) ) ;
#5391 = CARTESIAN_POINT ( 'NONE',  ( 95.49999999999998579, 4.000000000000003553, -98.49999999999997158 ) ) ;
#5392 = ORIENTED_EDGE ( 'NONE', *, *, #354, .T. ) ;
#5393 = CARTESIAN_POINT ( 'NONE',  ( 180.0000000000000000, 4.000000000000003553, -6.999999999999999112 ) ) ;
#5394 = DIRECTION ( 'NONE',  ( 0.000000000000000000, 0.000000000000000000, -1.000000000000000000 ) ) ;
#5395 = VERTEX_POINT ( 'NONE', #5753 ) ;
#5396 = ORIENTED_EDGE ( 'NONE', *, *, #1968, .F. ) ;
#5397 = CARTESIAN_POINT ( 'NONE',  ( 5.000000000000004441, 98.00000000000000000, -178.0000000000000000 ) ) ;
#5398 = APPLICATION_CONTEXT ( 'automotive_design' ) ;
#5399 = CARTESIAN_POINT ( 'NONE',  ( 15.00000000000000355, 121.1421356237309510, -12.80000000000000604 ) ) ;
#5400 = DIRECTION ( 'NONE',  ( 0.000000000000000000, 0.000000000000000000, 1.000000000000000000 ) ) ;
#5401 = AXIS2_PLACEMENT_3D ( 'NONE', #3980, #5625, #838 ) ;
#5402 = ORIENTED_EDGE ( 'NONE', *, *, #4742, .T. ) ;
#5403 = DIRECTION ( 'NONE',  ( 0.000000000000000000, 0.000000000000000000, -1.000000000000000000 ) ) ;
#5404 = VERTEX_POINT ( 'NONE', #3862 ) ;
#5405 = CIRCLE ( 'NONE', #1490, 1.000000000000000888 ) ;
#5406 = CARTESIAN_POINT ( 'NONE',  ( 13.00000000000000355, 107.0000000000000000, -13.00000000000001066 ) ) ;
#5407 = CARTESIAN_POINT ( 'NONE',  ( 3.000000000000000000, 3.000000000000002665, -8.000000000000000000 ) ) ;
#5408 = CARTESIAN_POINT ( 'NONE',  ( 6.766838492538109762, 101.2999999999999972, -10.00000000000003730 ) ) ;
#5409 = CARTESIAN_POINT ( 'NONE',  ( 190.0000000000000000, 385.7716446627536016, -17.00000000000001421 ) ) ;
#5410 = ORIENTED_EDGE ( 'NONE', *, *, #3205, .T. ) ;
#5411 = EDGE_LOOP ( 'NONE', ( #822, #1568, #3640 ) ) ;
#5412 = AXIS2_PLACEMENT_3D ( 'NONE', #2387, #6154, #1814 ) ;
#5413 = FACE_OUTER_BOUND ( 'NONE', #3536, .T. ) ;
#5414 = CARTESIAN_POINT ( 'NONE',  ( 10.00000000000000178, 92.00000000000000000, -185.0000000000000000 ) ) ;
#5415 = AXIS2_PLACEMENT_3D ( 'NONE', #40, #691, #1721 ) ;
#5416 = ORIENTED_EDGE ( 'NONE', *, *, #2259, .T. ) ;
#5417 = CARTESIAN_POINT ( 'NONE',  ( 99.50000000000000000, 4.000000000000003553, -5.000000000000000000 ) ) ;
#5418 = CIRCLE ( 'NONE', #2403, 5.000000000000000888 ) ;
#5419 = AXIS2_PLACEMENT_3D ( 'NONE', #5644, #6151, #2992 ) ;
#5420 = VERTEX_POINT ( 'NONE', #1168 ) ;
#5421 = AXIS2_PLACEMENT_3D ( 'NONE', #4979, #3811, #4941 ) ;
#5422 = ORIENTED_EDGE ( 'NONE', *, *, #5348, .F. ) ;
#5423 = EDGE_CURVE ( 'NONE', #2152, #3449, #4963, .T. ) ;
#5424 = DIRECTION ( 'NONE',  ( 0.000000000000000000, -1.000000000000000000, 0.000000000000000000 ) ) ;
#5425 = DIRECTION ( 'NONE',  ( 0.000000000000000000, 0.000000000000000000, -1.000000000000000000 ) ) ;
#5426 = ORIENTED_EDGE ( 'NONE', *, *, #409, .T. ) ;
#5427 = AXIS2_PLACEMENT_3D ( 'NONE', #740, #1801, #2905 ) ;
#5428 = LINE ( 'NONE', #6761, #71 ) ;
#5429 = LINE ( 'NONE', #3151, #6401 ) ;
#5430 = ORIENTED_EDGE ( 'NONE', *, *, #3751, .T. ) ;
#5431 = VERTEX_POINT ( 'NONE', #2668 ) ;
#5432 = EDGE_CURVE ( 'NONE', #1889, #4871, #1817, .T. ) ;
#5433 = ADVANCED_FACE ( 'NONE', ( #6517, #6375 ), #4352, .T. ) ;
#5434 = DIRECTION ( 'NONE',  ( 3.469446951953621091E-16, -0.000000000000000000, 1.000000000000000000 ) ) ;
#5435 = CARTESIAN_POINT ( 'NONE',  ( 172.5000000000000284, 3.000000000000000000, -172.5000000000000284 ) ) ;
#5436 = VECTOR ( 'NONE', #5590, 1000.000000000000000 ) ;
#5437 = CARTESIAN_POINT ( 'NONE',  ( 169.2668384925381417, 0.000000000000000000, -172.5000000000000853 ) ) ;
#5438 = CARTESIAN_POINT ( 'NONE',  ( 182.0000000000000000, 107.0000000000000000, -182.0000000000000000 ) ) ;
#5439 = LINE ( 'NONE', #4881, #1746 ) ;
#5440 = ADVANCED_FACE ( 'NONE', ( #4287 ), #2745, .F. ) ;
#5441 = ORIENTED_EDGE ( 'NONE', *, *, #3467, .F. ) ;
#5442 = DIRECTION ( 'NONE',  ( -0.8660254037844384856, 0.000000000000000000, 0.5000000000000004441 ) ) ;
#5443 = CARTESIAN_POINT ( 'NONE',  ( 189.0000000000000000, 282.7716446627535447, -96.50000000000000000 ) ) ;
#5444 = FACE_OUTER_BOUND ( 'NONE', #4193, .T. ) ;
#5445 = CARTESIAN_POINT ( 'NONE',  ( 96.49999999999997158, 282.7716446627535447, -195.0000000000000000 ) ) ;
#5446 = VERTEX_POINT ( 'NONE', #1619 ) ;
#5447 = CARTESIAN_POINT ( 'NONE',  ( 188.2331615074618867, 101.2999999999999972, -184.9999999999999716 ) ) ;
#5448 = EDGE_LOOP ( 'NONE', ( #484, #5167 ) ) ;
#5449 = CARTESIAN_POINT ( 'NONE',  ( 185.0000000000000000, 101.2999999999999972, -185.0000000000000000 ) ) ;
#5450 = AXIS2_PLACEMENT_3D ( 'NONE', #1546, #100, #6411 ) ;
#5451 = CARTESIAN_POINT ( 'NONE',  ( 190.0000000000000000, 110.0000000000000000, 0.000000000000000000 ) ) ;
#5452 = ORIENTED_EDGE ( 'NONE', *, *, #1193, .T. ) ;
#5453 = VECTOR ( 'NONE', #4061, 1000.000000000000000 ) ;
#5454 = EDGE_CURVE ( 'NONE', #3435, #1615, #3610, .T. ) ;
#5455 = ORIENTED_EDGE ( 'NONE', *, *, #4195, .F. ) ;
#5456 = CARTESIAN_POINT ( 'NONE',  ( 20.88341924626906021, 3.000000000000000000, -169.7000000000000739 ) ) ;
#5457 = DIRECTION ( 'NONE',  ( -0.8660254037844391517, 0.000000000000000000, 0.4999999999999992228 ) ) ;
#5458 = ORIENTED_EDGE ( 'NONE', *, *, #4495, .F. ) ;
#5459 = CARTESIAN_POINT ( 'NONE',  ( 188.0000000000000000, 3.000000000000000000, -16.00000000000001421 ) ) ;
#5460 = EDGE_CURVE ( 'NONE', #6897, #1523, #6512, .T. ) ;
#5461 = DIRECTION ( 'NONE',  ( 0.000000000000000000, 1.000000000000000000, 0.000000000000000000 ) ) ;
#5462 = ORIENTED_EDGE ( 'NONE', *, *, #2345, .T. ) ;
#5463 = VERTEX_POINT ( 'NONE', #3757 ) ;
#5464 = AXIS2_PLACEMENT_3D ( 'NONE', #237, #5466, #1305 ) ;
#5465 = CARTESIAN_POINT ( 'NONE',  ( 3.000000000000000000, 110.0000000000000000, -3.000000000000000000 ) ) ;
#5466 = DIRECTION ( 'NONE',  ( 1.000000000000000000, 0.000000000000000000, 0.000000000000000000 ) ) ;
#5467 = CARTESIAN_POINT ( 'NONE',  ( 25.73316150746181208, 3.000000000000000000, -172.5000000000000284 ) ) ;
#5468 = EDGE_CURVE ( 'NONE', #2952, #2017, #550, .T. ) ;
#5469 = EDGE_CURVE ( 'NONE', #1324, #3225, #684, .T. ) ;
#5470 = FACE_OUTER_BOUND ( 'NONE', #6658, .T. ) ;
#5471 = CARTESIAN_POINT ( 'NONE',  ( 186.6165807537309433, 101.2999999999999972, -187.7999999999999829 ) ) ;
#5472 = DIRECTION ( 'NONE',  ( 0.000000000000000000, 0.000000000000000000, -1.000000000000000000 ) ) ;
#5473 = EDGE_LOOP ( 'NONE', ( #4700, #5481 ) ) ;
#5474 = VECTOR ( 'NONE', #2292, 1000.000000000000000 ) ;
#5475 = CYLINDRICAL_SURFACE ( 'NONE', #3665, 1.000000000000000000 ) ;
#5476 = CARTESIAN_POINT ( 'NONE',  ( 95.49999999999998579, 7.000000000000006217, -99.49999999999997158 ) ) ;
#5477 = LINE ( 'NONE', #6630, #6594 ) ;
#5478 = EDGE_CURVE ( 'NONE', #2824, #4703, #4917, .T. ) ;
#5479 = LINE ( 'NONE', #800, #5061 ) ;
#5480 = AXIS2_PLACEMENT_3D ( 'NONE', #2698, #6406, #6336 ) ;
#5481 = ORIENTED_EDGE ( 'NONE', *, *, #2523, .T. ) ;
#5482 = CARTESIAN_POINT ( 'NONE',  ( 169.2668384925381417, 3.000000000000000000, -172.5000000000000853 ) ) ;
#5483 = CARTESIAN_POINT ( 'NONE',  ( 8.000000000000000000, 110.0000000000000000, -187.0000000000000000 ) ) ;
#5484 = ORIENTED_EDGE ( 'NONE', *, *, #4853, .T. ) ;
#5485 = CARTESIAN_POINT ( 'NONE',  ( 20.88341924626901758, 3.000000000000000000, -19.70000000000012719 ) ) ;
#5486 = ORIENTED_EDGE ( 'NONE', *, *, #2649, .F. ) ;
#5487 = ORIENTED_EDGE ( 'NONE', *, *, #1126, .T. ) ;
#5488 = VECTOR ( 'NONE', #3721, 1000.000000000000000 ) ;
#5489 = VERTEX_POINT ( 'NONE', #170 ) ;
#5490 = DIRECTION ( 'NONE',  ( 0.000000000000000000, 1.000000000000000000, 0.000000000000000000 ) ) ;
#5491 = CARTESIAN_POINT ( 'NONE',  ( 190.0000000000000000, 15.00000000000000000, -170.0000000000000000 ) ) ;
#5492 = AXIS2_PLACEMENT_3D ( 'NONE', #3438, #135, #1313 ) ;
#5493 = ORIENTED_EDGE ( 'NONE', *, *, #319, .T. ) ;
#5494 = CARTESIAN_POINT ( 'NONE',  ( 5.000000000000004441, 93.00000000000000000, -22.00000000000000355 ) ) ;
#5495 = CARTESIAN_POINT ( 'NONE',  ( 98.49999999999997158, 282.7716446627535447, -96.50000000000000000 ) ) ;
#5496 = EDGE_LOOP ( 'NONE', ( #2244, #1308, #898, #2425 ) ) ;
#5497 = ORIENTED_EDGE ( 'NONE', *, *, #4667, .F. ) ;
#5498 = LINE ( 'NONE', #1087, #4653 ) ;
#5499 = DIRECTION ( 'NONE',  ( 0.000000000000000000, 1.000000000000000000, 0.000000000000000000 ) ) ;
#5500 = DIRECTION ( 'NONE',  ( 0.000000000000000000, -1.000000000000000000, 0.000000000000000000 ) ) ;
#5501 = CARTESIAN_POINT ( 'NONE',  ( 3.000000000000000000, 110.0000000000000000, -192.0000000000000000 ) ) ;
#5502 = EDGE_CURVE ( 'NONE', #6597, #5384, #2151, .T. ) ;
#5503 = AXIS2_PLACEMENT_3D ( 'NONE', #414, #991, #5681 ) ;
#5504 = SPHERICAL_SURFACE ( 'NONE', #2370, 1.000000000000000000 ) ;
#5505 = ORIENTED_EDGE ( 'NONE', *, *, #3160, .T. ) ;
#5506 = EDGE_CURVE ( 'NONE', #2926, #1735, #4182, .T. ) ;
#5507 = CARTESIAN_POINT ( 'NONE',  ( 24.11658075373088295, 3.000000000000000000, -169.7000000000000739 ) ) ;
#5508 = DIRECTION ( 'NONE',  ( 1.000000000000000000, 0.000000000000000000, 0.000000000000000000 ) ) ;
#5509 = CIRCLE ( 'NONE', #2494, 1.749999999999999778 ) ;
#5510 = DIRECTION ( 'NONE',  ( 0.000000000000000000, 0.000000000000000000, -1.000000000000000000 ) ) ;
#5511 = DIRECTION ( 'NONE',  ( 0.000000000000000000, 0.000000000000000000, -1.000000000000000000 ) ) ;
#5512 = UNCERTAINTY_MEASURE_WITH_UNIT (LENGTH_MEASURE( 1.000000000000000082E-05 ), #5383, 'distance_accuracy_value', 'NONE');
#5513 = ORIENTED_EDGE ( 'NONE', *, *, #4051, .F. ) ;
#5514 = CARTESIAN_POINT ( 'NONE',  ( 172.5000000000000284, 7.000000000000000000, -174.2500000000000568 ) ) ;
#5515 = AXIS2_PLACEMENT_3D ( 'NONE', #5782, #4, #2042 ) ;
#5516 = DIRECTION ( 'NONE',  ( 0.000000000000000000, -1.000000000000000000, 0.000000000000000000 ) ) ;
#5517 = ORIENTED_EDGE ( 'NONE', *, *, #5139, .F. ) ;
#5518 = ADVANCED_FACE ( 'NONE', ( #5850 ), #2211, .F. ) ;
#5519 = EDGE_CURVE ( 'NONE', #1615, #5870, #4811, .T. ) ;
#5520 = CARTESIAN_POINT ( 'NONE',  ( 25.73316150746185471, 3.000000000000000000, -22.50000000000010303 ) ) ;
#5521 = DIRECTION ( 'NONE',  ( -0.4999999999999998890, 0.000000000000000000, 0.8660254037844385966 ) ) ;
#5522 = ORIENTED_EDGE ( 'NONE', *, *, #5054, .T. ) ;
#5523 = LINE ( 'NONE', #256, #6008 ) ;
#5524 = ORIENTED_EDGE ( 'NONE', *, *, #1697, .F. ) ;
#5525 = EDGE_CURVE ( 'NONE', #6713, #4137, #585, .T. ) ;
#5526 = AXIS2_PLACEMENT_3D ( 'NONE', #3502, #2461, #5646 ) ;
#5527 = FACE_OUTER_BOUND ( 'NONE', #2075, .T. ) ;
#5528 = DIRECTION ( 'NONE',  ( 0.000000000000000000, 0.000000000000000000, 1.000000000000000000 ) ) ;
#5529 = CIRCLE ( 'NONE', #2512, 1.000000000000000888 ) ;
#5530 = DIRECTION ( 'NONE',  ( 1.000000000000000000, -0.000000000000000000, 0.000000000000000000 ) ) ;
#5531 = ORIENTED_EDGE ( 'NONE', *, *, #4283, .F. ) ;
#5532 = VECTOR ( 'NONE', #5086, 1000.000000000000000 ) ;
#5533 = CARTESIAN_POINT ( 'NONE',  ( 25.73316150746185471, 0.000000000000000000, -22.50000000000010303 ) ) ;
#5534 = AXIS2_PLACEMENT_3D ( 'NONE', #4208, #5194, #6798 ) ;
#5535 = DIRECTION ( 'NONE',  ( 0.000000000000000000, 0.000000000000000000, -1.000000000000000000 ) ) ;
#5536 = ORIENTED_EDGE ( 'NONE', *, *, #6079, .T. ) ;
#5537 = VERTEX_POINT ( 'NONE', #2247 ) ;
#5538 = EDGE_CURVE ( 'NONE', #1973, #220, #4387, .T. ) ;
#5539 = CARTESIAN_POINT ( 'NONE',  ( 185.0000000000000000, 107.0000000000000000, -11.75000000000000888 ) ) ;
#5540 = DIRECTION ( 'NONE',  ( 0.000000000000000000, 1.000000000000000000, 0.000000000000000000 ) ) ;
#5541 = CARTESIAN_POINT ( 'NONE',  ( 190.0000000000000000, 110.0000000000000000, 0.000000000000000000 ) ) ;
#5542 = VECTOR ( 'NONE', #1327, 1000.000000000000000 ) ;
#5543 = CARTESIAN_POINT ( 'NONE',  ( 17.00000000000000000, 4.000000000000003553, -5.000000000000000000 ) ) ;
#5544 = EDGE_LOOP ( 'NONE', ( #33, #6011, #3382, #1766 ) ) ;
#5545 = LINE ( 'NONE', #1860, #3043 ) ;
#5546 = EDGE_LOOP ( 'NONE', ( #5560, #631, #4340, #4155 ) ) ;
#5547 = AXIS2_PLACEMENT_3D ( 'NONE', #882, #4721, #6753 ) ;
#5548 = ORIENTED_EDGE ( 'NONE', *, *, #1526, .T. ) ;
#5549 = EDGE_CURVE ( 'NONE', #1997, #4871, #6751, .T. ) ;
#5550 = DIRECTION ( 'NONE',  ( 0.000000000000000000, -1.000000000000000000, 0.000000000000000000 ) ) ;
#5551 = LINE ( 'NONE', #244, #53 ) ;
#5552 = CARTESIAN_POINT ( 'NONE',  ( 180.0000000000000000, 121.1421356237309510, -5.000000000000031974 ) ) ;
#5553 = VECTOR ( 'NONE', #4576, 1000.000000000000114 ) ;
#5554 = LINE ( 'NONE', #763, #3082 ) ;
#5555 = CYLINDRICAL_SURFACE ( 'NONE', #1040, 1.000000000000000888 ) ;
#5556 = ORIENTED_EDGE ( 'NONE', *, *, #6143, .T. ) ;
#5557 = CYLINDRICAL_SURFACE ( 'NONE', #3101, 1.749999999999999778 ) ;
#5558 = PLANE ( 'NONE',  #1711 ) ;
#5559 = CARTESIAN_POINT ( 'NONE',  ( 190.0000000000000000, 7.000000000000000000, -99.50000000000000000 ) ) ;
#5560 = ORIENTED_EDGE ( 'NONE', *, *, #872, .F. ) ;
#5561 = ADVANCED_FACE ( 'NONE', ( #1130 ), #4731, .T. ) ;
#5562 = EDGE_CURVE ( 'NONE', #3394, #5420, #1695, .T. ) ;
#5563 = VERTEX_POINT ( 'NONE', #1236 ) ;
#5564 = DIRECTION ( 'NONE',  ( 1.000000000000000000, -0.000000000000000000, -2.876225452396777974E-16 ) ) ;
#5565 = EDGE_LOOP ( 'NONE', ( #4835, #3250, #1211, #1712 ) ) ;
#5566 = CARTESIAN_POINT ( 'NONE',  ( 22.49999999999995026, 4.000000000000000000, -172.5000000000000000 ) ) ;
#5567 = LINE ( 'NONE', #3528, #6108 ) ;
#5568 = LINE ( 'NONE', #297, #4174 ) ;
#5569 = DIRECTION ( 'NONE',  ( -1.000000000000000000, -0.000000000000000000, 0.000000000000000000 ) ) ;
#5570 = AXIS2_PLACEMENT_3D ( 'NONE', #879, #3011, #1957 ) ;
#5571 = EDGE_LOOP ( 'NONE', ( #6331, #5579, #3175 ) ) ;
#5572 = CARTESIAN_POINT ( 'NONE',  ( 8.000000000000000000, 3.000000000000002665, -192.0000000000000000 ) ) ;
#5573 = ORIENTED_EDGE ( 'NONE', *, *, #913, .F. ) ;
#5574 = ORIENTED_EDGE ( 'NONE', *, *, #2821, .T. ) ;
#5575 = DIRECTION ( 'NONE',  ( 1.000000000000000000, 0.000000000000000000, -0.000000000000000000 ) ) ;
#5576 = DIRECTION ( 'NONE',  ( 1.000000000000000000, 0.000000000000000000, -1.453678890483358486E-17 ) ) ;
#5577 = LINE ( 'NONE', #4567, #2269 ) ;
#5578 = LINE ( 'NONE', #2388, #4607 ) ;
#5579 = ORIENTED_EDGE ( 'NONE', *, *, #6892, .F. ) ;
#5580 = CARTESIAN_POINT ( 'NONE',  ( 95.50000000000000000, 4.000000000000001776, -6.000000000000002665 ) ) ;
#5581 = ORIENTED_EDGE ( 'NONE', *, *, #1789, .F. ) ;
#5582 = EDGE_LOOP ( 'NONE', ( #817, #4526, #1027, #6814 ) ) ;
#5583 = CARTESIAN_POINT ( 'NONE',  ( 178.0000000000000000, 385.7716446627536016, -6.999999999999999112 ) ) ;
#5584 = DIRECTION ( 'NONE',  ( 0.000000000000000000, 0.000000000000000000, 1.000000000000000000 ) ) ;
#5585 = CIRCLE ( 'NONE', #5351, 2.000000000000001776 ) ;
#5586 = LINE ( 'NONE', #2851, #3913 ) ;
#5587 = DIRECTION ( 'NONE',  ( 0.000000000000000000, 1.000000000000000000, 0.000000000000000000 ) ) ;
#5588 = EDGE_CURVE ( 'NONE', #1489, #2271, #3934, .T. ) ;
#5589 = LINE ( 'NONE', #4895, #184 ) ;
#5590 = DIRECTION ( 'NONE',  ( 0.000000000000000000, 1.000000000000000000, 0.000000000000000000 ) ) ;
#5591 = DIRECTION ( 'NONE',  ( -0.000000000000000000, -0.000000000000000000, 1.000000000000000000 ) ) ;
#5592 = ORIENTED_EDGE ( 'NONE', *, *, #6632, .T. ) ;
#5593 = FACE_OUTER_BOUND ( 'NONE', #387, .T. ) ;
#5594 = DIRECTION ( 'NONE',  ( 0.000000000000000000, 1.000000000000000000, 0.000000000000000000 ) ) ;
#5595 = CIRCLE ( 'NONE', #4697, 1.000000000000000888 ) ;
#5596 = VERTEX_POINT ( 'NONE', #798 ) ;
#5597 = ORIENTED_EDGE ( 'NONE', *, *, #2612, .T. ) ;
#5598 = AXIS2_PLACEMENT_3D ( 'NONE', #3556, #1390, #3520 ) ;
#5599 = DIRECTION ( 'NONE',  ( 0.000000000000000000, -1.000000000000000000, 0.000000000000000000 ) ) ;
#5600 = LINE ( 'NONE', #3013, #103 ) ;
#5601 = EDGE_CURVE ( 'NONE', #3451, #2209, #5067, .T. ) ;
#5602 = EDGE_CURVE ( 'NONE', #3449, #306, #5551, .T. ) ;
#5603 = CARTESIAN_POINT ( 'NONE',  ( 0.000000000000000000, 3.000000000000000000, 0.000000000000000000 ) ) ;
#5604 = ORIENTED_EDGE ( 'NONE', *, *, #5478, .F. ) ;
#5605 = FACE_OUTER_BOUND ( 'NONE', #4723, .T. ) ;
#5606 = DIRECTION ( 'NONE',  ( 2.876225452396778467E-16, 0.000000000000000000, 1.000000000000000000 ) ) ;
#5607 = ORIENTED_EDGE ( 'NONE', *, *, #1877, .T. ) ;
#5608 = VERTEX_POINT ( 'NONE', #721 ) ;
#5609 = CARTESIAN_POINT ( 'NONE',  ( 187.0000000000000000, 107.0000000000000000, -8.000000000000000000 ) ) ;
#5610 = CIRCLE ( 'NONE', #4818, 1.000000000000000888 ) ;
#5611 = ADVANCED_FACE ( 'NONE', ( #1312 ), #5029, .F. ) ;
#5612 = EDGE_CURVE ( 'NONE', #1661, #716, #279, .T. ) ;
#5613 = DIRECTION ( 'NONE',  ( 0.000000000000000000, 0.000000000000000000, 1.000000000000000000 ) ) ;
#5614 = LINE ( 'NONE', #827, #945 ) ;
#5615 = ORIENTED_EDGE ( 'NONE', *, *, #1415, .F. ) ;
#5616 = SURFACE_STYLE_USAGE ( .BOTH. , #715 ) ;
#5617 = EDGE_LOOP ( 'NONE', ( #5597, #2725, #6644, #2056 ) ) ;
#5618 = ORIENTED_EDGE ( 'NONE', *, *, #6312, .F. ) ;
#5619 = EDGE_CURVE ( 'NONE', #906, #5763, #5287, .T. ) ;
#5620 = CARTESIAN_POINT ( 'NONE',  ( 8.383419246269063763, 104.0000000000000000, -7.200000000000011724 ) ) ;
#5621 = DIRECTION ( 'NONE',  ( -0.000000000000000000, 1.000000000000000000, -0.000000000000000000 ) ) ;
#5622 = VECTOR ( 'NONE', #3086, 1000.000000000000000 ) ;
#5623 = CARTESIAN_POINT ( 'NONE',  ( 15.00000000000000178, 101.2999999999999972, -187.7999999999999829 ) ) ;
#5624 = DIRECTION ( 'NONE',  ( -3.469446951953621091E-16, 0.000000000000000000, -1.000000000000000000 ) ) ;
#5625 = DIRECTION ( 'NONE',  ( -0.000000000000000000, -1.000000000000000000, -0.000000000000000000 ) ) ;
#5626 = ORIENTED_EDGE ( 'NONE', *, *, #4344, .T. ) ;
#5627 = CIRCLE ( 'NONE', #486, 1.000000000000000888 ) ;
#5628 = DIRECTION ( 'NONE',  ( 0.000000000000000000, -0.000000000000000000, -1.000000000000000000 ) ) ;
#5629 = DIRECTION ( 'NONE',  ( 0.000000000000000000, 1.000000000000000000, 0.000000000000000000 ) ) ;
#5630 = ORIENTED_EDGE ( 'NONE', *, *, #274, .F. ) ;
#5631 = AXIS2_PLACEMENT_3D ( 'NONE', #2434, #3437, #318 ) ;
#5632 = DIRECTION ( 'NONE',  ( 0.000000000000000000, -0.000000000000000000, 1.000000000000000000 ) ) ;
#5633 = EDGE_LOOP ( 'NONE', ( #5787, #5941, #3884, #6137 ) ) ;
#5634 = LINE ( 'NONE', #2869, #5542 ) ;
#5635 = EDGE_CURVE ( 'NONE', #2497, #4871, #2319, .T. ) ;
#5636 = CARTESIAN_POINT ( 'NONE',  ( 190.0000000000000000, 385.7716446627536016, -99.50000000000000000 ) ) ;
#5637 = VECTOR ( 'NONE', #5329, 1000.000000000000114 ) ;
#5638 = DIRECTION ( 'NONE',  ( -0.4999999999999998890, 0.000000000000000000, 0.8660254037844385966 ) ) ;
#5639 = VERTEX_POINT ( 'NONE', #2999 ) ;
#5640 = LINE ( 'NONE', #228, #5958 ) ;
#5641 = CARTESIAN_POINT ( 'NONE',  ( 174.1165807537310002, 0.000000000000000000, -175.3000000000000682 ) ) ;
#5642 = ORIENTED_EDGE ( 'NONE', *, *, #6450, .F. ) ;
#5643 = ORIENTED_EDGE ( 'NONE', *, *, #2604, .T. ) ;
#5644 = CARTESIAN_POINT ( 'NONE',  ( 190.0000000000000000, 110.0000000000000000, -190.0000000000000000 ) ) ;
#5645 = CARTESIAN_POINT ( 'NONE',  ( 22.49999999999995026, 3.657979856674336450, -179.2605149174238477 ) ) ;
#5646 = DIRECTION ( 'NONE',  ( 0.4999999999999970579, 0.000000000000000000, -0.8660254037844403729 ) ) ;
#5647 = AXIS2_PLACEMENT_3D ( 'NONE', #2861, #215, #4018 ) ;
#5648 = ORIENTED_EDGE ( 'NONE', *, *, #6604, .F. ) ;
#5649 = TOROIDAL_SURFACE ( 'NONE', #1399, 1.000000000000000000, 1.000000000000000000 ) ;
#5650 = EDGE_CURVE ( 'NONE', #1394, #6332, #1271, .T. ) ;
#5651 = CARTESIAN_POINT ( 'NONE',  ( 0.000000000000000000, 7.000000000000006217, -96.50000000000000000 ) ) ;
#5652 = EDGE_LOOP ( 'NONE', ( #2623, #3847, #2260, #3588 ) ) ;
#5653 = AXIS2_PLACEMENT_3D ( 'NONE', #2268, #573, #6435 ) ;
#5654 = ORIENTED_EDGE ( 'NONE', *, *, #4521, .T. ) ;
#5655 = PLANE ( 'NONE',  #2785 ) ;
#5656 = AXIS2_PLACEMENT_3D ( 'NONE', #3048, #372, #2024 ) ;
#5657 = DIRECTION ( 'NONE',  ( 0.000000000000000000, 0.000000000000000000, 1.000000000000000000 ) ) ;
#5658 = LINE ( 'NONE', #5688, #2797 ) ;
#5659 = ADVANCED_FACE ( 'NONE', ( #2891 ), #4013, .F. ) ;
#5660 = VECTOR ( 'NONE', #529, 1000.000000000000000 ) ;
#5661 = DIRECTION ( 'NONE',  ( -0.000000000000000000, -1.000000000000000000, -0.000000000000000000 ) ) ;
#5662 = CARTESIAN_POINT ( 'NONE',  ( 25.73316150746181208, 0.000000000000000000, -172.5000000000000284 ) ) ;
#5663 = ORIENTED_EDGE ( 'NONE', *, *, #807, .T. ) ;
#5664 = LINE ( 'NONE', #806, #1603 ) ;
#5665 = CARTESIAN_POINT ( 'NONE',  ( 182.0000000000000000, 4.000000000000003553, -180.0000000000000000 ) ) ;
#5666 = EDGE_LOOP ( 'NONE', ( #4752, #2657, #5493, #1442 ) ) ;
#5667 = EDGE_LOOP ( 'NONE', ( #765, #6901, #5125, #757, #381, #253 ) ) ;
#5668 = DIRECTION ( 'NONE',  ( -1.000000000000000000, -0.000000000000000000, 4.314338178595167947E-16 ) ) ;
#5669 = CARTESIAN_POINT ( 'NONE',  ( 0.000000000000000000, 12.50000000000002842, -17.00000000000000000 ) ) ;
#5670 = LINE ( 'NONE', #4594, #5814 ) ;
#5671 = EDGE_LOOP ( 'NONE', ( #2658, #4299, #3601, #758 ) ) ;
#5672 = EDGE_CURVE ( 'NONE', #6834, #5274, #941, .T. ) ;
#5673 = ORIENTED_EDGE ( 'NONE', *, *, #2313, .F. ) ;
#5674 = ORIENTED_EDGE ( 'NONE', *, *, #2355, .T. ) ;
#5675 = CARTESIAN_POINT ( 'NONE',  ( 170.8834192462690851, 3.000000000000000000, -175.3000000000000682 ) ) ;
#5676 = LINE ( 'NONE', #6224, #5897 ) ;
#5677 = DIRECTION ( 'NONE',  ( 0.000000000000000000, 0.000000000000000000, 1.000000000000000000 ) ) ;
#5678 = CIRCLE ( 'NONE', #4224, 1.000000000000000000 ) ;
#5679 = ORIENTED_EDGE ( 'NONE', *, *, #5021, .T. ) ;
#5680 = EDGE_CURVE ( 'NONE', #314, #2351, #2358, .T. ) ;
#5681 = DIRECTION ( 'NONE',  ( 1.000000000000000000, 0.000000000000000000, 0.000000000000000000 ) ) ;
#5682 = VERTEX_POINT ( 'NONE', #2850 ) ;
#5683 = ORIENTED_EDGE ( 'NONE', *, *, #5266, .F. ) ;
#5684 = CARTESIAN_POINT ( 'NONE',  ( 13.00000000000000355, 4.000000000000003553, -182.0000000000000000 ) ) ;
#5685 = CARTESIAN_POINT ( 'NONE',  ( 24.11658075373090782, 0.000000000000000000, -25.30000000000008598 ) ) ;
#5686 = EDGE_CURVE ( 'NONE', #6684, #1045, #1785, .T. ) ;
#5687 = EDGE_CURVE ( 'NONE', #3544, #1253, #3472, .T. ) ;
#5688 = CARTESIAN_POINT ( 'NONE',  ( 20.88341924626906021, 0.000000000000000000, -169.7000000000000739 ) ) ;
#5689 = FACE_BOUND ( 'NONE', #183, .T. ) ;
#5690 = DIRECTION ( 'NONE',  ( -0.000000000000000000, -1.000000000000000000, -0.000000000000000000 ) ) ;
#5691 = ORIENTED_EDGE ( 'NONE', *, *, #4438, .F. ) ;
#5692 = PLANE ( 'NONE',  #5450 ) ;
#5693 = AXIS2_PLACEMENT_3D ( 'NONE', #1440, #1934, #5613 ) ;
#5694 = DIRECTION ( 'NONE',  ( 0.000000000000000000, 1.000000000000000000, -0.000000000000000000 ) ) ;
#5695 = EDGE_CURVE ( 'NONE', #3690, #1289, #6397, .T. ) ;
#5696 = CARTESIAN_POINT ( 'NONE',  ( 10.00000000000000178, 107.0000000000000000, -186.7500000000000000 ) ) ;
#5697 = ORIENTED_EDGE ( 'NONE', *, *, #6320, .F. ) ;
#5698 = CARTESIAN_POINT ( 'NONE',  ( 16.00000000000000355, 3.000000000000000000, -182.0000000000000000 ) ) ;
#5699 = CIRCLE ( 'NONE', #2672, 5.000000000000004441 ) ;
#5700 = LINE ( 'NONE', #1804, #2685 ) ;
#5701 = ORIENTED_EDGE ( 'NONE', *, *, #398, .F. ) ;
#5702 = CARTESIAN_POINT ( 'NONE',  ( 5.000000000000004441, 17.50000000000002842, -173.0000000000000000 ) ) ;
#5703 = VECTOR ( 'NONE', #4014, 1000.000000000000000 ) ;
#5704 = ORIENTED_EDGE ( 'NONE', *, *, #1836, .T. ) ;
#5705 = CYLINDRICAL_SURFACE ( 'NONE', #5656, 1.000000000000000888 ) ;
#5706 = CARTESIAN_POINT ( 'NONE',  ( 5.999999999999998224, 7.000000000000006217, -99.49999999999992895 ) ) ;
#5707 = DIRECTION ( 'NONE',  ( -1.000000000000000000, -0.000000000000000000, -0.000000000000000000 ) ) ;
#5708 = CARTESIAN_POINT ( 'NONE',  ( 10.00000000000000178, 92.00000000000000000, -8.250000000000008882 ) ) ;
#5709 = ORIENTED_EDGE ( 'NONE', *, *, #4344, .F. ) ;
#5710 = DIRECTION ( 'NONE',  ( 1.000000000000000000, 0.000000000000000000, -0.000000000000000000 ) ) ;
#5711 = VECTOR ( 'NONE', #2795, 1000.000000000000000 ) ;
#5712 = ORIENTED_EDGE ( 'NONE', *, *, #3557, .T. ) ;
#5713 = FACE_OUTER_BOUND ( 'NONE', #537, .T. ) ;
#5714 = CARTESIAN_POINT ( 'NONE',  ( 22.49999999999995026, 7.000000000000000000, -172.5000000000000000 ) ) ;
#5715 = ADVANCED_FACE ( 'NONE', ( #1904 ), #6162, .T. ) ;
#5716 = DIRECTION ( 'NONE',  ( 1.000000000000000000, -0.000000000000000000, -0.000000000000000000 ) ) ;
#5717 = DIRECTION ( 'NONE',  ( 0.000000000000000000, -1.000000000000000000, 0.000000000000000000 ) ) ;
#5718 = DIRECTION ( 'NONE',  ( -0.000000000000000000, 1.000000000000000000, -0.000000000000000000 ) ) ;
#5719 = EDGE_CURVE ( 'NONE', #2693, #6659, #1160, .T. ) ;
#5720 = VERTEX_POINT ( 'NONE', #4219 ) ;
#5721 = VECTOR ( 'NONE', #1670, 1000.000000000000000 ) ;
#5722 = ORIENTED_EDGE ( 'NONE', *, *, #3410, .F. ) ;
#5723 = EDGE_CURVE ( 'NONE', #3387, #6653, #4708, .T. ) ;
#5724 = EDGE_CURVE ( 'NONE', #1782, #4071, #4849, .T. ) ;
#5725 = DIRECTION ( 'NONE',  ( 0.000000000000000000, 1.000000000000000000, 0.000000000000000000 ) ) ;
#5726 = CARTESIAN_POINT ( 'NONE',  ( 98.49999999999997158, 7.000000000000006217, -95.50000000000000000 ) ) ;
#5727 = AXIS2_PLACEMENT_3D ( 'NONE', #6178, #4626, #5186 ) ;
#5728 = CARTESIAN_POINT ( 'NONE',  ( 22.49999999999995026, 3.000000000000000000, -22.50000000000004619 ) ) ;
#5729 = ORIENTED_EDGE ( 'NONE', *, *, #2828, .T. ) ;
#5730 = CARTESIAN_POINT ( 'NONE',  ( 10.00000000000000178, 104.0000000000000000, -185.0000000000000000 ) ) ;
#5731 = EDGE_CURVE ( 'NONE', #5936, #6890, #5087, .T. ) ;
#5732 = ORIENTED_EDGE ( 'NONE', *, *, #5719, .T. ) ;
#5733 = CIRCLE ( 'NONE', #6856, 1.000000000000000000 ) ;
#5734 = LINE ( 'NONE', #436, #6533 ) ;
#5735 = ORIENTED_EDGE ( 'NONE', *, *, #4877, .T. ) ;
#5736 = AXIS2_PLACEMENT_3D ( 'NONE', #2565, #3643, #4121 ) ;
#5737 = DIRECTION ( 'NONE',  ( 0.000000000000000000, -1.000000000000000000, 0.000000000000000000 ) ) ;
#5738 = ADVANCED_FACE ( 'NONE', ( #932 ), #4679, .F. ) ;
#5739 = AXIS2_PLACEMENT_3D ( 'NONE', #2914, #2800, #4524 ) ;
#5740 = PLANE ( 'NONE',  #4059 ) ;
#5741 = VERTEX_POINT ( 'NONE', #1541 ) ;
#5742 = ORIENTED_EDGE ( 'NONE', *, *, #1150, .T. ) ;
#5743 = AXIS2_PLACEMENT_3D ( 'NONE', #4637, #860, #3570 ) ;
#5744 = CARTESIAN_POINT ( 'NONE',  ( 170.8834192462690851, 0.000000000000000000, -175.3000000000000682 ) ) ;
#5745 = DIRECTION ( 'NONE',  ( -0.000000000000000000, -1.000000000000000000, -0.000000000000000000 ) ) ;
#5746 = AXIS2_PLACEMENT_3D ( 'NONE', #6232, #2533, #4705 ) ;
#5747 = DIRECTION ( 'NONE',  ( 1.000000000000000000, 0.000000000000000000, -4.314338178595167947E-16 ) ) ;
#5748 = VECTOR ( 'NONE', #886, 1000.000000000000000 ) ;
#5749 = EDGE_CURVE ( 'NONE', #5904, #4797, #1048, .T. ) ;
#5750 = DIRECTION ( 'NONE',  ( -0.000000000000000000, -1.000000000000000000, -0.000000000000000000 ) ) ;
#5751 = VECTOR ( 'NONE', #5282, 1000.000000000000000 ) ;
#5752 = ORIENTED_EDGE ( 'NONE', *, *, #3758, .F. ) ;
#5753 = CARTESIAN_POINT ( 'NONE',  ( 187.0000000000000000, 110.0000000000000000, -192.0000000000000000 ) ) ;
#5754 = FACE_OUTER_BOUND ( 'NONE', #5671, .T. ) ;
#5755 = CIRCLE ( 'NONE', #5547, 1.000000000000000888 ) ;
#5756 = ORIENTED_EDGE ( 'NONE', *, *, #5680, .F. ) ;
#5757 = CARTESIAN_POINT ( 'NONE',  ( 172.5000000000000284, 3.657979856674334673, -172.5000000000000284 ) ) ;
#5758 = AXIS2_PLACEMENT_3D ( 'NONE', #2288, #4960, #4428 ) ;
#5759 = DIRECTION ( 'NONE',  ( -0.000000000000000000, -1.000000000000000000, -0.000000000000000000 ) ) ;
#5760 = CARTESIAN_POINT ( 'NONE',  ( 189.0000000000000000, 4.000000000000003553, -99.50000000000000000 ) ) ;
#5761 = EDGE_CURVE ( 'NONE', #2530, #5052, #2536, .T. ) ;
#5762 = EDGE_CURVE ( 'NONE', #6271, #5016, #1980, .T. ) ;
#5763 = VERTEX_POINT ( 'NONE', #5206 ) ;
#5764 = CARTESIAN_POINT ( 'NONE',  ( 5.000000000000000000, 0.000000000000000000, -194.5000000000000000 ) ) ;
#5765 = VERTEX_POINT ( 'NONE', #6269 ) ;
#5766 = DIRECTION ( 'NONE',  ( 0.000000000000000000, 0.000000000000000000, 1.000000000000000000 ) ) ;
#5767 = CARTESIAN_POINT ( 'NONE',  ( 13.00000000000000355, 4.000000000000003553, -180.0000000000000000 ) ) ;
#5768 = ADVANCED_FACE ( 'NONE', ( #1030 ), #3158, .F. ) ;
#5769 = DIRECTION ( 'NONE',  ( -0.000000000000000000, -1.000000000000000000, -0.000000000000000000 ) ) ;
#5770 = ORIENTED_EDGE ( 'NONE', *, *, #5672, .F. ) ;
#5771 = SPHERICAL_SURFACE ( 'NONE', #3935, 1.000000000000000000 ) ;
#5772 = ORIENTED_EDGE ( 'NONE', *, *, #5348, .T. ) ;
#5773 = VERTEX_POINT ( 'NONE', #2468 ) ;
#5774 = CARTESIAN_POINT ( 'NONE',  ( 0.000000000000000000, 110.0000000000000000, -5.000000000000000000 ) ) ;
#5775 = CARTESIAN_POINT ( 'NONE',  ( 169.2668384925381417, 3.000000000000000000, -22.50000000000009948 ) ) ;
#5776 = CARTESIAN_POINT ( 'NONE',  ( 4.999999999999997335, 17.50000000000001421, -178.0000000000000000 ) ) ;
#5777 = CARTESIAN_POINT ( 'NONE',  ( 183.3834192462690567, 104.0000000000000000, -7.200000000000011724 ) ) ;
#5778 = VECTOR ( 'NONE', #2601, 1000.000000000000000 ) ;
#5779 = CARTESIAN_POINT ( 'NONE',  ( 13.00000000000000355, 3.000000000000000000, -182.0000000000000000 ) ) ;
#5780 = ORIENTED_EDGE ( 'NONE', *, *, #2773, .F. ) ;
#5781 = FACE_OUTER_BOUND ( 'NONE', #3326, .T. ) ;
#5782 = CARTESIAN_POINT ( 'NONE',  ( 16.00000000000000000, 4.000000000000003553, -189.9999999999999716 ) ) ;
#5783 = EDGE_CURVE ( 'NONE', #6784, #5596, #2034, .T. ) ;
#5784 = ORIENTED_EDGE ( 'NONE', *, *, #2039, .F. ) ;
#5785 = VERTEX_POINT ( 'NONE', #6810 ) ;
#5786 = FACE_OUTER_BOUND ( 'NONE', #831, .T. ) ;
#5787 = ORIENTED_EDGE ( 'NONE', *, *, #1907, .T. ) ;
#5788 = DIRECTION ( 'NONE',  ( 0.000000000000000000, 0.000000000000000000, -1.000000000000000000 ) ) ;
#5789 = PLANE ( 'NONE',  #4028 ) ;
#5790 = AXIS2_PLACEMENT_3D ( 'NONE', #4237, #2652, #535 ) ;
#5791 = ORIENTED_EDGE ( 'NONE', *, *, #2150, .T. ) ;
#5792 = DIRECTION ( 'NONE',  ( 1.000000000000000000, 0.000000000000000000, 0.000000000000000000 ) ) ;
#5793 = ORIENTED_EDGE ( 'NONE', *, *, #2007, .T. ) ;
#5794 = EDGE_CURVE ( 'NONE', #6146, #1045, #3724, .T. ) ;
#5795 = CARTESIAN_POINT ( 'NONE',  ( 10.00000000000000178, 107.0000000000000000, -10.00000000000000888 ) ) ;
#5796 = CARTESIAN_POINT ( 'NONE',  ( 96.50000000000000000, 4.000000000000003553, -5.000000000000004441 ) ) ;
#5797 = FACE_OUTER_BOUND ( 'NONE', #6175, .T. ) ;
#5798 = AXIS2_PLACEMENT_3D ( 'NONE', #5799, #2622, #5353 ) ;
#5799 = CARTESIAN_POINT ( 'NONE',  ( 0.000000000000000000, 0.5000000000000281997, -195.0000000000000000 ) ) ;
#5800 = VERTEX_POINT ( 'NONE', #5776 ) ;
#5801 = CARTESIAN_POINT ( 'NONE',  ( 0.5000000000000004441, 0.000000000000000000, -190.0000000000000000 ) ) ;
#5802 = CARTESIAN_POINT ( 'NONE',  ( 182.0000000000000000, 107.0000000000000000, -15.00000000000001421 ) ) ;
#5803 = ORIENTED_EDGE ( 'NONE', *, *, #4437, .T. ) ;
#5804 = EDGE_CURVE ( 'NONE', #3932, #6313, #4611, .T. ) ;
#5805 = ADVANCED_FACE ( 'NONE', ( #3609 ), #5174, .F. ) ;
#5806 = DIRECTION ( 'NONE',  ( 0.000000000000000000, 0.000000000000000000, -1.000000000000000000 ) ) ;
#5807 = AXIS2_PLACEMENT_3D ( 'NONE', #6270, #1420, #3581 ) ;
#5808 = DIRECTION ( 'NONE',  ( -1.000000000000000000, 0.000000000000000000, -3.469446951953621091E-16 ) ) ;
#5809 = DIRECTION ( 'NONE',  ( 0.000000000000000000, 0.000000000000000000, 1.000000000000000000 ) ) ;
#5810 = ADVANCED_FACE ( 'NONE', ( #6234 ), #476, .F. ) ;
#5811 = EDGE_LOOP ( 'NONE', ( #6132, #1012 ) ) ;
#5812 = FACE_OUTER_BOUND ( 'NONE', #78, .T. ) ;
#5813 = DIRECTION ( 'NONE',  ( 0.000000000000000000, 0.000000000000000000, 1.000000000000000000 ) ) ;
#5814 = VECTOR ( 'NONE', #1329, 1000.000000000000000 ) ;
#5815 = ORIENTED_EDGE ( 'NONE', *, *, #984, .T. ) ;
#5816 = ORIENTED_EDGE ( 'NONE', *, *, #6823, .F. ) ;
#5817 = DIRECTION ( 'NONE',  ( 0.4999999999999943379, 0.000000000000000000, -0.8660254037844420383 ) ) ;
#5818 = ORIENTED_EDGE ( 'NONE', *, *, #3621, .T. ) ;
#5819 = DIRECTION ( 'NONE',  ( 0.000000000000000000, 0.000000000000000000, -1.000000000000000000 ) ) ;
#5820 = VECTOR ( 'NONE', #379, 1000.000000000000000 ) ;
#5821 = ORIENTED_EDGE ( 'NONE', *, *, #1526, .F. ) ;
#5822 = DIRECTION ( 'NONE',  ( -1.000000000000000000, -0.000000000000000000, 1.453678890483358486E-17 ) ) ;
#5823 = EDGE_CURVE ( 'NONE', #2152, #2845, #2719, .T. ) ;
#5824 = EDGE_LOOP ( 'NONE', ( #1530, #6251 ) ) ;
#5825 = DIRECTION ( 'NONE',  ( 0.000000000000000000, 0.000000000000000000, 1.000000000000000000 ) ) ;
#5826 = TOROIDAL_SURFACE ( 'NONE', #2258, 7.700207538209746794, 1.000000000000000000 ) ;
#5827 = CARTESIAN_POINT ( 'NONE',  ( 185.0000000000000000, 92.00000000000000000, -186.7500000000000000 ) ) ;
#5828 = EDGE_CURVE ( 'NONE', #5942, #596, #3091, .T. ) ;
#5829 = DIRECTION ( 'NONE',  ( 1.000000000000000000, 0.000000000000000000, 0.000000000000000000 ) ) ;
#5830 = VERTEX_POINT ( 'NONE', #3123 ) ;
#5831 = CARTESIAN_POINT ( 'NONE',  ( 4.999999999999997335, 106.9999999999999858, -187.0000000000000000 ) ) ;
#5832 = VECTOR ( 'NONE', #5584, 1000.000000000000000 ) ;
#5833 = CARTESIAN_POINT ( 'NONE',  ( 0.000000000000000000, 110.0000000000000000, -190.0000000000000000 ) ) ;
#5834 = ORIENTED_EDGE ( 'NONE', *, *, #6249, .T. ) ;
#5835 = ORIENTED_EDGE ( 'NONE', *, *, #5279, .F. ) ;
#5836 = CARTESIAN_POINT ( 'NONE',  ( 99.49999999999995737, 4.000000000000001776, -189.0000000000000000 ) ) ;
#5837 = CYLINDRICAL_SURFACE ( 'NONE', #5031, 2.000000000000000000 ) ;
#5838 = CARTESIAN_POINT ( 'NONE',  ( 3.000000000000000000, 107.0000000000000000, -8.000000000000000000 ) ) ;
#5839 = VECTOR ( 'NONE', #4040, 1000.000000000000000 ) ;
#5840 = DIRECTION ( 'NONE',  ( -1.000000000000000000, 0.000000000000000000, 0.000000000000000000 ) ) ;
#5841 = EDGE_CURVE ( 'NONE', #4800, #4144, #1385, .T. ) ;
#5842 = ADVANCED_FACE ( 'NONE', ( #2101 ), #5939, .F. ) ;
#5843 = AXIS2_PLACEMENT_3D ( 'NONE', #1605, #4375, #504 ) ;
#5844 = ORIENTED_EDGE ( 'NONE', *, *, #3000, .T. ) ;
#5845 = PLANE ( 'NONE',  #6214 ) ;
#5846 = AXIS2_PLACEMENT_3D ( 'NONE', #1356, #3413, #5628 ) ;
#5847 = VERTEX_POINT ( 'NONE', #3711 ) ;
#5848 = CARTESIAN_POINT ( 'NONE',  ( 11.61658075373095400, 104.0000000000000000, -7.200000000000011724 ) ) ;
#5849 = VECTOR ( 'NONE', #3385, 1000.000000000000000 ) ;
#5850 = FACE_OUTER_BOUND ( 'NONE', #2413, .T. ) ;
#5851 = DIRECTION ( 'NONE',  ( 0.5000000000000012212, 0.000000000000000000, -0.8660254037844379305 ) ) ;
#5852 = EDGE_CURVE ( 'NONE', #5741, #3669, #6061, .T. ) ;
#5853 = PLANE ( 'NONE',  #916 ) ;
#5854 = VECTOR ( 'NONE', #6252, 1000.000000000000000 ) ;
#5855 = EDGE_LOOP ( 'NONE', ( #6433, #1128, #3295, #1925 ) ) ;
#5856 = ORIENTED_EDGE ( 'NONE', *, *, #6273, .F. ) ;
#5857 = VECTOR ( 'NONE', #2734, 1000.000000000000000 ) ;
#5858 = DIRECTION ( 'NONE',  ( 4.314338178595167947E-16, -0.000000000000000000, 1.000000000000000000 ) ) ;
#5859 = EDGE_LOOP ( 'NONE', ( #4933, #4925, #3795, #5090 ) ) ;
#5860 = DIRECTION ( 'NONE',  ( 0.000000000000000000, 0.000000000000000000, 1.000000000000000000 ) ) ;
#5861 = EDGE_LOOP ( 'NONE', ( #2097, #4561, #5299, #3801 ) ) ;
#5862 = SHAPE_DEFINITION_REPRESENTATION ( #4023, #152 ) ;
#5863 = AXIS2_PLACEMENT_3D ( 'NONE', #3527, #5668, #5788 ) ;
#5864 = ORIENTED_EDGE ( 'NONE', *, *, #5236, .F. ) ;
#5865 = CARTESIAN_POINT ( 'NONE',  ( 190.0000000000000000, 7.000000000000000000, -95.50000000000000000 ) ) ;
#5866 = LINE ( 'NONE', #3771, #1319 ) ;
#5867 = DIRECTION ( 'NONE',  ( -0.000000000000000000, 1.000000000000000000, 0.000000000000000000 ) ) ;
#5868 = EDGE_CURVE ( 'NONE', #565, #982, #94, .T. ) ;
#5869 = FACE_OUTER_BOUND ( 'NONE', #6002, .T. ) ;
#5870 = VERTEX_POINT ( 'NONE', #5838 ) ;
#5871 = DIRECTION ( 'NONE',  ( 0.000000000000000000, -1.000000000000000000, 0.000000000000000000 ) ) ;
#5872 = CARTESIAN_POINT ( 'NONE',  ( 185.0000000000000000, 92.00000000000000000, -11.75000000000000888 ) ) ;
#5873 = VERTEX_POINT ( 'NONE', #647 ) ;
#5874 = ORIENTED_EDGE ( 'NONE', *, *, #4826, .F. ) ;
#5875 = DIRECTION ( 'NONE',  ( 0.000000000000000000, -0.000000000000000000, 1.000000000000000000 ) ) ;
#5876 = CARTESIAN_POINT ( 'NONE',  ( 16.00000000000000355, 4.000000000000000000, -182.0000000000000000 ) ) ;
#5877 = LINE ( 'NONE', #6476, #5295 ) ;
#5878 = PLANE ( 'NONE',  #5480 ) ;
#5879 = ORIENTED_EDGE ( 'NONE', *, *, #2039, .T. ) ;
#5880 = EDGE_CURVE ( 'NONE', #3708, #2705, #5877, .T. ) ;
#5881 = EDGE_CURVE ( 'NONE', #1930, #3932, #1642, .T. ) ;
#5882 = DIRECTION ( 'NONE',  ( 0.000000000000000000, -0.000000000000000000, 1.000000000000000000 ) ) ;
#5883 = DIRECTION ( 'NONE',  ( 0.5000000000000042188, 0.000000000000000000, -0.8660254037844362651 ) ) ;
#5884 = VECTOR ( 'NONE', #6339, 1000.000000000000000 ) ;
#5885 = ORIENTED_EDGE ( 'NONE', *, *, #4868, .T. ) ;
#5886 = ORIENTED_EDGE ( 'NONE', *, *, #4404, .T. ) ;
#5887 = DIRECTION ( 'NONE',  ( 0.000000000000000000, 0.000000000000000000, -1.000000000000000000 ) ) ;
#5888 = CARTESIAN_POINT ( 'NONE',  ( 98.49999999999997158, 4.000000000000003553, -99.49999999999997158 ) ) ;
#5889 = ORIENTED_EDGE ( 'NONE', *, *, #600, .F. ) ;
#5890 = ADVANCED_FACE ( 'NONE', ( #1610 ), #6404, .T. ) ;
#5891 = ADVANCED_FACE ( 'NONE', ( #1575, #4804 ), #3290, .T. ) ;
#5892 = CARTESIAN_POINT ( 'NONE',  ( 183.3834192462690567, 104.0000000000000000, -182.1999999999999886 ) ) ;
#5893 = ORIENTED_EDGE ( 'NONE', *, *, #5502, .F. ) ;
#5894 = DIRECTION ( 'NONE',  ( 0.000000000000000000, 0.000000000000000000, -1.000000000000000000 ) ) ;
#5895 = VERTEX_POINT ( 'NONE', #4247 ) ;
#5896 = LINE ( 'NONE', #664, #5313 ) ;
#5897 = VECTOR ( 'NONE', #5094, 1000.000000000000000 ) ;
#5898 = AXIS2_PLACEMENT_3D ( 'NONE', #2630, #5292, #6403 ) ;
#5899 = DIRECTION ( 'NONE',  ( 0.000000000000000000, 0.000000000000000000, -1.000000000000000000 ) ) ;
#5900 = LINE ( 'NONE', #6392, #128 ) ;
#5901 = ORIENTED_EDGE ( 'NONE', *, *, #3751, .F. ) ;
#5902 = AXIS2_PLACEMENT_3D ( 'NONE', #3698, #6391, #6325 ) ;
#5903 = DIRECTION ( 'NONE',  ( 0.000000000000000000, 1.000000000000000000, 0.000000000000000000 ) ) ;
#5904 = VERTEX_POINT ( 'NONE', #2174 ) ;
#5905 = ORIENTED_EDGE ( 'NONE', *, *, #2068, .T. ) ;
#5906 = LINE ( 'NONE', #5397, #5857 ) ;
#5907 = AXIS2_PLACEMENT_3D ( 'NONE', #5438, #1815, #2277 ) ;
#5908 = CARTESIAN_POINT ( 'NONE',  ( 10.00000000000000178, 92.00000000000000000, -185.0000000000000000 ) ) ;
#5909 = VERTEX_POINT ( 'NONE', #4908 ) ;
#5910 = DIRECTION ( 'NONE',  ( -0.000000000000000000, -1.000000000000000000, -0.000000000000000000 ) ) ;
#5911 = AXIS2_PLACEMENT_3D ( 'NONE', #4575, #6781, #5142 ) ;
#5912 = ORIENTED_EDGE ( 'NONE', *, *, #5216, .T. ) ;
#5913 = PLANE ( 'NONE',  #6907 ) ;
#5914 = DIRECTION ( 'NONE',  ( 0.000000000000000000, 0.000000000000000000, -1.000000000000000000 ) ) ;
#5915 = VERTEX_POINT ( 'NONE', #2135 ) ;
#5916 = EDGE_CURVE ( 'NONE', #1644, #2119, #29, .T. ) ;
#5917 = EDGE_LOOP ( 'NONE', ( #2139, #3917, #563, #6564, #4376, #5256, #5654, #214 ) ) ;
#5918 = DIRECTION ( 'NONE',  ( 1.000000000000000000, 0.000000000000000000, 0.000000000000000000 ) ) ;
#5919 = FACE_OUTER_BOUND ( 'NONE', #1698, .T. ) ;
#5920 = EDGE_LOOP ( 'NONE', ( #559, #164, #6789, #1454 ) ) ;
#5921 = AXIS2_PLACEMENT_3D ( 'NONE', #1989, #4134, #6452 ) ;
#5922 = DIRECTION ( 'NONE',  ( 0.000000000000000000, 0.000000000000000000, 1.000000000000000000 ) ) ;
#5923 = EDGE_CURVE ( 'NONE', #3236, #3708, #127, .T. ) ;
#5924 = EDGE_CURVE ( 'NONE', #3740, #2549, #4740, .T. ) ;
#5925 = ORIENTED_EDGE ( 'NONE', *, *, #3876, .T. ) ;
#5926 = CARTESIAN_POINT ( 'NONE',  ( 5.000000000000004441, 17.50000000000002842, -178.0000000000000000 ) ) ;
#5927 = ORIENTED_EDGE ( 'NONE', *, *, #2401, .F. ) ;
#5928 = LINE ( 'NONE', #3838, #6779 ) ;
#5929 = LINE ( 'NONE', #1111, #6903 ) ;
#5930 = AXIS2_PLACEMENT_3D ( 'NONE', #3929, #2960, #6042 ) ;
#5931 = ADVANCED_FACE ( 'NONE', ( #3190 ), #2771, .F. ) ;
#5932 = VERTEX_POINT ( 'NONE', #509 ) ;
#5933 = CARTESIAN_POINT ( 'NONE',  ( 8.383419246269049552, 101.2999999999999972, -182.1999999999999886 ) ) ;
#5934 = DIRECTION ( 'NONE',  ( -0.4999999999999992784, 0.000000000000000000, 0.8660254037844390407 ) ) ;
#5935 = ORIENTED_EDGE ( 'NONE', *, *, #1077, .T. ) ;
#5936 = VERTEX_POINT ( 'NONE', #1091 ) ;
#5937 = CARTESIAN_POINT ( 'NONE',  ( 95.49999999999998579, 4.000000000000003553, -95.50000000000000000 ) ) ;
#5938 = CARTESIAN_POINT ( 'NONE',  ( 182.0000000000000000, 4.000000000000003553, -15.00000000000001421 ) ) ;
#5939 = CYLINDRICAL_SURFACE ( 'NONE', #1495, 1.000000000000000888 ) ;
#5940 = CONICAL_SURFACE ( 'NONE', #3947, 5.000000000000004441, 0.3490658503988609551 ) ;
#5941 = ORIENTED_EDGE ( 'NONE', *, *, #4290, .F. ) ;
#5942 = VERTEX_POINT ( 'NONE', #5293 ) ;
#5943 = VECTOR ( 'NONE', #2702, 999.9999999999997726 ) ;
#5944 = DIRECTION ( 'NONE',  ( 0.000000000000000000, 0.000000000000000000, 1.000000000000000000 ) ) ;
#5945 = DIRECTION ( 'NONE',  ( 0.000000000000000000, 1.000000000000000000, 0.000000000000000000 ) ) ;
#5946 = CARTESIAN_POINT ( 'NONE',  ( 98.49999999999995737, 282.7716446627535447, -189.0000000000000000 ) ) ;
#5947 = EDGE_CURVE ( 'NONE', #6343, #2429, #2633, .T. ) ;
#5948 = ORIENTED_EDGE ( 'NONE', *, *, #3683, .F. ) ;
#5949 = VECTOR ( 'NONE', #3750, 1000.000000000000114 ) ;
#5950 = CARTESIAN_POINT ( 'NONE',  ( 189.0000000000000000, 4.000000000000001776, -95.50000000000000000 ) ) ;
#5951 = DIRECTION ( 'NONE',  ( 1.438112726198389233E-16, -0.000000000000000000, 1.000000000000000000 ) ) ;
#5952 = AXIS2_PLACEMENT_3D ( 'NONE', #2220, #4358, #6489 ) ;
#5953 = VERTEX_POINT ( 'NONE', #4313 ) ;
#5954 = CARTESIAN_POINT ( 'NONE',  ( 95.49999999999998579, 4.000000000000003553, -96.50000000000000000 ) ) ;
#5955 = AXIS2_PLACEMENT_3D ( 'NONE', #1375, #2492, #1971 ) ;
#5956 = AXIS2_PLACEMENT_3D ( 'NONE', #4770, #6365, #3709 ) ;
#5957 = ORIENTED_EDGE ( 'NONE', *, *, #2439, .T. ) ;
#5958 = VECTOR ( 'NONE', #4522, 1000.000000000000000 ) ;
#5959 = VERTEX_POINT ( 'NONE', #61 ) ;
#5960 = VECTOR ( 'NONE', #2683, 1000.000000000000000 ) ;
#5961 = CARTESIAN_POINT ( 'NONE',  ( 192.0000000000000000, 107.0000000000000000, -3.000000000000000000 ) ) ;
#5962 = EDGE_CURVE ( 'NONE', #485, #5895, #2661, .T. ) ;
#5963 = CARTESIAN_POINT ( 'NONE',  ( 186.6165807537309433, 104.0000000000000000, -7.200000000000011724 ) ) ;
#5964 = ADVANCED_FACE ( 'NONE', ( #5362 ), #3064, .F. ) ;
#5965 = LINE ( 'NONE', #1734, #1915 ) ;
#5966 = EDGE_LOOP ( 'NONE', ( #5325, #692, #6601, #6893 ) ) ;
#5967 = CIRCLE ( 'NONE', #6881, 5.000000000000000888 ) ;
#5968 = DIRECTION ( 'NONE',  ( -1.438112726198388987E-16, -0.000000000000000000, -1.000000000000000000 ) ) ;
#5969 = DIRECTION ( 'NONE',  ( 0.000000000000000000, -1.000000000000000000, 0.000000000000000000 ) ) ;
#5970 = VERTEX_POINT ( 'NONE', #2696 ) ;
#5971 = ORIENTED_EDGE ( 'NONE', *, *, #629, .T. ) ;
#5972 = CARTESIAN_POINT ( 'NONE',  ( 98.49999999999997158, 4.000000000000003553, -95.50000000000000000 ) ) ;
#5973 = EDGE_CURVE ( 'NONE', #2574, #1848, #238, .T. ) ;
#5974 = FACE_OUTER_BOUND ( 'NONE', #5473, .T. ) ;
#5975 = CIRCLE ( 'NONE', #3531, 5.544119062935264353 ) ;
#5976 = CARTESIAN_POINT ( 'NONE',  ( 10.00000000000000178, 92.00000000000000000, -10.00000000000000888 ) ) ;
#5977 = CYLINDRICAL_SURFACE ( 'NONE', #1346, 1.750000000000001554 ) ;
#5978 = VERTEX_POINT ( 'NONE', #2955 ) ;
#5979 = FACE_BOUND ( 'NONE', #3631, .T. ) ;
#5980 = ORIENTED_EDGE ( 'NONE', *, *, #6502, .T. ) ;
#5981 = CYLINDRICAL_SURFACE ( 'NONE', #3444, 2.000000000000000000 ) ;
#5982 = CARTESIAN_POINT ( 'NONE',  ( 178.0000000000000000, 4.000000000000003553, -188.0000000000000000 ) ) ;
#5983 = CARTESIAN_POINT ( 'NONE',  ( 172.5000000000000284, 4.000000000000000000, -22.50000000000002132 ) ) ;
#5984 = EDGE_LOOP ( 'NONE', ( #3589, #3583, #4569, #4568 ) ) ;
#5985 = LINE ( 'NONE', #2252, #1727 ) ;
#5986 = FACE_OUTER_BOUND ( 'NONE', #2131, .T. ) ;
#5987 = ORIENTED_EDGE ( 'NONE', *, *, #6785, .F. ) ;
#5988 = EDGE_CURVE ( 'NONE', #6684, #5431, #2607, .T. ) ;
#5989 = VECTOR ( 'NONE', #5725, 1000.000000000000000 ) ;
#5990 = CARTESIAN_POINT ( 'NONE',  ( 170.8834192462691135, 3.000000000000000000, -25.30000000000006821 ) ) ;
#5991 = ORIENTED_EDGE ( 'NONE', *, *, #907, .F. ) ;
#5992 = FACE_BOUND ( 'NONE', #575, .T. ) ;
#5993 = ORIENTED_EDGE ( 'NONE', *, *, #2848, .T. ) ;
#5994 = FACE_OUTER_BOUND ( 'NONE', #5917, .T. ) ;
#5995 = CYLINDRICAL_SURFACE ( 'NONE', #4440, 5.000000000000000000 ) ;
#5996 = CARTESIAN_POINT ( 'NONE',  ( 95.49999999999998579, 7.000000000000006217, -96.50000000000000000 ) ) ;
#5997 = EDGE_LOOP ( 'NONE', ( #231, #6351, #5683, #262 ) ) ;
#5998 = DIRECTION ( 'NONE',  ( 0.000000000000000000, 0.000000000000000000, -1.000000000000000000 ) ) ;
#5999 = ADVANCED_FACE ( 'NONE', ( #201 ), #310, .F. ) ;
#6000 = DIRECTION ( 'NONE',  ( 0.000000000000000000, -1.000000000000000000, 0.000000000000000000 ) ) ;
#6001 = VERTEX_POINT ( 'NONE', #752 ) ;
#6002 = EDGE_LOOP ( 'NONE', ( #1387, #4940, #5722, #1263 ) ) ;
#6003 = VECTOR ( 'NONE', #4838, 1000.000000000000000 ) ;
#6004 = AXIS2_PLACEMENT_3D ( 'NONE', #4179, #317, #5140 ) ;
#6005 = CARTESIAN_POINT ( 'NONE',  ( 8.383419246269049552, 101.2999999999999972, -12.80000000000000604 ) ) ;
#6006 = DIRECTION ( 'NONE',  ( 0.000000000000000000, 0.000000000000000000, -1.000000000000000000 ) ) ;
#6007 = FACE_OUTER_BOUND ( 'NONE', #1247, .T. ) ;
#6008 = VECTOR ( 'NONE', #4024, 1000.000000000000000 ) ;
#6009 = EDGE_CURVE ( 'NONE', #857, #5537, #4395, .T. ) ;
#6010 = EDGE_CURVE ( 'NONE', #4547, #3731, #5577, .T. ) ;
#6011 = ORIENTED_EDGE ( 'NONE', *, *, #6777, .F. ) ;
#6012 = ORIENTED_EDGE ( 'NONE', *, *, #1869, .T. ) ;
#6013 = AXIS2_PLACEMENT_3D ( 'NONE', #4699, #6830, #2026 ) ;
#6014 = CARTESIAN_POINT ( 'NONE',  ( 22.49999999999995026, 7.000000000000000000, -170.7499999999999716 ) ) ;
#6015 = DIRECTION ( 'NONE',  ( 0.000000000000000000, -1.000000000000000000, 0.000000000000000000 ) ) ;
#6016 = CARTESIAN_POINT ( 'NONE',  ( 3.000000000000000000, 107.0000000000000000, -192.0000000000000000 ) ) ;
#6017 = EDGE_CURVE ( 'NONE', #2356, #4616, #5059, .T. ) ;
#6018 = VERTEX_POINT ( 'NONE', #271 ) ;
#6019 = FACE_OUTER_BOUND ( 'NONE', #5617, .T. ) ;
#6020 = CARTESIAN_POINT ( 'NONE',  ( 0.000000000000000000, 3.000000000000000000, 0.000000000000000000 ) ) ;
#6021 = ORIENTED_EDGE ( 'NONE', *, *, #2458, .F. ) ;
#6022 = CARTESIAN_POINT ( 'NONE',  ( 5.000000000000004441, 12.50000000000002842, -22.00000000000000355 ) ) ;
#6023 = ORIENTED_EDGE ( 'NONE', *, *, #985, .F. ) ;
#6024 = EDGE_LOOP ( 'NONE', ( #6023, #5679, #3209, #6615 ) ) ;
#6025 = TOROIDAL_SURFACE ( 'NONE', #2124, 3.000000000000000000, 1.000000000000000000 ) ;
#6026 = DIRECTION ( 'NONE',  ( -0.000000000000000000, 1.000000000000000000, -0.000000000000000000 ) ) ;
#6027 = ORIENTED_EDGE ( 'NONE', *, *, #5761, .F. ) ;
#6028 = CARTESIAN_POINT ( 'NONE',  ( 5.999999999999998224, 4.000000000000001776, -95.50000000000000000 ) ) ;
#6029 = CYLINDRICAL_SURFACE ( 'NONE', #5187, 5.000000000000004441 ) ;
#6030 = CARTESIAN_POINT ( 'NONE',  ( 96.50000000000000000, 4.000000000000003553, -6.000000000000005329 ) ) ;
#6031 = ORIENTED_EDGE ( 'NONE', *, *, #5221, .T. ) ;
#6032 = ADVANCED_FACE ( 'NONE', ( #3889 ), #6117, .F. ) ;
#6033 = DIRECTION ( 'NONE',  ( 0.000000000000000000, -1.000000000000000000, 0.000000000000000000 ) ) ;
#6034 = LINE ( 'NONE', #1255, #5849 ) ;
#6035 = AXIS2_PLACEMENT_3D ( 'NONE', #5330, #5910, #2740 ) ;
#6036 = VERTEX_POINT ( 'NONE', #677 ) ;
#6037 = VERTEX_POINT ( 'NONE', #6583 ) ;
#6038 = FACE_OUTER_BOUND ( 'NONE', #2395, .T. ) ;
#6039 = CARTESIAN_POINT ( 'NONE',  ( 8.383419246269063763, 101.2999999999999972, -7.200000000000011724 ) ) ;
#6040 = DIRECTION ( 'NONE',  ( 0.000000000000000000, 0.000000000000000000, 1.000000000000000000 ) ) ;
#6041 = CARTESIAN_POINT ( 'NONE',  ( 99.49999999999997158, 7.000000000000006217, -95.50000000000000000 ) ) ;
#6042 = DIRECTION ( 'NONE',  ( 0.000000000000000000, 0.000000000000000000, -1.000000000000000000 ) ) ;
#6043 = VERTEX_POINT ( 'NONE', #2348 ) ;
#6044 = VERTEX_POINT ( 'NONE', #1261 ) ;
#6045 = DIRECTION ( 'NONE',  ( 1.453678890483358486E-17, 0.000000000000000000, 1.000000000000000000 ) ) ;
#6046 = CARTESIAN_POINT ( 'NONE',  ( 10.00000000000000178, 92.00000000000000000, -186.7500000000000000 ) ) ;
#6047 = EDGE_CURVE ( 'NONE', #2530, #1324, #4082, .T. ) ;
#6048 = EDGE_CURVE ( 'NONE', #144, #3195, #4491, .T. ) ;
#6049 = CIRCLE ( 'NONE', #3823, 5.000000000000004441 ) ;
#6050 = DIRECTION ( 'NONE',  ( 0.000000000000000000, 0.000000000000000000, -1.000000000000000000 ) ) ;
#6051 = ORIENTED_EDGE ( 'NONE', *, *, #4315, .T. ) ;
#6052 = CARTESIAN_POINT ( 'NONE',  ( 185.0000000000000000, 104.0000000000000000, -185.0000000000000000 ) ) ;
#6053 = VECTOR ( 'NONE', #69, 1000.000000000000000 ) ;
#6054 = CARTESIAN_POINT ( 'NONE',  ( 10.00000000000000178, 101.2999999999999972, -10.00000000000000888 ) ) ;
#6055 = ORIENTED_EDGE ( 'NONE', *, *, #2223, .F. ) ;
#6056 = VECTOR ( 'NONE', #305, 1000.000000000000000 ) ;
#6057 = LINE ( 'NONE', #1910, #4971 ) ;
#6058 = ADVANCED_FACE ( 'NONE', ( #6662 ), #1857, .F. ) ;
#6059 = LINE ( 'NONE', #6715, #4915 ) ;
#6060 = DIRECTION ( 'NONE',  ( -0.000000000000000000, 1.000000000000000000, -0.000000000000000000 ) ) ;
#6061 = CIRCLE ( 'NONE', #4967, 1.750000000000001554 ) ;
#6062 = ORIENTED_EDGE ( 'NONE', *, *, #1824, .T. ) ;
#6063 = VECTOR ( 'NONE', #729, 1000.000000000000000 ) ;
#6064 = ORIENTED_EDGE ( 'NONE', *, *, #4115, .F. ) ;
#6065 = VECTOR ( 'NONE', #3602, 1000.000000000000000 ) ;
#6066 = FACE_OUTER_BOUND ( 'NONE', #2202, .T. ) ;
#6067 = DIRECTION ( 'NONE',  ( 0.000000000000000000, 0.000000000000000000, -1.000000000000000000 ) ) ;
#6068 = AXIS2_PLACEMENT_3D ( 'NONE', #5465, #5360, #577 ) ;
#6069 = DIRECTION ( 'NONE',  ( -0.000000000000000000, -1.000000000000000000, -0.000000000000000000 ) ) ;
#6070 = VERTEX_POINT ( 'NONE', #2276 ) ;
#6071 = AXIS2_PLACEMENT_3D ( 'NONE', #4481, #1402, #4631 ) ;
#6072 = LINE ( 'NONE', #1298, #4535 ) ;
#6073 = AXIS2_PLACEMENT_3D ( 'NONE', #6894, #4669, #4726 ) ;
#6074 = DIRECTION ( 'NONE',  ( -0.000000000000000000, -1.000000000000000000, 0.000000000000000000 ) ) ;
#6075 = ORIENTED_EDGE ( 'NONE', *, *, #2390, .T. ) ;
#6076 = ORIENTED_EDGE ( 'NONE', *, *, #5266, .T. ) ;
#6077 = CARTESIAN_POINT ( 'NONE',  ( 187.2944047413413955, 93.00000000000000000, -22.00000000000000355 ) ) ;
#6078 = DIRECTION ( 'NONE',  ( -0.000000000000000000, -1.000000000000000000, -0.000000000000000000 ) ) ;
#6079 = EDGE_CURVE ( 'NONE', #4137, #3201, #4415, .T. ) ;
#6080 = DIRECTION ( 'NONE',  ( 0.8660254037844390407, -0.000000000000000000, 0.4999999999999992784 ) ) ;
#6081 = AXIS2_PLACEMENT_3D ( 'NONE', #3452, #1214, #2942 ) ;
#6082 = CARTESIAN_POINT ( 'NONE',  ( 4.999999999999998224, 4.000000000000003553, -98.49999999999992895 ) ) ;
#6083 = EDGE_LOOP ( 'NONE', ( #2194, #4296, #4433, #2431 ) ) ;
#6084 = ORIENTED_EDGE ( 'NONE', *, *, #5154, .F. ) ;
#6085 =( NAMED_UNIT ( * ) PLANE_ANGLE_UNIT ( ) SI_UNIT ( $, .RADIAN. ) );
#6086 = TOROIDAL_SURFACE ( 'NONE', #2532, 7.700207538209768998, 1.000000000000000000 ) ;
#6087 = VERTEX_POINT ( 'NONE', #6548 ) ;
#6088 = FACE_BOUND ( 'NONE', #3506, .T. ) ;
#6089 = DIRECTION ( 'NONE',  ( 0.000000000000000000, -1.000000000000000000, 0.000000000000000000 ) ) ;
#6090 = CARTESIAN_POINT ( 'NONE',  ( 190.0000000000000000, 0.000000000000000000, -194.5000000000000000 ) ) ;
#6091 = DIRECTION ( 'NONE',  ( 0.000000000000000000, -1.000000000000000000, 0.000000000000000000 ) ) ;
#6092 = CARTESIAN_POINT ( 'NONE',  ( 8.000000000000000000, 110.0000000000000000, -192.0000000000000000 ) ) ;
#6093 = EDGE_CURVE ( 'NONE', #3981, #4554, #5614, .T. ) ;
#6094 = ADVANCED_FACE ( 'NONE', ( #6007 ), #3354, .F. ) ;
#6095 = DIRECTION ( 'NONE',  ( 0.000000000000000000, 1.000000000000000000, 0.000000000000000000 ) ) ;
#6096 = VERTEX_POINT ( 'NONE', #2840 ) ;
#6097 = LINE ( 'NONE', #840, #725 ) ;
#6098 = CARTESIAN_POINT ( 'NONE',  ( 188.2331615074618867, 101.2999999999999972, -10.00000000000003730 ) ) ;
#6099 = ORIENTED_EDGE ( 'NONE', *, *, #6244, .T. ) ;
#6100 = ORIENTED_EDGE ( 'NONE', *, *, #1952, .T. ) ;
#6101 = EDGE_CURVE ( 'NONE', #1663, #3339, #3966, .T. ) ;
#6102 = EDGE_CURVE ( 'NONE', #1394, #6530, #1306, .T. ) ;
#6103 = EDGE_LOOP ( 'NONE', ( #1809, #1240, #1520, #1094 ) ) ;
#6104 = DIRECTION ( 'NONE',  ( 1.000000000000000000, 0.000000000000000000, 0.000000000000000000 ) ) ;
#6105 = LINE ( 'NONE', #5669, #4779 ) ;
#6106 = DIRECTION ( 'NONE',  ( -0.5000000000000013323, 0.000000000000000000, 0.8660254037844380415 ) ) ;
#6107 = FACE_OUTER_BOUND ( 'NONE', #624, .T. ) ;
#6108 = VECTOR ( 'NONE', #6687, 1000.000000000000000 ) ;
#6109 = ORIENTED_EDGE ( 'NONE', *, *, #3447, .F. ) ;
#6110 = PLANE ( 'NONE',  #1504 ) ;
#6111 = EDGE_CURVE ( 'NONE', #4797, #3545, #2969, .T. ) ;
#6112 = FACE_OUTER_BOUND ( 'NONE', #4173, .T. ) ;
#6113 = EDGE_LOOP ( 'NONE', ( #348, #6160, #5556, #6763, #4765, #1331, #3370, #5163, #4118, #3021 ) ) ;
#6114 = ORIENTED_EDGE ( 'NONE', *, *, #3840, .T. ) ;
#6115 = PLANE ( 'NONE',  #6419 ) ;
#6116 = CARTESIAN_POINT ( 'NONE',  ( 172.5000000000000284, 7.000000000000000000, -20.74999999999997868 ) ) ;
#6117 = CYLINDRICAL_SURFACE ( 'NONE', #5412, 1.000000000000000888 ) ;
#6118 = ORIENTED_EDGE ( 'NONE', *, *, #3447, .T. ) ;
#6119 = CIRCLE ( 'NONE', #776, 1.000000000000000888 ) ;
#6120 = ORIENTED_EDGE ( 'NONE', *, *, #2958, .T. ) ;
#6121 = ORIENTED_EDGE ( 'NONE', *, *, #2447, .T. ) ;
#6122 = LINE ( 'NONE', #6014, #5346 ) ;
#6123 = DIRECTION ( 'NONE',  ( 0.000000000000000000, 0.000000000000000000, -1.000000000000000000 ) ) ;
#6124 = VECTOR ( 'NONE', #3464, 1000.000000000000000 ) ;
#6125 = CIRCLE ( 'NONE', #6241, 1.750000000000001554 ) ;
#6126 = CARTESIAN_POINT ( 'NONE',  ( 182.0000000000000000, 3.000000000000000000, -182.0000000000000000 ) ) ;
#6127 = DIRECTION ( 'NONE',  ( 0.000000000000000000, -1.000000000000000000, 0.000000000000000000 ) ) ;
#6128 = EDGE_CURVE ( 'NONE', #6586, #4757, #2509, .T. ) ;
#6129 = AXIS2_PLACEMENT_3D ( 'NONE', #20, #3738, #3211 ) ;
#6130 = CARTESIAN_POINT ( 'NONE',  ( 178.0000000000000000, 121.1421356237309510, -188.0000000000000000 ) ) ;
#6131 = DIRECTION ( 'NONE',  ( 0.000000000000000000, 0.000000000000000000, -1.000000000000000000 ) ) ;
#6132 = ORIENTED_EDGE ( 'NONE', *, *, #4900, .F. ) ;
#6133 = CARTESIAN_POINT ( 'NONE',  ( 95.49999999999998579, 4.000000000000003553, -96.50000000000000000 ) ) ;
#6134 = LINE ( 'NONE', #3306, #566 ) ;
#6135 = AXIS2_PLACEMENT_3D ( 'NONE', #4553, #6683, #845 ) ;
#6136 = ADVANCED_FACE ( 'NONE', ( #6769 ), #1412, .F. ) ;
#6137 = ORIENTED_EDGE ( 'NONE', *, *, #1062, .F. ) ;
#6138 = VERTEX_POINT ( 'NONE', #4112 ) ;
#6139 = VECTOR ( 'NONE', #2541, 1000.000000000000114 ) ;
#6140 = PLANE ( 'NONE',  #3749 ) ;
#6141 = DIRECTION ( 'NONE',  ( 0.000000000000000000, 1.000000000000000000, 0.000000000000000000 ) ) ;
#6142 = DIRECTION ( 'NONE',  ( 1.000000000000000000, -0.000000000000000000, -0.000000000000000000 ) ) ;
#6143 = EDGE_CURVE ( 'NONE', #4274, #980, #5196, .T. ) ;
#6144 = ADVANCED_FACE ( 'NONE', ( #2525 ), #1441, .F. ) ;
#6145 = CYLINDRICAL_SURFACE ( 'NONE', #4260, 1.000000000000000888 ) ;
#6146 = VERTEX_POINT ( 'NONE', #342 ) ;
#6147 = CARTESIAN_POINT ( 'NONE',  ( 192.0000000000000000, 110.0000000000000000, -3.000000000000000000 ) ) ;
#6148 = FACE_OUTER_BOUND ( 'NONE', #2330, .T. ) ;
#6149 = ORIENTED_EDGE ( 'NONE', *, *, #3127, .T. ) ;
#6150 = VERTEX_POINT ( 'NONE', #2994 ) ;
#6151 = DIRECTION ( 'NONE',  ( -0.000000000000000000, 1.000000000000000000, -0.000000000000000000 ) ) ;
#6152 = VECTOR ( 'NONE', #2451, 1000.000000000000000 ) ;
#6153 = CARTESIAN_POINT ( 'NONE',  ( 185.0000000000000000, 92.00000000000000000, -185.0000000000000000 ) ) ;
#6154 = DIRECTION ( 'NONE',  ( 1.438112726198388987E-16, 0.000000000000000000, 1.000000000000000000 ) ) ;
#6155 = EDGE_CURVE ( 'NONE', #2530, #5358, #3843, .T. ) ;
#6156 = AXIS2_PLACEMENT_3D ( 'NONE', #2361, #2402, #2782 ) ;
#6157 = ORIENTED_EDGE ( 'NONE', *, *, #1010, .T. ) ;
#6158 = DIRECTION ( 'NONE',  ( 0.000000000000000000, -0.7071067811865672237, -0.7071067811865279218 ) ) ;
#6159 = ORIENTED_EDGE ( 'NONE', *, *, #2208, .F. ) ;
#6160 = ORIENTED_EDGE ( 'NONE', *, *, #6803, .T. ) ;
#6161 = DIRECTION ( 'NONE',  ( 0.000000000000000000, 0.000000000000000000, -1.000000000000000000 ) ) ;
#6162 = PLANE ( 'NONE',  #6290 ) ;
#6163 = EDGE_CURVE ( 'NONE', #594, #392, #951, .T. ) ;
#6164 = CARTESIAN_POINT ( 'NONE',  ( 187.0000000000000000, 107.0000000000000000, -192.0000000000000000 ) ) ;
#6165 = DIRECTION ( 'NONE',  ( 0.000000000000000000, -1.000000000000000000, -0.000000000000000000 ) ) ;
#6166 = CYLINDRICAL_SURFACE ( 'NONE', #3161, 1.000000000000000888 ) ;
#6167 = VERTEX_POINT ( 'NONE', #891 ) ;
#6168 = VECTOR ( 'NONE', #3352, 1000.000000000000000 ) ;
#6169 = DIRECTION ( 'NONE',  ( -0.000000000000000000, 1.000000000000000000, -0.000000000000000000 ) ) ;
#6170 = ADVANCED_FACE ( 'NONE', ( #5166, #375 ), #6225, .T. ) ;
#6171 = DIRECTION ( 'NONE',  ( 0.000000000000000000, 0.000000000000000000, -1.000000000000000000 ) ) ;
#6172 = ORIENTED_EDGE ( 'NONE', *, *, #5468, .T. ) ;
#6173 = AXIS2_PLACEMENT_3D ( 'NONE', #1068, #134, #6482 ) ;
#6174 = CARTESIAN_POINT ( 'NONE',  ( 10.00000000000000178, 107.0000000000000000, -183.2500000000000000 ) ) ;
#6175 = EDGE_LOOP ( 'NONE', ( #2438, #5458, #682, #5225 ) ) ;
#6176 = LINE ( 'NONE', #460, #4422 ) ;
#6177 = PLANE ( 'NONE',  #438 ) ;
#6178 = CARTESIAN_POINT ( 'NONE',  ( 187.2944047413413955, 12.50000000000002842, -17.00000000000000000 ) ) ;
#6179 = VECTOR ( 'NONE', #3031, 1000.000000000000000 ) ;
#6180 = EDGE_CURVE ( 'NONE', #1459, #2693, #1389, .T. ) ;
#6181 = VECTOR ( 'NONE', #2168, 1000.000000000000000 ) ;
#6182 = FACE_OUTER_BOUND ( 'NONE', #2343, .T. ) ;
#6183 = ORIENTED_EDGE ( 'NONE', *, *, #1136, .F. ) ;
#6184 = DIRECTION ( 'NONE',  ( 1.000000000000000000, -0.000000000000000000, -0.000000000000000000 ) ) ;
#6185 = AXIS2_PLACEMENT_3D ( 'NONE', #6196, #3539, #5677 ) ;
#6186 = DIRECTION ( 'NONE',  ( 0.000000000000000000, -1.000000000000000000, 0.000000000000000000 ) ) ;
#6187 = EDGE_LOOP ( 'NONE', ( #4506, #706, #1948, #3804 ) ) ;
#6188 = ORIENTED_EDGE ( 'NONE', *, *, #5794, .F. ) ;
#6189 = EDGE_CURVE ( 'NONE', #2592, #957, #2974, .T. ) ;
#6190 = EDGE_CURVE ( 'NONE', #3761, #6018, #2441, .T. ) ;
#6191 = CIRCLE ( 'NONE', #4066, 5.544119062935254583 ) ;
#6192 = CARTESIAN_POINT ( 'NONE',  ( 3.000000000000000000, 107.0000000000000000, -187.0000000000000000 ) ) ;
#6193 = DIRECTION ( 'NONE',  ( 0.000000000000000000, -1.000000000000000000, 0.000000000000000000 ) ) ;
#6194 = CARTESIAN_POINT ( 'NONE',  ( 15.00000000000000000, 104.0000000000000000, -7.200000000000011724 ) ) ;
#6195 = EDGE_CURVE ( 'NONE', #2083, #1852, #5664, .T. ) ;
#6196 = CARTESIAN_POINT ( 'NONE',  ( 99.49999999999995737, 4.000000000000003553, -189.0000000000000000 ) ) ;
#6197 = AXIS2_PLACEMENT_3D ( 'NONE', #4758, #16, #1046 ) ;
#6198 = CARTESIAN_POINT ( 'NONE',  ( 188.2331615074618867, 104.0000000000000000, -10.00000000000003730 ) ) ;
#6199 = ORIENTED_EDGE ( 'NONE', *, *, #5724, .T. ) ;
#6200 = FACE_OUTER_BOUND ( 'NONE', #6776, .T. ) ;
#6201 = VERTEX_POINT ( 'NONE', #3984 ) ;
#6202 = EDGE_CURVE ( 'NONE', #3026, #5639, #4748, .T. ) ;
#6203 = CIRCLE ( 'NONE', #4301, 1.000000000000000888 ) ;
#6204 = ORIENTED_EDGE ( 'NONE', *, *, #5672, .T. ) ;
#6205 = CARTESIAN_POINT ( 'NONE',  ( 178.0000000000000000, 4.000000000000003553, -190.0000000000000000 ) ) ;
#6206 = AXIS2_PLACEMENT_3D ( 'NONE', #567, #5424, #1147 ) ;
#6207 = CARTESIAN_POINT ( 'NONE',  ( 99.49999999999997158, 282.7716446627535447, -99.49999999999997158 ) ) ;
#6208 = DIRECTION ( 'NONE',  ( 1.000000000000000000, 0.000000000000000000, 0.000000000000000000 ) ) ;
#6209 = VECTOR ( 'NONE', #944, 1000.000000000000000 ) ;
#6210 = FACE_OUTER_BOUND ( 'NONE', #6882, .T. ) ;
#6211 = CARTESIAN_POINT ( 'NONE',  ( 4.999999999999997335, 4.000000000000003553, -187.0000000000000000 ) ) ;
#6212 = ORIENTED_EDGE ( 'NONE', *, *, #5064, .T. ) ;
#6213 = DIRECTION ( 'NONE',  ( 0.000000000000000000, 0.000000000000000000, -1.000000000000000000 ) ) ;
#6214 = AXIS2_PLACEMENT_3D ( 'NONE', #2036, #2010, #4775 ) ;
#6215 = DIRECTION ( 'NONE',  ( -0.000000000000000000, -1.000000000000000000, -0.000000000000000000 ) ) ;
#6216 = ORIENTED_EDGE ( 'NONE', *, *, #2958, .F. ) ;
#6217 = DIRECTION ( 'NONE',  ( -1.438112726198388987E-16, -0.000000000000000000, -1.000000000000000000 ) ) ;
#6218 = CARTESIAN_POINT ( 'NONE',  ( 25.73316150746181208, 3.000000000000000000, -172.5000000000000284 ) ) ;
#6219 = LINE ( 'NONE', #299, #1237 ) ;
#6220 = ORIENTED_EDGE ( 'NONE', *, *, #6190, .F. ) ;
#6221 = LINE ( 'NONE', #4559, #5748 ) ;
#6222 = EDGE_LOOP ( 'NONE', ( #5043, #4168, #1051, #6399 ) ) ;
#6223 = DIRECTION ( 'NONE',  ( 0.000000000000000000, -1.000000000000000000, 0.000000000000000000 ) ) ;
#6224 = CARTESIAN_POINT ( 'NONE',  ( 187.0000000000000000, 4.000000000000003553, -190.0000000000000000 ) ) ;
#6225 = PLANE ( 'NONE',  #5846 ) ;
#6226 = CONICAL_SURFACE ( 'NONE', #4123, 5.000000000000018652, 0.3490658503988620098 ) ;
#6227 = EDGE_CURVE ( 'NONE', #6866, #6228, #1283, .T. ) ;
#6228 = VERTEX_POINT ( 'NONE', #5150 ) ;
#6229 = FACE_OUTER_BOUND ( 'NONE', #5382, .T. ) ;
#6230 = VERTEX_POINT ( 'NONE', #6640 ) ;
#6231 = VECTOR ( 'NONE', #2210, 1000.000000000000000 ) ;
#6232 = CARTESIAN_POINT ( 'NONE',  ( 189.0000000000000000, 4.000000000000000000, -17.00000000000001421 ) ) ;
#6233 = DIRECTION ( 'NONE',  ( -0.000000000000000000, 1.000000000000000000, -0.000000000000000000 ) ) ;
#6234 = FACE_OUTER_BOUND ( 'NONE', #6418, .T. ) ;
#6235 = LINE ( 'NONE', #1944, #678 ) ;
#6236 = EDGE_CURVE ( 'NONE', #411, #2704, #4582, .T. ) ;
#6237 = EDGE_CURVE ( 'NONE', #1248, #3761, #6057, .T. ) ;
#6238 = CARTESIAN_POINT ( 'NONE',  ( 7.000000000000000000, 4.000000000000003553, -15.00000000000001421 ) ) ;
#6239 = ORIENTED_EDGE ( 'NONE', *, *, #3008, .F. ) ;
#6240 = VECTOR ( 'NONE', #1029, 1000.000000000000000 ) ;
#6241 = AXIS2_PLACEMENT_3D ( 'NONE', #1121, #1641, #578 ) ;
#6242 = DIRECTION ( 'NONE',  ( 0.000000000000000000, 0.000000000000000000, -1.000000000000000000 ) ) ;
#6243 = CARTESIAN_POINT ( 'NONE',  ( 182.0000000000000000, 121.1421356237309510, -180.0000000000000000 ) ) ;
#6244 = EDGE_CURVE ( 'NONE', #3696, #4547, #3729, .T. ) ;
#6245 = VERTEX_POINT ( 'NONE', #2473 ) ;
#6246 = LINE ( 'NONE', #6317, #2631 ) ;
#6247 = VECTOR ( 'NONE', #6896, 1000.000000000000000 ) ;
#6248 = DIRECTION ( 'NONE',  ( 0.000000000000000000, 1.000000000000000000, 0.000000000000000000 ) ) ;
#6249 = EDGE_CURVE ( 'NONE', #3285, #4817, #6097, .T. ) ;
#6250 = DIRECTION ( 'NONE',  ( -0.000000000000000000, -1.000000000000000000, -0.000000000000000000 ) ) ;
#6251 = ORIENTED_EDGE ( 'NONE', *, *, #995, .F. ) ;
#6252 = DIRECTION ( 'NONE',  ( -3.469446951953621091E-16, 0.000000000000000000, 1.000000000000000000 ) ) ;
#6253 = CIRCLE ( 'NONE', #130, 5.544119062935254583 ) ;
#6254 = ORIENTED_EDGE ( 'NONE', *, *, #1601, .F. ) ;
#6255 = DIRECTION ( 'NONE',  ( 0.000000000000000000, 1.000000000000000000, 0.000000000000000000 ) ) ;
#6256 = CARTESIAN_POINT ( 'NONE',  ( 172.5000000000000284, 7.000000000000000000, -172.5000000000000284 ) ) ;
#6257 = CARTESIAN_POINT ( 'NONE',  ( 178.0000000000000000, 3.000000000000000000, -188.0000000000000000 ) ) ;
#6258 = CARTESIAN_POINT ( 'NONE',  ( 172.5000000000000284, 7.000000000000000000, -172.5000000000000284 ) ) ;
#6259 = AXIS2_PLACEMENT_3D ( 'NONE', #5501, #4079, #4639 ) ;
#6260 = LINE ( 'NONE', #6198, #1677 ) ;
#6261 = ORIENTED_EDGE ( 'NONE', *, *, #1184, .F. ) ;
#6262 = FACE_OUTER_BOUND ( 'NONE', #6, .T. ) ;
#6263 = LINE ( 'NONE', #5651, #5622 ) ;
#6264 = TOROIDAL_SURFACE ( 'NONE', #5921, 7.700207538209747682, 1.000000000000000000 ) ;
#6265 = ORIENTED_EDGE ( 'NONE', *, *, #3240, .T. ) ;
#6266 = ORIENTED_EDGE ( 'NONE', *, *, #3937, .T. ) ;
#6267 = LINE ( 'NONE', #964, #6301 ) ;
#6268 = DIRECTION ( 'NONE',  ( -2.876225452396778467E-16, 0.000000000000000000, -1.000000000000000000 ) ) ;
#6269 = CARTESIAN_POINT ( 'NONE',  ( 195.0000000000000000, 0.5000000000000281997, -190.0000000000000000 ) ) ;
#6270 = CARTESIAN_POINT ( 'NONE',  ( 3.000000000000000000, 110.0000000000000000, -3.000000000000000000 ) ) ;
#6271 = VERTEX_POINT ( 'NONE', #1318 ) ;
#6272 = AXIS2_PLACEMENT_3D ( 'NONE', #3468, #1898, #3968 ) ;
#6273 = EDGE_CURVE ( 'NONE', #3267, #6544, #4618, .T. ) ;
#6274 = ADVANCED_FACE ( 'NONE', ( #1794 ), #5558, .T. ) ;
#6275 = DIRECTION ( 'NONE',  ( -0.000000000000000000, -1.000000000000000000, -0.000000000000000000 ) ) ;
#6276 = DIRECTION ( 'NONE',  ( 1.453678890483358486E-17, 0.000000000000000000, 1.000000000000000000 ) ) ;
#6277 = ORIENTED_EDGE ( 'NONE', *, *, #2389, .F. ) ;
#6278 = DIRECTION ( 'NONE',  ( -2.876225452396778467E-16, 0.000000000000000000, -1.000000000000000000 ) ) ;
#6279 = ADVANCED_FACE ( 'NONE', ( #3943 ), #4507, .F. ) ;
#6280 = DIRECTION ( 'NONE',  ( 1.000000000000000000, -0.000000000000000000, -0.000000000000000000 ) ) ;
#6281 = VECTOR ( 'NONE', #2364, 1000.000000000000000 ) ;
#6282 = ORIENTED_EDGE ( 'NONE', *, *, #435, .T. ) ;
#6283 = CARTESIAN_POINT ( 'NONE',  ( 16.00000000000000000, 3.000000000000000000, -7.000000000000000000 ) ) ;
#6284 = ORIENTED_EDGE ( 'NONE', *, *, #4969, .F. ) ;
#6285 = CIRCLE ( 'NONE', #1264, 1.000000000000000000 ) ;
#6286 = DIRECTION ( 'NONE',  ( 0.000000000000000000, 0.000000000000000000, -1.000000000000000000 ) ) ;
#6287 = DIRECTION ( 'NONE',  ( -3.469446951953621091E-16, -0.000000000000000000, -1.000000000000000000 ) ) ;
#6288 = LINE ( 'NONE', #570, #2913 ) ;
#6289 = ORIENTED_EDGE ( 'NONE', *, *, #3557, .F. ) ;
#6290 = AXIS2_PLACEMENT_3D ( 'NONE', #5141, #2283, #6553 ) ;
#6291 = DIRECTION ( 'NONE',  ( 1.453678890483358486E-17, 0.000000000000000000, 1.000000000000000000 ) ) ;
#6292 = VECTOR ( 'NONE', #1175, 1000.000000000000000 ) ;
#6293 = DIRECTION ( 'NONE',  ( 1.000000000000000000, 0.000000000000000000, 0.000000000000000000 ) ) ;
#6294 = ORIENTED_EDGE ( 'NONE', *, *, #5182, .T. ) ;
#6295 = ORIENTED_EDGE ( 'NONE', *, *, #6568, .F. ) ;
#6296 = CARTESIAN_POINT ( 'NONE',  ( 22.49999999999995026, 3.000000000000000000, -30.20020753820981696 ) ) ;
#6297 = EDGE_CURVE ( 'NONE', #5978, #6428, #617, .T. ) ;
#6298 = VECTOR ( 'NONE', #1951, 1000.000000000000227 ) ;
#6299 = DIRECTION ( 'NONE',  ( 0.000000000000000000, -0.000000000000000000, 1.000000000000000000 ) ) ;
#6300 = CARTESIAN_POINT ( 'NONE',  ( 10.00000000000000178, 104.0000000000000000, -185.0000000000000000 ) ) ;
#6301 = VECTOR ( 'NONE', #2067, 1000.000000000000000 ) ;
#6302 = VECTOR ( 'NONE', #6891, 999.9999999999998863 ) ;
#6303 = FACE_OUTER_BOUND ( 'NONE', #5667, .T. ) ;
#6304 = CONICAL_SURFACE ( 'NONE', #1286, 4.500000000000003553, 0.7853981633974161936 ) ;
#6305 = VERTEX_POINT ( 'NONE', #251 ) ;
#6306 = ADVANCED_FACE ( 'NONE', ( #2328 ), #5074, .F. ) ;
#6307 = DIRECTION ( 'NONE',  ( -1.000000000000000000, 0.000000000000000000, -0.000000000000000000 ) ) ;
#6308 = CARTESIAN_POINT ( 'NONE',  ( 172.5000000000000284, 4.000000000000000000, -172.5000000000000284 ) ) ;
#6309 = AXIS2_PLACEMENT_3D ( 'NONE', #3137, #1988, #6851 ) ;
#6310 = VERTEX_POINT ( 'NONE', #1835 ) ;
#6311 = ADVANCED_FACE ( 'NONE', ( #5593 ), #287, .F. ) ;
#6312 = EDGE_CURVE ( 'NONE', #2605, #5016, #3396, .T. ) ;
#6313 = VERTEX_POINT ( 'NONE', #163 ) ;
#6314 = CARTESIAN_POINT ( 'NONE',  ( 0.000000000000000000, 17.50000000000002842, -173.0000000000000000 ) ) ;
#6315 = ORIENTED_EDGE ( 'NONE', *, *, #1374, .T. ) ;
#6316 = AXIS2_PLACEMENT_3D ( 'NONE', #6052, #1277, #3477 ) ;
#6317 = CARTESIAN_POINT ( 'NONE',  ( 180.0000000000000000, 121.1421356237309510, -182.0000000000000000 ) ) ;
#6318 = FACE_OUTER_BOUND ( 'NONE', #1793, .T. ) ;
#6319 = EDGE_CURVE ( 'NONE', #4032, #6713, #3787, .T. ) ;
#6320 = EDGE_CURVE ( 'NONE', #5384, #6456, #6701, .T. ) ;
#6321 = ORIENTED_EDGE ( 'NONE', *, *, #5619, .T. ) ;
#6322 = DIRECTION ( 'NONE',  ( -0.000000000000000000, -0.000000000000000000, 1.000000000000000000 ) ) ;
#6323 = EDGE_LOOP ( 'NONE', ( #6183, #370, #5278, #1344 ) ) ;
#6324 = CARTESIAN_POINT ( 'NONE',  ( 187.0000000000000000, 107.0000000000000000, -3.000000000000000000 ) ) ;
#6325 = DIRECTION ( 'NONE',  ( 0.000000000000000000, 0.000000000000000000, 1.000000000000000000 ) ) ;
#6326 = CARTESIAN_POINT ( 'NONE',  ( 188.0000000000000000, 106.9999999999999858, -178.0000000000000000 ) ) ;
#6327 = EDGE_CURVE ( 'NONE', #5267, #4432, #6329, .T. ) ;
#6328 = ORIENTED_EDGE ( 'NONE', *, *, #3001, .T. ) ;
#6329 = LINE ( 'NONE', #990, #6065 ) ;
#6330 = DIRECTION ( 'NONE',  ( 0.000000000000000000, 1.000000000000000000, 0.000000000000000000 ) ) ;
#6331 = ORIENTED_EDGE ( 'NONE', *, *, #1414, .F. ) ;
#6332 = VERTEX_POINT ( 'NONE', #3113 ) ;
#6333 = CARTESIAN_POINT ( 'NONE',  ( 17.00000000000000000, 4.000000000000003553, -6.999999999999999112 ) ) ;
#6334 = DIRECTION ( 'NONE',  ( 1.000000000000000000, 0.000000000000000000, 0.000000000000000000 ) ) ;
#6335 = DIRECTION ( 'NONE',  ( 0.000000000000000000, 0.000000000000000000, 1.000000000000000000 ) ) ;
#6336 = DIRECTION ( 'NONE',  ( -0.5000000000000012212, 0.000000000000000000, -0.8660254037844379305 ) ) ;
#6337 = CARTESIAN_POINT ( 'NONE',  ( 182.0000000000000000, 4.000000000000003553, -16.00000000000001421 ) ) ;
#6338 = EDGE_LOOP ( 'NONE', ( #5060, #6479 ) ) ;
#6339 = DIRECTION ( 'NONE',  ( -1.000000000000000000, 0.000000000000000000, 0.000000000000000000 ) ) ;
#6340 = DIRECTION ( 'NONE',  ( 0.000000000000000000, 0.000000000000000000, 1.000000000000000000 ) ) ;
#6341 = EDGE_LOOP ( 'NONE', ( #3628, #2023, #495, #3469 ) ) ;
#6342 = EDGE_CURVE ( 'NONE', #3789, #276, #4798, .T. ) ;
#6343 = VERTEX_POINT ( 'NONE', #1054 ) ;
#6344 = AXIS2_PLACEMENT_3D ( 'NONE', #2553, #4139, #955 ) ;
#6345 = DIRECTION ( 'NONE',  ( -1.000000000000000000, 0.000000000000000000, 0.000000000000000000 ) ) ;
#6346 = ORIENTED_EDGE ( 'NONE', *, *, #3008, .T. ) ;
#6347 = CARTESIAN_POINT ( 'NONE',  ( 15.00000000000000000, 101.2999999999999972, -189.9999999999999716 ) ) ;
#6348 = EDGE_CURVE ( 'NONE', #3517, #5970, #1276, .T. ) ;
#6349 = CIRCLE ( 'NONE', #4242, 1.000000000000000888 ) ;
#6350 = AXIS2_PLACEMENT_3D ( 'NONE', #5714, #5205, #4678 ) ;
#6351 = ORIENTED_EDGE ( 'NONE', *, *, #1798, .F. ) ;
#6352 = DIRECTION ( 'NONE',  ( 0.000000000000000000, 0.000000000000000000, 1.000000000000000000 ) ) ;
#6353 = ORIENTED_EDGE ( 'NONE', *, *, #5635, .T. ) ;
#6354 = AXIS2_PLACEMENT_3D ( 'NONE', #2369, #694, #1724 ) ;
#6355 = FACE_OUTER_BOUND ( 'NONE', #5920, .T. ) ;
#6356 = ADVANCED_FACE ( 'NONE', ( #6262 ), #4272, .F. ) ;
#6357 = EDGE_CURVE ( 'NONE', #3686, #572, #4241, .T. ) ;
#6358 = AXIS2_PLACEMENT_3D ( 'NONE', #2359, #5032, #4353 ) ;
#6359 = CARTESIAN_POINT ( 'NONE',  ( 170.8834192462691135, 3.000000000000000000, -25.30000000000006821 ) ) ;
#6360 = ORIENTED_EDGE ( 'NONE', *, *, #1579, .T. ) ;
#6361 = CARTESIAN_POINT ( 'NONE',  ( 20.88341924626906021, 0.000000000000000000, -169.7000000000000739 ) ) ;
#6362 = DIRECTION ( 'NONE',  ( 1.000000000000000000, 0.000000000000000000, -0.000000000000000000 ) ) ;
#6363 = ORIENTED_EDGE ( 'NONE', *, *, #2177, .F. ) ;
#6364 = VERTEX_POINT ( 'NONE', #6361 ) ;
#6365 = DIRECTION ( 'NONE',  ( 0.000000000000000000, -1.000000000000000000, 0.000000000000000000 ) ) ;
#6366 = EDGE_CURVE ( 'NONE', #4616, #6146, #3173, .T. ) ;
#6367 = CARTESIAN_POINT ( 'NONE',  ( 99.50000000000000000, 4.000000000000001776, -6.000000000000002665 ) ) ;
#6368 = DIRECTION ( 'NONE',  ( 0.000000000000000000, -1.000000000000000000, 0.000000000000000000 ) ) ;
#6369 = DIRECTION ( 'NONE',  ( 0.000000000000000000, -1.000000000000000000, 0.000000000000000000 ) ) ;
#6370 = AXIS2_PLACEMENT_3D ( 'NONE', #332, #5047, #1923 ) ;
#6371 = DIRECTION ( 'NONE',  ( 0.000000000000000000, 0.000000000000000000, -1.000000000000000000 ) ) ;
#6372 = DIRECTION ( 'NONE',  ( -1.000000000000000000, 0.000000000000000000, -0.000000000000000000 ) ) ;
#6373 = ORIENTED_EDGE ( 'NONE', *, *, #5388, .F. ) ;
#6374 = CARTESIAN_POINT ( 'NONE',  ( 10.00000000000000178, 92.00000000000000000, -183.2500000000000000 ) ) ;
#6375 = FACE_OUTER_BOUND ( 'NONE', #2295, .T. ) ;
#6376 = CIRCLE ( 'NONE', #2367, 1.000000000000000888 ) ;
#6377 = EDGE_LOOP ( 'NONE', ( #5359, #4959, #1853, #2308, #5536 ) ) ;
#6378 = VECTOR ( 'NONE', #3027, 1000.000000000000000 ) ;
#6379 = DIRECTION ( 'NONE',  ( -0.8660254037844372643, 0.000000000000000000, 0.5000000000000025535 ) ) ;
#6380 = ORIENTED_EDGE ( 'NONE', *, *, #6237, .T. ) ;
#6381 = CARTESIAN_POINT ( 'NONE',  ( 22.49999999999995026, 7.000000000000000000, -22.50000000000004619 ) ) ;
#6382 = EDGE_CURVE ( 'NONE', #4266, #5489, #1473, .T. ) ;
#6383 = AXIS2_PLACEMENT_3D ( 'NONE', #2590, #864, #1475 ) ;
#6384 = ORIENTED_EDGE ( 'NONE', *, *, #4159, .F. ) ;
#6385 = PRODUCT_CONTEXT ( 'NONE', #5398, 'mechanical' ) ;
#6386 = ORIENTED_EDGE ( 'NONE', *, *, #3507, .F. ) ;
#6387 = CARTESIAN_POINT ( 'NONE',  ( 172.5000000000000284, 3.657979856674335561, -15.73948508257618961 ) ) ;
#6388 = ADVANCED_FACE ( 'NONE', ( #1021 ), #469, .F. ) ;
#6389 = PLANE ( 'NONE',  #2146 ) ;
#6390 = VECTOR ( 'NONE', #6095, 1000.000000000000000 ) ;
#6391 = DIRECTION ( 'NONE',  ( 0.000000000000000000, 1.000000000000000000, 0.000000000000000000 ) ) ;
#6392 = CARTESIAN_POINT ( 'NONE',  ( 10.00000000000000178, 92.00000000000000000, -11.75000000000000888 ) ) ;
#6393 = EDGE_LOOP ( 'NONE', ( #4552, #2192, #5648, #1683 ) ) ;
#6394 = DIRECTION ( 'NONE',  ( -1.438112726198389233E-16, 0.000000000000000000, -1.000000000000000000 ) ) ;
#6395 = EDGE_CURVE ( 'NONE', #5053, #4336, #5231, .T. ) ;
#6396 = ADVANCED_FACE ( 'NONE', ( #3215 ), #2528, .F. ) ;
#6397 = CIRCLE ( 'NONE', #3163, 1.750000000000001554 ) ;
#6398 = DIRECTION ( 'NONE',  ( -0.000000000000000000, -0.000000000000000000, 1.000000000000000000 ) ) ;
#6399 = ORIENTED_EDGE ( 'NONE', *, *, #1515, .T. ) ;
#6400 = EDGE_LOOP ( 'NONE', ( #6626, #4114, #912, #3168 ) ) ;
#6401 = VECTOR ( 'NONE', #122, 1000.000000000000000 ) ;
#6402 = CARTESIAN_POINT ( 'NONE',  ( 172.5000000000000284, 3.000000000000000000, -174.2500000000000568 ) ) ;
#6403 = DIRECTION ( 'NONE',  ( 0.000000000000000000, 0.000000000000000000, -1.000000000000000000 ) ) ;
#6404 = CYLINDRICAL_SURFACE ( 'NONE', #719, 2.000000000000001776 ) ;
#6405 = VECTOR ( 'NONE', #4343, 1000.000000000000000 ) ;
#6406 = DIRECTION ( 'NONE',  ( 0.8660254037844379305, 0.000000000000000000, -0.5000000000000012212 ) ) ;
#6407 = CIRCLE ( 'NONE', #2052, 1.750000000000001554 ) ;
#6408 = EDGE_CURVE ( 'NONE', #6659, #4244, #2588, .T. ) ;
#6409 = AXIS2_PLACEMENT_3D ( 'NONE', #5520, #731, #5037 ) ;
#6410 = ORIENTED_EDGE ( 'NONE', *, *, #385, .T. ) ;
#6411 = DIRECTION ( 'NONE',  ( -1.453678890483358486E-17, 0.000000000000000000, -1.000000000000000000 ) ) ;
#6412 = DIRECTION ( 'NONE',  ( 0.000000000000000000, 0.000000000000000000, -1.000000000000000000 ) ) ;
#6413 = VECTOR ( 'NONE', #5434, 1000.000000000000000 ) ;
#6414 = DIRECTION ( 'NONE',  ( 1.000000000000000000, -0.000000000000000000, -0.000000000000000000 ) ) ;
#6415 = DIRECTION ( 'NONE',  ( 0.000000000000000000, 0.000000000000000000, -1.000000000000000000 ) ) ;
#6416 = CIRCLE ( 'NONE', #3288, 1.750000000000015543 ) ;
#6417 = ORIENTED_EDGE ( 'NONE', *, *, #96, .T. ) ;
#6418 = EDGE_LOOP ( 'NONE', ( #4037, #2654, #2586, #6421 ) ) ;
#6419 = AXIS2_PLACEMENT_3D ( 'NONE', #2953, #2459, #1371 ) ;
#6420 = LINE ( 'NONE', #657, #1272 ) ;
#6421 = ORIENTED_EDGE ( 'NONE', *, *, #5794, .T. ) ;
#6422 = AXIS2_PLACEMENT_3D ( 'NONE', #3977, #1830, #5894 ) ;
#6423 = CARTESIAN_POINT ( 'NONE',  ( 178.0000000000000000, 3.000000000000000000, -6.000000000000000000 ) ) ;
#6424 = AXIS2_PLACEMENT_3D ( 'NONE', #3377, #3343, #2299 ) ;
#6425 = ORIENTED_EDGE ( 'NONE', *, *, #4796, .F. ) ;
#6426 = FACE_OUTER_BOUND ( 'NONE', #1738, .T. ) ;
#6427 = VECTOR ( 'NONE', #628, 1000.000000000000000 ) ;
#6428 = VERTEX_POINT ( 'NONE', #5322 ) ;
#6429 = DIRECTION ( 'NONE',  ( 0.000000000000000000, 0.000000000000000000, 1.000000000000000000 ) ) ;
#6430 = VECTOR ( 'NONE', #5624, 1000.000000000000000 ) ;
#6431 = DIRECTION ( 'NONE',  ( -0.5000000000000021094, 0.000000000000000000, -0.8660254037844374864 ) ) ;
#6432 = DIRECTION ( 'NONE',  ( 0.000000000000000000, -1.000000000000000000, 0.000000000000000000 ) ) ;
#6433 = ORIENTED_EDGE ( 'NONE', *, *, #3870, .F. ) ;
#6434 = ADVANCED_FACE ( 'NONE', ( #4701, #4766 ), #6802, .T. ) ;
#6435 = DIRECTION ( 'NONE',  ( 0.000000000000000000, 0.000000000000000000, -1.000000000000000000 ) ) ;
#6436 = FACE_OUTER_BOUND ( 'NONE', #5372, .T. ) ;
#6437 = EDGE_LOOP ( 'NONE', ( #4571, #4659, #1165, #3893 ) ) ;
#6438 = ORIENTED_EDGE ( 'NONE', *, *, #1414, .T. ) ;
#6439 = DIRECTION ( 'NONE',  ( 1.000000000000000000, 0.000000000000000000, 0.000000000000000000 ) ) ;
#6440 = PLANE ( 'NONE',  #4460 ) ;
#6441 = CARTESIAN_POINT ( 'NONE',  ( 175.8578643762691058, 15.00000000000000000, -175.0000000000000000 ) ) ;
#6442 = EDGE_CURVE ( 'NONE', #3394, #4336, #4087, .T. ) ;
#6443 = DIRECTION ( 'NONE',  ( -0.000000000000000000, 1.000000000000000000, -0.000000000000000000 ) ) ;
#6444 = ORIENTED_EDGE ( 'NONE', *, *, #3714, .F. ) ;
#6445 = DIRECTION ( 'NONE',  ( 1.000000000000000000, 0.000000000000000000, 0.000000000000000000 ) ) ;
#6446 = ORIENTED_EDGE ( 'NONE', *, *, #4476, .T. ) ;
#6447 = DIRECTION ( 'NONE',  ( 0.8660254037844382635, 0.000000000000000000, -0.5000000000000006661 ) ) ;
#6448 = CARTESIAN_POINT ( 'NONE',  ( 22.49999999999995026, 3.657979856674334673, -22.50000000000004619 ) ) ;
#6449 = EDGE_CURVE ( 'NONE', #5608, #5463, #5286, .T. ) ;
#6450 = EDGE_CURVE ( 'NONE', #2294, #2216, #5418, .T. ) ;
#6451 = AXIS2_PLACEMENT_3D ( 'NONE', #5245, #2544, #458 ) ;
#6452 = DIRECTION ( 'NONE',  ( 0.000000000000000000, 0.000000000000000000, -1.000000000000000000 ) ) ;
#6453 = VERTEX_POINT ( 'NONE', #5459 ) ;
#6454 = CYLINDRICAL_SURFACE ( 'NONE', #82, 1.000000000000000000 ) ;
#6455 = CARTESIAN_POINT ( 'NONE',  ( 20.88341924626906021, 3.000000000000000000, -169.7000000000000739 ) ) ;
#6456 = VERTEX_POINT ( 'NONE', #4407 ) ;
#6457 = DIRECTION ( 'NONE',  ( -1.453678890483358486E-17, -0.000000000000000000, -1.000000000000000000 ) ) ;
#6458 = EDGE_CURVE ( 'NONE', #1047, #4797, #194, .T. ) ;
#6459 = ORIENTED_EDGE ( 'NONE', *, *, #2907, .F. ) ;
#6460 = ORIENTED_EDGE ( 'NONE', *, *, #5880, .F. ) ;
#6461 = ORIENTED_EDGE ( 'NONE', *, *, #3355, .F. ) ;
#6462 = CARTESIAN_POINT ( 'NONE',  ( 99.49999999999997158, 4.000000000000003553, -99.49999999999997158 ) ) ;
#6463 = AXIS2_PLACEMENT_3D ( 'NONE', #2347, #5058, #2770 ) ;
#6464 = CARTESIAN_POINT ( 'NONE',  ( 0.000000000000000000, 110.0000000000000000, 0.000000000000000000 ) ) ;
#6465 = AXIS2_PLACEMENT_3D ( 'NONE', #2433, #4088, #1979 ) ;
#6466 = DIRECTION ( 'NONE',  ( -0.000000000000000000, 1.000000000000000000, -0.000000000000000000 ) ) ;
#6467 = ORIENTED_EDGE ( 'NONE', *, *, #871, .T. ) ;
#6468 = CARTESIAN_POINT ( 'NONE',  ( 22.49999999999995026, 3.000000000000000000, -22.50000000000004619 ) ) ;
#6469 = VECTOR ( 'NONE', #1632, 1000.000000000000114 ) ;
#6470 = CARTESIAN_POINT ( 'NONE',  ( 22.49999999999995026, 8.494954838909416495, -27.50000000000006750 ) ) ;
#6471 = EDGE_LOOP ( 'NONE', ( #6484, #6565, #4062, #5889 ) ) ;
#6472 = ORIENTED_EDGE ( 'NONE', *, *, #2007, .F. ) ;
#6473 = CARTESIAN_POINT ( 'NONE',  ( 0.000000000000000000, 98.00000000000000000, -17.00000000000000000 ) ) ;
#6474 = CARTESIAN_POINT ( 'NONE',  ( 172.5000000000000284, 7.000000000000000000, -24.25000000000006040 ) ) ;
#6475 = ADVANCED_FACE ( 'NONE', ( #6574, #703 ), #1767, .F. ) ;
#6476 = CARTESIAN_POINT ( 'NONE',  ( 98.49999999999997158, 4.000000000000003553, -98.49999999999997158 ) ) ;
#6477 = CIRCLE ( 'NONE', #5907, 2.000000000000001776 ) ;
#6478 = AXIS2_PLACEMENT_3D ( 'NONE', #3002, #5717, #3611 ) ;
#6479 = ORIENTED_EDGE ( 'NONE', *, *, #3310, .T. ) ;
#6480 = DIRECTION ( 'NONE',  ( 0.000000000000000000, 0.000000000000000000, 1.000000000000000000 ) ) ;
#6481 = EDGE_CURVE ( 'NONE', #2233, #5970, #2727, .T. ) ;
#6482 = DIRECTION ( 'NONE',  ( 0.000000000000000000, 0.000000000000000000, 1.000000000000000000 ) ) ;
#6483 = DIRECTION ( 'NONE',  ( 0.000000000000000000, 0.000000000000000000, -1.000000000000000000 ) ) ;
#6484 = ORIENTED_EDGE ( 'NONE', *, *, #3410, .T. ) ;
#6485 = ORIENTED_EDGE ( 'NONE', *, *, #6793, .F. ) ;
#6486 = LINE ( 'NONE', #803, #4312 ) ;
#6487 = ADVANCED_FACE ( 'NONE', ( #4374 ), #3777, .T. ) ;
#6488 = EDGE_CURVE ( 'NONE', #4432, #5830, #4305, .T. ) ;
#6489 = DIRECTION ( 'NONE',  ( 0.000000000000000000, 0.000000000000000000, 1.000000000000000000 ) ) ;
#6490 = ORIENTED_EDGE ( 'NONE', *, *, #1363, .F. ) ;
#6491 = CIRCLE ( 'NONE', #139, 1.000000000000000888 ) ;
#6492 = DIRECTION ( 'NONE',  ( -3.469446951953621091E-16, 0.000000000000000000, -1.000000000000000000 ) ) ;
#6493 = VERTEX_POINT ( 'NONE', #6501 ) ;
#6494 = CARTESIAN_POINT ( 'NONE',  ( 96.49999999999998579, 7.000000000000006217, -99.49999999999997158 ) ) ;
#6495 = ADVANCED_FACE ( 'NONE', ( #4832 ), #3177, .F. ) ;
#6496 = ORIENTED_EDGE ( 'NONE', *, *, #5687, .T. ) ;
#6497 = DIRECTION ( 'NONE',  ( -1.000000000000000000, 0.000000000000000000, 0.000000000000000000 ) ) ;
#6498 = PLANE ( 'NONE',  #329 ) ;
#6499 = LINE ( 'NONE', #1696, #693 ) ;
#6500 = ORIENTED_EDGE ( 'NONE', *, *, #4662, .F. ) ;
#6501 = CARTESIAN_POINT ( 'NONE',  ( 170.8834192462691135, 0.000000000000000000, -25.30000000000006821 ) ) ;
#6502 = EDGE_CURVE ( 'NONE', #4137, #4785, #670, .T. ) ;
#6503 = FACE_OUTER_BOUND ( 'NONE', #2203, .T. ) ;
#6504 = ORIENTED_EDGE ( 'NONE', *, *, #5612, .F. ) ;
#6505 = ORIENTED_EDGE ( 'NONE', *, *, #2208, .T. ) ;
#6506 = VECTOR ( 'NONE', #1252, 1000.000000000000000 ) ;
#6507 = CARTESIAN_POINT ( 'NONE',  ( 4.999999999999998224, 385.7716446627536016, -99.49999999999992895 ) ) ;
#6508 = CARTESIAN_POINT ( 'NONE',  ( 169.2668384925381417, 3.000000000000000000, -22.50000000000009948 ) ) ;
#6509 = CARTESIAN_POINT ( 'NONE',  ( 189.0000000000000000, 282.7716446627535447, -98.50000000000000000 ) ) ;
#6510 = DIRECTION ( 'NONE',  ( -1.000000000000000000, 0.000000000000000000, 0.000000000000000000 ) ) ;
#6511 = PLANE ( 'NONE',  #1011 ) ;
#6512 = CIRCLE ( 'NONE', #3498, 1.000000000000000888 ) ;
#6513 = ORIENTED_EDGE ( 'NONE', *, *, #5222, .T. ) ;
#6514 = EDGE_LOOP ( 'NONE', ( #1550, #4198, #4496, #1467 ) ) ;
#6515 = AXIS2_PLACEMENT_3D ( 'NONE', #967, #1419, #3580 ) ;
#6516 = FACE_OUTER_BOUND ( 'NONE', #2144, .T. ) ;
#6517 = FACE_BOUND ( 'NONE', #5824, .T. ) ;
#6518 = CYLINDRICAL_SURFACE ( 'NONE', #6608, 2.000000000000001776 ) ;
#6519 = EDGE_LOOP ( 'NONE', ( #5441, #4377, #3279, #6212 ) ) ;
#6520 = VECTOR ( 'NONE', #6291, 1000.000000000000000 ) ;
#6521 = CARTESIAN_POINT ( 'NONE',  ( 0.000000000000000000, 98.00000000000000000, -173.0000000000000000 ) ) ;
#6522 = CARTESIAN_POINT ( 'NONE',  ( 10.00000000000000178, 92.00000000000000000, -185.0000000000000000 ) ) ;
#6523 = VECTOR ( 'NONE', #5951, 1000.000000000000000 ) ;
#6524 = VERTEX_POINT ( 'NONE', #1669 ) ;
#6525 = AXIS2_PLACEMENT_3D ( 'NONE', #1254, #88, #5998 ) ;
#6526 = CARTESIAN_POINT ( 'NONE',  ( 189.0000000000000000, 7.000000000000006217, -96.50000000000000000 ) ) ;
#6527 = ADVANCED_FACE ( 'NONE', ( #2833 ), #2164, .F. ) ;
#6528 = VECTOR ( 'NONE', #2694, 1000.000000000000000 ) ;
#6529 = ORIENTED_EDGE ( 'NONE', *, *, #13, .T. ) ;
#6530 = VERTEX_POINT ( 'NONE', #5355 ) ;
#6531 = VECTOR ( 'NONE', #5792, 1000.000000000000000 ) ;
#6532 = VERTEX_POINT ( 'NONE', #2200 ) ;
#6533 = VECTOR ( 'NONE', #2552, 1000.000000000000000 ) ;
#6534 = DIRECTION ( 'NONE',  ( 0.000000000000000000, 1.000000000000000000, 0.000000000000000000 ) ) ;
#6535 = DIRECTION ( 'NONE',  ( 0.000000000000000000, 0.000000000000000000, 1.000000000000000000 ) ) ;
#6536 = LINE ( 'NONE', #1846, #4841 ) ;
#6537 = EDGE_CURVE ( 'NONE', #6530, #4466, #956, .T. ) ;
#6538 = EDGE_CURVE ( 'NONE', #1119, #3945, #3624, .T. ) ;
#6539 = CARTESIAN_POINT ( 'NONE',  ( 185.0000000000000000, 101.2999999999999972, -11.75000000000000888 ) ) ;
#6540 = ORIENTED_EDGE ( 'NONE', *, *, #4710, .T. ) ;
#6541 = CIRCLE ( 'NONE', #743, 1.000000000000000000 ) ;
#6542 = CARTESIAN_POINT ( 'NONE',  ( 178.0000000000000000, 3.000000000000000000, -6.999999999999999112 ) ) ;
#6543 = CARTESIAN_POINT ( 'NONE',  ( 189.0000000000000000, 3.000000000000000000, -99.50000000000000000 ) ) ;
#6544 = VERTEX_POINT ( 'NONE', #2306 ) ;
#6545 = ORIENTED_EDGE ( 'NONE', *, *, #3798, .T. ) ;
#6546 = CYLINDRICAL_SURFACE ( 'NONE', #2620, 1.000000000000000888 ) ;
#6547 = VECTOR ( 'NONE', #5661, 1000.000000000000000 ) ;
#6548 = CARTESIAN_POINT ( 'NONE',  ( 15.00000000000000000, 107.0000000000000000, -7.000000000000000000 ) ) ;
#6549 = EDGE_CURVE ( 'NONE', #2209, #5909, #2690, .T. ) ;
#6550 = LINE ( 'NONE', #6082, #2228 ) ;
#6551 = ORIENTED_EDGE ( 'NONE', *, *, #6155, .F. ) ;
#6552 = DIRECTION ( 'NONE',  ( -1.000000000000000000, 0.000000000000000000, 0.000000000000000000 ) ) ;
#6553 = DIRECTION ( 'NONE',  ( 0.000000000000000000, 0.000000000000000000, -1.000000000000000000 ) ) ;
#6554 = DIRECTION ( 'NONE',  ( 0.000000000000000000, 0.7071067811865672237, -0.7071067811865279218 ) ) ;
#6555 = DIRECTION ( 'NONE',  ( 1.000000000000000000, 0.000000000000000000, -3.469446951953621091E-16 ) ) ;
#6556 = ORIENTED_EDGE ( 'NONE', *, *, #1569, .F. ) ;
#6557 = DIRECTION ( 'NONE',  ( -1.000000000000000000, -0.000000000000000000, -0.000000000000000000 ) ) ;
#6558 = DIRECTION ( 'NONE',  ( -1.000000000000000000, 0.000000000000000000, 2.876225452396777974E-16 ) ) ;
#6559 = EDGE_LOOP ( 'NONE', ( #1528, #4292, #2392, #4889 ) ) ;
#6560 = VECTOR ( 'NONE', #4199, 1000.000000000000000 ) ;
#6561 = DIRECTION ( 'NONE',  ( 0.000000000000000000, -0.000000000000000000, -1.000000000000000000 ) ) ;
#6562 = EDGE_CURVE ( 'NONE', #6037, #5267, #1635, .T. ) ;
#6563 = LINE ( 'NONE', #2329, #3338 ) ;
#6564 = ORIENTED_EDGE ( 'NONE', *, *, #4031, .T. ) ;
#6565 = ORIENTED_EDGE ( 'NONE', *, *, #4628, .F. ) ;
#6566 = DIRECTION ( 'NONE',  ( 0.000000000000000000, -1.000000000000000000, 0.000000000000000000 ) ) ;
#6567 = ORIENTED_EDGE ( 'NONE', *, *, #2287, .F. ) ;
#6568 = EDGE_CURVE ( 'NONE', #4187, #2011, #6416, .T. ) ;
#6569 = FACE_OUTER_BOUND ( 'NONE', #1556, .T. ) ;
#6570 = DIRECTION ( 'NONE',  ( 0.000000000000000000, 1.000000000000000000, 0.000000000000000000 ) ) ;
#6571 = AXIS2_PLACEMENT_3D ( 'NONE', #2890, #5028, #3436 ) ;
#6572 = LINE ( 'NONE', #3916, #4050 ) ;
#6573 = ORIENTED_EDGE ( 'NONE', *, *, #2547, .T. ) ;
#6574 = FACE_BOUND ( 'NONE', #5073, .T. ) ;
#6575 = PLANE ( 'NONE',  #942 ) ;
#6576 = ORIENTED_EDGE ( 'NONE', *, *, #4828, .F. ) ;
#6577 = ORIENTED_EDGE ( 'NONE', *, *, #6442, .T. ) ;
#6578 = TOROIDAL_SURFACE ( 'NONE', #3562, 1.000000000000000000, 1.000000000000000000 ) ;
#6579 = ADVANCED_FACE ( 'NONE', ( #3281 ), #3850, .F. ) ;
#6580 = EDGE_CURVE ( 'NONE', #6332, #5773, #5428, .T. ) ;
#6581 = DIRECTION ( 'NONE',  ( -0.000000000000000000, -1.000000000000000000, 0.000000000000000000 ) ) ;
#6582 = CARTESIAN_POINT ( 'NONE',  ( 10.00000000000000178, 92.00000000000000000, -185.0000000000000000 ) ) ;
#6583 = CARTESIAN_POINT ( 'NONE',  ( 180.0000000000000000, 107.0000000000000000, -7.000000000000000000 ) ) ;
#6584 = ORIENTED_EDGE ( 'NONE', *, *, #1992, .F. ) ;
#6585 = FACE_OUTER_BOUND ( 'NONE', #6877, .T. ) ;
#6586 = VERTEX_POINT ( 'NONE', #3995 ) ;
#6587 = EDGE_CURVE ( 'NONE', #5052, #2256, #1837, .T. ) ;
#6588 = ORIENTED_EDGE ( 'NONE', *, *, #3287, .T. ) ;
#6589 = VECTOR ( 'NONE', #5594, 1000.000000000000000 ) ;
#6590 = LINE ( 'NONE', #2849, #1649 ) ;
#6591 = DIRECTION ( 'NONE',  ( -1.000000000000000000, 0.000000000000000000, 0.000000000000000000 ) ) ;
#6592 = DIRECTION ( 'NONE',  ( 0.000000000000000000, 0.000000000000000000, -1.000000000000000000 ) ) ;
#6593 = DIRECTION ( 'NONE',  ( -0.000000000000000000, -1.000000000000000000, 0.000000000000000000 ) ) ;
#6594 = VECTOR ( 'NONE', #4920, 1000.000000000000000 ) ;
#6595 = DIRECTION ( 'NONE',  ( -0.000000000000000000, -1.000000000000000000, -0.000000000000000000 ) ) ;
#6596 = DIRECTION ( 'NONE',  ( -0.5000000000000012212, 0.000000000000000000, 0.8660254037844379305 ) ) ;
#6597 = VERTEX_POINT ( 'NONE', #2421 ) ;
#6598 = DIRECTION ( 'NONE',  ( 0.000000000000000000, 1.000000000000000000, 0.000000000000000000 ) ) ;
#6599 = CARTESIAN_POINT ( 'NONE',  ( 189.0000000000000000, 4.000000000000000000, 0.000000000000000000 ) ) ;
#6600 = PLANE ( 'NONE',  #2790 ) ;
#6601 = ORIENTED_EDGE ( 'NONE', *, *, #6549, .F. ) ;
#6602 = ORIENTED_EDGE ( 'NONE', *, *, #141, .F. ) ;
#6603 = AXIS2_PLACEMENT_3D ( 'NONE', #3993, #365, #4030 ) ;
#6604 = EDGE_CURVE ( 'NONE', #548, #1324, #5640, .T. ) ;
#6605 = ORIENTED_EDGE ( 'NONE', *, *, #5341, .F. ) ;
#6606 = DIRECTION ( 'NONE',  ( 0.000000000000000000, 1.000000000000000000, 0.000000000000000000 ) ) ;
#6607 = DIRECTION ( 'NONE',  ( -1.000000000000000000, 0.000000000000000000, 1.438112726198388987E-16 ) ) ;
#6608 = AXIS2_PLACEMENT_3D ( 'NONE', #3864, #3938, #6050 ) ;
#6609 = CARTESIAN_POINT ( 'NONE',  ( 25.73316150746185471, 3.000000000000000000, -22.50000000000010303 ) ) ;
#6610 = ORIENTED_EDGE ( 'NONE', *, *, #2076, .F. ) ;
#6611 = CARTESIAN_POINT ( 'NONE',  ( 170.8834192462690851, 0.000000000000000000, -19.70000000000010587 ) ) ;
#6612 = DIRECTION ( 'NONE',  ( -1.000000000000000000, 0.000000000000000000, 2.876225452396778467E-16 ) ) ;
#6613 = AXIS2_PLACEMENT_3D ( 'NONE', #513, #3552, #1516 ) ;
#6614 = VERTEX_POINT ( 'NONE', #1965 ) ;
#6615 = ORIENTED_EDGE ( 'NONE', *, *, #1268, .T. ) ;
#6616 = FACE_BOUND ( 'NONE', #6024, .T. ) ;
#6617 = CARTESIAN_POINT ( 'NONE',  ( 22.49999999999995026, 3.000000000000000000, -172.5000000000000000 ) ) ;
#6618 = CARTESIAN_POINT ( 'NONE',  ( 188.0000000000000000, 107.0000000000000000, -17.00000000000001421 ) ) ;
#6619 = DIRECTION ( 'NONE',  ( -1.000000000000000000, 0.000000000000000000, 0.000000000000000000 ) ) ;
#6620 = EDGE_CURVE ( 'NONE', #594, #2152, #3492, .T. ) ;
#6621 = EDGE_CURVE ( 'NONE', #6245, #5563, #2172, .T. ) ;
#6622 = DIRECTION ( 'NONE',  ( 0.000000000000000000, 1.000000000000000000, 0.000000000000000000 ) ) ;
#6623 = EDGE_LOOP ( 'NONE', ( #1671, #2, #3448, #540 ) ) ;
#6624 =( NAMED_UNIT ( * ) SI_UNIT ( $, .STERADIAN. ) SOLID_ANGLE_UNIT ( ) );
#6625 = ORIENTED_EDGE ( 'NONE', *, *, #4267, .T. ) ;
#6626 = ORIENTED_EDGE ( 'NONE', *, *, #679, .F. ) ;
#6627 = CARTESIAN_POINT ( 'NONE',  ( 190.0000000000000000, 110.0000000000000000, -5.000000000000000000 ) ) ;
#6628 = CARTESIAN_POINT ( 'NONE',  ( 96.49999999999998579, 4.000000000000003553, -96.50000000000000000 ) ) ;
#6629 = AXIS2_PLACEMENT_3D ( 'NONE', #4546, #5690, #3941 ) ;
#6630 = CARTESIAN_POINT ( 'NONE',  ( 180.0000000000000000, 121.1421356237309510, -182.1999999999999886 ) ) ;
#6631 = EDGE_CURVE ( 'NONE', #6428, #2472, #6221, .T. ) ;
#6632 = EDGE_CURVE ( 'NONE', #6087, #2644, #3019, .T. ) ;
#6633 = DIRECTION ( 'NONE',  ( 1.000000000000000000, 0.000000000000000000, 0.000000000000000000 ) ) ;
#6634 = APPLICATION_PROTOCOL_DEFINITION ( 'draft international standard', 'automotive_design', 1998, #5398 ) ;
#6635 = DIRECTION ( 'NONE',  ( 0.000000000000000000, 0.000000000000000000, -1.000000000000000000 ) ) ;
#6636 = VECTOR ( 'NONE', #760, 1000.000000000000000 ) ;
#6637 = CARTESIAN_POINT ( 'NONE',  ( 190.0000000000000000, 106.9999999999999858, -178.0000000000000000 ) ) ;
#6638 = EDGE_LOOP ( 'NONE', ( #4809, #3399, #3098, #2002 ) ) ;
#6639 = AXIS2_PLACEMENT_3D ( 'NONE', #1851, #1334, #5535 ) ;
#6640 = CARTESIAN_POINT ( 'NONE',  ( 170.8834192462690851, 3.000000000000000000, -169.7000000000001307 ) ) ;
#6641 = CARTESIAN_POINT ( 'NONE',  ( 96.50000000000000000, 7.000000000000006217, -6.000000000000005329 ) ) ;
#6642 = AXIS2_PLACEMENT_3D ( 'NONE', #419, #4181, #2499 ) ;
#6643 = VERTEX_POINT ( 'NONE', #6611 ) ;
#6644 = ORIENTED_EDGE ( 'NONE', *, *, #6678, .F. ) ;
#6645 = AXIS2_PLACEMENT_3D ( 'NONE', #1041, #2989, #2082 ) ;
#6646 = VERTEX_POINT ( 'NONE', #1807 ) ;
#6647 = VECTOR ( 'NONE', #5707, 1000.000000000000000 ) ;
#6648 = DIRECTION ( 'NONE',  ( 0.000000000000000000, 0.000000000000000000, -1.000000000000000000 ) ) ;
#6649 = DIRECTION ( 'NONE',  ( 1.000000000000000000, -0.000000000000000000, 0.000000000000000000 ) ) ;
#6650 = CARTESIAN_POINT ( 'NONE',  ( 19.26683849253805292, 3.000000000000000000, -172.5000000000001421 ) ) ;
#6651 = VECTOR ( 'NONE', #2385, 1000.000000000000000 ) ;
#6652 = FACE_BOUND ( 'NONE', #4129, .T. ) ;
#6653 = VERTEX_POINT ( 'NONE', #5533 ) ;
#6654 = VECTOR ( 'NONE', #4337, 1000.000000000000000 ) ;
#6655 = PLANE ( 'NONE',  #3733 ) ;
#6656 = VECTOR ( 'NONE', #2195, 1000.000000000000000 ) ;
#6657 = CYLINDRICAL_SURFACE ( 'NONE', #6639, 2.000000000000001776 ) ;
#6658 = EDGE_LOOP ( 'NONE', ( #138, #1771, #1617, #5455 ) ) ;
#6659 = VERTEX_POINT ( 'NONE', #4107 ) ;
#6660 = CYLINDRICAL_SURFACE ( 'NONE', #1167, 5.000000000000000888 ) ;
#6661 = DIRECTION ( 'NONE',  ( 0.000000000000000000, 0.000000000000000000, -1.000000000000000000 ) ) ;
#6662 = FACE_OUTER_BOUND ( 'NONE', #4308, .T. ) ;
#6663 = CIRCLE ( 'NONE', #6782, 1.750000000000001554 ) ;
#6664 = EDGE_CURVE ( 'NONE', #3052, #6305, #4755, .T. ) ;
#6665 = ORIENTED_EDGE ( 'NONE', *, *, #6620, .T. ) ;
#6666 = AXIS2_PLACEMENT_3D ( 'NONE', #4092, #2932, #5176 ) ;
#6667 = EDGE_LOOP ( 'NONE', ( #333, #5780, #6076 ) ) ;
#6668 = EDGE_CURVE ( 'NONE', #6150, #2978, #2379, .T. ) ;
#6669 = FACE_OUTER_BOUND ( 'NONE', #974, .T. ) ;
#6670 = DIRECTION ( 'NONE',  ( 0.5000000000000013323, 0.000000000000000000, -0.8660254037844380415 ) ) ;
#6671 = CARTESIAN_POINT ( 'NONE',  ( 180.0000000000000000, 4.000000000000003553, -188.0000000000000000 ) ) ;
#6672 = DIRECTION ( 'NONE',  ( -1.000000000000000000, 0.000000000000000000, 0.000000000000000000 ) ) ;
#6673 = ORIENTED_EDGE ( 'NONE', *, *, #3799, .T. ) ;
#6674 = FACE_OUTER_BOUND ( 'NONE', #5496, .T. ) ;
#6675 = DIRECTION ( 'NONE',  ( -0.000000000000000000, 1.000000000000000000, -0.000000000000000000 ) ) ;
#6676 = EDGE_LOOP ( 'NONE', ( #5146, #3906, #4025, #4339 ) ) ;
#6677 = EDGE_CURVE ( 'NONE', #328, #1437, #744, .T. ) ;
#6678 = EDGE_CURVE ( 'NONE', #893, #4099, #6072, .T. ) ;
#6679 = DIRECTION ( 'NONE',  ( -0.000000000000000000, 1.000000000000000000, -0.000000000000000000 ) ) ;
#6680 = DIRECTION ( 'NONE',  ( 0.000000000000000000, -1.000000000000000000, 0.000000000000000000 ) ) ;
#6681 = CARTESIAN_POINT ( 'NONE',  ( 187.0000000000000000, 3.000000000000002665, -3.000000000000000000 ) ) ;
#6682 = EDGE_LOOP ( 'NONE', ( #3202, #4192, #5340, #6605 ) ) ;
#6683 = DIRECTION ( 'NONE',  ( -0.000000000000000000, 0.000000000000000000, -1.000000000000000000 ) ) ;
#6684 = VERTEX_POINT ( 'NONE', #1886 ) ;
#6685 = ADVANCED_FACE ( 'NONE', ( #780 ), #5126, .F. ) ;
#6686 = DIRECTION ( 'NONE',  ( -1.000000000000000000, 0.000000000000000000, 0.000000000000000000 ) ) ;
#6687 = DIRECTION ( 'NONE',  ( 1.000000000000000000, 0.000000000000000000, 0.000000000000000000 ) ) ;
#6688 = DIRECTION ( 'NONE',  ( 1.000000000000000000, 0.000000000000000000, 0.000000000000000000 ) ) ;
#6689 = FACE_OUTER_BOUND ( 'NONE', #2580, .T. ) ;
#6690 = VERTEX_POINT ( 'NONE', #4033 ) ;
#6691 = DIRECTION ( 'NONE',  ( -1.000000000000000000, 0.000000000000000000, 0.000000000000000000 ) ) ;
#6692 = DIRECTION ( 'NONE',  ( 0.000000000000000000, -1.000000000000000000, 0.000000000000000000 ) ) ;
#6693 = ORIENTED_EDGE ( 'NONE', *, *, #862, .T. ) ;
#6694 = EDGE_LOOP ( 'NONE', ( #5396, #5230, #1066, #6384 ) ) ;
#6695 = FACE_OUTER_BOUND ( 'NONE', #2809, .T. ) ;
#6696 = CIRCLE ( 'NONE', #1093, 1.000000000000000888 ) ;
#6697 = LINE ( 'NONE', #1340, #2663 ) ;
#6698 = DIRECTION ( 'NONE',  ( 0.000000000000000000, 1.000000000000000000, 0.000000000000000000 ) ) ;
#6699 = DIRECTION ( 'NONE',  ( 0.000000000000000000, 0.000000000000000000, 1.000000000000000000 ) ) ;
#6700 = EDGE_LOOP ( 'NONE', ( #3470, #1485, #4776, #4399, #5548, #4010, #2087, #3271, #337 ) ) ;
#6701 = LINE ( 'NONE', #1897, #6520 ) ;
#6702 = CIRCLE ( 'NONE', #6463, 4.999999999999976907 ) ;
#6703 = VECTOR ( 'NONE', #3360, 1000.000000000000000 ) ;
#6704 = PRESENTATION_STYLE_ASSIGNMENT (( #5616 ) ) ;
#6705 = ORIENTED_EDGE ( 'NONE', *, *, #5881, .F. ) ;
#6706 = ADVANCED_FACE ( 'NONE', ( #5605 ), #6655, .T. ) ;
#6707 = DIRECTION ( 'NONE',  ( -0.000000000000000000, -1.000000000000000000, -0.000000000000000000 ) ) ;
#6708 = CARTESIAN_POINT ( 'NONE',  ( 8.000000000000000000, 106.9999999999999858, -5.000000000000000000 ) ) ;
#6709 = VECTOR ( 'NONE', #737, 1000.000000000000000 ) ;
#6710 = CARTESIAN_POINT ( 'NONE',  ( 174.1165807537310855, 3.000000000000000000, -169.7000000000001307 ) ) ;
#6711 = LINE ( 'NONE', #353, #6430 ) ;
#6712 = CARTESIAN_POINT ( 'NONE',  ( 186.6165807537309433, 101.2999999999999972, -187.7999999999999829 ) ) ;
#6713 = VERTEX_POINT ( 'NONE', #334 ) ;
#6714 = CARTESIAN_POINT ( 'NONE',  ( 175.7331615074619720, 0.000000000000000000, -22.50000000000006750 ) ) ;
#6715 = CARTESIAN_POINT ( 'NONE',  ( 15.00000000000000000, 121.1421356237309510, -7.000000000000000000 ) ) ;
#6716 = DIRECTION ( 'NONE',  ( 0.000000000000000000, 0.000000000000000000, 1.000000000000000000 ) ) ;
#6717 = CIRCLE ( 'NONE', #3679, 1.000000000000000888 ) ;
#6718 = EDGE_CURVE ( 'NONE', #6532, #2294, #4068, .T. ) ;
#6719 = ADVANCED_FACE ( 'NONE', ( #5013 ), #6110, .F. ) ;
#6720 = EDGE_LOOP ( 'NONE', ( #6055, #3769, #5333, #1629 ) ) ;
#6721 = ORIENTED_EDGE ( 'NONE', *, *, #3192, .T. ) ;
#6722 = AXIS2_PLACEMENT_3D ( 'NONE', #2537, #2399, #6741 ) ;
#6723 = FACE_OUTER_BOUND ( 'NONE', #5411, .T. ) ;
#6724 = DIRECTION ( 'NONE',  ( -0.000000000000000000, -1.000000000000000000, -0.000000000000000000 ) ) ;
#6725 = EDGE_CURVE ( 'NONE', #6890, #5936, #732, .T. ) ;
#6726 = VERTEX_POINT ( 'NONE', #6796 ) ;
#6727 = CARTESIAN_POINT ( 'NONE',  ( 5.000000000000004441, 93.00000000000000000, -17.00000000000000000 ) ) ;
#6728 = LINE ( 'NONE', #4784, #2278 ) ;
#6729 = EDGE_LOOP ( 'NONE', ( #6295, #2315 ) ) ;
#6730 = VERTEX_POINT ( 'NONE', #4234 ) ;
#6731 = DIRECTION ( 'NONE',  ( 0.000000000000000000, -1.000000000000000000, 0.000000000000000000 ) ) ;
#6732 = AXIS2_PLACEMENT_3D ( 'NONE', #3260, #6250, #4885 ) ;
#6733 = DIRECTION ( 'NONE',  ( 0.000000000000000000, 0.000000000000000000, -1.000000000000000000 ) ) ;
#6734 = ORIENTED_EDGE ( 'NONE', *, *, #3305, .T. ) ;
#6735 = ORIENTED_EDGE ( 'NONE', *, *, #2680, .F. ) ;
#6736 = ORIENTED_EDGE ( 'NONE', *, *, #3650, .F. ) ;
#6737 = ORIENTED_EDGE ( 'NONE', *, *, #6249, .F. ) ;
#6738 = CARTESIAN_POINT ( 'NONE',  ( 5.000000000000004441, 93.00000000000000000, -173.0000000000000000 ) ) ;
#6739 = CARTESIAN_POINT ( 'NONE',  ( 20.88341924626900692, 3.000000000000000000, -25.30000000000008598 ) ) ;
#6740 = TOROIDAL_SURFACE ( 'NONE', #3703, 1.000000000000000000, 1.000000000000000000 ) ;
#6741 = DIRECTION ( 'NONE',  ( 0.000000000000000000, 0.000000000000000000, 1.000000000000000000 ) ) ;
#6742 = APPLICATION_CONTEXT ( 'automotive_design' ) ;
#6743 = CARTESIAN_POINT ( 'NONE',  ( 189.0000000000000000, 4.000000000000003553, -96.50000000000000000 ) ) ;
#6744 = FACE_OUTER_BOUND ( 'NONE', #5633, .T. ) ;
#6745 = ORIENTED_EDGE ( 'NONE', *, *, #2612, .F. ) ;
#6746 = VECTOR ( 'NONE', #339, 1000.000000000000000 ) ;
#6747 = CARTESIAN_POINT ( 'NONE',  ( 174.1165807537310286, 3.000000000000000000, -25.30000000000007176 ) ) ;
#6748 = CARTESIAN_POINT ( 'NONE',  ( 5.999999999999998224, 4.000000000000000000, -99.49999999999992895 ) ) ;
#6749 = EDGE_CURVE ( 'NONE', #6201, #6364, #4265, .T. ) ;
#6750 = ORIENTED_EDGE ( 'NONE', *, *, #6621, .F. ) ;
#6751 = CIRCLE ( 'NONE', #2830, 6.760514917423857462 ) ;
#6752 = CARTESIAN_POINT ( 'NONE',  ( 17.00000000000000000, 4.000000000000000000, -5.999999999999999112 ) ) ;
#6753 = DIRECTION ( 'NONE',  ( 0.000000000000000000, 0.000000000000000000, 1.000000000000000000 ) ) ;
#6754 = PLANE ( 'NONE',  #2089 ) ;
#6755 = EDGE_CURVE ( 'NONE', #3443, #5765, #432, .T. ) ;
#6756 = AXIS2_PLACEMENT_3D ( 'NONE', #5264, #4648, #5400 ) ;
#6757 = CARTESIAN_POINT ( 'NONE',  ( 172.5000000000000284, 3.000000000000000000, -172.5000000000000284 ) ) ;
#6758 = AXIS2_PLACEMENT_3D ( 'NONE', #975, #1073, #5817 ) ;
#6759 = CARTESIAN_POINT ( 'NONE',  ( 20.88341924626900692, 3.000000000000000000, -25.30000000000008598 ) ) ;
#6760 = ORIENTED_EDGE ( 'NONE', *, *, #5021, .F. ) ;
#6761 = CARTESIAN_POINT ( 'NONE',  ( 5.000000000000000000, 0.5000000000000281997, -195.0000000000000000 ) ) ;
#6762 = VECTOR ( 'NONE', #324, 1000.000000000000000 ) ;
#6763 = ORIENTED_EDGE ( 'NONE', *, *, #1102, .T. ) ;
#6764 = AXIS2_PLACEMENT_3D ( 'NONE', #5244, #6379, #3725 ) ;
#6765 = DIRECTION ( 'NONE',  ( -0.000000000000000000, -1.000000000000000000, -0.000000000000000000 ) ) ;
#6766 = ADVANCED_FACE ( 'NONE', ( #3045 ), #410, .F. ) ;
#6767 = ADVANCED_FACE ( 'NONE', ( #494, #4790 ), #2519, .F. ) ;
#6768 = LINE ( 'NONE', #3633, #3902 ) ;
#6769 = FACE_OUTER_BOUND ( 'NONE', #5349, .T. ) ;
#6770 = VECTOR ( 'NONE', #5160, 1000.000000000000000 ) ;
#6771 = CARTESIAN_POINT ( 'NONE',  ( 17.00000000000000000, 385.7716446627536016, -5.000000000000000000 ) ) ;
#6772 = EDGE_LOOP ( 'NONE', ( #2190, #5701, #5573, #3088 ) ) ;
#6773 = AXIS2_PLACEMENT_3D ( 'NONE', #3887, #1194, #1156 ) ;
#6774 = DIRECTION ( 'NONE',  ( 1.438112726198388987E-16, -0.000000000000000000, 1.000000000000000000 ) ) ;
#6775 = ORIENTED_EDGE ( 'NONE', *, *, #5723, .F. ) ;
#6776 = EDGE_LOOP ( 'NONE', ( #6188, #1176, #464 ) ) ;
#6777 = EDGE_CURVE ( 'NONE', #113, #1889, #2975, .T. ) ;
#6778 = DIRECTION ( 'NONE',  ( 0.000000000000000000, -1.000000000000000000, 0.000000000000000000 ) ) ;
#6779 = VECTOR ( 'NONE', #85, 1000.000000000000000 ) ;
#6780 = DIRECTION ( 'NONE',  ( 0.000000000000000000, 1.000000000000000000, 0.000000000000000000 ) ) ;
#6781 = DIRECTION ( 'NONE',  ( 0.000000000000000000, 1.000000000000000000, 0.000000000000000000 ) ) ;
#6782 = AXIS2_PLACEMENT_3D ( 'NONE', #5449, #4819, #2710 ) ;
#6783 = CARTESIAN_POINT ( 'NONE',  ( 185.0000000000000000, 92.00000000000000000, -183.2500000000000000 ) ) ;
#6784 = VERTEX_POINT ( 'NONE', #1436 ) ;
#6785 = EDGE_CURVE ( 'NONE', #594, #4704, #1959, .T. ) ;
#6786 = CARTESIAN_POINT ( 'NONE',  ( 5.999999999999997335, 3.000000000000000000, -178.0000000000000000 ) ) ;
#6787 = CIRCLE ( 'NONE', #1417, 1.749999999999999778 ) ;
#6788 = PLANE ( 'NONE',  #4927 ) ;
#6789 = ORIENTED_EDGE ( 'NONE', *, *, #6163, .F. ) ;
#6790 = CARTESIAN_POINT ( 'NONE',  ( 0.000000000000000000, 110.0000000000000000, -190.0000000000000000 ) ) ;
#6791 = ORIENTED_EDGE ( 'NONE', *, *, #920, .F. ) ;
#6792 = CARTESIAN_POINT ( 'NONE',  ( 169.2668384925381417, 3.000000000000000000, -172.5000000000000853 ) ) ;
#6793 = EDGE_CURVE ( 'NONE', #6018, #5682, #3566, .T. ) ;
#6794 = FACE_OUTER_BOUND ( 'NONE', #3105, .T. ) ;
#6795 = EDGE_LOOP ( 'NONE', ( #1975, #1517, #500, #5835 ) ) ;
#6796 = CARTESIAN_POINT ( 'NONE',  ( 13.00000000000000355, 3.000000000000000000, -16.00000000000001421 ) ) ;
#6797 = VERTEX_POINT ( 'NONE', #950 ) ;
#6798 = DIRECTION ( 'NONE',  ( 0.000000000000000000, 0.000000000000000000, -1.000000000000000000 ) ) ;
#6799 = DIRECTION ( 'NONE',  ( 0.000000000000000000, 0.000000000000000000, -1.000000000000000000 ) ) ;
#6800 = VECTOR ( 'NONE', #976, 1000.000000000000000 ) ;
#6801 = EDGE_LOOP ( 'NONE', ( #2916, #156 ) ) ;
#6802 = PLANE ( 'NONE',  #4854 ) ;
#6803 = EDGE_CURVE ( 'NONE', #5800, #4274, #6873, .T. ) ;
#6804 = DIRECTION ( 'NONE',  ( 1.000000000000000000, 0.000000000000000000, 0.000000000000000000 ) ) ;
#6805 = EDGE_LOOP ( 'NONE', ( #4235, #2090, #4430, #4968 ) ) ;
#6806 = ORIENTED_EDGE ( 'NONE', *, *, #3772, .T. ) ;
#6807 = AXIS2_PLACEMENT_3D ( 'NONE', #1067, #3198, #34 ) ;
#6808 = LINE ( 'NONE', #2099, #850 ) ;
#6809 = CARTESIAN_POINT ( 'NONE',  ( 5.000000000000004441, 98.00000000000000000, -22.00000000000000355 ) ) ;
#6810 = CARTESIAN_POINT ( 'NONE',  ( 172.5000000000000284, 3.657979856674335561, -29.26051491742385124 ) ) ;
#6811 = PLANE ( 'NONE',  #5807 ) ;
#6812 = EDGE_CURVE ( 'NONE', #506, #3336, #853, .T. ) ;
#6813 = LINE ( 'NONE', #423, #2296 ) ;
#6814 = ORIENTED_EDGE ( 'NONE', *, *, #4878, .T. ) ;
#6815 = DIRECTION ( 'NONE',  ( 0.000000000000000000, 1.000000000000000000, 0.000000000000000000 ) ) ;
#6816 = LINE ( 'NONE', #1911, #6139 ) ;
#6817 = ORIENTED_EDGE ( 'NONE', *, *, #3742, .F. ) ;
#6818 = CARTESIAN_POINT ( 'NONE',  ( 98.49999999999997158, 4.000000000000003553, -96.50000000000000000 ) ) ;
#6819 = DIRECTION ( 'NONE',  ( 0.000000000000000000, -1.000000000000000000, 0.000000000000000000 ) ) ;
#6820 = VECTOR ( 'NONE', #4270, 1000.000000000000114 ) ;
#6821 = PLANE ( 'NONE',  #5727 ) ;
#6822 = ORIENTED_EDGE ( 'NONE', *, *, #3936, .F. ) ;
#6823 = EDGE_CURVE ( 'NONE', #442, #4785, #2550, .T. ) ;
#6824 = DIRECTION ( 'NONE',  ( 0.5000000000000013323, 0.000000000000000000, 0.8660254037844380415 ) ) ;
#6825 = VECTOR ( 'NONE', #1383, 1000.000000000000000 ) ;
#6826 = EDGE_LOOP ( 'NONE', ( #2925, #754, #1939, #1378 ) ) ;
#6827 = FACE_OUTER_BOUND ( 'NONE', #2923, .T. ) ;
#6828 = CARTESIAN_POINT ( 'NONE',  ( 96.49999999999998579, 4.000000000000003553, -99.49999999999997158 ) ) ;
#6829 = DIRECTION ( 'NONE',  ( 0.000000000000000000, -1.000000000000000000, 0.000000000000000000 ) ) ;
#6830 = DIRECTION ( 'NONE',  ( -1.000000000000000000, 0.000000000000000000, 0.000000000000000000 ) ) ;
#6831 = ORIENTED_EDGE ( 'NONE', *, *, #6580, .T. ) ;
#6832 = DIRECTION ( 'NONE',  ( 0.000000000000000000, 0.000000000000000000, 1.000000000000000000 ) ) ;
#6833 = VERTEX_POINT ( 'NONE', #4204 ) ;
#6834 = VERTEX_POINT ( 'NONE', #5250 ) ;
#6835 = FACE_OUTER_BOUND ( 'NONE', #6377, .T. ) ;
#6836 = CARTESIAN_POINT ( 'NONE',  ( 5.000000000000004441, 12.50000000000002842, -17.00000000000000000 ) ) ;
#6837 = DIRECTION ( 'NONE',  ( -0.000000000000000000, -1.000000000000000000, -0.000000000000000000 ) ) ;
#6838 = DIRECTION ( 'NONE',  ( 1.040834085586084059E-15, 0.000000000000000000, -1.000000000000000000 ) ) ;
#6839 = DIRECTION ( 'NONE',  ( -0.8660254037844403729, 0.000000000000000000, -0.4999999999999970579 ) ) ;
#6840 = EDGE_CURVE ( 'NONE', #6597, #5800, #2022, .T. ) ;
#6841 = EDGE_CURVE ( 'NONE', #1437, #1615, #2054, .T. ) ;
#6842 = ORIENTED_EDGE ( 'NONE', *, *, #5388, .T. ) ;
#6843 = TOROIDAL_SURFACE ( 'NONE', #2265, 1.000000000000000000, 1.000000000000000000 ) ;
#6844 = FACE_OUTER_BOUND ( 'NONE', #2934, .T. ) ;
#6845 = ADVANCED_FACE ( 'NONE', ( #1529 ), #3659, .T. ) ;
#6846 = EDGE_CURVE ( 'NONE', #6586, #6833, #4136, .T. ) ;
#6847 = CARTESIAN_POINT ( 'NONE',  ( 172.5000000000000284, 4.000000000000000000, -164.7997924617902754 ) ) ;
#6848 = CARTESIAN_POINT ( 'NONE',  ( 190.0000000000000000, 110.0000000000000000, -190.0000000000000000 ) ) ;
#6849 = EDGE_LOOP ( 'NONE', ( #6315, #5452, #5243, #3428 ) ) ;
#6850 = LINE ( 'NONE', #2479, #1088 ) ;
#6851 = DIRECTION ( 'NONE',  ( 0.000000000000000000, 0.000000000000000000, -1.000000000000000000 ) ) ;
#6852 = EDGE_CURVE ( 'NONE', #6690, #1913, #1466, .T. ) ;
#6853 = EDGE_LOOP ( 'NONE', ( #3112, #1307, #5162, #4264 ) ) ;
#6854 = DIRECTION ( 'NONE',  ( -1.000000000000000000, 0.000000000000000000, 0.000000000000000000 ) ) ;
#6855 = EDGE_LOOP ( 'NONE', ( #4017, #1465, #6380, #526 ) ) ;
#6856 = AXIS2_PLACEMENT_3D ( 'NONE', #4778, #5694, #6340 ) ;
#6857 = CYLINDRICAL_SURFACE ( 'NONE', #3741, 1.000000000000000888 ) ;
#6858 = CARTESIAN_POINT ( 'NONE',  ( 187.0000000000000000, 106.9999999999999858, -190.0000000000000000 ) ) ;
#6859 = CARTESIAN_POINT ( 'NONE',  ( 99.49999999999995737, 385.7716446627536016, -190.0000000000000000 ) ) ;
#6860 = ORIENTED_EDGE ( 'NONE', *, *, #5389, .F. ) ;
#6861 = AXIS2_PLACEMENT_3D ( 'NONE', #447, #2071, #2005 ) ;
#6862 = CARTESIAN_POINT ( 'NONE',  ( 186.6165807537309433, 101.2999999999999972, -182.1999999999999886 ) ) ;
#6863 = CIRCLE ( 'NONE', #2723, 1.749999999999999778 ) ;
#6864 = CARTESIAN_POINT ( 'NONE',  ( 17.00000000000000000, 3.000000000000000000, -6.999999999999999112 ) ) ;
#6865 = VERTEX_POINT ( 'NONE', #5764 ) ;
#6866 = VERTEX_POINT ( 'NONE', #3104 ) ;
#6867 = CARTESIAN_POINT ( 'NONE',  ( 24.11658075373091492, 0.000000000000000000, -19.70000000000012719 ) ) ;
#6868 = VECTOR ( 'NONE', #6169, 1000.000000000000000 ) ;
#6869 = LINE ( 'NONE', #1060, #3115 ) ;
#6870 = EDGE_CURVE ( 'NONE', #4274, #1489, #2582, .T. ) ;
#6871 = DIRECTION ( 'NONE',  ( 0.000000000000000000, 0.000000000000000000, 1.000000000000000000 ) ) ;
#6872 = AXIS2_PLACEMENT_3D ( 'NONE', #159, #1225, #2171 ) ;
#6873 = CIRCLE ( 'NONE', #1608, 5.000000000000004441 ) ;
#6874 = LINE ( 'NONE', #934, #4426 ) ;
#6875 = EDGE_CURVE ( 'NONE', #6070, #5800, #2716, .T. ) ;
#6876 = AXIS2_PLACEMENT_3D ( 'NONE', #5350, #2229, #3179 ) ;
#6877 = EDGE_LOOP ( 'NONE', ( #3576, #2044, #3094, #2094, #5261 ) ) ;
#6878 = FACE_OUTER_BOUND ( 'NONE', #4070, .T. ) ;
#6879 = DIRECTION ( 'NONE',  ( -0.000000000000000000, -1.000000000000000000, 0.000000000000000000 ) ) ;
#6880 = PRESENTATION_LAYER_ASSIGNMENT (  '', '', ( #963 ) ) ;
#6881 = AXIS2_PLACEMENT_3D ( 'NONE', #2677, #2645, #110 ) ;
#6882 = EDGE_LOOP ( 'NONE', ( #5487, #4654, #2791, #5272, #4666 ) ) ;
#6883 = EDGE_LOOP ( 'NONE', ( #4622, #5324, #6239, #6075 ) ) ;
#6884 = ADVANCED_FACE ( 'NONE', ( #6426 ), #3439, .F. ) ;
#6885 = EDGE_CURVE ( 'NONE', #6597, #982, #3405, .T. ) ;
#6886 = PLANE ( 'NONE',  #291 ) ;
#6887 = ORIENTED_EDGE ( 'NONE', *, *, #3081, .F. ) ;
#6888 = VECTOR ( 'NONE', #709, 1000.000000000000000 ) ;
#6889 = CARTESIAN_POINT ( 'NONE',  ( 170.8834192462690851, 3.000000000000000000, -169.7000000000001307 ) ) ;
#6890 = VERTEX_POINT ( 'NONE', #283 ) ;
#6891 = DIRECTION ( 'NONE',  ( 0.7071067811865278108, 0.7071067811865673347, 0.000000000000000000 ) ) ;
#6892 = EDGE_CURVE ( 'NONE', #2309, #1913, #6203, .T. ) ;
#6893 = ORIENTED_EDGE ( 'NONE', *, *, #1620, .F. ) ;
#6894 = CARTESIAN_POINT ( 'NONE',  ( 99.49999999999997158, 4.000000000000003553, -95.50000000000000000 ) ) ;
#6895 = LINE ( 'NONE', #2722, #5356 ) ;
#6896 = DIRECTION ( 'NONE',  ( -0.000000000000000000, 1.000000000000000000, -0.000000000000000000 ) ) ;
#6897 = VERTEX_POINT ( 'NONE', #6494 ) ;
#6898 = CARTESIAN_POINT ( 'NONE',  ( 172.5000000000000284, 3.000000000000000000, -22.50000000000002132 ) ) ;
#6899 = PLANE ( 'NONE',  #1388 ) ;
#6900 = ORIENTED_EDGE ( 'NONE', *, *, #6408, .T. ) ;
#6901 = ORIENTED_EDGE ( 'NONE', *, *, #2641, .T. ) ;
#6902 = FACE_OUTER_BOUND ( 'NONE', #2031, .T. ) ;
#6903 = VECTOR ( 'NONE', #1802, 1000.000000000000000 ) ;
#6904 = DIRECTION ( 'NONE',  ( 0.000000000000000000, 0.000000000000000000, -1.000000000000000000 ) ) ;
#6905 = DIRECTION ( 'NONE',  ( 0.000000000000000000, -0.000000000000000000, -1.000000000000000000 ) ) ;
#6906 = CARTESIAN_POINT ( 'NONE',  ( 5.000000000000004441, 93.00000000000000000, -178.0000000000000000 ) ) ;
#6907 = AXIS2_PLACEMENT_3D ( 'NONE', #3258, #4777, #4254 ) ;
#6908 = EDGE_CURVE ( 'NONE', #276, #5217, #5589, .T. ) ;
ENDSEC;
END-ISO-10303-21;
