ISO-10303-21;
HEADER;
/* Generated by software containing ST-Developer
 * from STEP Tools, Inc. (www.steptools.com) 
 */

FILE_DESCRIPTION(
/* description */ (''),
/* implementation_level */ '2;1');

FILE_NAME(
/* name */ 'C:\\Users\\Hani\\Desktop\\work\\MSC\\MSC.stp',
/* time_stamp */ '2021-08-22T17:40:58-07:00',
/* author */ ('Hani'),
/* organization */ (''),
/* preprocessor_version */ 'ST-DEVELOPER v17',
/* originating_system */ 'Autodesk Inventor 2019',
/* authorisation */ '');

FILE_SCHEMA (('AUTOMOTIVE_DESIGN { 1 0 10303 214 3 1 1 }'));
ENDSEC;

DATA;
#10=MECHANICAL_DESIGN_GEOMETRIC_PRESENTATION_REPRESENTATION('',(#221,#222,
#223,#224,#225,#226,#227,#228,#229,#230,#231,#232,#233,#234,#235,#236,#237),
#6205);
#11=SHAPE_REPRESENTATION_RELATIONSHIP('SRR','None',#6215,#12);
#12=ADVANCED_BREP_SHAPE_REPRESENTATION('',(#238,#239),#6204);
#13=B_SPLINE_SURFACE_WITH_KNOTS('',2,1,((#3768,#3769),(#3770,#3771),(#3772,
#3773),(#3774,#3775)),.UNSPECIFIED.,.F.,.F.,.F.,(3,1,3),(2,2),(-2.,-1.,
0.),(0.,4.26183059259751),.UNSPECIFIED.);
#14=B_SPLINE_SURFACE_WITH_KNOTS('',2,1,((#3785,#3786),(#3787,#3788),(#3789,
#3790),(#3791,#3792)),.UNSPECIFIED.,.F.,.F.,.F.,(3,1,3),(2,2),(-2.,-1.,
0.),(0.,4.26183059259751),.UNSPECIFIED.);
#15=B_SPLINE_SURFACE_WITH_KNOTS('',2,1,((#3811,#3812),(#3813,#3814),(#3815,
#3816),(#3817,#3818)),.UNSPECIFIED.,.F.,.F.,.F.,(3,1,3),(2,2),(-2.,-1.,
0.),(0.,4.26183059259751),.UNSPECIFIED.);
#16=B_SPLINE_SURFACE_WITH_KNOTS('',2,1,((#3836,#3837),(#3838,#3839),(#3840,
#3841),(#3842,#3843)),.UNSPECIFIED.,.F.,.F.,.F.,(3,1,3),(2,2),(-2.,-1.,
0.),(0.,4.26183059259751),.UNSPECIFIED.);
#17=B_SPLINE_SURFACE_WITH_KNOTS('',2,1,((#3859,#3860),(#3861,#3862),(#3863,
#3864),(#3865,#3866)),.UNSPECIFIED.,.F.,.F.,.F.,(3,1,3),(2,2),(-2.,-1.,
0.),(0.,4.26183059259751),.UNSPECIFIED.);
#18=B_SPLINE_SURFACE_WITH_KNOTS('',2,1,((#3876,#3877),(#3878,#3879),(#3880,
#3881),(#3882,#3883)),.UNSPECIFIED.,.F.,.F.,.F.,(3,1,3),(2,2),(-2.,-1.,
0.),(0.,4.26183059259751),.UNSPECIFIED.);
#19=B_SPLINE_SURFACE_WITH_KNOTS('',2,1,((#3905,#3906),(#3907,#3908),(#3909,
#3910),(#3911,#3912)),.UNSPECIFIED.,.F.,.F.,.F.,(3,1,3),(2,2),(-2.,-1.,
0.),(0.,4.26183059259751),.UNSPECIFIED.);
#20=B_SPLINE_SURFACE_WITH_KNOTS('',2,1,((#3931,#3932),(#3933,#3934),(#3935,
#3936),(#3937,#3938)),.UNSPECIFIED.,.F.,.F.,.F.,(3,1,3),(2,2),(-2.,-1.,
0.),(0.,4.26183059259751),.UNSPECIFIED.);
#21=B_SPLINE_SURFACE_WITH_KNOTS('',2,1,((#3962,#3963),(#3964,#3965),(#3966,
#3967),(#3968,#3969)),.UNSPECIFIED.,.F.,.F.,.F.,(3,1,3),(2,2),(-2.,-1.,
0.),(0.,4.26183059259751),.UNSPECIFIED.);
#22=B_SPLINE_SURFACE_WITH_KNOTS('',2,1,((#3985,#3986),(#3987,#3988),(#3989,
#3990),(#3991,#3992)),.UNSPECIFIED.,.F.,.F.,.F.,(3,1,3),(2,2),(-2.,-1.,
0.),(0.,4.26183059259751),.UNSPECIFIED.);
#23=B_SPLINE_SURFACE_WITH_KNOTS('',2,1,((#4002,#4003),(#4004,#4005),(#4006,
#4007),(#4008,#4009)),.UNSPECIFIED.,.F.,.F.,.F.,(3,1,3),(2,2),(-2.,-1.,
0.),(0.,4.26183059259751),.UNSPECIFIED.);
#24=B_SPLINE_SURFACE_WITH_KNOTS('',2,1,((#4022,#4023),(#4024,#4025),(#4026,
#4027),(#4028,#4029)),.UNSPECIFIED.,.F.,.F.,.F.,(3,1,3),(2,2),(-2.,-1.,
0.),(0.,4.26183059259751),.UNSPECIFIED.);
#25=B_SPLINE_SURFACE_WITH_KNOTS('',2,1,((#4048,#4049),(#4050,#4051),(#4052,
#4053),(#4054,#4055)),.UNSPECIFIED.,.F.,.F.,.F.,(3,1,3),(2,2),(-2.,-1.,
0.),(0.,4.26183059259751),.UNSPECIFIED.);
#26=B_SPLINE_SURFACE_WITH_KNOTS('',2,1,((#4071,#4072),(#4073,#4074),(#4075,
#4076),(#4077,#4078)),.UNSPECIFIED.,.F.,.F.,.F.,(3,1,3),(2,2),(-2.,-1.,
0.),(0.,4.26183059259751),.UNSPECIFIED.);
#27=B_SPLINE_SURFACE_WITH_KNOTS('',2,1,((#4089,#4090),(#4091,#4092),(#4093,
#4094),(#4095,#4096)),.UNSPECIFIED.,.F.,.F.,.F.,(3,1,3),(2,2),(-2.,-1.,
0.),(0.,4.26183059259751),.UNSPECIFIED.);
#28=B_SPLINE_SURFACE_WITH_KNOTS('',2,1,((#4115,#4116),(#4117,#4118),(#4119,
#4120),(#4121,#4122)),.UNSPECIFIED.,.F.,.F.,.F.,(3,1,3),(2,2),(-2.,-1.,
0.),(0.,4.26183059259751),.UNSPECIFIED.);
#29=B_SPLINE_SURFACE_WITH_KNOTS('',2,1,((#4142,#4143),(#4144,#4145),(#4146,
#4147),(#4148,#4149)),.UNSPECIFIED.,.F.,.F.,.F.,(3,1,3),(2,2),(-2.,-1.,
0.),(0.,4.26183059259751),.UNSPECIFIED.);
#30=B_SPLINE_SURFACE_WITH_KNOTS('',2,1,((#4312,#4313),(#4314,#4315),(#4316,
#4317),(#4318,#4319)),.UNSPECIFIED.,.F.,.F.,.F.,(3,1,3),(2,2),(0.,1.,2.),
(0.,4.26183059259751),.UNSPECIFIED.);
#31=B_SPLINE_SURFACE_WITH_KNOTS('',2,1,((#4335,#4336),(#4337,#4338),(#4339,
#4340),(#4341,#4342)),.UNSPECIFIED.,.F.,.F.,.F.,(3,1,3),(2,2),(0.,1.,2.),
(0.,4.26183059259751),.UNSPECIFIED.);
#32=B_SPLINE_SURFACE_WITH_KNOTS('',2,1,((#4367,#4368),(#4369,#4370),(#4371,
#4372),(#4373,#4374)),.UNSPECIFIED.,.F.,.F.,.F.,(3,1,3),(2,2),(-2.,-1.,
0.),(0.,4.26183059259751),.UNSPECIFIED.);
#33=B_SPLINE_SURFACE_WITH_KNOTS('',2,1,((#4391,#4392),(#4393,#4394),(#4395,
#4396),(#4397,#4398)),.UNSPECIFIED.,.F.,.F.,.F.,(3,1,3),(2,2),(-2.,-1.,
0.),(0.,4.26183059259751),.UNSPECIFIED.);
#34=B_SPLINE_SURFACE_WITH_KNOTS('',2,1,((#4425,#4426),(#4427,#4428),(#4429,
#4430),(#4431,#4432)),.UNSPECIFIED.,.F.,.F.,.F.,(3,1,3),(2,2),(-2.,-1.,
0.),(0.,4.26183059259751),.UNSPECIFIED.);
#35=B_SPLINE_SURFACE_WITH_KNOTS('',2,1,((#4451,#4452),(#4453,#4454),(#4455,
#4456),(#4457,#4458)),.UNSPECIFIED.,.F.,.F.,.F.,(3,1,3),(2,2),(-2.,-1.,
0.),(0.,4.26183059259751),.UNSPECIFIED.);
#36=B_SPLINE_SURFACE_WITH_KNOTS('',2,1,((#4472,#4473),(#4474,#4475),(#4476,
#4477),(#4478,#4479)),.UNSPECIFIED.,.F.,.F.,.F.,(3,1,3),(2,2),(0.,1.,2.),
(0.,4.26183059259751),.UNSPECIFIED.);
#37=B_SPLINE_SURFACE_WITH_KNOTS('',2,1,((#4488,#4489),(#4490,#4491),(#4492,
#4493),(#4494,#4495)),.UNSPECIFIED.,.F.,.F.,.F.,(3,1,3),(2,2),(0.,1.,2.),
(0.,4.26183059259751),.UNSPECIFIED.);
#38=B_SPLINE_SURFACE_WITH_KNOTS('',2,1,((#4526,#4527),(#4528,#4529),(#4530,
#4531),(#4532,#4533)),.UNSPECIFIED.,.F.,.F.,.F.,(3,1,3),(2,2),(-2.,-1.,
0.),(0.,4.26183059259751),.UNSPECIFIED.);
#39=B_SPLINE_SURFACE_WITH_KNOTS('',2,1,((#4574,#4575),(#4576,#4577),(#4578,
#4579),(#4580,#4581)),.UNSPECIFIED.,.F.,.F.,.F.,(3,1,3),(2,2),(-2.,-1.,
0.),(0.,4.26183059259751),.UNSPECIFIED.);
#40=B_SPLINE_SURFACE_WITH_KNOTS('',2,1,((#4632,#4633),(#4634,#4635),(#4636,
#4637),(#4638,#4639)),.UNSPECIFIED.,.F.,.F.,.F.,(3,1,3),(2,2),(-2.,-1.,
0.),(0.,4.26183059259751),.UNSPECIFIED.);
#41=B_SPLINE_SURFACE_WITH_KNOTS('',2,1,((#4678,#4679),(#4680,#4681),(#4682,
#4683),(#4684,#4685)),.UNSPECIFIED.,.F.,.F.,.F.,(3,1,3),(2,2),(-2.,-1.,
0.),(0.,4.26183059259751),.UNSPECIFIED.);
#42=B_SPLINE_SURFACE_WITH_KNOTS('',2,1,((#4721,#4722),(#4723,#4724),(#4725,
#4726),(#4727,#4728)),.UNSPECIFIED.,.F.,.F.,.F.,(3,1,3),(2,2),(-2.,-1.,
0.),(0.,4.26183059259751),.UNSPECIFIED.);
#43=B_SPLINE_SURFACE_WITH_KNOTS('',2,1,((#4928,#4929),(#4930,#4931),(#4932,
#4933),(#4934,#4935)),.UNSPECIFIED.,.F.,.F.,.F.,(3,1,3),(2,2),(0.,1.,2.),
(0.,4.26183059259751),.UNSPECIFIED.);
#44=B_SPLINE_SURFACE_WITH_KNOTS('',2,1,((#4946,#4947),(#4948,#4949),(#4950,
#4951),(#4952,#4953)),.UNSPECIFIED.,.F.,.F.,.F.,(3,1,3),(2,2),(0.,1.,2.),
(0.,4.26183059259751),.UNSPECIFIED.);
#45=B_SPLINE_SURFACE_WITH_KNOTS('',2,1,((#4970,#4971),(#4972,#4973),(#4974,
#4975),(#4976,#4977)),.UNSPECIFIED.,.F.,.F.,.F.,(3,1,3),(2,2),(0.,1.,2.),
(0.,4.26183059259751),.UNSPECIFIED.);
#46=B_SPLINE_SURFACE_WITH_KNOTS('',2,1,((#4994,#4995),(#4996,#4997),(#4998,
#4999),(#5000,#5001)),.UNSPECIFIED.,.F.,.F.,.F.,(3,1,3),(2,2),(-2.,-1.,
0.),(0.,4.26183059259751),.UNSPECIFIED.);
#47=B_SPLINE_SURFACE_WITH_KNOTS('',2,1,((#5014,#5015),(#5016,#5017),(#5018,
#5019),(#5020,#5021)),.UNSPECIFIED.,.F.,.F.,.F.,(3,1,3),(2,2),(-2.,-1.,
0.),(0.,4.26183059259751),.UNSPECIFIED.);
#48=B_SPLINE_SURFACE_WITH_KNOTS('',2,1,((#5032,#5033),(#5034,#5035),(#5036,
#5037),(#5038,#5039)),.UNSPECIFIED.,.F.,.F.,.F.,(3,1,3),(2,2),(-2.,-1.,
0.),(0.,4.26183059259751),.UNSPECIFIED.);
#49=B_SPLINE_SURFACE_WITH_KNOTS('',2,1,((#5055,#5056),(#5057,#5058),(#5059,
#5060),(#5061,#5062)),.UNSPECIFIED.,.F.,.F.,.F.,(3,1,3),(2,2),(-2.,-1.,
0.),(0.,4.26183059259751),.UNSPECIFIED.);
#50=B_SPLINE_SURFACE_WITH_KNOTS('',2,1,((#5073,#5074),(#5075,#5076),(#5077,
#5078),(#5079,#5080)),.UNSPECIFIED.,.F.,.F.,.F.,(3,1,3),(2,2),(-2.,-1.,
0.),(0.,4.26183059259751),.UNSPECIFIED.);
#51=B_SPLINE_SURFACE_WITH_KNOTS('',2,1,((#5091,#5092),(#5093,#5094),(#5095,
#5096),(#5097,#5098)),.UNSPECIFIED.,.F.,.F.,.F.,(3,1,3),(2,2),(-2.,-1.,
0.),(0.,4.26183059259751),.UNSPECIFIED.);
#52=B_SPLINE_SURFACE_WITH_KNOTS('',2,1,((#5109,#5110),(#5111,#5112),(#5113,
#5114),(#5115,#5116)),.UNSPECIFIED.,.F.,.F.,.F.,(3,1,3),(2,2),(-2.,-1.,
0.),(0.,4.26183059259751),.UNSPECIFIED.);
#53=B_SPLINE_SURFACE_WITH_KNOTS('',2,1,((#5127,#5128),(#5129,#5130),(#5131,
#5132),(#5133,#5134)),.UNSPECIFIED.,.F.,.F.,.F.,(3,1,3),(2,2),(-2.,-1.,
0.),(0.,4.26183059259751),.UNSPECIFIED.);
#54=B_SPLINE_SURFACE_WITH_KNOTS('',2,1,((#5148,#5149),(#5150,#5151),(#5152,
#5153),(#5154,#5155)),.UNSPECIFIED.,.F.,.F.,.F.,(3,1,3),(2,2),(0.,1.,2.),
(0.,4.26183059259751),.UNSPECIFIED.);
#55=B_SPLINE_SURFACE_WITH_KNOTS('',2,1,((#5166,#5167),(#5168,#5169),(#5170,
#5171),(#5172,#5173)),.UNSPECIFIED.,.F.,.F.,.F.,(3,1,3),(2,2),(0.,1.,2.),
(0.,4.26183059259751),.UNSPECIFIED.);
#56=B_SPLINE_SURFACE_WITH_KNOTS('',2,1,((#5189,#5190),(#5191,#5192),(#5193,
#5194),(#5195,#5196)),.UNSPECIFIED.,.F.,.F.,.F.,(3,1,3),(2,2),(0.,1.,2.),
(0.,4.26183059259751),.UNSPECIFIED.);
#57=B_SPLINE_SURFACE_WITH_KNOTS('',2,1,((#5272,#5273),(#5274,#5275),(#5276,
#5277),(#5278,#5279)),.UNSPECIFIED.,.F.,.F.,.F.,(3,1,3),(2,2),(-2.,-1.,
0.),(0.,4.26183059259751),.UNSPECIFIED.);
#58=B_SPLINE_SURFACE_WITH_KNOTS('',2,1,((#5315,#5316),(#5317,#5318),(#5319,
#5320),(#5321,#5322)),.UNSPECIFIED.,.F.,.F.,.F.,(3,1,3),(2,2),(-2.,-1.,
0.),(0.,4.26183059259751),.UNSPECIFIED.);
#59=B_SPLINE_SURFACE_WITH_KNOTS('',2,1,((#5355,#5356),(#5357,#5358),(#5359,
#5360),(#5361,#5362)),.UNSPECIFIED.,.F.,.F.,.F.,(3,1,3),(2,2),(-2.,-1.,
0.),(0.,4.26183059259751),.UNSPECIFIED.);
#60=B_SPLINE_SURFACE_WITH_KNOTS('',2,1,((#5398,#5399),(#5400,#5401),(#5402,
#5403),(#5404,#5405)),.UNSPECIFIED.,.F.,.F.,.F.,(3,1,3),(2,2),(-2.,-1.,
0.),(0.,4.26183059259751),.UNSPECIFIED.);
#61=B_SPLINE_SURFACE_WITH_KNOTS('',2,1,((#5420,#5421),(#5422,#5423),(#5424,
#5425),(#5426,#5427)),.UNSPECIFIED.,.F.,.F.,.F.,(3,1,3),(2,2),(-2.,-1.,
0.),(0.,4.26183059259751),.UNSPECIFIED.);
#62=B_SPLINE_SURFACE_WITH_KNOTS('',2,1,((#5448,#5449),(#5450,#5451),(#5452,
#5453),(#5454,#5455)),.UNSPECIFIED.,.F.,.F.,.F.,(3,1,3),(2,2),(-2.,-1.,
0.),(0.,4.26183059259751),.UNSPECIFIED.);
#63=B_SPLINE_SURFACE_WITH_KNOTS('',2,1,((#5593,#5594),(#5595,#5596),(#5597,
#5598),(#5599,#5600)),.UNSPECIFIED.,.F.,.F.,.F.,(3,1,3),(2,2),(-2.,-1.,
0.),(0.,4.26183059259751),.UNSPECIFIED.);
#64=B_SPLINE_SURFACE_WITH_KNOTS('',2,1,((#5626,#5627),(#5628,#5629),(#5630,
#5631),(#5632,#5633)),.UNSPECIFIED.,.F.,.F.,.F.,(3,1,3),(2,2),(-2.,-1.,
0.),(0.,4.26183059259751),.UNSPECIFIED.);
#65=B_SPLINE_SURFACE_WITH_KNOTS('',2,1,((#5665,#5666),(#5667,#5668),(#5669,
#5670),(#5671,#5672)),.UNSPECIFIED.,.F.,.F.,.F.,(3,1,3),(2,2),(-2.,-1.,
0.),(0.,4.26183059259751),.UNSPECIFIED.);
#66=B_SPLINE_SURFACE_WITH_KNOTS('',2,1,((#5687,#5688),(#5689,#5690),(#5691,
#5692),(#5693,#5694)),.UNSPECIFIED.,.F.,.F.,.F.,(3,1,3),(2,2),(-2.,-1.,
0.),(0.,4.26183059259751),.UNSPECIFIED.);
#67=B_SPLINE_SURFACE_WITH_KNOTS('',2,1,((#5705,#5706),(#5707,#5708),(#5709,
#5710),(#5711,#5712)),.UNSPECIFIED.,.F.,.F.,.F.,(3,1,3),(2,2),(0.,1.,2.),
(0.,4.26183059259751),.UNSPECIFIED.);
#68=B_SPLINE_SURFACE_WITH_KNOTS('',2,1,((#5740,#5741),(#5742,#5743),(#5744,
#5745),(#5746,#5747)),.UNSPECIFIED.,.F.,.F.,.F.,(3,1,3),(2,2),(0.,1.,2.),
(0.,4.26183059259751),.UNSPECIFIED.);
#69=B_SPLINE_SURFACE_WITH_KNOTS('',2,1,((#5780,#5781),(#5782,#5783),(#5784,
#5785),(#5786,#5787)),.UNSPECIFIED.,.F.,.F.,.F.,(3,1,3),(2,2),(-2.,-1.,
0.),(0.,4.26183059259751),.UNSPECIFIED.);
#70=B_SPLINE_SURFACE_WITH_KNOTS('',2,1,((#5826,#5827),(#5828,#5829),(#5830,
#5831),(#5832,#5833)),.UNSPECIFIED.,.F.,.F.,.F.,(3,1,3),(2,2),(-2.,-1.,
0.),(0.,4.26183059259751),.UNSPECIFIED.);
#71=B_SPLINE_SURFACE_WITH_KNOTS('',2,1,((#5853,#5854),(#5855,#5856),(#5857,
#5858),(#5859,#5860)),.UNSPECIFIED.,.F.,.F.,.F.,(3,1,3),(2,2),(-2.,-1.,
0.),(0.,4.26183059259751),.UNSPECIFIED.);
#72=B_SPLINE_SURFACE_WITH_KNOTS('',2,1,((#5888,#5889),(#5890,#5891),(#5892,
#5893),(#5894,#5895)),.UNSPECIFIED.,.F.,.F.,.F.,(3,1,3),(2,2),(-2.,-1.,
0.),(0.,4.26183059259751),.UNSPECIFIED.);
#73=B_SPLINE_SURFACE_WITH_KNOTS('',2,1,((#5918,#5919),(#5920,#5921),(#5922,
#5923),(#5924,#5925)),.UNSPECIFIED.,.F.,.F.,.F.,(3,1,3),(2,2),(-2.,-1.,
0.),(0.,4.26183059259751),.UNSPECIFIED.);
#74=B_SPLINE_SURFACE_WITH_KNOTS('',2,1,((#5958,#5959),(#5960,#5961),(#5962,
#5963),(#5964,#5965)),.UNSPECIFIED.,.F.,.F.,.F.,(3,1,3),(2,2),(-2.,-1.,
0.),(0.,4.26183059259751),.UNSPECIFIED.);
#75=B_SPLINE_SURFACE_WITH_KNOTS('',2,1,((#6007,#6008),(#6009,#6010),(#6011,
#6012),(#6013,#6014)),.UNSPECIFIED.,.F.,.F.,.F.,(3,1,3),(2,2),(-2.,-1.,
0.),(0.,4.26183059259751),.UNSPECIFIED.);
#76=B_SPLINE_SURFACE_WITH_KNOTS('',2,1,((#6052,#6053),(#6054,#6055),(#6056,
#6057),(#6058,#6059)),.UNSPECIFIED.,.F.,.F.,.F.,(3,1,3),(2,2),(-2.,-1.,
0.),(0.,4.26183059259751),.UNSPECIFIED.);
#77=B_SPLINE_SURFACE_WITH_KNOTS('',2,1,((#6077,#6078),(#6079,#6080),(#6081,
#6082),(#6083,#6084)),.UNSPECIFIED.,.F.,.F.,.F.,(3,1,3),(2,2),(-2.,-1.,
0.),(0.,4.26183059259751),.UNSPECIFIED.);
#78=B_SPLINE_SURFACE_WITH_KNOTS('',2,1,((#6114,#6115),(#6116,#6117),(#6118,
#6119),(#6120,#6121)),.UNSPECIFIED.,.F.,.F.,.F.,(3,1,3),(2,2),(0.,1.,2.),
(0.,4.26183059259751),.UNSPECIFIED.);
#79=B_SPLINE_SURFACE_WITH_KNOTS('',2,1,((#6144,#6145),(#6146,#6147),(#6148,
#6149),(#6150,#6151)),.UNSPECIFIED.,.F.,.F.,.F.,(3,1,3),(2,2),(0.,1.,2.),
(0.,4.26183059259751),.UNSPECIFIED.);
#80=B_SPLINE_CURVE_WITH_KNOTS('',3,(#3505,#3506,#3507,#3508,#3509,#3510),
 .UNSPECIFIED.,.F.,.F.,(4,2,4),(0.,0.011585019330553,0.0188447149406919),
 .UNSPECIFIED.);
#81=B_SPLINE_CURVE_WITH_KNOTS('',3,(#3512,#3513,#3514,#3515,#3516,#3517,
#3518,#3519,#3520,#3521,#3522,#3523,#3524),.UNSPECIFIED.,.F.,.F.,(4,3,3,
3,4),(0.,0.00523204115087448,0.00813843445269254,0.0111823807927745,0.0246626003383695),
 .UNSPECIFIED.);
#82=B_SPLINE_CURVE_WITH_KNOTS('',3,(#3526,#3527,#3528,#3529,#3530,#3531),
 .UNSPECIFIED.,.F.,.F.,(4,2,4),(0.,0.00831283229464191,0.0246683180225186),
 .UNSPECIFIED.);
#83=B_SPLINE_CURVE_WITH_KNOTS('',3,(#3538,#3539,#3540,#3541,#3542,#3543,
#3544,#3545,#3546,#3547,#3548,#3549,#3550),.UNSPECIFIED.,.F.,.F.,(4,3,3,
3,4),(-0.0247870732719007,-0.0215732025621942,-0.0182342668712684,-0.0177480759750877,
0.),.UNSPECIFIED.);
#84=B_SPLINE_CURVE_WITH_KNOTS('',3,(#3552,#3553,#3554,#3555,#3556,#3557),
 .UNSPECIFIED.,.F.,.F.,(4,2,4),(-0.0205908249760237,-0.0134821470454212,
0.),.UNSPECIFIED.);
#85=B_SPLINE_CURVE_WITH_KNOTS('',3,(#3559,#3560,#3561,#3562,#3563,#3564,
#3565,#3566,#3567,#3568,#3569,#3570,#3571),.UNSPECIFIED.,.F.,.F.,(4,3,3,
3,4),(-0.0204751750585921,-0.0165154872808584,-0.0122562394925752,-0.0117588015809741,
0.),.UNSPECIFIED.);
#86=B_SPLINE_CURVE_WITH_KNOTS('',3,(#3573,#3574,#3575,#3576,#3577,#3578,
#3579,#3580,#3581,#3582,#3583,#3584,#3585,#3586,#3587,#3588),
 .UNSPECIFIED.,.F.,.F.,(4,3,3,3,3,4),(-0.0640719962347047,-0.0432325932683494,
-0.0249187616193243,-0.0194131212885266,-0.0128407687955589,0.),
 .UNSPECIFIED.);
#87=B_SPLINE_CURVE_WITH_KNOTS('',3,(#3590,#3591,#3592,#3593,#3594,#3595,
#3596,#3597,#3598,#3599),.UNSPECIFIED.,.F.,.F.,(4,3,3,4),(-0.0454812216435491,
-0.011110859649385,-0.00387071822158499,0.),.UNSPECIFIED.);
#88=B_SPLINE_CURVE_WITH_KNOTS('',3,(#3601,#3602,#3603,#3604,#3605,#3606,
#3607,#3608,#3609,#3610,#3611,#3612,#3613,#3614,#3615,#3616),
 .UNSPECIFIED.,.F.,.F.,(4,3,3,3,3,4),(-0.021515136504213,-0.0127419093764101,
-0.00986192944773776,-0.00916645521772413,-0.00549445177140121,0.),
 .UNSPECIFIED.);
#89=B_SPLINE_CURVE_WITH_KNOTS('',3,(#3618,#3619,#3620,#3621,#3622,#3623,
#3624,#3625,#3626,#3627,#3628,#3629,#3630,#3631,#3632,#3633,#3634,#3635,
#3636),.UNSPECIFIED.,.F.,.F.,(4,3,3,3,3,3,4),(-0.0217348331769005,-0.0197741663102816,
-0.0179551417315014,-0.015042950315357,-0.0133791547506604,-0.0104603755971756,
0.),.UNSPECIFIED.);
#90=B_SPLINE_CURVE_WITH_KNOTS('',3,(#3638,#3639,#3640,#3641,#3642,#3643),
 .UNSPECIFIED.,.F.,.F.,(4,2,4),(-0.0258359845308583,-0.0159460730701746,
0.),.UNSPECIFIED.);
#91=B_SPLINE_CURVE_WITH_KNOTS('',3,(#3649,#3650,#3651,#3652,#3653,#3654,
#3655),.UNSPECIFIED.,.F.,.F.,(4,3,4),(-0.0296360769202863,-0.01618772274476,
0.),.UNSPECIFIED.);
#92=B_SPLINE_CURVE_WITH_KNOTS('',3,(#3657,#3658,#3659,#3660,#3661,#3662,
#3663,#3664,#3665,#3666,#3667,#3668),.UNSPECIFIED.,.F.,.F.,(4,2,2,2,2,4),
(-0.0408684957681133,-0.0349982933063952,-0.0297031388434748,-0.0211427359170156,
-0.0111788467447314,0.),.UNSPECIFIED.);
#93=B_SPLINE_CURVE_WITH_KNOTS('',3,(#3670,#3671,#3672,#3673,#3674,#3675,
#3676,#3677,#3678,#3679),.UNSPECIFIED.,.F.,.F.,(4,2,2,2,4),(-0.0277297868294339,
-0.0233612442589589,-0.019277633871063,-0.012650635419295,0.),
 .UNSPECIFIED.);
#94=B_SPLINE_CURVE_WITH_KNOTS('',3,(#3681,#3682,#3683,#3684,#3685,#3686,
#3687),.UNSPECIFIED.,.F.,.F.,(4,3,4),(-0.0113595047141509,-0.00770400468621184,
0.),.UNSPECIFIED.);
#95=B_SPLINE_CURVE_WITH_KNOTS('',3,(#3689,#3690,#3691,#3692,#3693,#3694,
#3695,#3696,#3697,#3698,#3699,#3700,#3701,#3702,#3703,#3704),
 .UNSPECIFIED.,.F.,.F.,(4,3,3,3,3,4),(-0.0147535709652889,-0.0114001522223895,
-0.00944429196877052,-0.0090689021610826,-0.0053489885314545,0.),
 .UNSPECIFIED.);
#96=B_SPLINE_CURVE_WITH_KNOTS('',3,(#3706,#3707,#3708,#3709,#3710,#3711,
#3712,#3713,#3714,#3715,#3716,#3717,#3718),.UNSPECIFIED.,.F.,.F.,(4,3,3,
3,4),(-0.010195154772084,-0.00785392665051684,-0.00599955740630671,-0.00543809332369006,
0.),.UNSPECIFIED.);
#97=B_SPLINE_CURVE_WITH_KNOTS('',3,(#3720,#3721,#3722,#3723,#3724,#3725,
#3726,#3727,#3728,#3729),.UNSPECIFIED.,.F.,.F.,(4,3,3,4),(-0.0119252009261153,
-0.0105288693313739,-0.00820887500462418,0.),.UNSPECIFIED.);
#98=B_SPLINE_CURVE_WITH_KNOTS('',3,(#3731,#3732,#3733,#3734,#3735,#3736,
#3737,#3738,#3739,#3740,#3741,#3742,#3743),.UNSPECIFIED.,.F.,.F.,(4,3,3,
3,4),(-0.0140745310809389,-0.0104649106148037,-0.00957860843707539,-0.00911498453896639,
0.),.UNSPECIFIED.);
#99=B_SPLINE_CURVE_WITH_KNOTS('',3,(#3745,#3746,#3747,#3748,#3749,#3750,
#3751,#3752,#3753,#3754,#3755,#3756,#3757,#3758,#3759,#3760),
 .UNSPECIFIED.,.F.,.F.,(4,3,3,3,3,4),(-0.0136595275239271,-0.0110974922933874,
-0.00830845158000843,-0.00594533984983798,-0.00472207551400895,0.),
 .UNSPECIFIED.);
#100=B_SPLINE_CURVE_WITH_KNOTS('',3,(#3777,#3778,#3779,#3780,#3781,#3782,
#3783),.UNSPECIFIED.,.F.,.F.,(4,3,4),(0.,0.0160921874055059,0.0270545733373445),
 .UNSPECIFIED.);
#101=B_SPLINE_CURVE_WITH_KNOTS('',3,(#3794,#3795,#3796,#3797,#3798,#3799,
#3800,#3801,#3802,#3803,#3804,#3805),.UNSPECIFIED.,.F.,.F.,(4,2,2,2,2,4),
(0.,0.0112429081227292,0.0210378217859851,0.0296562046637116,0.0353839792309059,
0.0407233002624898),.UNSPECIFIED.);
#102=B_SPLINE_CURVE_WITH_KNOTS('',3,(#3820,#3821,#3822,#3823,#3824,#3825),
 .UNSPECIFIED.,.F.,.F.,(4,2,4),(0.0217135690267791,0.0233461509729045,0.0276896245124249),
 .UNSPECIFIED.);
#103=B_SPLINE_CURVE_WITH_KNOTS('',3,(#3827,#3828,#3829,#3830,#3831,#3832,
#3833,#3834),.UNSPECIFIED.,.F.,.F.,(4,2,2,4),(0.,0.0126550575609967,0.0192675670103338,
0.0217135690267791),.UNSPECIFIED.);
#104=B_SPLINE_CURVE_WITH_KNOTS('',3,(#3846,#3847,#3848,#3849,#3850,#3851,
#3852,#3853,#3854,#3855,#3856,#3857,#3858),.UNSPECIFIED.,.F.,.F.,(4,3,3,
3,4),(0.,0.0151405260250977,0.0159043770824551,0.025831634124453,0.0268629084014457),
 .UNSPECIFIED.);
#105=B_SPLINE_CURVE_WITH_KNOTS('',3,(#3868,#3869,#3870,#3871,#3872,#3873,
#3874),.UNSPECIFIED.,.F.,.F.,(4,3,4),(0.,0.00768011466756657,0.0114184121783223),
 .UNSPECIFIED.);
#106=B_SPLINE_CURVE_WITH_KNOTS('',3,(#3886,#3887,#3888,#3889,#3890,#3891,
#3892,#3893,#3894,#3895,#3896,#3897,#3898,#3899,#3900,#3901,#3902,#3903,
#3904),.UNSPECIFIED.,.F.,.F.,(4,3,3,3,3,3,4),(0.,0.0105015155271242,0.0128768892841978,
0.0141251267613982,0.0162335129733887,0.0175376718025387,0.0189478955906255),
 .UNSPECIFIED.);
#107=B_SPLINE_CURVE_WITH_KNOTS('',3,(#3914,#3915,#3916,#3917,#3918,#3919,
#3920,#3921,#3922,#3923,#3924,#3925,#3926,#3927,#3928,#3929),
 .UNSPECIFIED.,.F.,.F.,(4,3,3,3,3,4),(0.,0.00523263657175427,0.00896612140873444,
0.00942875696785431,0.0112811325070265,0.0146395151761283),
 .UNSPECIFIED.);
#108=B_SPLINE_CURVE_WITH_KNOTS('',3,(#3942,#3943,#3944,#3945),
 .UNSPECIFIED.,.F.,.F.,(4,4),(0.0164114010791126,0.0213959864666275),
 .UNSPECIFIED.);
#109=B_SPLINE_CURVE_WITH_KNOTS('',3,(#3946,#3947,#3948,#3949,#3950,#3951,
#3952,#3953,#3954,#3955,#3956,#3957,#3958,#3959,#3960,#3961),
 .UNSPECIFIED.,.F.,.F.,(4,3,3,3,3,4),(0.,0.00544944140571702,0.00912956254209969,
0.00986383535753602,0.0126968534236447,0.0164114010791126),
 .UNSPECIFIED.);
#110=B_SPLINE_CURVE_WITH_KNOTS('',3,(#3971,#3972,#3973,#3974,#3975,#3976,
#3977,#3978,#3979,#3980,#3981,#3982,#3983),.UNSPECIFIED.,.F.,.F.,(4,3,3,
3,4),(0.,0.00551915823465411,0.0059953587315718,0.00776507009246341,0.00981993294062595),
 .UNSPECIFIED.);
#111=B_SPLINE_CURVE_WITH_KNOTS('',3,(#3995,#3996,#3997,#3998,#3999,#4000,
#4001),.UNSPECIFIED.,.F.,.F.,(4,3,4),(0.,0.00801806907156484,0.0175163336768807),
 .UNSPECIFIED.);
#112=B_SPLINE_CURVE_WITH_KNOTS('',3,(#4011,#4012,#4013,#4014,#4015,#4016,
#4017,#4018,#4019,#4020),.UNSPECIFIED.,.F.,.F.,(4,3,3,4),(0.,0.00819038034950706,
0.0105601383924129,0.0119836309629638),.UNSPECIFIED.);
#113=B_SPLINE_CURVE_WITH_KNOTS('',3,(#4032,#4033,#4034,#4035,#4036,#4037,
#4038,#4039,#4040,#4041,#4042,#4043,#4044,#4045,#4046,#4047),
 .UNSPECIFIED.,.F.,.F.,(4,3,3,3,3,4),(0.,0.0128950628551582,0.0193845114588954,
0.025002895314521,0.0448555224133022,0.0639416216202008),.UNSPECIFIED.);
#114=B_SPLINE_CURVE_WITH_KNOTS('',3,(#4057,#4058,#4059,#4060,#4061,#4062,
#4063,#4064,#4065,#4066,#4067,#4068,#4069),.UNSPECIFIED.,.F.,.F.,(4,3,3,
3,4),(0.,0.00901881847840446,0.00954365764902543,0.0142298084915895,0.0150663797125654),
 .UNSPECIFIED.);
#115=B_SPLINE_CURVE_WITH_KNOTS('',3,(#4081,#4082,#4083,#4084,#4085,#4086,
#4087,#4088),.UNSPECIFIED.,.F.,.F.,(4,2,2,4),(0.,0.0105168602177167,0.0195122433396012,
0.0335038611925007),.UNSPECIFIED.);
#116=B_SPLINE_CURVE_WITH_KNOTS('',3,(#4098,#4099,#4100,#4101,#4102,#4103,
#4104,#4105,#4106,#4107,#4108,#4109,#4110,#4111,#4112,#4113),
 .UNSPECIFIED.,.F.,.F.,(4,3,3,3,3,4),(0.,0.00575102687022526,0.00595708586364001,
0.008543724253506,0.0107988957587717,0.0117561088769943),.UNSPECIFIED.);
#117=B_SPLINE_CURVE_WITH_KNOTS('',3,(#4125,#4126,#4127,#4128,#4129,#4130,
#4131,#4132,#4133,#4134,#4135,#4136,#4137),.UNSPECIFIED.,.F.,.F.,(4,3,3,
3,4),(0.,0.0105572063737719,0.013610921928026,0.0208589086378081,0.0373798282988929),
 .UNSPECIFIED.);
#118=B_SPLINE_CURVE_WITH_KNOTS('',3,(#4152,#4153,#4154,#4155,#4156,#4157,
#4158,#4159,#4160,#4161,#4162,#4163,#4164),.UNSPECIFIED.,.F.,.F.,(4,3,3,
3,4),(0.,0.0146657888058361,0.0179425393688143,0.0258837597607867,0.0309086648085519),
 .UNSPECIFIED.);
#119=B_SPLINE_CURVE_WITH_KNOTS('',3,(#4170,#4171,#4172,#4173,#4174,#4175,
#4176,#4177,#4178,#4179,#4180,#4181,#4182),.UNSPECIFIED.,.F.,.F.,(4,3,3,
3,4),(-0.0191200042939837,-0.0143671150596777,-0.0126282713210327,-0.0118226056579906,
0.),.UNSPECIFIED.);
#120=B_SPLINE_CURVE_WITH_KNOTS('',3,(#4184,#4185,#4186,#4187,#4188,#4189,
#4190,#4191,#4192,#4193,#4194,#4195),.UNSPECIFIED.,.F.,.F.,(4,2,2,2,2,4),
(-0.112530994723762,-0.0980766084076784,-0.0841667526176877,-0.0562329917774296,
-0.0285342263574945,0.),.UNSPECIFIED.);
#121=B_SPLINE_CURVE_WITH_KNOTS('',3,(#4197,#4198,#4199,#4200,#4201,#4202,
#4203,#4204,#4205,#4206,#4207,#4208),.UNSPECIFIED.,.F.,.F.,(4,2,2,2,2,4),
(-0.0806784246292509,-0.058129552231007,-0.038475020761775,-0.0238997067239123,
-0.0128062422282445,0.),.UNSPECIFIED.);
#122=B_SPLINE_CURVE_WITH_KNOTS('',3,(#4210,#4211,#4212,#4213,#4214,#4215,
#4216,#4217,#4218,#4219,#4220,#4221,#4222,#4223,#4224,#4225),
 .UNSPECIFIED.,.F.,.F.,(4,3,3,3,3,4),(-0.0228910905639342,-0.0201351503814526,
-0.0164859862338131,-0.0162802347417944,-0.0158169431793644,0.),
 .UNSPECIFIED.);
#123=B_SPLINE_CURVE_WITH_KNOTS('',3,(#4237,#4238,#4239,#4240,#4241,#4242,
#4243,#4244,#4245,#4246,#4247,#4248,#4249,#4250,#4251,#4252,#4253,#4254,
#4255),.UNSPECIFIED.,.F.,.F.,(4,3,3,3,3,3,4),(-0.0366570267367431,-0.0293160770389538,
-0.0225350346576541,-0.0224280129190764,-0.013866555568797,-0.00484625957552353,
0.),.UNSPECIFIED.);
#124=B_SPLINE_CURVE_WITH_KNOTS('',3,(#4257,#4258,#4259,#4260,#4261,#4262,
#4263,#4264,#4265,#4266,#4267,#4268,#4269),.UNSPECIFIED.,.F.,.F.,(4,3,3,
3,4),(-0.0428628388702754,-0.0177486286425787,-0.0153736068988212,-0.00273786922619791,
0.),.UNSPECIFIED.);
#125=B_SPLINE_CURVE_WITH_KNOTS('',3,(#4273,#4274,#4275,#4276,#4277,#4278,
#4279,#4280),.UNSPECIFIED.,.F.,.F.,(4,2,2,4),(-0.0466543852509634,-0.0182130260808969,
-0.00278912729819431,0.),.UNSPECIFIED.);
#126=B_SPLINE_CURVE_WITH_KNOTS('',3,(#4281,#4282,#4283,#4284,#4285,#4286,
#4287,#4288,#4289,#4290,#4291,#4292,#4293,#4294,#4295,#4296,#4297,#4298,
#4299,#4300,#4301,#4302,#4303,#4304,#4305),.UNSPECIFIED.,.F.,.F.,(4,3,3,
3,3,3,3,3,4),(-0.0984181882006724,-0.0812444218771418,-0.0655370071054598,
-0.0407118834493014,-0.0309356117754912,-0.0298021289567575,-0.0248452700388762,
-0.0064625801375686,0.),.UNSPECIFIED.);
#127=B_SPLINE_CURVE_WITH_KNOTS('',3,(#4322,#4323,#4324,#4325,#4326,#4327,
#4328,#4329,#4330,#4331,#4332,#4333,#4334),.UNSPECIFIED.,.F.,.F.,(4,3,3,
3,4),(0.,0.0102023408429332,0.0110421515520924,0.0159484038379206,0.0164496259314311),
 .UNSPECIFIED.);
#128=B_SPLINE_CURVE_WITH_KNOTS('',3,(#4345,#4346,#4347,#4348,#4349,#4350,
#4351,#4352,#4353,#4354,#4355,#4356),.UNSPECIFIED.,.F.,.F.,(4,2,2,2,2,4),
(0.,0.0101932861097956,0.0184037182186315,0.0256927864766943,0.0322096779014546,
0.0405844428854782),.UNSPECIFIED.);
#129=B_SPLINE_CURVE_WITH_KNOTS('',3,(#4377,#4378,#4379,#4380,#4381,#4382,
#4383,#4384),.UNSPECIFIED.,.F.,.F.,(4,2,2,4),(0.,0.0141636896191848,0.0237609744616654,
0.0341068497647466),.UNSPECIFIED.);
#130=B_SPLINE_CURVE_WITH_KNOTS('',3,(#4402,#4403,#4404,#4405,#4406,#4407,
#4408),.UNSPECIFIED.,.F.,.F.,(4,3,4),(0.0676928087220003,0.0700717061313666,
0.0787000870914587),.UNSPECIFIED.);
#131=B_SPLINE_CURVE_WITH_KNOTS('',3,(#4409,#4410,#4411,#4412,#4413,#4414,
#4415,#4416,#4417,#4418,#4419,#4420),.UNSPECIFIED.,.F.,.F.,(4,2,2,2,2,4),
(0.,0.0124930671811157,0.0229986198631452,0.0367326911374927,0.0603836545386301,
0.0676928087220003),.UNSPECIFIED.);
#132=B_SPLINE_CURVE_WITH_KNOTS('',3,(#4435,#4436,#4437,#4438,#4439,#4440,
#4441,#4442,#4443,#4444,#4445,#4446),.UNSPECIFIED.,.F.,.F.,(4,2,2,2,2,4),
(0.,0.0220110107448703,0.048871249327112,0.081006562124721,0.102802543651883,
0.120983511990281),.UNSPECIFIED.);
#133=B_SPLINE_CURVE_WITH_KNOTS('',3,(#4459,#4460,#4461,#4462,#4463,#4464,
#4465,#4466,#4467,#4468,#4469,#4470,#4471),.UNSPECIFIED.,.F.,.F.,(4,3,3,
3,4),(0.,0.0125363007899806,0.0126301491090607,0.0172487175182899,0.0192026170872475),
 .UNSPECIFIED.);
#134=B_SPLINE_CURVE_WITH_KNOTS('',3,(#4481,#4482,#4483,#4484,#4485,#4486),
 .UNSPECIFIED.,.F.,.F.,(4,2,4),(0.,0.0118543561039099,0.0215087141506545),
 .UNSPECIFIED.);
#135=B_SPLINE_CURVE_WITH_KNOTS('',3,(#4496,#4497,#4498,#4499,#4500,#4501,
#4502,#4503,#4504,#4505,#4506,#4507,#4508,#4509,#4510,#4511,#4512,#4513,
#4514),.UNSPECIFIED.,.F.,.F.,(4,3,3,3,3,3,4),(0.,0.00910603753721284,0.02640154656768,
0.0286017406470505,0.036527600029506,0.0456526103413988,0.0562250860432487),
 .UNSPECIFIED.);
#136=B_SPLINE_CURVE_WITH_KNOTS('',3,(#4535,#4536,#4537,#4538,#4539,#4540,
#4541,#4542,#4543,#4544,#4545,#4546,#4547,#4548,#4549,#4550,#4551,#4552,
#4553),.UNSPECIFIED.,.F.,.F.,(4,3,3,3,3,3,4),(-0.0358777413655101,-0.0315123784711683,
-0.0277804260886451,-0.0225703105919077,-0.0218776474587271,-0.0123614102108737,
0.),.UNSPECIFIED.);
#137=B_SPLINE_CURVE_WITH_KNOTS('',3,(#4555,#4556,#4557,#4558,#4559,#4560,
#4561,#4562,#4563,#4564,#4565,#4566),.UNSPECIFIED.,.F.,.F.,(4,2,2,2,2,4),
(0.,0.0126231169022286,0.0219114802622101,0.0276952832503548,0.0313207206188723,
0.0356035462454158),.UNSPECIFIED.);
#138=B_SPLINE_CURVE_WITH_KNOTS('',3,(#4583,#4584,#4585,#4586,#4587,#4588,
#4589),.UNSPECIFIED.,.F.,.F.,(4,3,4),(-0.014527839960071,-0.00939737807246773,
0.),.UNSPECIFIED.);
#139=B_SPLINE_CURVE_WITH_KNOTS('',3,(#4591,#4592,#4593,#4594,#4595,#4596,
#4597,#4598,#4599,#4600),.UNSPECIFIED.,.F.,.F.,(4,3,3,4),(0.,0.00901015487633086,
0.00938331082726433,0.0153023414642387),.UNSPECIFIED.);
#140=B_SPLINE_CURVE_WITH_KNOTS('',3,(#4641,#4642,#4643,#4644,#4645,#4646,
#4647,#4648,#4649,#4650,#4651,#4652,#4653),.UNSPECIFIED.,.F.,.F.,(4,3,3,
3,4),(-0.0134056055790822,-0.0114591526320732,-0.00922618324364854,-0.00776004897425566,
0.),.UNSPECIFIED.);
#141=B_SPLINE_CURVE_WITH_KNOTS('',3,(#4655,#4656,#4657,#4658,#4659,#4660,
#4661,#4662,#4663,#4664,#4665,#4666,#4667,#4668,#4669,#4670),
 .UNSPECIFIED.,.F.,.F.,(4,3,3,3,3,4),(0.,0.00773134755726101,0.00775977607800397,
0.010132456443811,0.0121099439265491,0.0134059891243109),.UNSPECIFIED.);
#142=B_SPLINE_CURVE_WITH_KNOTS('',3,(#4687,#4688,#4689,#4690,#4691,#4692,
#4693,#4694,#4695,#4696,#4697,#4698,#4699),.UNSPECIFIED.,.F.,.F.,(4,3,3,
3,4),(-0.010199413147198,-0.00630477689644795,-0.00588374985783221,-0.00370331444383753,
0.),.UNSPECIFIED.);
#143=B_SPLINE_CURVE_WITH_KNOTS('',3,(#4701,#4702,#4703,#4704,#4705,#4706,
#4707,#4708,#4709,#4710,#4711,#4712,#4713),.UNSPECIFIED.,.F.,.F.,(4,3,3,
3,4),(0.,0.00370513045781143,0.00589444297428889,0.00634098058453769,0.0102114686906059),
 .UNSPECIFIED.);
#144=B_SPLINE_CURVE_WITH_KNOTS('',3,(#4730,#4731,#4732,#4733,#4734,#4735,
#4736,#4737,#4738,#4739,#4740,#4741,#4742),.UNSPECIFIED.,.F.,.F.,(4,3,3,
3,4),(-0.0183271097775504,-0.0165096836975128,-0.0138314761379506,-0.0050840559688566,
0.),.UNSPECIFIED.);
#145=B_SPLINE_CURVE_WITH_KNOTS('',3,(#4744,#4745,#4746,#4747,#4748,#4749,
#4750,#4751,#4752,#4753,#4754,#4755,#4756,#4757,#4758,#4759),
 .UNSPECIFIED.,.F.,.F.,(4,3,3,3,3,4),(0.,0.00976989843130063,0.0122099036716674,
0.0138143799217166,0.0187866307359473,0.0244921539334936),.UNSPECIFIED.);
#146=B_SPLINE_CURVE_WITH_KNOTS('',3,(#4788,#4789,#4790,#4791,#4792,#4793,
#4794,#4795),.UNSPECIFIED.,.F.,.F.,(4,2,2,4),(-0.0526139794748569,-0.0409879842338839,
-0.0284724147288968,0.),.UNSPECIFIED.);
#147=B_SPLINE_CURVE_WITH_KNOTS('',3,(#4797,#4798,#4799,#4800,#4801,#4802),
 .UNSPECIFIED.,.F.,.F.,(4,2,4),(-0.0402285793183758,-0.0212647134467364,
0.),.UNSPECIFIED.);
#148=B_SPLINE_CURVE_WITH_KNOTS('',3,(#4804,#4805,#4806,#4807,#4808,#4809,
#4810,#4811),.UNSPECIFIED.,.F.,.F.,(4,2,2,4),(-0.0386524876638888,-0.0314434777474821,
-0.0224954374655247,0.),.UNSPECIFIED.);
#149=B_SPLINE_CURVE_WITH_KNOTS('',3,(#4813,#4814,#4815,#4816,#4817,#4818,
#4819,#4820,#4821,#4822,#4823,#4824,#4825),.UNSPECIFIED.,.F.,.F.,(4,3,3,
3,4),(-0.0463006413514325,-0.0327468106008127,-0.0226237516466755,-0.0199440700554076,
0.),.UNSPECIFIED.);
#150=B_SPLINE_CURVE_WITH_KNOTS('',3,(#4827,#4828,#4829,#4830,#4831,#4832),
 .UNSPECIFIED.,.F.,.F.,(4,2,4),(-0.0510310162489441,-0.0311781478611905,
0.),.UNSPECIFIED.);
#151=B_SPLINE_CURVE_WITH_KNOTS('',3,(#4834,#4835,#4836,#4837,#4838,#4839),
 .UNSPECIFIED.,.F.,.F.,(4,2,4),(-0.0527011621248184,-0.0203502455412276,
0.),.UNSPECIFIED.);
#152=B_SPLINE_CURVE_WITH_KNOTS('',3,(#4841,#4842,#4843,#4844,#4845,#4846,
#4847,#4848),.UNSPECIFIED.,.F.,.F.,(4,2,2,4),(-0.0462265408386071,-0.0345450871219913,
-0.0229662390236291,0.),.UNSPECIFIED.);
#153=B_SPLINE_CURVE_WITH_KNOTS('',3,(#4849,#4850,#4851,#4852,#4853,#4854,
#4855,#4856,#4857,#4858,#4859,#4860,#4861),.UNSPECIFIED.,.F.,.F.,(4,3,3,
3,4),(-0.04643700431364,-0.0327929958376047,-0.0229965353841481,-0.0199904887192884,
0.),.UNSPECIFIED.);
#154=B_SPLINE_CURVE_WITH_KNOTS('',3,(#4864,#4865,#4866,#4867,#4868,#4869,
#4870,#4871,#4872,#4873,#4874,#4875),.UNSPECIFIED.,.F.,.F.,(4,2,2,2,2,4),
(-0.095506858340144,-0.0605813113624073,-0.0356998554432635,-0.0201393929993322,
-0.00687884506318578,0.),.UNSPECIFIED.);
#155=B_SPLINE_CURVE_WITH_KNOTS('',3,(#4877,#4878,#4879,#4880,#4881,#4882,
#4883,#4884,#4885,#4886,#4887,#4888),.UNSPECIFIED.,.F.,.F.,(4,2,2,2,2,4),
(-0.110672948548097,-0.0838007817761998,-0.0581178549139574,-0.034436998224638,
-0.00987021885220706,0.),.UNSPECIFIED.);
#156=B_SPLINE_CURVE_WITH_KNOTS('',3,(#4890,#4891,#4892,#4893,#4894,#4895,
#4896,#4897),.UNSPECIFIED.,.F.,.F.,(4,2,2,4),(-0.0482720734471461,-0.0218717456841882,
-0.003436776899987,0.),.UNSPECIFIED.);
#157=B_SPLINE_CURVE_WITH_KNOTS('',3,(#4899,#4900,#4901,#4902,#4903,#4904,
#4905,#4906,#4907,#4908),.UNSPECIFIED.,.F.,.F.,(4,2,2,2,4),(-0.0491559064290822,
-0.0348775277561855,-0.0214704705956335,-0.00358438377253586,0.),
 .UNSPECIFIED.);
#158=B_SPLINE_CURVE_WITH_KNOTS('',3,(#4910,#4911,#4912,#4913,#4914,#4915,
#4916,#4917,#4918,#4919),.UNSPECIFIED.,.F.,.F.,(4,2,2,2,4),(-0.0498336557459344,
-0.0344460599823117,-0.0199196493064174,-0.00336466586911471,0.),
 .UNSPECIFIED.);
#159=B_SPLINE_CURVE_WITH_KNOTS('',3,(#4920,#4921,#4922,#4923,#4924,#4925,
#4926,#4927),.UNSPECIFIED.,.F.,.F.,(4,2,2,4),(-0.065600931636462,-0.0319160725722257,
-0.00508876810981554,0.),.UNSPECIFIED.);
#160=B_SPLINE_CURVE_WITH_KNOTS('',3,(#4939,#4940,#4941,#4942,#4943,#4944),
 .UNSPECIFIED.,.F.,.F.,(4,2,4),(0.,0.0134318472272754,0.03224445660979),
 .UNSPECIFIED.);
#161=B_SPLINE_CURVE_WITH_KNOTS('',3,(#4956,#4957,#4958,#4959,#4960,#4961,
#4962,#4963,#4964,#4965,#4966,#4967,#4968,#4969),.UNSPECIFIED.,.F.,.F.,
(4,2,2,2,2,2,4),(0.,0.00930392277962323,0.0245498764937122,0.0482767129532377,
0.0755049450287081,0.0952657099759999,0.112186991734154),.UNSPECIFIED.);
#162=B_SPLINE_CURVE_WITH_KNOTS('',3,(#4980,#4981,#4982,#4983,#4984,#4985,
#4986,#4987,#4988,#4989,#4990,#4991,#4992,#4993),.UNSPECIFIED.,.F.,.F.,
(4,2,2,2,2,2,4),(0.,0.0129207934704079,0.02495961849787,0.035128571500663,
0.0471331579422028,0.0503435400250356,0.0531829817938028),.UNSPECIFIED.);
#163=B_SPLINE_CURVE_WITH_KNOTS('',3,(#5005,#5006,#5007,#5008,#5009,#5010,
#5011,#5012),.UNSPECIFIED.,.F.,.F.,(4,2,2,4),(0.,0.0136745677504241,0.0268208084094066,
0.0346852748532094),.UNSPECIFIED.);
#164=B_SPLINE_CURVE_WITH_KNOTS('',3,(#5023,#5024,#5025,#5026,#5027,#5028,
#5029,#5030),.UNSPECIFIED.,.F.,.F.,(4,2,2,4),(0.,0.0239339332548758,0.0405051028573294,
0.0564248748368837),.UNSPECIFIED.);
#165=B_SPLINE_CURVE_WITH_KNOTS('',3,(#5041,#5042,#5043,#5044),
 .UNSPECIFIED.,.F.,.F.,(4,4),(0.0385697148921938,0.0416227483427416),
 .UNSPECIFIED.);
#166=B_SPLINE_CURVE_WITH_KNOTS('',3,(#5046,#5047,#5048,#5049,#5050,#5051,
#5052,#5053),.UNSPECIFIED.,.F.,.F.,(4,2,2,4),(0.,0.0156311203000267,0.032738356191714,
0.0385697148921938),.UNSPECIFIED.);
#167=B_SPLINE_CURVE_WITH_KNOTS('',3,(#5065,#5066,#5067,#5068,#5069,#5070,
#5071,#5072),.UNSPECIFIED.,.F.,.F.,(4,2,2,4),(0.,0.0177988623110238,0.035881510677157,
0.0564024208464952),.UNSPECIFIED.);
#168=B_SPLINE_CURVE_WITH_KNOTS('',3,(#5082,#5083,#5084,#5085,#5086,#5087,
#5088,#5089),.UNSPECIFIED.,.F.,.F.,(4,2,2,4),(0.,0.0198543218097397,0.0335736052945672,
0.0464264627987377),.UNSPECIFIED.);
#169=B_SPLINE_CURVE_WITH_KNOTS('',3,(#5101,#5102,#5103,#5104,#5105,#5106,
#5107,#5108),.UNSPECIFIED.,.F.,.F.,(4,2,2,4),(0.,0.0152597078543266,0.0335293601484648,
0.0426962824202314),.UNSPECIFIED.);
#170=B_SPLINE_CURVE_WITH_KNOTS('',3,(#5118,#5119,#5120,#5121,#5122,#5123,
#5124,#5125),.UNSPECIFIED.,.F.,.F.,(4,2,2,4),(0.,0.0148897372656058,0.0242765836623318,
0.0297589347649098),.UNSPECIFIED.);
#171=B_SPLINE_CURVE_WITH_KNOTS('',3,(#5136,#5137,#5138,#5139,#5140,#5141,
#5142,#5143),.UNSPECIFIED.,.F.,.F.,(4,2,2,4),(0.00500950970217892,0.0148292355891929,
0.0449671815922753,0.0581321420016506),.UNSPECIFIED.);
#172=B_SPLINE_CURVE_WITH_KNOTS('',3,(#5144,#5145,#5146,#5147),
 .UNSPECIFIED.,.F.,.F.,(4,4),(0.,0.00500950970217892),.UNSPECIFIED.);
#173=B_SPLINE_CURVE_WITH_KNOTS('',3,(#5157,#5158,#5159,#5160,#5161,#5162,
#5163,#5164),.UNSPECIFIED.,.F.,.F.,(4,2,2,4),(0.,0.0148544372999277,0.0219259493746947,
0.0277748001363141),.UNSPECIFIED.);
#174=B_SPLINE_CURVE_WITH_KNOTS('',3,(#5175,#5176,#5177,#5178,#5179,#5180,
#5181,#5182,#5183,#5184,#5185,#5186,#5187),.UNSPECIFIED.,.F.,.F.,(4,3,3,
3,4),(0.,0.0117313139653158,0.0160431843509652,0.0225428432937672,0.0315450066919274),
 .UNSPECIFIED.);
#175=B_SPLINE_CURVE_WITH_KNOTS('',3,(#5197,#5198,#5199,#5200,#5201,#5202),
 .UNSPECIFIED.,.F.,.F.,(4,2,4),(0.,0.032831437795167,0.0536885050763952),
 .UNSPECIFIED.);
#176=B_SPLINE_CURVE_WITH_KNOTS('',3,(#5281,#5282,#5283,#5284,#5285,#5286,
#5287,#5288),.UNSPECIFIED.,.F.,.F.,(4,2,2,4),(-0.0231132040883053,-0.0205528310844486,
-0.0170155666548076,0.),.UNSPECIFIED.);
#177=B_SPLINE_CURVE_WITH_KNOTS('',3,(#5291,#5292,#5293,#5294,#5295,#5296,
#5297,#5298,#5299,#5300,#5301,#5302,#5303,#5304,#5305,#5306),
 .UNSPECIFIED.,.F.,.F.,(4,3,3,3,3,4),(0.,0.0125868453335651,0.0179161722568846,
0.0273662865398422,0.0282591141842316,0.0468576947404619),.UNSPECIFIED.);
#178=B_SPLINE_CURVE_WITH_KNOTS('',3,(#5324,#5325,#5326,#5327,#5328,#5329,
#5330,#5331,#5332,#5333,#5334,#5335,#5336),.UNSPECIFIED.,.F.,.F.,(4,3,3,
3,4),(-0.0172819840524053,-0.0150962336223924,-0.0120791271494064,-0.00286280467903795,
0.),.UNSPECIFIED.);
#179=B_SPLINE_CURVE_WITH_KNOTS('',3,(#5339,#5340,#5341,#5342,#5343,#5344,
#5345,#5346,#5347,#5348),.UNSPECIFIED.,.F.,.F.,(4,3,3,4),(0.,0.0119422704127716,
0.0153924501437397,0.0178351840034844),.UNSPECIFIED.);
#180=B_SPLINE_CURVE_WITH_KNOTS('',3,(#5364,#5365,#5366,#5367,#5368,#5369),
 .UNSPECIFIED.,.F.,.F.,(4,2,4),(-0.022496975473647,-0.0105624060894947,
0.),.UNSPECIFIED.);
#181=B_SPLINE_CURVE_WITH_KNOTS('',3,(#5372,#5373,#5374,#5375,#5376,#5377,
#5378,#5379,#5380,#5381,#5382,#5383,#5384),.UNSPECIFIED.,.F.,.F.,(4,3,3,
3,4),(0.,0.0103826128264055,0.0133893483368966,0.0214333974263587,0.0398388752543273),
 .UNSPECIFIED.);
#182=B_SPLINE_CURVE_WITH_KNOTS('',3,(#5407,#5408,#5409,#5410,#5411,#5412),
 .UNSPECIFIED.,.F.,.F.,(4,2,4),(-0.0245857784157289,-0.00839373521628228,
0.),.UNSPECIFIED.);
#183=B_SPLINE_CURVE_WITH_KNOTS('',3,(#5429,#5430,#5431,#5432,#5433,#5434,
#5435,#5436,#5437,#5438,#5439,#5440,#5441),.UNSPECIFIED.,.F.,.F.,(4,3,3,
3,4),(-0.0243144559332757,-0.0111817493770773,-0.00812339436053012,-0.00525515251905659,
0.),.UNSPECIFIED.);
#184=B_SPLINE_CURVE_WITH_KNOTS('',3,(#5456,#5457,#5458,#5459,#5460,#5461,
#5462,#5463,#5464,#5465,#5466,#5467,#5468,#5469,#5470,#5471),
 .UNSPECIFIED.,.F.,.F.,(4,3,3,3,3,4),(-0.0214944150091881,-0.0165400705135946,
-0.0150051263856031,-0.0143104275433992,-0.00169840873285068,0.),
 .UNSPECIFIED.);
#185=B_SPLINE_CURVE_WITH_KNOTS('',3,(#5476,#5477,#5478,#5479,#5480,#5481,
#5482),.UNSPECIFIED.,.F.,.F.,(4,3,4),(-0.00912827082032298,-0.00549787070139316,
0.),.UNSPECIFIED.);
#186=B_SPLINE_CURVE_WITH_KNOTS('',3,(#5488,#5489,#5490,#5491,#5492,#5493,
#5494,#5495,#5496,#5497),.UNSPECIFIED.,.F.,.F.,(4,3,3,4),(-0.0114819946928101,
-0.00911589207168628,-0.00872341528857304,0.),.UNSPECIFIED.);
#187=B_SPLINE_CURVE_WITH_KNOTS('',3,(#5499,#5500,#5501,#5502,#5503,#5504,
#5505,#5506,#5507,#5508,#5509,#5510,#5511,#5512,#5513,#5514,#5515,#5516,
#5517,#5518,#5519,#5520),.UNSPECIFIED.,.F.,.F.,(4,3,3,3,3,3,3,4),(-0.09148683747819,
-0.0750321641481719,-0.0601260546232435,-0.0382101147615166,-0.0366554873475027,
-0.0208661012156688,-0.0199171494225475,0.),.UNSPECIFIED.);
#188=B_SPLINE_CURVE_WITH_KNOTS('',3,(#5543,#5544,#5545,#5546,#5547,#5548,
#5549,#5550,#5551,#5552,#5553,#5554),.UNSPECIFIED.,.F.,.F.,(4,2,2,2,2,4),
(-0.0286398915965133,-0.0227928568445589,-0.0182579114931875,-0.0142195853524046,
-0.0088557469008319,0.),.UNSPECIFIED.);
#189=B_SPLINE_CURVE_WITH_KNOTS('',3,(#5603,#5604,#5605,#5606,#5607,#5608,
#5609,#5610,#5611,#5612,#5613,#5614,#5615,#5616,#5617,#5618,#5619,#5620,
#5621),.UNSPECIFIED.,.F.,.F.,(4,3,3,3,3,3,4),(0.,0.017159194625758,0.0324225582576328,
0.0327575299498677,0.0531555723588335,0.0687155467130089,0.0837442085388468),
 .UNSPECIFIED.);
#190=B_SPLINE_CURVE_WITH_KNOTS('',3,(#5636,#5637,#5638,#5639,#5640,#5641,
#5642,#5643,#5644,#5645,#5646,#5647,#5648),.UNSPECIFIED.,.F.,.F.,(4,3,3,
3,4),(0.,0.00870968498570565,0.00872343154419125,0.0105323606548694,0.0114799820495353),
 .UNSPECIFIED.);
#191=B_SPLINE_CURVE_WITH_KNOTS('',3,(#5674,#5675,#5676,#5677,#5678,#5679,
#5680,#5681,#5682,#5683,#5684,#5685),.UNSPECIFIED.,.F.,.F.,(4,2,2,2,2,4),
(0.,0.00889739318122112,0.0142935264172622,0.0181567098510845,0.0226533460261976,
0.028567722640642),.UNSPECIFIED.);
#192=B_SPLINE_CURVE_WITH_KNOTS('',3,(#5695,#5696,#5697,#5698,#5699,#5700,
#5701,#5702,#5703,#5704),.UNSPECIFIED.,.F.,.F.,(4,3,3,4),(0.,0.00535831605144287,
0.00550983258213372,0.00938860642099471),.UNSPECIFIED.);
#193=B_SPLINE_CURVE_WITH_KNOTS('',3,(#5715,#5716,#5717,#5718,#5719,#5720,
#5721,#5722,#5723,#5724,#5725,#5726,#5727),.UNSPECIFIED.,.F.,.F.,(4,3,3,
3,4),(-0.0201724297314457,-0.0122285221866464,-0.0112197610319688,-0.00261606427155023,
0.),.UNSPECIFIED.);
#194=B_SPLINE_CURVE_WITH_KNOTS('',3,(#5731,#5732,#5733,#5734,#5735,#5736,
#5737,#5738),.UNSPECIFIED.,.F.,.F.,(4,2,2,4),(0.,0.0111579877953298,0.0147158105186684,
0.0174422957971992),.UNSPECIFIED.);
#195=B_SPLINE_CURVE_WITH_KNOTS('',3,(#5749,#5750,#5751,#5752,#5753,#5754,
#5755,#5756,#5757,#5758,#5759,#5760,#5761,#5762,#5763,#5764),
 .UNSPECIFIED.,.F.,.F.,(4,3,3,3,3,4),(-0.0148462769481266,-0.0121206106178117,
-0.00919791686282817,-0.00884878645073106,-0.0018737528037587,0.),
 .UNSPECIFIED.);
#196=B_SPLINE_CURVE_WITH_KNOTS('',3,(#5767,#5768,#5769,#5770,#5771,#5772,
#5773,#5774,#5775,#5776,#5777,#5778,#5779),.UNSPECIFIED.,.F.,.F.,(4,3,3,
3,4),(0.,0.00711497420000574,0.00935780049659947,0.0145260602214595,0.0267765410534907),
 .UNSPECIFIED.);
#197=B_SPLINE_CURVE_WITH_KNOTS('',3,(#5790,#5791,#5792,#5793,#5794,#5795,
#5796,#5797,#5798,#5799,#5800,#5801),.UNSPECIFIED.,.F.,.F.,(4,2,2,2,2,4),
(-0.108222166651988,-0.0913925662125479,-0.0755479251888394,-0.0471156654616165,
-0.0239594447313859,0.),.UNSPECIFIED.);
#198=B_SPLINE_CURVE_WITH_KNOTS('',3,(#5805,#5806,#5807,#5808,#5809,#5810,
#5811,#5812,#5813,#5814,#5815,#5816),.UNSPECIFIED.,.F.,.F.,(4,2,2,2,2,4),
(0.011398569847019,0.019174238655489,0.0379416136095343,0.0501778252814484,
0.0585180315028486,0.0651460790703323),.UNSPECIFIED.);
#199=B_SPLINE_CURVE_WITH_KNOTS('',3,(#5818,#5819,#5820,#5821,#5822,#5823,
#5824),.UNSPECIFIED.,.F.,.F.,(4,3,4),(0.,0.00899493845750461,0.011398569847019),
 .UNSPECIFIED.);
#200=B_SPLINE_CURVE_WITH_KNOTS('',3,(#5835,#5836,#5837,#5838,#5839,#5840,
#5841,#5842),.UNSPECIFIED.,.F.,.F.,(4,2,2,4),(-0.0245366376892257,-0.0207881891005627,
-0.0159974429738045,0.),.UNSPECIFIED.);
#201=B_SPLINE_CURVE_WITH_KNOTS('',3,(#5845,#5846,#5847,#5848,#5849,#5850,
#5851,#5852),.UNSPECIFIED.,.F.,.F.,(4,2,2,4),(0.,0.0158761371319664,0.0208891652666442,
0.0247426193708382),.UNSPECIFIED.);
#202=B_SPLINE_CURVE_WITH_KNOTS('',3,(#5862,#5863,#5864,#5865,#5866,#5867,
#5868,#5869,#5870,#5871,#5872,#5873),.UNSPECIFIED.,.F.,.F.,(4,2,2,2,2,4),
(-0.0790845308409801,-0.0656602639772127,-0.0536525896993119,-0.0377570996729649,
-0.0215551349817587,0.),.UNSPECIFIED.);
#203=B_SPLINE_CURVE_WITH_KNOTS('',3,(#5875,#5876,#5877,#5878,#5879,#5880,
#5881,#5882,#5883,#5884,#5885,#5886),.UNSPECIFIED.,.F.,.F.,(4,2,2,2,2,4),
(0.,0.0165623655755481,0.0326291967469897,0.0426315224998381,0.0498138061275,
0.0590399071842121),.UNSPECIFIED.);
#204=B_SPLINE_CURVE_WITH_KNOTS('',3,(#5897,#5898,#5899,#5900,#5901,#5902),
 .UNSPECIFIED.,.F.,.F.,(4,2,4),(-0.0252629152032462,-0.0134336197083194,
0.),.UNSPECIFIED.);
#205=B_SPLINE_CURVE_WITH_KNOTS('',3,(#5906,#5907,#5908,#5909),
 .UNSPECIFIED.,.F.,.F.,(4,4),(0.0266430454502863,0.0289049116050572),
 .UNSPECIFIED.);
#206=B_SPLINE_CURVE_WITH_KNOTS('',3,(#5910,#5911,#5912,#5913,#5914,#5915,
#5916,#5917),.UNSPECIFIED.,.F.,.F.,(4,2,2,4),(0.,0.0134696733790768,0.0234222935935834,
0.0266430454502863),.UNSPECIFIED.);
#207=B_SPLINE_CURVE_WITH_KNOTS('',3,(#5927,#5928,#5929,#5930,#5931,#5932,
#5933,#5934,#5935,#5936,#5937,#5938,#5939),.UNSPECIFIED.,.F.,.F.,(4,3,3,
3,4),(-0.0119949462232155,-0.00957126943326498,-0.00856359072195887,-0.00814094243363501,
0.),.UNSPECIFIED.);
#208=B_SPLINE_CURVE_WITH_KNOTS('',3,(#5941,#5942,#5943,#5944,#5945,#5946,
#5947,#5948,#5949,#5950),.UNSPECIFIED.,.F.,.F.,(4,3,3,4),(0.,0.00821814406844357,
0.00855659397680489,0.0125231322803663),.UNSPECIFIED.);
#209=B_SPLINE_CURVE_WITH_KNOTS('',3,(#5967,#5968,#5969,#5970,#5971,#5972,
#5973,#5974,#5975,#5976,#5977,#5978,#5979),.UNSPECIFIED.,.F.,.F.,(4,3,3,
3,4),(-0.0105381005060928,-0.00779784823284247,-0.00717725446137989,-0.00683456660865921,
0.),.UNSPECIFIED.);
#210=B_SPLINE_CURVE_WITH_KNOTS('',3,(#5981,#5982,#5983,#5984,#5985,#5986,
#5987,#5988,#5989,#5990,#5991,#5992,#5993),.UNSPECIFIED.,.F.,.F.,(4,3,3,
3,4),(0.,0.00688835074187043,0.00718254253237465,0.0104751136446839,0.0111855040108273),
 .UNSPECIFIED.);
#211=B_SPLINE_CURVE_WITH_KNOTS('',3,(#6016,#6017,#6018,#6019,#6020,#6021,
#6022,#6023,#6024,#6025,#6026,#6027,#6028,#6029,#6030,#6031),
 .UNSPECIFIED.,.F.,.F.,(4,3,3,3,3,4),(-0.0835043106570825,-0.0678133510868705,
-0.0535094732559488,-0.0315672612135333,-0.0164916249505016,0.),
 .UNSPECIFIED.);
#212=B_SPLINE_CURVE_WITH_KNOTS('',3,(#6034,#6035,#6036,#6037,#6038,#6039,
#6040,#6041,#6042,#6043,#6044,#6045),.UNSPECIFIED.,.F.,.F.,(4,2,2,2,2,4),
(0.,0.0147001318506801,0.0263311028259341,0.0346228416083307,0.0401823023041434,
0.045409763168016),.UNSPECIFIED.);
#213=B_SPLINE_CURVE_WITH_KNOTS('',3,(#6061,#6062,#6063,#6064,#6065,#6066,
#6067),.UNSPECIFIED.,.F.,.F.,(4,3,4),(-0.0160754368407408,-0.0104865637741765,
0.),.UNSPECIFIED.);
#214=B_SPLINE_CURVE_WITH_KNOTS('',3,(#6070,#6071,#6072,#6073,#6074,#6075,
#6076),.UNSPECIFIED.,.F.,.F.,(4,3,4),(0.,0.0104500987058842,0.017398745458943),
 .UNSPECIFIED.);
#215=B_SPLINE_CURVE_WITH_KNOTS('',3,(#6085,#6086,#6087,#6088,#6089,#6090,
#6091,#6092,#6093,#6094,#6095,#6096,#6097),.UNSPECIFIED.,.F.,.F.,(4,3,3,
3,4),(-0.0116445706843649,-0.0084298850401272,-0.00803177011559083,-0.00750478364305478,
0.),.UNSPECIFIED.);
#216=B_SPLINE_CURVE_WITH_KNOTS('',3,(#6098,#6099,#6100,#6101,#6102,#6103,
#6104,#6105,#6106,#6107),.UNSPECIFIED.,.F.,.F.,(4,3,3,4),(0.,0.00768598530828928,
0.00806560151419245,0.0128189079792792),.UNSPECIFIED.);
#217=B_SPLINE_CURVE_WITH_KNOTS('',3,(#6123,#6124,#6125,#6126,#6127,#6128,
#6129,#6130,#6131,#6132,#6133,#6134,#6135),.UNSPECIFIED.,.F.,.F.,(4,3,3,
3,4),(-0.0320118871640934,-0.0137803365721331,-0.0119900052591011,-0.00214547824214085,
0.),.UNSPECIFIED.);
#218=B_SPLINE_CURVE_WITH_KNOTS('',3,(#6137,#6138,#6139,#6140,#6141,#6142),
 .UNSPECIFIED.,.F.,.F.,(4,2,4),(0.,0.0097486061801259,0.018110590629206),
 .UNSPECIFIED.);
#219=B_SPLINE_CURVE_WITH_KNOTS('',3,(#6152,#6153,#6154,#6155,#6156,#6157,
#6158,#6159,#6160,#6161,#6162,#6163,#6164),.UNSPECIFIED.,.F.,.F.,(4,3,3,
3,4),(-0.0369231166589434,-0.0162938187705521,-0.0141697461626188,-0.00254693650734199,
0.),.UNSPECIFIED.);
#220=B_SPLINE_CURVE_WITH_KNOTS('',3,(#6165,#6166,#6167,#6168,#6169,#6170),
 .UNSPECIFIED.,.F.,.F.,(4,2,4),(0.,0.0107947400677207,0.0166343844467512),
 .UNSPECIFIED.);
#221=STYLED_ITEM('',(#6226),#2622);
#222=STYLED_ITEM('',(#6225),#2623);
#223=STYLED_ITEM('',(#6225),#2645);
#224=STYLED_ITEM('',(#6225),#2678);
#225=STYLED_ITEM('',(#6225),#2679);
#226=STYLED_ITEM('',(#6225),#2698);
#227=STYLED_ITEM('',(#6225),#2699);
#228=STYLED_ITEM('',(#6225),#2718);
#229=STYLED_ITEM('',(#6225),#2719);
#230=STYLED_ITEM('',(#6225),#2755);
#231=STYLED_ITEM('',(#6226),#2756);
#232=STYLED_ITEM('',(#6226),#2757);
#233=STYLED_ITEM('',(#6226),#2758);
#234=STYLED_ITEM('',(#6226),#2763);
#235=STYLED_ITEM('',(#6226),#2764);
#236=STYLED_ITEM('',(#6224),#238);
#237=STYLED_ITEM('',(#6224),#239);
#238=MANIFOLD_SOLID_BREP('Solid1',#2765);
#239=MANIFOLD_SOLID_BREP('Solid1',#2766);
#240=FACE_BOUND('',#466,.T.);
#241=FACE_BOUND('',#491,.T.);
#242=FACE_BOUND('',#526,.T.);
#243=FACE_BOUND('',#603,.T.);
#244=FACE_BOUND('',#605,.T.);
#245=FACE_BOUND('',#609,.T.);
#246=TOROIDAL_SURFACE('',#2790,0.0923622047244094,0.01);
#247=TOROIDAL_SURFACE('',#2945,0.0923622047244094,0.01);
#248=PLANE('',#2789);
#249=PLANE('',#2796);
#250=PLANE('',#2797);
#251=PLANE('',#2804);
#252=PLANE('',#2806);
#253=PLANE('',#2807);
#254=PLANE('',#2808);
#255=PLANE('',#2815);
#256=PLANE('',#2817);
#257=PLANE('',#2819);
#258=PLANE('',#2820);
#259=PLANE('',#2823);
#260=PLANE('',#2824);
#261=PLANE('',#2826);
#262=PLANE('',#2830);
#263=PLANE('',#2831);
#264=PLANE('',#2834);
#265=PLANE('',#2837);
#266=PLANE('',#2838);
#267=PLANE('',#2839);
#268=PLANE('',#2842);
#269=PLANE('',#2843);
#270=PLANE('',#2846);
#271=PLANE('',#2847);
#272=PLANE('',#2851);
#273=PLANE('',#2854);
#274=PLANE('',#2857);
#275=PLANE('',#2860);
#276=PLANE('',#2861);
#277=PLANE('',#2862);
#278=PLANE('',#2869);
#279=PLANE('',#2872);
#280=PLANE('',#2873);
#281=PLANE('',#2874);
#282=PLANE('',#2877);
#283=PLANE('',#2880);
#284=PLANE('',#2881);
#285=PLANE('',#2885);
#286=PLANE('',#2886);
#287=PLANE('',#2889);
#288=PLANE('',#2893);
#289=PLANE('',#2894);
#290=PLANE('',#2906);
#291=PLANE('',#2907);
#292=PLANE('',#2910);
#293=PLANE('',#2912);
#294=PLANE('',#2913);
#295=PLANE('',#2914);
#296=PLANE('',#2917);
#297=PLANE('',#2919);
#298=PLANE('',#2920);
#299=PLANE('',#2922);
#300=PLANE('',#2923);
#301=PLANE('',#2925);
#302=PLANE('',#2927);
#303=PLANE('',#2928);
#304=PLANE('',#2931);
#305=PLANE('',#2932);
#306=PLANE('',#2935);
#307=PLANE('',#2936);
#308=PLANE('',#2943);
#309=PLANE('',#2950);
#310=PLANE('',#2952);
#311=FACE_OUTER_BOUND('',#460,.T.);
#312=FACE_OUTER_BOUND('',#461,.T.);
#313=FACE_OUTER_BOUND('',#462,.T.);
#314=FACE_OUTER_BOUND('',#463,.T.);
#315=FACE_OUTER_BOUND('',#464,.T.);
#316=FACE_OUTER_BOUND('',#465,.T.);
#317=FACE_OUTER_BOUND('',#467,.T.);
#318=FACE_OUTER_BOUND('',#468,.T.);
#319=FACE_OUTER_BOUND('',#469,.T.);
#320=FACE_OUTER_BOUND('',#470,.T.);
#321=FACE_OUTER_BOUND('',#471,.T.);
#322=FACE_OUTER_BOUND('',#472,.T.);
#323=FACE_OUTER_BOUND('',#473,.T.);
#324=FACE_OUTER_BOUND('',#474,.T.);
#325=FACE_OUTER_BOUND('',#475,.T.);
#326=FACE_OUTER_BOUND('',#476,.T.);
#327=FACE_OUTER_BOUND('',#477,.T.);
#328=FACE_OUTER_BOUND('',#478,.T.);
#329=FACE_OUTER_BOUND('',#479,.T.);
#330=FACE_OUTER_BOUND('',#480,.T.);
#331=FACE_OUTER_BOUND('',#481,.T.);
#332=FACE_OUTER_BOUND('',#482,.T.);
#333=FACE_OUTER_BOUND('',#483,.T.);
#334=FACE_OUTER_BOUND('',#484,.T.);
#335=FACE_OUTER_BOUND('',#485,.T.);
#336=FACE_OUTER_BOUND('',#486,.T.);
#337=FACE_OUTER_BOUND('',#487,.T.);
#338=FACE_OUTER_BOUND('',#488,.T.);
#339=FACE_OUTER_BOUND('',#489,.T.);
#340=FACE_OUTER_BOUND('',#490,.T.);
#341=FACE_OUTER_BOUND('',#492,.T.);
#342=FACE_OUTER_BOUND('',#493,.T.);
#343=FACE_OUTER_BOUND('',#494,.T.);
#344=FACE_OUTER_BOUND('',#495,.T.);
#345=FACE_OUTER_BOUND('',#496,.T.);
#346=FACE_OUTER_BOUND('',#497,.T.);
#347=FACE_OUTER_BOUND('',#498,.T.);
#348=FACE_OUTER_BOUND('',#499,.T.);
#349=FACE_OUTER_BOUND('',#500,.T.);
#350=FACE_OUTER_BOUND('',#501,.T.);
#351=FACE_OUTER_BOUND('',#502,.T.);
#352=FACE_OUTER_BOUND('',#503,.T.);
#353=FACE_OUTER_BOUND('',#504,.T.);
#354=FACE_OUTER_BOUND('',#505,.T.);
#355=FACE_OUTER_BOUND('',#506,.T.);
#356=FACE_OUTER_BOUND('',#507,.T.);
#357=FACE_OUTER_BOUND('',#508,.T.);
#358=FACE_OUTER_BOUND('',#509,.T.);
#359=FACE_OUTER_BOUND('',#510,.T.);
#360=FACE_OUTER_BOUND('',#511,.T.);
#361=FACE_OUTER_BOUND('',#512,.T.);
#362=FACE_OUTER_BOUND('',#513,.T.);
#363=FACE_OUTER_BOUND('',#514,.T.);
#364=FACE_OUTER_BOUND('',#515,.T.);
#365=FACE_OUTER_BOUND('',#516,.T.);
#366=FACE_OUTER_BOUND('',#517,.T.);
#367=FACE_OUTER_BOUND('',#518,.T.);
#368=FACE_OUTER_BOUND('',#519,.T.);
#369=FACE_OUTER_BOUND('',#520,.T.);
#370=FACE_OUTER_BOUND('',#521,.T.);
#371=FACE_OUTER_BOUND('',#522,.T.);
#372=FACE_OUTER_BOUND('',#523,.T.);
#373=FACE_OUTER_BOUND('',#524,.T.);
#374=FACE_OUTER_BOUND('',#525,.T.);
#375=FACE_OUTER_BOUND('',#527,.T.);
#376=FACE_OUTER_BOUND('',#528,.T.);
#377=FACE_OUTER_BOUND('',#529,.T.);
#378=FACE_OUTER_BOUND('',#530,.T.);
#379=FACE_OUTER_BOUND('',#531,.T.);
#380=FACE_OUTER_BOUND('',#532,.T.);
#381=FACE_OUTER_BOUND('',#533,.T.);
#382=FACE_OUTER_BOUND('',#534,.T.);
#383=FACE_OUTER_BOUND('',#535,.T.);
#384=FACE_OUTER_BOUND('',#536,.T.);
#385=FACE_OUTER_BOUND('',#537,.T.);
#386=FACE_OUTER_BOUND('',#538,.T.);
#387=FACE_OUTER_BOUND('',#539,.T.);
#388=FACE_OUTER_BOUND('',#540,.T.);
#389=FACE_OUTER_BOUND('',#541,.T.);
#390=FACE_OUTER_BOUND('',#542,.T.);
#391=FACE_OUTER_BOUND('',#543,.T.);
#392=FACE_OUTER_BOUND('',#544,.T.);
#393=FACE_OUTER_BOUND('',#545,.T.);
#394=FACE_OUTER_BOUND('',#546,.T.);
#395=FACE_OUTER_BOUND('',#547,.T.);
#396=FACE_OUTER_BOUND('',#548,.T.);
#397=FACE_OUTER_BOUND('',#549,.T.);
#398=FACE_OUTER_BOUND('',#550,.T.);
#399=FACE_OUTER_BOUND('',#551,.T.);
#400=FACE_OUTER_BOUND('',#552,.T.);
#401=FACE_OUTER_BOUND('',#553,.T.);
#402=FACE_OUTER_BOUND('',#554,.T.);
#403=FACE_OUTER_BOUND('',#555,.T.);
#404=FACE_OUTER_BOUND('',#556,.T.);
#405=FACE_OUTER_BOUND('',#557,.T.);
#406=FACE_OUTER_BOUND('',#558,.T.);
#407=FACE_OUTER_BOUND('',#559,.T.);
#408=FACE_OUTER_BOUND('',#560,.T.);
#409=FACE_OUTER_BOUND('',#561,.T.);
#410=FACE_OUTER_BOUND('',#562,.T.);
#411=FACE_OUTER_BOUND('',#563,.T.);
#412=FACE_OUTER_BOUND('',#564,.T.);
#413=FACE_OUTER_BOUND('',#565,.T.);
#414=FACE_OUTER_BOUND('',#566,.T.);
#415=FACE_OUTER_BOUND('',#567,.T.);
#416=FACE_OUTER_BOUND('',#568,.T.);
#417=FACE_OUTER_BOUND('',#569,.T.);
#418=FACE_OUTER_BOUND('',#570,.T.);
#419=FACE_OUTER_BOUND('',#571,.T.);
#420=FACE_OUTER_BOUND('',#572,.T.);
#421=FACE_OUTER_BOUND('',#573,.T.);
#422=FACE_OUTER_BOUND('',#574,.T.);
#423=FACE_OUTER_BOUND('',#575,.T.);
#424=FACE_OUTER_BOUND('',#576,.T.);
#425=FACE_OUTER_BOUND('',#577,.T.);
#426=FACE_OUTER_BOUND('',#578,.T.);
#427=FACE_OUTER_BOUND('',#579,.T.);
#428=FACE_OUTER_BOUND('',#580,.T.);
#429=FACE_OUTER_BOUND('',#581,.T.);
#430=FACE_OUTER_BOUND('',#582,.T.);
#431=FACE_OUTER_BOUND('',#583,.T.);
#432=FACE_OUTER_BOUND('',#584,.T.);
#433=FACE_OUTER_BOUND('',#585,.T.);
#434=FACE_OUTER_BOUND('',#586,.T.);
#435=FACE_OUTER_BOUND('',#587,.T.);
#436=FACE_OUTER_BOUND('',#588,.T.);
#437=FACE_OUTER_BOUND('',#589,.T.);
#438=FACE_OUTER_BOUND('',#590,.T.);
#439=FACE_OUTER_BOUND('',#591,.T.);
#440=FACE_OUTER_BOUND('',#592,.T.);
#441=FACE_OUTER_BOUND('',#593,.T.);
#442=FACE_OUTER_BOUND('',#594,.T.);
#443=FACE_OUTER_BOUND('',#595,.T.);
#444=FACE_OUTER_BOUND('',#596,.T.);
#445=FACE_OUTER_BOUND('',#597,.T.);
#446=FACE_OUTER_BOUND('',#598,.T.);
#447=FACE_OUTER_BOUND('',#599,.T.);
#448=FACE_OUTER_BOUND('',#600,.T.);
#449=FACE_OUTER_BOUND('',#601,.T.);
#450=FACE_OUTER_BOUND('',#602,.T.);
#451=FACE_OUTER_BOUND('',#604,.T.);
#452=FACE_OUTER_BOUND('',#606,.T.);
#453=FACE_OUTER_BOUND('',#607,.T.);
#454=FACE_OUTER_BOUND('',#608,.T.);
#455=FACE_OUTER_BOUND('',#610,.T.);
#456=FACE_OUTER_BOUND('',#611,.T.);
#457=FACE_OUTER_BOUND('',#612,.T.);
#458=FACE_OUTER_BOUND('',#613,.T.);
#459=FACE_OUTER_BOUND('',#614,.T.);
#460=EDGE_LOOP('',(#1769,#1770,#1771,#1772));
#461=EDGE_LOOP('',(#1773));
#462=EDGE_LOOP('',(#1774,#1775,#1776,#1777));
#463=EDGE_LOOP('',(#1778,#1779,#1780,#1781));
#464=EDGE_LOOP('',(#1782));
#465=EDGE_LOOP('',(#1783));
#466=EDGE_LOOP('',(#1784));
#467=EDGE_LOOP('',(#1785,#1786,#1787,#1788,#1789,#1790));
#468=EDGE_LOOP('',(#1791,#1792,#1793,#1794,#1795,#1796,#1797,#1798,#1799,
#1800,#1801,#1802,#1803,#1804,#1805,#1806,#1807,#1808,#1809,#1810,#1811));
#469=EDGE_LOOP('',(#1812,#1813,#1814,#1815));
#470=EDGE_LOOP('',(#1816,#1817,#1818,#1819));
#471=EDGE_LOOP('',(#1820,#1821,#1822,#1823));
#472=EDGE_LOOP('',(#1824,#1825,#1826,#1827));
#473=EDGE_LOOP('',(#1828,#1829,#1830,#1831,#1832));
#474=EDGE_LOOP('',(#1833,#1834,#1835,#1836));
#475=EDGE_LOOP('',(#1837,#1838,#1839,#1840));
#476=EDGE_LOOP('',(#1841,#1842,#1843,#1844));
#477=EDGE_LOOP('',(#1845,#1846,#1847,#1848));
#478=EDGE_LOOP('',(#1849,#1850,#1851,#1852,#1853));
#479=EDGE_LOOP('',(#1854,#1855,#1856,#1857));
#480=EDGE_LOOP('',(#1858,#1859,#1860,#1861));
#481=EDGE_LOOP('',(#1862,#1863,#1864,#1865));
#482=EDGE_LOOP('',(#1866,#1867,#1868,#1869));
#483=EDGE_LOOP('',(#1870,#1871,#1872,#1873));
#484=EDGE_LOOP('',(#1874,#1875,#1876,#1877));
#485=EDGE_LOOP('',(#1878,#1879,#1880,#1881));
#486=EDGE_LOOP('',(#1882,#1883,#1884,#1885));
#487=EDGE_LOOP('',(#1886,#1887,#1888,#1889));
#488=EDGE_LOOP('',(#1890,#1891,#1892,#1893));
#489=EDGE_LOOP('',(#1894,#1895,#1896,#1897));
#490=EDGE_LOOP('',(#1898,#1899,#1900,#1901,#1902,#1903,#1904,#1905,#1906));
#491=EDGE_LOOP('',(#1907,#1908,#1909,#1910,#1911));
#492=EDGE_LOOP('',(#1912,#1913,#1914,#1915));
#493=EDGE_LOOP('',(#1916,#1917,#1918,#1919));
#494=EDGE_LOOP('',(#1920,#1921,#1922,#1923));
#495=EDGE_LOOP('',(#1924,#1925,#1926,#1927));
#496=EDGE_LOOP('',(#1928,#1929,#1930,#1931));
#497=EDGE_LOOP('',(#1932,#1933,#1934,#1935));
#498=EDGE_LOOP('',(#1936,#1937,#1938,#1939,#1940));
#499=EDGE_LOOP('',(#1941,#1942,#1943,#1944,#1945));
#500=EDGE_LOOP('',(#1946,#1947,#1948,#1949));
#501=EDGE_LOOP('',(#1950,#1951,#1952,#1953));
#502=EDGE_LOOP('',(#1954,#1955,#1956,#1957));
#503=EDGE_LOOP('',(#1958,#1959,#1960,#1961));
#504=EDGE_LOOP('',(#1962,#1963,#1964,#1965));
#505=EDGE_LOOP('',(#1966,#1967,#1968,#1969));
#506=EDGE_LOOP('',(#1970,#1971,#1972,#1973,#1974));
#507=EDGE_LOOP('',(#1975,#1976,#1977,#1978));
#508=EDGE_LOOP('',(#1979,#1980,#1981,#1982));
#509=EDGE_LOOP('',(#1983,#1984,#1985,#1986));
#510=EDGE_LOOP('',(#1987,#1988,#1989,#1990));
#511=EDGE_LOOP('',(#1991,#1992,#1993,#1994));
#512=EDGE_LOOP('',(#1995,#1996,#1997,#1998));
#513=EDGE_LOOP('',(#1999,#2000,#2001,#2002));
#514=EDGE_LOOP('',(#2003,#2004,#2005,#2006));
#515=EDGE_LOOP('',(#2007,#2008,#2009,#2010));
#516=EDGE_LOOP('',(#2011,#2012,#2013,#2014));
#517=EDGE_LOOP('',(#2015,#2016,#2017,#2018));
#518=EDGE_LOOP('',(#2019,#2020,#2021,#2022));
#519=EDGE_LOOP('',(#2023,#2024,#2025,#2026));
#520=EDGE_LOOP('',(#2027,#2028,#2029,#2030));
#521=EDGE_LOOP('',(#2031,#2032,#2033,#2034,#2035));
#522=EDGE_LOOP('',(#2036,#2037,#2038,#2039));
#523=EDGE_LOOP('',(#2040,#2041,#2042,#2043));
#524=EDGE_LOOP('',(#2044,#2045,#2046,#2047,#2048,#2049,#2050,#2051,#2052,
#2053,#2054,#2055,#2056,#2057,#2058,#2059,#2060,#2061));
#525=EDGE_LOOP('',(#2062,#2063,#2064,#2065,#2066,#2067,#2068,#2069));
#526=EDGE_LOOP('',(#2070,#2071,#2072,#2073,#2074,#2075));
#527=EDGE_LOOP('',(#2076,#2077,#2078,#2079));
#528=EDGE_LOOP('',(#2080,#2081,#2082,#2083));
#529=EDGE_LOOP('',(#2084,#2085,#2086,#2087));
#530=EDGE_LOOP('',(#2088,#2089,#2090,#2091));
#531=EDGE_LOOP('',(#2092,#2093,#2094,#2095));
#532=EDGE_LOOP('',(#2096,#2097,#2098,#2099,#2100));
#533=EDGE_LOOP('',(#2101,#2102,#2103,#2104));
#534=EDGE_LOOP('',(#2105,#2106,#2107,#2108));
#535=EDGE_LOOP('',(#2109,#2110,#2111,#2112));
#536=EDGE_LOOP('',(#2113,#2114,#2115,#2116));
#537=EDGE_LOOP('',(#2117,#2118,#2119,#2120,#2121));
#538=EDGE_LOOP('',(#2122,#2123,#2124,#2125));
#539=EDGE_LOOP('',(#2126,#2127,#2128,#2129));
#540=EDGE_LOOP('',(#2130,#2131,#2132,#2133));
#541=EDGE_LOOP('',(#2134,#2135,#2136,#2137));
#542=EDGE_LOOP('',(#2138,#2139,#2140,#2141));
#543=EDGE_LOOP('',(#2142,#2143,#2144,#2145));
#544=EDGE_LOOP('',(#2146,#2147,#2148,#2149));
#545=EDGE_LOOP('',(#2150,#2151,#2152,#2153));
#546=EDGE_LOOP('',(#2154,#2155,#2156,#2157));
#547=EDGE_LOOP('',(#2158,#2159,#2160,#2161,#2162));
#548=EDGE_LOOP('',(#2163,#2164,#2165,#2166));
#549=EDGE_LOOP('',(#2167,#2168,#2169,#2170));
#550=EDGE_LOOP('',(#2171,#2172,#2173,#2174,#2175));
#551=EDGE_LOOP('',(#2176,#2177,#2178,#2179));
#552=EDGE_LOOP('',(#2180,#2181,#2182,#2183));
#553=EDGE_LOOP('',(#2184,#2185,#2186,#2187));
#554=EDGE_LOOP('',(#2188,#2189,#2190,#2191,#2192));
#555=EDGE_LOOP('',(#2193,#2194,#2195,#2196));
#556=EDGE_LOOP('',(#2197,#2198,#2199,#2200));
#557=EDGE_LOOP('',(#2201,#2202,#2203,#2204));
#558=EDGE_LOOP('',(#2205,#2206,#2207,#2208,#2209));
#559=EDGE_LOOP('',(#2210,#2211,#2212,#2213,#2214));
#560=EDGE_LOOP('',(#2215,#2216,#2217,#2218));
#561=EDGE_LOOP('',(#2219,#2220,#2221,#2222));
#562=EDGE_LOOP('',(#2223,#2224,#2225,#2226));
#563=EDGE_LOOP('',(#2227,#2228,#2229,#2230,#2231));
#564=EDGE_LOOP('',(#2232,#2233,#2234,#2235));
#565=EDGE_LOOP('',(#2236,#2237,#2238,#2239,#2240,#2241,#2242,#2243,#2244,
#2245,#2246,#2247,#2248,#2249));
#566=EDGE_LOOP('',(#2250,#2251,#2252,#2253,#2254,#2255,#2256,#2257,#2258,
#2259,#2260,#2261,#2262,#2263,#2264,#2265,#2266));
#567=EDGE_LOOP('',(#2267,#2268,#2269,#2270));
#568=EDGE_LOOP('',(#2271,#2272,#2273,#2274,#2275));
#569=EDGE_LOOP('',(#2276,#2277,#2278,#2279));
#570=EDGE_LOOP('',(#2280,#2281,#2282,#2283));
#571=EDGE_LOOP('',(#2284,#2285,#2286,#2287));
#572=EDGE_LOOP('',(#2288,#2289,#2290,#2291,#2292));
#573=EDGE_LOOP('',(#2293,#2294,#2295,#2296));
#574=EDGE_LOOP('',(#2297,#2298,#2299,#2300));
#575=EDGE_LOOP('',(#2301,#2302,#2303,#2304));
#576=EDGE_LOOP('',(#2305,#2306,#2307,#2308));
#577=EDGE_LOOP('',(#2309,#2310,#2311,#2312));
#578=EDGE_LOOP('',(#2313,#2314,#2315,#2316));
#579=EDGE_LOOP('',(#2317,#2318,#2319,#2320));
#580=EDGE_LOOP('',(#2321,#2322,#2323,#2324));
#581=EDGE_LOOP('',(#2325,#2326,#2327,#2328));
#582=EDGE_LOOP('',(#2329,#2330,#2331,#2332));
#583=EDGE_LOOP('',(#2333,#2334,#2335,#2336));
#584=EDGE_LOOP('',(#2337,#2338,#2339,#2340));
#585=EDGE_LOOP('',(#2341,#2342,#2343,#2344));
#586=EDGE_LOOP('',(#2345,#2346,#2347,#2348,#2349));
#587=EDGE_LOOP('',(#2350,#2351,#2352,#2353));
#588=EDGE_LOOP('',(#2354,#2355,#2356,#2357));
#589=EDGE_LOOP('',(#2358,#2359,#2360,#2361,#2362));
#590=EDGE_LOOP('',(#2363,#2364,#2365,#2366));
#591=EDGE_LOOP('',(#2367,#2368,#2369,#2370));
#592=EDGE_LOOP('',(#2371,#2372,#2373,#2374));
#593=EDGE_LOOP('',(#2375,#2376,#2377,#2378));
#594=EDGE_LOOP('',(#2379,#2380,#2381,#2382));
#595=EDGE_LOOP('',(#2383,#2384,#2385,#2386));
#596=EDGE_LOOP('',(#2387,#2388,#2389,#2390));
#597=EDGE_LOOP('',(#2391,#2392,#2393,#2394));
#598=EDGE_LOOP('',(#2395,#2396,#2397,#2398));
#599=EDGE_LOOP('',(#2399,#2400,#2401,#2402));
#600=EDGE_LOOP('',(#2403,#2404,#2405,#2406));
#601=EDGE_LOOP('',(#2407,#2408,#2409,#2410));
#602=EDGE_LOOP('',(#2411,#2412,#2413,#2414,#2415,#2416,#2417,#2418,#2419,
#2420,#2421,#2422,#2423));
#603=EDGE_LOOP('',(#2424,#2425,#2426,#2427,#2428));
#604=EDGE_LOOP('',(#2429,#2430,#2431,#2432,#2433,#2434,#2435,#2436,#2437,
#2438,#2439,#2440,#2441,#2442,#2443,#2444,#2445,#2446,#2447,#2448,#2449,
#2450,#2451,#2452,#2453,#2454,#2455,#2456,#2457,#2458,#2459,#2460,#2461,
#2462,#2463,#2464,#2465,#2466,#2467,#2468,#2469,#2470,#2471,#2472,#2473,
#2474,#2475,#2476,#2477,#2478,#2479,#2480,#2481,#2482,#2483,#2484,#2485,
#2486,#2487,#2488,#2489,#2490,#2491,#2492,#2493,#2494,#2495,#2496,#2497,
#2498,#2499,#2500,#2501,#2502,#2503,#2504,#2505,#2506,#2507,#2508,#2509,
#2510,#2511,#2512,#2513,#2514,#2515,#2516,#2517,#2518,#2519,#2520,#2521,
#2522,#2523,#2524,#2525,#2526,#2527,#2528,#2529,#2530,#2531,#2532,#2533,
#2534,#2535,#2536,#2537,#2538,#2539,#2540,#2541,#2542,#2543,#2544,#2545,
#2546,#2547,#2548,#2549,#2550,#2551,#2552,#2553,#2554,#2555,#2556,#2557,
#2558,#2559,#2560,#2561,#2562,#2563,#2564,#2565,#2566));
#605=EDGE_LOOP('',(#2567,#2568,#2569,#2570));
#606=EDGE_LOOP('',(#2571,#2572,#2573,#2574,#2575));
#607=EDGE_LOOP('',(#2576,#2577,#2578,#2579,#2580,#2581));
#608=EDGE_LOOP('',(#2582));
#609=EDGE_LOOP('',(#2583));
#610=EDGE_LOOP('',(#2584,#2585,#2586,#2587));
#611=EDGE_LOOP('',(#2588,#2589,#2590,#2591));
#612=EDGE_LOOP('',(#2592));
#613=EDGE_LOOP('',(#2593,#2594,#2595,#2596,#2597));
#614=EDGE_LOOP('',(#2598));
#615=LINE('',#3483,#804);
#616=LINE('',#3495,#805);
#617=LINE('',#3501,#806);
#618=LINE('',#3645,#807);
#619=LINE('',#3761,#808);
#620=LINE('',#3764,#809);
#621=LINE('',#3767,#810);
#622=LINE('',#3784,#811);
#623=LINE('',#3806,#812);
#624=LINE('',#3809,#813);
#625=LINE('',#3810,#814);
#626=LINE('',#3835,#815);
#627=LINE('',#3845,#816);
#628=LINE('',#3875,#817);
#629=LINE('',#3885,#818);
#630=LINE('',#3930,#819);
#631=LINE('',#3940,#820);
#632=LINE('',#3984,#821);
#633=LINE('',#3994,#822);
#634=LINE('',#4021,#823);
#635=LINE('',#4031,#824);
#636=LINE('',#4070,#825);
#637=LINE('',#4080,#826);
#638=LINE('',#4114,#827);
#639=LINE('',#4124,#828);
#640=LINE('',#4140,#829);
#641=LINE('',#4141,#830);
#642=LINE('',#4151,#831);
#643=LINE('',#4229,#832);
#644=LINE('',#4233,#833);
#645=LINE('',#4308,#834);
#646=LINE('',#4311,#835);
#647=LINE('',#4321,#836);
#648=LINE('',#4344,#837);
#649=LINE('',#4359,#838);
#650=LINE('',#4362,#839);
#651=LINE('',#4365,#840);
#652=LINE('',#4366,#841);
#653=LINE('',#4376,#842);
#654=LINE('',#4390,#843);
#655=LINE('',#4400,#844);
#656=LINE('',#4423,#845);
#657=LINE('',#4424,#846);
#658=LINE('',#4434,#847);
#659=LINE('',#4450,#848);
#660=LINE('',#4487,#849);
#661=LINE('',#4520,#850);
#662=LINE('',#4525,#851);
#663=LINE('',#4567,#852);
#664=LINE('',#4570,#853);
#665=LINE('',#4572,#854);
#666=LINE('',#4573,#855);
#667=LINE('',#4601,#856);
#668=LINE('',#4606,#857);
#669=LINE('',#4613,#858);
#670=LINE('',#4616,#859);
#671=LINE('',#4618,#860);
#672=LINE('',#4619,#861);
#673=LINE('',#4622,#862);
#674=LINE('',#4624,#863);
#675=LINE('',#4625,#864);
#676=LINE('',#4630,#865);
#677=LINE('',#4671,#866);
#678=LINE('',#4674,#867);
#679=LINE('',#4676,#868);
#680=LINE('',#4677,#869);
#681=LINE('',#4714,#870);
#682=LINE('',#4719,#871);
#683=LINE('',#4760,#872);
#684=LINE('',#4763,#873);
#685=LINE('',#4765,#874);
#686=LINE('',#4766,#875);
#687=LINE('',#4774,#876);
#688=LINE('',#4779,#877);
#689=LINE('',#4782,#878);
#690=LINE('',#4783,#879);
#691=LINE('',#4937,#880);
#692=LINE('',#4945,#881);
#693=LINE('',#4955,#882);
#694=LINE('',#4979,#883);
#695=LINE('',#5003,#884);
#696=LINE('',#5013,#885);
#697=LINE('',#5031,#886);
#698=LINE('',#5054,#887);
#699=LINE('',#5064,#888);
#700=LINE('',#5090,#889);
#701=LINE('',#5100,#890);
#702=LINE('',#5126,#891);
#703=LINE('',#5165,#892);
#704=LINE('',#5188,#893);
#705=LINE('',#5208,#894);
#706=LINE('',#5211,#895);
#707=LINE('',#5214,#896);
#708=LINE('',#5216,#897);
#709=LINE('',#5217,#898);
#710=LINE('',#5220,#899);
#711=LINE('',#5222,#900);
#712=LINE('',#5223,#901);
#713=LINE('',#5233,#902);
#714=LINE('',#5236,#903);
#715=LINE('',#5239,#904);
#716=LINE('',#5244,#905);
#717=LINE('',#5247,#906);
#718=LINE('',#5248,#907);
#719=LINE('',#5251,#908);
#720=LINE('',#5252,#909);
#721=LINE('',#5262,#910);
#722=LINE('',#5265,#911);
#723=LINE('',#5268,#912);
#724=LINE('',#5270,#913);
#725=LINE('',#5271,#914);
#726=LINE('',#5290,#915);
#727=LINE('',#5314,#916);
#728=LINE('',#5338,#917);
#729=LINE('',#5351,#918);
#730=LINE('',#5353,#919);
#731=LINE('',#5354,#920);
#732=LINE('',#5371,#921);
#733=LINE('',#5389,#922);
#734=LINE('',#5394,#923);
#735=LINE('',#5413,#924);
#736=LINE('',#5416,#925);
#737=LINE('',#5418,#926);
#738=LINE('',#5419,#927);
#739=LINE('',#5442,#928);
#740=LINE('',#5446,#929);
#741=LINE('',#5484,#930);
#742=LINE('',#5524,#931);
#743=LINE('',#5528,#932);
#744=LINE('',#5532,#933);
#745=LINE('',#5536,#934);
#746=LINE('',#5540,#935);
#747=LINE('',#5557,#936);
#748=LINE('',#5559,#937);
#749=LINE('',#5560,#938);
#750=LINE('',#5566,#939);
#751=LINE('',#5569,#940);
#752=LINE('',#5573,#941);
#753=LINE('',#5574,#942);
#754=LINE('',#5577,#943);
#755=LINE('',#5578,#944);
#756=LINE('',#5584,#945);
#757=LINE('',#5587,#946);
#758=LINE('',#5591,#947);
#759=LINE('',#5592,#948);
#760=LINE('',#5602,#949);
#761=LINE('',#5625,#950);
#762=LINE('',#5635,#951);
#763=LINE('',#5651,#952);
#764=LINE('',#5652,#953);
#765=LINE('',#5655,#954);
#766=LINE('',#5660,#955);
#767=LINE('',#5663,#956);
#768=LINE('',#5664,#957);
#769=LINE('',#5686,#958);
#770=LINE('',#5729,#959);
#771=LINE('',#5739,#960);
#772=LINE('',#5766,#961);
#773=LINE('',#5803,#962);
#774=LINE('',#5825,#963);
#775=LINE('',#5844,#964);
#776=LINE('',#5887,#965);
#777=LINE('',#5904,#966);
#778=LINE('',#5951,#967);
#779=LINE('',#5956,#968);
#780=LINE('',#5994,#969);
#781=LINE('',#5997,#970);
#782=LINE('',#5999,#971);
#783=LINE('',#6000,#972);
#784=LINE('',#6006,#973);
#785=LINE('',#6033,#974);
#786=LINE('',#6048,#975);
#787=LINE('',#6050,#976);
#788=LINE('',#6051,#977);
#789=LINE('',#6069,#978);
#790=LINE('',#6110,#979);
#791=LINE('',#6112,#980);
#792=LINE('',#6113,#981);
#793=LINE('',#6143,#982);
#794=LINE('',#6175,#983);
#795=LINE('',#6176,#984);
#796=LINE('',#6177,#985);
#797=LINE('',#6178,#986);
#798=LINE('',#6179,#987);
#799=LINE('',#6180,#988);
#800=LINE('',#6181,#989);
#801=LINE('',#6182,#990);
#802=LINE('',#6184,#991);
#803=LINE('',#6198,#992);
#804=VECTOR('',#2959,0.102362204724409);
#805=VECTOR('',#2976,0.102362204724409);
#806=VECTOR('',#2983,0.085);
#807=VECTOR('',#2992,0.393700787401575);
#808=VECTOR('',#2995,0.393700787401575);
#809=VECTOR('',#2998,0.393700787401575);
#810=VECTOR('',#3001,0.393700787401575);
#811=VECTOR('',#3002,0.393700787401575);
#812=VECTOR('',#3003,0.393700787401575);
#813=VECTOR('',#3006,0.393700787401575);
#814=VECTOR('',#3007,0.393700787401575);
#815=VECTOR('',#3008,0.393700787401575);
#816=VECTOR('',#3009,0.393700787401575);
#817=VECTOR('',#3010,0.393700787401575);
#818=VECTOR('',#3011,0.393700787401575);
#819=VECTOR('',#3012,0.393700787401575);
#820=VECTOR('',#3013,0.393700787401575);
#821=VECTOR('',#3014,0.393700787401575);
#822=VECTOR('',#3015,0.393700787401575);
#823=VECTOR('',#3016,0.393700787401575);
#824=VECTOR('',#3017,0.393700787401575);
#825=VECTOR('',#3018,0.393700787401575);
#826=VECTOR('',#3019,0.393700787401575);
#827=VECTOR('',#3020,0.393700787401575);
#828=VECTOR('',#3021,0.393700787401575);
#829=VECTOR('',#3024,0.393700787401575);
#830=VECTOR('',#3025,0.393700787401575);
#831=VECTOR('',#3026,0.393700787401575);
#832=VECTOR('',#3035,0.393700787401575);
#833=VECTOR('',#3038,0.393700787401575);
#834=VECTOR('',#3045,0.393700787401575);
#835=VECTOR('',#3048,0.393700787401575);
#836=VECTOR('',#3049,0.393700787401575);
#837=VECTOR('',#3050,0.393700787401575);
#838=VECTOR('',#3053,0.393700787401575);
#839=VECTOR('',#3056,0.393700787401575);
#840=VECTOR('',#3059,0.393700787401575);
#841=VECTOR('',#3060,0.393700787401575);
#842=VECTOR('',#3061,0.393700787401575);
#843=VECTOR('',#3068,0.393700787401575);
#844=VECTOR('',#3069,0.393700787401575);
#845=VECTOR('',#3072,0.393700787401575);
#846=VECTOR('',#3073,0.393700787401575);
#847=VECTOR('',#3074,0.393700787401575);
#848=VECTOR('',#3079,0.393700787401575);
#849=VECTOR('',#3080,0.393700787401575);
#850=VECTOR('',#3085,0.393700787401575);
#851=VECTOR('',#3090,0.393700787401575);
#852=VECTOR('',#3091,0.393700787401575);
#853=VECTOR('',#3094,0.393700787401575);
#854=VECTOR('',#3095,0.393700787401575);
#855=VECTOR('',#3096,0.393700787401575);
#856=VECTOR('',#3097,0.393700787401575);
#857=VECTOR('',#3102,0.393700787401575);
#858=VECTOR('',#3111,0.393700787401575);
#859=VECTOR('',#3114,0.393700787401575);
#860=VECTOR('',#3115,0.393700787401575);
#861=VECTOR('',#3116,0.393700787401575);
#862=VECTOR('',#3119,0.393700787401575);
#863=VECTOR('',#3120,0.393700787401575);
#864=VECTOR('',#3121,0.393700787401575);
#865=VECTOR('',#3126,0.393700787401575);
#866=VECTOR('',#3129,0.393700787401575);
#867=VECTOR('',#3132,0.393700787401575);
#868=VECTOR('',#3133,0.393700787401575);
#869=VECTOR('',#3134,0.393700787401575);
#870=VECTOR('',#3135,0.393700787401575);
#871=VECTOR('',#3140,0.393700787401575);
#872=VECTOR('',#3143,0.393700787401575);
#873=VECTOR('',#3146,0.393700787401575);
#874=VECTOR('',#3147,0.393700787401575);
#875=VECTOR('',#3148,0.393700787401575);
#876=VECTOR('',#3157,0.393700787401575);
#877=VECTOR('',#3162,0.393700787401575);
#878=VECTOR('',#3167,0.393700787401575);
#879=VECTOR('',#3168,0.393700787401575);
#880=VECTOR('',#3173,0.393700787401575);
#881=VECTOR('',#3174,0.393700787401575);
#882=VECTOR('',#3175,0.393700787401575);
#883=VECTOR('',#3176,0.393700787401575);
#884=VECTOR('',#3177,0.393700787401575);
#885=VECTOR('',#3178,0.393700787401575);
#886=VECTOR('',#3179,0.393700787401575);
#887=VECTOR('',#3180,0.393700787401575);
#888=VECTOR('',#3181,0.393700787401575);
#889=VECTOR('',#3182,0.393700787401575);
#890=VECTOR('',#3183,0.393700787401575);
#891=VECTOR('',#3184,0.393700787401575);
#892=VECTOR('',#3185,0.393700787401575);
#893=VECTOR('',#3186,0.393700787401575);
#894=VECTOR('',#3191,0.393700787401575);
#895=VECTOR('',#3194,0.393700787401575);
#896=VECTOR('',#3197,0.393700787401575);
#897=VECTOR('',#3198,0.393700787401575);
#898=VECTOR('',#3199,0.393700787401575);
#899=VECTOR('',#3202,0.393700787401575);
#900=VECTOR('',#3203,0.393700787401575);
#901=VECTOR('',#3204,0.393700787401575);
#902=VECTOR('',#3217,0.393700787401575);
#903=VECTOR('',#3220,0.393700787401575);
#904=VECTOR('',#3223,0.393700787401575);
#905=VECTOR('',#3228,0.393700787401575);
#906=VECTOR('',#3231,0.393700787401575);
#907=VECTOR('',#3232,0.393700787401575);
#908=VECTOR('',#3235,0.393700787401575);
#909=VECTOR('',#3236,0.393700787401575);
#910=VECTOR('',#3247,0.393700787401575);
#911=VECTOR('',#3250,0.393700787401575);
#912=VECTOR('',#3253,0.393700787401575);
#913=VECTOR('',#3254,0.393700787401575);
#914=VECTOR('',#3255,0.393700787401575);
#915=VECTOR('',#3256,0.393700787401575);
#916=VECTOR('',#3265,0.393700787401575);
#917=VECTOR('',#3266,0.393700787401575);
#918=VECTOR('',#3269,0.393700787401575);
#919=VECTOR('',#3270,0.393700787401575);
#920=VECTOR('',#3271,0.393700787401575);
#921=VECTOR('',#3272,0.393700787401575);
#922=VECTOR('',#3279,0.393700787401575);
#923=VECTOR('',#3284,0.393700787401575);
#924=VECTOR('',#3289,0.393700787401575);
#925=VECTOR('',#3292,0.393700787401575);
#926=VECTOR('',#3293,0.393700787401575);
#927=VECTOR('',#3294,0.393700787401575);
#928=VECTOR('',#3295,0.393700787401575);
#929=VECTOR('',#3300,0.393700787401575);
#930=VECTOR('',#3307,0.393700787401575);
#931=VECTOR('',#3312,0.393700787401575);
#932=VECTOR('',#3315,0.393700787401575);
#933=VECTOR('',#3318,0.393700787401575);
#934=VECTOR('',#3321,0.393700787401575);
#935=VECTOR('',#3324,0.393700787401575);
#936=VECTOR('',#3329,0.393700787401575);
#937=VECTOR('',#3330,0.393700787401575);
#938=VECTOR('',#3331,0.393700787401575);
#939=VECTOR('',#3338,0.393700787401575);
#940=VECTOR('',#3341,0.393700787401575);
#941=VECTOR('',#3346,0.393700787401575);
#942=VECTOR('',#3347,0.393700787401575);
#943=VECTOR('',#3350,0.393700787401575);
#944=VECTOR('',#3351,0.393700787401575);
#945=VECTOR('',#3358,0.393700787401575);
#946=VECTOR('',#3361,0.393700787401575);
#947=VECTOR('',#3366,0.393700787401575);
#948=VECTOR('',#3367,0.393700787401575);
#949=VECTOR('',#3368,0.393700787401575);
#950=VECTOR('',#3373,0.393700787401575);
#951=VECTOR('',#3374,0.393700787401575);
#952=VECTOR('',#3377,0.393700787401575);
#953=VECTOR('',#3378,0.393700787401575);
#954=VECTOR('',#3381,0.393700787401575);
#955=VECTOR('',#3388,0.393700787401575);
#956=VECTOR('',#3391,0.393700787401575);
#957=VECTOR('',#3392,0.393700787401575);
#958=VECTOR('',#3393,0.393700787401575);
#959=VECTOR('',#3394,0.393700787401575);
#960=VECTOR('',#3395,0.393700787401575);
#961=VECTOR('',#3396,0.393700787401575);
#962=VECTOR('',#3397,0.393700787401575);
#963=VECTOR('',#3398,0.393700787401575);
#964=VECTOR('',#3399,0.393700787401575);
#965=VECTOR('',#3400,0.393700787401575);
#966=VECTOR('',#3401,0.393700787401575);
#967=VECTOR('',#3402,0.393700787401575);
#968=VECTOR('',#3407,0.393700787401575);
#969=VECTOR('',#3410,0.393700787401575);
#970=VECTOR('',#3413,0.393700787401575);
#971=VECTOR('',#3414,0.393700787401575);
#972=VECTOR('',#3415,0.393700787401575);
#973=VECTOR('',#3422,0.393700787401575);
#974=VECTOR('',#3423,0.393700787401575);
#975=VECTOR('',#3426,0.393700787401575);
#976=VECTOR('',#3427,0.393700787401575);
#977=VECTOR('',#3428,0.393700787401575);
#978=VECTOR('',#3429,0.393700787401575);
#979=VECTOR('',#3432,0.393700787401575);
#980=VECTOR('',#3433,0.393700787401575);
#981=VECTOR('',#3434,0.393700787401575);
#982=VECTOR('',#3435,0.393700787401575);
#983=VECTOR('',#3442,0.085);
#984=VECTOR('',#3443,0.085);
#985=VECTOR('',#3444,0.085);
#986=VECTOR('',#3445,0.085);
#987=VECTOR('',#3446,0.085);
#988=VECTOR('',#3447,0.085);
#989=VECTOR('',#3448,0.085);
#990=VECTOR('',#3449,0.085);
#991=VECTOR('',#3450,0.085);
#992=VECTOR('',#3471,0.102362204724409);
#993=CIRCLE('',#2787,0.0873622047244094);
#994=CIRCLE('',#2788,0.0873622047244094);
#995=CIRCLE('',#2791,0.102362204724409);
#996=CIRCLE('',#2792,0.01);
#997=CIRCLE('',#2793,0.0923622047244094);
#998=CIRCLE('',#2795,0.102362204724409);
#999=CIRCLE('',#2799,0.085);
#1000=CIRCLE('',#2800,0.085);
#1001=CIRCLE('',#2802,0.087);
#1002=CIRCLE('',#2803,0.087);
#1003=CIRCLE('',#2805,0.085);
#1004=CIRCLE('',#2809,0.085);
#1005=CIRCLE('',#2811,0.087);
#1006=CIRCLE('',#2812,0.087);
#1007=CIRCLE('',#2813,0.087);
#1008=CIRCLE('',#2814,0.087);
#1009=CIRCLE('',#2816,0.085);
#1010=CIRCLE('',#2818,0.085);
#1011=CIRCLE('',#2821,0.085);
#1012=CIRCLE('',#2822,0.085);
#1013=CIRCLE('',#2825,0.085);
#1014=CIRCLE('',#2827,0.087);
#1015=CIRCLE('',#2828,0.085);
#1016=CIRCLE('',#2829,0.085);
#1017=CIRCLE('',#2832,0.087);
#1018=CIRCLE('',#2833,0.085);
#1019=CIRCLE('',#2835,0.087);
#1020=CIRCLE('',#2836,0.085);
#1021=CIRCLE('',#2840,0.087);
#1022=CIRCLE('',#2841,0.085);
#1023=CIRCLE('',#2844,0.087);
#1024=CIRCLE('',#2845,0.085);
#1025=CIRCLE('',#2848,0.087);
#1026=CIRCLE('',#2849,0.085);
#1027=CIRCLE('',#2850,0.085);
#1028=CIRCLE('',#2852,0.087);
#1029=CIRCLE('',#2853,0.085);
#1030=CIRCLE('',#2858,0.087);
#1031=CIRCLE('',#2859,0.085);
#1032=CIRCLE('',#2863,0.087);
#1033=CIRCLE('',#2864,0.085);
#1034=CIRCLE('',#2867,0.087);
#1035=CIRCLE('',#2868,0.087);
#1036=CIRCLE('',#2870,0.085);
#1037=CIRCLE('',#2871,0.085);
#1038=CIRCLE('',#2875,0.085);
#1039=CIRCLE('',#2876,0.085);
#1040=CIRCLE('',#2878,0.087);
#1041=CIRCLE('',#2879,0.085);
#1042=CIRCLE('',#2882,0.087);
#1043=CIRCLE('',#2883,0.085);
#1044=CIRCLE('',#2884,0.085);
#1045=CIRCLE('',#2887,0.087);
#1046=CIRCLE('',#2888,0.085);
#1047=CIRCLE('',#2890,0.087);
#1048=CIRCLE('',#2891,0.085);
#1049=CIRCLE('',#2892,0.085);
#1050=CIRCLE('',#2895,0.087);
#1051=CIRCLE('',#2896,0.085);
#1052=CIRCLE('',#2899,0.087);
#1053=CIRCLE('',#2900,0.087);
#1054=CIRCLE('',#2901,0.087);
#1055=CIRCLE('',#2902,0.087);
#1056=CIRCLE('',#2903,0.087);
#1057=CIRCLE('',#2904,0.087);
#1058=CIRCLE('',#2905,0.087);
#1059=CIRCLE('',#2908,0.085);
#1060=CIRCLE('',#2909,0.085);
#1061=CIRCLE('',#2911,0.085);
#1062=CIRCLE('',#2915,0.085);
#1063=CIRCLE('',#2916,0.085);
#1064=CIRCLE('',#2918,0.085);
#1065=CIRCLE('',#2921,0.085);
#1066=CIRCLE('',#2924,0.085);
#1067=CIRCLE('',#2926,0.085);
#1068=CIRCLE('',#2929,0.087);
#1069=CIRCLE('',#2930,0.085);
#1070=CIRCLE('',#2933,0.087);
#1071=CIRCLE('',#2934,0.085);
#1072=CIRCLE('',#2939,0.085);
#1073=CIRCLE('',#2940,0.085);
#1074=CIRCLE('',#2944,0.102362204724409);
#1075=CIRCLE('',#2946,0.102362204724409);
#1076=CIRCLE('',#2947,0.01);
#1077=CIRCLE('',#2948,0.0923622047244094);
#1078=VERTEX_POINT('',#3480);
#1079=VERTEX_POINT('',#3482);
#1080=VERTEX_POINT('',#3487);
#1081=VERTEX_POINT('',#3489);
#1082=VERTEX_POINT('',#3493);
#1083=VERTEX_POINT('',#3499);
#1084=VERTEX_POINT('',#3500);
#1085=VERTEX_POINT('',#3502);
#1086=VERTEX_POINT('',#3504);
#1087=VERTEX_POINT('',#3511);
#1088=VERTEX_POINT('',#3525);
#1089=VERTEX_POINT('',#3534);
#1090=VERTEX_POINT('',#3535);
#1091=VERTEX_POINT('',#3537);
#1092=VERTEX_POINT('',#3551);
#1093=VERTEX_POINT('',#3558);
#1094=VERTEX_POINT('',#3572);
#1095=VERTEX_POINT('',#3589);
#1096=VERTEX_POINT('',#3600);
#1097=VERTEX_POINT('',#3617);
#1098=VERTEX_POINT('',#3637);
#1099=VERTEX_POINT('',#3644);
#1100=VERTEX_POINT('',#3646);
#1101=VERTEX_POINT('',#3648);
#1102=VERTEX_POINT('',#3656);
#1103=VERTEX_POINT('',#3669);
#1104=VERTEX_POINT('',#3680);
#1105=VERTEX_POINT('',#3688);
#1106=VERTEX_POINT('',#3705);
#1107=VERTEX_POINT('',#3719);
#1108=VERTEX_POINT('',#3730);
#1109=VERTEX_POINT('',#3744);
#1110=VERTEX_POINT('',#3763);
#1111=VERTEX_POINT('',#3765);
#1112=VERTEX_POINT('',#3776);
#1113=VERTEX_POINT('',#3793);
#1114=VERTEX_POINT('',#3808);
#1115=VERTEX_POINT('',#3819);
#1116=VERTEX_POINT('',#3826);
#1117=VERTEX_POINT('',#3844);
#1118=VERTEX_POINT('',#3867);
#1119=VERTEX_POINT('',#3884);
#1120=VERTEX_POINT('',#3913);
#1121=VERTEX_POINT('',#3939);
#1122=VERTEX_POINT('',#3941);
#1123=VERTEX_POINT('',#3970);
#1124=VERTEX_POINT('',#3993);
#1125=VERTEX_POINT('',#4010);
#1126=VERTEX_POINT('',#4030);
#1127=VERTEX_POINT('',#4056);
#1128=VERTEX_POINT('',#4079);
#1129=VERTEX_POINT('',#4097);
#1130=VERTEX_POINT('',#4123);
#1131=VERTEX_POINT('',#4139);
#1132=VERTEX_POINT('',#4150);
#1133=VERTEX_POINT('',#4168);
#1134=VERTEX_POINT('',#4169);
#1135=VERTEX_POINT('',#4183);
#1136=VERTEX_POINT('',#4196);
#1137=VERTEX_POINT('',#4209);
#1138=VERTEX_POINT('',#4226);
#1139=VERTEX_POINT('',#4228);
#1140=VERTEX_POINT('',#4230);
#1141=VERTEX_POINT('',#4232);
#1142=VERTEX_POINT('',#4235);
#1143=VERTEX_POINT('',#4236);
#1144=VERTEX_POINT('',#4256);
#1145=VERTEX_POINT('',#4270);
#1146=VERTEX_POINT('',#4272);
#1147=VERTEX_POINT('',#4307);
#1148=VERTEX_POINT('',#4309);
#1149=VERTEX_POINT('',#4320);
#1150=VERTEX_POINT('',#4343);
#1151=VERTEX_POINT('',#4358);
#1152=VERTEX_POINT('',#4360);
#1153=VERTEX_POINT('',#4364);
#1154=VERTEX_POINT('',#4375);
#1155=VERTEX_POINT('',#4386);
#1156=VERTEX_POINT('',#4388);
#1157=VERTEX_POINT('',#4399);
#1158=VERTEX_POINT('',#4401);
#1159=VERTEX_POINT('',#4422);
#1160=VERTEX_POINT('',#4433);
#1161=VERTEX_POINT('',#4448);
#1162=VERTEX_POINT('',#4480);
#1163=VERTEX_POINT('',#4516);
#1164=VERTEX_POINT('',#4517);
#1165=VERTEX_POINT('',#4519);
#1166=VERTEX_POINT('',#4521);
#1167=VERTEX_POINT('',#4523);
#1168=VERTEX_POINT('',#4534);
#1169=VERTEX_POINT('',#4554);
#1170=VERTEX_POINT('',#4569);
#1171=VERTEX_POINT('',#4571);
#1172=VERTEX_POINT('',#4582);
#1173=VERTEX_POINT('',#4590);
#1174=VERTEX_POINT('',#4603);
#1175=VERTEX_POINT('',#4605);
#1176=VERTEX_POINT('',#4609);
#1177=VERTEX_POINT('',#4611);
#1178=VERTEX_POINT('',#4615);
#1179=VERTEX_POINT('',#4617);
#1180=VERTEX_POINT('',#4621);
#1181=VERTEX_POINT('',#4623);
#1182=VERTEX_POINT('',#4627);
#1183=VERTEX_POINT('',#4629);
#1184=VERTEX_POINT('',#4640);
#1185=VERTEX_POINT('',#4654);
#1186=VERTEX_POINT('',#4673);
#1187=VERTEX_POINT('',#4675);
#1188=VERTEX_POINT('',#4686);
#1189=VERTEX_POINT('',#4700);
#1190=VERTEX_POINT('',#4716);
#1191=VERTEX_POINT('',#4718);
#1192=VERTEX_POINT('',#4729);
#1193=VERTEX_POINT('',#4743);
#1194=VERTEX_POINT('',#4762);
#1195=VERTEX_POINT('',#4764);
#1196=VERTEX_POINT('',#4768);
#1197=VERTEX_POINT('',#4770);
#1198=VERTEX_POINT('',#4772);
#1199=VERTEX_POINT('',#4776);
#1200=VERTEX_POINT('',#4778);
#1201=VERTEX_POINT('',#4786);
#1202=VERTEX_POINT('',#4787);
#1203=VERTEX_POINT('',#4796);
#1204=VERTEX_POINT('',#4803);
#1205=VERTEX_POINT('',#4812);
#1206=VERTEX_POINT('',#4826);
#1207=VERTEX_POINT('',#4833);
#1208=VERTEX_POINT('',#4840);
#1209=VERTEX_POINT('',#4862);
#1210=VERTEX_POINT('',#4863);
#1211=VERTEX_POINT('',#4876);
#1212=VERTEX_POINT('',#4889);
#1213=VERTEX_POINT('',#4898);
#1214=VERTEX_POINT('',#4909);
#1215=VERTEX_POINT('',#4936);
#1216=VERTEX_POINT('',#4938);
#1217=VERTEX_POINT('',#4954);
#1218=VERTEX_POINT('',#4978);
#1219=VERTEX_POINT('',#5002);
#1220=VERTEX_POINT('',#5004);
#1221=VERTEX_POINT('',#5022);
#1222=VERTEX_POINT('',#5040);
#1223=VERTEX_POINT('',#5045);
#1224=VERTEX_POINT('',#5063);
#1225=VERTEX_POINT('',#5081);
#1226=VERTEX_POINT('',#5099);
#1227=VERTEX_POINT('',#5117);
#1228=VERTEX_POINT('',#5135);
#1229=VERTEX_POINT('',#5156);
#1230=VERTEX_POINT('',#5174);
#1231=VERTEX_POINT('',#5204);
#1232=VERTEX_POINT('',#5205);
#1233=VERTEX_POINT('',#5207);
#1234=VERTEX_POINT('',#5209);
#1235=VERTEX_POINT('',#5213);
#1236=VERTEX_POINT('',#5215);
#1237=VERTEX_POINT('',#5219);
#1238=VERTEX_POINT('',#5221);
#1239=VERTEX_POINT('',#5229);
#1240=VERTEX_POINT('',#5230);
#1241=VERTEX_POINT('',#5232);
#1242=VERTEX_POINT('',#5234);
#1243=VERTEX_POINT('',#5238);
#1244=VERTEX_POINT('',#5240);
#1245=VERTEX_POINT('',#5242);
#1246=VERTEX_POINT('',#5246);
#1247=VERTEX_POINT('',#5250);
#1248=VERTEX_POINT('',#5254);
#1249=VERTEX_POINT('',#5258);
#1250=VERTEX_POINT('',#5259);
#1251=VERTEX_POINT('',#5261);
#1252=VERTEX_POINT('',#5263);
#1253=VERTEX_POINT('',#5267);
#1254=VERTEX_POINT('',#5269);
#1255=VERTEX_POINT('',#5280);
#1256=VERTEX_POINT('',#5289);
#1257=VERTEX_POINT('',#5308);
#1258=VERTEX_POINT('',#5310);
#1259=VERTEX_POINT('',#5312);
#1260=VERTEX_POINT('',#5323);
#1261=VERTEX_POINT('',#5337);
#1262=VERTEX_POINT('',#5350);
#1263=VERTEX_POINT('',#5352);
#1264=VERTEX_POINT('',#5363);
#1265=VERTEX_POINT('',#5370);
#1266=VERTEX_POINT('',#5386);
#1267=VERTEX_POINT('',#5391);
#1268=VERTEX_POINT('',#5393);
#1269=VERTEX_POINT('',#5395);
#1270=VERTEX_POINT('',#5406);
#1271=VERTEX_POINT('',#5415);
#1272=VERTEX_POINT('',#5417);
#1273=VERTEX_POINT('',#5428);
#1274=VERTEX_POINT('',#5444);
#1275=VERTEX_POINT('',#5474);
#1276=VERTEX_POINT('',#5475);
#1277=VERTEX_POINT('',#5483);
#1278=VERTEX_POINT('',#5485);
#1279=VERTEX_POINT('',#5487);
#1280=VERTEX_POINT('',#5498);
#1281=VERTEX_POINT('',#5521);
#1282=VERTEX_POINT('',#5523);
#1283=VERTEX_POINT('',#5525);
#1284=VERTEX_POINT('',#5527);
#1285=VERTEX_POINT('',#5529);
#1286=VERTEX_POINT('',#5531);
#1287=VERTEX_POINT('',#5533);
#1288=VERTEX_POINT('',#5535);
#1289=VERTEX_POINT('',#5537);
#1290=VERTEX_POINT('',#5539);
#1291=VERTEX_POINT('',#5541);
#1292=VERTEX_POINT('',#5556);
#1293=VERTEX_POINT('',#5558);
#1294=VERTEX_POINT('',#5562);
#1295=VERTEX_POINT('',#5564);
#1296=VERTEX_POINT('',#5568);
#1297=VERTEX_POINT('',#5572);
#1298=VERTEX_POINT('',#5576);
#1299=VERTEX_POINT('',#5580);
#1300=VERTEX_POINT('',#5582);
#1301=VERTEX_POINT('',#5586);
#1302=VERTEX_POINT('',#5590);
#1303=VERTEX_POINT('',#5601);
#1304=VERTEX_POINT('',#5623);
#1305=VERTEX_POINT('',#5634);
#1306=VERTEX_POINT('',#5650);
#1307=VERTEX_POINT('',#5654);
#1308=VERTEX_POINT('',#5658);
#1309=VERTEX_POINT('',#5662);
#1310=VERTEX_POINT('',#5673);
#1311=VERTEX_POINT('',#5713);
#1312=VERTEX_POINT('',#5714);
#1313=VERTEX_POINT('',#5728);
#1314=VERTEX_POINT('',#5730);
#1315=VERTEX_POINT('',#5748);
#1316=VERTEX_POINT('',#5765);
#1317=VERTEX_POINT('',#5788);
#1318=VERTEX_POINT('',#5789);
#1319=VERTEX_POINT('',#5802);
#1320=VERTEX_POINT('',#5804);
#1321=VERTEX_POINT('',#5817);
#1322=VERTEX_POINT('',#5834);
#1323=VERTEX_POINT('',#5843);
#1324=VERTEX_POINT('',#5861);
#1325=VERTEX_POINT('',#5874);
#1326=VERTEX_POINT('',#5896);
#1327=VERTEX_POINT('',#5903);
#1328=VERTEX_POINT('',#5905);
#1329=VERTEX_POINT('',#5926);
#1330=VERTEX_POINT('',#5940);
#1331=VERTEX_POINT('',#5953);
#1332=VERTEX_POINT('',#5955);
#1333=VERTEX_POINT('',#5966);
#1334=VERTEX_POINT('',#5980);
#1335=VERTEX_POINT('',#5996);
#1336=VERTEX_POINT('',#5998);
#1337=VERTEX_POINT('',#6002);
#1338=VERTEX_POINT('',#6004);
#1339=VERTEX_POINT('',#6015);
#1340=VERTEX_POINT('',#6032);
#1341=VERTEX_POINT('',#6047);
#1342=VERTEX_POINT('',#6049);
#1343=VERTEX_POINT('',#6060);
#1344=VERTEX_POINT('',#6068);
#1345=VERTEX_POINT('',#6109);
#1346=VERTEX_POINT('',#6111);
#1347=VERTEX_POINT('',#6122);
#1348=VERTEX_POINT('',#6136);
#1349=VERTEX_POINT('',#6173);
#1350=VERTEX_POINT('',#6183);
#1351=VERTEX_POINT('',#6189);
#1352=VERTEX_POINT('',#6192);
#1353=VERTEX_POINT('',#6194);
#1354=EDGE_CURVE('',#1078,#1078,#993,.F.);
#1355=EDGE_CURVE('',#1078,#1079,#615,.T.);
#1356=EDGE_CURVE('',#1079,#1079,#994,.T.);
#1357=EDGE_CURVE('',#1080,#1080,#995,.T.);
#1358=EDGE_CURVE('',#1080,#1081,#996,.T.);
#1359=EDGE_CURVE('',#1081,#1081,#997,.T.);
#1360=EDGE_CURVE('',#1082,#1082,#998,.T.);
#1361=EDGE_CURVE('',#1082,#1080,#616,.T.);
#1362=EDGE_CURVE('',#1083,#1084,#617,.T.);
#1363=EDGE_CURVE('',#1083,#1085,#999,.T.);
#1364=EDGE_CURVE('',#1085,#1086,#80,.T.);
#1365=EDGE_CURVE('',#1086,#1087,#81,.T.);
#1366=EDGE_CURVE('',#1087,#1088,#82,.T.);
#1367=EDGE_CURVE('',#1088,#1084,#1000,.T.);
#1368=EDGE_CURVE('',#1089,#1090,#1001,.T.);
#1369=EDGE_CURVE('',#1090,#1091,#83,.T.);
#1370=EDGE_CURVE('',#1091,#1092,#84,.T.);
#1371=EDGE_CURVE('',#1092,#1093,#85,.T.);
#1372=EDGE_CURVE('',#1093,#1094,#86,.T.);
#1373=EDGE_CURVE('',#1094,#1095,#87,.T.);
#1374=EDGE_CURVE('',#1095,#1096,#88,.T.);
#1375=EDGE_CURVE('',#1096,#1097,#89,.T.);
#1376=EDGE_CURVE('',#1097,#1098,#90,.T.);
#1377=EDGE_CURVE('',#1098,#1099,#618,.T.);
#1378=EDGE_CURVE('',#1099,#1100,#1002,.T.);
#1379=EDGE_CURVE('',#1100,#1101,#91,.T.);
#1380=EDGE_CURVE('',#1101,#1102,#92,.T.);
#1381=EDGE_CURVE('',#1102,#1103,#93,.T.);
#1382=EDGE_CURVE('',#1103,#1104,#94,.T.);
#1383=EDGE_CURVE('',#1104,#1105,#95,.T.);
#1384=EDGE_CURVE('',#1105,#1106,#96,.T.);
#1385=EDGE_CURVE('',#1106,#1107,#97,.T.);
#1386=EDGE_CURVE('',#1107,#1108,#98,.T.);
#1387=EDGE_CURVE('',#1108,#1109,#99,.T.);
#1388=EDGE_CURVE('',#1109,#1089,#619,.T.);
#1389=EDGE_CURVE('',#1110,#1099,#620,.T.);
#1390=EDGE_CURVE('',#1111,#1110,#1003,.T.);
#1391=EDGE_CURVE('',#1111,#1100,#621,.T.);
#1392=EDGE_CURVE('',#1112,#1111,#100,.T.);
#1393=EDGE_CURVE('',#1112,#1101,#622,.T.);
#1394=EDGE_CURVE('',#1113,#1112,#101,.T.);
#1395=EDGE_CURVE('',#1113,#1102,#623,.T.);
#1396=EDGE_CURVE('',#1114,#1098,#624,.T.);
#1397=EDGE_CURVE('',#1110,#1114,#625,.T.);
#1398=EDGE_CURVE('',#1115,#1113,#102,.T.);
#1399=EDGE_CURVE('',#1116,#1115,#103,.T.);
#1400=EDGE_CURVE('',#1116,#1103,#626,.T.);
#1401=EDGE_CURVE('',#1117,#1097,#627,.T.);
#1402=EDGE_CURVE('',#1114,#1117,#104,.T.);
#1403=EDGE_CURVE('',#1118,#1116,#105,.T.);
#1404=EDGE_CURVE('',#1118,#1104,#628,.T.);
#1405=EDGE_CURVE('',#1119,#1096,#629,.T.);
#1406=EDGE_CURVE('',#1117,#1119,#106,.T.);
#1407=EDGE_CURVE('',#1120,#1118,#107,.T.);
#1408=EDGE_CURVE('',#1120,#1105,#630,.T.);
#1409=EDGE_CURVE('',#1121,#1095,#631,.T.);
#1410=EDGE_CURVE('',#1122,#1121,#108,.T.);
#1411=EDGE_CURVE('',#1119,#1122,#109,.T.);
#1412=EDGE_CURVE('',#1123,#1120,#110,.T.);
#1413=EDGE_CURVE('',#1123,#1106,#632,.T.);
#1414=EDGE_CURVE('',#1124,#1094,#633,.T.);
#1415=EDGE_CURVE('',#1121,#1124,#111,.T.);
#1416=EDGE_CURVE('',#1125,#1123,#112,.T.);
#1417=EDGE_CURVE('',#1125,#1107,#634,.T.);
#1418=EDGE_CURVE('',#1126,#1093,#635,.T.);
#1419=EDGE_CURVE('',#1124,#1126,#113,.T.);
#1420=EDGE_CURVE('',#1127,#1125,#114,.T.);
#1421=EDGE_CURVE('',#1127,#1108,#636,.T.);
#1422=EDGE_CURVE('',#1128,#1092,#637,.T.);
#1423=EDGE_CURVE('',#1126,#1128,#115,.T.);
#1424=EDGE_CURVE('',#1129,#1127,#116,.T.);
#1425=EDGE_CURVE('',#1129,#1109,#638,.T.);
#1426=EDGE_CURVE('',#1130,#1091,#639,.T.);
#1427=EDGE_CURVE('',#1128,#1130,#117,.T.);
#1428=EDGE_CURVE('',#1131,#1129,#640,.T.);
#1429=EDGE_CURVE('',#1131,#1089,#641,.T.);
#1430=EDGE_CURVE('',#1132,#1090,#642,.T.);
#1431=EDGE_CURVE('',#1130,#1132,#118,.T.);
#1432=EDGE_CURVE('',#1132,#1131,#1004,.T.);
#1433=EDGE_CURVE('',#1133,#1134,#119,.T.);
#1434=EDGE_CURVE('',#1134,#1135,#120,.T.);
#1435=EDGE_CURVE('',#1135,#1136,#121,.T.);
#1436=EDGE_CURVE('',#1136,#1137,#122,.T.);
#1437=EDGE_CURVE('',#1137,#1138,#1005,.T.);
#1438=EDGE_CURVE('',#1138,#1139,#643,.T.);
#1439=EDGE_CURVE('',#1139,#1140,#1006,.T.);
#1440=EDGE_CURVE('',#1140,#1141,#644,.T.);
#1441=EDGE_CURVE('',#1141,#1133,#1007,.T.);
#1442=EDGE_CURVE('',#1142,#1143,#123,.T.);
#1443=EDGE_CURVE('',#1143,#1144,#124,.T.);
#1444=EDGE_CURVE('',#1144,#1145,#1008,.T.);
#1445=EDGE_CURVE('',#1145,#1146,#125,.T.);
#1446=EDGE_CURVE('',#1146,#1142,#126,.T.);
#1447=EDGE_CURVE('',#1147,#1144,#645,.T.);
#1448=EDGE_CURVE('',#1148,#1147,#1009,.T.);
#1449=EDGE_CURVE('',#1148,#1145,#646,.T.);
#1450=EDGE_CURVE('',#1149,#1143,#647,.T.);
#1451=EDGE_CURVE('',#1147,#1149,#127,.T.);
#1452=EDGE_CURVE('',#1150,#1142,#648,.T.);
#1453=EDGE_CURVE('',#1149,#1150,#128,.T.);
#1454=EDGE_CURVE('',#1151,#1137,#649,.T.);
#1455=EDGE_CURVE('',#1152,#1151,#1010,.T.);
#1456=EDGE_CURVE('',#1152,#1138,#650,.T.);
#1457=EDGE_CURVE('',#1153,#1152,#651,.T.);
#1458=EDGE_CURVE('',#1153,#1139,#652,.T.);
#1459=EDGE_CURVE('',#1154,#1136,#653,.T.);
#1460=EDGE_CURVE('',#1151,#1154,#129,.T.);
#1461=EDGE_CURVE('',#1155,#1153,#1011,.T.);
#1462=EDGE_CURVE('',#1156,#1155,#1012,.T.);
#1463=EDGE_CURVE('',#1156,#1140,#654,.T.);
#1464=EDGE_CURVE('',#1157,#1135,#655,.T.);
#1465=EDGE_CURVE('',#1158,#1157,#130,.T.);
#1466=EDGE_CURVE('',#1154,#1158,#131,.T.);
#1467=EDGE_CURVE('',#1159,#1156,#656,.T.);
#1468=EDGE_CURVE('',#1159,#1141,#657,.T.);
#1469=EDGE_CURVE('',#1160,#1134,#658,.T.);
#1470=EDGE_CURVE('',#1157,#1160,#132,.T.);
#1471=EDGE_CURVE('',#1161,#1159,#1013,.T.);
#1472=EDGE_CURVE('',#1161,#1133,#659,.T.);
#1473=EDGE_CURVE('',#1160,#1161,#133,.T.);
#1474=EDGE_CURVE('',#1162,#1148,#134,.T.);
#1475=EDGE_CURVE('',#1162,#1146,#660,.T.);
#1476=EDGE_CURVE('',#1150,#1162,#135,.T.);
#1477=EDGE_CURVE('',#1163,#1164,#1014,.T.);
#1478=EDGE_CURVE('',#1165,#1163,#661,.T.);
#1479=EDGE_CURVE('',#1166,#1165,#1015,.T.);
#1480=EDGE_CURVE('',#1167,#1166,#1016,.T.);
#1481=EDGE_CURVE('',#1167,#1164,#662,.T.);
#1482=EDGE_CURVE('',#1164,#1168,#136,.T.);
#1483=EDGE_CURVE('',#1169,#1167,#137,.T.);
#1484=EDGE_CURVE('',#1169,#1168,#663,.T.);
#1485=EDGE_CURVE('',#1170,#1163,#664,.T.);
#1486=EDGE_CURVE('',#1171,#1170,#665,.T.);
#1487=EDGE_CURVE('',#1165,#1171,#666,.T.);
#1488=EDGE_CURVE('',#1168,#1172,#138,.T.);
#1489=EDGE_CURVE('',#1173,#1169,#139,.T.);
#1490=EDGE_CURVE('',#1173,#1172,#667,.T.);
#1491=EDGE_CURVE('',#1174,#1170,#1017,.T.);
#1492=EDGE_CURVE('',#1175,#1174,#668,.T.);
#1493=EDGE_CURVE('',#1171,#1175,#1018,.T.);
#1494=EDGE_CURVE('',#1172,#1176,#1019,.T.);
#1495=EDGE_CURVE('',#1177,#1173,#1020,.T.);
#1496=EDGE_CURVE('',#1177,#1176,#669,.T.);
#1497=EDGE_CURVE('',#1178,#1174,#670,.T.);
#1498=EDGE_CURVE('',#1179,#1178,#671,.T.);
#1499=EDGE_CURVE('',#1175,#1179,#672,.T.);
#1500=EDGE_CURVE('',#1176,#1180,#673,.T.);
#1501=EDGE_CURVE('',#1181,#1177,#674,.T.);
#1502=EDGE_CURVE('',#1181,#1180,#675,.T.);
#1503=EDGE_CURVE('',#1182,#1178,#1021,.T.);
#1504=EDGE_CURVE('',#1183,#1182,#676,.T.);
#1505=EDGE_CURVE('',#1179,#1183,#1022,.T.);
#1506=EDGE_CURVE('',#1180,#1184,#140,.T.);
#1507=EDGE_CURVE('',#1185,#1181,#141,.T.);
#1508=EDGE_CURVE('',#1185,#1184,#677,.T.);
#1509=EDGE_CURVE('',#1186,#1182,#678,.T.);
#1510=EDGE_CURVE('',#1187,#1186,#679,.T.);
#1511=EDGE_CURVE('',#1183,#1187,#680,.T.);
#1512=EDGE_CURVE('',#1184,#1188,#142,.T.);
#1513=EDGE_CURVE('',#1189,#1185,#143,.T.);
#1514=EDGE_CURVE('',#1189,#1188,#681,.T.);
#1515=EDGE_CURVE('',#1190,#1186,#1023,.T.);
#1516=EDGE_CURVE('',#1191,#1190,#682,.T.);
#1517=EDGE_CURVE('',#1187,#1191,#1024,.T.);
#1518=EDGE_CURVE('',#1188,#1192,#144,.T.);
#1519=EDGE_CURVE('',#1193,#1189,#145,.T.);
#1520=EDGE_CURVE('',#1193,#1192,#683,.T.);
#1521=EDGE_CURVE('',#1194,#1190,#684,.T.);
#1522=EDGE_CURVE('',#1195,#1194,#685,.T.);
#1523=EDGE_CURVE('',#1191,#1195,#686,.T.);
#1524=EDGE_CURVE('',#1192,#1196,#1025,.T.);
#1525=EDGE_CURVE('',#1197,#1193,#1026,.T.);
#1526=EDGE_CURVE('',#1198,#1197,#1027,.T.);
#1527=EDGE_CURVE('',#1198,#1196,#687,.T.);
#1528=EDGE_CURVE('',#1199,#1194,#1028,.T.);
#1529=EDGE_CURVE('',#1200,#1199,#688,.T.);
#1530=EDGE_CURVE('',#1195,#1200,#1029,.T.);
#1531=EDGE_CURVE('',#1196,#1199,#689,.T.);
#1532=EDGE_CURVE('',#1200,#1198,#690,.T.);
#1533=EDGE_CURVE('',#1201,#1202,#146,.T.);
#1534=EDGE_CURVE('',#1202,#1203,#147,.T.);
#1535=EDGE_CURVE('',#1203,#1204,#148,.T.);
#1536=EDGE_CURVE('',#1204,#1205,#149,.T.);
#1537=EDGE_CURVE('',#1205,#1206,#150,.T.);
#1538=EDGE_CURVE('',#1206,#1207,#151,.T.);
#1539=EDGE_CURVE('',#1207,#1208,#152,.T.);
#1540=EDGE_CURVE('',#1208,#1201,#153,.T.);
#1541=EDGE_CURVE('',#1209,#1210,#154,.T.);
#1542=EDGE_CURVE('',#1210,#1211,#155,.T.);
#1543=EDGE_CURVE('',#1211,#1212,#156,.T.);
#1544=EDGE_CURVE('',#1212,#1213,#157,.T.);
#1545=EDGE_CURVE('',#1213,#1214,#158,.T.);
#1546=EDGE_CURVE('',#1214,#1209,#159,.T.);
#1547=EDGE_CURVE('',#1215,#1211,#691,.T.);
#1548=EDGE_CURVE('',#1216,#1215,#160,.T.);
#1549=EDGE_CURVE('',#1216,#1212,#692,.T.);
#1550=EDGE_CURVE('',#1217,#1210,#693,.T.);
#1551=EDGE_CURVE('',#1215,#1217,#161,.T.);
#1552=EDGE_CURVE('',#1218,#1209,#694,.T.);
#1553=EDGE_CURVE('',#1217,#1218,#162,.T.);
#1554=EDGE_CURVE('',#1219,#1204,#695,.T.);
#1555=EDGE_CURVE('',#1220,#1219,#163,.T.);
#1556=EDGE_CURVE('',#1220,#1205,#696,.T.);
#1557=EDGE_CURVE('',#1221,#1220,#164,.T.);
#1558=EDGE_CURVE('',#1221,#1206,#697,.T.);
#1559=EDGE_CURVE('',#1222,#1221,#165,.T.);
#1560=EDGE_CURVE('',#1223,#1222,#166,.T.);
#1561=EDGE_CURVE('',#1223,#1207,#698,.T.);
#1562=EDGE_CURVE('',#1224,#1203,#699,.T.);
#1563=EDGE_CURVE('',#1219,#1224,#167,.T.);
#1564=EDGE_CURVE('',#1225,#1223,#168,.T.);
#1565=EDGE_CURVE('',#1225,#1208,#700,.T.);
#1566=EDGE_CURVE('',#1226,#1202,#701,.T.);
#1567=EDGE_CURVE('',#1224,#1226,#169,.T.);
#1568=EDGE_CURVE('',#1227,#1225,#170,.T.);
#1569=EDGE_CURVE('',#1227,#1201,#702,.T.);
#1570=EDGE_CURVE('',#1228,#1227,#171,.T.);
#1571=EDGE_CURVE('',#1226,#1228,#172,.T.);
#1572=EDGE_CURVE('',#1229,#1216,#173,.T.);
#1573=EDGE_CURVE('',#1229,#1213,#703,.T.);
#1574=EDGE_CURVE('',#1230,#1229,#174,.T.);
#1575=EDGE_CURVE('',#1230,#1214,#704,.T.);
#1576=EDGE_CURVE('',#1218,#1230,#175,.T.);
#1577=EDGE_CURVE('',#1231,#1232,#1030,.T.);
#1578=EDGE_CURVE('',#1233,#1231,#705,.T.);
#1579=EDGE_CURVE('',#1234,#1233,#1031,.T.);
#1580=EDGE_CURVE('',#1234,#1232,#706,.T.);
#1581=EDGE_CURVE('',#1232,#1235,#707,.T.);
#1582=EDGE_CURVE('',#1236,#1234,#708,.T.);
#1583=EDGE_CURVE('',#1236,#1235,#709,.T.);
#1584=EDGE_CURVE('',#1237,#1231,#710,.T.);
#1585=EDGE_CURVE('',#1238,#1237,#711,.T.);
#1586=EDGE_CURVE('',#1233,#1238,#712,.T.);
#1587=EDGE_CURVE('',#1235,#1237,#1032,.T.);
#1588=EDGE_CURVE('',#1238,#1236,#1033,.T.);
#1589=EDGE_CURVE('',#1239,#1240,#1034,.T.);
#1590=EDGE_CURVE('',#1240,#1241,#713,.T.);
#1591=EDGE_CURVE('',#1241,#1242,#1035,.T.);
#1592=EDGE_CURVE('',#1242,#1239,#714,.T.);
#1593=EDGE_CURVE('',#1243,#1241,#715,.T.);
#1594=EDGE_CURVE('',#1244,#1243,#1036,.T.);
#1595=EDGE_CURVE('',#1245,#1244,#1037,.T.);
#1596=EDGE_CURVE('',#1245,#1242,#716,.T.);
#1597=EDGE_CURVE('',#1246,#1245,#717,.T.);
#1598=EDGE_CURVE('',#1246,#1239,#718,.T.);
#1599=EDGE_CURVE('',#1247,#1240,#719,.T.);
#1600=EDGE_CURVE('',#1243,#1247,#720,.T.);
#1601=EDGE_CURVE('',#1248,#1246,#1038,.T.);
#1602=EDGE_CURVE('',#1247,#1248,#1039,.T.);
#1603=EDGE_CURVE('',#1249,#1250,#1040,.T.);
#1604=EDGE_CURVE('',#1251,#1249,#721,.T.);
#1605=EDGE_CURVE('',#1252,#1251,#1041,.T.);
#1606=EDGE_CURVE('',#1252,#1250,#722,.T.);
#1607=EDGE_CURVE('',#1250,#1253,#723,.T.);
#1608=EDGE_CURVE('',#1254,#1252,#724,.T.);
#1609=EDGE_CURVE('',#1254,#1253,#725,.T.);
#1610=EDGE_CURVE('',#1255,#1249,#176,.T.);
#1611=EDGE_CURVE('',#1256,#1255,#726,.T.);
#1612=EDGE_CURVE('',#1251,#1256,#177,.T.);
#1613=EDGE_CURVE('',#1253,#1257,#1042,.T.);
#1614=EDGE_CURVE('',#1258,#1254,#1043,.T.);
#1615=EDGE_CURVE('',#1259,#1258,#1044,.T.);
#1616=EDGE_CURVE('',#1259,#1257,#727,.T.);
#1617=EDGE_CURVE('',#1260,#1255,#178,.T.);
#1618=EDGE_CURVE('',#1261,#1260,#728,.T.);
#1619=EDGE_CURVE('',#1256,#1261,#179,.T.);
#1620=EDGE_CURVE('',#1257,#1262,#729,.T.);
#1621=EDGE_CURVE('',#1263,#1259,#730,.T.);
#1622=EDGE_CURVE('',#1263,#1262,#731,.T.);
#1623=EDGE_CURVE('',#1264,#1260,#180,.T.);
#1624=EDGE_CURVE('',#1265,#1264,#732,.T.);
#1625=EDGE_CURVE('',#1261,#1265,#181,.T.);
#1626=EDGE_CURVE('',#1262,#1266,#1045,.T.);
#1627=EDGE_CURVE('',#1084,#1263,#1046,.T.);
#1628=EDGE_CURVE('',#1088,#1266,#733,.T.);
#1629=EDGE_CURVE('',#1267,#1264,#1047,.T.);
#1630=EDGE_CURVE('',#1268,#1267,#734,.T.);
#1631=EDGE_CURVE('',#1269,#1268,#1048,.T.);
#1632=EDGE_CURVE('',#1265,#1269,#1049,.T.);
#1633=EDGE_CURVE('',#1266,#1270,#182,.T.);
#1634=EDGE_CURVE('',#1087,#1270,#735,.T.);
#1635=EDGE_CURVE('',#1271,#1267,#736,.T.);
#1636=EDGE_CURVE('',#1272,#1271,#737,.T.);
#1637=EDGE_CURVE('',#1268,#1272,#738,.T.);
#1638=EDGE_CURVE('',#1270,#1273,#183,.T.);
#1639=EDGE_CURVE('',#1086,#1273,#739,.T.);
#1640=EDGE_CURVE('',#1274,#1271,#1050,.T.);
#1641=EDGE_CURVE('',#1085,#1274,#740,.T.);
#1642=EDGE_CURVE('',#1272,#1083,#1051,.T.);
#1643=EDGE_CURVE('',#1273,#1274,#184,.T.);
#1644=EDGE_CURVE('',#1275,#1276,#185,.T.);
#1645=EDGE_CURVE('',#1276,#1277,#741,.T.);
#1646=EDGE_CURVE('',#1277,#1278,#1052,.T.);
#1647=EDGE_CURVE('',#1278,#1279,#186,.T.);
#1648=EDGE_CURVE('',#1279,#1280,#187,.T.);
#1649=EDGE_CURVE('',#1280,#1281,#1053,.T.);
#1650=EDGE_CURVE('',#1281,#1282,#742,.T.);
#1651=EDGE_CURVE('',#1282,#1283,#1054,.T.);
#1652=EDGE_CURVE('',#1283,#1284,#743,.T.);
#1653=EDGE_CURVE('',#1284,#1285,#1055,.T.);
#1654=EDGE_CURVE('',#1285,#1286,#744,.T.);
#1655=EDGE_CURVE('',#1286,#1287,#1056,.T.);
#1656=EDGE_CURVE('',#1287,#1288,#745,.T.);
#1657=EDGE_CURVE('',#1288,#1289,#1057,.T.);
#1658=EDGE_CURVE('',#1289,#1290,#746,.T.);
#1659=EDGE_CURVE('',#1290,#1291,#1058,.T.);
#1660=EDGE_CURVE('',#1291,#1275,#188,.T.);
#1661=EDGE_CURVE('',#1292,#1283,#747,.T.);
#1662=EDGE_CURVE('',#1293,#1292,#748,.T.);
#1663=EDGE_CURVE('',#1293,#1284,#749,.T.);
#1664=EDGE_CURVE('',#1294,#1293,#1059,.T.);
#1665=EDGE_CURVE('',#1295,#1294,#1060,.T.);
#1666=EDGE_CURVE('',#1295,#1285,#750,.T.);
#1667=EDGE_CURVE('',#1296,#1282,#751,.T.);
#1668=EDGE_CURVE('',#1292,#1296,#1061,.T.);
#1669=EDGE_CURVE('',#1297,#1295,#752,.T.);
#1670=EDGE_CURVE('',#1297,#1286,#753,.T.);
#1671=EDGE_CURVE('',#1298,#1281,#754,.T.);
#1672=EDGE_CURVE('',#1296,#1298,#755,.T.);
#1673=EDGE_CURVE('',#1299,#1297,#1062,.T.);
#1674=EDGE_CURVE('',#1300,#1299,#1063,.T.);
#1675=EDGE_CURVE('',#1300,#1287,#756,.T.);
#1676=EDGE_CURVE('',#1301,#1280,#757,.T.);
#1677=EDGE_CURVE('',#1298,#1301,#1064,.T.);
#1678=EDGE_CURVE('',#1302,#1300,#758,.T.);
#1679=EDGE_CURVE('',#1302,#1288,#759,.T.);
#1680=EDGE_CURVE('',#1303,#1279,#760,.T.);
#1681=EDGE_CURVE('',#1301,#1303,#189,.T.);
#1682=EDGE_CURVE('',#1304,#1302,#1065,.T.);
#1683=EDGE_CURVE('',#1304,#1289,#761,.T.);
#1684=EDGE_CURVE('',#1305,#1278,#762,.T.);
#1685=EDGE_CURVE('',#1303,#1305,#190,.T.);
#1686=EDGE_CURVE('',#1306,#1304,#763,.T.);
#1687=EDGE_CURVE('',#1306,#1290,#764,.T.);
#1688=EDGE_CURVE('',#1307,#1277,#765,.T.);
#1689=EDGE_CURVE('',#1305,#1307,#1066,.T.);
#1690=EDGE_CURVE('',#1308,#1306,#1067,.T.);
#1691=EDGE_CURVE('',#1308,#1291,#766,.T.);
#1692=EDGE_CURVE('',#1309,#1276,#767,.T.);
#1693=EDGE_CURVE('',#1307,#1309,#768,.T.);
#1694=EDGE_CURVE('',#1310,#1308,#191,.T.);
#1695=EDGE_CURVE('',#1310,#1275,#769,.T.);
#1696=EDGE_CURVE('',#1309,#1310,#192,.T.);
#1697=EDGE_CURVE('',#1311,#1312,#193,.T.);
#1698=EDGE_CURVE('',#1313,#1311,#770,.T.);
#1699=EDGE_CURVE('',#1314,#1313,#194,.T.);
#1700=EDGE_CURVE('',#1314,#1312,#771,.T.);
#1701=EDGE_CURVE('',#1315,#1311,#195,.T.);
#1702=EDGE_CURVE('',#1316,#1315,#772,.T.);
#1703=EDGE_CURVE('',#1313,#1316,#196,.T.);
#1704=EDGE_CURVE('',#1317,#1318,#197,.T.);
#1705=EDGE_CURVE('',#1319,#1317,#773,.T.);
#1706=EDGE_CURVE('',#1320,#1319,#198,.T.);
#1707=EDGE_CURVE('',#1321,#1320,#199,.T.);
#1708=EDGE_CURVE('',#1321,#1318,#774,.T.);
#1709=EDGE_CURVE('',#1322,#1317,#200,.T.);
#1710=EDGE_CURVE('',#1323,#1322,#775,.T.);
#1711=EDGE_CURVE('',#1319,#1323,#201,.T.);
#1712=EDGE_CURVE('',#1318,#1324,#202,.T.);
#1713=EDGE_CURVE('',#1325,#1321,#203,.T.);
#1714=EDGE_CURVE('',#1325,#1324,#776,.T.);
#1715=EDGE_CURVE('',#1326,#1322,#204,.T.);
#1716=EDGE_CURVE('',#1327,#1326,#777,.T.);
#1717=EDGE_CURVE('',#1328,#1327,#205,.T.);
#1718=EDGE_CURVE('',#1323,#1328,#206,.T.);
#1719=EDGE_CURVE('',#1324,#1329,#207,.T.);
#1720=EDGE_CURVE('',#1330,#1325,#208,.T.);
#1721=EDGE_CURVE('',#1330,#1329,#778,.T.);
#1722=EDGE_CURVE('',#1331,#1326,#1068,.T.);
#1723=EDGE_CURVE('',#1332,#1331,#779,.T.);
#1724=EDGE_CURVE('',#1327,#1332,#1069,.T.);
#1725=EDGE_CURVE('',#1329,#1333,#209,.T.);
#1726=EDGE_CURVE('',#1334,#1330,#210,.T.);
#1727=EDGE_CURVE('',#1334,#1333,#780,.T.);
#1728=EDGE_CURVE('',#1335,#1331,#781,.T.);
#1729=EDGE_CURVE('',#1336,#1335,#782,.T.);
#1730=EDGE_CURVE('',#1332,#1336,#783,.T.);
#1731=EDGE_CURVE('',#1333,#1337,#1070,.T.);
#1732=EDGE_CURVE('',#1338,#1334,#1071,.T.);
#1733=EDGE_CURVE('',#1338,#1337,#784,.T.);
#1734=EDGE_CURVE('',#1339,#1335,#211,.T.);
#1735=EDGE_CURVE('',#1340,#1339,#785,.T.);
#1736=EDGE_CURVE('',#1336,#1340,#212,.T.);
#1737=EDGE_CURVE('',#1337,#1341,#786,.T.);
#1738=EDGE_CURVE('',#1342,#1338,#787,.T.);
#1739=EDGE_CURVE('',#1342,#1341,#788,.T.);
#1740=EDGE_CURVE('',#1343,#1339,#213,.T.);
#1741=EDGE_CURVE('',#1344,#1343,#789,.T.);
#1742=EDGE_CURVE('',#1340,#1344,#214,.T.);
#1743=EDGE_CURVE('',#1341,#1343,#215,.T.);
#1744=EDGE_CURVE('',#1344,#1342,#216,.T.);
#1745=EDGE_CURVE('',#1312,#1345,#790,.T.);
#1746=EDGE_CURVE('',#1346,#1314,#791,.T.);
#1747=EDGE_CURVE('',#1346,#1345,#792,.T.);
#1748=EDGE_CURVE('',#1345,#1347,#217,.T.);
#1749=EDGE_CURVE('',#1348,#1346,#218,.T.);
#1750=EDGE_CURVE('',#1348,#1347,#793,.T.);
#1751=EDGE_CURVE('',#1347,#1315,#219,.T.);
#1752=EDGE_CURVE('',#1316,#1348,#220,.T.);
#1753=EDGE_CURVE('',#1349,#1349,#1072,.T.);
#1754=EDGE_CURVE('',#1349,#1222,#794,.T.);
#1755=EDGE_CURVE('',#1228,#1155,#795,.T.);
#1756=EDGE_CURVE('',#1158,#1166,#796,.T.);
#1757=EDGE_CURVE('',#1197,#1248,#797,.T.);
#1758=EDGE_CURVE('',#1244,#1294,#798,.T.);
#1759=EDGE_CURVE('',#1299,#1269,#799,.T.);
#1760=EDGE_CURVE('',#1258,#1115,#800,.T.);
#1761=EDGE_CURVE('',#1122,#1320,#801,.T.);
#1762=EDGE_CURVE('',#1328,#1350,#802,.T.);
#1763=EDGE_CURVE('',#1350,#1350,#1073,.T.);
#1764=EDGE_CURVE('',#1351,#1351,#1074,.T.);
#1765=EDGE_CURVE('',#1352,#1352,#1075,.T.);
#1766=EDGE_CURVE('',#1352,#1353,#1076,.T.);
#1767=EDGE_CURVE('',#1353,#1353,#1077,.T.);
#1768=EDGE_CURVE('',#1351,#1352,#803,.T.);
#1769=ORIENTED_EDGE('',*,*,#1354,.T.);
#1770=ORIENTED_EDGE('',*,*,#1355,.T.);
#1771=ORIENTED_EDGE('',*,*,#1356,.F.);
#1772=ORIENTED_EDGE('',*,*,#1355,.F.);
#1773=ORIENTED_EDGE('',*,*,#1354,.F.);
#1774=ORIENTED_EDGE('',*,*,#1357,.T.);
#1775=ORIENTED_EDGE('',*,*,#1358,.T.);
#1776=ORIENTED_EDGE('',*,*,#1359,.T.);
#1777=ORIENTED_EDGE('',*,*,#1358,.F.);
#1778=ORIENTED_EDGE('',*,*,#1360,.F.);
#1779=ORIENTED_EDGE('',*,*,#1361,.T.);
#1780=ORIENTED_EDGE('',*,*,#1357,.F.);
#1781=ORIENTED_EDGE('',*,*,#1361,.F.);
#1782=ORIENTED_EDGE('',*,*,#1359,.F.);
#1783=ORIENTED_EDGE('',*,*,#1360,.T.);
#1784=ORIENTED_EDGE('',*,*,#1356,.T.);
#1785=ORIENTED_EDGE('',*,*,#1362,.F.);
#1786=ORIENTED_EDGE('',*,*,#1363,.T.);
#1787=ORIENTED_EDGE('',*,*,#1364,.T.);
#1788=ORIENTED_EDGE('',*,*,#1365,.T.);
#1789=ORIENTED_EDGE('',*,*,#1366,.T.);
#1790=ORIENTED_EDGE('',*,*,#1367,.T.);
#1791=ORIENTED_EDGE('',*,*,#1368,.T.);
#1792=ORIENTED_EDGE('',*,*,#1369,.T.);
#1793=ORIENTED_EDGE('',*,*,#1370,.T.);
#1794=ORIENTED_EDGE('',*,*,#1371,.T.);
#1795=ORIENTED_EDGE('',*,*,#1372,.T.);
#1796=ORIENTED_EDGE('',*,*,#1373,.T.);
#1797=ORIENTED_EDGE('',*,*,#1374,.T.);
#1798=ORIENTED_EDGE('',*,*,#1375,.T.);
#1799=ORIENTED_EDGE('',*,*,#1376,.T.);
#1800=ORIENTED_EDGE('',*,*,#1377,.T.);
#1801=ORIENTED_EDGE('',*,*,#1378,.T.);
#1802=ORIENTED_EDGE('',*,*,#1379,.T.);
#1803=ORIENTED_EDGE('',*,*,#1380,.T.);
#1804=ORIENTED_EDGE('',*,*,#1381,.T.);
#1805=ORIENTED_EDGE('',*,*,#1382,.T.);
#1806=ORIENTED_EDGE('',*,*,#1383,.T.);
#1807=ORIENTED_EDGE('',*,*,#1384,.T.);
#1808=ORIENTED_EDGE('',*,*,#1385,.T.);
#1809=ORIENTED_EDGE('',*,*,#1386,.T.);
#1810=ORIENTED_EDGE('',*,*,#1387,.T.);
#1811=ORIENTED_EDGE('',*,*,#1388,.T.);
#1812=ORIENTED_EDGE('',*,*,#1378,.F.);
#1813=ORIENTED_EDGE('',*,*,#1389,.F.);
#1814=ORIENTED_EDGE('',*,*,#1390,.F.);
#1815=ORIENTED_EDGE('',*,*,#1391,.T.);
#1816=ORIENTED_EDGE('',*,*,#1379,.F.);
#1817=ORIENTED_EDGE('',*,*,#1391,.F.);
#1818=ORIENTED_EDGE('',*,*,#1392,.F.);
#1819=ORIENTED_EDGE('',*,*,#1393,.T.);
#1820=ORIENTED_EDGE('',*,*,#1380,.F.);
#1821=ORIENTED_EDGE('',*,*,#1393,.F.);
#1822=ORIENTED_EDGE('',*,*,#1394,.F.);
#1823=ORIENTED_EDGE('',*,*,#1395,.T.);
#1824=ORIENTED_EDGE('',*,*,#1377,.F.);
#1825=ORIENTED_EDGE('',*,*,#1396,.F.);
#1826=ORIENTED_EDGE('',*,*,#1397,.F.);
#1827=ORIENTED_EDGE('',*,*,#1389,.T.);
#1828=ORIENTED_EDGE('',*,*,#1381,.F.);
#1829=ORIENTED_EDGE('',*,*,#1395,.F.);
#1830=ORIENTED_EDGE('',*,*,#1398,.F.);
#1831=ORIENTED_EDGE('',*,*,#1399,.F.);
#1832=ORIENTED_EDGE('',*,*,#1400,.T.);
#1833=ORIENTED_EDGE('',*,*,#1376,.F.);
#1834=ORIENTED_EDGE('',*,*,#1401,.F.);
#1835=ORIENTED_EDGE('',*,*,#1402,.F.);
#1836=ORIENTED_EDGE('',*,*,#1396,.T.);
#1837=ORIENTED_EDGE('',*,*,#1382,.F.);
#1838=ORIENTED_EDGE('',*,*,#1400,.F.);
#1839=ORIENTED_EDGE('',*,*,#1403,.F.);
#1840=ORIENTED_EDGE('',*,*,#1404,.T.);
#1841=ORIENTED_EDGE('',*,*,#1375,.F.);
#1842=ORIENTED_EDGE('',*,*,#1405,.F.);
#1843=ORIENTED_EDGE('',*,*,#1406,.F.);
#1844=ORIENTED_EDGE('',*,*,#1401,.T.);
#1845=ORIENTED_EDGE('',*,*,#1383,.F.);
#1846=ORIENTED_EDGE('',*,*,#1404,.F.);
#1847=ORIENTED_EDGE('',*,*,#1407,.F.);
#1848=ORIENTED_EDGE('',*,*,#1408,.T.);
#1849=ORIENTED_EDGE('',*,*,#1374,.F.);
#1850=ORIENTED_EDGE('',*,*,#1409,.F.);
#1851=ORIENTED_EDGE('',*,*,#1410,.F.);
#1852=ORIENTED_EDGE('',*,*,#1411,.F.);
#1853=ORIENTED_EDGE('',*,*,#1405,.T.);
#1854=ORIENTED_EDGE('',*,*,#1384,.F.);
#1855=ORIENTED_EDGE('',*,*,#1408,.F.);
#1856=ORIENTED_EDGE('',*,*,#1412,.F.);
#1857=ORIENTED_EDGE('',*,*,#1413,.T.);
#1858=ORIENTED_EDGE('',*,*,#1373,.F.);
#1859=ORIENTED_EDGE('',*,*,#1414,.F.);
#1860=ORIENTED_EDGE('',*,*,#1415,.F.);
#1861=ORIENTED_EDGE('',*,*,#1409,.T.);
#1862=ORIENTED_EDGE('',*,*,#1385,.F.);
#1863=ORIENTED_EDGE('',*,*,#1413,.F.);
#1864=ORIENTED_EDGE('',*,*,#1416,.F.);
#1865=ORIENTED_EDGE('',*,*,#1417,.T.);
#1866=ORIENTED_EDGE('',*,*,#1372,.F.);
#1867=ORIENTED_EDGE('',*,*,#1418,.F.);
#1868=ORIENTED_EDGE('',*,*,#1419,.F.);
#1869=ORIENTED_EDGE('',*,*,#1414,.T.);
#1870=ORIENTED_EDGE('',*,*,#1386,.F.);
#1871=ORIENTED_EDGE('',*,*,#1417,.F.);
#1872=ORIENTED_EDGE('',*,*,#1420,.F.);
#1873=ORIENTED_EDGE('',*,*,#1421,.T.);
#1874=ORIENTED_EDGE('',*,*,#1371,.F.);
#1875=ORIENTED_EDGE('',*,*,#1422,.F.);
#1876=ORIENTED_EDGE('',*,*,#1423,.F.);
#1877=ORIENTED_EDGE('',*,*,#1418,.T.);
#1878=ORIENTED_EDGE('',*,*,#1387,.F.);
#1879=ORIENTED_EDGE('',*,*,#1421,.F.);
#1880=ORIENTED_EDGE('',*,*,#1424,.F.);
#1881=ORIENTED_EDGE('',*,*,#1425,.T.);
#1882=ORIENTED_EDGE('',*,*,#1370,.F.);
#1883=ORIENTED_EDGE('',*,*,#1426,.F.);
#1884=ORIENTED_EDGE('',*,*,#1427,.F.);
#1885=ORIENTED_EDGE('',*,*,#1422,.T.);
#1886=ORIENTED_EDGE('',*,*,#1388,.F.);
#1887=ORIENTED_EDGE('',*,*,#1425,.F.);
#1888=ORIENTED_EDGE('',*,*,#1428,.F.);
#1889=ORIENTED_EDGE('',*,*,#1429,.T.);
#1890=ORIENTED_EDGE('',*,*,#1369,.F.);
#1891=ORIENTED_EDGE('',*,*,#1430,.F.);
#1892=ORIENTED_EDGE('',*,*,#1431,.F.);
#1893=ORIENTED_EDGE('',*,*,#1426,.T.);
#1894=ORIENTED_EDGE('',*,*,#1368,.F.);
#1895=ORIENTED_EDGE('',*,*,#1429,.F.);
#1896=ORIENTED_EDGE('',*,*,#1432,.F.);
#1897=ORIENTED_EDGE('',*,*,#1430,.T.);
#1898=ORIENTED_EDGE('',*,*,#1433,.T.);
#1899=ORIENTED_EDGE('',*,*,#1434,.T.);
#1900=ORIENTED_EDGE('',*,*,#1435,.T.);
#1901=ORIENTED_EDGE('',*,*,#1436,.T.);
#1902=ORIENTED_EDGE('',*,*,#1437,.T.);
#1903=ORIENTED_EDGE('',*,*,#1438,.T.);
#1904=ORIENTED_EDGE('',*,*,#1439,.T.);
#1905=ORIENTED_EDGE('',*,*,#1440,.T.);
#1906=ORIENTED_EDGE('',*,*,#1441,.T.);
#1907=ORIENTED_EDGE('',*,*,#1442,.T.);
#1908=ORIENTED_EDGE('',*,*,#1443,.T.);
#1909=ORIENTED_EDGE('',*,*,#1444,.T.);
#1910=ORIENTED_EDGE('',*,*,#1445,.T.);
#1911=ORIENTED_EDGE('',*,*,#1446,.T.);
#1912=ORIENTED_EDGE('',*,*,#1444,.F.);
#1913=ORIENTED_EDGE('',*,*,#1447,.F.);
#1914=ORIENTED_EDGE('',*,*,#1448,.F.);
#1915=ORIENTED_EDGE('',*,*,#1449,.T.);
#1916=ORIENTED_EDGE('',*,*,#1443,.F.);
#1917=ORIENTED_EDGE('',*,*,#1450,.F.);
#1918=ORIENTED_EDGE('',*,*,#1451,.F.);
#1919=ORIENTED_EDGE('',*,*,#1447,.T.);
#1920=ORIENTED_EDGE('',*,*,#1442,.F.);
#1921=ORIENTED_EDGE('',*,*,#1452,.F.);
#1922=ORIENTED_EDGE('',*,*,#1453,.F.);
#1923=ORIENTED_EDGE('',*,*,#1450,.T.);
#1924=ORIENTED_EDGE('',*,*,#1437,.F.);
#1925=ORIENTED_EDGE('',*,*,#1454,.F.);
#1926=ORIENTED_EDGE('',*,*,#1455,.F.);
#1927=ORIENTED_EDGE('',*,*,#1456,.T.);
#1928=ORIENTED_EDGE('',*,*,#1438,.F.);
#1929=ORIENTED_EDGE('',*,*,#1456,.F.);
#1930=ORIENTED_EDGE('',*,*,#1457,.F.);
#1931=ORIENTED_EDGE('',*,*,#1458,.T.);
#1932=ORIENTED_EDGE('',*,*,#1436,.F.);
#1933=ORIENTED_EDGE('',*,*,#1459,.F.);
#1934=ORIENTED_EDGE('',*,*,#1460,.F.);
#1935=ORIENTED_EDGE('',*,*,#1454,.T.);
#1936=ORIENTED_EDGE('',*,*,#1439,.F.);
#1937=ORIENTED_EDGE('',*,*,#1458,.F.);
#1938=ORIENTED_EDGE('',*,*,#1461,.F.);
#1939=ORIENTED_EDGE('',*,*,#1462,.F.);
#1940=ORIENTED_EDGE('',*,*,#1463,.T.);
#1941=ORIENTED_EDGE('',*,*,#1435,.F.);
#1942=ORIENTED_EDGE('',*,*,#1464,.F.);
#1943=ORIENTED_EDGE('',*,*,#1465,.F.);
#1944=ORIENTED_EDGE('',*,*,#1466,.F.);
#1945=ORIENTED_EDGE('',*,*,#1459,.T.);
#1946=ORIENTED_EDGE('',*,*,#1440,.F.);
#1947=ORIENTED_EDGE('',*,*,#1463,.F.);
#1948=ORIENTED_EDGE('',*,*,#1467,.F.);
#1949=ORIENTED_EDGE('',*,*,#1468,.T.);
#1950=ORIENTED_EDGE('',*,*,#1434,.F.);
#1951=ORIENTED_EDGE('',*,*,#1469,.F.);
#1952=ORIENTED_EDGE('',*,*,#1470,.F.);
#1953=ORIENTED_EDGE('',*,*,#1464,.T.);
#1954=ORIENTED_EDGE('',*,*,#1441,.F.);
#1955=ORIENTED_EDGE('',*,*,#1468,.F.);
#1956=ORIENTED_EDGE('',*,*,#1471,.F.);
#1957=ORIENTED_EDGE('',*,*,#1472,.T.);
#1958=ORIENTED_EDGE('',*,*,#1433,.F.);
#1959=ORIENTED_EDGE('',*,*,#1472,.F.);
#1960=ORIENTED_EDGE('',*,*,#1473,.F.);
#1961=ORIENTED_EDGE('',*,*,#1469,.T.);
#1962=ORIENTED_EDGE('',*,*,#1445,.F.);
#1963=ORIENTED_EDGE('',*,*,#1449,.F.);
#1964=ORIENTED_EDGE('',*,*,#1474,.F.);
#1965=ORIENTED_EDGE('',*,*,#1475,.T.);
#1966=ORIENTED_EDGE('',*,*,#1446,.F.);
#1967=ORIENTED_EDGE('',*,*,#1475,.F.);
#1968=ORIENTED_EDGE('',*,*,#1476,.F.);
#1969=ORIENTED_EDGE('',*,*,#1452,.T.);
#1970=ORIENTED_EDGE('',*,*,#1477,.F.);
#1971=ORIENTED_EDGE('',*,*,#1478,.F.);
#1972=ORIENTED_EDGE('',*,*,#1479,.F.);
#1973=ORIENTED_EDGE('',*,*,#1480,.F.);
#1974=ORIENTED_EDGE('',*,*,#1481,.T.);
#1975=ORIENTED_EDGE('',*,*,#1482,.F.);
#1976=ORIENTED_EDGE('',*,*,#1481,.F.);
#1977=ORIENTED_EDGE('',*,*,#1483,.F.);
#1978=ORIENTED_EDGE('',*,*,#1484,.T.);
#1979=ORIENTED_EDGE('',*,*,#1485,.F.);
#1980=ORIENTED_EDGE('',*,*,#1486,.F.);
#1981=ORIENTED_EDGE('',*,*,#1487,.F.);
#1982=ORIENTED_EDGE('',*,*,#1478,.T.);
#1983=ORIENTED_EDGE('',*,*,#1488,.F.);
#1984=ORIENTED_EDGE('',*,*,#1484,.F.);
#1985=ORIENTED_EDGE('',*,*,#1489,.F.);
#1986=ORIENTED_EDGE('',*,*,#1490,.T.);
#1987=ORIENTED_EDGE('',*,*,#1491,.F.);
#1988=ORIENTED_EDGE('',*,*,#1492,.F.);
#1989=ORIENTED_EDGE('',*,*,#1493,.F.);
#1990=ORIENTED_EDGE('',*,*,#1486,.T.);
#1991=ORIENTED_EDGE('',*,*,#1494,.F.);
#1992=ORIENTED_EDGE('',*,*,#1490,.F.);
#1993=ORIENTED_EDGE('',*,*,#1495,.F.);
#1994=ORIENTED_EDGE('',*,*,#1496,.T.);
#1995=ORIENTED_EDGE('',*,*,#1497,.F.);
#1996=ORIENTED_EDGE('',*,*,#1498,.F.);
#1997=ORIENTED_EDGE('',*,*,#1499,.F.);
#1998=ORIENTED_EDGE('',*,*,#1492,.T.);
#1999=ORIENTED_EDGE('',*,*,#1500,.F.);
#2000=ORIENTED_EDGE('',*,*,#1496,.F.);
#2001=ORIENTED_EDGE('',*,*,#1501,.F.);
#2002=ORIENTED_EDGE('',*,*,#1502,.T.);
#2003=ORIENTED_EDGE('',*,*,#1503,.F.);
#2004=ORIENTED_EDGE('',*,*,#1504,.F.);
#2005=ORIENTED_EDGE('',*,*,#1505,.F.);
#2006=ORIENTED_EDGE('',*,*,#1498,.T.);
#2007=ORIENTED_EDGE('',*,*,#1506,.F.);
#2008=ORIENTED_EDGE('',*,*,#1502,.F.);
#2009=ORIENTED_EDGE('',*,*,#1507,.F.);
#2010=ORIENTED_EDGE('',*,*,#1508,.T.);
#2011=ORIENTED_EDGE('',*,*,#1509,.F.);
#2012=ORIENTED_EDGE('',*,*,#1510,.F.);
#2013=ORIENTED_EDGE('',*,*,#1511,.F.);
#2014=ORIENTED_EDGE('',*,*,#1504,.T.);
#2015=ORIENTED_EDGE('',*,*,#1512,.F.);
#2016=ORIENTED_EDGE('',*,*,#1508,.F.);
#2017=ORIENTED_EDGE('',*,*,#1513,.F.);
#2018=ORIENTED_EDGE('',*,*,#1514,.T.);
#2019=ORIENTED_EDGE('',*,*,#1515,.F.);
#2020=ORIENTED_EDGE('',*,*,#1516,.F.);
#2021=ORIENTED_EDGE('',*,*,#1517,.F.);
#2022=ORIENTED_EDGE('',*,*,#1510,.T.);
#2023=ORIENTED_EDGE('',*,*,#1518,.F.);
#2024=ORIENTED_EDGE('',*,*,#1514,.F.);
#2025=ORIENTED_EDGE('',*,*,#1519,.F.);
#2026=ORIENTED_EDGE('',*,*,#1520,.T.);
#2027=ORIENTED_EDGE('',*,*,#1521,.F.);
#2028=ORIENTED_EDGE('',*,*,#1522,.F.);
#2029=ORIENTED_EDGE('',*,*,#1523,.F.);
#2030=ORIENTED_EDGE('',*,*,#1516,.T.);
#2031=ORIENTED_EDGE('',*,*,#1524,.F.);
#2032=ORIENTED_EDGE('',*,*,#1520,.F.);
#2033=ORIENTED_EDGE('',*,*,#1525,.F.);
#2034=ORIENTED_EDGE('',*,*,#1526,.F.);
#2035=ORIENTED_EDGE('',*,*,#1527,.T.);
#2036=ORIENTED_EDGE('',*,*,#1528,.F.);
#2037=ORIENTED_EDGE('',*,*,#1529,.F.);
#2038=ORIENTED_EDGE('',*,*,#1530,.F.);
#2039=ORIENTED_EDGE('',*,*,#1522,.T.);
#2040=ORIENTED_EDGE('',*,*,#1531,.F.);
#2041=ORIENTED_EDGE('',*,*,#1527,.F.);
#2042=ORIENTED_EDGE('',*,*,#1532,.F.);
#2043=ORIENTED_EDGE('',*,*,#1529,.T.);
#2044=ORIENTED_EDGE('',*,*,#1477,.T.);
#2045=ORIENTED_EDGE('',*,*,#1482,.T.);
#2046=ORIENTED_EDGE('',*,*,#1488,.T.);
#2047=ORIENTED_EDGE('',*,*,#1494,.T.);
#2048=ORIENTED_EDGE('',*,*,#1500,.T.);
#2049=ORIENTED_EDGE('',*,*,#1506,.T.);
#2050=ORIENTED_EDGE('',*,*,#1512,.T.);
#2051=ORIENTED_EDGE('',*,*,#1518,.T.);
#2052=ORIENTED_EDGE('',*,*,#1524,.T.);
#2053=ORIENTED_EDGE('',*,*,#1531,.T.);
#2054=ORIENTED_EDGE('',*,*,#1528,.T.);
#2055=ORIENTED_EDGE('',*,*,#1521,.T.);
#2056=ORIENTED_EDGE('',*,*,#1515,.T.);
#2057=ORIENTED_EDGE('',*,*,#1509,.T.);
#2058=ORIENTED_EDGE('',*,*,#1503,.T.);
#2059=ORIENTED_EDGE('',*,*,#1497,.T.);
#2060=ORIENTED_EDGE('',*,*,#1491,.T.);
#2061=ORIENTED_EDGE('',*,*,#1485,.T.);
#2062=ORIENTED_EDGE('',*,*,#1533,.T.);
#2063=ORIENTED_EDGE('',*,*,#1534,.T.);
#2064=ORIENTED_EDGE('',*,*,#1535,.T.);
#2065=ORIENTED_EDGE('',*,*,#1536,.T.);
#2066=ORIENTED_EDGE('',*,*,#1537,.T.);
#2067=ORIENTED_EDGE('',*,*,#1538,.T.);
#2068=ORIENTED_EDGE('',*,*,#1539,.T.);
#2069=ORIENTED_EDGE('',*,*,#1540,.T.);
#2070=ORIENTED_EDGE('',*,*,#1541,.T.);
#2071=ORIENTED_EDGE('',*,*,#1542,.T.);
#2072=ORIENTED_EDGE('',*,*,#1543,.T.);
#2073=ORIENTED_EDGE('',*,*,#1544,.T.);
#2074=ORIENTED_EDGE('',*,*,#1545,.T.);
#2075=ORIENTED_EDGE('',*,*,#1546,.T.);
#2076=ORIENTED_EDGE('',*,*,#1543,.F.);
#2077=ORIENTED_EDGE('',*,*,#1547,.F.);
#2078=ORIENTED_EDGE('',*,*,#1548,.F.);
#2079=ORIENTED_EDGE('',*,*,#1549,.T.);
#2080=ORIENTED_EDGE('',*,*,#1542,.F.);
#2081=ORIENTED_EDGE('',*,*,#1550,.F.);
#2082=ORIENTED_EDGE('',*,*,#1551,.F.);
#2083=ORIENTED_EDGE('',*,*,#1547,.T.);
#2084=ORIENTED_EDGE('',*,*,#1541,.F.);
#2085=ORIENTED_EDGE('',*,*,#1552,.F.);
#2086=ORIENTED_EDGE('',*,*,#1553,.F.);
#2087=ORIENTED_EDGE('',*,*,#1550,.T.);
#2088=ORIENTED_EDGE('',*,*,#1536,.F.);
#2089=ORIENTED_EDGE('',*,*,#1554,.F.);
#2090=ORIENTED_EDGE('',*,*,#1555,.F.);
#2091=ORIENTED_EDGE('',*,*,#1556,.T.);
#2092=ORIENTED_EDGE('',*,*,#1537,.F.);
#2093=ORIENTED_EDGE('',*,*,#1556,.F.);
#2094=ORIENTED_EDGE('',*,*,#1557,.F.);
#2095=ORIENTED_EDGE('',*,*,#1558,.T.);
#2096=ORIENTED_EDGE('',*,*,#1538,.F.);
#2097=ORIENTED_EDGE('',*,*,#1558,.F.);
#2098=ORIENTED_EDGE('',*,*,#1559,.F.);
#2099=ORIENTED_EDGE('',*,*,#1560,.F.);
#2100=ORIENTED_EDGE('',*,*,#1561,.T.);
#2101=ORIENTED_EDGE('',*,*,#1535,.F.);
#2102=ORIENTED_EDGE('',*,*,#1562,.F.);
#2103=ORIENTED_EDGE('',*,*,#1563,.F.);
#2104=ORIENTED_EDGE('',*,*,#1554,.T.);
#2105=ORIENTED_EDGE('',*,*,#1539,.F.);
#2106=ORIENTED_EDGE('',*,*,#1561,.F.);
#2107=ORIENTED_EDGE('',*,*,#1564,.F.);
#2108=ORIENTED_EDGE('',*,*,#1565,.T.);
#2109=ORIENTED_EDGE('',*,*,#1534,.F.);
#2110=ORIENTED_EDGE('',*,*,#1566,.F.);
#2111=ORIENTED_EDGE('',*,*,#1567,.F.);
#2112=ORIENTED_EDGE('',*,*,#1562,.T.);
#2113=ORIENTED_EDGE('',*,*,#1540,.F.);
#2114=ORIENTED_EDGE('',*,*,#1565,.F.);
#2115=ORIENTED_EDGE('',*,*,#1568,.F.);
#2116=ORIENTED_EDGE('',*,*,#1569,.T.);
#2117=ORIENTED_EDGE('',*,*,#1533,.F.);
#2118=ORIENTED_EDGE('',*,*,#1569,.F.);
#2119=ORIENTED_EDGE('',*,*,#1570,.F.);
#2120=ORIENTED_EDGE('',*,*,#1571,.F.);
#2121=ORIENTED_EDGE('',*,*,#1566,.T.);
#2122=ORIENTED_EDGE('',*,*,#1544,.F.);
#2123=ORIENTED_EDGE('',*,*,#1549,.F.);
#2124=ORIENTED_EDGE('',*,*,#1572,.F.);
#2125=ORIENTED_EDGE('',*,*,#1573,.T.);
#2126=ORIENTED_EDGE('',*,*,#1545,.F.);
#2127=ORIENTED_EDGE('',*,*,#1573,.F.);
#2128=ORIENTED_EDGE('',*,*,#1574,.F.);
#2129=ORIENTED_EDGE('',*,*,#1575,.T.);
#2130=ORIENTED_EDGE('',*,*,#1546,.F.);
#2131=ORIENTED_EDGE('',*,*,#1575,.F.);
#2132=ORIENTED_EDGE('',*,*,#1576,.F.);
#2133=ORIENTED_EDGE('',*,*,#1552,.T.);
#2134=ORIENTED_EDGE('',*,*,#1577,.F.);
#2135=ORIENTED_EDGE('',*,*,#1578,.F.);
#2136=ORIENTED_EDGE('',*,*,#1579,.F.);
#2137=ORIENTED_EDGE('',*,*,#1580,.T.);
#2138=ORIENTED_EDGE('',*,*,#1581,.F.);
#2139=ORIENTED_EDGE('',*,*,#1580,.F.);
#2140=ORIENTED_EDGE('',*,*,#1582,.F.);
#2141=ORIENTED_EDGE('',*,*,#1583,.T.);
#2142=ORIENTED_EDGE('',*,*,#1584,.F.);
#2143=ORIENTED_EDGE('',*,*,#1585,.F.);
#2144=ORIENTED_EDGE('',*,*,#1586,.F.);
#2145=ORIENTED_EDGE('',*,*,#1578,.T.);
#2146=ORIENTED_EDGE('',*,*,#1587,.F.);
#2147=ORIENTED_EDGE('',*,*,#1583,.F.);
#2148=ORIENTED_EDGE('',*,*,#1588,.F.);
#2149=ORIENTED_EDGE('',*,*,#1585,.T.);
#2150=ORIENTED_EDGE('',*,*,#1577,.T.);
#2151=ORIENTED_EDGE('',*,*,#1581,.T.);
#2152=ORIENTED_EDGE('',*,*,#1587,.T.);
#2153=ORIENTED_EDGE('',*,*,#1584,.T.);
#2154=ORIENTED_EDGE('',*,*,#1589,.T.);
#2155=ORIENTED_EDGE('',*,*,#1590,.T.);
#2156=ORIENTED_EDGE('',*,*,#1591,.T.);
#2157=ORIENTED_EDGE('',*,*,#1592,.T.);
#2158=ORIENTED_EDGE('',*,*,#1591,.F.);
#2159=ORIENTED_EDGE('',*,*,#1593,.F.);
#2160=ORIENTED_EDGE('',*,*,#1594,.F.);
#2161=ORIENTED_EDGE('',*,*,#1595,.F.);
#2162=ORIENTED_EDGE('',*,*,#1596,.T.);
#2163=ORIENTED_EDGE('',*,*,#1592,.F.);
#2164=ORIENTED_EDGE('',*,*,#1596,.F.);
#2165=ORIENTED_EDGE('',*,*,#1597,.F.);
#2166=ORIENTED_EDGE('',*,*,#1598,.T.);
#2167=ORIENTED_EDGE('',*,*,#1590,.F.);
#2168=ORIENTED_EDGE('',*,*,#1599,.F.);
#2169=ORIENTED_EDGE('',*,*,#1600,.F.);
#2170=ORIENTED_EDGE('',*,*,#1593,.T.);
#2171=ORIENTED_EDGE('',*,*,#1589,.F.);
#2172=ORIENTED_EDGE('',*,*,#1598,.F.);
#2173=ORIENTED_EDGE('',*,*,#1601,.F.);
#2174=ORIENTED_EDGE('',*,*,#1602,.F.);
#2175=ORIENTED_EDGE('',*,*,#1599,.T.);
#2176=ORIENTED_EDGE('',*,*,#1603,.F.);
#2177=ORIENTED_EDGE('',*,*,#1604,.F.);
#2178=ORIENTED_EDGE('',*,*,#1605,.F.);
#2179=ORIENTED_EDGE('',*,*,#1606,.T.);
#2180=ORIENTED_EDGE('',*,*,#1607,.F.);
#2181=ORIENTED_EDGE('',*,*,#1606,.F.);
#2182=ORIENTED_EDGE('',*,*,#1608,.F.);
#2183=ORIENTED_EDGE('',*,*,#1609,.T.);
#2184=ORIENTED_EDGE('',*,*,#1610,.F.);
#2185=ORIENTED_EDGE('',*,*,#1611,.F.);
#2186=ORIENTED_EDGE('',*,*,#1612,.F.);
#2187=ORIENTED_EDGE('',*,*,#1604,.T.);
#2188=ORIENTED_EDGE('',*,*,#1613,.F.);
#2189=ORIENTED_EDGE('',*,*,#1609,.F.);
#2190=ORIENTED_EDGE('',*,*,#1614,.F.);
#2191=ORIENTED_EDGE('',*,*,#1615,.F.);
#2192=ORIENTED_EDGE('',*,*,#1616,.T.);
#2193=ORIENTED_EDGE('',*,*,#1617,.F.);
#2194=ORIENTED_EDGE('',*,*,#1618,.F.);
#2195=ORIENTED_EDGE('',*,*,#1619,.F.);
#2196=ORIENTED_EDGE('',*,*,#1611,.T.);
#2197=ORIENTED_EDGE('',*,*,#1620,.F.);
#2198=ORIENTED_EDGE('',*,*,#1616,.F.);
#2199=ORIENTED_EDGE('',*,*,#1621,.F.);
#2200=ORIENTED_EDGE('',*,*,#1622,.T.);
#2201=ORIENTED_EDGE('',*,*,#1623,.F.);
#2202=ORIENTED_EDGE('',*,*,#1624,.F.);
#2203=ORIENTED_EDGE('',*,*,#1625,.F.);
#2204=ORIENTED_EDGE('',*,*,#1618,.T.);
#2205=ORIENTED_EDGE('',*,*,#1626,.F.);
#2206=ORIENTED_EDGE('',*,*,#1622,.F.);
#2207=ORIENTED_EDGE('',*,*,#1627,.F.);
#2208=ORIENTED_EDGE('',*,*,#1367,.F.);
#2209=ORIENTED_EDGE('',*,*,#1628,.T.);
#2210=ORIENTED_EDGE('',*,*,#1629,.F.);
#2211=ORIENTED_EDGE('',*,*,#1630,.F.);
#2212=ORIENTED_EDGE('',*,*,#1631,.F.);
#2213=ORIENTED_EDGE('',*,*,#1632,.F.);
#2214=ORIENTED_EDGE('',*,*,#1624,.T.);
#2215=ORIENTED_EDGE('',*,*,#1633,.F.);
#2216=ORIENTED_EDGE('',*,*,#1628,.F.);
#2217=ORIENTED_EDGE('',*,*,#1366,.F.);
#2218=ORIENTED_EDGE('',*,*,#1634,.T.);
#2219=ORIENTED_EDGE('',*,*,#1635,.F.);
#2220=ORIENTED_EDGE('',*,*,#1636,.F.);
#2221=ORIENTED_EDGE('',*,*,#1637,.F.);
#2222=ORIENTED_EDGE('',*,*,#1630,.T.);
#2223=ORIENTED_EDGE('',*,*,#1638,.F.);
#2224=ORIENTED_EDGE('',*,*,#1634,.F.);
#2225=ORIENTED_EDGE('',*,*,#1365,.F.);
#2226=ORIENTED_EDGE('',*,*,#1639,.T.);
#2227=ORIENTED_EDGE('',*,*,#1640,.F.);
#2228=ORIENTED_EDGE('',*,*,#1641,.F.);
#2229=ORIENTED_EDGE('',*,*,#1363,.F.);
#2230=ORIENTED_EDGE('',*,*,#1642,.F.);
#2231=ORIENTED_EDGE('',*,*,#1636,.T.);
#2232=ORIENTED_EDGE('',*,*,#1643,.F.);
#2233=ORIENTED_EDGE('',*,*,#1639,.F.);
#2234=ORIENTED_EDGE('',*,*,#1364,.F.);
#2235=ORIENTED_EDGE('',*,*,#1641,.T.);
#2236=ORIENTED_EDGE('',*,*,#1603,.T.);
#2237=ORIENTED_EDGE('',*,*,#1607,.T.);
#2238=ORIENTED_EDGE('',*,*,#1613,.T.);
#2239=ORIENTED_EDGE('',*,*,#1620,.T.);
#2240=ORIENTED_EDGE('',*,*,#1626,.T.);
#2241=ORIENTED_EDGE('',*,*,#1633,.T.);
#2242=ORIENTED_EDGE('',*,*,#1638,.T.);
#2243=ORIENTED_EDGE('',*,*,#1643,.T.);
#2244=ORIENTED_EDGE('',*,*,#1640,.T.);
#2245=ORIENTED_EDGE('',*,*,#1635,.T.);
#2246=ORIENTED_EDGE('',*,*,#1629,.T.);
#2247=ORIENTED_EDGE('',*,*,#1623,.T.);
#2248=ORIENTED_EDGE('',*,*,#1617,.T.);
#2249=ORIENTED_EDGE('',*,*,#1610,.T.);
#2250=ORIENTED_EDGE('',*,*,#1644,.T.);
#2251=ORIENTED_EDGE('',*,*,#1645,.T.);
#2252=ORIENTED_EDGE('',*,*,#1646,.T.);
#2253=ORIENTED_EDGE('',*,*,#1647,.T.);
#2254=ORIENTED_EDGE('',*,*,#1648,.T.);
#2255=ORIENTED_EDGE('',*,*,#1649,.T.);
#2256=ORIENTED_EDGE('',*,*,#1650,.T.);
#2257=ORIENTED_EDGE('',*,*,#1651,.T.);
#2258=ORIENTED_EDGE('',*,*,#1652,.T.);
#2259=ORIENTED_EDGE('',*,*,#1653,.T.);
#2260=ORIENTED_EDGE('',*,*,#1654,.T.);
#2261=ORIENTED_EDGE('',*,*,#1655,.T.);
#2262=ORIENTED_EDGE('',*,*,#1656,.T.);
#2263=ORIENTED_EDGE('',*,*,#1657,.T.);
#2264=ORIENTED_EDGE('',*,*,#1658,.T.);
#2265=ORIENTED_EDGE('',*,*,#1659,.T.);
#2266=ORIENTED_EDGE('',*,*,#1660,.T.);
#2267=ORIENTED_EDGE('',*,*,#1652,.F.);
#2268=ORIENTED_EDGE('',*,*,#1661,.F.);
#2269=ORIENTED_EDGE('',*,*,#1662,.F.);
#2270=ORIENTED_EDGE('',*,*,#1663,.T.);
#2271=ORIENTED_EDGE('',*,*,#1653,.F.);
#2272=ORIENTED_EDGE('',*,*,#1663,.F.);
#2273=ORIENTED_EDGE('',*,*,#1664,.F.);
#2274=ORIENTED_EDGE('',*,*,#1665,.F.);
#2275=ORIENTED_EDGE('',*,*,#1666,.T.);
#2276=ORIENTED_EDGE('',*,*,#1651,.F.);
#2277=ORIENTED_EDGE('',*,*,#1667,.F.);
#2278=ORIENTED_EDGE('',*,*,#1668,.F.);
#2279=ORIENTED_EDGE('',*,*,#1661,.T.);
#2280=ORIENTED_EDGE('',*,*,#1654,.F.);
#2281=ORIENTED_EDGE('',*,*,#1666,.F.);
#2282=ORIENTED_EDGE('',*,*,#1669,.F.);
#2283=ORIENTED_EDGE('',*,*,#1670,.T.);
#2284=ORIENTED_EDGE('',*,*,#1650,.F.);
#2285=ORIENTED_EDGE('',*,*,#1671,.F.);
#2286=ORIENTED_EDGE('',*,*,#1672,.F.);
#2287=ORIENTED_EDGE('',*,*,#1667,.T.);
#2288=ORIENTED_EDGE('',*,*,#1655,.F.);
#2289=ORIENTED_EDGE('',*,*,#1670,.F.);
#2290=ORIENTED_EDGE('',*,*,#1673,.F.);
#2291=ORIENTED_EDGE('',*,*,#1674,.F.);
#2292=ORIENTED_EDGE('',*,*,#1675,.T.);
#2293=ORIENTED_EDGE('',*,*,#1649,.F.);
#2294=ORIENTED_EDGE('',*,*,#1676,.F.);
#2295=ORIENTED_EDGE('',*,*,#1677,.F.);
#2296=ORIENTED_EDGE('',*,*,#1671,.T.);
#2297=ORIENTED_EDGE('',*,*,#1656,.F.);
#2298=ORIENTED_EDGE('',*,*,#1675,.F.);
#2299=ORIENTED_EDGE('',*,*,#1678,.F.);
#2300=ORIENTED_EDGE('',*,*,#1679,.T.);
#2301=ORIENTED_EDGE('',*,*,#1648,.F.);
#2302=ORIENTED_EDGE('',*,*,#1680,.F.);
#2303=ORIENTED_EDGE('',*,*,#1681,.F.);
#2304=ORIENTED_EDGE('',*,*,#1676,.T.);
#2305=ORIENTED_EDGE('',*,*,#1657,.F.);
#2306=ORIENTED_EDGE('',*,*,#1679,.F.);
#2307=ORIENTED_EDGE('',*,*,#1682,.F.);
#2308=ORIENTED_EDGE('',*,*,#1683,.T.);
#2309=ORIENTED_EDGE('',*,*,#1647,.F.);
#2310=ORIENTED_EDGE('',*,*,#1684,.F.);
#2311=ORIENTED_EDGE('',*,*,#1685,.F.);
#2312=ORIENTED_EDGE('',*,*,#1680,.T.);
#2313=ORIENTED_EDGE('',*,*,#1658,.F.);
#2314=ORIENTED_EDGE('',*,*,#1683,.F.);
#2315=ORIENTED_EDGE('',*,*,#1686,.F.);
#2316=ORIENTED_EDGE('',*,*,#1687,.T.);
#2317=ORIENTED_EDGE('',*,*,#1646,.F.);
#2318=ORIENTED_EDGE('',*,*,#1688,.F.);
#2319=ORIENTED_EDGE('',*,*,#1689,.F.);
#2320=ORIENTED_EDGE('',*,*,#1684,.T.);
#2321=ORIENTED_EDGE('',*,*,#1659,.F.);
#2322=ORIENTED_EDGE('',*,*,#1687,.F.);
#2323=ORIENTED_EDGE('',*,*,#1690,.F.);
#2324=ORIENTED_EDGE('',*,*,#1691,.T.);
#2325=ORIENTED_EDGE('',*,*,#1645,.F.);
#2326=ORIENTED_EDGE('',*,*,#1692,.F.);
#2327=ORIENTED_EDGE('',*,*,#1693,.F.);
#2328=ORIENTED_EDGE('',*,*,#1688,.T.);
#2329=ORIENTED_EDGE('',*,*,#1660,.F.);
#2330=ORIENTED_EDGE('',*,*,#1691,.F.);
#2331=ORIENTED_EDGE('',*,*,#1694,.F.);
#2332=ORIENTED_EDGE('',*,*,#1695,.T.);
#2333=ORIENTED_EDGE('',*,*,#1644,.F.);
#2334=ORIENTED_EDGE('',*,*,#1695,.F.);
#2335=ORIENTED_EDGE('',*,*,#1696,.F.);
#2336=ORIENTED_EDGE('',*,*,#1692,.T.);
#2337=ORIENTED_EDGE('',*,*,#1697,.F.);
#2338=ORIENTED_EDGE('',*,*,#1698,.F.);
#2339=ORIENTED_EDGE('',*,*,#1699,.F.);
#2340=ORIENTED_EDGE('',*,*,#1700,.T.);
#2341=ORIENTED_EDGE('',*,*,#1701,.F.);
#2342=ORIENTED_EDGE('',*,*,#1702,.F.);
#2343=ORIENTED_EDGE('',*,*,#1703,.F.);
#2344=ORIENTED_EDGE('',*,*,#1698,.T.);
#2345=ORIENTED_EDGE('',*,*,#1704,.F.);
#2346=ORIENTED_EDGE('',*,*,#1705,.F.);
#2347=ORIENTED_EDGE('',*,*,#1706,.F.);
#2348=ORIENTED_EDGE('',*,*,#1707,.F.);
#2349=ORIENTED_EDGE('',*,*,#1708,.T.);
#2350=ORIENTED_EDGE('',*,*,#1709,.F.);
#2351=ORIENTED_EDGE('',*,*,#1710,.F.);
#2352=ORIENTED_EDGE('',*,*,#1711,.F.);
#2353=ORIENTED_EDGE('',*,*,#1705,.T.);
#2354=ORIENTED_EDGE('',*,*,#1712,.F.);
#2355=ORIENTED_EDGE('',*,*,#1708,.F.);
#2356=ORIENTED_EDGE('',*,*,#1713,.F.);
#2357=ORIENTED_EDGE('',*,*,#1714,.T.);
#2358=ORIENTED_EDGE('',*,*,#1715,.F.);
#2359=ORIENTED_EDGE('',*,*,#1716,.F.);
#2360=ORIENTED_EDGE('',*,*,#1717,.F.);
#2361=ORIENTED_EDGE('',*,*,#1718,.F.);
#2362=ORIENTED_EDGE('',*,*,#1710,.T.);
#2363=ORIENTED_EDGE('',*,*,#1719,.F.);
#2364=ORIENTED_EDGE('',*,*,#1714,.F.);
#2365=ORIENTED_EDGE('',*,*,#1720,.F.);
#2366=ORIENTED_EDGE('',*,*,#1721,.T.);
#2367=ORIENTED_EDGE('',*,*,#1722,.F.);
#2368=ORIENTED_EDGE('',*,*,#1723,.F.);
#2369=ORIENTED_EDGE('',*,*,#1724,.F.);
#2370=ORIENTED_EDGE('',*,*,#1716,.T.);
#2371=ORIENTED_EDGE('',*,*,#1725,.F.);
#2372=ORIENTED_EDGE('',*,*,#1721,.F.);
#2373=ORIENTED_EDGE('',*,*,#1726,.F.);
#2374=ORIENTED_EDGE('',*,*,#1727,.T.);
#2375=ORIENTED_EDGE('',*,*,#1728,.F.);
#2376=ORIENTED_EDGE('',*,*,#1729,.F.);
#2377=ORIENTED_EDGE('',*,*,#1730,.F.);
#2378=ORIENTED_EDGE('',*,*,#1723,.T.);
#2379=ORIENTED_EDGE('',*,*,#1731,.F.);
#2380=ORIENTED_EDGE('',*,*,#1727,.F.);
#2381=ORIENTED_EDGE('',*,*,#1732,.F.);
#2382=ORIENTED_EDGE('',*,*,#1733,.T.);
#2383=ORIENTED_EDGE('',*,*,#1734,.F.);
#2384=ORIENTED_EDGE('',*,*,#1735,.F.);
#2385=ORIENTED_EDGE('',*,*,#1736,.F.);
#2386=ORIENTED_EDGE('',*,*,#1729,.T.);
#2387=ORIENTED_EDGE('',*,*,#1737,.F.);
#2388=ORIENTED_EDGE('',*,*,#1733,.F.);
#2389=ORIENTED_EDGE('',*,*,#1738,.F.);
#2390=ORIENTED_EDGE('',*,*,#1739,.T.);
#2391=ORIENTED_EDGE('',*,*,#1740,.F.);
#2392=ORIENTED_EDGE('',*,*,#1741,.F.);
#2393=ORIENTED_EDGE('',*,*,#1742,.F.);
#2394=ORIENTED_EDGE('',*,*,#1735,.T.);
#2395=ORIENTED_EDGE('',*,*,#1743,.F.);
#2396=ORIENTED_EDGE('',*,*,#1739,.F.);
#2397=ORIENTED_EDGE('',*,*,#1744,.F.);
#2398=ORIENTED_EDGE('',*,*,#1741,.T.);
#2399=ORIENTED_EDGE('',*,*,#1745,.F.);
#2400=ORIENTED_EDGE('',*,*,#1700,.F.);
#2401=ORIENTED_EDGE('',*,*,#1746,.F.);
#2402=ORIENTED_EDGE('',*,*,#1747,.T.);
#2403=ORIENTED_EDGE('',*,*,#1748,.F.);
#2404=ORIENTED_EDGE('',*,*,#1747,.F.);
#2405=ORIENTED_EDGE('',*,*,#1749,.F.);
#2406=ORIENTED_EDGE('',*,*,#1750,.T.);
#2407=ORIENTED_EDGE('',*,*,#1751,.F.);
#2408=ORIENTED_EDGE('',*,*,#1750,.F.);
#2409=ORIENTED_EDGE('',*,*,#1752,.F.);
#2410=ORIENTED_EDGE('',*,*,#1702,.T.);
#2411=ORIENTED_EDGE('',*,*,#1704,.T.);
#2412=ORIENTED_EDGE('',*,*,#1712,.T.);
#2413=ORIENTED_EDGE('',*,*,#1719,.T.);
#2414=ORIENTED_EDGE('',*,*,#1725,.T.);
#2415=ORIENTED_EDGE('',*,*,#1731,.T.);
#2416=ORIENTED_EDGE('',*,*,#1737,.T.);
#2417=ORIENTED_EDGE('',*,*,#1743,.T.);
#2418=ORIENTED_EDGE('',*,*,#1740,.T.);
#2419=ORIENTED_EDGE('',*,*,#1734,.T.);
#2420=ORIENTED_EDGE('',*,*,#1728,.T.);
#2421=ORIENTED_EDGE('',*,*,#1722,.T.);
#2422=ORIENTED_EDGE('',*,*,#1715,.T.);
#2423=ORIENTED_EDGE('',*,*,#1709,.T.);
#2424=ORIENTED_EDGE('',*,*,#1745,.T.);
#2425=ORIENTED_EDGE('',*,*,#1748,.T.);
#2426=ORIENTED_EDGE('',*,*,#1751,.T.);
#2427=ORIENTED_EDGE('',*,*,#1701,.T.);
#2428=ORIENTED_EDGE('',*,*,#1697,.T.);
#2429=ORIENTED_EDGE('',*,*,#1753,.F.);
#2430=ORIENTED_EDGE('',*,*,#1754,.T.);
#2431=ORIENTED_EDGE('',*,*,#1559,.T.);
#2432=ORIENTED_EDGE('',*,*,#1557,.T.);
#2433=ORIENTED_EDGE('',*,*,#1555,.T.);
#2434=ORIENTED_EDGE('',*,*,#1563,.T.);
#2435=ORIENTED_EDGE('',*,*,#1567,.T.);
#2436=ORIENTED_EDGE('',*,*,#1571,.T.);
#2437=ORIENTED_EDGE('',*,*,#1755,.T.);
#2438=ORIENTED_EDGE('',*,*,#1461,.T.);
#2439=ORIENTED_EDGE('',*,*,#1457,.T.);
#2440=ORIENTED_EDGE('',*,*,#1455,.T.);
#2441=ORIENTED_EDGE('',*,*,#1460,.T.);
#2442=ORIENTED_EDGE('',*,*,#1466,.T.);
#2443=ORIENTED_EDGE('',*,*,#1756,.T.);
#2444=ORIENTED_EDGE('',*,*,#1479,.T.);
#2445=ORIENTED_EDGE('',*,*,#1487,.T.);
#2446=ORIENTED_EDGE('',*,*,#1493,.T.);
#2447=ORIENTED_EDGE('',*,*,#1499,.T.);
#2448=ORIENTED_EDGE('',*,*,#1505,.T.);
#2449=ORIENTED_EDGE('',*,*,#1511,.T.);
#2450=ORIENTED_EDGE('',*,*,#1517,.T.);
#2451=ORIENTED_EDGE('',*,*,#1523,.T.);
#2452=ORIENTED_EDGE('',*,*,#1530,.T.);
#2453=ORIENTED_EDGE('',*,*,#1532,.T.);
#2454=ORIENTED_EDGE('',*,*,#1526,.T.);
#2455=ORIENTED_EDGE('',*,*,#1757,.T.);
#2456=ORIENTED_EDGE('',*,*,#1601,.T.);
#2457=ORIENTED_EDGE('',*,*,#1597,.T.);
#2458=ORIENTED_EDGE('',*,*,#1595,.T.);
#2459=ORIENTED_EDGE('',*,*,#1758,.T.);
#2460=ORIENTED_EDGE('',*,*,#1664,.T.);
#2461=ORIENTED_EDGE('',*,*,#1662,.T.);
#2462=ORIENTED_EDGE('',*,*,#1668,.T.);
#2463=ORIENTED_EDGE('',*,*,#1672,.T.);
#2464=ORIENTED_EDGE('',*,*,#1677,.T.);
#2465=ORIENTED_EDGE('',*,*,#1681,.T.);
#2466=ORIENTED_EDGE('',*,*,#1685,.T.);
#2467=ORIENTED_EDGE('',*,*,#1689,.T.);
#2468=ORIENTED_EDGE('',*,*,#1693,.T.);
#2469=ORIENTED_EDGE('',*,*,#1696,.T.);
#2470=ORIENTED_EDGE('',*,*,#1694,.T.);
#2471=ORIENTED_EDGE('',*,*,#1690,.T.);
#2472=ORIENTED_EDGE('',*,*,#1686,.T.);
#2473=ORIENTED_EDGE('',*,*,#1682,.T.);
#2474=ORIENTED_EDGE('',*,*,#1678,.T.);
#2475=ORIENTED_EDGE('',*,*,#1674,.T.);
#2476=ORIENTED_EDGE('',*,*,#1759,.T.);
#2477=ORIENTED_EDGE('',*,*,#1631,.T.);
#2478=ORIENTED_EDGE('',*,*,#1637,.T.);
#2479=ORIENTED_EDGE('',*,*,#1642,.T.);
#2480=ORIENTED_EDGE('',*,*,#1362,.T.);
#2481=ORIENTED_EDGE('',*,*,#1627,.T.);
#2482=ORIENTED_EDGE('',*,*,#1621,.T.);
#2483=ORIENTED_EDGE('',*,*,#1615,.T.);
#2484=ORIENTED_EDGE('',*,*,#1760,.T.);
#2485=ORIENTED_EDGE('',*,*,#1398,.T.);
#2486=ORIENTED_EDGE('',*,*,#1394,.T.);
#2487=ORIENTED_EDGE('',*,*,#1392,.T.);
#2488=ORIENTED_EDGE('',*,*,#1390,.T.);
#2489=ORIENTED_EDGE('',*,*,#1397,.T.);
#2490=ORIENTED_EDGE('',*,*,#1402,.T.);
#2491=ORIENTED_EDGE('',*,*,#1406,.T.);
#2492=ORIENTED_EDGE('',*,*,#1411,.T.);
#2493=ORIENTED_EDGE('',*,*,#1761,.T.);
#2494=ORIENTED_EDGE('',*,*,#1706,.T.);
#2495=ORIENTED_EDGE('',*,*,#1711,.T.);
#2496=ORIENTED_EDGE('',*,*,#1718,.T.);
#2497=ORIENTED_EDGE('',*,*,#1762,.T.);
#2498=ORIENTED_EDGE('',*,*,#1763,.T.);
#2499=ORIENTED_EDGE('',*,*,#1762,.F.);
#2500=ORIENTED_EDGE('',*,*,#1717,.T.);
#2501=ORIENTED_EDGE('',*,*,#1724,.T.);
#2502=ORIENTED_EDGE('',*,*,#1730,.T.);
#2503=ORIENTED_EDGE('',*,*,#1736,.T.);
#2504=ORIENTED_EDGE('',*,*,#1742,.T.);
#2505=ORIENTED_EDGE('',*,*,#1744,.T.);
#2506=ORIENTED_EDGE('',*,*,#1738,.T.);
#2507=ORIENTED_EDGE('',*,*,#1732,.T.);
#2508=ORIENTED_EDGE('',*,*,#1726,.T.);
#2509=ORIENTED_EDGE('',*,*,#1720,.T.);
#2510=ORIENTED_EDGE('',*,*,#1713,.T.);
#2511=ORIENTED_EDGE('',*,*,#1707,.T.);
#2512=ORIENTED_EDGE('',*,*,#1761,.F.);
#2513=ORIENTED_EDGE('',*,*,#1410,.T.);
#2514=ORIENTED_EDGE('',*,*,#1415,.T.);
#2515=ORIENTED_EDGE('',*,*,#1419,.T.);
#2516=ORIENTED_EDGE('',*,*,#1423,.T.);
#2517=ORIENTED_EDGE('',*,*,#1427,.T.);
#2518=ORIENTED_EDGE('',*,*,#1431,.T.);
#2519=ORIENTED_EDGE('',*,*,#1432,.T.);
#2520=ORIENTED_EDGE('',*,*,#1428,.T.);
#2521=ORIENTED_EDGE('',*,*,#1424,.T.);
#2522=ORIENTED_EDGE('',*,*,#1420,.T.);
#2523=ORIENTED_EDGE('',*,*,#1416,.T.);
#2524=ORIENTED_EDGE('',*,*,#1412,.T.);
#2525=ORIENTED_EDGE('',*,*,#1407,.T.);
#2526=ORIENTED_EDGE('',*,*,#1403,.T.);
#2527=ORIENTED_EDGE('',*,*,#1399,.T.);
#2528=ORIENTED_EDGE('',*,*,#1760,.F.);
#2529=ORIENTED_EDGE('',*,*,#1614,.T.);
#2530=ORIENTED_EDGE('',*,*,#1608,.T.);
#2531=ORIENTED_EDGE('',*,*,#1605,.T.);
#2532=ORIENTED_EDGE('',*,*,#1612,.T.);
#2533=ORIENTED_EDGE('',*,*,#1619,.T.);
#2534=ORIENTED_EDGE('',*,*,#1625,.T.);
#2535=ORIENTED_EDGE('',*,*,#1632,.T.);
#2536=ORIENTED_EDGE('',*,*,#1759,.F.);
#2537=ORIENTED_EDGE('',*,*,#1673,.T.);
#2538=ORIENTED_EDGE('',*,*,#1669,.T.);
#2539=ORIENTED_EDGE('',*,*,#1665,.T.);
#2540=ORIENTED_EDGE('',*,*,#1758,.F.);
#2541=ORIENTED_EDGE('',*,*,#1594,.T.);
#2542=ORIENTED_EDGE('',*,*,#1600,.T.);
#2543=ORIENTED_EDGE('',*,*,#1602,.T.);
#2544=ORIENTED_EDGE('',*,*,#1757,.F.);
#2545=ORIENTED_EDGE('',*,*,#1525,.T.);
#2546=ORIENTED_EDGE('',*,*,#1519,.T.);
#2547=ORIENTED_EDGE('',*,*,#1513,.T.);
#2548=ORIENTED_EDGE('',*,*,#1507,.T.);
#2549=ORIENTED_EDGE('',*,*,#1501,.T.);
#2550=ORIENTED_EDGE('',*,*,#1495,.T.);
#2551=ORIENTED_EDGE('',*,*,#1489,.T.);
#2552=ORIENTED_EDGE('',*,*,#1483,.T.);
#2553=ORIENTED_EDGE('',*,*,#1480,.T.);
#2554=ORIENTED_EDGE('',*,*,#1756,.F.);
#2555=ORIENTED_EDGE('',*,*,#1465,.T.);
#2556=ORIENTED_EDGE('',*,*,#1470,.T.);
#2557=ORIENTED_EDGE('',*,*,#1473,.T.);
#2558=ORIENTED_EDGE('',*,*,#1471,.T.);
#2559=ORIENTED_EDGE('',*,*,#1467,.T.);
#2560=ORIENTED_EDGE('',*,*,#1462,.T.);
#2561=ORIENTED_EDGE('',*,*,#1755,.F.);
#2562=ORIENTED_EDGE('',*,*,#1570,.T.);
#2563=ORIENTED_EDGE('',*,*,#1568,.T.);
#2564=ORIENTED_EDGE('',*,*,#1564,.T.);
#2565=ORIENTED_EDGE('',*,*,#1560,.T.);
#2566=ORIENTED_EDGE('',*,*,#1754,.F.);
#2567=ORIENTED_EDGE('',*,*,#1579,.T.);
#2568=ORIENTED_EDGE('',*,*,#1586,.T.);
#2569=ORIENTED_EDGE('',*,*,#1588,.T.);
#2570=ORIENTED_EDGE('',*,*,#1582,.T.);
#2571=ORIENTED_EDGE('',*,*,#1699,.T.);
#2572=ORIENTED_EDGE('',*,*,#1703,.T.);
#2573=ORIENTED_EDGE('',*,*,#1752,.T.);
#2574=ORIENTED_EDGE('',*,*,#1749,.T.);
#2575=ORIENTED_EDGE('',*,*,#1746,.T.);
#2576=ORIENTED_EDGE('',*,*,#1548,.T.);
#2577=ORIENTED_EDGE('',*,*,#1551,.T.);
#2578=ORIENTED_EDGE('',*,*,#1553,.T.);
#2579=ORIENTED_EDGE('',*,*,#1576,.T.);
#2580=ORIENTED_EDGE('',*,*,#1574,.T.);
#2581=ORIENTED_EDGE('',*,*,#1572,.T.);
#2582=ORIENTED_EDGE('',*,*,#1764,.F.);
#2583=ORIENTED_EDGE('',*,*,#1763,.F.);
#2584=ORIENTED_EDGE('',*,*,#1765,.F.);
#2585=ORIENTED_EDGE('',*,*,#1766,.T.);
#2586=ORIENTED_EDGE('',*,*,#1767,.F.);
#2587=ORIENTED_EDGE('',*,*,#1766,.F.);
#2588=ORIENTED_EDGE('',*,*,#1764,.T.);
#2589=ORIENTED_EDGE('',*,*,#1768,.T.);
#2590=ORIENTED_EDGE('',*,*,#1765,.T.);
#2591=ORIENTED_EDGE('',*,*,#1768,.F.);
#2592=ORIENTED_EDGE('',*,*,#1767,.T.);
#2593=ORIENTED_EDGE('',*,*,#1448,.T.);
#2594=ORIENTED_EDGE('',*,*,#1451,.T.);
#2595=ORIENTED_EDGE('',*,*,#1453,.T.);
#2596=ORIENTED_EDGE('',*,*,#1476,.T.);
#2597=ORIENTED_EDGE('',*,*,#1474,.T.);
#2598=ORIENTED_EDGE('',*,*,#1753,.T.);
#2599=CYLINDRICAL_SURFACE('',#2786,0.0873622047244094);
#2600=CYLINDRICAL_SURFACE('',#2794,0.102362204724409);
#2601=CYLINDRICAL_SURFACE('',#2798,0.085);
#2602=CYLINDRICAL_SURFACE('',#2801,0.087);
#2603=CYLINDRICAL_SURFACE('',#2810,0.087);
#2604=CYLINDRICAL_SURFACE('',#2855,0.087);
#2605=CYLINDRICAL_SURFACE('',#2856,0.087);
#2606=CYLINDRICAL_SURFACE('',#2865,0.087);
#2607=CYLINDRICAL_SURFACE('',#2866,0.087);
#2608=CYLINDRICAL_SURFACE('',#2897,0.087);
#2609=CYLINDRICAL_SURFACE('',#2898,0.087);
#2610=CYLINDRICAL_SURFACE('',#2937,0.087);
#2611=CYLINDRICAL_SURFACE('',#2938,0.085);
#2612=CYLINDRICAL_SURFACE('',#2941,0.085);
#2613=CYLINDRICAL_SURFACE('',#2942,0.085);
#2614=CYLINDRICAL_SURFACE('',#2949,0.102362204724409);
#2615=CYLINDRICAL_SURFACE('',#2951,0.085);
#2616=ADVANCED_FACE('',(#311),#2599,.F.);
#2617=ADVANCED_FACE('',(#312),#248,.F.);
#2618=ADVANCED_FACE('',(#313),#246,.T.);
#2619=ADVANCED_FACE('',(#314),#2600,.T.);
#2620=ADVANCED_FACE('',(#315),#249,.T.);
#2621=ADVANCED_FACE('',(#316,#240),#250,.F.);
#2622=ADVANCED_FACE('',(#317),#2601,.T.);
#2623=ADVANCED_FACE('',(#318),#2602,.T.);
#2624=ADVANCED_FACE('',(#319),#251,.T.);
#2625=ADVANCED_FACE('',(#320),#13,.T.);
#2626=ADVANCED_FACE('',(#321),#14,.T.);
#2627=ADVANCED_FACE('',(#322),#252,.T.);
#2628=ADVANCED_FACE('',(#323),#15,.T.);
#2629=ADVANCED_FACE('',(#324),#16,.T.);
#2630=ADVANCED_FACE('',(#325),#17,.T.);
#2631=ADVANCED_FACE('',(#326),#18,.T.);
#2632=ADVANCED_FACE('',(#327),#19,.T.);
#2633=ADVANCED_FACE('',(#328),#20,.T.);
#2634=ADVANCED_FACE('',(#329),#21,.T.);
#2635=ADVANCED_FACE('',(#330),#22,.T.);
#2636=ADVANCED_FACE('',(#331),#23,.T.);
#2637=ADVANCED_FACE('',(#332),#24,.T.);
#2638=ADVANCED_FACE('',(#333),#25,.T.);
#2639=ADVANCED_FACE('',(#334),#26,.T.);
#2640=ADVANCED_FACE('',(#335),#27,.T.);
#2641=ADVANCED_FACE('',(#336),#28,.T.);
#2642=ADVANCED_FACE('',(#337),#253,.T.);
#2643=ADVANCED_FACE('',(#338),#29,.T.);
#2644=ADVANCED_FACE('',(#339),#254,.T.);
#2645=ADVANCED_FACE('',(#340,#241),#2603,.T.);
#2646=ADVANCED_FACE('',(#341),#255,.F.);
#2647=ADVANCED_FACE('',(#342),#30,.F.);
#2648=ADVANCED_FACE('',(#343),#31,.F.);
#2649=ADVANCED_FACE('',(#344),#256,.T.);
#2650=ADVANCED_FACE('',(#345),#257,.T.);
#2651=ADVANCED_FACE('',(#346),#32,.T.);
#2652=ADVANCED_FACE('',(#347),#258,.T.);
#2653=ADVANCED_FACE('',(#348),#33,.T.);
#2654=ADVANCED_FACE('',(#349),#259,.T.);
#2655=ADVANCED_FACE('',(#350),#34,.T.);
#2656=ADVANCED_FACE('',(#351),#260,.T.);
#2657=ADVANCED_FACE('',(#352),#35,.T.);
#2658=ADVANCED_FACE('',(#353),#36,.F.);
#2659=ADVANCED_FACE('',(#354),#37,.F.);
#2660=ADVANCED_FACE('',(#355),#261,.T.);
#2661=ADVANCED_FACE('',(#356),#38,.T.);
#2662=ADVANCED_FACE('',(#357),#262,.T.);
#2663=ADVANCED_FACE('',(#358),#39,.T.);
#2664=ADVANCED_FACE('',(#359),#263,.T.);
#2665=ADVANCED_FACE('',(#360),#264,.T.);
#2666=ADVANCED_FACE('',(#361),#265,.T.);
#2667=ADVANCED_FACE('',(#362),#266,.T.);
#2668=ADVANCED_FACE('',(#363),#267,.T.);
#2669=ADVANCED_FACE('',(#364),#40,.T.);
#2670=ADVANCED_FACE('',(#365),#268,.T.);
#2671=ADVANCED_FACE('',(#366),#41,.T.);
#2672=ADVANCED_FACE('',(#367),#269,.T.);
#2673=ADVANCED_FACE('',(#368),#42,.T.);
#2674=ADVANCED_FACE('',(#369),#270,.T.);
#2675=ADVANCED_FACE('',(#370),#271,.T.);
#2676=ADVANCED_FACE('',(#371),#272,.T.);
#2677=ADVANCED_FACE('',(#372),#273,.T.);
#2678=ADVANCED_FACE('',(#373),#2604,.T.);
#2679=ADVANCED_FACE('',(#374,#242),#2605,.T.);
#2680=ADVANCED_FACE('',(#375),#43,.F.);
#2681=ADVANCED_FACE('',(#376),#44,.F.);
#2682=ADVANCED_FACE('',(#377),#45,.F.);
#2683=ADVANCED_FACE('',(#378),#46,.T.);
#2684=ADVANCED_FACE('',(#379),#47,.T.);
#2685=ADVANCED_FACE('',(#380),#48,.T.);
#2686=ADVANCED_FACE('',(#381),#49,.T.);
#2687=ADVANCED_FACE('',(#382),#50,.T.);
#2688=ADVANCED_FACE('',(#383),#51,.T.);
#2689=ADVANCED_FACE('',(#384),#52,.T.);
#2690=ADVANCED_FACE('',(#385),#53,.T.);
#2691=ADVANCED_FACE('',(#386),#54,.F.);
#2692=ADVANCED_FACE('',(#387),#55,.F.);
#2693=ADVANCED_FACE('',(#388),#56,.F.);
#2694=ADVANCED_FACE('',(#389),#274,.T.);
#2695=ADVANCED_FACE('',(#390),#275,.T.);
#2696=ADVANCED_FACE('',(#391),#276,.T.);
#2697=ADVANCED_FACE('',(#392),#277,.T.);
#2698=ADVANCED_FACE('',(#393),#2606,.T.);
#2699=ADVANCED_FACE('',(#394),#2607,.T.);
#2700=ADVANCED_FACE('',(#395),#278,.T.);
#2701=ADVANCED_FACE('',(#396),#279,.T.);
#2702=ADVANCED_FACE('',(#397),#280,.T.);
#2703=ADVANCED_FACE('',(#398),#281,.T.);
#2704=ADVANCED_FACE('',(#399),#282,.T.);
#2705=ADVANCED_FACE('',(#400),#283,.T.);
#2706=ADVANCED_FACE('',(#401),#57,.T.);
#2707=ADVANCED_FACE('',(#402),#284,.T.);
#2708=ADVANCED_FACE('',(#403),#58,.T.);
#2709=ADVANCED_FACE('',(#404),#285,.T.);
#2710=ADVANCED_FACE('',(#405),#59,.T.);
#2711=ADVANCED_FACE('',(#406),#286,.T.);
#2712=ADVANCED_FACE('',(#407),#287,.T.);
#2713=ADVANCED_FACE('',(#408),#60,.T.);
#2714=ADVANCED_FACE('',(#409),#288,.T.);
#2715=ADVANCED_FACE('',(#410),#61,.T.);
#2716=ADVANCED_FACE('',(#411),#289,.T.);
#2717=ADVANCED_FACE('',(#412),#62,.T.);
#2718=ADVANCED_FACE('',(#413),#2608,.T.);
#2719=ADVANCED_FACE('',(#414),#2609,.T.);
#2720=ADVANCED_FACE('',(#415),#290,.T.);
#2721=ADVANCED_FACE('',(#416),#291,.T.);
#2722=ADVANCED_FACE('',(#417),#292,.T.);
#2723=ADVANCED_FACE('',(#418),#293,.T.);
#2724=ADVANCED_FACE('',(#419),#294,.T.);
#2725=ADVANCED_FACE('',(#420),#295,.T.);
#2726=ADVANCED_FACE('',(#421),#296,.T.);
#2727=ADVANCED_FACE('',(#422),#297,.T.);
#2728=ADVANCED_FACE('',(#423),#63,.T.);
#2729=ADVANCED_FACE('',(#424),#298,.T.);
#2730=ADVANCED_FACE('',(#425),#64,.T.);
#2731=ADVANCED_FACE('',(#426),#299,.T.);
#2732=ADVANCED_FACE('',(#427),#300,.T.);
#2733=ADVANCED_FACE('',(#428),#301,.T.);
#2734=ADVANCED_FACE('',(#429),#302,.T.);
#2735=ADVANCED_FACE('',(#430),#65,.T.);
#2736=ADVANCED_FACE('',(#431),#66,.T.);
#2737=ADVANCED_FACE('',(#432),#67,.F.);
#2738=ADVANCED_FACE('',(#433),#68,.F.);
#2739=ADVANCED_FACE('',(#434),#69,.T.);
#2740=ADVANCED_FACE('',(#435),#70,.T.);
#2741=ADVANCED_FACE('',(#436),#71,.T.);
#2742=ADVANCED_FACE('',(#437),#72,.T.);
#2743=ADVANCED_FACE('',(#438),#73,.T.);
#2744=ADVANCED_FACE('',(#439),#303,.T.);
#2745=ADVANCED_FACE('',(#440),#74,.T.);
#2746=ADVANCED_FACE('',(#441),#304,.T.);
#2747=ADVANCED_FACE('',(#442),#305,.T.);
#2748=ADVANCED_FACE('',(#443),#75,.T.);
#2749=ADVANCED_FACE('',(#444),#306,.T.);
#2750=ADVANCED_FACE('',(#445),#76,.T.);
#2751=ADVANCED_FACE('',(#446),#77,.T.);
#2752=ADVANCED_FACE('',(#447),#307,.F.);
#2753=ADVANCED_FACE('',(#448),#78,.F.);
#2754=ADVANCED_FACE('',(#449),#79,.F.);
#2755=ADVANCED_FACE('',(#450,#243),#2610,.T.);
#2756=ADVANCED_FACE('',(#451,#244),#2611,.T.);
#2757=ADVANCED_FACE('',(#452),#2612,.T.);
#2758=ADVANCED_FACE('',(#453),#2613,.T.);
#2759=ADVANCED_FACE('',(#454,#245),#308,.T.);
#2760=ADVANCED_FACE('',(#455),#247,.T.);
#2761=ADVANCED_FACE('',(#456),#2614,.T.);
#2762=ADVANCED_FACE('',(#457),#309,.F.);
#2763=ADVANCED_FACE('',(#458),#2615,.T.);
#2764=ADVANCED_FACE('',(#459),#310,.T.);
#2765=CLOSED_SHELL('',(#2616,#2617,#2618,#2619,#2620,#2621));
#2766=CLOSED_SHELL('',(#2622,#2623,#2624,#2625,#2626,#2627,#2628,#2629,
#2630,#2631,#2632,#2633,#2634,#2635,#2636,#2637,#2638,#2639,#2640,#2641,
#2642,#2643,#2644,#2645,#2646,#2647,#2648,#2649,#2650,#2651,#2652,#2653,
#2654,#2655,#2656,#2657,#2658,#2659,#2660,#2661,#2662,#2663,#2664,#2665,
#2666,#2667,#2668,#2669,#2670,#2671,#2672,#2673,#2674,#2675,#2676,#2677,
#2678,#2679,#2680,#2681,#2682,#2683,#2684,#2685,#2686,#2687,#2688,#2689,
#2690,#2691,#2692,#2693,#2694,#2695,#2696,#2697,#2698,#2699,#2700,#2701,
#2702,#2703,#2704,#2705,#2706,#2707,#2708,#2709,#2710,#2711,#2712,#2713,
#2714,#2715,#2716,#2717,#2718,#2719,#2720,#2721,#2722,#2723,#2724,#2725,
#2726,#2727,#2728,#2729,#2730,#2731,#2732,#2733,#2734,#2735,#2736,#2737,
#2738,#2739,#2740,#2741,#2742,#2743,#2744,#2745,#2746,#2747,#2748,#2749,
#2750,#2751,#2752,#2753,#2754,#2755,#2756,#2757,#2758,#2759,#2760,#2761,
#2762,#2763,#2764));
#2767=DERIVED_UNIT_ELEMENT(#2769,1.);
#2768=DERIVED_UNIT_ELEMENT(#6209,3.);
#2769=(
MASS_UNIT()
NAMED_UNIT(*)
SI_UNIT($,.GRAM.)
);
#2770=DERIVED_UNIT((#2767,#2768));
#2771=MEASURE_REPRESENTATION_ITEM('density measure',
POSITIVE_RATIO_MEASURE(1.),#2770);
#2772=PROPERTY_DEFINITION_REPRESENTATION(#2777,#2774);
#2773=PROPERTY_DEFINITION_REPRESENTATION(#2778,#2775);
#2774=REPRESENTATION('material name',(#2776),#6204);
#2775=REPRESENTATION('density',(#2771),#6204);
#2776=DESCRIPTIVE_REPRESENTATION_ITEM('Generic','Generic');
#2777=PROPERTY_DEFINITION('material property','material name',#6217);
#2778=PROPERTY_DEFINITION('material property','density of part',#6217);
#2779=DATE_TIME_ROLE('creation_date');
#2780=APPLIED_DATE_AND_TIME_ASSIGNMENT(#2781,#2779,(#6217));
#2781=DATE_AND_TIME(#2782,#2783);
#2782=CALENDAR_DATE(2021,22,8);
#2783=LOCAL_TIME(12,41,44.,#2784);
#2784=COORDINATED_UNIVERSAL_TIME_OFFSET(0,0,.BEHIND.);
#2785=AXIS2_PLACEMENT_3D('placement',#3478,#2953,#2954);
#2786=AXIS2_PLACEMENT_3D('',#3479,#2955,#2956);
#2787=AXIS2_PLACEMENT_3D('',#3481,#2957,#2958);
#2788=AXIS2_PLACEMENT_3D('',#3484,#2960,#2961);
#2789=AXIS2_PLACEMENT_3D('',#3485,#2962,#2963);
#2790=AXIS2_PLACEMENT_3D('',#3486,#2964,#2965);
#2791=AXIS2_PLACEMENT_3D('',#3488,#2966,#2967);
#2792=AXIS2_PLACEMENT_3D('',#3490,#2968,#2969);
#2793=AXIS2_PLACEMENT_3D('',#3491,#2970,#2971);
#2794=AXIS2_PLACEMENT_3D('',#3492,#2972,#2973);
#2795=AXIS2_PLACEMENT_3D('',#3494,#2974,#2975);
#2796=AXIS2_PLACEMENT_3D('',#3496,#2977,#2978);
#2797=AXIS2_PLACEMENT_3D('',#3497,#2979,#2980);
#2798=AXIS2_PLACEMENT_3D('',#3498,#2981,#2982);
#2799=AXIS2_PLACEMENT_3D('',#3503,#2984,#2985);
#2800=AXIS2_PLACEMENT_3D('',#3532,#2986,#2987);
#2801=AXIS2_PLACEMENT_3D('',#3533,#2988,#2989);
#2802=AXIS2_PLACEMENT_3D('',#3536,#2990,#2991);
#2803=AXIS2_PLACEMENT_3D('',#3647,#2993,#2994);
#2804=AXIS2_PLACEMENT_3D('',#3762,#2996,#2997);
#2805=AXIS2_PLACEMENT_3D('',#3766,#2999,#3000);
#2806=AXIS2_PLACEMENT_3D('',#3807,#3004,#3005);
#2807=AXIS2_PLACEMENT_3D('',#4138,#3022,#3023);
#2808=AXIS2_PLACEMENT_3D('',#4165,#3027,#3028);
#2809=AXIS2_PLACEMENT_3D('',#4166,#3029,#3030);
#2810=AXIS2_PLACEMENT_3D('',#4167,#3031,#3032);
#2811=AXIS2_PLACEMENT_3D('',#4227,#3033,#3034);
#2812=AXIS2_PLACEMENT_3D('',#4231,#3036,#3037);
#2813=AXIS2_PLACEMENT_3D('',#4234,#3039,#3040);
#2814=AXIS2_PLACEMENT_3D('',#4271,#3041,#3042);
#2815=AXIS2_PLACEMENT_3D('',#4306,#3043,#3044);
#2816=AXIS2_PLACEMENT_3D('',#4310,#3046,#3047);
#2817=AXIS2_PLACEMENT_3D('',#4357,#3051,#3052);
#2818=AXIS2_PLACEMENT_3D('',#4361,#3054,#3055);
#2819=AXIS2_PLACEMENT_3D('',#4363,#3057,#3058);
#2820=AXIS2_PLACEMENT_3D('',#4385,#3062,#3063);
#2821=AXIS2_PLACEMENT_3D('',#4387,#3064,#3065);
#2822=AXIS2_PLACEMENT_3D('',#4389,#3066,#3067);
#2823=AXIS2_PLACEMENT_3D('',#4421,#3070,#3071);
#2824=AXIS2_PLACEMENT_3D('',#4447,#3075,#3076);
#2825=AXIS2_PLACEMENT_3D('',#4449,#3077,#3078);
#2826=AXIS2_PLACEMENT_3D('',#4515,#3081,#3082);
#2827=AXIS2_PLACEMENT_3D('',#4518,#3083,#3084);
#2828=AXIS2_PLACEMENT_3D('',#4522,#3086,#3087);
#2829=AXIS2_PLACEMENT_3D('',#4524,#3088,#3089);
#2830=AXIS2_PLACEMENT_3D('',#4568,#3092,#3093);
#2831=AXIS2_PLACEMENT_3D('',#4602,#3098,#3099);
#2832=AXIS2_PLACEMENT_3D('',#4604,#3100,#3101);
#2833=AXIS2_PLACEMENT_3D('',#4607,#3103,#3104);
#2834=AXIS2_PLACEMENT_3D('',#4608,#3105,#3106);
#2835=AXIS2_PLACEMENT_3D('',#4610,#3107,#3108);
#2836=AXIS2_PLACEMENT_3D('',#4612,#3109,#3110);
#2837=AXIS2_PLACEMENT_3D('',#4614,#3112,#3113);
#2838=AXIS2_PLACEMENT_3D('',#4620,#3117,#3118);
#2839=AXIS2_PLACEMENT_3D('',#4626,#3122,#3123);
#2840=AXIS2_PLACEMENT_3D('',#4628,#3124,#3125);
#2841=AXIS2_PLACEMENT_3D('',#4631,#3127,#3128);
#2842=AXIS2_PLACEMENT_3D('',#4672,#3130,#3131);
#2843=AXIS2_PLACEMENT_3D('',#4715,#3136,#3137);
#2844=AXIS2_PLACEMENT_3D('',#4717,#3138,#3139);
#2845=AXIS2_PLACEMENT_3D('',#4720,#3141,#3142);
#2846=AXIS2_PLACEMENT_3D('',#4761,#3144,#3145);
#2847=AXIS2_PLACEMENT_3D('',#4767,#3149,#3150);
#2848=AXIS2_PLACEMENT_3D('',#4769,#3151,#3152);
#2849=AXIS2_PLACEMENT_3D('',#4771,#3153,#3154);
#2850=AXIS2_PLACEMENT_3D('',#4773,#3155,#3156);
#2851=AXIS2_PLACEMENT_3D('',#4775,#3158,#3159);
#2852=AXIS2_PLACEMENT_3D('',#4777,#3160,#3161);
#2853=AXIS2_PLACEMENT_3D('',#4780,#3163,#3164);
#2854=AXIS2_PLACEMENT_3D('',#4781,#3165,#3166);
#2855=AXIS2_PLACEMENT_3D('',#4784,#3169,#3170);
#2856=AXIS2_PLACEMENT_3D('',#4785,#3171,#3172);
#2857=AXIS2_PLACEMENT_3D('',#5203,#3187,#3188);
#2858=AXIS2_PLACEMENT_3D('',#5206,#3189,#3190);
#2859=AXIS2_PLACEMENT_3D('',#5210,#3192,#3193);
#2860=AXIS2_PLACEMENT_3D('',#5212,#3195,#3196);
#2861=AXIS2_PLACEMENT_3D('',#5218,#3200,#3201);
#2862=AXIS2_PLACEMENT_3D('',#5224,#3205,#3206);
#2863=AXIS2_PLACEMENT_3D('',#5225,#3207,#3208);
#2864=AXIS2_PLACEMENT_3D('',#5226,#3209,#3210);
#2865=AXIS2_PLACEMENT_3D('',#5227,#3211,#3212);
#2866=AXIS2_PLACEMENT_3D('',#5228,#3213,#3214);
#2867=AXIS2_PLACEMENT_3D('',#5231,#3215,#3216);
#2868=AXIS2_PLACEMENT_3D('',#5235,#3218,#3219);
#2869=AXIS2_PLACEMENT_3D('',#5237,#3221,#3222);
#2870=AXIS2_PLACEMENT_3D('',#5241,#3224,#3225);
#2871=AXIS2_PLACEMENT_3D('',#5243,#3226,#3227);
#2872=AXIS2_PLACEMENT_3D('',#5245,#3229,#3230);
#2873=AXIS2_PLACEMENT_3D('',#5249,#3233,#3234);
#2874=AXIS2_PLACEMENT_3D('',#5253,#3237,#3238);
#2875=AXIS2_PLACEMENT_3D('',#5255,#3239,#3240);
#2876=AXIS2_PLACEMENT_3D('',#5256,#3241,#3242);
#2877=AXIS2_PLACEMENT_3D('',#5257,#3243,#3244);
#2878=AXIS2_PLACEMENT_3D('',#5260,#3245,#3246);
#2879=AXIS2_PLACEMENT_3D('',#5264,#3248,#3249);
#2880=AXIS2_PLACEMENT_3D('',#5266,#3251,#3252);
#2881=AXIS2_PLACEMENT_3D('',#5307,#3257,#3258);
#2882=AXIS2_PLACEMENT_3D('',#5309,#3259,#3260);
#2883=AXIS2_PLACEMENT_3D('',#5311,#3261,#3262);
#2884=AXIS2_PLACEMENT_3D('',#5313,#3263,#3264);
#2885=AXIS2_PLACEMENT_3D('',#5349,#3267,#3268);
#2886=AXIS2_PLACEMENT_3D('',#5385,#3273,#3274);
#2887=AXIS2_PLACEMENT_3D('',#5387,#3275,#3276);
#2888=AXIS2_PLACEMENT_3D('',#5388,#3277,#3278);
#2889=AXIS2_PLACEMENT_3D('',#5390,#3280,#3281);
#2890=AXIS2_PLACEMENT_3D('',#5392,#3282,#3283);
#2891=AXIS2_PLACEMENT_3D('',#5396,#3285,#3286);
#2892=AXIS2_PLACEMENT_3D('',#5397,#3287,#3288);
#2893=AXIS2_PLACEMENT_3D('',#5414,#3290,#3291);
#2894=AXIS2_PLACEMENT_3D('',#5443,#3296,#3297);
#2895=AXIS2_PLACEMENT_3D('',#5445,#3298,#3299);
#2896=AXIS2_PLACEMENT_3D('',#5447,#3301,#3302);
#2897=AXIS2_PLACEMENT_3D('',#5472,#3303,#3304);
#2898=AXIS2_PLACEMENT_3D('',#5473,#3305,#3306);
#2899=AXIS2_PLACEMENT_3D('',#5486,#3308,#3309);
#2900=AXIS2_PLACEMENT_3D('',#5522,#3310,#3311);
#2901=AXIS2_PLACEMENT_3D('',#5526,#3313,#3314);
#2902=AXIS2_PLACEMENT_3D('',#5530,#3316,#3317);
#2903=AXIS2_PLACEMENT_3D('',#5534,#3319,#3320);
#2904=AXIS2_PLACEMENT_3D('',#5538,#3322,#3323);
#2905=AXIS2_PLACEMENT_3D('',#5542,#3325,#3326);
#2906=AXIS2_PLACEMENT_3D('',#5555,#3327,#3328);
#2907=AXIS2_PLACEMENT_3D('',#5561,#3332,#3333);
#2908=AXIS2_PLACEMENT_3D('',#5563,#3334,#3335);
#2909=AXIS2_PLACEMENT_3D('',#5565,#3336,#3337);
#2910=AXIS2_PLACEMENT_3D('',#5567,#3339,#3340);
#2911=AXIS2_PLACEMENT_3D('',#5570,#3342,#3343);
#2912=AXIS2_PLACEMENT_3D('',#5571,#3344,#3345);
#2913=AXIS2_PLACEMENT_3D('',#5575,#3348,#3349);
#2914=AXIS2_PLACEMENT_3D('',#5579,#3352,#3353);
#2915=AXIS2_PLACEMENT_3D('',#5581,#3354,#3355);
#2916=AXIS2_PLACEMENT_3D('',#5583,#3356,#3357);
#2917=AXIS2_PLACEMENT_3D('',#5585,#3359,#3360);
#2918=AXIS2_PLACEMENT_3D('',#5588,#3362,#3363);
#2919=AXIS2_PLACEMENT_3D('',#5589,#3364,#3365);
#2920=AXIS2_PLACEMENT_3D('',#5622,#3369,#3370);
#2921=AXIS2_PLACEMENT_3D('',#5624,#3371,#3372);
#2922=AXIS2_PLACEMENT_3D('',#5649,#3375,#3376);
#2923=AXIS2_PLACEMENT_3D('',#5653,#3379,#3380);
#2924=AXIS2_PLACEMENT_3D('',#5656,#3382,#3383);
#2925=AXIS2_PLACEMENT_3D('',#5657,#3384,#3385);
#2926=AXIS2_PLACEMENT_3D('',#5659,#3386,#3387);
#2927=AXIS2_PLACEMENT_3D('',#5661,#3389,#3390);
#2928=AXIS2_PLACEMENT_3D('',#5952,#3403,#3404);
#2929=AXIS2_PLACEMENT_3D('',#5954,#3405,#3406);
#2930=AXIS2_PLACEMENT_3D('',#5957,#3408,#3409);
#2931=AXIS2_PLACEMENT_3D('',#5995,#3411,#3412);
#2932=AXIS2_PLACEMENT_3D('',#6001,#3416,#3417);
#2933=AXIS2_PLACEMENT_3D('',#6003,#3418,#3419);
#2934=AXIS2_PLACEMENT_3D('',#6005,#3420,#3421);
#2935=AXIS2_PLACEMENT_3D('',#6046,#3424,#3425);
#2936=AXIS2_PLACEMENT_3D('',#6108,#3430,#3431);
#2937=AXIS2_PLACEMENT_3D('',#6171,#3436,#3437);
#2938=AXIS2_PLACEMENT_3D('',#6172,#3438,#3439);
#2939=AXIS2_PLACEMENT_3D('',#6174,#3440,#3441);
#2940=AXIS2_PLACEMENT_3D('',#6185,#3451,#3452);
#2941=AXIS2_PLACEMENT_3D('',#6186,#3453,#3454);
#2942=AXIS2_PLACEMENT_3D('',#6187,#3455,#3456);
#2943=AXIS2_PLACEMENT_3D('',#6188,#3457,#3458);
#2944=AXIS2_PLACEMENT_3D('',#6190,#3459,#3460);
#2945=AXIS2_PLACEMENT_3D('',#6191,#3461,#3462);
#2946=AXIS2_PLACEMENT_3D('',#6193,#3463,#3464);
#2947=AXIS2_PLACEMENT_3D('',#6195,#3465,#3466);
#2948=AXIS2_PLACEMENT_3D('',#6196,#3467,#3468);
#2949=AXIS2_PLACEMENT_3D('',#6197,#3469,#3470);
#2950=AXIS2_PLACEMENT_3D('',#6199,#3472,#3473);
#2951=AXIS2_PLACEMENT_3D('',#6200,#3474,#3475);
#2952=AXIS2_PLACEMENT_3D('',#6201,#3476,#3477);
#2953=DIRECTION('axis',(0.,0.,1.));
#2954=DIRECTION('refdir',(1.,0.,0.));
#2955=DIRECTION('center_axis',(0.,0.,-1.));
#2956=DIRECTION('ref_axis',(-1.,0.,0.));
#2957=DIRECTION('center_axis',(0.,0.,-1.));
#2958=DIRECTION('ref_axis',(-1.,0.,0.));
#2959=DIRECTION('',(0.,0.,-1.));
#2960=DIRECTION('center_axis',(0.,0.,1.));
#2961=DIRECTION('ref_axis',(-1.,0.,0.));
#2962=DIRECTION('center_axis',(0.,0.,1.));
#2963=DIRECTION('ref_axis',(1.,0.,0.));
#2964=DIRECTION('center_axis',(0.,0.,-1.));
#2965=DIRECTION('ref_axis',(-1.,0.,0.));
#2966=DIRECTION('center_axis',(0.,0.,1.));
#2967=DIRECTION('ref_axis',(-1.,0.,0.));
#2968=DIRECTION('center_axis',(-1.22464679914735E-16,-1.,0.));
#2969=DIRECTION('ref_axis',(1.,-1.22464679914735E-16,0.));
#2970=DIRECTION('center_axis',(0.,0.,-1.));
#2971=DIRECTION('ref_axis',(-1.,0.,0.));
#2972=DIRECTION('center_axis',(0.,0.,-1.));
#2973=DIRECTION('ref_axis',(-1.,0.,0.));
#2974=DIRECTION('center_axis',(0.,0.,-1.));
#2975=DIRECTION('ref_axis',(-1.,0.,0.));
#2976=DIRECTION('',(0.,0.,1.));
#2977=DIRECTION('center_axis',(0.,0.,1.));
#2978=DIRECTION('ref_axis',(1.,0.,0.));
#2979=DIRECTION('center_axis',(0.,0.,1.));
#2980=DIRECTION('ref_axis',(1.,0.,0.));
#2981=DIRECTION('center_axis',(0.,0.,1.));
#2982=DIRECTION('ref_axis',(-1.,0.,0.));
#2983=DIRECTION('',(0.,0.,-1.));
#2984=DIRECTION('center_axis',(0.,0.,-1.));
#2985=DIRECTION('ref_axis',(-1.,0.,0.));
#2986=DIRECTION('center_axis',(0.,7.79445159906452E-16,1.));
#2987=DIRECTION('ref_axis',(-1.,0.,0.));
#2988=DIRECTION('center_axis',(0.,0.,1.));
#2989=DIRECTION('ref_axis',(0.998730761953061,-0.0503673021776791,0.));
#2990=DIRECTION('center_axis',(0.,0.,-1.));
#2991=DIRECTION('ref_axis',(-1.,0.,0.));
#2992=DIRECTION('',(0.,0.,-1.));
#2993=DIRECTION('center_axis',(0.,0.,1.));
#2994=DIRECTION('ref_axis',(-1.,0.,0.));
#2995=DIRECTION('',(0.,0.,1.));
#2996=DIRECTION('center_axis',(0.,0.,-1.));
#2997=DIRECTION('ref_axis',(-1.,0.,0.));
#2998=DIRECTION('',(1.,0.,0.));
#2999=DIRECTION('center_axis',(0.,0.,-1.));
#3000=DIRECTION('ref_axis',(-1.,0.,0.));
#3001=DIRECTION('',(1.,0.,0.));
#3002=DIRECTION('',(1.,0.,0.));
#3003=DIRECTION('',(1.,0.,0.));
#3004=DIRECTION('center_axis',(0.,-1.,0.));
#3005=DIRECTION('ref_axis',(0.,0.,-1.));
#3006=DIRECTION('',(1.,0.,0.));
#3007=DIRECTION('',(0.,0.,1.));
#3008=DIRECTION('',(1.,0.,0.));
#3009=DIRECTION('',(1.,0.,0.));
#3010=DIRECTION('',(1.,0.,0.));
#3011=DIRECTION('',(1.,0.,0.));
#3012=DIRECTION('',(1.,0.,0.));
#3013=DIRECTION('',(1.,0.,0.));
#3014=DIRECTION('',(1.,0.,0.));
#3015=DIRECTION('',(1.,0.,0.));
#3016=DIRECTION('',(1.,0.,0.));
#3017=DIRECTION('',(1.,0.,0.));
#3018=DIRECTION('',(1.,0.,0.));
#3019=DIRECTION('',(1.,0.,0.));
#3020=DIRECTION('',(1.,0.,0.));
#3021=DIRECTION('',(1.,0.,0.));
#3022=DIRECTION('center_axis',(0.,1.,0.));
#3023=DIRECTION('ref_axis',(0.,0.,1.));
#3024=DIRECTION('',(0.,0.,-1.));
#3025=DIRECTION('',(1.,0.,0.));
#3026=DIRECTION('',(1.,0.,0.));
#3027=DIRECTION('center_axis',(0.,0.,1.));
#3028=DIRECTION('ref_axis',(1.,0.,0.));
#3029=DIRECTION('center_axis',(0.,0.,1.));
#3030=DIRECTION('ref_axis',(-1.,0.,0.));
#3031=DIRECTION('center_axis',(0.,0.,1.));
#3032=DIRECTION('ref_axis',(0.991712139181776,-0.128479698783529,0.));
#3033=DIRECTION('center_axis',(0.,0.,1.));
#3034=DIRECTION('ref_axis',(-1.,0.,0.));
#3035=DIRECTION('',(0.,0.,1.));
#3036=DIRECTION('center_axis',(0.,-2.12855584315416E-16,-1.));
#3037=DIRECTION('ref_axis',(-1.,0.,0.));
#3038=DIRECTION('',(0.,0.,-1.));
#3039=DIRECTION('center_axis',(0.,0.,1.));
#3040=DIRECTION('ref_axis',(-1.,0.,0.));
#3041=DIRECTION('center_axis',(0.,5.1271487704873E-16,1.));
#3042=DIRECTION('ref_axis',(-1.,0.,0.));
#3043=DIRECTION('center_axis',(0.,5.1271487704873E-16,1.));
#3044=DIRECTION('ref_axis',(1.,0.,0.));
#3045=DIRECTION('',(1.,0.,0.));
#3046=DIRECTION('center_axis',(0.,-5.1271487704873E-16,-1.));
#3047=DIRECTION('ref_axis',(-1.,0.,0.));
#3048=DIRECTION('',(1.,0.,0.));
#3049=DIRECTION('',(1.,0.,0.));
#3050=DIRECTION('',(1.,0.,0.));
#3051=DIRECTION('center_axis',(0.,0.,-1.));
#3052=DIRECTION('ref_axis',(-1.,0.,0.));
#3053=DIRECTION('',(1.,0.,0.));
#3054=DIRECTION('center_axis',(0.,0.,-1.));
#3055=DIRECTION('ref_axis',(-1.,0.,0.));
#3056=DIRECTION('',(1.,0.,0.));
#3057=DIRECTION('center_axis',(0.,1.,0.));
#3058=DIRECTION('ref_axis',(0.,0.,1.));
#3059=DIRECTION('',(0.,0.,-1.));
#3060=DIRECTION('',(1.,0.,0.));
#3061=DIRECTION('',(1.,0.,0.));
#3062=DIRECTION('center_axis',(0.,2.12855584315416E-16,1.));
#3063=DIRECTION('ref_axis',(1.,0.,0.));
#3064=DIRECTION('center_axis',(0.,2.12855584315416E-16,1.));
#3065=DIRECTION('ref_axis',(-1.,0.,0.));
#3066=DIRECTION('center_axis',(0.,2.12855584315416E-16,1.));
#3067=DIRECTION('ref_axis',(-1.,0.,0.));
#3068=DIRECTION('',(1.,0.,0.));
#3069=DIRECTION('',(1.,0.,0.));
#3070=DIRECTION('center_axis',(0.,-1.,0.));
#3071=DIRECTION('ref_axis',(0.,0.,-1.));
#3072=DIRECTION('',(0.,0.,1.));
#3073=DIRECTION('',(1.,0.,0.));
#3074=DIRECTION('',(1.,0.,0.));
#3075=DIRECTION('center_axis',(0.,0.,-1.));
#3076=DIRECTION('ref_axis',(-1.,0.,0.));
#3077=DIRECTION('center_axis',(0.,0.,-1.));
#3078=DIRECTION('ref_axis',(-1.,0.,0.));
#3079=DIRECTION('',(1.,0.,0.));
#3080=DIRECTION('',(1.,0.,0.));
#3081=DIRECTION('center_axis',(0.,0.,1.));
#3082=DIRECTION('ref_axis',(1.,0.,0.));
#3083=DIRECTION('center_axis',(0.,0.,-1.));
#3084=DIRECTION('ref_axis',(-1.,0.,0.));
#3085=DIRECTION('',(1.,0.,0.));
#3086=DIRECTION('center_axis',(0.,0.,1.));
#3087=DIRECTION('ref_axis',(-1.,0.,0.));
#3088=DIRECTION('center_axis',(0.,0.,1.));
#3089=DIRECTION('ref_axis',(-1.,0.,0.));
#3090=DIRECTION('',(1.,0.,0.));
#3091=DIRECTION('',(1.,0.,0.));
#3092=DIRECTION('center_axis',(0.,-1.,0.));
#3093=DIRECTION('ref_axis',(0.,0.,-1.));
#3094=DIRECTION('',(0.,0.,-1.));
#3095=DIRECTION('',(1.,0.,0.));
#3096=DIRECTION('',(0.,0.,1.));
#3097=DIRECTION('',(1.,0.,0.));
#3098=DIRECTION('center_axis',(0.,2.09060484750103E-15,1.));
#3099=DIRECTION('ref_axis',(1.,0.,0.));
#3100=DIRECTION('center_axis',(0.,-2.09060484750103E-15,-1.));
#3101=DIRECTION('ref_axis',(-1.,0.,0.));
#3102=DIRECTION('',(1.,0.,0.));
#3103=DIRECTION('center_axis',(0.,2.09060484750103E-15,1.));
#3104=DIRECTION('ref_axis',(-1.,0.,0.));
#3105=DIRECTION('center_axis',(0.,0.,-1.));
#3106=DIRECTION('ref_axis',(-1.,0.,0.));
#3107=DIRECTION('center_axis',(0.,0.,1.));
#3108=DIRECTION('ref_axis',(-1.,0.,0.));
#3109=DIRECTION('center_axis',(0.,0.,-1.));
#3110=DIRECTION('ref_axis',(-1.,0.,0.));
#3111=DIRECTION('',(1.,0.,0.));
#3112=DIRECTION('center_axis',(0.,1.,0.));
#3113=DIRECTION('ref_axis',(0.,0.,1.));
#3114=DIRECTION('',(0.,0.,1.));
#3115=DIRECTION('',(1.,0.,0.));
#3116=DIRECTION('',(0.,0.,-1.));
#3117=DIRECTION('center_axis',(0.,1.,0.));
#3118=DIRECTION('ref_axis',(0.,0.,1.));
#3119=DIRECTION('',(0.,0.,1.));
#3120=DIRECTION('',(0.,0.,-1.));
#3121=DIRECTION('',(1.,0.,0.));
#3122=DIRECTION('center_axis',(0.,0.,1.));
#3123=DIRECTION('ref_axis',(1.,0.,0.));
#3124=DIRECTION('center_axis',(0.,0.,-1.));
#3125=DIRECTION('ref_axis',(-1.,0.,0.));
#3126=DIRECTION('',(1.,0.,0.));
#3127=DIRECTION('center_axis',(0.,0.,1.));
#3128=DIRECTION('ref_axis',(-1.,0.,0.));
#3129=DIRECTION('',(1.,0.,0.));
#3130=DIRECTION('center_axis',(0.,1.,0.));
#3131=DIRECTION('ref_axis',(0.,0.,1.));
#3132=DIRECTION('',(0.,0.,1.));
#3133=DIRECTION('',(1.,0.,0.));
#3134=DIRECTION('',(0.,0.,-1.));
#3135=DIRECTION('',(1.,0.,0.));
#3136=DIRECTION('center_axis',(0.,0.,-1.));
#3137=DIRECTION('ref_axis',(-1.,0.,0.));
#3138=DIRECTION('center_axis',(0.,0.,1.));
#3139=DIRECTION('ref_axis',(-1.,0.,0.));
#3140=DIRECTION('',(1.,0.,0.));
#3141=DIRECTION('center_axis',(0.,0.,-1.));
#3142=DIRECTION('ref_axis',(-1.,0.,0.));
#3143=DIRECTION('',(1.,0.,0.));
#3144=DIRECTION('center_axis',(0.,1.,0.));
#3145=DIRECTION('ref_axis',(0.,0.,1.));
#3146=DIRECTION('',(0.,0.,1.));
#3147=DIRECTION('',(1.,0.,0.));
#3148=DIRECTION('',(0.,0.,-1.));
#3149=DIRECTION('center_axis',(0.,0.,-1.));
#3150=DIRECTION('ref_axis',(-1.,0.,0.));
#3151=DIRECTION('center_axis',(0.,0.,1.));
#3152=DIRECTION('ref_axis',(-1.,0.,0.));
#3153=DIRECTION('center_axis',(0.,0.,-1.));
#3154=DIRECTION('ref_axis',(-1.,0.,0.));
#3155=DIRECTION('center_axis',(0.,0.,-1.));
#3156=DIRECTION('ref_axis',(-1.,0.,0.));
#3157=DIRECTION('',(1.,0.,0.));
#3158=DIRECTION('center_axis',(0.,-2.09060484750103E-15,-1.));
#3159=DIRECTION('ref_axis',(-1.,0.,0.));
#3160=DIRECTION('center_axis',(0.,2.09060484750103E-15,1.));
#3161=DIRECTION('ref_axis',(-1.,0.,0.));
#3162=DIRECTION('',(1.,0.,0.));
#3163=DIRECTION('center_axis',(0.,-2.09060484750103E-15,-1.));
#3164=DIRECTION('ref_axis',(-1.,0.,0.));
#3165=DIRECTION('center_axis',(0.,-1.,0.));
#3166=DIRECTION('ref_axis',(0.,0.,-1.));
#3167=DIRECTION('',(0.,0.,-1.));
#3168=DIRECTION('',(0.,0.,1.));
#3169=DIRECTION('center_axis',(0.,0.,1.));
#3170=DIRECTION('ref_axis',(0.999958998814362,0.00905542324683988,0.));
#3171=DIRECTION('center_axis',(0.,0.,1.));
#3172=DIRECTION('ref_axis',(0.999717903555715,0.0237510696636256,0.));
#3173=DIRECTION('',(1.,0.,0.));
#3174=DIRECTION('',(1.,0.,0.));
#3175=DIRECTION('',(1.,0.,0.));
#3176=DIRECTION('',(1.,0.,0.));
#3177=DIRECTION('',(1.,0.,0.));
#3178=DIRECTION('',(1.,0.,0.));
#3179=DIRECTION('',(1.,0.,0.));
#3180=DIRECTION('',(1.,0.,0.));
#3181=DIRECTION('',(1.,0.,0.));
#3182=DIRECTION('',(1.,0.,0.));
#3183=DIRECTION('',(1.,0.,0.));
#3184=DIRECTION('',(1.,0.,0.));
#3185=DIRECTION('',(1.,0.,0.));
#3186=DIRECTION('',(1.,0.,0.));
#3187=DIRECTION('center_axis',(0.,0.,1.));
#3188=DIRECTION('ref_axis',(1.,0.,0.));
#3189=DIRECTION('center_axis',(0.,0.,-1.));
#3190=DIRECTION('ref_axis',(-1.,0.,0.));
#3191=DIRECTION('',(1.,0.,0.));
#3192=DIRECTION('center_axis',(0.,0.,1.));
#3193=DIRECTION('ref_axis',(-1.,0.,0.));
#3194=DIRECTION('',(1.,0.,0.));
#3195=DIRECTION('center_axis',(0.,-1.,0.));
#3196=DIRECTION('ref_axis',(0.,0.,-1.));
#3197=DIRECTION('',(0.,0.,-1.));
#3198=DIRECTION('',(0.,0.,1.));
#3199=DIRECTION('',(1.,0.,0.));
#3200=DIRECTION('center_axis',(0.,1.,0.));
#3201=DIRECTION('ref_axis',(0.,0.,1.));
#3202=DIRECTION('',(0.,0.,1.));
#3203=DIRECTION('',(1.,0.,0.));
#3204=DIRECTION('',(0.,0.,-1.));
#3205=DIRECTION('center_axis',(0.,0.,-1.));
#3206=DIRECTION('ref_axis',(-1.,0.,0.));
#3207=DIRECTION('center_axis',(0.,0.,1.));
#3208=DIRECTION('ref_axis',(-1.,0.,0.));
#3209=DIRECTION('center_axis',(0.,0.,-1.));
#3210=DIRECTION('ref_axis',(-1.,0.,0.));
#3211=DIRECTION('center_axis',(0.,0.,1.));
#3212=DIRECTION('ref_axis',(-1.,0.,0.));
#3213=DIRECTION('center_axis',(0.,0.,1.));
#3214=DIRECTION('ref_axis',(0.998736804346194,-0.0502473446497717,0.));
#3215=DIRECTION('center_axis',(0.,-2.91239768172389E-16,-1.));
#3216=DIRECTION('ref_axis',(-1.,0.,0.));
#3217=DIRECTION('',(0.,0.,-1.));
#3218=DIRECTION('center_axis',(0.,2.91239768172389E-16,1.));
#3219=DIRECTION('ref_axis',(-1.,0.,0.));
#3220=DIRECTION('',(0.,0.,1.));
#3221=DIRECTION('center_axis',(0.,-2.91239768172389E-16,-1.));
#3222=DIRECTION('ref_axis',(-1.,0.,0.));
#3223=DIRECTION('',(1.,0.,0.));
#3224=DIRECTION('center_axis',(0.,-2.91239768172389E-16,-1.));
#3225=DIRECTION('ref_axis',(-1.,0.,0.));
#3226=DIRECTION('center_axis',(0.,-2.91239768172389E-16,-1.));
#3227=DIRECTION('ref_axis',(-1.,0.,0.));
#3228=DIRECTION('',(1.,0.,0.));
#3229=DIRECTION('center_axis',(0.,1.,0.));
#3230=DIRECTION('ref_axis',(0.,0.,1.));
#3231=DIRECTION('',(0.,0.,-1.));
#3232=DIRECTION('',(1.,0.,0.));
#3233=DIRECTION('center_axis',(0.,-1.,0.));
#3234=DIRECTION('ref_axis',(0.,0.,-1.));
#3235=DIRECTION('',(1.,0.,0.));
#3236=DIRECTION('',(0.,0.,1.));
#3237=DIRECTION('center_axis',(0.,2.91239768172389E-16,1.));
#3238=DIRECTION('ref_axis',(1.,0.,0.));
#3239=DIRECTION('center_axis',(0.,2.91239768172389E-16,1.));
#3240=DIRECTION('ref_axis',(-1.,0.,0.));
#3241=DIRECTION('center_axis',(0.,2.91239768172389E-16,1.));
#3242=DIRECTION('ref_axis',(-1.,0.,0.));
#3243=DIRECTION('center_axis',(0.,0.,1.));
#3244=DIRECTION('ref_axis',(1.,0.,0.));
#3245=DIRECTION('center_axis',(0.,0.,-1.));
#3246=DIRECTION('ref_axis',(-1.,0.,0.));
#3247=DIRECTION('',(1.,0.,0.));
#3248=DIRECTION('center_axis',(0.,0.,1.));
#3249=DIRECTION('ref_axis',(-1.,0.,0.));
#3250=DIRECTION('',(1.,0.,0.));
#3251=DIRECTION('center_axis',(0.,-1.,0.));
#3252=DIRECTION('ref_axis',(0.,0.,-1.));
#3253=DIRECTION('',(0.,0.,-1.));
#3254=DIRECTION('',(0.,0.,1.));
#3255=DIRECTION('',(1.,0.,0.));
#3256=DIRECTION('',(1.,0.,0.));
#3257=DIRECTION('center_axis',(0.,-5.82479536344778E-16,-1.));
#3258=DIRECTION('ref_axis',(-1.,0.,0.));
#3259=DIRECTION('center_axis',(0.,5.82479536344778E-16,1.));
#3260=DIRECTION('ref_axis',(-1.,0.,0.));
#3261=DIRECTION('center_axis',(0.,-5.82479536344778E-16,-1.));
#3262=DIRECTION('ref_axis',(-1.,0.,0.));
#3263=DIRECTION('center_axis',(0.,-5.82479536344778E-16,-1.));
#3264=DIRECTION('ref_axis',(-1.,0.,0.));
#3265=DIRECTION('',(1.,0.,0.));
#3266=DIRECTION('',(1.,0.,0.));
#3267=DIRECTION('center_axis',(0.,1.,0.));
#3268=DIRECTION('ref_axis',(0.,0.,1.));
#3269=DIRECTION('',(0.,0.,1.));
#3270=DIRECTION('',(0.,0.,-1.));
#3271=DIRECTION('',(1.,0.,0.));
#3272=DIRECTION('',(1.,0.,0.));
#3273=DIRECTION('center_axis',(0.,7.79445159906452E-16,1.));
#3274=DIRECTION('ref_axis',(1.,0.,0.));
#3275=DIRECTION('center_axis',(0.,-7.79445159906452E-16,-1.));
#3276=DIRECTION('ref_axis',(-1.,0.,0.));
#3277=DIRECTION('center_axis',(0.,7.79445159906452E-16,1.));
#3278=DIRECTION('ref_axis',(-1.,0.,0.));
#3279=DIRECTION('',(1.,0.,0.));
#3280=DIRECTION('center_axis',(0.,0.,1.));
#3281=DIRECTION('ref_axis',(1.,0.,0.));
#3282=DIRECTION('center_axis',(0.,0.,-1.));
#3283=DIRECTION('ref_axis',(-1.,0.,0.));
#3284=DIRECTION('',(1.,0.,0.));
#3285=DIRECTION('center_axis',(0.,0.,1.));
#3286=DIRECTION('ref_axis',(-1.,0.,0.));
#3287=DIRECTION('center_axis',(0.,0.,1.));
#3288=DIRECTION('ref_axis',(-1.,0.,0.));
#3289=DIRECTION('',(1.,0.,0.));
#3290=DIRECTION('center_axis',(0.,1.,0.));
#3291=DIRECTION('ref_axis',(0.,0.,1.));
#3292=DIRECTION('',(0.,0.,1.));
#3293=DIRECTION('',(1.,0.,0.));
#3294=DIRECTION('',(0.,0.,-1.));
#3295=DIRECTION('',(1.,0.,0.));
#3296=DIRECTION('center_axis',(0.,0.,-1.));
#3297=DIRECTION('ref_axis',(-1.,0.,0.));
#3298=DIRECTION('center_axis',(0.,0.,1.));
#3299=DIRECTION('ref_axis',(-1.,0.,0.));
#3300=DIRECTION('',(1.,0.,0.));
#3301=DIRECTION('center_axis',(0.,0.,-1.));
#3302=DIRECTION('ref_axis',(-1.,0.,0.));
#3303=DIRECTION('center_axis',(0.,0.,1.));
#3304=DIRECTION('ref_axis',(0.998401023412456,-0.0565278378231512,0.));
#3305=DIRECTION('center_axis',(0.,0.,1.));
#3306=DIRECTION('ref_axis',(0.999232844019119,0.0391627812273628,0.));
#3307=DIRECTION('',(0.,0.,-1.));
#3308=DIRECTION('center_axis',(0.,0.,1.));
#3309=DIRECTION('ref_axis',(-1.,0.,0.));
#3310=DIRECTION('center_axis',(0.,0.,-1.));
#3311=DIRECTION('ref_axis',(-1.,0.,0.));
#3312=DIRECTION('',(0.,0.,1.));
#3313=DIRECTION('center_axis',(0.,0.,-1.));
#3314=DIRECTION('ref_axis',(-1.,0.,0.));
#3315=DIRECTION('',(0.,0.,-1.));
#3316=DIRECTION('center_axis',(0.,-6.76757905464572E-16,-1.));
#3317=DIRECTION('ref_axis',(-1.,0.,0.));
#3318=DIRECTION('',(0.,0.,-1.));
#3319=DIRECTION('center_axis',(0.,6.76757905464572E-16,1.));
#3320=DIRECTION('ref_axis',(-1.,0.,0.));
#3321=DIRECTION('',(0.,0.,-1.));
#3322=DIRECTION('center_axis',(0.,0.,1.));
#3323=DIRECTION('ref_axis',(-1.,0.,0.));
#3324=DIRECTION('',(0.,0.,1.));
#3325=DIRECTION('center_axis',(0.,0.,1.));
#3326=DIRECTION('ref_axis',(-1.,0.,0.));
#3327=DIRECTION('center_axis',(0.,-1.,0.));
#3328=DIRECTION('ref_axis',(0.,0.,-1.));
#3329=DIRECTION('',(1.,0.,0.));
#3330=DIRECTION('',(0.,0.,1.));
#3331=DIRECTION('',(1.,0.,0.));
#3332=DIRECTION('center_axis',(0.,6.76757905464572E-16,1.));
#3333=DIRECTION('ref_axis',(1.,0.,0.));
#3334=DIRECTION('center_axis',(0.,6.76757905464572E-16,1.));
#3335=DIRECTION('ref_axis',(-1.,0.,0.));
#3336=DIRECTION('center_axis',(0.,6.76757905464572E-16,1.));
#3337=DIRECTION('ref_axis',(-1.,0.,0.));
#3338=DIRECTION('',(1.,0.,0.));
#3339=DIRECTION('center_axis',(0.,0.,1.));
#3340=DIRECTION('ref_axis',(1.,0.,0.));
#3341=DIRECTION('',(1.,0.,0.));
#3342=DIRECTION('center_axis',(0.,0.,1.));
#3343=DIRECTION('ref_axis',(-1.,0.,0.));
#3344=DIRECTION('center_axis',(0.,-1.,0.));
#3345=DIRECTION('ref_axis',(0.,0.,-1.));
#3346=DIRECTION('',(0.,0.,1.));
#3347=DIRECTION('',(1.,0.,0.));
#3348=DIRECTION('center_axis',(0.,1.,0.));
#3349=DIRECTION('ref_axis',(0.,0.,1.));
#3350=DIRECTION('',(1.,0.,0.));
#3351=DIRECTION('',(0.,0.,-1.));
#3352=DIRECTION('center_axis',(0.,-6.76757905464572E-16,-1.));
#3353=DIRECTION('ref_axis',(-1.,0.,0.));
#3354=DIRECTION('center_axis',(0.,-6.76757905464572E-16,-1.));
#3355=DIRECTION('ref_axis',(-1.,0.,0.));
#3356=DIRECTION('center_axis',(0.,-6.76757905464572E-16,-1.));
#3357=DIRECTION('ref_axis',(-1.,0.,0.));
#3358=DIRECTION('',(1.,0.,0.));
#3359=DIRECTION('center_axis',(0.,0.,1.));
#3360=DIRECTION('ref_axis',(1.,0.,0.));
#3361=DIRECTION('',(1.,0.,0.));
#3362=DIRECTION('center_axis',(0.,0.,1.));
#3363=DIRECTION('ref_axis',(-1.,0.,0.));
#3364=DIRECTION('center_axis',(0.,-1.,0.));
#3365=DIRECTION('ref_axis',(0.,0.,-1.));
#3366=DIRECTION('',(0.,0.,1.));
#3367=DIRECTION('',(1.,0.,0.));
#3368=DIRECTION('',(1.,0.,0.));
#3369=DIRECTION('center_axis',(0.,0.,-1.));
#3370=DIRECTION('ref_axis',(-1.,0.,0.));
#3371=DIRECTION('center_axis',(0.,0.,-1.));
#3372=DIRECTION('ref_axis',(-1.,0.,0.));
#3373=DIRECTION('',(1.,0.,0.));
#3374=DIRECTION('',(1.,0.,0.));
#3375=DIRECTION('center_axis',(0.,1.,0.));
#3376=DIRECTION('ref_axis',(0.,0.,1.));
#3377=DIRECTION('',(0.,0.,-1.));
#3378=DIRECTION('',(1.,0.,0.));
#3379=DIRECTION('center_axis',(0.,0.,-1.));
#3380=DIRECTION('ref_axis',(-1.,0.,0.));
#3381=DIRECTION('',(1.,0.,0.));
#3382=DIRECTION('center_axis',(0.,0.,-1.));
#3383=DIRECTION('ref_axis',(-1.,0.,0.));
#3384=DIRECTION('center_axis',(0.,0.,-1.));
#3385=DIRECTION('ref_axis',(-1.,0.,0.));
#3386=DIRECTION('center_axis',(0.,0.,-1.));
#3387=DIRECTION('ref_axis',(-1.,0.,0.));
#3388=DIRECTION('',(1.,0.,0.));
#3389=DIRECTION('center_axis',(0.,-1.,0.));
#3390=DIRECTION('ref_axis',(0.,0.,-1.));
#3391=DIRECTION('',(1.,0.,0.));
#3392=DIRECTION('',(0.,0.,1.));
#3393=DIRECTION('',(1.,0.,0.));
#3394=DIRECTION('',(1.,0.,0.));
#3395=DIRECTION('',(1.,0.,0.));
#3396=DIRECTION('',(1.,0.,0.));
#3397=DIRECTION('',(1.,0.,0.));
#3398=DIRECTION('',(1.,0.,0.));
#3399=DIRECTION('',(1.,0.,0.));
#3400=DIRECTION('',(1.,0.,0.));
#3401=DIRECTION('',(1.,0.,0.));
#3402=DIRECTION('',(1.,0.,0.));
#3403=DIRECTION('center_axis',(0.,0.,-1.));
#3404=DIRECTION('ref_axis',(-1.,0.,0.));
#3405=DIRECTION('center_axis',(0.,0.,1.));
#3406=DIRECTION('ref_axis',(-1.,0.,0.));
#3407=DIRECTION('',(1.,0.,0.));
#3408=DIRECTION('center_axis',(0.,0.,-1.));
#3409=DIRECTION('ref_axis',(-1.,0.,0.));
#3410=DIRECTION('',(1.,0.,0.));
#3411=DIRECTION('center_axis',(0.,-1.,0.));
#3412=DIRECTION('ref_axis',(0.,0.,-1.));
#3413=DIRECTION('',(0.,0.,-1.));
#3414=DIRECTION('',(1.,0.,0.));
#3415=DIRECTION('',(0.,0.,1.));
#3416=DIRECTION('center_axis',(0.,0.,-1.));
#3417=DIRECTION('ref_axis',(-1.,0.,0.));
#3418=DIRECTION('center_axis',(0.,0.,1.));
#3419=DIRECTION('ref_axis',(-1.,0.,0.));
#3420=DIRECTION('center_axis',(0.,0.,-1.));
#3421=DIRECTION('ref_axis',(-1.,0.,0.));
#3422=DIRECTION('',(1.,0.,0.));
#3423=DIRECTION('',(1.,0.,0.));
#3424=DIRECTION('center_axis',(0.,1.,0.));
#3425=DIRECTION('ref_axis',(0.,0.,1.));
#3426=DIRECTION('',(0.,0.,1.));
#3427=DIRECTION('',(0.,0.,-1.));
#3428=DIRECTION('',(1.,0.,0.));
#3429=DIRECTION('',(1.,0.,0.));
#3430=DIRECTION('center_axis',(0.,-1.,-3.77008279271597E-18));
#3431=DIRECTION('ref_axis',(0.,3.77008279271597E-18,-1.));
#3432=DIRECTION('',(0.,0.,1.));
#3433=DIRECTION('',(0.,0.,-1.));
#3434=DIRECTION('',(1.,0.,0.));
#3435=DIRECTION('',(1.,0.,0.));
#3436=DIRECTION('center_axis',(0.,0.,1.));
#3437=DIRECTION('ref_axis',(0.998789928882664,-0.0491800565530707,0.));
#3438=DIRECTION('center_axis',(0.,0.,1.));
#3439=DIRECTION('ref_axis',(-1.,0.,0.));
#3440=DIRECTION('center_axis',(0.,0.,1.));
#3441=DIRECTION('ref_axis',(-1.,0.,0.));
#3442=DIRECTION('',(0.,0.,-1.));
#3443=DIRECTION('',(0.,0.,-1.));
#3444=DIRECTION('',(0.,0.,-1.));
#3445=DIRECTION('',(0.,0.,-1.));
#3446=DIRECTION('',(0.,0.,-1.));
#3447=DIRECTION('',(0.,0.,-1.));
#3448=DIRECTION('',(0.,0.,-1.));
#3449=DIRECTION('',(0.,0.,-1.));
#3450=DIRECTION('',(0.,0.,-1.));
#3451=DIRECTION('center_axis',(0.,0.,1.));
#3452=DIRECTION('ref_axis',(-1.,0.,0.));
#3453=DIRECTION('center_axis',(0.,0.,1.));
#3454=DIRECTION('ref_axis',(0.998168783234101,0.0604903312683564,0.));
#3455=DIRECTION('center_axis',(0.,0.,1.));
#3456=DIRECTION('ref_axis',(0.999714708447586,0.0238851776957789,0.));
#3457=DIRECTION('center_axis',(0.,0.,1.));
#3458=DIRECTION('ref_axis',(1.,0.,0.));
#3459=DIRECTION('center_axis',(0.,0.,-1.));
#3460=DIRECTION('ref_axis',(-1.,0.,0.));
#3461=DIRECTION('center_axis',(0.,0.,1.));
#3462=DIRECTION('ref_axis',(-1.,0.,0.));
#3463=DIRECTION('center_axis',(0.,0.,1.));
#3464=DIRECTION('ref_axis',(-1.,0.,0.));
#3465=DIRECTION('center_axis',(1.22464679914735E-16,1.,0.));
#3466=DIRECTION('ref_axis',(1.,-1.22464679914735E-16,0.));
#3467=DIRECTION('center_axis',(0.,0.,-1.));
#3468=DIRECTION('ref_axis',(-1.,0.,0.));
#3469=DIRECTION('center_axis',(0.,0.,-1.));
#3470=DIRECTION('ref_axis',(-1.,0.,0.));
#3471=DIRECTION('',(0.,0.,-1.));
#3472=DIRECTION('center_axis',(0.,0.,1.));
#3473=DIRECTION('ref_axis',(1.,0.,0.));
#3474=DIRECTION('center_axis',(0.,0.,1.));
#3475=DIRECTION('ref_axis',(0.99870399486518,-0.0508952909445486,0.));
#3476=DIRECTION('center_axis',(0.,0.,1.));
#3477=DIRECTION('ref_axis',(1.,0.,0.));
#3478=CARTESIAN_POINT('',(0.,0.,0.));
#3479=CARTESIAN_POINT('Origin',(0.,0.,0.393700787401575));
#3480=CARTESIAN_POINT('',(0.0873622047244094,-1.06987844382204E-17,0.378700787401575));
#3481=CARTESIAN_POINT('Origin',(0.,0.,0.378700787401575));
#3482=CARTESIAN_POINT('',(0.0873622047244094,-1.06987844382204E-17,0.193700787401575));
#3483=CARTESIAN_POINT('',(0.0873622047244094,-1.06987844382204E-17,0.393700787401575));
#3484=CARTESIAN_POINT('Origin',(0.,0.,0.193700787401575));
#3485=CARTESIAN_POINT('Origin',(-4.54701544239161E-18,0.,0.378700787401575));
#3486=CARTESIAN_POINT('Origin',(0.,0.,0.383700787401575));
#3487=CARTESIAN_POINT('',(0.102362204724409,1.25357546369414E-17,0.383700787401575));
#3488=CARTESIAN_POINT('Origin',(0.,0.,0.383700787401575));
#3489=CARTESIAN_POINT('',(0.0923622047244094,-1.13111078377941E-17,0.393700787401575));
#3490=CARTESIAN_POINT('Origin',(0.0923622047244094,-1.13111078377941E-17,
0.383700787401575));
#3491=CARTESIAN_POINT('Origin',(0.,0.,0.393700787401575));
#3492=CARTESIAN_POINT('Origin',(0.,0.,0.393700787401575));
#3493=CARTESIAN_POINT('',(0.102362204724409,1.25357546369414E-17,0.193700787401575));
#3494=CARTESIAN_POINT('Origin',(0.,0.,0.193700787401575));
#3495=CARTESIAN_POINT('',(0.102362204724409,-1.25357546369414E-17,0.393700787401575));
#3496=CARTESIAN_POINT('Origin',(-4.54701544239161E-18,0.,0.393700787401575));
#3497=CARTESIAN_POINT('Origin',(-4.54701544239161E-18,0.,0.193700787401575));
#3498=CARTESIAN_POINT('Origin',(0.,0.,0.));
#3499=CARTESIAN_POINT('',(0.085,1.04094977927525E-17,-0.0201540166356046));
#3500=CARTESIAN_POINT('',(0.085,1.04094977927525E-17,-0.0369692521803548));
#3501=CARTESIAN_POINT('',(0.085,1.04094977927525E-17,0.));
#3502=CARTESIAN_POINT('',(0.0847193052468986,-0.00690212420076677,-0.0201540166356046));
#3503=CARTESIAN_POINT('Origin',(0.,0.,-0.0201540166356046));
#3504=CARTESIAN_POINT('',(0.0836135857393835,-0.0152894826532084,-0.0213695758316107));
#3505=CARTESIAN_POINT('Ctrl Pts',(0.0847193052468986,-0.00690212420076677,
-0.0201540166356046));
#3506=CARTESIAN_POINT('Ctrl Pts',(0.084595851113368,-0.00841744732714679,
-0.0201540166356046));
#3507=CARTESIAN_POINT('Ctrl Pts',(0.0844220992962014,-0.0100033319458856,
-0.0201932546186228));
#3508=CARTESIAN_POINT('Ctrl Pts',(0.0841000019674991,-0.0123708077673656,
-0.0204224988868026));
#3509=CARTESIAN_POINT('Ctrl Pts',(0.0838764725652666,-0.0138518336068477,
-0.0206108166126981));
#3510=CARTESIAN_POINT('Ctrl Pts',(0.0836135857393835,-0.0152894826532084,
-0.0213695758316107));
#3511=CARTESIAN_POINT('',(0.0830537359321437,-0.0180852688040223,-0.0272447786123065));
#3512=CARTESIAN_POINT('Ctrl Pts',(0.0836135857393835,-0.0152894826532084,
-0.0213695758316107));
#3513=CARTESIAN_POINT('Ctrl Pts',(0.0835039713926759,-0.0158889305733625,
-0.0216859511228031));
#3514=CARTESIAN_POINT('Ctrl Pts',(0.0833984600794794,-0.0164284660204997,
-0.0220928147012146));
#3515=CARTESIAN_POINT('Ctrl Pts',(0.0833102570604117,-0.0168641948678952,
-0.0226161597348613));
#3516=CARTESIAN_POINT('Ctrl Pts',(0.0832612603770091,-0.0171062417797906,
-0.0229068773451531));
#3517=CARTESIAN_POINT('Ctrl Pts',(0.0832244059694348,-0.0172842321370419,
-0.0231953420848602));
#3518=CARTESIAN_POINT('Ctrl Pts',(0.0831964484127146,-0.017416711246219,
-0.0234562857847544));
#3519=CARTESIAN_POINT('Ctrl Pts',(0.0831671676879061,-0.0175554602927656,
-0.0237295793612856));
#3520=CARTESIAN_POINT('Ctrl Pts',(0.0831476458779045,-0.0176486026889216,
-0.0239917259596235));
#3521=CARTESIAN_POINT('Ctrl Pts',(0.0831341546093285,-0.0177119264167467,
-0.0241956253261803));
#3522=CARTESIAN_POINT('Ctrl Pts',(0.0830744080691356,-0.0179923576918609,
-0.0250986005824128));
#3523=CARTESIAN_POINT('Ctrl Pts',(0.0830537359321437,-0.0180852688040223,
-0.0261772544158444));
#3524=CARTESIAN_POINT('Ctrl Pts',(0.0830537359321437,-0.0180852688040223,
-0.0272447786123065));
#3525=CARTESIAN_POINT('',(0.0839134904719672,-0.0135471811389331,-0.0369692521803548));
#3526=CARTESIAN_POINT('Ctrl Pts',(0.0830537359321437,-0.0180852688040223,
-0.0272447786123065));
#3527=CARTESIAN_POINT('Ctrl Pts',(0.0830537359321437,-0.0180852688040223,
-0.0283357014856191));
#3528=CARTESIAN_POINT('Ctrl Pts',(0.0831022153543921,-0.0178649041765072,
-0.0294084834647787));
#3529=CARTESIAN_POINT('Ctrl Pts',(0.0833251264226067,-0.0168058962516172,
-0.0324582004770644));
#3530=CARTESIAN_POINT('Ctrl Pts',(0.0836171116991006,-0.0153830004933789,
-0.0348600129220554));
#3531=CARTESIAN_POINT('Ctrl Pts',(0.0839134904719673,-0.0135471811389331,
-0.0369692521803548));
#3532=CARTESIAN_POINT('Origin',(0.,0.,-0.0369692521803548));
#3533=CARTESIAN_POINT('Origin',(0.,0.,0.));
#3534=CARTESIAN_POINT('',(0.0859195299523028,-0.0136687370585337,-0.0501378101370868));
#3535=CARTESIAN_POINT('',(0.0844869410015894,-0.0207594990352356,-0.0501378101370868));
#3536=CARTESIAN_POINT('Origin',(0.,0.,-0.0501378101370868));
#3537=CARTESIAN_POINT('',(0.0836470911097098,-0.0239199529448513,-0.0625770325762152));
#3538=CARTESIAN_POINT('Ctrl Pts',(0.0844869410015895,-0.0207594990352356,
-0.0501378101370868));
#3539=CARTESIAN_POINT('Ctrl Pts',(0.0843532435810352,-0.0213036203583591,
-0.051167754070142));
#3540=CARTESIAN_POINT('Ctrl Pts',(0.0842334438771703,-0.0217697831006097,
-0.0522885576817757));
#3541=CARTESIAN_POINT('Ctrl Pts',(0.0841378857046758,-0.0221329981385409,
-0.0532650331424265));
#3542=CARTESIAN_POINT('Ctrl Pts',(0.0840386089690755,-0.0225103473735199,
-0.0542795072956752));
#3543=CARTESIAN_POINT('Ctrl Pts',(0.0839654971502119,-0.0227774737669799,
-0.0551300161158506));
#3544=CARTESIAN_POINT('Ctrl Pts',(0.083930149225151,-0.0229069869481796,
-0.0555470485593137));
#3545=CARTESIAN_POINT('Ctrl Pts',(0.0839250021241121,-0.0229258456910436,
-0.0556077737113358));
#3546=CARTESIAN_POINT('Ctrl Pts',(0.0839199282696804,-0.0229444184065431,
-0.0556685574213091));
#3547=CARTESIAN_POINT('Ctrl Pts',(0.0839149274069311,-0.0229627070223583,
-0.0557293988354808));
#3548=CARTESIAN_POINT('Ctrl Pts',(0.0837323742313927,-0.0236303208043477,
-0.0579503742787354));
#3549=CARTESIAN_POINT('Ctrl Pts',(0.0836470911097097,-0.0239199529448513,
-0.0602478887474636));
#3550=CARTESIAN_POINT('Ctrl Pts',(0.0836470911097097,-0.0239199529448513,
-0.0625770325762152));
#3551=CARTESIAN_POINT('',(0.0845463059892175,-0.0205163871960344,-0.0734765467004027));
#3552=CARTESIAN_POINT('Ctrl Pts',(0.0836470911097098,-0.0239199529448513,
-0.0625770325762152));
#3553=CARTESIAN_POINT('Ctrl Pts',(0.0836470911097098,-0.0239199529448513,
-0.0661673152590091));
#3554=CARTESIAN_POINT('Ctrl Pts',(0.0838082348413096,-0.0233511908658622,
-0.0680796822645361));
#3555=CARTESIAN_POINT('Ctrl Pts',(0.0840488836436789,-0.0224752952089307,
-0.0706258883555022));
#3556=CARTESIAN_POINT('Ctrl Pts',(0.0842740642179796,-0.021638272636887,
-0.0721357567832861));
#3557=CARTESIAN_POINT('Ctrl Pts',(0.0845463059892176,-0.0205163871960344,
-0.0734765467004027));
#3558=CARTESIAN_POINT('',(0.0861389243472775,-0.0122100660233265,-0.0772447802080214));
#3559=CARTESIAN_POINT('Ctrl Pts',(0.0845463059892175,-0.0205163871960344,
-0.0734765467004027));
#3560=CARTESIAN_POINT('Ctrl Pts',(0.0846767283560712,-0.0199789275921343,
-0.0741104734126951));
#3561=CARTESIAN_POINT('Ctrl Pts',(0.0848166444297974,-0.0193804439262664,
-0.0746792539133274));
#3562=CARTESIAN_POINT('Ctrl Pts',(0.0849632957291866,-0.0187146567917367,
-0.0751720775315842));
#3563=CARTESIAN_POINT('Ctrl Pts',(0.0851210415560382,-0.0179985012412514,
-0.0757021844551344));
#3564=CARTESIAN_POINT('Ctrl Pts',(0.0852586975471138,-0.017329306685909,
-0.0760528769371081));
#3565=CARTESIAN_POINT('Ctrl Pts',(0.0853647841779195,-0.0167886723282825,
-0.07629259217115));
#3566=CARTESIAN_POINT('Ctrl Pts',(0.0853771740445579,-0.0167255315956543,
-0.0763205885337305));
#3567=CARTESIAN_POINT('Ctrl Pts',(0.0853891333075225,-0.0166643196652314,
-0.0763470312164233));
#3568=CARTESIAN_POINT('Ctrl Pts',(0.0854006436798399,-0.016605121471071,
-0.0763720202180999));
#3569=CARTESIAN_POINT('Ctrl Pts',(0.0856727342886314,-0.0152057512122913,
-0.0769627285368047));
#3570=CARTESIAN_POINT('Ctrl Pts',(0.0859223500816443,-0.0137379426332734,
-0.0772447802080214));
#3571=CARTESIAN_POINT('Ctrl Pts',(0.0861389243472775,-0.0122100660233265,
-0.0772447802080214));
#3572=CARTESIAN_POINT('',(0.0869731462159658,-0.00216144333634327,-0.0688979403954466));
#3573=CARTESIAN_POINT('Ctrl Pts',(0.0861389243472775,-0.0122100660233265,
-0.0772447802080214));
#3574=CARTESIAN_POINT('Ctrl Pts',(0.0862870812504723,-0.0111648565828985,
-0.0772447802080214));
#3575=CARTESIAN_POINT('Ctrl Pts',(0.0864173474474034,-0.0101040341000466,
-0.0771457985450435));
#3576=CARTESIAN_POINT('Ctrl Pts',(0.0865243257228497,-0.00908521096102359,
-0.076890864667725));
#3577=CARTESIAN_POINT('Ctrl Pts',(0.0866183390748537,-0.00818986115285859,
-0.0766668267661412));
#3578=CARTESIAN_POINT('Ctrl Pts',(0.0866938067963023,-0.00733480636937782,
-0.0763242774126614));
#3579=CARTESIAN_POINT('Ctrl Pts',(0.0867528960085939,-0.00655248305011646,
-0.0758291175583416));
#3580=CARTESIAN_POINT('Ctrl Pts',(0.0867706598472347,-0.00631729519315709,
-0.0756802589187963));
#3581=CARTESIAN_POINT('Ctrl Pts',(0.0867934782342666,-0.00599212906386828,
-0.0754579753884435));
#3582=CARTESIAN_POINT('Ctrl Pts',(0.0868172313471841,-0.00562578704496046,
-0.0751378109349443));
#3583=CARTESIAN_POINT('Ctrl Pts',(0.0868455866013452,-0.00518846663596478,
-0.0747556149472506));
#3584=CARTESIAN_POINT('Ctrl Pts',(0.0868752738741154,-0.00468358201568195,
-0.0742345343952362));
#3585=CARTESIAN_POINT('Ctrl Pts',(0.0868992847871499,-0.00418500937651683,
-0.073530221201511));
#3586=CARTESIAN_POINT('Ctrl Pts',(0.0869461962367679,-0.00321092041915172,
-0.0721541655365169));
#3587=CARTESIAN_POINT('Ctrl Pts',(0.0869628021801758,-0.00257767138270957,
-0.0705308350388836));
#3588=CARTESIAN_POINT('Ctrl Pts',(0.0869731462159657,-0.00216144333634327,
-0.0688979403954466));
#3589=CARTESIAN_POINT('',(0.0869977783944117,-0.000621735021402288,-0.0621313275376797));
#3590=CARTESIAN_POINT('Ctrl Pts',(0.0869731462159657,-0.00216144333634327,
-0.0688979403954466));
#3591=CARTESIAN_POINT('Ctrl Pts',(0.0869801795549501,-0.00187843262327893,
-0.0676887128032626));
#3592=CARTESIAN_POINT('Ctrl Pts',(0.0869855570823242,-0.00160549215175392,
-0.066466832735013));
#3593=CARTESIAN_POINT('Ctrl Pts',(0.0869895086110891,-0.0013510705389564,
-0.065251262807192));
#3594=CARTESIAN_POINT('Ctrl Pts',(0.0869903410034602,-0.00129747644357609,
-0.0649952021292675));
#3595=CARTESIAN_POINT('Ctrl Pts',(0.0869924678197989,-0.00116247386639062,
-0.0643496172684313));
#3596=CARTESIAN_POINT('Ctrl Pts',(0.0869945864572829,-0.00097167590114727,
-0.0635372786008353));
#3597=CARTESIAN_POINT('Ctrl Pts',(0.0869957191214436,-0.000869671656054343,
-0.0631029867967154));
#3598=CARTESIAN_POINT('Ctrl Pts',(0.0869968494479437,-0.000751720105355964,
-0.0626223822992825));
#3599=CARTESIAN_POINT('Ctrl Pts',(0.0869977783944116,-0.000621735021402288,
-0.0621313275376797));
#3600=CARTESIAN_POINT('',(0.0868670559972012,0.00480776272075801,-0.0567423484353863));
#3601=CARTESIAN_POINT('Ctrl Pts',(0.0869977783944116,-0.000621735021402288,
-0.0621313275376797));
#3602=CARTESIAN_POINT('Ctrl Pts',(0.0869999077379397,-0.000323781472060375,
-0.0609726192902389));
#3603=CARTESIAN_POINT('Ctrl Pts',(0.0870016486051377,7.29579659602208E-5,
-0.0598298738693494));
#3604=CARTESIAN_POINT('Ctrl Pts',(0.086997836969854,0.00061348395800481,
-0.058915255041169));
#3605=CARTESIAN_POINT('Ctrl Pts',(0.0869965857275286,0.000790921973154423,
-0.0586150138837051));
#3606=CARTESIAN_POINT('Ctrl Pts',(0.0869945931207843,0.00101255494116584,
-0.0582948099394066));
#3607=CARTESIAN_POINT('Ctrl Pts',(0.0869908757229438,0.00126238173240707,
-0.0580186855911926));
#3608=CARTESIAN_POINT('Ctrl Pts',(0.0869899780241873,0.00132271135260528,
-0.0579520054846577));
#3609=CARTESIAN_POINT('Ctrl Pts',(0.0869889797435701,0.00138630534311668,
-0.0578871474423085));
#3610=CARTESIAN_POINT('Ctrl Pts',(0.0869878670321466,0.00145292436058702,
-0.0578246385387979));
#3611=CARTESIAN_POINT('Ctrl Pts',(0.0869819920766042,0.00180466314713697,
-0.0574946005600904));
#3612=CARTESIAN_POINT('Ctrl Pts',(0.0869729598498556,0.0022154098295892,
-0.0572532613664408));
#3613=CARTESIAN_POINT('Ctrl Pts',(0.0869591232475261,0.00266662408702856,
-0.057083340819776));
#3614=CARTESIAN_POINT('Ctrl Pts',(0.0869384194150568,0.00334178003726378,
-0.0568290871780605));
#3615=CARTESIAN_POINT('Ctrl Pts',(0.0869069027712644,0.00408780789875265,
-0.0567423484353863));
#3616=CARTESIAN_POINT('Ctrl Pts',(0.086867055997201,0.00480776272075801,
-0.0567423484353863));
#3617=CARTESIAN_POINT('',(0.0864146436028692,0.0100751859034508,-0.0641572595310231));
#3618=CARTESIAN_POINT('Ctrl Pts',(0.0868670559972009,0.00480776272075801,
-0.0567423484353863));
#3619=CARTESIAN_POINT('Ctrl Pts',(0.0868464207478862,0.00518060211859206,
-0.0567423484353863));
#3620=CARTESIAN_POINT('Ctrl Pts',(0.086823349358838,0.00555336464341679,
-0.0567746234518789));
#3621=CARTESIAN_POINT('Ctrl Pts',(0.0867984609603718,0.00591837603662023,
-0.056849440677653));
#3622=CARTESIAN_POINT('Ctrl Pts',(0.0867753705469482,0.00625701831546734,
-0.0569188529653376));
#3623=CARTESIAN_POINT('Ctrl Pts',(0.0867510187872449,0.00658477408942287,
-0.0570240168110751));
#3624=CARTESIAN_POINT('Ctrl Pts',(0.0867261346261545,0.00689764980309229,
-0.057170717401177));
#3625=CARTESIAN_POINT('Ctrl Pts',(0.086686295999909,0.00739855230781773,
-0.0574055796478019));
#3626=CARTESIAN_POINT('Ctrl Pts',(0.0866475679021626,0.00783187099431317,
-0.0577330922876229));
#3627=CARTESIAN_POINT('Ctrl Pts',(0.0866123849250054,0.00820333941774109,
-0.058143511168264));
#3628=CARTESIAN_POINT('Ctrl Pts',(0.0865922841579259,0.0084155670590623,
-0.0583779920164297));
#3629=CARTESIAN_POINT('Ctrl Pts',(0.0865742358546748,0.00859974039749978,
-0.0586312131284926));
#3630=CARTESIAN_POINT('Ctrl Pts',(0.0865582472283243,0.00875833010777761,
-0.0588898363483303));
#3631=CARTESIAN_POINT('Ctrl Pts',(0.0865301985483811,0.00903654237744462,
-0.0593435363573257));
#3632=CARTESIAN_POINT('Ctrl Pts',(0.0865084885895656,0.00923588851353703,
-0.0597742827229446));
#3633=CARTESIAN_POINT('Ctrl Pts',(0.0864931562943978,0.00937730847490993,
-0.0601301035636801));
#3634=CARTESIAN_POINT('Ctrl Pts',(0.0864382081267603,0.00988413199087631,
-0.0614053009813924));
#3635=CARTESIAN_POINT('Ctrl Pts',(0.0864146436028691,0.0100751859034508,
-0.0627845068279817));
#3636=CARTESIAN_POINT('Ctrl Pts',(0.0864146436028691,0.0100751859034508,
-0.0641572595310231));
#3637=CARTESIAN_POINT('',(0.0867995919236647,0.00590176599716344,-0.075542997333613));
#3638=CARTESIAN_POINT('Ctrl Pts',(0.0864146436028693,0.0100751859034508,
-0.0641572595310231));
#3639=CARTESIAN_POINT('Ctrl Pts',(0.0864146436028693,0.0100751859034508,
-0.0668522910552943));
#3640=CARTESIAN_POINT('Ctrl Pts',(0.0864899221025407,0.00941832437135376,
-0.0689398264284122));
#3641=CARTESIAN_POINT('Ctrl Pts',(0.0866136533739398,0.00822342867655794,
-0.0721117310682828));
#3642=CARTESIAN_POINT('Ctrl Pts',(0.0867107864494198,0.00720786300757539,
-0.073910376070598));
#3643=CARTESIAN_POINT('Ctrl Pts',(0.0867995919236647,0.00590176599716344,
-0.075542997333613));
#3644=CARTESIAN_POINT('',(0.0867995919236647,0.00590176599716344,-0.0758671464525479));
#3645=CARTESIAN_POINT('',(0.0867995919236647,0.00590176599716344,0.));
#3646=CARTESIAN_POINT('',(0.0860727144755407,0.0126683788549304,-0.0758671464525479));
#3647=CARTESIAN_POINT('Origin',(0.,0.,-0.0758671464525479));
#3648=CARTESIAN_POINT('',(0.0856291970146004,0.0153831277260105,-0.0642788154506237));
#3649=CARTESIAN_POINT('Ctrl Pts',(0.0860727144755404,0.0126683788549304,
-0.0758671464525479));
#3650=CARTESIAN_POINT('Ctrl Pts',(0.0859372275248572,0.0135889172880526,
-0.0741847831092555));
#3651=CARTESIAN_POINT('Ctrl Pts',(0.0858350372114058,0.0141959707070262,
-0.0722723426930448));
#3652=CARTESIAN_POINT('Ctrl Pts',(0.0857639331864563,0.01461327356854,-0.0705592046299882));
#3653=CARTESIAN_POINT('Ctrl Pts',(0.0856783455950756,0.015115579124641,
-0.0684971081365212));
#3654=CARTESIAN_POINT('Ctrl Pts',(0.0856291970146004,0.0153831277260105,
-0.0664031885142405));
#3655=CARTESIAN_POINT('Ctrl Pts',(0.0856291970146004,0.0153831277260105,
-0.0642788154506237));
#3656=CARTESIAN_POINT('',(0.0869118069192574,0.00391635264368691,-0.0502998846965543));
#3657=CARTESIAN_POINT('Ctrl Pts',(0.0856291970146004,0.0153831277260105,
-0.0642788154506237));
#3658=CARTESIAN_POINT('Ctrl Pts',(0.0856291970146004,0.0153831277260105,
-0.062956515455264));
#3659=CARTESIAN_POINT('Ctrl Pts',(0.0856482571812486,0.0152787858854138,
-0.0616261876006603));
#3660=CARTESIAN_POINT('Ctrl Pts',(0.0857321816929753,0.0148002067422466,
-0.0591581499799736));
#3661=CARTESIAN_POINT('Ctrl Pts',(0.0857923414747329,0.0144542587517412,
-0.0580185066725171));
#3662=CARTESIAN_POINT('Ctrl Pts',(0.0860028730848797,0.0131591414413073,
-0.0551863625252898));
#3663=CARTESIAN_POINT('Ctrl Pts',(0.0861494083554016,0.012162708418558,
-0.0539978323237539));
#3664=CARTESIAN_POINT('Ctrl Pts',(0.0863776127401691,0.0104303108254761,
-0.0523076813195419));
#3665=CARTESIAN_POINT('Ctrl Pts',(0.0865024550217141,0.0093695478521101,
-0.0515894826629827));
#3666=CARTESIAN_POINT('Ctrl Pts',(0.0867433505596123,0.00681416628318098,
-0.0505364165141349));
#3667=CARTESIAN_POINT('Ctrl Pts',(0.0868457672987759,0.00538190574028399,
-0.0502998846965543));
#3668=CARTESIAN_POINT('Ctrl Pts',(0.0869118069192575,0.00391635264368691,
-0.0502998846965543));
#3669=CARTESIAN_POINT('',(0.0867778474733591,-0.00621330732303005,-0.0584846499496616));
#3670=CARTESIAN_POINT('Ctrl Pts',(0.0869118069192575,0.00391635264368691,
-0.0502998846965543));
#3671=CARTESIAN_POINT('Ctrl Pts',(0.0869555951494762,0.00294460301939343,
-0.0502998846965543));
#3672=CARTESIAN_POINT('Ctrl Pts',(0.0869826826932166,0.00197561879582717,
-0.0504011601799753));
#3673=CARTESIAN_POINT('Ctrl Pts',(0.0870043402938503,0.000150320746693934,
-0.0508591900587467));
#3674=CARTESIAN_POINT('Ctrl Pts',(0.0870008323125991,-0.000686698715085985,
-0.0511932218218127));
#3675=CARTESIAN_POINT('Ctrl Pts',(0.0869659994792839,-0.00274558022092854,
-0.0523963290158564));
#3676=CARTESIAN_POINT('Ctrl Pts',(0.0869290922096013,-0.0035506720900633,
-0.0532755852037897));
#3677=CARTESIAN_POINT('Ctrl Pts',(0.0868577455308299,-0.00507265041629741,
-0.0552982825744676));
#3678=CARTESIAN_POINT('Ctrl Pts',(0.0868112069185762,-0.00574739429179931,
-0.0568915279719049));
#3679=CARTESIAN_POINT('Ctrl Pts',(0.0867778474733591,-0.00621330732303005,
-0.0584846499496616));
#3680=CARTESIAN_POINT('',(0.0866538559356557,-0.00775301563797103,-0.0652512628074285));
#3681=CARTESIAN_POINT('Ctrl Pts',(0.0867778474733591,-0.00621330732303005,
-0.0584846499496616));
#3682=CARTESIAN_POINT('Ctrl Pts',(0.0867460932367817,-0.0066568012876899,
-0.0601376729088483));
#3683=CARTESIAN_POINT('Ctrl Pts',(0.0867206413544021,-0.00696705551310839,
-0.0616245213117584));
#3684=CARTESIAN_POINT('Ctrl Pts',(0.0867127274154542,-0.00706419876370563,
-0.0620908089144753));
#3685=CARTESIAN_POINT('Ctrl Pts',(0.0866960487060369,-0.00726892918419941,
-0.0630735149325298));
#3686=CARTESIAN_POINT('Ctrl Pts',(0.0866744063003445,-0.00752332845245206,
-0.0642668891552044));
#3687=CARTESIAN_POINT('Ctrl Pts',(0.0866538559356556,-0.00775301563797103,
-0.0652512628074285));
#3688=CARTESIAN_POINT('',(0.0860140185679881,-0.0130609574605307,-0.0708023164691894));
#3689=CARTESIAN_POINT('Ctrl Pts',(0.0866538559356556,-0.00775301563797103,
-0.0652512628074285));
#3690=CARTESIAN_POINT('Ctrl Pts',(0.0866282682238899,-0.00803900421230197,
-0.0664102691349802));
#3691=CARTESIAN_POINT('Ctrl Pts',(0.086593724649516,-0.00841287261682221,
-0.0675692430486195));
#3692=CARTESIAN_POINT('Ctrl Pts',(0.0865425623978809,-0.00890982006601283,
-0.0684903049986788));
#3693=CARTESIAN_POINT('Ctrl Pts',(0.0865127223384875,-0.00919966151992231,
-0.0690275085504441));
#3694=CARTESIAN_POINT('Ctrl Pts',(0.086483491408569,-0.00947120230860321,
-0.0693694428278739));
#3695=CARTESIAN_POINT('Ctrl Pts',(0.0864601233669982,-0.00967765103164724,
-0.0695867572731834));
#3696=CARTESIAN_POINT('Ctrl Pts',(0.0864556383202699,-0.00971727489858637,
-0.0696284666068035));
#3697=CARTESIAN_POINT('Ctrl Pts',(0.0864513692472747,-0.00975510270455839,
-0.0696662181696181));
#3698=CARTESIAN_POINT('Ctrl Pts',(0.0864473532933323,-0.00979056221969919,
-0.0697002456901225));
#3699=CARTESIAN_POINT('Ctrl Pts',(0.0864075573225833,-0.0101419471826653,
-0.0700374403467545));
#3700=CARTESIAN_POINT('Ctrl Pts',(0.0863590915053823,-0.0105506082511101,
-0.0702866289293264));
#3701=CARTESIAN_POINT('Ctrl Pts',(0.0863014087467823,-0.0110030381403889,
-0.07046191408355));
#3702=CARTESIAN_POINT('Ctrl Pts',(0.0862184647741704,-0.0116536022475135,
-0.07071396248387));
#3703=CARTESIAN_POINT('Ctrl Pts',(0.0861194020290346,-0.012366945937822,
-0.0708023164691894));
#3704=CARTESIAN_POINT('Ctrl Pts',(0.0860140185679881,-0.0130609574605307,
-0.0708023164691894));
#3705=CARTESIAN_POINT('',(0.0852512262654173,-0.0173559332864187,-0.0685737912765117));
#3706=CARTESIAN_POINT('Ctrl Pts',(0.0860140185679881,-0.0130609574605307,
-0.0708023164691894));
#3707=CARTESIAN_POINT('Ctrl Pts',(0.0859295700301574,-0.0136171003101617,
-0.0708023164691894));
#3708=CARTESIAN_POINT('Ctrl Pts',(0.0858320791116808,-0.0142181573782905,
-0.0707639722768988));
#3709=CARTESIAN_POINT('Ctrl Pts',(0.0857388789672116,-0.0147595607468221,
-0.0706399544779202));
#3710=CARTESIAN_POINT('Ctrl Pts',(0.0856650598122699,-0.0151883791716771,
-0.0705417262061674));
#3711=CARTESIAN_POINT('Ctrl Pts',(0.0856118689998822,-0.0154920220639973,
-0.0704103547091327));
#3712=CARTESIAN_POINT('Ctrl Pts',(0.0855694514040669,-0.0157149283718105,
-0.0702755741509201));
#3713=CARTESIAN_POINT('Ctrl Pts',(0.0855566082464295,-0.0157824197228543,
-0.0702347654270332));
#3714=CARTESIAN_POINT('Ctrl Pts',(0.0855447527248056,-0.0158461034603952,
-0.070193070028999));
#3715=CARTESIAN_POINT('Ctrl Pts',(0.0855336112874614,-0.0159060158470133,
-0.0701513873599407));
#3716=CARTESIAN_POINT('Ctrl Pts',(0.0854257002421897,-0.0164863007837737,
-0.0697476674224821));
#3717=CARTESIAN_POINT('Ctrl Pts',(0.0853303586110891,-0.0169672403020393,
-0.0691670595158276));
#3718=CARTESIAN_POINT('Ctrl Pts',(0.0852512262654171,-0.0173559332864187,
-0.0685737912765117));
#3719=CARTESIAN_POINT('',(0.0849858402440294,-0.0186120111222916,-0.0628201444154164));
#3720=CARTESIAN_POINT('Ctrl Pts',(0.0852512262654171,-0.0173559332864187,
-0.0685737912765117));
#3721=CARTESIAN_POINT('Ctrl Pts',(0.0852071573105773,-0.0175723971537502,
-0.0682645571803238));
#3722=CARTESIAN_POINT('Ctrl Pts',(0.0851723614051032,-0.0177393906978638,
-0.0678913078430921));
#3723=CARTESIAN_POINT('Ctrl Pts',(0.0851454820800416,-0.0178674811139533,
-0.0675355011321027));
#3724=CARTESIAN_POINT('Ctrl Pts',(0.0851008222858462,-0.0180803023662674,
-0.0669443309874008));
#3725=CARTESIAN_POINT('Ctrl Pts',(0.0850733418613828,-0.0182079714527532,
-0.0663395324391917));
#3726=CARTESIAN_POINT('Ctrl Pts',(0.0850605354562428,-0.0182676026861013,
-0.066041376271442));
#3727=CARTESIAN_POINT('Ctrl Pts',(0.0850152223372229,-0.0184785968834931,
-0.0649864052809121));
#3728=CARTESIAN_POINT('Ctrl Pts',(0.0849858402440294,-0.0186120111222916,
-0.0638974245997503));
#3729=CARTESIAN_POINT('Ctrl Pts',(0.0849858402440294,-0.0186120111222916,
-0.0628201444154164));
#3730=CARTESIAN_POINT('',(0.0853806472866334,-0.0167076350485488,-0.055283677400179));
#3731=CARTESIAN_POINT('Ctrl Pts',(0.0849858402440294,-0.0186120111222916,
-0.0628201444154164));
#3732=CARTESIAN_POINT('Ctrl Pts',(0.0849858402440294,-0.0186120111222916,
-0.0612065740692073));
#3733=CARTESIAN_POINT('Ctrl Pts',(0.0850421059266647,-0.0183494057531983,
-0.0599633947715729));
#3734=CARTESIAN_POINT('Ctrl Pts',(0.0850823828553143,-0.0181638471957355,
-0.0592426627331667));
#3735=CARTESIAN_POINT('Ctrl Pts',(0.0850922724073903,-0.0181182853547834,
-0.0590656949934304));
#3736=CARTESIAN_POINT('Ctrl Pts',(0.0851011980079911,-0.0180772564773795,
-0.0589202492853648));
#3737=CARTESIAN_POINT('Ctrl Pts',(0.0851080900473812,-0.0180447501641555,
-0.0588087990685965));
#3738=CARTESIAN_POINT('Ctrl Pts',(0.0851116952671903,-0.0180277461399876,
-0.0587504995571639));
#3739=CARTESIAN_POINT('Ctrl Pts',(0.0851153385470491,-0.0180105406650018,
-0.0586922232035712));
#3740=CARTESIAN_POINT('Ctrl Pts',(0.0851190199367728,-0.017993130856462,
-0.0586339764978038));
#3741=CARTESIAN_POINT('Ctrl Pts',(0.0851913971601019,-0.017650848812086,
-0.0574888288367764));
#3742=CARTESIAN_POINT('Ctrl Pts',(0.0852785036887891,-0.0172296171528249,
-0.0563551143510614));
#3743=CARTESIAN_POINT('Ctrl Pts',(0.0853806472866333,-0.0167076350485488,
-0.055283677400179));
#3744=CARTESIAN_POINT('',(0.0859195299523028,-0.0136687370585337,-0.0504619592560218));
#3745=CARTESIAN_POINT('Ctrl Pts',(0.0853806472866333,-0.0167076350485488,
-0.055283677400179));
#3746=CARTESIAN_POINT('Ctrl Pts',(0.0854325532414089,-0.0164423812287294,
-0.0547152763577089));
#3747=CARTESIAN_POINT('Ctrl Pts',(0.0854719598976437,-0.0162415247229872,
-0.0543212583893132));
#3748=CARTESIAN_POINT('Ctrl Pts',(0.0855051804333714,-0.0160675948801734,
-0.0539937130565384));
#3749=CARTESIAN_POINT('Ctrl Pts',(0.0855413444273558,-0.015878254231342,
-0.053637146036032));
#3750=CARTESIAN_POINT('Ctrl Pts',(0.0855701775113203,-0.0157209825727862,
-0.0533607869855703));
#3751=CARTESIAN_POINT('Ctrl Pts',(0.0855998240517193,-0.0155540619197524,
-0.0530850171602098));
#3752=CARTESIAN_POINT('Ctrl Pts',(0.0856249431139975,-0.0154126325919912,
-0.0528513615860871));
#3753=CARTESIAN_POINT('Ctrl Pts',(0.0856506461497258,-0.0152643135956336,
-0.0526184643733175));
#3754=CARTESIAN_POINT('Ctrl Pts',(0.0856818870392484,-0.0150868894538741,
-0.0523663353297645));
#3755=CARTESIAN_POINT('Ctrl Pts',(0.0856980588797435,-0.0149950458807757,
-0.0522358207785195));
#3756=CARTESIAN_POINT('Ctrl Pts',(0.0857143698039855,-0.0149014941845196,
-0.0521040623290227));
#3757=CARTESIAN_POINT('Ctrl Pts',(0.0857307500438312,-0.0148065991329201,
-0.0519718125010296));
#3758=CARTESIAN_POINT('Ctrl Pts',(0.0857939814544296,-0.0144402828867631,
-0.0514612984149022));
#3759=CARTESIAN_POINT('Ctrl Pts',(0.0858582457759554,-0.0140539597460976,
-0.0509434876154765));
#3760=CARTESIAN_POINT('Ctrl Pts',(0.0859195299523029,-0.0136687370585337,
-0.0504619592560218));
#3761=CARTESIAN_POINT('',(0.0859195299523028,-0.0136687370585337,0.));
#3762=CARTESIAN_POINT('Origin',(-0.838943030038879,0.0126683788549304,-0.0758671464525479));
#3763=CARTESIAN_POINT('',(0.0847948651636095,0.00590176599716344,-0.0758671464525479));
#3764=CARTESIAN_POINT('',(-0.838943030038879,0.00590176599716344,-0.0758671464525479));
#3765=CARTESIAN_POINT('',(0.0840506524495078,0.0126683788549304,-0.0758671464525479));
#3766=CARTESIAN_POINT('Origin',(0.,0.,-0.0758671464525479));
#3767=CARTESIAN_POINT('',(-0.838943030038879,0.0126683788549304,-0.0758671464525479));
#3768=CARTESIAN_POINT('Ctrl Pts',(-0.838943030038879,0.0126683788549304,
-0.0758671464525479));
#3769=CARTESIAN_POINT('Ctrl Pts',(0.838943030038879,0.0126683788549304,
-0.0758671464525479));
#3770=CARTESIAN_POINT('Ctrl Pts',(-0.838943030038879,0.0138434194110695,
-0.0737196585396039));
#3771=CARTESIAN_POINT('Ctrl Pts',(0.838943030038879,0.0138434194110695,
-0.0737196585396039));
#3772=CARTESIAN_POINT('Ctrl Pts',(-0.838943030038879,0.0153831277260105,
-0.0673987507203725));
#3773=CARTESIAN_POINT('Ctrl Pts',(0.838943030038879,0.0153831277260105,
-0.0673987507203725));
#3774=CARTESIAN_POINT('Ctrl Pts',(-0.838943030038879,0.0153831277260105,
-0.0642788154506237));
#3775=CARTESIAN_POINT('Ctrl Pts',(0.838943030038879,0.0153831277260105,
-0.0642788154506237));
#3776=CARTESIAN_POINT('',(0.0835964077061045,0.0153831277260105,-0.0642788154506237));
#3777=CARTESIAN_POINT('Ctrl Pts',(0.0835964077061045,0.0153831277260105,
-0.0642788154506237));
#3778=CARTESIAN_POINT('Ctrl Pts',(0.0835964077061045,0.0153831277260105,
-0.0663906510681442));
#3779=CARTESIAN_POINT('Ctrl Pts',(0.0836461479778939,0.0151187338965577,
-0.0684724413457568));
#3780=CARTESIAN_POINT('Ctrl Pts',(0.0837328773534113,0.0146220809093277,
-0.0705229455060492));
#3781=CARTESIAN_POINT('Ctrl Pts',(0.0837919594944584,0.0142837489235621,
-0.0719197983634969));
#3782=CARTESIAN_POINT('Ctrl Pts',(0.0838968293095115,0.0136889463187379,
-0.0740019714324858));
#3783=CARTESIAN_POINT('Ctrl Pts',(0.0840506524495078,0.0126683788549304,
-0.0758671464525479));
#3784=CARTESIAN_POINT('',(-0.838943030038879,0.0153831277260105,-0.0642788154506237));
#3785=CARTESIAN_POINT('Ctrl Pts',(-0.838943030038879,0.0153831277260105,
-0.0642788154506237));
#3786=CARTESIAN_POINT('Ctrl Pts',(0.838943030038879,0.0153831277260105,
-0.0642788154506237));
#3787=CARTESIAN_POINT('Ctrl Pts',(-0.838943030038879,0.0153831277260105,
-0.0579579076313923));
#3788=CARTESIAN_POINT('Ctrl Pts',(0.838943030038879,0.0153831277260105,
-0.0579579076313923));
#3789=CARTESIAN_POINT('Ctrl Pts',(-0.838943030038879,0.00902170126691226,
-0.0502998846965543));
#3790=CARTESIAN_POINT('Ctrl Pts',(0.838943030038879,0.00902170126691226,
-0.0502998846965543));
#3791=CARTESIAN_POINT('Ctrl Pts',(-0.838943030038879,0.00391635264368691,
-0.0502998846965543));
#3792=CARTESIAN_POINT('Ctrl Pts',(0.838943030038879,0.00391635264368691,
-0.0502998846965543));
#3793=CARTESIAN_POINT('',(0.0849097296072145,0.00391635264368691,-0.0502998846965543));
#3794=CARTESIAN_POINT('Ctrl Pts',(0.0849097296072146,0.00391635264368691,
-0.0502998846965543));
#3795=CARTESIAN_POINT('Ctrl Pts',(0.0848417487627662,0.00539023297207922,
-0.0502998846965543));
#3796=CARTESIAN_POINT('Ctrl Pts',(0.0847361263229283,0.00682994750211054,
-0.0505391063113482));
#3797=CARTESIAN_POINT('Ctrl Pts',(0.0844903670452481,0.00936958282807701,
-0.0515928774863733));
#3798=CARTESIAN_POINT('Ctrl Pts',(0.0843648047839068,0.0104134403953565,
-0.0522979197914933));
#3799=CARTESIAN_POINT('Ctrl Pts',(0.0841323731426,0.0121412362649752,-0.0539711905388579));
#3800=CARTESIAN_POINT('Ctrl Pts',(0.0839799435342021,0.013154591163076,
-0.0551720076649734));
#3801=CARTESIAN_POINT('Ctrl Pts',(0.0837553969795837,0.014502801773175,
-0.0581276106719761));
#3802=CARTESIAN_POINT('Ctrl Pts',(0.083690578335476,0.0148640030793005,
-0.0593750517289816));
#3803=CARTESIAN_POINT('Ctrl Pts',(0.0836127566200877,0.0152954788384434,
-0.0618486839910933));
#3804=CARTESIAN_POINT('Ctrl Pts',(0.0835964077061045,0.0153831277260105,
-0.0630669433438284));
#3805=CARTESIAN_POINT('Ctrl Pts',(0.0835964077061045,0.0153831277260105,
-0.0642788154506237));
#3806=CARTESIAN_POINT('',(-0.838943030038879,0.00391635264368691,-0.0502998846965543));
#3807=CARTESIAN_POINT('Origin',(-0.838943030038879,0.00590176599716344,
-0.0758671464525479));
#3808=CARTESIAN_POINT('',(0.0847948651636095,0.00590176599716344,-0.075542997333613));
#3809=CARTESIAN_POINT('',(-0.838943030038879,0.00590176599716344,-0.075542997333613));
#3810=CARTESIAN_POINT('',(0.0847948651636095,0.00590176599716344,0.));
#3811=CARTESIAN_POINT('Ctrl Pts',(-0.838943030038879,0.00391635264368691,
-0.0502998846965543));
#3812=CARTESIAN_POINT('Ctrl Pts',(0.838943030038879,0.00391635264368691,
-0.0502998846965543));
#3813=CARTESIAN_POINT('Ctrl Pts',(-0.838943030038879,0.000229156415801936,
-0.0502998846965543));
#3814=CARTESIAN_POINT('Ctrl Pts',(0.838943030038879,0.000229156415801936,
-0.0502998846965543));
#3815=CARTESIAN_POINT('Ctrl Pts',(-0.838943030038879,-0.00495722948715715,
-0.0541896741237736));
#3816=CARTESIAN_POINT('Ctrl Pts',(0.838943030038879,-0.00495722948715715,
-0.0541896741237736));
#3817=CARTESIAN_POINT('Ctrl Pts',(-0.838943030038879,-0.00621330732303005,
-0.0584846499496616));
#3818=CARTESIAN_POINT('Ctrl Pts',(0.838943030038879,-0.00621330732303005,
-0.0584846499496616));
#3819=CARTESIAN_POINT('',(0.085,9.53759177120608E-11,-0.0509568213237066));
#3820=CARTESIAN_POINT('Ctrl Pts',(0.085,1.90751825014624E-10,-0.0509568213237066));
#3821=CARTESIAN_POINT('Ctrl Pts',(0.0849999999992394,0.000338907910103639,
-0.0508312775732292));
#3822=CARTESIAN_POINT('Ctrl Pts',(0.0849979722760359,0.000685483603511404,
-0.0507246366530186));
#3823=CARTESIAN_POINT('Ctrl Pts',(0.0849821375075853,0.0019804919718819,
-0.0504006459155718));
#3824=CARTESIAN_POINT('Ctrl Pts',(0.0849544367364358,0.00294706550356861,
-0.0502998846965543));
#3825=CARTESIAN_POINT('Ctrl Pts',(0.0849097296072146,0.0039163526436869,
-0.0502998846965543));
#3826=CARTESIAN_POINT('',(0.0847726064959051,-0.00621330732303005,-0.0584846499496616));
#3827=CARTESIAN_POINT('Ctrl Pts',(0.0847726064959052,-0.00621330732303005,
-0.0584846499496616));
#3828=CARTESIAN_POINT('Ctrl Pts',(0.0848067666439597,-0.00574723593169056,
-0.0568909864825007));
#3829=CARTESIAN_POINT('Ctrl Pts',(0.0848544259160269,-0.00507221009826432,
-0.0552972452857045));
#3830=CARTESIAN_POINT('Ctrl Pts',(0.0849274130008165,-0.00355074589835684,
-0.0532759198658736));
#3831=CARTESIAN_POINT('Ctrl Pts',(0.0849652244241551,-0.00274550224386509,
-0.0523959442242704));
#3832=CARTESIAN_POINT('Ctrl Pts',(0.084995446948691,-0.0009983185592841,
-0.0513754426159855));
#3833=CARTESIAN_POINT('Ctrl Pts',(0.0850000000011395,-0.000507765417517205,
-0.0511449161801692));
#3834=CARTESIAN_POINT('Ctrl Pts',(0.085,1.90751825014624E-10,-0.0509568213237066));
#3835=CARTESIAN_POINT('',(-0.838943030038879,-0.00621330732303005,-0.0584846499496616));
#3836=CARTESIAN_POINT('Ctrl Pts',(-0.838943030038879,0.0100751859034508,
-0.0641572595310231));
#3837=CARTESIAN_POINT('Ctrl Pts',(0.838943030038879,0.0100751859034508,
-0.0641572595310231));
#3838=CARTESIAN_POINT('Ctrl Pts',(-0.838943030038879,0.0100751859034508,
-0.0671961575210382));
#3839=CARTESIAN_POINT('Ctrl Pts',(0.838943030038879,0.0100751859034508,
-0.0671961575210382));
#3840=CARTESIAN_POINT('Ctrl Pts',(-0.838943030038879,0.00784666071077308,
-0.0731118789416009));
#3841=CARTESIAN_POINT('Ctrl Pts',(0.838943030038879,0.00784666071077308,
-0.0731118789416009));
#3842=CARTESIAN_POINT('Ctrl Pts',(-0.838943030038879,0.00590176599716344,
-0.075542997333613));
#3843=CARTESIAN_POINT('Ctrl Pts',(0.838943030038879,0.00590176599716344,
-0.075542997333613));
#3844=CARTESIAN_POINT('',(0.0844007738650002,0.0100751859034508,-0.0641572595310231));
#3845=CARTESIAN_POINT('',(-0.838943030038879,0.0100751859034508,-0.0641572595310231));
#3846=CARTESIAN_POINT('Ctrl Pts',(0.0847948651636096,0.00590176599716344,
-0.075542997333613));
#3847=CARTESIAN_POINT('Ctrl Pts',(0.0847085561063015,0.00714182954430472,
-0.0739929178996863));
#3848=CARTESIAN_POINT('Ctrl Pts',(0.084614299253213,0.00812134009731445,
-0.0722914797297262));
#3849=CARTESIAN_POINT('Ctrl Pts',(0.084538092237105,0.00884934805003894,
-0.0704435965478039));
#3850=CARTESIAN_POINT('Ctrl Pts',(0.0845342475351616,0.00888607660514537,
-0.0703503694353479));
#3851=CARTESIAN_POINT('Ctrl Pts',(0.0845303208269616,0.00892331480308375,
-0.0702538517147399));
#3852=CARTESIAN_POINT('Ctrl Pts',(0.0845263391246639,0.00896092330711195,
-0.0701540182313195));
#3853=CARTESIAN_POINT('Ctrl Pts',(0.0844745916252095,0.00944969567033239,
-0.0688565497762253));
#3854=CARTESIAN_POINT('Ctrl Pts',(0.0844135553763766,0.00996664774032252,
-0.0670637978243889));
#3855=CARTESIAN_POINT('Ctrl Pts',(0.0844025257846454,0.0100603288135964,
-0.0648579884728009));
#3856=CARTESIAN_POINT('Ctrl Pts',(0.0844013799964191,0.0100700606942861,
-0.0646288421502448));
#3857=CARTESIAN_POINT('Ctrl Pts',(0.0844007738650002,0.0100751859034508,
-0.0643952354103768));
#3858=CARTESIAN_POINT('Ctrl Pts',(0.0844007738650002,0.0100751859034508,
-0.0641572595310231));
#3859=CARTESIAN_POINT('Ctrl Pts',(-0.838943030038879,-0.00621330732303005,
-0.0584846499496616));
#3860=CARTESIAN_POINT('Ctrl Pts',(0.838943030038879,-0.00621330732303005,
-0.0584846499496616));
#3861=CARTESIAN_POINT('Ctrl Pts',(-0.838943030038879,-0.0066590123615656,
-0.0601459141842032));
#3862=CARTESIAN_POINT('Ctrl Pts',(0.838943030038879,-0.0066590123615656,
-0.0601459141842032));
#3863=CARTESIAN_POINT('Ctrl Pts',(-0.838943030038879,-0.00746938515890295,
-0.0640357036114225));
#3864=CARTESIAN_POINT('Ctrl Pts',(0.838943030038879,-0.00746938515890295,
-0.0640357036114225));
#3865=CARTESIAN_POINT('Ctrl Pts',(-0.838943030038879,-0.00775301563797103,
-0.0652512628074285));
#3866=CARTESIAN_POINT('Ctrl Pts',(0.838943030038879,-0.00775301563797103,
-0.0652512628074285));
#3867=CARTESIAN_POINT('',(0.0846456776717948,-0.00775301563797103,-0.0652512628074285));
#3868=CARTESIAN_POINT('Ctrl Pts',(0.0846456776717948,-0.00775301563797103,
-0.0652512628074285));
#3869=CARTESIAN_POINT('Ctrl Pts',(0.0846666501377658,-0.00752404298043186,
-0.0642699514179749));
#3870=CARTESIAN_POINT('Ctrl Pts',(0.0846887253639943,-0.00727061003460153,
-0.0630813780408147));
#3871=CARTESIAN_POINT('Ctrl Pts',(0.0847057576296686,-0.00706644354564859,
-0.0621015827475941));
#3872=CARTESIAN_POINT('Ctrl Pts',(0.0847140480887476,-0.00696706546205621,
-0.0616246671722102));
#3873=CARTESIAN_POINT('Ctrl Pts',(0.0847400811386613,-0.00665707409126031,
-0.0601386897221562));
#3874=CARTESIAN_POINT('Ctrl Pts',(0.084772606495905,-0.00621330732303005,
-0.0584846499496616));
#3875=CARTESIAN_POINT('',(-0.838943030038879,-0.00775301563797103,-0.0652512628074285));
#3876=CARTESIAN_POINT('Ctrl Pts',(-0.838943030038879,0.00480776272075801,
-0.0567423484353863));
#3877=CARTESIAN_POINT('Ctrl Pts',(0.838943030038879,0.00480776272075801,
-0.0567423484353863));
#3878=CARTESIAN_POINT('Ctrl Pts',(-0.838943030038879,0.0074414743121044,
-0.0567423484353863));
#3879=CARTESIAN_POINT('Ctrl Pts',(0.838943030038879,0.0074414743121044,
-0.0567423484353863));
#3880=CARTESIAN_POINT('Ctrl Pts',(-0.838943030038879,0.0100751859034508,
-0.0610373242612743));
#3881=CARTESIAN_POINT('Ctrl Pts',(0.838943030038879,0.0100751859034508,
-0.0610373242612743));
#3882=CARTESIAN_POINT('Ctrl Pts',(-0.838943030038879,0.0100751859034508,
-0.0641572595310231));
#3883=CARTESIAN_POINT('Ctrl Pts',(0.838943030038879,0.0100751859034508,
-0.0641572595310231));
#3884=CARTESIAN_POINT('',(0.0848639229450353,0.00480776272075801,-0.0567423484353863));
#3885=CARTESIAN_POINT('',(-0.838943030038879,0.00480776272075801,-0.0567423484353863));
#3886=CARTESIAN_POINT('Ctrl Pts',(0.0844007738650003,0.0100751859034508,
-0.0641572595310231));
#3887=CARTESIAN_POINT('Ctrl Pts',(0.0844007738650003,0.0100751859034508,
-0.0627791078870436));
#3888=CARTESIAN_POINT('Ctrl Pts',(0.0844251030825939,0.0098826349157174,
-0.0613946599345385));
#3889=CARTESIAN_POINT('Ctrl Pts',(0.0844818058784227,0.00937147136369155,
-0.0601154566105502));
#3890=CARTESIAN_POINT('Ctrl Pts',(0.0844946316779768,0.00925584952949833,
-0.0598261092303635));
#3891=CARTESIAN_POINT('Ctrl Pts',(0.0845167265411301,0.00906102398658895,
-0.059383460212238));
#3892=CARTESIAN_POINT('Ctrl Pts',(0.084547906787369,0.00875833010777761,
-0.0588898363483303));
#3893=CARTESIAN_POINT('Ctrl Pts',(0.0845642917254394,0.00859926720556008,
-0.0586304414616371));
#3894=CARTESIAN_POINT('Ctrl Pts',(0.0845831855081659,0.00841034796423376,
-0.0583700768899647));
#3895=CARTESIAN_POINT('Ctrl Pts',(0.0846045614817647,0.00818951625497753,
-0.0581283081298995));
#3896=CARTESIAN_POINT('Ctrl Pts',(0.0846406674382247,0.00781651148667784,
-0.0577199387855064));
#3897=CARTESIAN_POINT('Ctrl Pts',(0.084680340330379,0.00738194900020522,
-0.0573949970843619));
#3898=CARTESIAN_POINT('Ctrl Pts',(0.0847210722454749,0.00688040097501569,
-0.0571626788184367));
#3899=CARTESIAN_POINT('Ctrl Pts',(0.0847462672910497,0.00657016451000096,
-0.0570189765327946));
#3900=CARTESIAN_POINT('Ctrl Pts',(0.0847709067758142,0.00624549886298885,
-0.0569159034773241));
#3901=CARTESIAN_POINT('Ctrl Pts',(0.0847942694664702,0.00591031857412379,
-0.0568477962819072));
#3902=CARTESIAN_POINT('Ctrl Pts',(0.0848195322039379,0.00554787865799537,
-0.0567741500472845));
#3903=CARTESIAN_POINT('Ctrl Pts',(0.0848429560759671,0.00517785809866141,
-0.0567423484353863));
#3904=CARTESIAN_POINT('Ctrl Pts',(0.0848639229450354,0.00480776272075801,
-0.0567423484353863));
#3905=CARTESIAN_POINT('Ctrl Pts',(-0.838943030038879,-0.00775301563797103,
-0.0652512628074285));
#3906=CARTESIAN_POINT('Ctrl Pts',(0.838943030038879,-0.00775301563797103,
-0.0652512628074285));
#3907=CARTESIAN_POINT('Ctrl Pts',(-0.838943030038879,-0.00852286979544151,
-0.0683711980771773));
#3908=CARTESIAN_POINT('Ctrl Pts',(0.838943030038879,-0.00852286979544151,
-0.0683711980771773));
#3909=CARTESIAN_POINT('Ctrl Pts',(-0.838943030038879,-0.010832432267853,
-0.0708023164691894));
#3910=CARTESIAN_POINT('Ctrl Pts',(0.838943030038879,-0.010832432267853,
-0.0708023164691894));
#3911=CARTESIAN_POINT('Ctrl Pts',(-0.838943030038879,-0.0130609574605307,
-0.0708023164691894));
#3912=CARTESIAN_POINT('Ctrl Pts',(0.838943030038879,-0.0130609574605307,
-0.0708023164691894));
#3913=CARTESIAN_POINT('',(0.0839905434570714,-0.0130609574605307,-0.0708023164691894));
#3914=CARTESIAN_POINT('Ctrl Pts',(0.0839905434570715,-0.0130609574605307,
-0.0708023164691894));
#3915=CARTESIAN_POINT('Ctrl Pts',(0.0840960602760773,-0.0123824149418106,
-0.0708023164691894));
#3916=CARTESIAN_POINT('Ctrl Pts',(0.0841954145959918,-0.0116853418812451,
-0.0707178576333375));
#3917=CARTESIAN_POINT('Ctrl Pts',(0.0842791405910842,-0.0110465587957633,
-0.0704784974101349));
#3918=CARTESIAN_POINT('Ctrl Pts',(0.0843388790668701,-0.010590787229926,
-0.0703077139529525));
#3919=CARTESIAN_POINT('Ctrl Pts',(0.0843892839605309,-0.0101773101784752,
-0.0700628675799688));
#3920=CARTESIAN_POINT('Ctrl Pts',(0.0844307634072555,-0.00982070213724434,
-0.069728821669655));
#3921=CARTESIAN_POINT('Ctrl Pts',(0.0844359033416239,-0.00977651297678295,
-0.0696874283003934));
#3922=CARTESIAN_POINT('Ctrl Pts',(0.0844414544845732,-0.00972844786681798,
-0.0696402276259947));
#3923=CARTESIAN_POINT('Ctrl Pts',(0.0844473424667973,-0.00967765103164724,
-0.0695867572731834));
#3924=CARTESIAN_POINT('Ctrl Pts',(0.0844709177282142,-0.00947426239650504,
-0.0693726639730337));
#3925=CARTESIAN_POINT('Ctrl Pts',(0.0844998931017573,-0.00921126683293054,
-0.0690412606046513));
#3926=CARTESIAN_POINT('Ctrl Pts',(0.0845294947919175,-0.00893109792939722,
-0.0685294578826324));
#3927=CARTESIAN_POINT('Ctrl Pts',(0.0845831630687372,-0.00842314780257357,
-0.0676015524146109));
#3928=CARTESIAN_POINT('Ctrl Pts',(0.0846191381703979,-0.00804276793381207,
-0.0664255221116264));
#3929=CARTESIAN_POINT('Ctrl Pts',(0.0846456776717947,-0.00775301563797103,
-0.0652512628074285));
#3930=CARTESIAN_POINT('',(-0.838943030038879,-0.0130609574605307,-0.0708023164691894));
#3931=CARTESIAN_POINT('Ctrl Pts',(-0.838943030038879,-0.000621735021402288,
-0.0621313275376797));
#3932=CARTESIAN_POINT('Ctrl Pts',(0.838943030038879,-0.000621735021402288,
-0.0621313275376797));
#3933=CARTESIAN_POINT('Ctrl Pts',(-0.838943030038879,0.000107600496201342,
-0.0592950227469989));
#3934=CARTESIAN_POINT('Ctrl Pts',(0.838943030038879,0.000107600496201342,
-0.0592950227469989));
#3935=CARTESIAN_POINT('Ctrl Pts',(-0.838943030038879,0.0024171629686128,
-0.0567423484353863));
#3936=CARTESIAN_POINT('Ctrl Pts',(0.838943030038879,0.0024171629686128,
-0.0567423484353863));
#3937=CARTESIAN_POINT('Ctrl Pts',(-0.838943030038879,0.00480776272075801,
-0.0567423484353863));
#3938=CARTESIAN_POINT('Ctrl Pts',(0.838943030038879,0.00480776272075801,
-0.0567423484353863));
#3939=CARTESIAN_POINT('',(0.0849977261199566,-0.000621735021402288,-0.0621313275376797));
#3940=CARTESIAN_POINT('',(-0.838943030038879,-0.000621735021402288,-0.0621313275376797));
#3941=CARTESIAN_POINT('',(0.085,9.43662719151479E-13,-0.06018590301229));
#3942=CARTESIAN_POINT('Ctrl Pts',(0.085,1.53938362426259E-12,-0.0601859030131627));
#3943=CARTESIAN_POINT('Ctrl Pts',(0.0850000472675493,-0.000245753389105497,
-0.060802260932287));
#3944=CARTESIAN_POINT('Ctrl Pts',(0.0849989810807761,-0.000450168658955818,
-0.0614641250170545));
#3945=CARTESIAN_POINT('Ctrl Pts',(0.0849977261199567,-0.000621735021402288,
-0.0621313275376797));
#3946=CARTESIAN_POINT('Ctrl Pts',(0.0848639229450353,0.00480776272075801,
-0.0567423484353863));
#3947=CARTESIAN_POINT('Ctrl Pts',(0.0849043731862571,0.00409375781795076,
-0.0567423484353863));
#3948=CARTESIAN_POINT('Ctrl Pts',(0.0849364438696441,0.0033542066304411,
-0.0568276570262057));
#3949=CARTESIAN_POINT('Ctrl Pts',(0.0849576273238546,0.00268357215312851,
-0.0570769990474701));
#3950=CARTESIAN_POINT('Ctrl Pts',(0.084971932951125,0.0022306787405751,
-0.0572453849010514));
#3951=CARTESIAN_POINT('Ctrl Pts',(0.0849812987164404,0.00181774716022765,
-0.0574853307200966));
#3952=CARTESIAN_POINT('Ctrl Pts',(0.0849873953852971,0.00146377102826291,
-0.0578145065348222));
#3953=CARTESIAN_POINT('Ctrl Pts',(0.0849886118175938,0.00139314426316939,
-0.0578801850392232));
#3954=CARTESIAN_POINT('Ctrl Pts',(0.0849896958717089,0.00132594023198448,
-0.0579484367232386));
#3955=CARTESIAN_POINT('Ctrl Pts',(0.084990664763249,0.00126238173240707,
-0.0580186855911926));
#3956=CARTESIAN_POINT('Ctrl Pts',(0.0849944030021973,0.00101715628789629,
-0.0582897242403887));
#3957=CARTESIAN_POINT('Ctrl Pts',(0.0849964269082679,0.000799317287677248,
-0.0586024429405581));
#3958=CARTESIAN_POINT('Ctrl Pts',(0.0849977252577145,0.000621852887799463,
-0.0589011317432178));
#3959=CARTESIAN_POINT('Ctrl Pts',(0.0849994274695976,0.000389186704517685,
-0.0592927301919866));
#3960=CARTESIAN_POINT('Ctrl Pts',(0.0850000164191907,0.000183109130969618,
-0.0597266590463058));
#3961=CARTESIAN_POINT('Ctrl Pts',(0.085,1.53938363792183E-12,-0.0601859030131627));
#3962=CARTESIAN_POINT('Ctrl Pts',(-0.838943030038879,-0.0130609574605307,
-0.0708023164691894));
#3963=CARTESIAN_POINT('Ctrl Pts',(0.838943030038879,-0.0130609574605307,
-0.0708023164691894));
#3964=CARTESIAN_POINT('Ctrl Pts',(-0.838943030038879,-0.0148437776146729,
-0.0708023164691894));
#3965=CARTESIAN_POINT('Ctrl Pts',(0.838943030038879,-0.0148437776146729,
-0.0708023164691894));
#3966=CARTESIAN_POINT('Ctrl Pts',(-0.838943030038879,-0.0165860791289482,
-0.0697488318326508));
#3967=CARTESIAN_POINT('Ctrl Pts',(0.838943030038879,-0.0165860791289482,
-0.0697488318326508));
#3968=CARTESIAN_POINT('Ctrl Pts',(-0.838943030038879,-0.0173559332864187,
-0.0685737912765117));
#3969=CARTESIAN_POINT('Ctrl Pts',(0.838943030038879,-0.0173559332864187,
-0.0685737912765117));
#3970=CARTESIAN_POINT('',(0.0832092036962101,-0.0173559332864187,-0.0685737912765117));
#3971=CARTESIAN_POINT('Ctrl Pts',(0.08320920369621,-0.0173559332864187,
-0.0685737912765117));
#3972=CARTESIAN_POINT('Ctrl Pts',(0.0832914614586544,-0.0169615665417515,
-0.0691757194657405));
#3973=CARTESIAN_POINT('Ctrl Pts',(0.0833908473679624,-0.016472091322639,
-0.0697648469525415));
#3974=CARTESIAN_POINT('Ctrl Pts',(0.0835034414523342,-0.0158800272549072,
-0.0701693045097257));
#3975=CARTESIAN_POINT('Ctrl Pts',(0.0835131562234367,-0.0158289431599649,
-0.0702042016591685));
#3976=CARTESIAN_POINT('Ctrl Pts',(0.0835236451681601,-0.0157738981068978,
-0.0702399180320301));
#3977=CARTESIAN_POINT('Ctrl Pts',(0.0835351183686953,-0.0157149283718105,
-0.0702755741509201));
#3978=CARTESIAN_POINT('Ctrl Pts',(0.0835777564034397,-0.015495778222224,
-0.0704080835436934));
#3979=CARTESIAN_POINT('Ctrl Pts',(0.0836339879972076,-0.0151846146758269,
-0.0705458487757009));
#3980=CARTESIAN_POINT('Ctrl Pts',(0.0837145958375916,-0.0147263859703821,
-0.0706474306997664));
#3981=CARTESIAN_POINT('Ctrl Pts',(0.0838081919234484,-0.0141943234184947,
-0.0707653803984686));
#3982=CARTESIAN_POINT('Ctrl Pts',(0.0839056639607554,-0.0136067884262539,
-0.0708023164691894));
#3983=CARTESIAN_POINT('Ctrl Pts',(0.0839905434570715,-0.0130609574605307,
-0.0708023164691894));
#3984=CARTESIAN_POINT('',(-0.838943030038879,-0.0173559332864187,-0.0685737912765117));
#3985=CARTESIAN_POINT('Ctrl Pts',(-0.838943030038879,-0.00216144333634327,
-0.0688979403954466));
#3986=CARTESIAN_POINT('Ctrl Pts',(0.838943030038879,-0.00216144333634327,
-0.0688979403954466));
#3987=CARTESIAN_POINT('Ctrl Pts',(-0.838943030038879,-0.00171573829780772,
-0.0669935643217038));
#3988=CARTESIAN_POINT('Ctrl Pts',(0.838943030038879,-0.00171573829780772,
-0.0669935643217038));
#3989=CARTESIAN_POINT('Ctrl Pts',(-0.838943030038879,-0.000986402780204092,
-0.0635089612931532));
#3990=CARTESIAN_POINT('Ctrl Pts',(0.838943030038879,-0.000986402780204092,
-0.0635089612931532));
#3991=CARTESIAN_POINT('Ctrl Pts',(-0.838943030038879,-0.000621735021402288,
-0.0621313275376797));
#3992=CARTESIAN_POINT('Ctrl Pts',(0.838943030038879,-0.000621735021402288,
-0.0621313275376797));
#3993=CARTESIAN_POINT('',(0.0849725141601905,-0.00216144333634327,-0.0688979403954466));
#3994=CARTESIAN_POINT('',(-0.838943030038879,-0.00216144333634327,-0.0688979403954466));
#3995=CARTESIAN_POINT('Ctrl Pts',(0.0849977261199567,-0.000621735021402288,
-0.0621313275376797));
#3996=CARTESIAN_POINT('Ctrl Pts',(0.0849957565575585,-0.000890994946503395,
-0.0631485316991728));
#3997=CARTESIAN_POINT('Ctrl Pts',(0.0849926857201881,-0.0011356779561291,
-0.0642221754237051));
#3998=CARTESIAN_POINT('Ctrl Pts',(0.0849892622899426,-0.00135103494081542,
-0.0652510927280538));
#3999=CARTESIAN_POINT('Ctrl Pts',(0.0849852068688631,-0.00160614843595951,
-0.0664699558641113));
#4000=CARTESIAN_POINT('Ctrl Pts',(0.0849797325518905,-0.00187766773110897,
-0.0676854446276273));
#4001=CARTESIAN_POINT('Ctrl Pts',(0.0849725141601904,-0.00216144333634327,
-0.0688979403954466));
#4002=CARTESIAN_POINT('Ctrl Pts',(-0.838943030038879,-0.0173559332864187,
-0.0685737912765117));
#4003=CARTESIAN_POINT('Ctrl Pts',(0.838943030038879,-0.0173559332864187,
-0.0685737912765117));
#4004=CARTESIAN_POINT('Ctrl Pts',(-0.838943030038879,-0.0179231942445548,
-0.0677634184791743));
#4005=CARTESIAN_POINT('Ctrl Pts',(0.838943030038879,-0.0179231942445548,
-0.0677634184791743));
#4006=CARTESIAN_POINT('Ctrl Pts',(-0.838943030038879,-0.0186120111222916,
-0.0643193340904905));
#4007=CARTESIAN_POINT('Ctrl Pts',(0.838943030038879,-0.0186120111222916,
-0.0643193340904905));
#4008=CARTESIAN_POINT('Ctrl Pts',(-0.838943030038879,-0.0186120111222916,
-0.0628201444154164));
#4009=CARTESIAN_POINT('Ctrl Pts',(0.838943030038879,-0.0186120111222916,
-0.0628201444154164));
#4010=CARTESIAN_POINT('',(0.0829372837871104,-0.0186120111222916,-0.0628201444154164));
#4011=CARTESIAN_POINT('Ctrl Pts',(0.0829372837871105,-0.0186120111222916,
-0.0628201444154164));
#4012=CARTESIAN_POINT('Ctrl Pts',(0.0829372837871105,-0.0186120111222916,
-0.0638949974796562));
#4013=CARTESIAN_POINT('Ctrl Pts',(0.0829672556396974,-0.0184791987737231,
-0.0649814437713112));
#4014=CARTESIAN_POINT('Ctrl Pts',(0.0830135009482467,-0.0182690629293196,
-0.0660340683034947));
#4015=CARTESIAN_POINT('Ctrl Pts',(0.0830268813026631,-0.0182082634198795,
-0.0663386286956689));
#4016=CARTESIAN_POINT('Ctrl Pts',(0.0830551196916428,-0.0180802275821133,
-0.0669448608869996));
#4017=CARTESIAN_POINT('Ctrl Pts',(0.0831009494565426,-0.017867070252868,
-0.0675366421020725));
#4018=CARTESIAN_POINT('Ctrl Pts',(0.0831284789885301,-0.0177390285418387,
-0.0678921198123686));
#4019=CARTESIAN_POINT('Ctrl Pts',(0.0831641021674514,-0.0175721626433502,
-0.0682648921951809));
#4020=CARTESIAN_POINT('Ctrl Pts',(0.0832092036962099,-0.0173559332864187,
-0.0685737912765117));
#4021=CARTESIAN_POINT('',(-0.838943030038879,-0.0186120111222916,-0.0628201444154164));
#4022=CARTESIAN_POINT('Ctrl Pts',(-0.838943030038879,-0.0122100660233265,
-0.0772447802080214));
#4023=CARTESIAN_POINT('Ctrl Pts',(0.838943030038879,-0.0122100660233265,
-0.0772447802080214));
#4024=CARTESIAN_POINT('Ctrl Pts',(-0.838943030038879,-0.00803664611703909,
-0.0772447802080214));
#4025=CARTESIAN_POINT('Ctrl Pts',(0.838943030038879,-0.00803664611703909,
-0.0772447802080214));
#4026=CARTESIAN_POINT('Ctrl Pts',(-0.838943030038879,-0.00321492797288183,
-0.0730308416618671));
#4027=CARTESIAN_POINT('Ctrl Pts',(0.838943030038879,-0.00321492797288183,
-0.0730308416618671));
#4028=CARTESIAN_POINT('Ctrl Pts',(-0.838943030038879,-0.00216144333634327,
-0.0688979403954466));
#4029=CARTESIAN_POINT('Ctrl Pts',(0.838943030038879,-0.00216144333634327,
-0.0688979403954466));
#4030=CARTESIAN_POINT('',(0.0841184539070114,-0.0122100660233265,-0.0772447802080214));
#4031=CARTESIAN_POINT('',(-0.838943030038879,-0.0122100660233265,-0.0772447802080214));
#4032=CARTESIAN_POINT('Ctrl Pts',(0.0849725141601906,-0.00216144333634327,
-0.0688979403954466));
#4033=CARTESIAN_POINT('Ctrl Pts',(0.0849618818221931,-0.00257943092632287,
-0.0705377378638281));
#4034=CARTESIAN_POINT('Ctrl Pts',(0.0849448081850149,-0.00321628242843402,
-0.0721678873355143));
#4035=CARTESIAN_POINT('Ctrl Pts',(0.0848963013341547,-0.00419738249155402,
-0.0735476611448554));
#4036=CARTESIAN_POINT('Ctrl Pts',(0.0848718902305314,-0.00469112172386756,
-0.0742420331941487));
#4037=CARTESIAN_POINT('Ctrl Pts',(0.0848417884620477,-0.00519086462499604,
-0.0747577106687569));
#4038=CARTESIAN_POINT('Ctrl Pts',(0.0848129044616101,-0.00562578704496046,
-0.0751378109349443));
#4039=CARTESIAN_POINT('Ctrl Pts',(0.0847878974985144,-0.00600233076261476,
-0.0754668911587766));
#4040=CARTESIAN_POINT('Ctrl Pts',(0.0847638033273545,-0.00633687835081238,
-0.0756938974966313));
#4041=CARTESIAN_POINT('Ctrl Pts',(0.0847451051714748,-0.00657777694024831,
-0.0758450579281576));
#4042=CARTESIAN_POINT('Ctrl Pts',(0.0846790350122169,-0.00742899501070913,
-0.0763791851356066));
#4043=CARTESIAN_POINT('Ctrl Pts',(0.084593152802771,-0.008364507384988,
-0.076733140672145));
#4044=CARTESIAN_POINT('Ctrl Pts',(0.0844851083957721,-0.00934165185364139,
-0.0769515801646568));
#4045=CARTESIAN_POINT('Ctrl Pts',(0.0843812356810692,-0.0102810678903903,
-0.0771615855107522));
#4046=CARTESIAN_POINT('Ctrl Pts',(0.0842575338778796,-0.0112519064116984,
-0.0772447802080214));
#4047=CARTESIAN_POINT('Ctrl Pts',(0.0841184539070115,-0.0122100660233265,
-0.0772447802080214));
#4048=CARTESIAN_POINT('Ctrl Pts',(-0.838943030038879,-0.0186120111222916,
-0.0628201444154164));
#4049=CARTESIAN_POINT('Ctrl Pts',(0.838943030038879,-0.0186120111222916,
-0.0628201444154164));
#4050=CARTESIAN_POINT('Ctrl Pts',(-0.838943030038879,-0.0186120111222916,
-0.0607536937822062));
#4051=CARTESIAN_POINT('Ctrl Pts',(0.838943030038879,-0.0186120111222916,
-0.0607536937822062));
#4052=CARTESIAN_POINT('Ctrl Pts',(-0.838943030038879,-0.0174774892060193,
-0.0568639043549869));
#4053=CARTESIAN_POINT('Ctrl Pts',(0.838943030038879,-0.0174774892060193,
-0.0568639043549869));
#4054=CARTESIAN_POINT('Ctrl Pts',(-0.838943030038879,-0.0167076350485488,
-0.055283677400179));
#4055=CARTESIAN_POINT('Ctrl Pts',(0.838943030038879,-0.0167076350485488,
-0.055283677400179));
#4056=CARTESIAN_POINT('',(0.0833417958234912,-0.0167076350485488,-0.055283677400179));
#4057=CARTESIAN_POINT('Ctrl Pts',(0.0833417958234911,-0.0167076350485488,
-0.055283677400179));
#4058=CARTESIAN_POINT('Ctrl Pts',(0.083238276113394,-0.0172240168415168,
-0.0563436189752185));
#4059=CARTESIAN_POINT('Ctrl Pts',(0.0831498469583123,-0.0176415400188267,
-0.0574639640691138));
#4060=CARTESIAN_POINT('Ctrl Pts',(0.0830762652607128,-0.01798149466345,
-0.0585951519853264));
#4061=CARTESIAN_POINT('Ctrl Pts',(0.0830719832633277,-0.0180012779104641,
-0.0586609800901034));
#4062=CARTESIAN_POINT('Ctrl Pts',(0.083067397730291,-0.0180224071310308,
-0.0587321943835977));
#4063=CARTESIAN_POINT('Ctrl Pts',(0.0830625935970828,-0.0180447501641555,
-0.0588087990685965));
#4064=CARTESIAN_POINT('Ctrl Pts',(0.0830196987558791,-0.0182442452273358,
-0.0594927821423576));
#4065=CARTESIAN_POINT('Ctrl Pts',(0.0829593765970975,-0.0185126371898926,
-0.0605827634367681));
#4066=CARTESIAN_POINT('Ctrl Pts',(0.0829420858779665,-0.0185904196776568,
-0.0620184567206785));
#4067=CARTESIAN_POINT('Ctrl Pts',(0.0829389991403643,-0.0186043054002777,
-0.062274756554768));
#4068=CARTESIAN_POINT('Ctrl Pts',(0.0829372837871105,-0.0186120111222916,
-0.0625420965934686));
#4069=CARTESIAN_POINT('Ctrl Pts',(0.0829372837871105,-0.0186120111222916,
-0.0628201444154164));
#4070=CARTESIAN_POINT('',(-0.838943030038879,-0.0167076350485488,-0.055283677400179));
#4071=CARTESIAN_POINT('Ctrl Pts',(-0.838943030038879,-0.0205163871960344,
-0.0734765467004027));
#4072=CARTESIAN_POINT('Ctrl Pts',(0.838943030038879,-0.0205163871960344,
-0.0734765467004027));
#4073=CARTESIAN_POINT('Ctrl Pts',(-0.838943030038879,-0.0189361602412265,
-0.0753404041342786));
#4074=CARTESIAN_POINT('Ctrl Pts',(0.838943030038879,-0.0189361602412265,
-0.0753404041342786));
#4075=CARTESIAN_POINT('Ctrl Pts',(-0.838943030038879,-0.0146411844153385,
-0.0772447802080214));
#4076=CARTESIAN_POINT('Ctrl Pts',(0.838943030038879,-0.0146411844153385,
-0.0772447802080214));
#4077=CARTESIAN_POINT('Ctrl Pts',(-0.838943030038879,-0.0122100660233265,
-0.0772447802080214));
#4078=CARTESIAN_POINT('Ctrl Pts',(0.838943030038879,-0.0122100660233265,
-0.0772447802080214));
#4079=CARTESIAN_POINT('',(0.0824868344429727,-0.0205163871960344,-0.0734765467004027));
#4080=CARTESIAN_POINT('',(-0.838943030038879,-0.0205163871960344,-0.0734765467004027));
#4081=CARTESIAN_POINT('Ctrl Pts',(0.0841184539070115,-0.0122100660233265,
-0.0772447802080214));
#4082=CARTESIAN_POINT('Ctrl Pts',(0.0839201961370309,-0.0135759175309233,
-0.0772447802080214));
#4083=CARTESIAN_POINT('Ctrl Pts',(0.0836941200594241,-0.0148987783646926,
-0.0770193807738725));
#4084=CARTESIAN_POINT('Ctrl Pts',(0.0832367086555933,-0.0172591688933415,
-0.0761384783960419));
#4085=CARTESIAN_POINT('Ctrl Pts',(0.0830653478054941,-0.0180385287772866,
-0.0756514581584833));
#4086=CARTESIAN_POINT('Ctrl Pts',(0.0827923242327323,-0.0192616967847071,
-0.0747906883133437));
#4087=CARTESIAN_POINT('Ctrl Pts',(0.0826338082187184,-0.0199254741180374,
-0.0741735211000915));
#4088=CARTESIAN_POINT('Ctrl Pts',(0.0824868344429728,-0.0205163871960344,
-0.0734765467004027));
#4089=CARTESIAN_POINT('Ctrl Pts',(-0.838943030038879,-0.0167076350485488,
-0.055283677400179));
#4090=CARTESIAN_POINT('Ctrl Pts',(0.838943030038879,-0.0167076350485488,
-0.055283677400179));
#4091=CARTESIAN_POINT('Ctrl Pts',(-0.838943030038879,-0.0158567436113446,
-0.05346033860617));
#4092=CARTESIAN_POINT('Ctrl Pts',(0.838943030038879,-0.0158567436113446,
-0.05346033860617));
#4093=CARTESIAN_POINT('Ctrl Pts',(-0.838943030038879,-0.0143170352964036,
-0.0512723320533591));
#4094=CARTESIAN_POINT('Ctrl Pts',(0.838943030038879,-0.0143170352964036,
-0.0512723320533591));
#4095=CARTESIAN_POINT('Ctrl Pts',(-0.838943030038879,-0.0136687370585337,
-0.0504619592560218));
#4096=CARTESIAN_POINT('Ctrl Pts',(0.838943030038879,-0.0136687370585337,
-0.0504619592560218));
#4097=CARTESIAN_POINT('',(0.0838937758550935,-0.0136687370585337,-0.0504619592560218));
#4098=CARTESIAN_POINT('Ctrl Pts',(0.0838937758550935,-0.0136687370585337,
-0.0504619592560218));
#4099=CARTESIAN_POINT('Ctrl Pts',(0.0838173537143405,-0.0141377885824045,
-0.0510482736608602));
#4100=CARTESIAN_POINT('Ctrl Pts',(0.0837365071952675,-0.014607893913335,
-0.051687649340557));
#4101=CARTESIAN_POINT('Ctrl Pts',(0.0836587305622275,-0.0150405053344825,
-0.0523005221754089));
#4102=CARTESIAN_POINT('Ctrl Pts',(0.083655943829514,-0.0150560057791845,
-0.0523224813771811));
#4103=CARTESIAN_POINT('Ctrl Pts',(0.0836531703859316,-0.0150714616707693,
-0.052344411637984));
#4104=CARTESIAN_POINT('Ctrl Pts',(0.0836504059020052,-0.0150868894538741,
-0.0523663353297645));
#4105=CARTESIAN_POINT('Ctrl Pts',(0.0836157036056689,-0.0152805529062095,
-0.0526415412883465));
#4106=CARTESIAN_POINT('Ctrl Pts',(0.0835824131302378,-0.0154674058792005,
-0.0529327119169608));
#4107=CARTESIAN_POINT('Ctrl Pts',(0.0835419706514248,-0.0156836893831175,
-0.0533031092582105));
#4108=CARTESIAN_POINT('Ctrl Pts',(0.0835067107070202,-0.0158722570611522,
-0.053626041730289));
#4109=CARTESIAN_POINT('Ctrl Pts',(0.0834660143122888,-0.0160831632643827,
-0.0540089043169518));
#4110=CARTESIAN_POINT('Ctrl Pts',(0.0834142060300955,-0.0163446528182571,
-0.0545316660884175));
#4111=CARTESIAN_POINT('Ctrl Pts',(0.0833922158766938,-0.0164556427055726,
-0.0547535536141262));
#4112=CARTESIAN_POINT('Ctrl Pts',(0.0833682238067551,-0.0165758057633846,
-0.0550011860748271));
#4113=CARTESIAN_POINT('Ctrl Pts',(0.0833417958234909,-0.0167076350485488,
-0.055283677400179));
#4114=CARTESIAN_POINT('',(-0.838943030038879,-0.0136687370585337,-0.0504619592560218));
#4115=CARTESIAN_POINT('Ctrl Pts',(-0.838943030038879,-0.0239199529448513,
-0.0625770325762152));
#4116=CARTESIAN_POINT('Ctrl Pts',(0.838943030038879,-0.0239199529448513,
-0.0625770325762152));
#4117=CARTESIAN_POINT('Ctrl Pts',(-0.838943030038879,-0.0239199529448513,
-0.0664263033635677));
#4118=CARTESIAN_POINT('Ctrl Pts',(0.838943030038879,-0.0239199529448513,
-0.0664263033635677));
#4119=CARTESIAN_POINT('Ctrl Pts',(-0.838943030038879,-0.022177651430576,
-0.0714911333469261));
#4120=CARTESIAN_POINT('Ctrl Pts',(0.838943030038879,-0.022177651430576,
-0.0714911333469261));
#4121=CARTESIAN_POINT('Ctrl Pts',(-0.838943030038879,-0.0205163871960344,
-0.0734765467004027));
#4122=CARTESIAN_POINT('Ctrl Pts',(0.838943030038879,-0.0205163871960344,
-0.0734765467004027));
#4123=CARTESIAN_POINT('',(0.0815649180169765,-0.0239199529448513,-0.0625770325762152));
#4124=CARTESIAN_POINT('',(-0.838943030038879,-0.0239199529448513,-0.0625770325762152));
#4125=CARTESIAN_POINT('Ctrl Pts',(0.0824868344429728,-0.0205163871960344,
-0.0734765467004027));
#4126=CARTESIAN_POINT('Ctrl Pts',(0.0822684634516424,-0.0213943552143269,
-0.0724272678492726));
#4127=CARTESIAN_POINT('Ctrl Pts',(0.0820779787057916,-0.0221025655466378,
-0.0712686591317568));
#4128=CARTESIAN_POINT('Ctrl Pts',(0.0819277397536665,-0.022646091469732,
-0.0700028312286707));
#4129=CARTESIAN_POINT('Ctrl Pts',(0.081884282516144,-0.0228033085882319,
-0.0696366852787093));
#4130=CARTESIAN_POINT('Ctrl Pts',(0.0818471925018533,-0.0229355352323108,
-0.0692879827604877));
#4131=CARTESIAN_POINT('Ctrl Pts',(0.0818153529408834,-0.0230488021877136,
-0.0689587183552469));
#4132=CARTESIAN_POINT('Ctrl Pts',(0.0817397818175566,-0.0233176410408523,
-0.0681772100612392));
#4133=CARTESIAN_POINT('Ctrl Pts',(0.0816937890764011,-0.0234763197599579,
-0.0674543892605798));
#4134=CARTESIAN_POINT('Ctrl Pts',(0.0816624422998521,-0.023584857803838,
-0.0668451909461644));
#4135=CARTESIAN_POINT('Ctrl Pts',(0.0815909910682569,-0.0238322573059224,
-0.0654565961800424));
#4136=CARTESIAN_POINT('Ctrl Pts',(0.0815649180169764,-0.0239199529448513,
-0.0639880342810422));
#4137=CARTESIAN_POINT('Ctrl Pts',(0.0815649180169764,-0.0239199529448513,
-0.0625770325762152));
#4138=CARTESIAN_POINT('Origin',(-0.838943030038879,-0.0136687370585337,
-0.0501378101370868));
#4139=CARTESIAN_POINT('',(0.0838937758550935,-0.0136687370585337,-0.0501378101370868));
#4140=CARTESIAN_POINT('',(0.0838937758550935,-0.0136687370585337,0.));
#4141=CARTESIAN_POINT('',(-0.838943030038879,-0.0136687370585337,-0.0501378101370868));
#4142=CARTESIAN_POINT('Ctrl Pts',(-0.838943030038879,-0.0207594990352356,
-0.0501378101370868));
#4143=CARTESIAN_POINT('Ctrl Pts',(0.838943030038879,-0.0207594990352356,
-0.0501378101370868));
#4144=CARTESIAN_POINT('Ctrl Pts',(-0.838943030038879,-0.0218940209515079,
-0.0522852980500308));
#4145=CARTESIAN_POINT('Ctrl Pts',(0.838943030038879,-0.0218940209515079,
-0.0522852980500308));
#4146=CARTESIAN_POINT('Ctrl Pts',(-0.838943030038879,-0.0239199529448513,
-0.0588087990685965));
#4147=CARTESIAN_POINT('Ctrl Pts',(0.838943030038879,-0.0239199529448513,
-0.0588087990685965));
#4148=CARTESIAN_POINT('Ctrl Pts',(-0.838943030038879,-0.0239199529448513,
-0.0625770325762152));
#4149=CARTESIAN_POINT('Ctrl Pts',(0.838943030038879,-0.0239199529448513,
-0.0625770325762152));
#4150=CARTESIAN_POINT('',(0.0824259861924991,-0.0207594990352356,-0.0501378101370868));
#4151=CARTESIAN_POINT('',(-0.838943030038879,-0.0207594990352356,-0.0501378101370868));
#4152=CARTESIAN_POINT('Ctrl Pts',(0.0815649180169766,-0.0239199529448513,
-0.0625770325762152));
#4153=CARTESIAN_POINT('Ctrl Pts',(0.0815649180169766,-0.0239199529448513,
-0.0606523883759743));
#4154=CARTESIAN_POINT('Ctrl Pts',(0.0816240319965708,-0.0237220540838311,
-0.058742576288898));
#4155=CARTESIAN_POINT('Ctrl Pts',(0.0817519995889811,-0.0232725280793304,
-0.0568756339469129));
#4156=CARTESIAN_POINT('Ctrl Pts',(0.0817805911557917,-0.0231720913003871,
-0.0564585064094079));
#4157=CARTESIAN_POINT('Ctrl Pts',(0.081814369004929,-0.0230516665324541,
-0.0560129168206774));
#4158=CARTESIAN_POINT('Ctrl Pts',(0.0818522370242872,-0.0229069869481796,
-0.0555470485593137));
#4159=CARTESIAN_POINT('Ctrl Pts',(0.0819440103472033,-0.0225563552956139,
-0.0544180146380522));
#4160=CARTESIAN_POINT('Ctrl Pts',(0.082059806773778,-0.0221432630049738,
-0.0532277752100609));
#4161=CARTESIAN_POINT('Ctrl Pts',(0.0821840240776862,-0.0216833530584841,
-0.0521196813457644));
#4162=CARTESIAN_POINT('Ctrl Pts',(0.0822626241072307,-0.0213923393732363,
-0.0514185213001711));
#4163=CARTESIAN_POINT('Ctrl Pts',(0.0823445957563145,-0.0210826613118272,
-0.0507495101606353));
#4164=CARTESIAN_POINT('Ctrl Pts',(0.0824259861924989,-0.0207594990352356,
-0.0501378101370868));
#4165=CARTESIAN_POINT('Origin',(-0.838943030038879,-0.0207594990352356,
-0.0501378101370868));
#4166=CARTESIAN_POINT('Origin',(0.,0.,-0.0501378101370868));
#4167=CARTESIAN_POINT('Origin',(0.,0.,0.));
#4168=CARTESIAN_POINT('',(0.0843965021624574,-0.0211241667940374,0.0781847223212836));
#4169=CARTESIAN_POINT('',(0.083693268633895,-0.0237578783853838,0.068865435151904));
#4170=CARTESIAN_POINT('Ctrl Pts',(0.0843965021624573,-0.0211241667940374,
0.0781847223212836));
#4171=CARTESIAN_POINT('Ctrl Pts',(0.0841708382488768,-0.0220257524118834,
0.0766820796248736));
#4172=CARTESIAN_POINT('Ctrl Pts',(0.0840321243778618,-0.0225357752527994,
0.075470623496562));
#4173=CARTESIAN_POINT('Ctrl Pts',(0.0839474459472516,-0.0228448418913241,
0.074609656848437));
#4174=CARTESIAN_POINT('Ctrl Pts',(0.0839164663574471,-0.0229579138698049,
0.0742946723429138));
#4175=CARTESIAN_POINT('Ctrl Pts',(0.0838927192006691,-0.0230437913950152,
0.0740266344583139));
#4176=CARTESIAN_POINT('Ctrl Pts',(0.0838745927287021,-0.0231095801475139,
0.0738087092156618));
#4177=CARTESIAN_POINT('Ctrl Pts',(0.0838661941154562,-0.0231400623223779,
0.0737077370114247));
#4178=CARTESIAN_POINT('Ctrl Pts',(0.0838581291065238,-0.0231692934435842,
0.0736062732809535));
#4179=CARTESIAN_POINT('Ctrl Pts',(0.0838503893179233,-0.0231973090114368,
0.0735043612911135));
#4180=CARTESIAN_POINT('Ctrl Pts',(0.0837368130881079,-0.0236084187635346,
0.0720088708873761));
#4181=CARTESIAN_POINT('Ctrl Pts',(0.0836932686338949,-0.0237578783853838,
0.0704169582041337));
#4182=CARTESIAN_POINT('Ctrl Pts',(0.0836932686338949,-0.0237578783853838,
0.068865435151904));
#4183=CARTESIAN_POINT('',(0.0869390710058,-0.00325544661274868,0.0530631656038255));
#4184=CARTESIAN_POINT('Ctrl Pts',(0.083693268633895,-0.0237578783853838,
0.068865435151904));
#4185=CARTESIAN_POINT('Ctrl Pts',(0.083693268633895,-0.0237578783853838,
0.0678711206429826));
#4186=CARTESIAN_POINT('Ctrl Pts',(0.0837183614012474,-0.0236701467942353,
0.066883044393723));
#4187=CARTESIAN_POINT('Ctrl Pts',(0.0838241198626258,-0.0232927857009724,
0.064971629027222));
#4188=CARTESIAN_POINT('Ctrl Pts',(0.083901650772614,-0.0230144567178591,
0.0640653406073864));
#4189=CARTESIAN_POINT('Ctrl Pts',(0.0842070422045519,-0.0218812231666414,
0.0614372525624942));
#4190=CARTESIAN_POINT('Ctrl Pts',(0.0844952418120061,-0.0207727805127913,
0.0599190573960225));
#4191=CARTESIAN_POINT('Ctrl Pts',(0.0851164002405221,-0.0180587919322474,
0.0572950414648142));
#4192=CARTESIAN_POINT('Ctrl Pts',(0.0855418368441029,-0.0161198894344311,
0.0558225834485584));
#4193=CARTESIAN_POINT('Ctrl Pts',(0.0864323008127565,-0.0103546924964874,
0.0535938182863062));
#4194=CARTESIAN_POINT('Ctrl Pts',(0.0867989502549887,-0.00699747323867227,
0.0530631656038255));
#4195=CARTESIAN_POINT('Ctrl Pts',(0.0869390710058001,-0.00325544661274868,
0.0530631656038255));
#4196=CARTESIAN_POINT('',(0.0855999222307098,0.015545202285478,0.06671794723896));
#4197=CARTESIAN_POINT('Ctrl Pts',(0.0869390710058001,-0.00325544661274868,
0.0530631656038255));
#4198=CARTESIAN_POINT('Ctrl Pts',(0.0870181041716556,-0.00114480840070822,
0.0530631656038255));
#4199=CARTESIAN_POINT('Ctrl Pts',(0.0870189539541761,0.000988634041837842,
0.0532254790059201));
#4200=CARTESIAN_POINT('Ctrl Pts',(0.0868830471353437,0.00485640350242504,
0.0540001591996304));
#4201=CARTESIAN_POINT('Ctrl Pts',(0.0867639384983892,0.006612903122725,
0.0545537949527158));
#4202=CARTESIAN_POINT('Ctrl Pts',(0.0864919217791589,0.009467767365276,
0.0559718533658495));
#4203=CARTESIAN_POINT('Ctrl Pts',(0.0863140265384846,0.0109855303988084,
0.0568941766491461));
#4204=CARTESIAN_POINT('Ctrl Pts',(0.0859803221173142,0.0133200192836156,
0.0592985412511103));
#4205=CARTESIAN_POINT('Ctrl Pts',(0.0858501536991183,0.0141087872727957,
0.0604851515497797));
#4206=CARTESIAN_POINT('Ctrl Pts',(0.0856491566902587,0.0152849850045648,
0.0633856625934674));
#4207=CARTESIAN_POINT('Ctrl Pts',(0.0855999222307097,0.015545202285478,
0.0650373380226549));
#4208=CARTESIAN_POINT('Ctrl Pts',(0.0855999222307097,0.015545202285478,
0.06671794723896));
#4209=CARTESIAN_POINT('',(0.086356566789355,0.0105614095818533,0.0781847223212836));
#4210=CARTESIAN_POINT('Ctrl Pts',(0.0855999222307097,0.015545202285478,
0.06671794723896));
#4211=CARTESIAN_POINT('Ctrl Pts',(0.0855999222307097,0.015545202285478,
0.0678114132508003));
#4212=CARTESIAN_POINT('Ctrl Pts',(0.0856206101780493,0.015432808906341,
0.0688940021779581));
#4213=CARTESIAN_POINT('Ctrl Pts',(0.0856635496068231,0.0151906638678584,
0.0699594398309607));
#4214=CARTESIAN_POINT('Ctrl Pts',(0.0857204060745352,0.0148700375354815,
0.0713701950097548));
#4215=CARTESIAN_POINT('Ctrl Pts',(0.0857996329589369,0.0144024222141831,
0.0723909024937803));
#4216=CARTESIAN_POINT('Ctrl Pts',(0.0858390814723943,0.0141650218901196,
0.0728801778833168));
#4217=CARTESIAN_POINT('Ctrl Pts',(0.0858413057051702,0.014151636504068,
0.072907764787422));
#4218=CARTESIAN_POINT('Ctrl Pts',(0.0858434034799833,0.0141389612294749,
0.0729336547758021));
#4219=CARTESIAN_POINT('Ctrl Pts',(0.0858453636569297,0.0141270498901376,
0.0729578177784576));
#4220=CARTESIAN_POINT('Ctrl Pts',(0.0858497773961997,0.014100229073637,
0.0730122257205018));
#4221=CARTESIAN_POINT('Ctrl Pts',(0.0858542116156797,0.0140732105746915,
0.0730664964788782));
#4222=CARTESIAN_POINT('Ctrl Pts',(0.0858586656798865,0.0140459939374044,
0.0731206307052259));
#4223=CARTESIAN_POINT('Ctrl Pts',(0.0860107290589531,0.0131168079983237,
0.0749687929676909));
#4224=CARTESIAN_POINT('Ctrl Pts',(0.0861859000551968,0.0119568855467635,
0.0766575976804384));
#4225=CARTESIAN_POINT('Ctrl Pts',(0.0863565667893549,0.0105614095818533,
0.0781847223212836));
#4226=CARTESIAN_POINT('',(0.0857845564165451,0.0144917176489394,0.0781847223212836));
#4227=CARTESIAN_POINT('Origin',(0.,0.,0.0781847223212836));
#4228=CARTESIAN_POINT('',(0.0857845564165451,0.0144917176489394,0.0845056301405149));
#4229=CARTESIAN_POINT('',(0.0857845564165451,0.0144917176489394,0.));
#4230=CARTESIAN_POINT('',(0.0788125406768099,-0.0368453990623821,0.084505630140515));
#4231=CARTESIAN_POINT('Origin',(0.,0.,0.084505630140515));
#4232=CARTESIAN_POINT('',(0.0788125406768099,-0.0368453990623821,0.0781847223212836));
#4233=CARTESIAN_POINT('',(0.0788125406768099,-0.0368453990623821,0.));
#4234=CARTESIAN_POINT('Origin',(0.,0.,0.0781847223212836));
#4235=CARTESIAN_POINT('',(0.0869086964082054,-0.00398478213035229,0.0595866666223912));
#4236=CARTESIAN_POINT('',(0.0850994891423342,-0.0180852688040223,0.0699189197884425));
#4237=CARTESIAN_POINT('Ctrl Pts',(0.0869086964082052,-0.00398478213035229,
0.0595866666223912));
#4238=CARTESIAN_POINT('Ctrl Pts',(0.086807040234074,-0.00620191854749663,
0.0595866666223912));
#4239=CARTESIAN_POINT('Ctrl Pts',(0.0866097574797046,-0.00849967461661465,
0.0597948321356217));
#4240=CARTESIAN_POINT('Ctrl Pts',(0.0863513588716699,-0.0106039059325376,
0.0604181868848802));
#4241=CARTESIAN_POINT('Ctrl Pts',(0.086112668785988,-0.0125476437758344,
0.0609939972564701));
#4242=CARTESIAN_POINT('Ctrl Pts',(0.0859081414995098,-0.0137607931108021,
0.0617606601910037));
#4243=CARTESIAN_POINT('Ctrl Pts',(0.0857866904586954,-0.0144791098558711,
0.0623014154934714));
#4244=CARTESIAN_POINT('Ctrl Pts',(0.0857847736587686,-0.0144904466832472,
0.0623099499590242));
#4245=CARTESIAN_POINT('Ctrl Pts',(0.0857828775520557,-0.0145016566384617,
0.0623184252532249));
#4246=CARTESIAN_POINT('Ctrl Pts',(0.0857810023308461,-0.0145127405790918,
0.0623268401056077));
#4247=CARTESIAN_POINT('Ctrl Pts',(0.0856309895706128,-0.0153994266508986,
0.0630000061440401));
#4248=CARTESIAN_POINT('Ctrl Pts',(0.0854886084640146,-0.016157194377225,
0.0638007519853256));
#4249=CARTESIAN_POINT('Ctrl Pts',(0.0853736001809527,-0.0167436075008667,
0.0647520243263746));
#4250=CARTESIAN_POINT('Ctrl Pts',(0.085252428199075,-0.0173614485684761,
0.0657542787014659));
#4251=CARTESIAN_POINT('Ctrl Pts',(0.0851712576383075,-0.0177452866207243,
0.0668521792322024));
#4252=CARTESIAN_POINT('Ctrl Pts',(0.0851308961065272,-0.017936848332404,
0.0680196982505607));
#4253=CARTESIAN_POINT('Ctrl Pts',(0.0851092114012781,-0.0180397671036088,
0.068646961505175));
#4254=CARTESIAN_POINT('Ctrl Pts',(0.0850994891423342,-0.0180852688040223,
0.0692829277181639));
#4255=CARTESIAN_POINT('Ctrl Pts',(0.0850994891423342,-0.0180852688040223,
0.0699189197884425));
#4256=CARTESIAN_POINT('',(0.0855125573492599,-0.016018818170812,0.0781847223212836));
#4257=CARTESIAN_POINT('Ctrl Pts',(0.0850994891423342,-0.0180852688040223,
0.0699189197884425));
#4258=CARTESIAN_POINT('Ctrl Pts',(0.0850994891423342,-0.0180852688040223,
0.0711393284590768));
#4259=CARTESIAN_POINT('Ctrl Pts',(0.0851203903467322,-0.0179886416548231,
0.0723946307061656));
#4260=CARTESIAN_POINT('Ctrl Pts',(0.0851750916834072,-0.017725793542819,
0.0735859506594943));
#4261=CARTESIAN_POINT('Ctrl Pts',(0.0851802647253957,-0.0177009363016136,
0.0736986124062614));
#4262=CARTESIAN_POINT('Ctrl Pts',(0.0851862890902222,-0.0176724011384511,
0.0738206675712005));
#4263=CARTESIAN_POINT('Ctrl Pts',(0.0851933710352273,-0.0176395637654867,
0.0739505244551959));
#4264=CARTESIAN_POINT('Ctrl Pts',(0.0852310488373491,-0.0174648603415175,
0.0746413970863468));
#4265=CARTESIAN_POINT('Ctrl Pts',(0.0852986616437466,-0.0171347592807946,
0.0756937805987716));
#4266=CARTESIAN_POINT('Ctrl Pts',(0.085427269954654,-0.0164675908406367,
0.0772064650642154));
#4267=CARTESIAN_POINT('Ctrl Pts',(0.085455136371779,-0.0163230310224192,
0.0775342284567602));
#4268=CARTESIAN_POINT('Ctrl Pts',(0.085483751648365,-0.0161725903856842,
0.0778612704210352));
#4269=CARTESIAN_POINT('Ctrl Pts',(0.0855125573492599,-0.016018818170812,
0.0781847223212836));
#4270=CARTESIAN_POINT('',(0.0868387799776431,0.00529398639916047,0.0781847223212836));
#4271=CARTESIAN_POINT('Origin',(0.,0.,0.0781847223212836));
#4272=CARTESIAN_POINT('',(0.0864744310481463,0.00954844358518157,0.0682576555539009));
#4273=CARTESIAN_POINT('Ctrl Pts',(0.0868387799776431,0.00529398639916047,
0.0781847223212836));
#4274=CARTESIAN_POINT('Ctrl Pts',(0.0867689657393978,0.00643916940817911,
0.0768154817670221));
#4275=CARTESIAN_POINT('Ctrl Pts',(0.0866866167165021,0.00742039326723114,
0.0753356294926889));
#4276=CARTESIAN_POINT('Ctrl Pts',(0.086570910470237,0.0086407902442133,
0.0728679588448795));
#4277=CARTESIAN_POINT('Ctrl Pts',(0.0865006768260043,0.00930960232106618,
0.0713686311917138));
#4278=CARTESIAN_POINT('Ctrl Pts',(0.0864762905393991,0.00953164963546331,
0.068988932610714));
#4279=CARTESIAN_POINT('Ctrl Pts',(0.0864744310481462,0.00954844358518157,
0.0686236827583884));
#4280=CARTESIAN_POINT('Ctrl Pts',(0.0864744310481462,0.00954844358518157,
0.0682576555539009));
#4281=CARTESIAN_POINT('Ctrl Pts',(0.0864744310481461,0.00954844358518157,
0.0682576555539009));
#4282=CARTESIAN_POINT('Ctrl Pts',(0.0864744310481461,0.00954844358518157,
0.0676537353039525));
#4283=CARTESIAN_POINT('Ctrl Pts',(0.0864795951548689,0.00950218858128941,
0.0670476516563255));
#4284=CARTESIAN_POINT('Ctrl Pts',(0.0864914059620505,0.00939343891808344,
0.0664536577779937));
#4285=CARTESIAN_POINT('Ctrl Pts',(0.0865022083244268,0.00929397465182542,
0.0659103810125462));
#4286=CARTESIAN_POINT('Ctrl Pts',(0.0865185370172164,0.00914271073373153,
0.0653797823429398));
#4287=CARTESIAN_POINT('Ctrl Pts',(0.0865406449480004,0.00892842494419058,
0.0648710953058456));
#4288=CARTESIAN_POINT('Ctrl Pts',(0.0865755859057248,0.0085897523299866,
0.0640671298677576));
#4289=CARTESIAN_POINT('Ctrl Pts',(0.0866233311459965,0.00811102117961483,
0.0633590721666877));
#4290=CARTESIAN_POINT('Ctrl Pts',(0.0866770975464823,0.00748870889523721,
0.0627491829290231));
#4291=CARTESIAN_POINT('Ctrl Pts',(0.0866982710538273,0.00724363885883819,
0.062509005157467));
#4292=CARTESIAN_POINT('Ctrl Pts',(0.0867344205096325,0.00684916020971311,
0.0621527122427151));
#4293=CARTESIAN_POINT('Ctrl Pts',(0.0867783691145521,0.00622839495670577,
0.0617676836949518));
#4294=CARTESIAN_POINT('Ctrl Pts',(0.0867834646141705,0.00615642204389938,
0.0617230426233682));
#4295=CARTESIAN_POINT('Ctrl Pts',(0.086788664954651,0.00608136177911238,
0.0616780477494421));
#4296=CARTESIAN_POINT('Ctrl Pts',(0.0867939589504823,0.00600306259683062,
0.0616328579356681));
#4297=CARTESIAN_POINT('Ctrl Pts',(0.0868171102413652,0.00566065070179216,
0.0614352373562459));
#4298=CARTESIAN_POINT('Ctrl Pts',(0.0868420526157267,0.00526090680702732,
0.0612304347435532));
#4299=CARTESIAN_POINT('Ctrl Pts',(0.0868678506017814,0.0047933841720847,
0.0610300342958097));
#4300=CARTESIAN_POINT('Ctrl Pts',(0.0869635233626119,0.00305955963473723,
0.0602868420145723));
#4301=CARTESIAN_POINT('Ctrl Pts',(0.0870278876145559,0.000965324840961267,
0.0598490128952868));
#4302=CARTESIAN_POINT('Ctrl Pts',(0.0869880891572117,-0.00143956409268586,
0.0596745016358882));
#4303=CARTESIAN_POINT('Ctrl Pts',(0.0869740976945193,-0.00228502183249905,
0.0596131508213541));
#4304=CARTESIAN_POINT('Ctrl Pts',(0.0869475415131139,-0.00313756456135714,
0.0595866666223912));
#4305=CARTESIAN_POINT('Ctrl Pts',(0.0869086964082052,-0.00398478213035229,
0.0595866666223912));
#4306=CARTESIAN_POINT('Origin',(-0.838943030038879,-0.016018818170812,0.0781847223212836));
#4307=CARTESIAN_POINT('',(0.0834769277370128,-0.016018818170812,0.0781847223212836));
#4308=CARTESIAN_POINT('',(-0.838943030038879,-0.016018818170812,0.0781847223212836));
#4309=CARTESIAN_POINT('',(0.084834979271557,0.00529398639916047,0.0781847223212836));
#4310=CARTESIAN_POINT('Origin',(0.,0.,0.0781847223212836));
#4311=CARTESIAN_POINT('',(-0.838943030038879,0.00529398639916047,0.0781847223212836));
#4312=CARTESIAN_POINT('Ctrl Pts',(-0.838943030038879,-0.016018818170812,
0.0781847223212836));
#4313=CARTESIAN_POINT('Ctrl Pts',(0.838943030038879,-0.016018818170812,
0.0781847223212836));
#4314=CARTESIAN_POINT('Ctrl Pts',(-0.838943030038879,-0.0171938587269512,
0.0757130852894046));
#4315=CARTESIAN_POINT('Ctrl Pts',(0.838943030038879,-0.0171938587269512,
0.0757130852894046));
#4316=CARTESIAN_POINT('Ctrl Pts',(-0.838943030038879,-0.0180852688040223,
0.0721879636209871));
#4317=CARTESIAN_POINT('Ctrl Pts',(0.838943030038879,-0.0180852688040223,
0.0721879636209871));
#4318=CARTESIAN_POINT('Ctrl Pts',(-0.838943030038879,-0.0180852688040223,
0.0699189197884425));
#4319=CARTESIAN_POINT('Ctrl Pts',(0.838943030038879,-0.0180852688040223,
0.0699189197884425));
#4320=CARTESIAN_POINT('',(0.0830537359321437,-0.0180852688040223,0.0699189197884425));
#4321=CARTESIAN_POINT('',(-0.838943030038879,-0.0180852688040223,0.0699189197884425));
#4322=CARTESIAN_POINT('Ctrl Pts',(0.0834769277370129,-0.016018818170812,
0.0781847223212836));
#4323=CARTESIAN_POINT('Ctrl Pts',(0.0833669866255226,-0.0165917409745627,
0.0769796088375322));
#4324=CARTESIAN_POINT('Ctrl Pts',(0.0832460439557245,-0.0171823964281496,
0.0755898325726017));
#4325=CARTESIAN_POINT('Ctrl Pts',(0.0831691968679915,-0.0175466433354472,
0.074297683527837));
#4326=CARTESIAN_POINT('Ctrl Pts',(0.0831628711621325,-0.0175766264989423,
0.0741913196430845));
#4327=CARTESIAN_POINT('Ctrl Pts',(0.0831561596767312,-0.0176081079669848,
0.0740749178401808));
#4328=CARTESIAN_POINT('Ctrl Pts',(0.0831492804423151,-0.0176395637654867,
0.0739505244551959));
#4329=CARTESIAN_POINT('Ctrl Pts',(0.0831090913149194,-0.017823331466493,
0.0732238067284891));
#4330=CARTESIAN_POINT('Ctrl Pts',(0.0830631769050872,-0.0180414227813246,
0.0720690419504857));
#4331=CARTESIAN_POINT('Ctrl Pts',(0.0830550105227237,-0.018079360275372,
0.0704347085439793));
#4332=CARTESIAN_POINT('Ctrl Pts',(0.0830541762461667,-0.018083235964815,
0.0702677452563657));
#4333=CARTESIAN_POINT('Ctrl Pts',(0.0830537359321437,-0.0180852688040223,
0.0700958193274747));
#4334=CARTESIAN_POINT('Ctrl Pts',(0.0830537359321437,-0.0180852688040223,
0.0699189197884425));
#4335=CARTESIAN_POINT('Ctrl Pts',(-0.838943030038879,-0.0180852688040223,
0.0699189197884425));
#4336=CARTESIAN_POINT('Ctrl Pts',(0.838943030038879,-0.0180852688040223,
0.0699189197884425));
#4337=CARTESIAN_POINT('Ctrl Pts',(-0.838943030038879,-0.0180852688040223,
0.0650161643645515));
#4338=CARTESIAN_POINT('Ctrl Pts',(0.838943030038879,-0.0180852688040223,
0.0650161643645515));
#4339=CARTESIAN_POINT('Ctrl Pts',(-0.838943030038879,-0.0108729509077198,
0.0595866666223912));
#4340=CARTESIAN_POINT('Ctrl Pts',(0.838943030038879,-0.0108729509077198,
0.0595866666223912));
#4341=CARTESIAN_POINT('Ctrl Pts',(-0.838943030038879,-0.00398478213035229,
0.0595866666223912));
#4342=CARTESIAN_POINT('Ctrl Pts',(0.838943030038879,-0.00398478213035229,
0.0595866666223912));
#4343=CARTESIAN_POINT('',(0.084906545751041,-0.00398478213035229,0.0595866666223912));
#4344=CARTESIAN_POINT('',(-0.838943030038879,-0.00398478213035229,0.0595866666223912));
#4345=CARTESIAN_POINT('Ctrl Pts',(0.0830537359321437,-0.0180852688040223,
0.0699189197884425));
#4346=CARTESIAN_POINT('Ctrl Pts',(0.0830537359321437,-0.0180852688040223,
0.0685812181992305));
#4347=CARTESIAN_POINT('Ctrl Pts',(0.0830988292204982,-0.0178841943126047,
0.0672603470704685));
#4348=CARTESIAN_POINT('Ctrl Pts',(0.0832870609355636,-0.0169833463055637,
0.0650271415952906));
#4349=CARTESIAN_POINT('Ctrl Pts',(0.0834039733356211,-0.0164114456980129,
0.0641432878278872));
#4350=CARTESIAN_POINT('Ctrl Pts',(0.083664131914849,-0.0150250814469369,
0.0626779824140414));
#4351=CARTESIAN_POINT('Ctrl Pts',(0.083830925909648,-0.0141113821166408,
0.0619230472538898));
#4352=CARTESIAN_POINT('Ctrl Pts',(0.0842088546764934,-0.0116306426441137,
0.0606897313962544));
#4353=CARTESIAN_POINT('Ctrl Pts',(0.0843762987465511,-0.0103594257636012,
0.0602989874866718));
#4354=CARTESIAN_POINT('Ctrl Pts',(0.0846921625078444,-0.00741673089323161,
0.0597096105016457));
#4355=CARTESIAN_POINT('Ctrl Pts',(0.084826814262333,-0.00568367684337172,
0.0595866666223912));
#4356=CARTESIAN_POINT('Ctrl Pts',(0.0849065457510411,-0.00398478213035229,
0.0595866666223912));
#4357=CARTESIAN_POINT('Origin',(-0.838943030038879,0.0144917176489394,0.0781847223212836));
#4358=CARTESIAN_POINT('',(0.0843413103268163,0.0105614095818533,0.0781847223212836));
#4359=CARTESIAN_POINT('',(-0.838943030038879,0.0105614095818533,0.0781847223212836));
#4360=CARTESIAN_POINT('',(0.0837555378442728,0.0144917176489394,0.0781847223212836));
#4361=CARTESIAN_POINT('Origin',(0.,0.,0.0781847223212836));
#4362=CARTESIAN_POINT('',(-0.838943030038879,0.0144917176489394,0.0781847223212836));
#4363=CARTESIAN_POINT('Origin',(-0.838943030038879,0.0144917176489394,0.0845056301405149));
#4364=CARTESIAN_POINT('',(0.0837555378442728,0.0144917176489394,0.0845056301405149));
#4365=CARTESIAN_POINT('',(0.0837555378442728,0.0144917176489394,0.));
#4366=CARTESIAN_POINT('',(-0.838943030038879,0.0144917176489394,0.0845056301405149));
#4367=CARTESIAN_POINT('Ctrl Pts',(-0.838943030038879,0.015545202285478,
0.06671794723896));
#4368=CARTESIAN_POINT('Ctrl Pts',(0.838943030038879,0.015545202285478,0.06671794723896));
#4369=CARTESIAN_POINT('Ctrl Pts',(-0.838943030038879,0.015545202285478,
0.07008099434791));
#4370=CARTESIAN_POINT('Ctrl Pts',(0.838943030038879,0.015545202285478,0.07008099434791));
#4371=CARTESIAN_POINT('Ctrl Pts',(-0.838943030038879,0.0127088974947973,
0.0758346412090052));
#4372=CARTESIAN_POINT('Ctrl Pts',(0.838943030038879,0.0127088974947973,
0.0758346412090052));
#4373=CARTESIAN_POINT('Ctrl Pts',(-0.838943030038879,0.0105614095818533,
0.0781847223212836));
#4374=CARTESIAN_POINT('Ctrl Pts',(0.838943030038879,0.0105614095818533,
0.0781847223212836));
#4375=CARTESIAN_POINT('',(0.0835664208034756,0.015545202285478,0.06671794723896));
#4376=CARTESIAN_POINT('',(-0.838943030038879,0.015545202285478,0.06671794723896));
#4377=CARTESIAN_POINT('Ctrl Pts',(0.0843413103268164,0.0105614095818533,
0.0781847223212836));
#4378=CARTESIAN_POINT('Ctrl Pts',(0.0841848562908726,0.0118108203063548,
0.0768174426605083));
#4379=CARTESIAN_POINT('Ctrl Pts',(0.0840241038764626,0.0128740789558401,
0.0753175999605168));
#4380=CARTESIAN_POINT('Ctrl Pts',(0.0837825635618187,0.0143473221864043,
0.07257919158529));
#4381=CARTESIAN_POINT('Ctrl Pts',(0.0837073898023518,0.0147704528541876,
0.0715745295924768));
#4382=CARTESIAN_POINT('Ctrl Pts',(0.0835947963406807,0.015395406654868,
0.0692253223135154));
#4383=CARTESIAN_POINT('Ctrl Pts',(0.0835664208034756,0.015545202285478,
0.0679804239908045));
#4384=CARTESIAN_POINT('Ctrl Pts',(0.0835664208034756,0.015545202285478,
0.06671794723896));
#4385=CARTESIAN_POINT('Origin',(-0.838943030038879,-0.0368453990623821,
0.084505630140515));
#4386=CARTESIAN_POINT('',(0.085,1.04094977927525E-17,0.084505630140515));
#4387=CARTESIAN_POINT('Origin',(0.,0.,0.084505630140515));
#4388=CARTESIAN_POINT('',(0.0765990637536374,-0.0368453990623821,0.084505630140515));
#4389=CARTESIAN_POINT('Origin',(0.,0.,0.084505630140515));
#4390=CARTESIAN_POINT('',(-0.838943030038879,-0.0368453990623821,0.084505630140515));
#4391=CARTESIAN_POINT('Ctrl Pts',(-0.838943030038879,-0.00325544661274868,
0.0530631656038255));
#4392=CARTESIAN_POINT('Ctrl Pts',(0.838943030038879,-0.00325544661274868,
0.0530631656038255));
#4393=CARTESIAN_POINT('Ctrl Pts',(-0.838943030038879,0.0053345050390273,
0.0530631656038255));
#4394=CARTESIAN_POINT('Ctrl Pts',(0.838943030038879,0.0053345050390273,
0.0530631656038255));
#4395=CARTESIAN_POINT('Ctrl Pts',(-0.838943030038879,0.015545202285478,
0.060275483500128));
#4396=CARTESIAN_POINT('Ctrl Pts',(0.838943030038879,0.015545202285478,0.060275483500128));
#4397=CARTESIAN_POINT('Ctrl Pts',(-0.838943030038879,0.015545202285478,
0.06671794723896));
#4398=CARTESIAN_POINT('Ctrl Pts',(0.838943030038879,0.015545202285478,0.06671794723896));
#4399=CARTESIAN_POINT('',(0.0849376363419158,-0.00325544661274868,0.0530631656038255));
#4400=CARTESIAN_POINT('',(-0.838943030038879,-0.00325544661274868,0.0530631656038255));
#4401=CARTESIAN_POINT('',(0.085,-1.79789732255885E-10,0.0532036784599647));
#4402=CARTESIAN_POINT('Ctrl Pts',(0.085,-3.59579608269598E-10,0.0532036784599647));
#4403=CARTESIAN_POINT('Ctrl Pts',(0.0850000011503654,-0.000233951790521856,
0.0531826036757597));
#4404=CARTESIAN_POINT('Ctrl Pts',(0.0849990337712701,-0.000468089482410012,
0.0531640889953368));
#4405=CARTESIAN_POINT('Ctrl Pts',(0.0849970987751286,-0.000702281859609702,
0.0531480080625186));
#4406=CARTESIAN_POINT('Ctrl Pts',(0.0849900804792379,-0.00155170546481524,
0.0530896819799499));
#4407=CARTESIAN_POINT('Ctrl Pts',(0.0849702502164732,-0.00240452022802146,
0.0530631656038255));
#4408=CARTESIAN_POINT('Ctrl Pts',(0.0849376363419158,-0.00325544661274868,
0.0530631656038255));
#4409=CARTESIAN_POINT('Ctrl Pts',(0.0835664208034756,0.015545202285478,
0.06671794723896));
#4410=CARTESIAN_POINT('Ctrl Pts',(0.0835664208034756,0.015545202285478,
0.0650784371102046));
#4411=CARTESIAN_POINT('Ctrl Pts',(0.0836143176187197,0.0152975543906698,
0.0634650853964948));
#4412=CARTESIAN_POINT('Ctrl Pts',(0.0838077730276982,0.0141957145003979,
0.0606619334312926));
#4413=CARTESIAN_POINT('Ctrl Pts',(0.0839305939559269,0.0134734244980231,
0.0595202552810711));
#4414=CARTESIAN_POINT('Ctrl Pts',(0.0842496823846957,0.0113353954857155,
0.0571875237469892));
#4415=CARTESIAN_POINT('Ctrl Pts',(0.0844268060907443,0.00992670240825488,
0.0562570853271855));
#4416=CARTESIAN_POINT('Ctrl Pts',(0.0847608967773104,0.00669449386431266,
0.0545219479639153));
#4417=CARTESIAN_POINT('Ctrl Pts',(0.0849147018120071,0.00444925855618441,
0.0538521858272876));
#4418=CARTESIAN_POINT('Ctrl Pts',(0.0849908506754097,0.00143587170509404,
0.0533573393331147));
#4419=CARTESIAN_POINT('Ctrl Pts',(0.0850000000030408,0.000718815809628891,
0.0532684307702547));
#4420=CARTESIAN_POINT('Ctrl Pts',(0.085,-3.59579474921268E-10,0.0532036784599647));
#4421=CARTESIAN_POINT('Origin',(-0.838943030038879,-0.0368453990623821,
0.0781847223212836));
#4422=CARTESIAN_POINT('',(0.0765990637536374,-0.0368453990623821,0.0781847223212836));
#4423=CARTESIAN_POINT('',(0.0765990637536374,-0.0368453990623821,0.));
#4424=CARTESIAN_POINT('',(-0.838943030038879,-0.0368453990623821,0.0781847223212836));
#4425=CARTESIAN_POINT('Ctrl Pts',(-0.838943030038879,-0.0237578783853838,
0.068865435151904));
#4426=CARTESIAN_POINT('Ctrl Pts',(0.838943030038879,-0.0237578783853838,
0.068865435151904));
#4427=CARTESIAN_POINT('Ctrl Pts',(-0.838943030038879,-0.0237578783853838,
0.0620177850144033));
#4428=CARTESIAN_POINT('Ctrl Pts',(0.838943030038879,-0.0237578783853838,
0.0620177850144033));
#4429=CARTESIAN_POINT('Ctrl Pts',(-0.838943030038879,-0.012655771061862,
0.0530631656038255));
#4430=CARTESIAN_POINT('Ctrl Pts',(0.838943030038879,-0.012655771061862,
0.0530631656038255));
#4431=CARTESIAN_POINT('Ctrl Pts',(-0.838943030038879,-0.00325544661274868,
0.0530631656038255));
#4432=CARTESIAN_POINT('Ctrl Pts',(0.838943030038879,-0.00325544661274868,
0.0530631656038255));
#4433=CARTESIAN_POINT('',(0.0816122736763614,-0.0237578783853838,0.068865435151904));
#4434=CARTESIAN_POINT('',(-0.838943030038879,-0.0237578783853838,0.068865435151904));
#4435=CARTESIAN_POINT('Ctrl Pts',(0.0849376363419158,-0.00325544661274868,
0.0530631656038255));
#4436=CARTESIAN_POINT('Ctrl Pts',(0.0848270053856512,-0.00614191137446829,
0.0530631656038255));
#4437=CARTESIAN_POINT('Ctrl Pts',(0.0845629435331497,-0.00903986342259497,
0.0533771564258293));
#4438=CARTESIAN_POINT('Ctrl Pts',(0.0837146369732934,-0.0151060531178837,
0.0552178239718353));
#4439=CARTESIAN_POINT('Ctrl Pts',(0.0832487401773283,-0.0172106420660306,
0.0567086983195942));
#4440=CARTESIAN_POINT('Ctrl Pts',(0.0826541478204927,-0.0198877659949381,
0.0589362886262391));
#4441=CARTESIAN_POINT('Ctrl Pts',(0.0823344141848251,-0.0211414216343583,
0.0603563050163162));
#4442=CARTESIAN_POINT('Ctrl Pts',(0.0819175705544843,-0.0226921303260614,
0.0631585190279453));
#4443=CARTESIAN_POINT('Ctrl Pts',(0.081789362400087,-0.0231426848282119,
0.0643612180324361));
#4444=CARTESIAN_POINT('Ctrl Pts',(0.0816431846837308,-0.0236526659572642,
0.0666961518602065));
#4445=CARTESIAN_POINT('Ctrl Pts',(0.0816122736763615,-0.0237578783853838,
0.0677764714293518));
#4446=CARTESIAN_POINT('Ctrl Pts',(0.0816122736763615,-0.0237578783853838,
0.068865435151904));
#4447=CARTESIAN_POINT('Origin',(-0.838943030038879,-0.0211241667940374,
0.0781847223212836));
#4448=CARTESIAN_POINT('',(0.082333283532589,-0.0211241667940374,0.0781847223212836));
#4449=CARTESIAN_POINT('Origin',(0.,0.,0.0781847223212836));
#4450=CARTESIAN_POINT('',(-0.838943030038879,-0.0211241667940374,0.0781847223212836));
#4451=CARTESIAN_POINT('Ctrl Pts',(-0.838943030038879,-0.0211241667940374,
0.0781847223212836));
#4452=CARTESIAN_POINT('Ctrl Pts',(0.838943030038879,-0.0211241667940374,
0.0781847223212836));
#4453=CARTESIAN_POINT('Ctrl Pts',(-0.838943030038879,-0.022461281909644,
0.0759561971286058));
#4454=CARTESIAN_POINT('Ctrl Pts',(0.838943030038879,-0.022461281909644,
0.0759561971286058));
#4455=CARTESIAN_POINT('Ctrl Pts',(-0.838943030038879,-0.0237578783853838,
0.0716612213027178));
#4456=CARTESIAN_POINT('Ctrl Pts',(0.838943030038879,-0.0237578783853838,
0.0716612213027178));
#4457=CARTESIAN_POINT('Ctrl Pts',(-0.838943030038879,-0.0237578783853838,
0.068865435151904));
#4458=CARTESIAN_POINT('Ctrl Pts',(0.838943030038879,-0.0237578783853838,
0.068865435151904));
#4459=CARTESIAN_POINT('Ctrl Pts',(0.0816122736763611,-0.0237578783853838,
0.068865435151904));
#4460=CARTESIAN_POINT('Ctrl Pts',(0.0816122736763611,-0.0237578783853838,
0.0705106189826101));
#4461=CARTESIAN_POINT('Ctrl Pts',(0.0816624575542224,-0.0235898522648945,
0.0722006767061205));
#4462=CARTESIAN_POINT('Ctrl Pts',(0.0817951839886664,-0.0231202914397733,
0.0737730356675283));
#4463=CARTESIAN_POINT('Ctrl Pts',(0.0817961775953912,-0.0231167762485792,
0.0737848065438012));
#4464=CARTESIAN_POINT('Ctrl Pts',(0.0817971871461418,-0.0231132060949742,
0.0737966982646995));
#4465=CARTESIAN_POINT('Ctrl Pts',(0.0817982128781292,-0.0231095801475139,
0.0738087092156618));
#4466=CARTESIAN_POINT('Ctrl Pts',(0.0818486923475504,-0.0229311359669693,
0.0743998055637159));
#4467=CARTESIAN_POINT('Ctrl Pts',(0.0819383616557505,-0.0226206735172314,
0.0753204705550189));
#4468=CARTESIAN_POINT('Ctrl Pts',(0.0820954941669548,-0.022033132775576,
0.0765186202379194));
#4469=CARTESIAN_POINT('Ctrl Pts',(0.0821619695590477,-0.021784571857961,
0.0770255011459272));
#4470=CARTESIAN_POINT('Ctrl Pts',(0.082240519103993,-0.0214857242498084,
0.0775821265616651));
#4471=CARTESIAN_POINT('Ctrl Pts',(0.0823332835325891,-0.0211241667940374,
0.0781847223212836));
#4472=CARTESIAN_POINT('Ctrl Pts',(-0.838943030038879,0.00954844358518157,
0.0682576555539009));
#4473=CARTESIAN_POINT('Ctrl Pts',(0.838943030038879,0.00954844358518157,
0.0682576555539009));
#4474=CARTESIAN_POINT('Ctrl Pts',(-0.838943030038879,0.00954844358518157,
0.0709318857851142));
#4475=CARTESIAN_POINT('Ctrl Pts',(0.838943030038879,0.00954844358518157,
0.0709318857851142));
#4476=CARTESIAN_POINT('Ctrl Pts',(-0.838943030038879,0.00715784383303639,
0.0759561971286058));
#4477=CARTESIAN_POINT('Ctrl Pts',(0.838943030038879,0.00715784383303639,
0.0759561971286058));
#4478=CARTESIAN_POINT('Ctrl Pts',(-0.838943030038879,0.00529398639916047,
0.0781847223212836));
#4479=CARTESIAN_POINT('Ctrl Pts',(0.838943030038879,0.00529398639916047,
0.0781847223212836));
#4480=CARTESIAN_POINT('',(0.0844619868645097,0.00954844358518157,0.0682576555539009));
#4481=CARTESIAN_POINT('Ctrl Pts',(0.0844619868645096,0.00954844358518157,
0.0682576555539009));
#4482=CARTESIAN_POINT('Ctrl Pts',(0.0844619868645096,0.00954844358518157,
0.0698133453313169));
#4483=CARTESIAN_POINT('Ctrl Pts',(0.0844977708575832,0.00924517000744994,
0.0713094100638046));
#4484=CARTESIAN_POINT('Ctrl Pts',(0.0846065727235035,0.00818276487876722,
0.0739217797909641));
#4485=CARTESIAN_POINT('Ctrl Pts',(0.0847189531393705,0.0071532799025505,
0.0759616540020129));
#4486=CARTESIAN_POINT('Ctrl Pts',(0.084834979271557,0.00529398639916047,
0.0781847223212836));
#4487=CARTESIAN_POINT('',(-0.838943030038879,0.00954844358518157,0.0682576555539009));
#4488=CARTESIAN_POINT('Ctrl Pts',(-0.838943030038879,-0.00398478213035229,
0.0595866666223912));
#4489=CARTESIAN_POINT('Ctrl Pts',(0.838943030038879,-0.00398478213035229,
0.0595866666223912));
#4490=CARTESIAN_POINT('Ctrl Pts',(-0.838943030038879,0.0024576816084797,
0.0595866666223912));
#4491=CARTESIAN_POINT('Ctrl Pts',(0.838943030038879,0.0024576816084797,
0.0595866666223912));
#4492=CARTESIAN_POINT('Ctrl Pts',(-0.838943030038879,0.00954844358518155,
0.0636790492489449));
#4493=CARTESIAN_POINT('Ctrl Pts',(0.838943030038879,0.00954844358518155,
0.0636790492489449));
#4494=CARTESIAN_POINT('Ctrl Pts',(-0.838943030038879,0.00954844358518157,
0.0682576555539009));
#4495=CARTESIAN_POINT('Ctrl Pts',(0.838943030038879,0.00954844358518157,
0.0682576555539009));
#4496=CARTESIAN_POINT('Ctrl Pts',(0.0849065457510409,-0.00398478213035229,
0.0595866666223912));
#4497=CARTESIAN_POINT('Ctrl Pts',(0.0849625679459716,-0.00279107795748822,
0.0595866666223912));
#4498=CARTESIAN_POINT('Ctrl Pts',(0.0849935539219579,-0.00158238545083016,
0.0596391088189395));
#4499=CARTESIAN_POINT('Ctrl Pts',(0.084999078747173,-0.000395742507030408,
0.0597690991753422));
#4500=CARTESIAN_POINT('Ctrl Pts',(0.0850095722976345,0.0018581021171057,
0.0600159957397203));
#4501=CARTESIAN_POINT('Ctrl Pts',(0.084929755254688,0.00380985276797313,
0.0605184177300879));
#4502=CARTESIAN_POINT('Ctrl Pts',(0.0848275129757005,0.00541230471771233,
0.0613160946294173));
#4503=CARTESIAN_POINT('Ctrl Pts',(0.0848145065440023,0.00561615562988157,
0.0614175686009589));
#4504=CARTESIAN_POINT('Ctrl Pts',(0.0848012462890899,0.00581278852688015,
0.0615230426152966));
#4505=CARTESIAN_POINT('Ctrl Pts',(0.0847878468433022,0.00600306259683062,
0.0616328579356681));
#4506=CARTESIAN_POINT('Ctrl Pts',(0.0847395774092047,0.00668849554872112,
0.062028450667902));
#4507=CARTESIAN_POINT('Ctrl Pts',(0.0846895017099358,0.00727643420009959,
0.0624917249218184));
#4508=CARTESIAN_POINT('Ctrl Pts',(0.0846429784926906,0.00778242840544838,
0.0630561708328726));
#4509=CARTESIAN_POINT('Ctrl Pts',(0.0845894164981332,0.00836497751700419,
0.0637060151601989));
#4510=CARTESIAN_POINT('Ctrl Pts',(0.0845443708161795,0.0087939754048302,
0.0644482242528949));
#4511=CARTESIAN_POINT('Ctrl Pts',(0.0845132815854976,0.00908323927078829,
0.065272881435721));
#4512=CARTESIAN_POINT('Ctrl Pts',(0.0844772607893846,0.00941838795443188,
0.0662283508247717));
#4513=CARTESIAN_POINT('Ctrl Pts',(0.0844619868645096,0.00954844358518156,
0.067244812375185));
#4514=CARTESIAN_POINT('Ctrl Pts',(0.0844619868645096,0.00954844358518157,
0.0682576555539009));
#4515=CARTESIAN_POINT('Origin',(-0.838943030038879,-0.0115212491455897,
0.0460939595467243));
#4516=CARTESIAN_POINT('',(0.086505278671933,0.00926481310611349,0.0460939595467243));
#4517=CARTESIAN_POINT('',(0.0862337568364341,-0.0115212491455897,0.0460939595467243));
#4518=CARTESIAN_POINT('Origin',(0.,0.,0.0460939595467243));
#4519=CARTESIAN_POINT('',(0.0844935692115606,0.00926481310611349,0.0460939595467243));
#4520=CARTESIAN_POINT('',(-0.838943030038879,0.00926481310611349,0.0460939595467243));
#4521=CARTESIAN_POINT('',(0.085,1.04094977927525E-17,0.0460939595467243));
#4522=CARTESIAN_POINT('Origin',(0.,0.,0.0460939595467243));
#4523=CARTESIAN_POINT('',(0.0842155616149726,-0.0115212491455897,0.0460939595467243));
#4524=CARTESIAN_POINT('Origin',(0.,0.,0.0460939595467243));
#4525=CARTESIAN_POINT('',(-0.838943030038879,-0.0115212491455897,0.0460939595467243));
#4526=CARTESIAN_POINT('Ctrl Pts',(-0.838943030038879,-0.0115212491455897,
0.0460939595467243));
#4527=CARTESIAN_POINT('Ctrl Pts',(0.838943030038879,-0.0115212491455897,
0.0460939595467243));
#4528=CARTESIAN_POINT('Ctrl Pts',(-0.838943030038879,-0.017882675604688,
0.0460939595467243));
#4529=CARTESIAN_POINT('Ctrl Pts',(0.838943030038879,-0.017882675604688,
0.0460939595467243));
#4530=CARTESIAN_POINT('Ctrl Pts',(-0.838943030038879,-0.0237578783853838,
0.0402997940457622));
#4531=CARTESIAN_POINT('Ctrl Pts',(0.838943030038879,-0.0237578783853838,
0.0402997940457622));
#4532=CARTESIAN_POINT('Ctrl Pts',(-0.838943030038879,-0.0237578783853838,
0.0351539267826699));
#4533=CARTESIAN_POINT('Ctrl Pts',(0.838943030038879,-0.0237578783853838,
0.0351539267826699));
#4534=CARTESIAN_POINT('',(0.083693268633895,-0.0237578783853838,0.0351539267826699));
#4535=CARTESIAN_POINT('Ctrl Pts',(0.086233756836434,-0.0115212491455897,
0.0460939595467243));
#4536=CARTESIAN_POINT('Ctrl Pts',(0.0860715151370561,-0.0127355889342778,
0.0460939595467243));
#4537=CARTESIAN_POINT('Ctrl Pts',(0.0858799707884718,-0.0139673762275128,
0.0460150632197183));
#4538=CARTESIAN_POINT('Ctrl Pts',(0.0856696938756101,-0.0151559741112111,
0.0458122047853161));
#4539=CARTESIAN_POINT('Ctrl Pts',(0.0854899279672681,-0.0161721074342114,
0.0456387809404019));
#4540=CARTESIAN_POINT('Ctrl Pts',(0.0852921381715118,-0.0171808746549189,
0.0453705204860536));
#4541=CARTESIAN_POINT('Ctrl Pts',(0.0850910926907359,-0.0181247329551796,
0.0449669406387571));
#4542=CARTESIAN_POINT('Ctrl Pts',(0.0848104165010168,-0.0194424375378913,
0.0444035096511547));
#4543=CARTESIAN_POINT('Ctrl Pts',(0.0846064242845555,-0.0202804612987757,
0.0437292467587618));
#4544=CARTESIAN_POINT('Ctrl Pts',(0.084472221134164,-0.0208202769950359,
0.0431968767962432));
#4545=CARTESIAN_POINT('Ctrl Pts',(0.0844543793848417,-0.020892043241244,
0.0431261004292931));
#4546=CARTESIAN_POINT('Ctrl Pts',(0.0844377711289226,-0.0209586942464321,
0.0430580693571294));
#4547=CARTESIAN_POINT('Ctrl Pts',(0.0844223801650046,-0.0210205073029995,
0.0429932186253161));
#4548=CARTESIAN_POINT('Ctrl Pts',(0.0842109295231249,-0.0218697335475223,
0.0421022589075693));
#4549=CARTESIAN_POINT('Ctrl Pts',(0.0840386415979732,-0.0225104868168419,
0.0410717333052556));
#4550=CARTESIAN_POINT('Ctrl Pts',(0.0839161980693971,-0.0229580422009798,
0.0399118656731792));
#4551=CARTESIAN_POINT('Ctrl Pts',(0.083757146267201,-0.0235394080866046,
0.0384052197986613));
#4552=CARTESIAN_POINT('Ctrl Pts',(0.0836932686338949,-0.0237578783853838,
0.0367761590938082));
#4553=CARTESIAN_POINT('Ctrl Pts',(0.0836932686338949,-0.0237578783853838,
0.0351539267826699));
#4554=CARTESIAN_POINT('',(0.0816122736763614,-0.0237578783853838,0.0351539267826699));
#4555=CARTESIAN_POINT('Ctrl Pts',(0.0816122736763615,-0.0237578783853838,
0.0351539267826699));
#4556=CARTESIAN_POINT('Ctrl Pts',(0.0816122736763615,-0.0237578783853838,
0.0368105038039598));
#4557=CARTESIAN_POINT('Ctrl Pts',(0.0816806769183486,-0.023530113197353,
0.0384728430328872));
#4558=CARTESIAN_POINT('Ctrl Pts',(0.0819764324988499,-0.0224739996412491,
0.0411319044184015));
#4559=CARTESIAN_POINT('Ctrl Pts',(0.0821502536351691,-0.0218418959076468,
0.042133637627628));
#4560=CARTESIAN_POINT('Ctrl Pts',(0.0824935952897644,-0.0204961165958901,
0.043542009267489));
#4561=CARTESIAN_POINT('Ctrl Pts',(0.0827179835009315,-0.0196235802909811,
0.0443258300130049));
#4562=CARTESIAN_POINT('Ctrl Pts',(0.0832497602316393,-0.0171872232419614,
0.0453679472328728));
#4563=CARTESIAN_POINT('Ctrl Pts',(0.0834513343590279,-0.0161842488274411,
0.045635593349304));
#4564=CARTESIAN_POINT('Ctrl Pts',(0.0838513154182634,-0.0139796048558434,
0.0460142728516664));
#4565=CARTESIAN_POINT('Ctrl Pts',(0.0840485860737994,-0.0127417712259789,
0.0460939595467243));
#4566=CARTESIAN_POINT('Ctrl Pts',(0.0842155616149725,-0.0115212491455897,
0.0460939595467243));
#4567=CARTESIAN_POINT('',(-0.838943030038879,-0.0237578783853838,0.0351539267826699));
#4568=CARTESIAN_POINT('Origin',(-0.838943030038879,0.00926481310611349,
0.0460939595467243));
#4569=CARTESIAN_POINT('',(0.086505278671933,0.00926481310611349,0.0503484167327454));
#4570=CARTESIAN_POINT('',(0.086505278671933,0.00926481310611349,0.));
#4571=CARTESIAN_POINT('',(0.0844935692115606,0.00926481310611349,0.0503484167327454));
#4572=CARTESIAN_POINT('',(-0.838943030038879,0.00926481310611349,0.0503484167327454));
#4573=CARTESIAN_POINT('',(0.0844935692115606,0.00926481310611349,0.));
#4574=CARTESIAN_POINT('Ctrl Pts',(-0.838943030038879,-0.0237578783853838,
0.0351539267826699));
#4575=CARTESIAN_POINT('Ctrl Pts',(0.838943030038879,-0.0237578783853838,
0.0351539267826699));
#4576=CARTESIAN_POINT('Ctrl Pts',(-0.838943030038879,-0.0237578783853838,
0.0335736998278621));
#4577=CARTESIAN_POINT('Ctrl Pts',(0.838943030038879,-0.0237578783853838,
0.0335736998278621));
#4578=CARTESIAN_POINT('Ctrl Pts',(-0.838943030038879,-0.0231906174272476,
0.029927022239844));
#4579=CARTESIAN_POINT('Ctrl Pts',(0.838943030038879,-0.0231906174272476,
0.029927022239844));
#4580=CARTESIAN_POINT('Ctrl Pts',(-0.838943030038879,-0.0227043937488452,
0.0281442020857018));
#4581=CARTESIAN_POINT('Ctrl Pts',(0.838943030038879,-0.0227043937488452,
0.0281442020857018));
#4582=CARTESIAN_POINT('',(0.0839851802671007,-0.0227043937488452,0.0281442020857018));
#4583=CARTESIAN_POINT('Ctrl Pts',(0.083693268633895,-0.0237578783853838,
0.0351539267826699));
#4584=CARTESIAN_POINT('Ctrl Pts',(0.083693268633895,-0.0237578783853838,
0.0336973785108187));
#4585=CARTESIAN_POINT('Ctrl Pts',(0.0837442906419385,-0.0235776443936571,
0.0324150527381903));
#4586=CARTESIAN_POINT('Ctrl Pts',(0.0837732635465089,-0.0234742479063157,
0.031750361033853));
#4587=CARTESIAN_POINT('Ctrl Pts',(0.0838263327133928,-0.0232848583534453,
0.0305328567654004));
#4588=CARTESIAN_POINT('Ctrl Pts',(0.0838976793396509,-0.0230280659528555,
0.0293310001670729));
#4589=CARTESIAN_POINT('Ctrl Pts',(0.0839851802671006,-0.0227043937488452,
0.0281442020857018));
#4590=CARTESIAN_POINT('',(0.0819116017698189,-0.0227043937488452,0.0281442020857018));
#4591=CARTESIAN_POINT('Ctrl Pts',(0.0819116017698188,-0.0227043937488452,
0.0281442020857018));
#4592=CARTESIAN_POINT('Ctrl Pts',(0.0818255936578341,-0.0230146888527705,
0.0292819508000945));
#4593=CARTESIAN_POINT('Ctrl Pts',(0.0817547804981835,-0.0232635701170934,
0.0304337324477719));
#4594=CARTESIAN_POINT('Ctrl Pts',(0.0817011211529701,-0.0234505181680005,
0.0316000950000279));
#4595=CARTESIAN_POINT('Ctrl Pts',(0.081698898848885,-0.0234582606295529,
0.0316483999551917));
#4596=CARTESIAN_POINT('Ctrl Pts',(0.0816966276504414,-0.0234661803636093,
0.031698498259312));
#4597=CARTESIAN_POINT('Ctrl Pts',(0.0816943211729027,-0.0234742479063157,
0.031750361033853));
#4598=CARTESIAN_POINT('Ctrl Pts',(0.0816577356349229,-0.0236022159377104,
0.0325730126642476));
#4599=CARTESIAN_POINT('Ctrl Pts',(0.0816122736763611,-0.0237578783853838,
0.03379880232514));
#4600=CARTESIAN_POINT('Ctrl Pts',(0.0816122736763611,-0.0237578783853838,
0.0351539267826699));
#4601=CARTESIAN_POINT('',(-0.838943030038879,-0.0227043937488452,0.0281442020857018));
#4602=CARTESIAN_POINT('Origin',(-0.838943030038879,0.00926481310611349,
0.0503484167327454));
#4603=CARTESIAN_POINT('',(0.0857845564165451,0.0144917176489394,0.0503484167327454));
#4604=CARTESIAN_POINT('Origin',(0.,0.,0.0503484167327454));
#4605=CARTESIAN_POINT('',(0.0837555378442728,0.0144917176489394,0.0503484167327454));
#4606=CARTESIAN_POINT('',(-0.838943030038879,0.0144917176489394,0.0503484167327454));
#4607=CARTESIAN_POINT('Origin',(0.,0.,0.0503484167327454));
#4608=CARTESIAN_POINT('Origin',(-0.838943030038879,-0.0170317841674837,
0.0281442020857018));
#4609=CARTESIAN_POINT('',(0.0853165771000703,-0.0170317841674837,0.0281442020857018));
#4610=CARTESIAN_POINT('Origin',(0.,0.,0.0281442020857018));
#4611=CARTESIAN_POINT('',(0.0832761570203155,-0.0170317841674837,0.0281442020857018));
#4612=CARTESIAN_POINT('Origin',(0.,0.,0.0281442020857018));
#4613=CARTESIAN_POINT('',(-0.838943030038879,-0.0170317841674837,0.0281442020857018));
#4614=CARTESIAN_POINT('Origin',(-0.838943030038879,0.0144917176489394,0.0503484167327454));
#4615=CARTESIAN_POINT('',(0.0857845564165451,0.0144917176489394,0.0460939595467242));
#4616=CARTESIAN_POINT('',(0.0857845564165451,0.0144917176489394,0.));
#4617=CARTESIAN_POINT('',(0.0837555378442728,0.0144917176489394,0.0460939595467242));
#4618=CARTESIAN_POINT('',(-0.838943030038879,0.0144917176489394,0.0460939595467242));
#4619=CARTESIAN_POINT('',(0.0837555378442728,0.0144917176489394,0.));
#4620=CARTESIAN_POINT('Origin',(-0.838943030038879,-0.0170317841674837,
0.0285088698445036));
#4621=CARTESIAN_POINT('',(0.0853165771000703,-0.0170317841674837,0.0285088698445036));
#4622=CARTESIAN_POINT('',(0.0853165771000703,-0.0170317841674837,0.));
#4623=CARTESIAN_POINT('',(0.0832761570203155,-0.0170317841674837,0.0285088698445036));
#4624=CARTESIAN_POINT('',(0.0832761570203155,-0.0170317841674837,0.));
#4625=CARTESIAN_POINT('',(-0.838943030038879,-0.0170317841674837,0.0285088698445036));
#4626=CARTESIAN_POINT('Origin',(-0.838943030038879,0.0144917176489394,0.0460939595467242));
#4627=CARTESIAN_POINT('',(0.0832492851756561,0.0252696758535263,0.0460939595467242));
#4628=CARTESIAN_POINT('Origin',(0.,0.,0.0460939595467242));
#4629=CARTESIAN_POINT('',(0.0811569065591938,0.0252696758535263,0.0460939595467242));
#4630=CARTESIAN_POINT('',(-0.838943030038879,0.0252696758535263,0.0460939595467242));
#4631=CARTESIAN_POINT('Origin',(0.,0.,0.0460939595467242));
#4632=CARTESIAN_POINT('Ctrl Pts',(-0.838943030038879,-0.0170317841674837,
0.0285088698445036));
#4633=CARTESIAN_POINT('Ctrl Pts',(0.838943030038879,-0.0170317841674837,
0.0285088698445036));
#4634=CARTESIAN_POINT('Ctrl Pts',(-0.838943030038879,-0.0173154146465518,
0.0291571680823735));
#4635=CARTESIAN_POINT('Ctrl Pts',(0.838943030038879,-0.0173154146465518,
0.0291571680823735));
#4636=CARTESIAN_POINT('Ctrl Pts',(-0.838943030038879,-0.0182473433634898,
0.0320339915129211));
#4637=CARTESIAN_POINT('Ctrl Pts',(0.838943030038879,-0.0182473433634898,
0.0320339915129211));
#4638=CARTESIAN_POINT('Ctrl Pts',(-0.838943030038879,-0.0182473433634898,
0.0335736998278621));
#4639=CARTESIAN_POINT('Ctrl Pts',(0.838943030038879,-0.0182473433634898,
0.0335736998278621));
#4640=CARTESIAN_POINT('',(0.0850648838250832,-0.0182473433634898,0.0335736998278621));
#4641=CARTESIAN_POINT('Ctrl Pts',(0.0853165771000702,-0.0170317841674837,
0.0285088698445036));
#4642=CARTESIAN_POINT('Ctrl Pts',(0.0852962041286991,-0.0171338376086058,
0.0287421348527826));
#4643=CARTESIAN_POINT('Ctrl Pts',(0.0852773384057639,-0.0172330026346221,
0.0290026608271191));
#4644=CARTESIAN_POINT('Ctrl Pts',(0.0852594127102535,-0.017323410132601,
0.0292507879338162));
#4645=CARTESIAN_POINT('Ctrl Pts',(0.0852388483655553,-0.017427125547752,
0.0295354391680236));
#4646=CARTESIAN_POINT('Ctrl Pts',(0.0852195211591324,-0.0175195983340232,
0.0298049983873598));
#4647=CARTESIAN_POINT('Ctrl Pts',(0.0852005747063067,-0.0176078520882529,
0.0300684213774813));
#4648=CARTESIAN_POINT('Ctrl Pts',(0.0851881347490394,-0.0176657981819833,
0.0302413809689407));
#4649=CARTESIAN_POINT('Ctrl Pts',(0.0851758589361328,-0.0177222094601913,
0.0304129259840321));
#4650=CARTESIAN_POINT('Ctrl Pts',(0.0851635048624513,-0.0177813790112917,
0.0305955798170053));
#4651=CARTESIAN_POINT('Ctrl Pts',(0.0850981164333004,-0.0180945553853175,
0.0315623416742223));
#4652=CARTESIAN_POINT('Ctrl Pts',(0.0850648838250831,-0.0182473433634898,
0.0325553206973823));
#4653=CARTESIAN_POINT('Ctrl Pts',(0.0850648838250831,-0.0182473433634898,
0.0335736998278621));
#4654=CARTESIAN_POINT('',(0.0830182778680388,-0.0182473433634898,0.0335736998278621));
#4655=CARTESIAN_POINT('Ctrl Pts',(0.0830182778680387,-0.0182473433634898,
0.0335736998278621));
#4656=CARTESIAN_POINT('Ctrl Pts',(0.0830182778680387,-0.0182473433634898,
0.0325590872875391));
#4657=CARTESIAN_POINT('Ctrl Pts',(0.0830520750100188,-0.0180956874277564,
0.0315696643822971));
#4658=CARTESIAN_POINT('Ctrl Pts',(0.0831185923668709,-0.017784813829499,
0.0306062039450895));
#4659=CARTESIAN_POINT('Ctrl Pts',(0.083118836954253,-0.0177836707329727,
0.0306026612567261));
#4660=CARTESIAN_POINT('Ctrl Pts',(0.0831190815185357,-0.0177825258023068,
0.0305991199110084));
#4661=CARTESIAN_POINT('Ctrl Pts',(0.0831193260614619,-0.0177813790050208,
0.0305955797976473));
#4662=CARTESIAN_POINT('Ctrl Pts',(0.0831397359239679,-0.0176856658503111,
0.0303001174505001));
#4663=CARTESIAN_POINT('Ctrl Pts',(0.0831599970204473,-0.0175965740717837,
0.0300311759676134));
#4664=CARTESIAN_POINT('Ctrl Pts',(0.0831811224005022,-0.0174980387530822,
0.0297448743740799));
#4665=CARTESIAN_POINT('Ctrl Pts',(0.0831987291440101,-0.0174159154455572,
0.029506259082421));
#4666=CARTESIAN_POINT('Ctrl Pts',(0.0832169362385664,-0.0173271604384752,
0.0292552730559388));
#4667=CARTESIAN_POINT('Ctrl Pts',(0.083236330165554,-0.0172302051964468,
0.0290000172102941));
#4668=CARTESIAN_POINT('Ctrl Pts',(0.0832490409443364,-0.0171666607356471,
0.0288327225417633));
#4669=CARTESIAN_POINT('Ctrl Pts',(0.0832622615259154,-0.0170997255741011,
0.0286641644882005));
#4670=CARTESIAN_POINT('Ctrl Pts',(0.0832761570203155,-0.0170317841674837,
0.0285088698445036));
#4671=CARTESIAN_POINT('',(-0.838943030038879,-0.0182473433634898,0.0335736998278621));
#4672=CARTESIAN_POINT('Origin',(-0.838943030038879,0.0252696758535263,0.0460939595467242));
#4673=CARTESIAN_POINT('',(0.0832492851756561,0.0252696758535263,0.0397730517274929));
#4674=CARTESIAN_POINT('',(0.0832492851756561,0.0252696758535263,0.));
#4675=CARTESIAN_POINT('',(0.0811569065591938,0.0252696758535263,0.0397730517274929));
#4676=CARTESIAN_POINT('',(-0.838943030038879,0.0252696758535263,0.0397730517274929));
#4677=CARTESIAN_POINT('',(0.0811569065591938,0.0252696758535263,0.));
#4678=CARTESIAN_POINT('Ctrl Pts',(-0.838943030038879,-0.0182473433634898,
0.0335736998278621));
#4679=CARTESIAN_POINT('Ctrl Pts',(0.838943030038879,-0.0182473433634898,
0.0335736998278621));
#4680=CARTESIAN_POINT('Ctrl Pts',(-0.838943030038879,-0.0182473433634898,
0.035761706380673));
#4681=CARTESIAN_POINT('Ctrl Pts',(0.838943030038879,-0.0182473433634898,
0.035761706380673));
#4682=CARTESIAN_POINT('Ctrl Pts',(-0.838943030038879,-0.0170723028073506,
0.0383143806922856));
#4683=CARTESIAN_POINT('Ctrl Pts',(0.838943030038879,-0.0170723028073506,
0.0383143806922856));
#4684=CARTESIAN_POINT('Ctrl Pts',(-0.838943030038879,-0.0158972622512114,
0.0388816416504218));
#4685=CARTESIAN_POINT('Ctrl Pts',(0.838943030038879,-0.0158972622512114,
0.0388816416504218));
#4686=CARTESIAN_POINT('',(0.085535238661713,-0.0158972622512114,0.0388816416504218));
#4687=CARTESIAN_POINT('Ctrl Pts',(0.0850648838250831,-0.0182473433634898,
0.0335736998278621));
#4688=CARTESIAN_POINT('Ctrl Pts',(0.0850648838250831,-0.0182473433634898,
0.0346967510207326));
#4689=CARTESIAN_POINT('Ctrl Pts',(0.0850902887725106,-0.0181321077094627,
0.0358300462668142));
#4690=CARTESIAN_POINT('Ctrl Pts',(0.0851641302427941,-0.0177783835032433,
0.0367556277398726));
#4691=CARTESIAN_POINT('Ctrl Pts',(0.0851721128253921,-0.0177401443852762,
0.0368556871039594));
#4692=CARTESIAN_POINT('Ctrl Pts',(0.0851803733506948,-0.0177004661380222,
0.0369497500084128));
#4693=CARTESIAN_POINT('Ctrl Pts',(0.0851888019939877,-0.0176598230854202,
0.0370380435364793));
#4694=CARTESIAN_POINT('Ctrl Pts',(0.0852324526639975,-0.0174493388573342,
0.0374953023768041));
#4695=CARTESIAN_POINT('Ctrl Pts',(0.085280612338505,-0.0172120224043099,
0.0378162029720713));
#4696=CARTESIAN_POINT('Ctrl Pts',(0.0853180264533594,-0.0170245223752038,
0.038029106874518));
#4697=CARTESIAN_POINT('Ctrl Pts',(0.0853815716659596,-0.0167060669137156,
0.0383907090077523));
#4698=CARTESIAN_POINT('Ctrl Pts',(0.0854550113877366,-0.0163289251953279,
0.0386732526429173));
#4699=CARTESIAN_POINT('Ctrl Pts',(0.085535238661713,-0.0158972622512114,
0.0388816416504218));
#4700=CARTESIAN_POINT('',(0.0835001619933531,-0.0158972622512114,0.0388816416504218));
#4701=CARTESIAN_POINT('Ctrl Pts',(0.0835001619933531,-0.0158972622512114,
0.0388816416504218));
#4702=CARTESIAN_POINT('Ctrl Pts',(0.0834179943277751,-0.0163288468396743,
0.0386732904697845));
#4703=CARTESIAN_POINT('Ctrl Pts',(0.0833427600889962,-0.0167059873144616,
0.0383907839642025));
#4704=CARTESIAN_POINT('Ctrl Pts',(0.0832776522235374,-0.0170244718019551,
0.0380291642985749));
#4705=CARTESIAN_POINT('Ctrl Pts',(0.0832391808481316,-0.0172126600675811,
0.0378154880274752));
#4706=CARTESIAN_POINT('Ctrl Pts',(0.0831899354544572,-0.0174494548840223,
0.0374950503188263));
#4707=CARTESIAN_POINT('Ctrl Pts',(0.0831452440985784,-0.0176598230854202,
0.0370380435364793));
#4708=CARTESIAN_POINT('Ctrl Pts',(0.0831361287388009,-0.0177027303054801,
0.0369448312997973));
#4709=CARTESIAN_POINT('Ctrl Pts',(0.0831272028301528,-0.0177445721720036,
0.0368451670390133));
#4710=CARTESIAN_POINT('Ctrl Pts',(0.0831185964308917,-0.0177847948359986,
0.0367387593906363));
#4711=CARTESIAN_POINT('Ctrl Pts',(0.0830439980875232,-0.0181334358888774,
0.0358164417000652));
#4712=CARTESIAN_POINT('Ctrl Pts',(0.0830182778680387,-0.0182473433634898,
0.0346902127956538));
#4713=CARTESIAN_POINT('Ctrl Pts',(0.0830182778680387,-0.0182473433634898,
0.0335736998278621));
#4714=CARTESIAN_POINT('',(-0.838943030038879,-0.0158972622512114,0.0388816416504218));
#4715=CARTESIAN_POINT('Origin',(-0.838943030038879,0.0252696758535263,0.0397730517274929));
#4716=CARTESIAN_POINT('',(0.0857845564165451,0.0144917176489394,0.0397730517274929));
#4717=CARTESIAN_POINT('Origin',(0.,0.,0.0397730517274929));
#4718=CARTESIAN_POINT('',(0.0837555378442728,0.0144917176489394,0.0397730517274929));
#4719=CARTESIAN_POINT('',(-0.838943030038879,0.0144917176489394,0.0397730517274929));
#4720=CARTESIAN_POINT('Origin',(0.,0.,0.0397730517274929));
#4721=CARTESIAN_POINT('Ctrl Pts',(-0.838943030038879,-0.0158972622512114,
0.0388816416504218));
#4722=CARTESIAN_POINT('Ctrl Pts',(0.838943030038879,-0.0158972622512114,
0.0388816416504218));
#4723=CARTESIAN_POINT('Ctrl Pts',(-0.838943030038879,-0.0145601471356048,
0.0395704585281585));
#4724=CARTESIAN_POINT('Ctrl Pts',(0.838943030038879,-0.0145601471356048,
0.0395704585281585));
#4725=CARTESIAN_POINT('Ctrl Pts',(-0.838943030038879,-0.011440211865856,
0.0397730517274929));
#4726=CARTESIAN_POINT('Ctrl Pts',(0.838943030038879,-0.011440211865856,
0.0397730517274929));
#4727=CARTESIAN_POINT('Ctrl Pts',(-0.838943030038879,-0.00860390707517521,
0.0397730517274929));
#4728=CARTESIAN_POINT('Ctrl Pts',(0.838943030038879,-0.00860390707517521,
0.0397730517274929));
#4729=CARTESIAN_POINT('',(0.086573510862398,-0.00860390707517521,0.0397730517274929));
#4730=CARTESIAN_POINT('Ctrl Pts',(0.085535238661713,-0.0158972622512114,
0.0388816416504218));
#4731=CARTESIAN_POINT('Ctrl Pts',(0.0856179887158491,-0.0154520254854114,
0.0391110060449248));
#4732=CARTESIAN_POINT('Ctrl Pts',(0.0857006797554244,-0.0149877883952255,
0.0392917545833435));
#4733=CARTESIAN_POINT('Ctrl Pts',(0.0857824073645809,-0.0145044333483068,
0.0394235786379541));
#4734=CARTESIAN_POINT('Ctrl Pts',(0.0859028433498858,-0.0137921484554965,
0.0396178380818282));
#4735=CARTESIAN_POINT('Ctrl Pts',(0.0859908402920602,-0.013214475220511,
0.0396578398213464));
#4736=CARTESIAN_POINT('Ctrl Pts',(0.086023225543131,-0.0130001795007304,
0.0396717551278257));
#4737=CARTESIAN_POINT('Ctrl Pts',(0.0861290005408101,-0.0123002581318033,
0.0397172045673664));
#4738=CARTESIAN_POINT('Ctrl Pts',(0.0862492819224229,-0.0114454531804518,
0.0397453430203571));
#4739=CARTESIAN_POINT('Ctrl Pts',(0.0863688226759654,-0.0104592624697097,
0.0397602491351166));
#4740=CARTESIAN_POINT('Ctrl Pts',(0.0864383005185545,-0.00988608218655668,
0.0397689126633627));
#4741=CARTESIAN_POINT('Ctrl Pts',(0.0865075278999564,-0.00926783529589631,
0.0397730517274929));
#4742=CARTESIAN_POINT('Ctrl Pts',(0.086573510862398,-0.00860390707517521,
0.0397730517274929));
#4743=CARTESIAN_POINT('',(0.0845634246175127,-0.00860390707517521,0.0397730517274929));
#4744=CARTESIAN_POINT('Ctrl Pts',(0.0845634246175127,-0.00860390707517521,
0.0397730517274929));
#4745=CARTESIAN_POINT('Ctrl Pts',(0.0844336433943587,-0.0098794606794921,
0.0397730517274929));
#4746=CARTESIAN_POINT('Ctrl Pts',(0.0842917940356009,-0.0109891425238933,
0.0397580171600363));
#4747=CARTESIAN_POINT('Ctrl Pts',(0.0841592334918793,-0.0119253587809217,
0.0397242855992582));
#4748=CARTESIAN_POINT('Ctrl Pts',(0.084126126860974,-0.0121591762140638,
0.0397158612348042));
#4749=CARTESIAN_POINT('Ctrl Pts',(0.0840935996077156,-0.0123819240405631,
0.0397062508351451));
#4750=CARTESIAN_POINT('Ctrl Pts',(0.0840619844233512,-0.0125929652905201,
0.039695356183517));
#4751=CARTESIAN_POINT('Ctrl Pts',(0.0840411952006011,-0.0127317398585968,
0.0396881921784974));
#4752=CARTESIAN_POINT('Ctrl Pts',(0.0840204409525902,-0.0128675186524451,
0.0396803694686234));
#4753=CARTESIAN_POINT('Ctrl Pts',(0.0839993753381808,-0.0130001795007304,
0.0396717551278257));
#4754=CARTESIAN_POINT('Ctrl Pts',(0.0839340932759527,-0.0134112937262498,
0.0396450593988959));
#4755=CARTESIAN_POINT('Ctrl Pts',(0.0838658209381546,-0.0138476840544588,
0.0395871680126293));
#4756=CARTESIAN_POINT('Ctrl Pts',(0.0837842505888668,-0.0143247810894953,
0.0394701052164533));
#4757=CARTESIAN_POINT('Ctrl Pts',(0.0836906508213811,-0.01487223702094,
0.0393357788270362));
#4758=CARTESIAN_POINT('Ctrl Pts',(0.0835955170665814,-0.0153964109765934,
0.0391396559434068));
#4759=CARTESIAN_POINT('Ctrl Pts',(0.0835001619933531,-0.0158972622512114,
0.0388816416504218));
#4760=CARTESIAN_POINT('',(-0.838943030038879,-0.00860390707517521,0.0397730517274929));
#4761=CARTESIAN_POINT('Origin',(-0.838943030038879,0.0144917176489394,0.0397730517274929));
#4762=CARTESIAN_POINT('',(0.0857845564165451,0.0144917176489394,0.0281442020857018));
#4763=CARTESIAN_POINT('',(0.0857845564165451,0.0144917176489394,0.));
#4764=CARTESIAN_POINT('',(0.0837555378442728,0.0144917176489394,0.0281442020857018));
#4765=CARTESIAN_POINT('',(-0.838943030038879,0.0144917176489394,0.0281442020857018));
#4766=CARTESIAN_POINT('',(0.0837555378442728,0.0144917176489394,0.));
#4767=CARTESIAN_POINT('Origin',(-0.838943030038879,0.00926481310611349,
0.0397730517274929));
#4768=CARTESIAN_POINT('',(0.086505278671933,0.00926481310611349,0.0397730517274929));
#4769=CARTESIAN_POINT('Origin',(0.,0.,0.0397730517274929));
#4770=CARTESIAN_POINT('',(0.085,1.04094977927525E-17,0.0397730517274929));
#4771=CARTESIAN_POINT('Origin',(0.,0.,0.0397730517274929));
#4772=CARTESIAN_POINT('',(0.0844935692115606,0.00926481310611349,0.0397730517274929));
#4773=CARTESIAN_POINT('Origin',(0.,0.,0.0397730517274929));
#4774=CARTESIAN_POINT('',(-0.838943030038879,0.00926481310611349,0.0397730517274929));
#4775=CARTESIAN_POINT('Origin',(-0.838943030038879,0.0144917176489394,0.0281442020857018));
#4776=CARTESIAN_POINT('',(0.086505278671933,0.00926481310611349,0.0281442020857018));
#4777=CARTESIAN_POINT('Origin',(0.,0.,0.0281442020857018));
#4778=CARTESIAN_POINT('',(0.0844935692115606,0.00926481310611349,0.0281442020857018));
#4779=CARTESIAN_POINT('',(-0.838943030038879,0.00926481310611349,0.0281442020857018));
#4780=CARTESIAN_POINT('Origin',(0.,0.,0.0281442020857018));
#4781=CARTESIAN_POINT('Origin',(-0.838943030038879,0.00926481310611349,
0.0281442020857018));
#4782=CARTESIAN_POINT('',(0.086505278671933,0.00926481310611349,0.));
#4783=CARTESIAN_POINT('',(0.0844935692115606,0.00926481310611349,0.));
#4784=CARTESIAN_POINT('Origin',(0.,0.,0.));
#4785=CARTESIAN_POINT('Origin',(0.,0.,0.));
#4786=CARTESIAN_POINT('',(0.0852676841948825,-0.0172748960066849,0.0973095203384452));
#4787=CARTESIAN_POINT('',(0.0869776600836671,0.0019714579300773,0.0913127616381487));
#4788=CARTESIAN_POINT('Ctrl Pts',(0.0852676841948825,-0.0172748960066849,
0.0973095203384452));
#4789=CARTESIAN_POINT('Ctrl Pts',(0.085498324192013,-0.0161364730355469,
0.0963099294369581));
#4790=CARTESIAN_POINT('Ctrl Pts',(0.0857273799237921,-0.0148877188110127,
0.0954584639396354));
#4791=CARTESIAN_POINT('Ctrl Pts',(0.0861646969579738,-0.0121145886214259,
0.093959474604791));
#4792=CARTESIAN_POINT('Ctrl Pts',(0.0863678158390375,-0.0105852526430267,
0.0933390887841096));
#4793=CARTESIAN_POINT('Ctrl Pts',(0.0868995282901571,-0.00548974074392844,
0.0917454309114751));
#4794=CARTESIAN_POINT('Ctrl Pts',(0.0870623316494283,-0.00176411996543539,
0.0913127616381487));
#4795=CARTESIAN_POINT('Ctrl Pts',(0.0869776600836671,0.0019714579300773,
0.0913127616381487));
#4796=CARTESIAN_POINT('',(0.0843628080617735,0.0212583305067064,0.0973095203384452));
#4797=CARTESIAN_POINT('Ctrl Pts',(0.0869776600836671,0.0019714579300773,
0.0913127616381487));
#4798=CARTESIAN_POINT('Ctrl Pts',(0.0868434772289046,0.0078913969521212,
0.0913127616381487));
#4799=CARTESIAN_POINT('Ctrl Pts',(0.0862207424392998,0.011852148939162,
0.0924199897406038));
#4800=CARTESIAN_POINT('Ctrl Pts',(0.0854115475186494,0.0167562040042344,
0.0942236967305074));
#4801=CARTESIAN_POINT('Ctrl Pts',(0.0848880819089846,0.0191738029028963,
0.0955300455547048));
#4802=CARTESIAN_POINT('Ctrl Pts',(0.0843628080617734,0.0212583305067064,
0.0973095203384452));
#4803=CARTESIAN_POINT('',(0.0823626283542364,0.0280249433644733,0.113435939005459));
#4804=CARTESIAN_POINT('Ctrl Pts',(0.0843628080617734,0.0212583305067064,
0.0973095203384452));
#4805=CARTESIAN_POINT('Ctrl Pts',(0.0840741219509324,0.0224039694340575,
0.0983246434386297));
#4806=CARTESIAN_POINT('Ctrl Pts',(0.0837945747710759,0.0234158543715014,
0.0994626355843113));
#4807=CARTESIAN_POINT('Ctrl Pts',(0.0832234164820549,0.0253800375833582,
0.102292219135257));
#4808=CARTESIAN_POINT('Ctrl Pts',(0.0830018863186348,0.0260746829849655,
0.10378242146619));
#4809=CARTESIAN_POINT('Ctrl Pts',(0.0825204974096873,0.0275798045181483,
0.107592161627981));
#4810=CARTESIAN_POINT('Ctrl Pts',(0.0823626283542364,0.0280249433644733,
0.110483781857752));
#4811=CARTESIAN_POINT('Ctrl Pts',(0.0823626283542364,0.0280249433644733,
0.113435939005459));
#4812=CARTESIAN_POINT('',(0.0843628080617735,0.0212583305067064,0.129521839032605));
#4813=CARTESIAN_POINT('Ctrl Pts',(0.0823626283542364,0.0280249433644733,
0.113435939005459));
#4814=CARTESIAN_POINT('Ctrl Pts',(0.0823626283542364,0.0280249433644733,
0.115227977836902));
#4815=CARTESIAN_POINT('Ctrl Pts',(0.0824192203849369,0.0278608731740551,
0.117011744249497));
#4816=CARTESIAN_POINT('Ctrl Pts',(0.0825440601107746,0.0274859626067522,
0.11875966107353));
#4817=CARTESIAN_POINT('Ctrl Pts',(0.082637300164286,0.0272059501257669,
0.120065141817843));
#4818=CARTESIAN_POINT('Ctrl Pts',(0.0827666546535317,0.0268159714670205,
0.121319113306456));
#4819=CARTESIAN_POINT('Ctrl Pts',(0.0829288322910791,0.0263029011701314,
0.12253237365557));
#4820=CARTESIAN_POINT('Ctrl Pts',(0.0829717624401397,0.0261670859945181,
0.122853536600256));
#4821=CARTESIAN_POINT('Ctrl Pts',(0.0830169925640572,0.0260231517712498,
0.12317086878646));
#4822=CARTESIAN_POINT('Ctrl Pts',(0.0830644616136156,0.0258707405545487,
0.123484466211036));
#4823=CARTESIAN_POINT('Ctrl Pts',(0.0834177595774263,0.0247363893715492,
0.125818478216536));
#4824=CARTESIAN_POINT('Ctrl Pts',(0.0838758607383994,0.0231907608810026,
0.127825070899077));
#4825=CARTESIAN_POINT('Ctrl Pts',(0.0843628080617734,0.0212583305067064,
0.129521839032605));
#4826=CARTESIAN_POINT('',(0.0869776600836671,0.0019714579300773,0.135518597732902));
#4827=CARTESIAN_POINT('Ctrl Pts',(0.0843628080617734,0.0212583305067064,
0.129521839032605));
#4828=CARTESIAN_POINT('Ctrl Pts',(0.0851110812020578,0.0182888394033635,
0.132002237483633));
#4829=CARTESIAN_POINT('Ctrl Pts',(0.0857037328680273,0.0151088779510407,
0.133281346678887));
#4830=CARTESIAN_POINT('Ctrl Pts',(0.0865121943960125,0.0097730205016168,
0.135022281846616));
#4831=CARTESIAN_POINT('Ctrl Pts',(0.0868849421803183,0.0060620277353522,
0.135518597732902));
#4832=CARTESIAN_POINT('Ctrl Pts',(0.0869776600836671,0.0019714579300773,
0.135518597732902));
#4833=CARTESIAN_POINT('',(0.0852676841948825,-0.0172748960066849,0.129562357672472));
#4834=CARTESIAN_POINT('Ctrl Pts',(0.0869776600836671,0.0019714579300773,
0.135518597732902));
#4835=CARTESIAN_POINT('Ctrl Pts',(0.087074241157637,-0.00228954895934876,
0.135518597732902));
#4836=CARTESIAN_POINT('Ctrl Pts',(0.0868465098668346,-0.0065241108706686,
0.134971760241181));
#4837=CARTESIAN_POINT('Ctrl Pts',(0.086064505510548,-0.0129686054222107,
0.132564669619681));
#4838=CARTESIAN_POINT('Ctrl Pts',(0.0856720072003259,-0.0152791857964739,
0.131290350659362));
#4839=CARTESIAN_POINT('Ctrl Pts',(0.0852676841948825,-0.0172748960066849,
0.129562357672472));
#4840=CARTESIAN_POINT('',(0.0836005738693296,-0.0240820275043187,0.113435939005459));
#4841=CARTESIAN_POINT('Ctrl Pts',(0.0852676841948825,-0.0172748960066849,
0.129562357672472));
#4842=CARTESIAN_POINT('Ctrl Pts',(0.0850348188699812,-0.0184243030407964,
0.128551433413555));
#4843=CARTESIAN_POINT('Ctrl Pts',(0.0848025993328422,-0.0194513047541157,
0.127425879103369));
#4844=CARTESIAN_POINT('Ctrl Pts',(0.0843774448510023,-0.0212194797762534,
0.124936137542003));
#4845=CARTESIAN_POINT('Ctrl Pts',(0.0841887057536473,-0.0219454338792602,
0.123594800160066));
#4846=CARTESIAN_POINT('Ctrl Pts',(0.0837384584022204,-0.0236264502631392,
0.119410782517641));
#4847=CARTESIAN_POINT('Ctrl Pts',(0.0836005738693296,-0.0240820275043187,
0.116449881134544));
#4848=CARTESIAN_POINT('Ctrl Pts',(0.0836005738693296,-0.0240820275043187,
0.113435939005459));
#4849=CARTESIAN_POINT('Ctrl Pts',(0.0836005738693298,-0.0240820275043187,
0.113435939005459));
#4850=CARTESIAN_POINT('Ctrl Pts',(0.0836005738693298,-0.0240820275043187,
0.111653582264363));
#4851=CARTESIAN_POINT('Ctrl Pts',(0.0836486621908159,-0.0239175480602333,
0.109881325159796));
#4852=CARTESIAN_POINT('Ctrl Pts',(0.0837527139899405,-0.0235474605704964,
0.108140954440117));
#4853=CARTESIAN_POINT('Ctrl Pts',(0.0838274236573395,-0.0232817360611709,
0.106891360308038));
#4854=CARTESIAN_POINT('Ctrl Pts',(0.083931573323836,-0.0229062303457337,
0.10565104664406));
#4855=CARTESIAN_POINT('Ctrl Pts',(0.0840613234562898,-0.0224207632697771,
0.104461060274947));
#4856=CARTESIAN_POINT('Ctrl Pts',(0.0841011373211832,-0.0222717975600178,
0.104095912620537));
#4857=CARTESIAN_POINT('Ctrl Pts',(0.0841433616516154,-0.0221116679296926,
0.10373639835301));
#4858=CARTESIAN_POINT('Ctrl Pts',(0.0841878855152898,-0.0219408279804867,
0.103383471659796));
#4859=CARTESIAN_POINT('Ctrl Pts',(0.0844839733321982,-0.0208047264963256,
0.101036476464442));
#4860=CARTESIAN_POINT('Ctrl Pts',(0.0848739308165017,-0.0192184352734612,
0.0990270666672243));
#4861=CARTESIAN_POINT('Ctrl Pts',(0.0852676841948827,-0.0172748960066849,
0.0973095203384452));
#4862=CARTESIAN_POINT('',(0.0869776600836671,0.0019714579300773,0.0982414490553832));
#4863=CARTESIAN_POINT('',(0.0850474600619978,-0.0183283806432235,0.113395420365592));
#4864=CARTESIAN_POINT('Ctrl Pts',(0.0869776600836671,0.0019714579300773,
0.0982414490553831));
#4865=CARTESIAN_POINT('Ctrl Pts',(0.0870575785343517,-0.00155441991494974,
0.0982414490553831));
#4866=CARTESIAN_POINT('Ctrl Pts',(0.0869155769708086,-0.00472215834817042,
0.0986358370455017));
#4867=CARTESIAN_POINT('Ctrl Pts',(0.0865097110966553,-0.00943055762055398,
0.10009607173305));
#4868=CARTESIAN_POINT('Ctrl Pts',(0.0862808860513149,-0.0112831819987778,
0.100969400938502));
#4869=CARTESIAN_POINT('Ctrl Pts',(0.0858845001345616,-0.0139251285275579,
0.102977618951812));
#4870=CARTESIAN_POINT('Ctrl Pts',(0.0856576508724156,-0.0152630033953568,
0.104187905850881));
#4871=CARTESIAN_POINT('Ctrl Pts',(0.0852778838689607,-0.0172495943599461,
0.107382457624857));
#4872=CARTESIAN_POINT('Ctrl Pts',(0.0851543515582466,-0.0178275597783187,
0.108986070956805));
#4873=CARTESIAN_POINT('Ctrl Pts',(0.0850619045276071,-0.0182618564141,0.111591538010921));
#4874=CARTESIAN_POINT('Ctrl Pts',(0.0850474600619978,-0.0183283806432235,
0.112492684792995));
#4875=CARTESIAN_POINT('Ctrl Pts',(0.0850474600619978,-0.0183283806432235,
0.113395420365592));
#4876=CARTESIAN_POINT('',(0.0869776600836671,0.0019714579300773,0.128589910315667));
#4877=CARTESIAN_POINT('Ctrl Pts',(0.0850474600619978,-0.0183283806432235,
0.113395420365592));
#4878=CARTESIAN_POINT('Ctrl Pts',(0.0850474600619978,-0.0183283806432235,
0.115098505293845));
#4879=CARTESIAN_POINT('Ctrl Pts',(0.0851000169256777,-0.0180918551152576,
0.1167780908148));
#4880=CARTESIAN_POINT('Ctrl Pts',(0.0853257521270509,-0.0169945793766461,
0.119914731278051));
#4881=CARTESIAN_POINT('Ctrl Pts',(0.0854865323339761,-0.0161925750034262,
0.121289982363253));
#4882=CARTESIAN_POINT('Ctrl Pts',(0.0858446611904258,-0.0141657697086644,
0.123644814978106));
#4883=CARTESIAN_POINT('Ctrl Pts',(0.086102016554487,-0.0126841438639895,
0.125026206901082));
#4884=CARTESIAN_POINT('Ctrl Pts',(0.0866685392905294,-0.00796392270986063,
0.127381882859917));
#4885=CARTESIAN_POINT('Ctrl Pts',(0.0869084309451869,-0.00511983650414253,
0.128103042819905));
#4886=CARTESIAN_POINT('Ctrl Pts',(0.0870073008988199,-0.00062473472122714,
0.128536437405959));
#4887=CARTESIAN_POINT('Ctrl Pts',(0.0870070122440855,0.000676486227843812,
0.128589910315667));
#4888=CARTESIAN_POINT('Ctrl Pts',(0.0869776600836671,0.0019714579300773,
0.128589910315667));
#4889=CARTESIAN_POINT('',(0.0853059542457365,0.017084910600419,0.124497527689113));
#4890=CARTESIAN_POINT('Ctrl Pts',(0.0869776600836671,0.0019714579300773,
0.128589910315667));
#4891=CARTESIAN_POINT('Ctrl Pts',(0.0869166207297579,0.00466441936488119,
0.128589910315667));
#4892=CARTESIAN_POINT('Ctrl Pts',(0.0867257531332212,0.00737987497074875,
0.128349701541726));
#4893=CARTESIAN_POINT('Ctrl Pts',(0.0862173447473281,0.0117853441195098,
0.12727935800349));
#4894=CARTESIAN_POINT('Ctrl Pts',(0.0858942134134643,0.0139780622916146,
0.126551391551366));
#4895=CARTESIAN_POINT('Ctrl Pts',(0.0854471314785963,0.0163686825086748,
0.125026977274696));
#4896=CARTESIAN_POINT('Ctrl Pts',(0.0853763814161455,0.0167332636344455,
0.124771030884871));
#4897=CARTESIAN_POINT('Ctrl Pts',(0.0853059542457365,0.017084910600419,
0.124497527689113));
#4898=CARTESIAN_POINT('',(0.0841010662956101,0.0222712965033781,0.113395420365592));
#4899=CARTESIAN_POINT('Ctrl Pts',(0.0853059542457365,0.017084910600419,
0.124497527689113));
#4900=CARTESIAN_POINT('Ctrl Pts',(0.0851429379876313,0.0178988602768598,
0.1238685665755));
#4901=CARTESIAN_POINT('Ctrl Pts',(0.0849796994470939,0.0186524270785836,
0.123165083124475));
#4902=CARTESIAN_POINT('Ctrl Pts',(0.0846869845834712,0.0199379609971693,
0.121635625126973));
#4903=CARTESIAN_POINT('Ctrl Pts',(0.0845585923794637,0.0204704564858117,
0.12083188900245));
#4904=CARTESIAN_POINT('Ctrl Pts',(0.0843109107385556,0.0214713209618671,
0.118795480184363));
#4905=CARTESIAN_POINT('Ctrl Pts',(0.0841598516444457,0.0220488323922522,
0.11714613727142));
#4906=CARTESIAN_POINT('Ctrl Pts',(0.0841053165677135,0.0222552689417025,
0.114336562706408));
#4907=CARTESIAN_POINT('Ctrl Pts',(0.0841010662956102,0.0222712965033781,
0.113865811936791));
#4908=CARTESIAN_POINT('Ctrl Pts',(0.0841010662956102,0.0222712965033781,
0.113395420365592));
#4909=CARTESIAN_POINT('',(0.0853059542457365,0.017084910600419,0.102333831681937));
#4910=CARTESIAN_POINT('Ctrl Pts',(0.0841010662956102,0.0222712965033781,
0.113395420365592));
#4911=CARTESIAN_POINT('Ctrl Pts',(0.0841010662956102,0.0222712965033781,
0.112293429542491));
#4912=CARTESIAN_POINT('Ctrl Pts',(0.0841270519491545,0.022174101833968,
0.111195547418237));
#4913=CARTESIAN_POINT('Ctrl Pts',(0.0842385548730923,0.0217465379745788,
0.109099245366532));
#4914=CARTESIAN_POINT('Ctrl Pts',(0.0843197052056935,0.0214332473217321,
0.108116917636978));
#4915=CARTESIAN_POINT('Ctrl Pts',(0.0845488375578996,0.0205121827310437,
0.10610363224447));
#4916=CARTESIAN_POINT('Ctrl Pts',(0.084764104813388,0.0196633377673556,
0.104630793534956));
#4917=CARTESIAN_POINT('Ctrl Pts',(0.0851674619669766,0.0177654393154711,
0.102878970656044));
#4918=CARTESIAN_POINT('Ctrl Pts',(0.0852366083203024,0.0174311588472236,
0.102598927995897));
#4919=CARTESIAN_POINT('Ctrl Pts',(0.0853059542457365,0.017084910600419,
0.102333831681937));
#4920=CARTESIAN_POINT('Ctrl Pts',(0.0853059542457365,0.017084910600419,
0.102333831681937));
#4921=CARTESIAN_POINT('Ctrl Pts',(0.0856347884398746,0.0154430223063769,
0.101062692357517));
#4922=CARTESIAN_POINT('Ctrl Pts',(0.0859671755184198,0.0135161425100637,
0.100175369540745));
#4923=CARTESIAN_POINT('Ctrl Pts',(0.0864455181779207,0.00993658751343562,
0.0990469102353743));
#4924=CARTESIAN_POINT('Ctrl Pts',(0.0867486017668254,0.00748639261402405,
0.098453587945474));
#4925=CARTESIAN_POINT('Ctrl Pts',(0.086939676923436,0.00330719138334283,
0.0982561308942005));
#4926=CARTESIAN_POINT('Ctrl Pts',(0.0869625270516515,0.00263910378475516,
0.0982414490553831));
#4927=CARTESIAN_POINT('Ctrl Pts',(0.0869776600836671,0.0019714579300773,
0.0982414490553831));
#4928=CARTESIAN_POINT('Ctrl Pts',(-0.838943030038879,0.017084910600419,
0.124497527689113));
#4929=CARTESIAN_POINT('Ctrl Pts',(0.838943030038879,0.017084910600419,0.124497527689113));
#4930=CARTESIAN_POINT('Ctrl Pts',(-0.838943030038879,0.0145322362888063,
0.12648294104259));
#4931=CARTESIAN_POINT('Ctrl Pts',(0.838943030038879,0.0145322362888063,
0.12648294104259));
#4932=CARTESIAN_POINT('Ctrl Pts',(-0.838943030038879,0.00683369471410143,
0.128589910315667));
#4933=CARTESIAN_POINT('Ctrl Pts',(0.838943030038879,0.00683369471410143,
0.128589910315667));
#4934=CARTESIAN_POINT('Ctrl Pts',(-0.838943030038879,0.0019714579300773,
0.128589910315667));
#4935=CARTESIAN_POINT('Ctrl Pts',(0.838943030038879,0.0019714579300773,
0.128589910315667));
#4936=CARTESIAN_POINT('',(0.0849771342987626,0.0019714579300773,0.128589910315667));
#4937=CARTESIAN_POINT('',(-0.838943030038879,0.0019714579300773,0.128589910315667));
#4938=CARTESIAN_POINT('',(0.0832652738527634,0.017084910600419,0.124497527689113));
#4939=CARTESIAN_POINT('Ctrl Pts',(0.0832652738527633,0.017084910600419,
0.124497527689113));
#4940=CARTESIAN_POINT('Ctrl Pts',(0.0835470975607084,0.0157114103949409,
0.125565805626708));
#4941=CARTESIAN_POINT('Ctrl Pts',(0.0838311036487191,0.014145741257424,
0.126362635029914));
#4942=CARTESIAN_POINT('Ctrl Pts',(0.0844173408937945,0.0102038619533604,
0.127796108150317));
#4943=CARTESIAN_POINT('Ctrl Pts',(0.0848654273899648,0.00678643919150187,
0.128589910315667));
#4944=CARTESIAN_POINT('Ctrl Pts',(0.0849771342987626,0.0019714579300773,
0.128589910315667));
#4945=CARTESIAN_POINT('',(-0.838943030038879,0.017084910600419,0.124497527689113));
#4946=CARTESIAN_POINT('Ctrl Pts',(-0.838943030038879,0.0019714579300773,
0.128589910315667));
#4947=CARTESIAN_POINT('Ctrl Pts',(0.838943030038879,0.0019714579300773,
0.128589910315667));
#4948=CARTESIAN_POINT('Ctrl Pts',(-0.838943030038879,-0.00787457155757158,
0.128589910315667));
#4949=CARTESIAN_POINT('Ctrl Pts',(0.838943030038879,-0.00787457155757158,
0.128589910315667));
#4950=CARTESIAN_POINT('Ctrl Pts',(-0.838943030038879,-0.0183283806432235,
0.120324107782826));
#4951=CARTESIAN_POINT('Ctrl Pts',(0.838943030038879,-0.0183283806432235,
0.120324107782826));
#4952=CARTESIAN_POINT('Ctrl Pts',(-0.838943030038879,-0.0183283806432235,
0.113395420365592));
#4953=CARTESIAN_POINT('Ctrl Pts',(0.838943030038879,-0.0183283806432235,
0.113395420365592));
#4954=CARTESIAN_POINT('',(0.0830004244748008,-0.0183283806432235,0.113395420365592));
#4955=CARTESIAN_POINT('',(-0.838943030038879,-0.0183283806432235,0.113395420365592));
#4956=CARTESIAN_POINT('Ctrl Pts',(0.0849771342987626,0.0019714579300773,
0.128589910315667));
#4957=CARTESIAN_POINT('Ctrl Pts',(0.0850054534161699,0.000750799144297834,
0.128589910315667));
#4958=CARTESIAN_POINT('Ctrl Pts',(0.0850073636909705,-0.000475043486480839,
0.128542387059552));
#4959=CARTESIAN_POINT('Ctrl Pts',(0.0849435797915741,-0.00368181577320652,
0.128253705091739));
#4960=CARTESIAN_POINT('Ctrl Pts',(0.0848316356542153,-0.00567613332179151,
0.127906044548954));
#4961=CARTESIAN_POINT('Ctrl Pts',(0.0843980509871576,-0.0105237073674237,
0.126369553431416));
#4962=CARTESIAN_POINT('Ctrl Pts',(0.0841026580394287,-0.012373349547588,
0.12508648778485));
#4963=CARTESIAN_POINT('Ctrl Pts',(0.0837046589531319,-0.0148430777077145,
0.122992981037692));
#4964=CARTESIAN_POINT('Ctrl Pts',(0.0834952966282908,-0.0159444198018992,
0.121683563722275));
#4965=CARTESIAN_POINT('Ctrl Pts',(0.0832128596728331,-0.0173488595854703,
0.119038038145088));
#4966=CARTESIAN_POINT('Ctrl Pts',(0.0831239597607479,-0.0177616076791156,
0.117857818485565));
#4967=CARTESIAN_POINT('Ctrl Pts',(0.0830218229745685,-0.0182325622764627,
0.115558853443642));
#4968=CARTESIAN_POINT('Ctrl Pts',(0.0830004244748007,-0.0183283806432235,
0.114478939903273));
#4969=CARTESIAN_POINT('Ctrl Pts',(0.0830004244748007,-0.0183283806432235,
0.113395420365592));
#4970=CARTESIAN_POINT('Ctrl Pts',(-0.838943030038879,-0.0183283806432235,
0.113395420365592));
#4971=CARTESIAN_POINT('Ctrl Pts',(0.838943030038879,-0.0183283806432235,
0.113395420365592));
#4972=CARTESIAN_POINT('Ctrl Pts',(-0.838943030038879,-0.0183283806432235,
0.106466732948357));
#4973=CARTESIAN_POINT('Ctrl Pts',(0.838943030038879,-0.0183283806432235,
0.106466732948357));
#4974=CARTESIAN_POINT('Ctrl Pts',(-0.838943030038879,-0.00787457155757158,
0.0982414490553831));
#4975=CARTESIAN_POINT('Ctrl Pts',(0.838943030038879,-0.00787457155757158,
0.0982414490553831));
#4976=CARTESIAN_POINT('Ctrl Pts',(-0.838943030038879,0.0019714579300773,
0.0982414490553831));
#4977=CARTESIAN_POINT('Ctrl Pts',(0.838943030038879,0.0019714579300773,
0.0982414490553831));
#4978=CARTESIAN_POINT('',(0.0849771342987626,0.0019714579300773,0.0982414490553831));
#4979=CARTESIAN_POINT('',(-0.838943030038879,0.0019714579300773,0.0982414490553831));
#4980=CARTESIAN_POINT('Ctrl Pts',(0.0830004244748007,-0.0183283806432235,
0.113395420365592));
#4981=CARTESIAN_POINT('Ctrl Pts',(0.0830004244748007,-0.0183283806432235,
0.111699778177874));
#4982=CARTESIAN_POINT('Ctrl Pts',(0.0830537991210497,-0.0180939321136109,
0.110027059677131));
#4983=CARTESIAN_POINT('Ctrl Pts',(0.083280634080659,-0.0170181433130479,
0.106941672773189));
#4984=CARTESIAN_POINT('Ctrl Pts',(0.0834390131905759,-0.0162477342875235,
0.105601245811385));
#4985=CARTESIAN_POINT('Ctrl Pts',(0.0837790847473275,-0.0143812265267686,
0.10339018548138));
#4986=CARTESIAN_POINT('Ctrl Pts',(0.0840116599446921,-0.0130749853483065,
0.102130655097363));
#4987=CARTESIAN_POINT('Ctrl Pts',(0.084575707606534,-0.00879798995089706,
0.0997329067591739));
#4988=CARTESIAN_POINT('Ctrl Pts',(0.0848452961401797,-0.00602942753483736,
0.0989164568342451));
#4989=CARTESIAN_POINT('Ctrl Pts',(0.084980517744205,-0.00200808067494893,
0.0984164969286827));
#4990=CARTESIAN_POINT('Ctrl Pts',(0.0849964694849872,-0.00115338683942567,
0.0983441109084197));
#4991=CARTESIAN_POINT('Ctrl Pts',(0.0850021321127804,0.000456822206777121,
0.0982596488181452));
#4992=CARTESIAN_POINT('Ctrl Pts',(0.0849946886907626,0.00121479865586136,
0.0982414490553831));
#4993=CARTESIAN_POINT('Ctrl Pts',(0.0849771342987626,0.0019714579300773,
0.0982414490553831));
#4994=CARTESIAN_POINT('Ctrl Pts',(-0.838943030038879,0.0280249433644733,
0.113435939005459));
#4995=CARTESIAN_POINT('Ctrl Pts',(0.838943030038879,0.0280249433644733,
0.113435939005459));
#4996=CARTESIAN_POINT('Ctrl Pts',(-0.838943030038879,0.0280249433644733,
0.11846025034895));
#4997=CARTESIAN_POINT('Ctrl Pts',(0.838943030038879,0.0280249433644733,
0.11846025034895));
#4998=CARTESIAN_POINT('Ctrl Pts',(-0.838943030038879,0.0245808589757895,
0.126604496962191));
#4999=CARTESIAN_POINT('Ctrl Pts',(0.838943030038879,0.0245808589757895,
0.126604496962191));
#5000=CARTESIAN_POINT('Ctrl Pts',(-0.838943030038879,0.0212583305067064,
0.129521839032605));
#5001=CARTESIAN_POINT('Ctrl Pts',(0.838943030038879,0.0212583305067064,
0.129521839032605));
#5002=CARTESIAN_POINT('',(0.0802471342131173,0.0280249433644733,0.113435939005459));
#5003=CARTESIAN_POINT('',(-0.838943030038879,0.0280249433644733,0.113435939005459));
#5004=CARTESIAN_POINT('',(0.0822987447295986,0.0212583305067064,0.129521839032605));
#5005=CARTESIAN_POINT('Ctrl Pts',(0.0822987447295985,0.0212583305067064,
0.129521839032605));
#5006=CARTESIAN_POINT('Ctrl Pts',(0.0819567981956942,0.0225821301576754,
0.128359478363462));
#5007=CARTESIAN_POINT('Ctrl Pts',(0.0816250457426868,0.0237353967387233,
0.12704205441337));
#5008=CARTESIAN_POINT('Ctrl Pts',(0.0810502199546978,0.0256281469813886,
0.124130163416008));
#5009=CARTESIAN_POINT('Ctrl Pts',(0.0806793587661632,0.0267647905753897,
0.121983512490322));
#5010=CARTESIAN_POINT('Ctrl Pts',(0.0803098015944917,0.0278481478720953,
0.117146896938037));
#5011=CARTESIAN_POINT('Ctrl Pts',(0.0802471342131172,0.0280249433644733,
0.11529636671715));
#5012=CARTESIAN_POINT('Ctrl Pts',(0.0802471342131172,0.0280249433644733,
0.113435939005459));
#5013=CARTESIAN_POINT('',(-0.838943030038879,0.0212583305067064,0.129521839032605));
#5014=CARTESIAN_POINT('Ctrl Pts',(-0.838943030038879,0.0212583305067064,
0.129521839032605));
#5015=CARTESIAN_POINT('Ctrl Pts',(0.838943030038879,0.0212583305067064,
0.129521839032605));
#5016=CARTESIAN_POINT('Ctrl Pts',(-0.838943030038879,0.0178142461180226,
0.132398662463153));
#5017=CARTESIAN_POINT('Ctrl Pts',(0.838943030038879,0.0178142461180226,
0.132398662463153));
#5018=CARTESIAN_POINT('Ctrl Pts',(-0.838943030038879,0.0082518471094418,
0.135518597732902));
#5019=CARTESIAN_POINT('Ctrl Pts',(0.838943030038879,0.0082518471094418,
0.135518597732902));
#5020=CARTESIAN_POINT('Ctrl Pts',(-0.838943030038879,0.0019714579300773,
0.135518597732902));
#5021=CARTESIAN_POINT('Ctrl Pts',(0.838943030038879,0.0019714579300773,
0.135518597732902));
#5022=CARTESIAN_POINT('',(0.0849771342987626,0.0019714579300773,0.135518597732902));
#5023=CARTESIAN_POINT('Ctrl Pts',(0.0849771342987626,0.0019714579300773,
0.135518597732902));
#5024=CARTESIAN_POINT('Ctrl Pts',(0.0849042846113868,0.00511154911503516,
0.135518597732902));
#5025=CARTESIAN_POINT('Ctrl Pts',(0.0846512147306705,0.00826938944955372,
0.135229494192505));
#5026=CARTESIAN_POINT('Ctrl Pts',(0.0839697513663913,0.0133602539827554,
0.133937474797715));
#5027=CARTESIAN_POINT('Ctrl Pts',(0.0836477896813709,0.0151944657513336,
0.133229258342585));
#5028=CARTESIAN_POINT('Ctrl Pts',(0.0829948855357736,0.0184243260311847,
0.131606724537318));
#5029=CARTESIAN_POINT('Ctrl Pts',(0.0826486643146064,0.0199036642692348,
0.13065338377214));
#5030=CARTESIAN_POINT('Ctrl Pts',(0.0822987447295985,0.0212583305067064,
0.129521839032605));
#5031=CARTESIAN_POINT('',(-0.838943030038879,0.0019714579300773,0.135518597732902));
#5032=CARTESIAN_POINT('Ctrl Pts',(-0.838943030038879,0.0019714579300773,
0.135518597732902));
#5033=CARTESIAN_POINT('Ctrl Pts',(0.838943030038879,0.0019714579300773,
0.135518597732902));
#5034=CARTESIAN_POINT('Ctrl Pts',(-0.838943030038879,-0.00418737532968661,
0.135518597732902));
#5035=CARTESIAN_POINT('Ctrl Pts',(0.838943030038879,-0.00418737532968661,
0.135518597732902));
#5036=CARTESIAN_POINT('Ctrl Pts',(-0.838943030038879,-0.0139523675376018,
0.13243918110302));
#5037=CARTESIAN_POINT('Ctrl Pts',(0.838943030038879,-0.0139523675376018,
0.13243918110302));
#5038=CARTESIAN_POINT('Ctrl Pts',(-0.838943030038879,-0.0172748960066849,
0.129562357672472));
#5039=CARTESIAN_POINT('Ctrl Pts',(0.838943030038879,-0.0172748960066849,
0.129562357672472));
#5040=CARTESIAN_POINT('',(0.085,1.09052787774943E-9,0.135477790920035));
#5041=CARTESIAN_POINT('Ctrl Pts',(0.085,1.09247122742268E-9,0.135477790874183));
#5042=CARTESIAN_POINT('Ctrl Pts',(0.0849999986339811,0.000656892981982549,
0.135505459410645));
#5043=CARTESIAN_POINT('Ctrl Pts',(0.0849923775939402,0.00131441548361636,
0.135518597732902));
#5044=CARTESIAN_POINT('Ctrl Pts',(0.0849771342987626,0.0019714579300773,
0.135518597732902));
#5045=CARTESIAN_POINT('',(0.0832260654360052,-0.0172748960066849,0.129562357672472));
#5046=CARTESIAN_POINT('Ctrl Pts',(0.0832260654360052,-0.0172748960066849,
0.129562357672472));
#5047=CARTESIAN_POINT('Ctrl Pts',(0.0835440653225157,-0.0157428532463044,
0.130888882501582));
#5048=CARTESIAN_POINT('Ctrl Pts',(0.0838563963211559,-0.0140215299702555,
0.131950913678695));
#5049=CARTESIAN_POINT('Ctrl Pts',(0.0844173061579287,-0.0101444016932304,
0.133719358757486));
#5050=CARTESIAN_POINT('Ctrl Pts',(0.0847564371764962,-0.00739233349943188,
0.134654252924402));
#5051=CARTESIAN_POINT('Ctrl Pts',(0.0849721149774564,-0.00250700423786,
0.135319139691775));
#5052=CARTESIAN_POINT('Ctrl Pts',(0.0850000000161257,-0.00125467607685141,
0.135424943394161));
#5053=CARTESIAN_POINT('Ctrl Pts',(0.085,1.09245799196063E-9,0.135477790874183));
#5054=CARTESIAN_POINT('',(-0.838943030038879,-0.0172748960066849,0.129562357672472));
#5055=CARTESIAN_POINT('Ctrl Pts',(-0.838943030038879,0.0212583305067064,
0.0973095203384452));
#5056=CARTESIAN_POINT('Ctrl Pts',(0.838943030038879,0.0212583305067064,
0.0973095203384452));
#5057=CARTESIAN_POINT('Ctrl Pts',(-0.838943030038879,0.0244593030561889,
0.100145825129126));
#5058=CARTESIAN_POINT('Ctrl Pts',(0.838943030038879,0.0244593030561889,
0.100145825129126));
#5059=CARTESIAN_POINT('Ctrl Pts',(-0.838943030038879,0.0280249433644733,
0.108330590382233));
#5060=CARTESIAN_POINT('Ctrl Pts',(0.838943030038879,0.0280249433644733,
0.108330590382233));
#5061=CARTESIAN_POINT('Ctrl Pts',(-0.838943030038879,0.0280249433644733,
0.113435939005459));
#5062=CARTESIAN_POINT('Ctrl Pts',(0.838943030038879,0.0280249433644733,
0.113435939005459));
#5063=CARTESIAN_POINT('',(0.0822987447295986,0.0212583305067064,0.0973095203384452));
#5064=CARTESIAN_POINT('',(-0.838943030038879,0.0212583305067064,0.0973095203384452));
#5065=CARTESIAN_POINT('Ctrl Pts',(0.0802471342131172,0.0280249433644733,
0.113435939005459));
#5066=CARTESIAN_POINT('Ctrl Pts',(0.0802471342131172,0.0280249433644733,
0.111100130303224));
#5067=CARTESIAN_POINT('Ctrl Pts',(0.0803470872618184,0.0277458201294745,
0.108787720386925));
#5068=CARTESIAN_POINT('Ctrl Pts',(0.0807944458267631,0.0264151107815203,
0.104293649493706));
#5069=CARTESIAN_POINT('Ctrl Pts',(0.0810974116255785,0.0254750112240192,
0.102531782694969));
#5070=CARTESIAN_POINT('Ctrl Pts',(0.0816391082846605,0.0236863457697362,
0.0997724771175071));
#5071=CARTESIAN_POINT('Ctrl Pts',(0.0819625454172119,0.0225598805686759,
0.0984627925452536));
#5072=CARTESIAN_POINT('Ctrl Pts',(0.0822987447295985,0.0212583305067064,
0.0973095203384452));
#5073=CARTESIAN_POINT('Ctrl Pts',(-0.838943030038879,-0.0172748960066849,
0.129562357672472));
#5074=CARTESIAN_POINT('Ctrl Pts',(0.838943030038879,-0.0172748960066849,
0.129562357672472));
#5075=CARTESIAN_POINT('Ctrl Pts',(-0.838943030038879,-0.0206379431156349,
0.126604496962191));
#5076=CARTESIAN_POINT('Ctrl Pts',(0.838943030038879,-0.0206379431156349,
0.126604496962191));
#5077=CARTESIAN_POINT('Ctrl Pts',(-0.838943030038879,-0.0240820275043187,
0.118500768988817));
#5078=CARTESIAN_POINT('Ctrl Pts',(0.838943030038879,-0.0240820275043187,
0.118500768988817));
#5079=CARTESIAN_POINT('Ctrl Pts',(-0.838943030038879,-0.0240820275043187,
0.113435939005459));
#5080=CARTESIAN_POINT('Ctrl Pts',(0.838943030038879,-0.0240820275043187,
0.113435939005459));
#5081=CARTESIAN_POINT('',(0.0815172126074072,-0.0240820275043187,0.113435939005459));
#5082=CARTESIAN_POINT('Ctrl Pts',(0.0815172126074072,-0.0240820275043187,
0.113435939005459));
#5083=CARTESIAN_POINT('Ctrl Pts',(0.0815172126074072,-0.0240820275043187,
0.116041493048732));
#5084=CARTESIAN_POINT('Ctrl Pts',(0.0816215953009126,-0.0237412311539568,
0.118618777617199));
#5085=CARTESIAN_POINT('Ctrl Pts',(0.0820113776953258,-0.0223491141951838,
0.122779929396345));
#5086=CARTESIAN_POINT('Ctrl Pts',(0.0822254136128366,-0.0215648830234169,
0.124378783789164));
#5087=CARTESIAN_POINT('Ctrl Pts',(0.0827085019573897,-0.0196274431266371,
0.127230646560222));
#5088=CARTESIAN_POINT('Ctrl Pts',(0.0829667538942715,-0.0185241932141636,
0.128463578200834));
#5089=CARTESIAN_POINT('Ctrl Pts',(0.0832260654360052,-0.0172748960066849,
0.129562357672472));
#5090=CARTESIAN_POINT('',(-0.838943030038879,-0.0240820275043187,0.113435939005459));
#5091=CARTESIAN_POINT('Ctrl Pts',(-0.838943030038879,0.0019714579300773,
0.0913127616381487));
#5092=CARTESIAN_POINT('Ctrl Pts',(0.838943030038879,0.0019714579300773,
0.0913127616381487));
#5093=CARTESIAN_POINT('Ctrl Pts',(-0.838943030038879,0.00821132846957495,
0.0913127616381487));
#5094=CARTESIAN_POINT('Ctrl Pts',(0.838943030038879,0.00821132846957495,
0.0913127616381487));
#5095=CARTESIAN_POINT('Ctrl Pts',(-0.838943030038879,0.0179358020376232,
0.0944732155477644));
#5096=CARTESIAN_POINT('Ctrl Pts',(0.838943030038879,0.0179358020376232,
0.0944732155477644));
#5097=CARTESIAN_POINT('Ctrl Pts',(-0.838943030038879,0.0212583305067064,
0.0973095203384452));
#5098=CARTESIAN_POINT('Ctrl Pts',(0.838943030038879,0.0212583305067064,
0.0973095203384452));
#5099=CARTESIAN_POINT('',(0.0849771342987626,0.0019714579300773,0.0913127616381487));
#5100=CARTESIAN_POINT('',(-0.838943030038879,0.0019714579300773,0.0913127616381487));
#5101=CARTESIAN_POINT('Ctrl Pts',(0.0822987447295985,0.0212583305067064,
0.0973095203384452));
#5102=CARTESIAN_POINT('Ctrl Pts',(0.0826847914692364,0.019763802887563,
0.0960337040782008));
#5103=CARTESIAN_POINT('Ctrl Pts',(0.0830716317359678,0.0180947053839483,
0.094998714858152));
#5104=CARTESIAN_POINT('Ctrl Pts',(0.0838391000793381,0.0141688430230662,
0.0931605166213897));
#5105=CARTESIAN_POINT('Ctrl Pts',(0.0843189883614004,0.0113730325902889,
0.0921835308730223));
#5106=CARTESIAN_POINT('Ctrl Pts',(0.0848248219972531,0.00576920228304724,
0.0914220395514285));
#5107=CARTESIAN_POINT('Ctrl Pts',(0.0849331066608332,0.00386921209672786,
0.0913127616381487));
#5108=CARTESIAN_POINT('Ctrl Pts',(0.0849771342987626,0.0019714579300773,
0.0913127616381487));
#5109=CARTESIAN_POINT('Ctrl Pts',(-0.838943030038879,-0.0240820275043187,
0.113435939005459));
#5110=CARTESIAN_POINT('Ctrl Pts',(0.838943030038879,-0.0240820275043187,
0.113435939005459));
#5111=CARTESIAN_POINT('Ctrl Pts',(-0.838943030038879,-0.0240820275043187,
0.108533183581568));
#5112=CARTESIAN_POINT('Ctrl Pts',(0.838943030038879,-0.0240820275043187,
0.108533183581568));
#5113=CARTESIAN_POINT('Ctrl Pts',(-0.838943030038879,-0.0207594990352356,
0.100388936968327));
#5114=CARTESIAN_POINT('Ctrl Pts',(0.838943030038879,-0.0207594990352356,
0.100388936968327));
#5115=CARTESIAN_POINT('Ctrl Pts',(-0.838943030038879,-0.0172748960066849,
0.0973095203384452));
#5116=CARTESIAN_POINT('Ctrl Pts',(0.838943030038879,-0.0172748960066849,
0.0973095203384452));
#5117=CARTESIAN_POINT('',(0.0832260654360052,-0.0172748960066849,0.0973095203384452));
#5118=CARTESIAN_POINT('Ctrl Pts',(0.0832260654360052,-0.0172748960066849,
0.0973095203384452));
#5119=CARTESIAN_POINT('Ctrl Pts',(0.0829257551466778,-0.0187217147765919,
0.0985881043676653));
#5120=CARTESIAN_POINT('Ctrl Pts',(0.0826248463850653,-0.0199811986930351,
0.100037822415412));
#5121=CARTESIAN_POINT('Ctrl Pts',(0.0821997073347086,-0.0216483411288181,
0.102719289296116));
#5122=CARTESIAN_POINT('Ctrl Pts',(0.0818872527209334,-0.0228034891872362,
0.104806360304205));
#5123=CARTESIAN_POINT('Ctrl Pts',(0.0815710961800239,-0.0239025956919359,
0.109724476096345));
#5124=CARTESIAN_POINT('Ctrl Pts',(0.0815172126074072,-0.0240820275043187,
0.11157416223595));
#5125=CARTESIAN_POINT('Ctrl Pts',(0.0815172126074072,-0.0240820275043187,
0.113435939005459));
#5126=CARTESIAN_POINT('',(-0.838943030038879,-0.0172748960066849,0.0973095203384452));
#5127=CARTESIAN_POINT('Ctrl Pts',(-0.838943030038879,-0.0172748960066849,
0.0973095203384452));
#5128=CARTESIAN_POINT('Ctrl Pts',(0.838943030038879,-0.0172748960066849,
0.0973095203384452));
#5129=CARTESIAN_POINT('Ctrl Pts',(-0.838943030038879,-0.0139523675376018,
0.0943921782680307));
#5130=CARTESIAN_POINT('Ctrl Pts',(0.838943030038879,-0.0139523675376018,
0.0943921782680307));
#5131=CARTESIAN_POINT('Ctrl Pts',(-0.838943030038879,-0.00410633804995288,
0.0913127616381487));
#5132=CARTESIAN_POINT('Ctrl Pts',(0.838943030038879,-0.00410633804995288,
0.0913127616381487));
#5133=CARTESIAN_POINT('Ctrl Pts',(-0.838943030038879,0.0019714579300773,
0.0913127616381487));
#5134=CARTESIAN_POINT('Ctrl Pts',(0.838943030038879,0.0019714579300773,
0.0913127616381487));
#5135=CARTESIAN_POINT('',(0.085,9.47877493561353E-10,0.0913545604189739));
#5136=CARTESIAN_POINT('Ctrl Pts',(0.085,9.49633212487181E-10,0.0913545604597415));
#5137=CARTESIAN_POINT('Ctrl Pts',(0.0850000000143825,-0.00128734962328712,
0.0914100313311465));
#5138=CARTESIAN_POINT('Ctrl Pts',(0.0849706574160254,-0.00257185797111933,
0.0915223150085457));
#5139=CARTESIAN_POINT('Ctrl Pts',(0.0847357977035974,-0.00775698699269388,
0.0922521972060679));
#5140=CARTESIAN_POINT('Ctrl Pts',(0.0843119106754239,-0.0111492329579421,
0.093376037417799));
#5141=CARTESIAN_POINT('Ctrl Pts',(0.0836552992420039,-0.0151089365946362,
0.0956109611268526));
#5142=CARTESIAN_POINT('Ctrl Pts',(0.0834412896220666,-0.0162380004916193,
0.0963990754959485));
#5143=CARTESIAN_POINT('Ctrl Pts',(0.0832260654360052,-0.0172748960066849,
0.0973095203384452));
#5144=CARTESIAN_POINT('Ctrl Pts',(0.0849771342987626,0.0019714579300773,
0.0913127616381487));
#5145=CARTESIAN_POINT('Ctrl Pts',(0.0849923823973236,0.00131420844001534,
0.0913127616381487));
#5146=CARTESIAN_POINT('Ctrl Pts',(0.0849999994804109,0.000656739649475437,
0.0913262621323614));
#5147=CARTESIAN_POINT('Ctrl Pts',(0.085,9.49640328097502E-10,0.0913545604597412));
#5148=CARTESIAN_POINT('Ctrl Pts',(-0.838943030038879,0.0222712965033781,
0.113395420365592));
#5149=CARTESIAN_POINT('Ctrl Pts',(0.838943030038879,0.0222712965033781,
0.113395420365592));
#5150=CARTESIAN_POINT('Ctrl Pts',(-0.838943030038879,0.0222712965033781,
0.117001579313743));
#5151=CARTESIAN_POINT('Ctrl Pts',(0.838943030038879,0.0222712965033781,
0.117001579313743));
#5152=CARTESIAN_POINT('Ctrl Pts',(-0.838943030038879,0.0197591408316323,
0.122431077055903));
#5153=CARTESIAN_POINT('Ctrl Pts',(0.838943030038879,0.0197591408316323,
0.122431077055903));
#5154=CARTESIAN_POINT('Ctrl Pts',(-0.838943030038879,0.017084910600419,
0.124497527689113));
#5155=CARTESIAN_POINT('Ctrl Pts',(0.838943030038879,0.017084910600419,0.124497527689113));
#5156=CARTESIAN_POINT('',(0.0820304172368922,0.0222712965033781,0.113395420365592));
#5157=CARTESIAN_POINT('Ctrl Pts',(0.0820304172368922,0.0222712965033781,
0.113395420365592));
#5158=CARTESIAN_POINT('Ctrl Pts',(0.0820304172368922,0.0222712965033781,
0.115344821586055));
#5159=CARTESIAN_POINT('Ctrl Pts',(0.0821077882241665,0.0219967203679543,
0.117288875125381));
#5160=CARTESIAN_POINT('Ctrl Pts',(0.0823805210758343,0.0209421385519045,
0.119952475647455));
#5161=CARTESIAN_POINT('Ctrl Pts',(0.0825152106117309,0.0204214519620618,
0.120987126599085));
#5162=CARTESIAN_POINT('Ctrl Pts',(0.0828901274092755,0.0188353683433966,
0.122992208485831));
#5163=CARTESIAN_POINT('Ctrl Pts',(0.0830778014374,0.0179985789461402,0.123791511240147));
#5164=CARTESIAN_POINT('Ctrl Pts',(0.0832652738527635,0.017084910600419,
0.124497527689113));
#5165=CARTESIAN_POINT('',(-0.838943030038879,0.0222712965033781,0.113395420365592));
#5166=CARTESIAN_POINT('Ctrl Pts',(-0.838943030038879,0.017084910600419,
0.102333831681937));
#5167=CARTESIAN_POINT('Ctrl Pts',(0.838943030038879,0.017084910600419,0.102333831681937));
#5168=CARTESIAN_POINT('Ctrl Pts',(-0.838943030038879,0.0196781035518985,
0.104319245035413));
#5169=CARTESIAN_POINT('Ctrl Pts',(0.838943030038879,0.0196781035518985,
0.104319245035413));
#5170=CARTESIAN_POINT('Ctrl Pts',(-0.838943030038879,0.0222712965033781,
0.109910817337041));
#5171=CARTESIAN_POINT('Ctrl Pts',(0.838943030038879,0.0222712965033781,
0.109910817337041));
#5172=CARTESIAN_POINT('Ctrl Pts',(-0.838943030038879,0.0222712965033781,
0.113395420365592));
#5173=CARTESIAN_POINT('Ctrl Pts',(0.838943030038879,0.0222712965033781,
0.113395420365592));
#5174=CARTESIAN_POINT('',(0.0832652738527634,0.017084910600419,0.102333831681937));
#5175=CARTESIAN_POINT('Ctrl Pts',(0.0832652738527633,0.017084910600419,
0.102333831681937));
#5176=CARTESIAN_POINT('Ctrl Pts',(0.0830177166771741,0.0182914089252711,
0.103257556961902));
#5177=CARTESIAN_POINT('Ctrl Pts',(0.0827766843587706,0.0193324481517783,
0.10434732854896));
#5178=CARTESIAN_POINT('Ctrl Pts',(0.0825750261520837,0.0201584983563423,
0.105630829097062));
#5179=CARTESIAN_POINT('Ctrl Pts',(0.0825009062323536,0.02046211493541,0.106102582561311));
#5180=CARTESIAN_POINT('Ctrl Pts',(0.0824326938158198,0.0207341660367712,
0.10659637976842));
#5181=CARTESIAN_POINT('Ctrl Pts',(0.0823714311792768,0.0209747000276383,
0.107115031186227));
#5182=CARTESIAN_POINT('Ctrl Pts',(0.0822790846549491,0.0213372779265451,
0.107896839780745));
#5183=CARTESIAN_POINT('Ctrl Pts',(0.082202529536576,0.0216285383198705,
0.10872785647964));
#5184=CARTESIAN_POINT('Ctrl Pts',(0.0821453357375617,0.0218436218737468,
0.109620064539398));
#5185=CARTESIAN_POINT('Ctrl Pts',(0.0820661211312848,0.022141517088448,
0.110855791338262));
#5186=CARTESIAN_POINT('Ctrl Pts',(0.0820304172368919,0.0222712965033781,
0.112121854571062));
#5187=CARTESIAN_POINT('Ctrl Pts',(0.0820304172368919,0.0222712965033781,
0.113395420365592));
#5188=CARTESIAN_POINT('',(-0.838943030038879,0.017084910600419,0.102333831681937));
#5189=CARTESIAN_POINT('Ctrl Pts',(-0.838943030038879,0.0019714579300773,
0.0982414490553831));
#5190=CARTESIAN_POINT('Ctrl Pts',(0.838943030038879,0.0019714579300773,
0.0982414490553831));
#5191=CARTESIAN_POINT('Ctrl Pts',(-0.838943030038879,0.00691473199383518,
0.0982414490553831));
#5192=CARTESIAN_POINT('Ctrl Pts',(0.838943030038879,0.00691473199383518,
0.0982414490553831));
#5193=CARTESIAN_POINT('Ctrl Pts',(-0.838943030038879,0.0145727549286732,
0.100388936968327));
#5194=CARTESIAN_POINT('Ctrl Pts',(0.838943030038879,0.0145727549286732,
0.100388936968327));
#5195=CARTESIAN_POINT('Ctrl Pts',(-0.838943030038879,0.017084910600419,
0.102333831681937));
#5196=CARTESIAN_POINT('Ctrl Pts',(0.838943030038879,0.017084910600419,0.102333831681937));
#5197=CARTESIAN_POINT('Ctrl Pts',(0.0849771342987626,0.0019714579300773,
0.0982414490553831));
#5198=CARTESIAN_POINT('Ctrl Pts',(0.0848772025427071,0.00627888652161872,
0.0982414490553831));
#5199=CARTESIAN_POINT('Ctrl Pts',(0.084494483168802,0.00964470325026402,
0.0988630473409953));
#5200=CARTESIAN_POINT('Ctrl Pts',(0.0838521712104056,0.0140276451278544,
0.100420747670795));
#5201=CARTESIAN_POINT('Ctrl Pts',(0.0835570788652151,0.0156627653611694,
0.10123281601284));
#5202=CARTESIAN_POINT('Ctrl Pts',(0.0832652738527635,0.017084910600419,
0.102333831681937));
#5203=CARTESIAN_POINT('Origin',(-0.838943030038879,0.0207315881884371,0.0237681889800801));
#5204=CARTESIAN_POINT('',(0.0826072018184244,0.0272956078468697,0.0237681889800801));
#5205=CARTESIAN_POINT('',(0.0844937941578259,0.0207315881884371,0.0237681889800801));
#5206=CARTESIAN_POINT('Origin',(0.,0.,0.0237681889800801));
#5207=CARTESIAN_POINT('',(0.0804981353341176,0.0272956078468697,0.0237681889800801));
#5208=CARTESIAN_POINT('',(-0.838943030038879,0.0272956078468697,0.0237681889800801));
#5209=CARTESIAN_POINT('',(0.0824330106885892,0.0207315881884371,0.0237681889800801));
#5210=CARTESIAN_POINT('Origin',(0.,0.,0.0237681889800801));
#5211=CARTESIAN_POINT('',(-0.838943030038879,0.0207315881884371,0.0237681889800801));
#5212=CARTESIAN_POINT('Origin',(-0.838943030038879,0.0207315881884371,0.0165963897236445));
#5213=CARTESIAN_POINT('',(0.0844937941578259,0.0207315881884371,0.0165963897236445));
#5214=CARTESIAN_POINT('',(0.0844937941578259,0.0207315881884371,0.));
#5215=CARTESIAN_POINT('',(0.0824330106885892,0.0207315881884371,0.0165963897236445));
#5216=CARTESIAN_POINT('',(0.0824330106885892,0.0207315881884371,0.));
#5217=CARTESIAN_POINT('',(-0.838943030038879,0.0207315881884371,0.0165963897236445));
#5218=CARTESIAN_POINT('Origin',(-0.838943030038879,0.0272956078468697,0.0237681889800801));
#5219=CARTESIAN_POINT('',(0.0826072018184244,0.0272956078468697,0.0165963897236445));
#5220=CARTESIAN_POINT('',(0.0826072018184244,0.0272956078468697,0.));
#5221=CARTESIAN_POINT('',(0.0804981353341176,0.0272956078468697,0.0165963897236445));
#5222=CARTESIAN_POINT('',(-0.838943030038879,0.0272956078468697,0.0165963897236445));
#5223=CARTESIAN_POINT('',(0.0804981353341176,0.0272956078468697,0.));
#5224=CARTESIAN_POINT('Origin',(-0.838943030038879,0.0272956078468697,0.0165963897236445));
#5225=CARTESIAN_POINT('Origin',(0.,0.,0.0165963897236445));
#5226=CARTESIAN_POINT('Origin',(0.,0.,0.0165963897236445));
#5227=CARTESIAN_POINT('Origin',(0.,0.,0.));
#5228=CARTESIAN_POINT('Origin',(0.,0.,0.));
#5229=CARTESIAN_POINT('',(0.0857845564165451,0.0144917176489394,0.0233630025814114));
#5230=CARTESIAN_POINT('',(0.0838968784484072,-0.0230285428677802,0.0233630025814114));
#5231=CARTESIAN_POINT('Origin',(0.,0.,0.0233630025814114));
#5232=CARTESIAN_POINT('',(0.0838968784484072,-0.0230285428677802,0.01704209476218));
#5233=CARTESIAN_POINT('',(0.0838968784484072,-0.0230285428677802,0.));
#5234=CARTESIAN_POINT('',(0.0857845564165451,0.0144917176489394,0.01704209476218));
#5235=CARTESIAN_POINT('Origin',(0.,0.,0.01704209476218));
#5236=CARTESIAN_POINT('',(0.0857845564165451,0.0144917176489394,0.));
#5237=CARTESIAN_POINT('Origin',(-0.838943030038879,0.0144917176489394,0.01704209476218));
#5238=CARTESIAN_POINT('',(0.0818210621624213,-0.0230285428677802,0.01704209476218));
#5239=CARTESIAN_POINT('',(-0.838943030038879,-0.0230285428677802,0.01704209476218));
#5240=CARTESIAN_POINT('',(0.085,1.04094977927525E-17,0.01704209476218));
#5241=CARTESIAN_POINT('Origin',(0.,0.,0.01704209476218));
#5242=CARTESIAN_POINT('',(0.0837555378442728,0.0144917176489394,0.01704209476218));
#5243=CARTESIAN_POINT('Origin',(0.,0.,0.01704209476218));
#5244=CARTESIAN_POINT('',(-0.838943030038879,0.0144917176489394,0.01704209476218));
#5245=CARTESIAN_POINT('Origin',(-0.838943030038879,0.0144917176489394,0.0233630025814114));
#5246=CARTESIAN_POINT('',(0.0837555378442728,0.0144917176489394,0.0233630025814114));
#5247=CARTESIAN_POINT('',(0.0837555378442728,0.0144917176489394,0.));
#5248=CARTESIAN_POINT('',(-0.838943030038879,0.0144917176489394,0.0233630025814114));
#5249=CARTESIAN_POINT('Origin',(-0.838943030038879,-0.0230285428677802,
0.01704209476218));
#5250=CARTESIAN_POINT('',(0.0818210621624213,-0.0230285428677802,0.0233630025814114));
#5251=CARTESIAN_POINT('',(-0.838943030038879,-0.0230285428677802,0.0233630025814114));
#5252=CARTESIAN_POINT('',(0.0818210621624213,-0.0230285428677802,0.));
#5253=CARTESIAN_POINT('Origin',(-0.838943030038879,-0.0230285428677802,
0.0233630025814114));
#5254=CARTESIAN_POINT('',(0.085,1.04094977927525E-17,0.0233630025814114));
#5255=CARTESIAN_POINT('Origin',(0.,0.,0.0233630025814114));
#5256=CARTESIAN_POINT('Origin',(0.,0.,0.0233630025814114));
#5257=CARTESIAN_POINT('Origin',(-0.838943030038879,-0.0230285428677802,
-0.0369692521803548));
#5258=CARTESIAN_POINT('',(0.0849232284388256,-0.0188956416013597,-0.0369692521803548));
#5259=CARTESIAN_POINT('',(0.0838968784484072,-0.0230285428677802,-0.0369692521803548));
#5260=CARTESIAN_POINT('Origin',(0.,0.,-0.0369692521803548));
#5261=CARTESIAN_POINT('',(0.082873124283286,-0.0188956416013597,-0.0369692521803548));
#5262=CARTESIAN_POINT('',(-0.838943030038879,-0.0188956416013597,-0.0369692521803548));
#5263=CARTESIAN_POINT('',(0.0818210621624213,-0.0230285428677802,-0.0369692521803548));
#5264=CARTESIAN_POINT('Origin',(0.,0.,-0.0369692521803548));
#5265=CARTESIAN_POINT('',(-0.838943030038879,-0.0230285428677802,-0.0369692521803548));
#5266=CARTESIAN_POINT('Origin',(-0.838943030038879,-0.0230285428677802,
-0.0432901599995862));
#5267=CARTESIAN_POINT('',(0.0838968784484072,-0.0230285428677802,-0.0432901599995862));
#5268=CARTESIAN_POINT('',(0.0838968784484072,-0.0230285428677802,0.));
#5269=CARTESIAN_POINT('',(0.0818210621624213,-0.0230285428677802,-0.0432901599995862));
#5270=CARTESIAN_POINT('',(0.0818210621624213,-0.0230285428677802,0.));
#5271=CARTESIAN_POINT('',(-0.838943030038879,-0.0230285428677802,-0.0432901599995862));
#5272=CARTESIAN_POINT('Ctrl Pts',(-0.838943030038879,-0.0240820275043187,
-0.0255835143777649));
#5273=CARTESIAN_POINT('Ctrl Pts',(0.838943030038879,-0.0240820275043187,
-0.0255835143777649));
#5274=CARTESIAN_POINT('Ctrl Pts',(-0.838943030038879,-0.0240820275043187,
-0.0288250055671143));
#5275=CARTESIAN_POINT('Ctrl Pts',(0.838943030038879,-0.0240820275043187,
-0.0288250055671143));
#5276=CARTESIAN_POINT('Ctrl Pts',(-0.838943030038879,-0.0214483159129723,
-0.0340519101099403));
#5277=CARTESIAN_POINT('Ctrl Pts',(0.838943030038879,-0.0214483159129723,
-0.0340519101099403));
#5278=CARTESIAN_POINT('Ctrl Pts',(-0.838943030038879,-0.0188956416013597,
-0.0369692521803548));
#5279=CARTESIAN_POINT('Ctrl Pts',(0.838943030038879,-0.0188956416013597,
-0.0369692521803548));
#5280=CARTESIAN_POINT('',(0.0836005738693296,-0.0240820275043187,-0.0255835143777649));
#5281=CARTESIAN_POINT('Ctrl Pts',(0.0836005738693296,-0.0240820275043187,
-0.0255835143777649));
#5282=CARTESIAN_POINT('Ctrl Pts',(0.0836005738693296,-0.0240820275043187,
-0.026623150040286));
#5283=CARTESIAN_POINT('Ctrl Pts',(0.0836300870046869,-0.0239805038869438,
-0.0276556515141173));
#5284=CARTESIAN_POINT('Ctrl Pts',(0.083783981167307,-0.0234382469724439,
-0.0300666046080029));
#5285=CARTESIAN_POINT('Ctrl Pts',(0.0839125600294533,-0.0229723386641993,
-0.0310273116488983));
#5286=CARTESIAN_POINT('Ctrl Pts',(0.0842389123234886,-0.0217685967315259,
-0.0334162732842078));
#5287=CARTESIAN_POINT('Ctrl Pts',(0.0845995058043306,-0.0203505575983934,
-0.0353064910408877));
#5288=CARTESIAN_POINT('Ctrl Pts',(0.0849232284388256,-0.0188956416013597,
-0.0369692521803548));
#5289=CARTESIAN_POINT('',(0.0815172126074072,-0.0240820275043187,-0.0255835143777649));
#5290=CARTESIAN_POINT('',(-0.838943030038879,-0.0240820275043187,-0.0255835143777649));
#5291=CARTESIAN_POINT('Ctrl Pts',(0.082873124283286,-0.0188956416013597,
-0.0369692521803548));
#5292=CARTESIAN_POINT('Ctrl Pts',(0.0826278636394778,-0.0199713137719541,
-0.0357399125568182));
#5293=CARTESIAN_POINT('Ctrl Pts',(0.082367889390968,-0.0210078718910104,
-0.0344077830993275));
#5294=CARTESIAN_POINT('Ctrl Pts',(0.0821377529197794,-0.0218721179881888,
-0.0330205938118637));
#5295=CARTESIAN_POINT('Ctrl Pts',(0.0820403121028439,-0.0222380436726639,
-0.0324332516286951));
#5296=CARTESIAN_POINT('Ctrl Pts',(0.0819605698701514,-0.0225282778228105,
-0.0319086010888769));
#5297=CARTESIAN_POINT('Ctrl Pts',(0.0818948662989436,-0.0227651717086455,
-0.0314384578385273));
#5298=CARTESIAN_POINT('Ctrl Pts',(0.0817783588551995,-0.0231852386938927,
-0.0306047864370368));
#5299=CARTESIAN_POINT('Ctrl Pts',(0.0817059937257009,-0.0234340447588112,
-0.0298736886953875));
#5300=CARTESIAN_POINT('Ctrl Pts',(0.0816573645283586,-0.0236024109607256,
-0.0292672602915173));
#5301=CARTESIAN_POINT('Ctrl Pts',(0.0816527701403531,-0.0236183178582455,
-0.0292099661650013));
#5302=CARTESIAN_POINT('Ctrl Pts',(0.0816483876213532,-0.0236334725637307,
-0.0291537685472428));
#5303=CARTESIAN_POINT('Ctrl Pts',(0.0816441997622764,-0.0236479310971912,
-0.0290986762611157));
#5304=CARTESIAN_POINT('Ctrl Pts',(0.081556962057567,-0.0239491182311029,
-0.0279510434251456));
#5305=CARTESIAN_POINT('Ctrl Pts',(0.0815172126074072,-0.0240820275043187,
-0.0267732157432456));
#5306=CARTESIAN_POINT('Ctrl Pts',(0.0815172126074072,-0.0240820275043187,
-0.0255835143777649));
#5307=CARTESIAN_POINT('Origin',(-0.838943030038879,0.0144917176489394,-0.0432901599995862));
#5308=CARTESIAN_POINT('',(0.0857845564165451,0.0144917176489394,-0.0432901599995862));
#5309=CARTESIAN_POINT('Origin',(0.,0.,-0.0432901599995862));
#5310=CARTESIAN_POINT('',(0.085,1.04094977927525E-17,-0.0432901599995862));
#5311=CARTESIAN_POINT('Origin',(0.,0.,-0.0432901599995862));
#5312=CARTESIAN_POINT('',(0.0837555378442728,0.0144917176489394,-0.0432901599995862));
#5313=CARTESIAN_POINT('Origin',(0.,0.,-0.0432901599995862));
#5314=CARTESIAN_POINT('',(-0.838943030038879,0.0144917176489394,-0.0432901599995862));
#5315=CARTESIAN_POINT('Ctrl Pts',(-0.838943030038879,-0.0207189803953687,
-0.0172366745651901));
#5316=CARTESIAN_POINT('Ctrl Pts',(0.838943030038879,-0.0207189803953687,
-0.0172366745651901));
#5317=CARTESIAN_POINT('Ctrl Pts',(-0.838943030038879,-0.022461281909644,
-0.018816901519998));
#5318=CARTESIAN_POINT('Ctrl Pts',(0.838943030038879,-0.022461281909644,
-0.018816901519998));
#5319=CARTESIAN_POINT('Ctrl Pts',(-0.838943030038879,-0.0240820275043187,
-0.0231523959857528));
#5320=CARTESIAN_POINT('Ctrl Pts',(0.838943030038879,-0.0240820275043187,
-0.0231523959857528));
#5321=CARTESIAN_POINT('Ctrl Pts',(-0.838943030038879,-0.0240820275043187,
-0.0255835143777649));
#5322=CARTESIAN_POINT('Ctrl Pts',(0.838943030038879,-0.0240820275043187,
-0.0255835143777649));
#5323=CARTESIAN_POINT('',(0.0844968866371793,-0.0207189803953687,-0.0172366745651901));
#5324=CARTESIAN_POINT('Ctrl Pts',(0.0844968866371793,-0.0207189803953687,
-0.0172366745651901));
#5325=CARTESIAN_POINT('Ctrl Pts',(0.084357488236411,-0.021287479937448,
-0.0177522904289365));
#5326=CARTESIAN_POINT('Ctrl Pts',(0.0842272231316973,-0.0217939603818187,
-0.0183260611344331));
#5327=CARTESIAN_POINT('Ctrl Pts',(0.0841124407802017,-0.0222282996649978,
-0.0189637814934743));
#5328=CARTESIAN_POINT('Ctrl Pts',(0.0839540006532199,-0.0228278410603729,
-0.0198440605028243));
#5329=CARTESIAN_POINT('Ctrl Pts',(0.0838680704991764,-0.0231336822449037,
-0.0206155724168176));
#5330=CARTESIAN_POINT('Ctrl Pts',(0.0838297685025974,-0.0232716547069814,
-0.0209846487528754));
#5331=CARTESIAN_POINT('Ctrl Pts',(0.0837127678084253,-0.0236931176927672,
-0.0221120622398526));
#5332=CARTESIAN_POINT('Ctrl Pts',(0.0836408806745019,-0.0239431006466896,
-0.0232735350792373));
#5333=CARTESIAN_POINT('Ctrl Pts',(0.0836133775886106,-0.0240380275684578,
-0.0244648409945559));
#5334=CARTESIAN_POINT('Ctrl Pts',(0.0836048344887754,-0.0240675140840044,
-0.0248348883924746));
#5335=CARTESIAN_POINT('Ctrl Pts',(0.0836005738693298,-0.0240820275043187,
-0.0252078182256602));
#5336=CARTESIAN_POINT('Ctrl Pts',(0.0836005738693298,-0.0240820275043187,
-0.0255835143777649));
#5337=CARTESIAN_POINT('',(0.0824361804754219,-0.0207189803953687,-0.0172366745651901));
#5338=CARTESIAN_POINT('',(-0.838943030038879,-0.0207189803953687,-0.0172366745651901));
#5339=CARTESIAN_POINT('Ctrl Pts',(0.0815172126074072,-0.0240820275043187,
-0.0255835143777649));
#5340=CARTESIAN_POINT('Ctrl Pts',(0.0815172126074072,-0.0240820275043187,
-0.0240162872894747));
#5341=CARTESIAN_POINT('Ctrl Pts',(0.0815932171546126,-0.0238298579272293,
-0.0224967080029395));
#5342=CARTESIAN_POINT('Ctrl Pts',(0.0817470509860491,-0.0232899045744085,
-0.0210337789136243));
#5343=CARTESIAN_POINT('Ctrl Pts',(0.0817914943246116,-0.0231339094370368,
-0.0206111316181485));
#5344=CARTESIAN_POINT('Ctrl Pts',(0.0818822448495204,-0.0228187384965387,
-0.0198244000968841));
#5345=CARTESIAN_POINT('Ctrl Pts',(0.082046854332916,-0.0222106662230491,
-0.0189379839837218));
#5346=CARTESIAN_POINT('Ctrl Pts',(0.0821633981625363,-0.0217801498884093,
-0.0183103996773132));
#5347=CARTESIAN_POINT('Ctrl Pts',(0.0822952692971248,-0.0212796343997372,
-0.0177451747086872));
#5348=CARTESIAN_POINT('Ctrl Pts',(0.0824361804754218,-0.0207189803953687,
-0.0172366745651901));
#5349=CARTESIAN_POINT('Origin',(-0.838943030038879,0.0144917176489394,-0.0369692521803548));
#5350=CARTESIAN_POINT('',(0.0857845564165451,0.0144917176489394,-0.0369692521803548));
#5351=CARTESIAN_POINT('',(0.0857845564165451,0.0144917176489394,0.));
#5352=CARTESIAN_POINT('',(0.0837555378442728,0.0144917176489394,-0.0369692521803548));
#5353=CARTESIAN_POINT('',(0.0837555378442728,0.0144917176489394,0.));
#5354=CARTESIAN_POINT('',(-0.838943030038879,0.0144917176489394,-0.0369692521803548));
#5355=CARTESIAN_POINT('Ctrl Pts',(-0.838943030038879,-0.00985998491104813,
-0.0138331088163733));
#5356=CARTESIAN_POINT('Ctrl Pts',(0.838943030038879,-0.00985998491104813,
-0.0138331088163733));
#5357=CARTESIAN_POINT('Ctrl Pts',(-0.838943030038879,-0.0136687370585337,
-0.0138331088163732));
#5358=CARTESIAN_POINT('Ctrl Pts',(0.838943030038879,-0.0136687370585337,
-0.0138331088163732));
#5359=CARTESIAN_POINT('Ctrl Pts',(-0.838943030038879,-0.0189766788810934,
-0.0156159289705154));
#5360=CARTESIAN_POINT('Ctrl Pts',(0.838943030038879,-0.0189766788810934,
-0.0156159289705154));
#5361=CARTESIAN_POINT('Ctrl Pts',(-0.838943030038879,-0.0207189803953687,
-0.0172366745651901));
#5362=CARTESIAN_POINT('Ctrl Pts',(0.838943030038879,-0.0207189803953687,
-0.0172366745651901));
#5363=CARTESIAN_POINT('',(0.0864394626172207,-0.00985998491104814,-0.0138331088163733));
#5364=CARTESIAN_POINT('Ctrl Pts',(0.0864394626172207,-0.00985998491104813,
-0.0138331088163733));
#5365=CARTESIAN_POINT('Ctrl Pts',(0.086011872673007,-0.0136085347650088,
-0.0138331088163732));
#5366=CARTESIAN_POINT('Ctrl Pts',(0.085552580201407,-0.0158701741504753,
-0.014497374334202));
#5367=CARTESIAN_POINT('Ctrl Pts',(0.0850087934955447,-0.0185514127854432,
-0.0156092122480226));
#5368=CARTESIAN_POINT('Ctrl Pts',(0.084741831635838,-0.0197200369440475,
-0.0163074248430309));
#5369=CARTESIAN_POINT('Ctrl Pts',(0.0844968866371793,-0.0207189803953687,
-0.0172366745651901));
#5370=CARTESIAN_POINT('',(0.0844261849046485,-0.00985998491104814,-0.0138331088163733));
#5371=CARTESIAN_POINT('',(-0.838943030038879,-0.00985998491104814,-0.0138331088163733));
#5372=CARTESIAN_POINT('Ctrl Pts',(0.0824361804754218,-0.0207189803953687,
-0.0172366745651901));
#5373=CARTESIAN_POINT('Ctrl Pts',(0.0826827800093423,-0.0197378161056446,
-0.0163239635980049));
#5374=CARTESIAN_POINT('Ctrl Pts',(0.0829511532908331,-0.0185928563473698,
-0.0156340438198922));
#5375=CARTESIAN_POINT('Ctrl Pts',(0.0832085216578637,-0.0173592028478508,
-0.0151150352886213));
#5376=CARTESIAN_POINT('Ctrl Pts',(0.0832830538224899,-0.0170019450124039,
-0.0149647338753536));
#5377=CARTESIAN_POINT('Ctrl Pts',(0.0833529909950733,-0.016654564443376,
-0.014835982136473));
#5378=CARTESIAN_POINT('Ctrl Pts',(0.083418082081279,-0.0163227079698135,
-0.0147245188934443));
#5379=CARTESIAN_POINT('Ctrl Pts',(0.0835922230693698,-0.0154348780444085,
-0.014426316475751));
#5380=CARTESIAN_POINT('Ctrl Pts',(0.0837316783847536,-0.0146414489753357,
-0.0142626207982929));
#5381=CARTESIAN_POINT('Ctrl Pts',(0.0838316399066251,-0.0140447908703184,
-0.0141591955552384));
#5382=CARTESIAN_POINT('Ctrl Pts',(0.0840603604867701,-0.0126795856856358,
-0.0139225496824048));
#5383=CARTESIAN_POINT('Ctrl Pts',(0.0842630076843014,-0.0112571909211508,
-0.0138331088163733));
#5384=CARTESIAN_POINT('Ctrl Pts',(0.0844261849046483,-0.00985998491104813,
-0.0138331088163733));
#5385=CARTESIAN_POINT('Origin',(-0.838943030038879,-0.0135471811389331,
-0.0369692521803548));
#5386=CARTESIAN_POINT('',(0.0859387798562961,-0.0135471811389331,-0.0369692521803548));
#5387=CARTESIAN_POINT('Origin',(0.,0.,-0.0369692521803548));
#5388=CARTESIAN_POINT('Origin',(0.,0.,-0.0369692521803548));
#5389=CARTESIAN_POINT('',(-0.838943030038879,-0.0135471811389331,-0.0369692521803548));
#5390=CARTESIAN_POINT('Origin',(-0.838943030038879,-0.00985998491104814,
-0.0138331088163733));
#5391=CARTESIAN_POINT('',(0.0857845564165451,0.0144917176489394,-0.0138331088163733));
#5392=CARTESIAN_POINT('Origin',(0.,0.,-0.0138331088163733));
#5393=CARTESIAN_POINT('',(0.0837555378442728,0.0144917176489394,-0.0138331088163733));
#5394=CARTESIAN_POINT('',(-0.838943030038879,0.0144917176489394,-0.0138331088163733));
#5395=CARTESIAN_POINT('',(0.085,1.04094977927525E-17,-0.0138331088163733));
#5396=CARTESIAN_POINT('Origin',(0.,0.,-0.0138331088163733));
#5397=CARTESIAN_POINT('Origin',(0.,0.,-0.0138331088163733));
#5398=CARTESIAN_POINT('Ctrl Pts',(-0.838943030038879,-0.0135471811389331,
-0.0369692521803548));
#5399=CARTESIAN_POINT('Ctrl Pts',(0.838943030038879,-0.0135471811389331,
-0.0369692521803548));
#5400=CARTESIAN_POINT('Ctrl Pts',(-0.838943030038879,-0.0154515572126759,
-0.0347812456275439));
#5401=CARTESIAN_POINT('Ctrl Pts',(0.838943030038879,-0.0154515572126759,
-0.0347812456275439));
#5402=CARTESIAN_POINT('Ctrl Pts',(-0.838943030038879,-0.0180852688040223,
-0.029554341084718));
#5403=CARTESIAN_POINT('Ctrl Pts',(0.838943030038879,-0.0180852688040223,
-0.029554341084718));
#5404=CARTESIAN_POINT('Ctrl Pts',(-0.838943030038879,-0.0180852688040223,
-0.0272447786123065));
#5405=CARTESIAN_POINT('Ctrl Pts',(0.838943030038879,-0.0180852688040223,
-0.0272447786123065));
#5406=CARTESIAN_POINT('',(0.0850994891423342,-0.0180852688040223,-0.0272447786123065));
#5407=CARTESIAN_POINT('Ctrl Pts',(0.0859387798562962,-0.0135471811389331,
-0.0369692521803548));
#5408=CARTESIAN_POINT('Ctrl Pts',(0.0856490574814895,-0.0153850828494521,
-0.0348576204278436));
#5409=CARTESIAN_POINT('Ctrl Pts',(0.0853660606691632,-0.0167972263893849,
-0.0324664200383988));
#5410=CARTESIAN_POINT('Ctrl Pts',(0.085147734710832,-0.0178605886343138,
-0.0294294033428616));
#5411=CARTESIAN_POINT('Ctrl Pts',(0.0850994891423341,-0.0180852688040223,
-0.0283463186669367));
#5412=CARTESIAN_POINT('Ctrl Pts',(0.0850994891423341,-0.0180852688040223,
-0.0272447786123065));
#5413=CARTESIAN_POINT('',(-0.838943030038879,-0.0180852688040223,-0.0272447786123065));
#5414=CARTESIAN_POINT('Origin',(-0.838943030038879,0.0144917176489394,-0.0138331088163733));
#5415=CARTESIAN_POINT('',(0.0857845564165451,0.0144917176489394,-0.0201540166356046));
#5416=CARTESIAN_POINT('',(0.0857845564165451,0.0144917176489394,0.));
#5417=CARTESIAN_POINT('',(0.0837555378442728,0.0144917176489394,-0.0201540166356046));
#5418=CARTESIAN_POINT('',(-0.838943030038879,0.0144917176489394,-0.0201540166356046));
#5419=CARTESIAN_POINT('',(0.0837555378442728,0.0144917176489394,0.));
#5420=CARTESIAN_POINT('Ctrl Pts',(-0.838943030038879,-0.0180852688040223,
-0.0272447786123065));
#5421=CARTESIAN_POINT('Ctrl Pts',(0.838943030038879,-0.0180852688040223,
-0.0272447786123065));
#5422=CARTESIAN_POINT('Ctrl Pts',(-0.838943030038879,-0.0180852688040223,
-0.0247731415804276));
#5423=CARTESIAN_POINT('Ctrl Pts',(0.838943030038879,-0.0180852688040223,
-0.0247731415804276));
#5424=CARTESIAN_POINT('Ctrl Pts',(-0.838943030038879,-0.0167481536884156,
-0.0221394299890811));
#5425=CARTESIAN_POINT('Ctrl Pts',(0.838943030038879,-0.0167481536884156,
-0.0221394299890811));
#5426=CARTESIAN_POINT('Ctrl Pts',(-0.838943030038879,-0.0152894826532084,
-0.0213695758316107));
#5427=CARTESIAN_POINT('Ctrl Pts',(0.838943030038879,-0.0152894826532084,
-0.0213695758316107));
#5428=CARTESIAN_POINT('',(0.0856459673317853,-0.0152894826532084,-0.0213695758316107));
#5429=CARTESIAN_POINT('Ctrl Pts',(0.0850994891423343,-0.0180852688040223,
-0.0272447786123065));
#5430=CARTESIAN_POINT('Ctrl Pts',(0.0850994891423343,-0.0180852688040223,
-0.026182347591151));
#5431=CARTESIAN_POINT('Ctrl Pts',(0.0851194672395084,-0.0179932306719355,
-0.0251094263478241));
#5432=CARTESIAN_POINT('Ctrl Pts',(0.0851770829719501,-0.0177162224074297,
-0.0242095197038297));
#5433=CARTESIAN_POINT('Ctrl Pts',(0.0851905005689695,-0.0176517125052438,
-0.0239999487378367));
#5434=CARTESIAN_POINT('Ctrl Pts',(0.0852098302035402,-0.0175572393882621,
-0.0237330836402938));
#5435=CARTESIAN_POINT('Ctrl Pts',(0.0852387750375865,-0.017416711246219,
-0.0234562857847544));
#5436=CARTESIAN_POINT('Ctrl Pts',(0.0852659206055984,-0.0172849186012409,
-0.0231966942113128));
#5437=CARTESIAN_POINT('Ctrl Pts',(0.0853015231289619,-0.0171087458393443,
-0.0229111569671576));
#5438=CARTESIAN_POINT('Ctrl Pts',(0.0853486372214901,-0.0168703919466828,
-0.0226236192215167));
#5439=CARTESIAN_POINT('Ctrl Pts',(0.0854349590017714,-0.0164336832837886,
-0.0220967965922393));
#5440=CARTESIAN_POINT('Ctrl Pts',(0.0855384171381411,-0.015891938640785,
-0.0216875387139428));
#5441=CARTESIAN_POINT('Ctrl Pts',(0.0856459673317853,-0.0152894826532084,
-0.0213695758316107));
#5442=CARTESIAN_POINT('',(-0.838943030038879,-0.0152894826532084,-0.0213695758316107));
#5443=CARTESIAN_POINT('Origin',(-0.838943030038879,0.0144917176489394,-0.0201540166356046));
#5444=CARTESIAN_POINT('',(0.086725778644629,-0.00690212420076677,-0.0201540166356046));
#5445=CARTESIAN_POINT('Origin',(0.,0.,-0.0201540166356046));
#5446=CARTESIAN_POINT('',(-0.838943030038879,-0.00690212420076677,-0.0201540166356046));
#5447=CARTESIAN_POINT('Origin',(0.,0.,-0.0201540166356046));
#5448=CARTESIAN_POINT('Ctrl Pts',(-0.838943030038879,-0.0152894826532084,
-0.0213695758316107));
#5449=CARTESIAN_POINT('Ctrl Pts',(0.838943030038879,-0.0152894826532084,
-0.0213695758316107));
#5450=CARTESIAN_POINT('Ctrl Pts',(-0.838943030038879,-0.0138308116180012,
-0.0205997216741402));
#5451=CARTESIAN_POINT('Ctrl Pts',(0.838943030038879,-0.0138308116180012,
-0.0205997216741402));
#5452=CARTESIAN_POINT('Ctrl Pts',(-0.838943030038879,-0.00990050355091499,
-0.0201540166356046));
#5453=CARTESIAN_POINT('Ctrl Pts',(0.838943030038879,-0.00990050355091499,
-0.0201540166356046));
#5454=CARTESIAN_POINT('Ctrl Pts',(-0.838943030038879,-0.00690212420076677,
-0.0201540166356046));
#5455=CARTESIAN_POINT('Ctrl Pts',(0.838943030038879,-0.00690212420076677,
-0.0201540166356046));
#5456=CARTESIAN_POINT('Ctrl Pts',(0.0856459673317854,-0.0152894826532084,
-0.0213695758316107));
#5457=CARTESIAN_POINT('Ctrl Pts',(0.0858384453573756,-0.0142112926931101,
-0.0208005311304477));
#5458=CARTESIAN_POINT('Ctrl Pts',(0.0860055701010774,-0.0131212354783755,
-0.0205632346861219));
#5459=CARTESIAN_POINT('Ctrl Pts',(0.0861096187245907,-0.012408869470469,
-0.0204504472157183));
#5460=CARTESIAN_POINT('Ctrl Pts',(0.086141854840555,-0.0121881657988149,
-0.0204155036494077));
#5461=CARTESIAN_POINT('Ctrl Pts',(0.0861680364644807,-0.0120037039662522,
-0.0203925238991996));
#5462=CARTESIAN_POINT('Ctrl Pts',(0.0861870417756073,-0.0118656575844581,
-0.0203768691548724));
#5463=CARTESIAN_POINT('Ctrl Pts',(0.0861956433705414,-0.0118031793092858,
-0.0203697839896467));
#5464=CARTESIAN_POINT('Ctrl Pts',(0.0862042683554096,-0.0117400364604754,
-0.0203628812160768));
#5465=CARTESIAN_POINT('Ctrl Pts',(0.0862129116958374,-0.0116762325219011,
-0.0203561583822768));
#5466=CARTESIAN_POINT('Ctrl Pts',(0.0863698285718119,-0.0105178939374676,
-0.0202341076443241));
#5467=CARTESIAN_POINT('Ctrl Pts',(0.0865327876322705,-0.00914601692537462,
-0.0201704414763559));
#5468=CARTESIAN_POINT('Ctrl Pts',(0.0866712482796259,-0.00755645305318405,
-0.0201567745879147));
#5469=CARTESIAN_POINT('Ctrl Pts',(0.0866898942058775,-0.00734239302024988,
-0.0201549341242247));
#5470=CARTESIAN_POINT('Ctrl Pts',(0.0867080958558124,-0.00712430994881834,
-0.0201540166356046));
#5471=CARTESIAN_POINT('Ctrl Pts',(0.0867257786446286,-0.00690212420076677,
-0.0201540166356046));
#5472=CARTESIAN_POINT('Origin',(0.,0.,0.));
#5473=CARTESIAN_POINT('Origin',(0.,0.,0.));
#5474=CARTESIAN_POINT('',(0.0836202553825719,0.0240135980176534,-0.00637767908086957));
#5475=CARTESIAN_POINT('',(0.0838711179419971,0.0231221879405823,-0.0116451022635624));
#5476=CARTESIAN_POINT('Ctrl Pts',(0.0836202553825717,0.0240135980176534,
-0.00637767908086957));
#5477=CARTESIAN_POINT('Ctrl Pts',(0.0836202553825717,0.0240135980176534,
-0.00754379579798763));
#5478=CARTESIAN_POINT('Ctrl Pts',(0.0836727616002985,0.0238302292622855,
-0.00865538283950631));
#5479=CARTESIAN_POINT('Ctrl Pts',(0.0837011866141553,0.0237299675385853,
-0.00921398387155034));
#5480=CARTESIAN_POINT('Ctrl Pts',(0.0837442333984628,0.0235781313841272,
-0.0100599281606741));
#5481=CARTESIAN_POINT('Ctrl Pts',(0.083800645590094,0.0233778123197842,
-0.0109740882681573));
#5482=CARTESIAN_POINT('Ctrl Pts',(0.0838711179419969,0.0231221879405823,
-0.0116451022635624));
#5483=CARTESIAN_POINT('',(0.0838711179419971,0.0231221879405823,-0.0119692513824973));
#5484=CARTESIAN_POINT('',(0.0838711179419971,0.0231221879405823,0.));
#5485=CARTESIAN_POINT('',(0.0820539121775658,0.0289163534415444,-0.0119692513824973));
#5486=CARTESIAN_POINT('Origin',(0.,0.,-0.0119692513824973));
#5487=CARTESIAN_POINT('',(0.0818371893961608,0.0295241330395474,-0.00548626900379848));
#5488=CARTESIAN_POINT('Ctrl Pts',(0.0820539121775657,0.0289163534415444,
-0.0119692513824973));
#5489=CARTESIAN_POINT('Ctrl Pts',(0.0819782723032885,0.0291309914184114,
-0.0107529695135843));
#5490=CARTESIAN_POINT('Ctrl Pts',(0.0819314508526399,0.02926113157481,-0.00963412233490716));
#5491=CARTESIAN_POINT('Ctrl Pts',(0.0819108430727734,0.0293190530713573,
-0.00911656867305575));
#5492=CARTESIAN_POINT('Ctrl Pts',(0.0819074247615485,0.0293286607876224,
-0.00903071956639467));
#5493=CARTESIAN_POINT('Ctrl Pts',(0.08190472770498,0.029336250856366,-0.00896126176312963));
#5494=CARTESIAN_POINT('Ctrl Pts',(0.0819027400150979,0.0293417991612519,
-0.00891009406235426));
#5495=CARTESIAN_POINT('Ctrl Pts',(0.0818585604736499,0.0294651189848696,
-0.00777281124097472));
#5496=CARTESIAN_POINT('Ctrl Pts',(0.0818371893961608,0.0295241330395474,
-0.00663107415977919));
#5497=CARTESIAN_POINT('Ctrl Pts',(0.0818371893961608,0.0295241330395474,
-0.00548626900379848));
#5498=CARTESIAN_POINT('',(0.0855628829421293,0.0157477954848123,0.00711502799479739));
#5499=CARTESIAN_POINT('Ctrl Pts',(0.0818371893961608,0.0295241330395474,
-0.00548626900379848));
#5500=CARTESIAN_POINT('Ctrl Pts',(0.0818371893961608,0.0295241330395474,
-0.00444313303809395));
#5501=CARTESIAN_POINT('Ctrl Pts',(0.0818654601478386,0.029446316095307,
-0.00339484281295925));
#5502=CARTESIAN_POINT('Ctrl Pts',(0.0819319610062453,0.029260105359876,
-0.00237048652613151));
#5503=CARTESIAN_POINT('Ctrl Pts',(0.0819922034102742,0.0290914190808243,
-0.00144253331200432));
#5504=CARTESIAN_POINT('Ctrl Pts',(0.0820836074892865,0.0288345598302424,
-0.000538309777092156));
#5505=CARTESIAN_POINT('Ctrl Pts',(0.0822105325105384,0.0284680231895861,
0.000323456581782554));
#5506=CARTESIAN_POINT('Ctrl Pts',(0.0823971460013393,0.0279291169806716,
0.00159048200275995));
#5507=CARTESIAN_POINT('Ctrl Pts',(0.0826512923351373,0.0271807580946812,
0.00270093323833929));
#5508=CARTESIAN_POINT('Ctrl Pts',(0.08295703979214,0.0262131560276044,0.0036493477899291));
#5509=CARTESIAN_POINT('Ctrl Pts',(0.0829787282700889,0.0261445182822544,
0.00371662445116534));
#5510=CARTESIAN_POINT('Ctrl Pts',(0.0830011937366994,0.0260731829613355,
0.00378464745089898));
#5511=CARTESIAN_POINT('Ctrl Pts',(0.0830244359037836,0.0259990113711299,
0.00385327748551454));
#5512=CARTESIAN_POINT('Ctrl Pts',(0.0832604921750965,0.0252456965464896,
0.00455031016808403));
#5513=CARTESIAN_POINT('Ctrl Pts',(0.0835766666896424,0.0242141519658369,
0.00529800019160539));
#5514=CARTESIAN_POINT('Ctrl Pts',(0.0839726575272206,0.0227508324783519,
0.00590620714917243));
#5515=CARTESIAN_POINT('Ctrl Pts',(0.0839964568194947,0.0226628860794252,
0.00594276076044985));
#5516=CARTESIAN_POINT('Ctrl Pts',(0.0840205444150115,0.0225733695737267,
0.00597879984820127));
#5517=CARTESIAN_POINT('Ctrl Pts',(0.0840449202482276,0.0224822458947032,
0.0060142793305736));
#5518=CARTESIAN_POINT('Ctrl Pts',(0.0845565343428365,0.0205696893831942,
0.00675894323970642));
#5519=CARTESIAN_POINT('Ctrl Pts',(0.0850897613990835,0.0183184183535219,
0.00711502799479739));
#5520=CARTESIAN_POINT('Ctrl Pts',(0.0855628829421292,0.0157477954848123,
0.00711502799479739));
#5521=CARTESIAN_POINT('',(0.0857845564165451,0.0144917176489394,0.00711502799479739));
#5522=CARTESIAN_POINT('Origin',(0.,0.,0.00711502799479739));
#5523=CARTESIAN_POINT('',(0.0857845564165451,0.0144917176489394,0.0113694851808185));
#5524=CARTESIAN_POINT('',(0.0857845564165451,0.0144917176489394,0.));
#5525=CARTESIAN_POINT('',(0.086505278671933,0.00926481310611349,0.0113694851808185));
#5526=CARTESIAN_POINT('Origin',(0.,0.,0.0113694851808185));
#5527=CARTESIAN_POINT('',(0.086505278671933,0.00926481310611349,0.00711502799479739));
#5528=CARTESIAN_POINT('',(0.086505278671933,0.00926481310611349,0.));
#5529=CARTESIAN_POINT('',(0.0838968784484072,-0.0230285428677802,0.00711502799479742));
#5530=CARTESIAN_POINT('Origin',(0.,0.,0.00711502799479742));
#5531=CARTESIAN_POINT('',(0.0838968784484072,-0.0230285428677802,0.000794120175566045));
#5532=CARTESIAN_POINT('',(0.0838968784484072,-0.0230285428677802,0.));
#5533=CARTESIAN_POINT('',(0.086505278671933,0.00926481310611349,0.000794120175566023));
#5534=CARTESIAN_POINT('Origin',(0.,0.,0.000794120175566023));
#5535=CARTESIAN_POINT('',(0.086505278671933,0.00926481310611349,-0.00945709571075154));
#5536=CARTESIAN_POINT('',(0.086505278671933,0.00926481310611349,0.));
#5537=CARTESIAN_POINT('',(0.0857845564165451,0.0144917176489394,-0.00945709571075154));
#5538=CARTESIAN_POINT('Origin',(0.,0.,-0.00945709571075154));
#5539=CARTESIAN_POINT('',(0.0857845564165451,0.0144917176489394,0.000996713374900361));
#5540=CARTESIAN_POINT('',(0.0857845564165451,0.0144917176489394,0.));
#5541=CARTESIAN_POINT('',(0.0855628829421293,0.0157477954848123,0.000996713374900361));
#5542=CARTESIAN_POINT('Origin',(0.,0.,0.000996713374900361));
#5543=CARTESIAN_POINT('Ctrl Pts',(0.0855628829421293,0.0157477954848123,
0.000996713374900361));
#5544=CARTESIAN_POINT('Ctrl Pts',(0.0853730883145044,0.0167790112840129,
0.000996713374900361));
#5545=CARTESIAN_POINT('Ctrl Pts',(0.0851544761866819,0.0178543782094868,
0.000935705238110353));
#5546=CARTESIAN_POINT('Ctrl Pts',(0.0847574761420131,0.0196420485113311,
0.000619574710620251));
#5547=CARTESIAN_POINT('Ctrl Pts',(0.084565928184897,0.0204483369965975,
0.000399154454303674));
#5548=CARTESIAN_POINT('Ctrl Pts',(0.0842310473628932,0.0217842027112943,
-0.000278853421964517));
#5549=CARTESIAN_POINT('Ctrl Pts',(0.0841167099302906,0.0222148820259675,
-0.000646971374292632));
#5550=CARTESIAN_POINT('Ctrl Pts',(0.0839060184917981,0.0229998928139283,
-0.00157893032929274));
#5551=CARTESIAN_POINT('Ctrl Pts',(0.0838179980283377,0.0233151365215168,
-0.00220627783339285));
#5552=CARTESIAN_POINT('Ctrl Pts',(0.0836538579081207,0.0238992645851125,
-0.00397511555208765));
#5553=CARTESIAN_POINT('Ctrl Pts',(0.0836202553825719,0.0240135980176534,
-0.00521550757157405));
#5554=CARTESIAN_POINT('Ctrl Pts',(0.0836202553825719,0.0240135980176534,
-0.00637767908086957));
#5555=CARTESIAN_POINT('Origin',(-0.838943030038879,0.00926481310611349,
0.00711502799479739));
#5556=CARTESIAN_POINT('',(0.0844935692115606,0.00926481310611349,0.0113694851808185));
#5557=CARTESIAN_POINT('',(-0.838943030038879,0.00926481310611349,0.0113694851808185));
#5558=CARTESIAN_POINT('',(0.0844935692115606,0.00926481310611349,0.00711502799479739));
#5559=CARTESIAN_POINT('',(0.0844935692115606,0.00926481310611349,0.));
#5560=CARTESIAN_POINT('',(-0.838943030038879,0.00926481310611349,0.00711502799479739));
#5561=CARTESIAN_POINT('Origin',(-0.838943030038879,-0.0230285428677802,
0.00711502799479742));
#5562=CARTESIAN_POINT('',(0.085,1.04094977927525E-17,0.00711502799479742));
#5563=CARTESIAN_POINT('Origin',(0.,0.,0.00711502799479742));
#5564=CARTESIAN_POINT('',(0.0818210621624213,-0.0230285428677802,0.00711502799479742));
#5565=CARTESIAN_POINT('Origin',(0.,0.,0.00711502799479742));
#5566=CARTESIAN_POINT('',(-0.838943030038879,-0.0230285428677802,0.00711502799479742));
#5567=CARTESIAN_POINT('Origin',(-0.838943030038879,0.00926481310611349,
0.0113694851808185));
#5568=CARTESIAN_POINT('',(0.0837555378442728,0.0144917176489394,0.0113694851808185));
#5569=CARTESIAN_POINT('',(-0.838943030038879,0.0144917176489394,0.0113694851808185));
#5570=CARTESIAN_POINT('Origin',(0.,0.,0.0113694851808185));
#5571=CARTESIAN_POINT('Origin',(-0.838943030038879,-0.0230285428677802,
0.000794120175566045));
#5572=CARTESIAN_POINT('',(0.0818210621624213,-0.0230285428677802,0.000794120175566045));
#5573=CARTESIAN_POINT('',(0.0818210621624213,-0.0230285428677802,0.));
#5574=CARTESIAN_POINT('',(-0.838943030038879,-0.0230285428677802,0.000794120175566045));
#5575=CARTESIAN_POINT('Origin',(-0.838943030038879,0.0144917176489394,0.0113694851808185));
#5576=CARTESIAN_POINT('',(0.0837555378442728,0.0144917176489394,0.00711502799479739));
#5577=CARTESIAN_POINT('',(-0.838943030038879,0.0144917176489394,0.00711502799479739));
#5578=CARTESIAN_POINT('',(0.0837555378442728,0.0144917176489394,0.));
#5579=CARTESIAN_POINT('Origin',(-0.838943030038879,0.00926481310611349,
0.000794120175566023));
#5580=CARTESIAN_POINT('',(0.085,1.04094977927525E-17,0.000794120175566023));
#5581=CARTESIAN_POINT('Origin',(0.,0.,0.000794120175566023));
#5582=CARTESIAN_POINT('',(0.0844935692115606,0.00926481310611349,0.000794120175566023));
#5583=CARTESIAN_POINT('Origin',(0.,0.,0.000794120175566023));
#5584=CARTESIAN_POINT('',(-0.838943030038879,0.00926481310611349,0.000794120175566023));
#5585=CARTESIAN_POINT('Origin',(-0.838943030038879,0.0144917176489394,0.00711502799479739));
#5586=CARTESIAN_POINT('',(0.0835284797980217,0.0157477954848123,0.00711502799479739));
#5587=CARTESIAN_POINT('',(-0.838943030038879,0.0157477954848123,0.00711502799479739));
#5588=CARTESIAN_POINT('Origin',(0.,0.,0.00711502799479739));
#5589=CARTESIAN_POINT('Origin',(-0.838943030038879,0.00926481310611349,
-0.00945709571075154));
#5590=CARTESIAN_POINT('',(0.0844935692115606,0.00926481310611349,-0.00945709571075154));
#5591=CARTESIAN_POINT('',(0.0844935692115606,0.00926481310611349,0.));
#5592=CARTESIAN_POINT('',(-0.838943030038879,0.00926481310611349,-0.00945709571075154));
#5593=CARTESIAN_POINT('Ctrl Pts',(-0.838943030038879,0.0295241330395474,
-0.00548626900379848));
#5594=CARTESIAN_POINT('Ctrl Pts',(0.838943030038879,0.0295241330395474,
-0.00548626900379848));
#5595=CARTESIAN_POINT('Ctrl Pts',(-0.838943030038879,0.0295241330395474,
0.000591526976231685));
#5596=CARTESIAN_POINT('Ctrl Pts',(0.838943030038879,0.0295241330395474,
0.000591526976231685));
#5597=CARTESIAN_POINT('Ctrl Pts',(-0.838943030038879,0.0224738897027124,
0.00711502799479739));
#5598=CARTESIAN_POINT('Ctrl Pts',(0.838943030038879,0.0224738897027124,
0.00711502799479739));
#5599=CARTESIAN_POINT('Ctrl Pts',(-0.838943030038879,0.0157477954848123,
0.00711502799479739));
#5600=CARTESIAN_POINT('Ctrl Pts',(0.838943030038879,0.0157477954848123,
0.00711502799479739));
#5601=CARTESIAN_POINT('',(0.079707750992379,0.0295241330395474,-0.00548626900379848));
#5602=CARTESIAN_POINT('',(-0.838943030038879,0.0295241330395474,-0.00548626900379848));
#5603=CARTESIAN_POINT('Ctrl Pts',(0.0835284797980217,0.0157477954848123,
0.00711502799479739));
#5604=CARTESIAN_POINT('Ctrl Pts',(0.0831112812683776,0.0179606740422432,
0.00711502799479739));
#5605=CARTESIAN_POINT('Ctrl Pts',(0.0825892810479567,0.0202109846591157,
0.00685245723262066));
#5606=CARTESIAN_POINT('Ctrl Pts',(0.0820355920310228,0.0222522277563298,
0.00610135876986208));
#5607=CARTESIAN_POINT('Ctrl Pts',(0.0815430772604431,0.024067944422138,
0.00543324530588765));
#5608=CARTESIAN_POINT('Ctrl Pts',(0.0811686544033948,0.0252448644232674,
0.00455108012118041));
#5609=CARTESIAN_POINT('Ctrl Pts',(0.0809262150066531,0.0259990113711299,
0.00385327748551454));
#5610=CARTESIAN_POINT('Ctrl Pts',(0.0809208944012512,0.0260155619746149,
0.00383796342137033));
#5611=CARTESIAN_POINT('Ctrl Pts',(0.0809156373633626,0.0260319019143245,
0.00382274380475571));
#5612=CARTESIAN_POINT('Ctrl Pts',(0.0809104440398206,0.0260480334244074,
0.00380762209155985));
#5613=CARTESIAN_POINT('Ctrl Pts',(0.0805941975141929,0.0270303588997198,
0.00288678802045542));
#5614=CARTESIAN_POINT('Ctrl Pts',(0.0803268308892091,0.0278021353726251,
0.00180198983976645));
#5615=CARTESIAN_POINT('Ctrl Pts',(0.0801270162300928,0.028366551959349,
0.000554696707155968));
#5616=CARTESIAN_POINT('Ctrl Pts',(0.0799745942030619,0.0287970985499686,
-0.000396759749617932));
#5617=CARTESIAN_POINT('Ctrl Pts',(0.0798676701886739,0.0290894035041338,
-0.00140373880558926));
#5618=CARTESIAN_POINT('Ctrl Pts',(0.0798004157151555,0.0292727458856933,
-0.00244099946663199));
#5619=CARTESIAN_POINT('Ctrl Pts',(0.079735457719996,0.0294498278389204,
-0.00344284171554758));
#5620=CARTESIAN_POINT('Ctrl Pts',(0.079707750992379,0.0295241330395474,
-0.00446694360249783));
#5621=CARTESIAN_POINT('Ctrl Pts',(0.079707750992379,0.0295241330395474,
-0.00548626900379848));
#5622=CARTESIAN_POINT('Origin',(-0.838943030038879,0.0144917176489394,-0.00945709571075154));
#5623=CARTESIAN_POINT('',(0.0837555378442728,0.0144917176489394,-0.00945709571075154));
#5624=CARTESIAN_POINT('Origin',(0.,0.,-0.00945709571075154));
#5625=CARTESIAN_POINT('',(-0.838943030038879,0.0144917176489394,-0.00945709571075154));
#5626=CARTESIAN_POINT('Ctrl Pts',(-0.838943030038879,0.0289163534415444,
-0.0119692513824973));
#5627=CARTESIAN_POINT('Ctrl Pts',(0.838943030038879,0.0289163534415444,
-0.0119692513824973));
#5628=CARTESIAN_POINT('Ctrl Pts',(-0.838943030038879,0.0291594652807456,
-0.0105916176270238));
#5629=CARTESIAN_POINT('Ctrl Pts',(0.838943030038879,0.0291594652807456,
-0.0105916176270238));
#5630=CARTESIAN_POINT('Ctrl Pts',(-0.838943030038879,0.0295241330395474,
-0.0072285705180738));
#5631=CARTESIAN_POINT('Ctrl Pts',(0.838943030038879,0.0295241330395474,
-0.0072285705180738));
#5632=CARTESIAN_POINT('Ctrl Pts',(-0.838943030038879,0.0295241330395474,
-0.00548626900379848));
#5633=CARTESIAN_POINT('Ctrl Pts',(0.838943030038879,0.0295241330395474,
-0.00548626900379848));
#5634=CARTESIAN_POINT('',(0.0799302477391612,0.0289163534415444,-0.0119692513824973));
#5635=CARTESIAN_POINT('',(-0.838943030038879,0.0289163534415444,-0.0119692513824973));
#5636=CARTESIAN_POINT('Ctrl Pts',(0.079707750992379,0.0295241330395474,
-0.00548626900379848));
#5637=CARTESIAN_POINT('Ctrl Pts',(0.079707750992379,0.0295241330395474,
-0.00662927228276247));
#5638=CARTESIAN_POINT('Ctrl Pts',(0.0797296237323493,0.0294653059052107,
-0.00776917865148963));
#5639=CARTESIAN_POINT('Ctrl Pts',(0.0797748344491618,0.02934238893834,-0.00890465044231831));
#5640=CARTESIAN_POINT('Ctrl Pts',(0.0797749058055614,0.0293421949376067,
-0.00890644256561634));
#5641=CARTESIAN_POINT('Ctrl Pts',(0.0797749780488666,0.0293419983468096,
-0.00890825712887743));
#5642=CARTESIAN_POINT('Ctrl Pts',(0.0797750511795923,0.0293417991601465,
-0.00891009407254882));
#5643=CARTESIAN_POINT('Ctrl Pts',(0.0797846745554132,0.0293155879048836,
-0.00915182009330699));
#5644=CARTESIAN_POINT('Ctrl Pts',(0.079809664769639,0.0292474414970986,
-0.0097829840583306));
#5645=CARTESIAN_POINT('Ctrl Pts',(0.0798511947792164,0.029133809740726,
-0.0105904202788478));
#5646=CARTESIAN_POINT('Ctrl Pts',(0.0798729505933962,0.029074282873246,
-0.0110134019384793));
#5647=CARTESIAN_POINT('Ctrl Pts',(0.0798992453717061,0.0290020498249485,
-0.0114836385432073));
#5648=CARTESIAN_POINT('Ctrl Pts',(0.0799302477391611,0.0289163534415444,
-0.0119692513824973));
#5649=CARTESIAN_POINT('Origin',(-0.838943030038879,0.0144917176489394,0.000996713374900361));
#5650=CARTESIAN_POINT('',(0.0837555378442728,0.0144917176489394,0.000996713374900361));
#5651=CARTESIAN_POINT('',(0.0837555378442728,0.0144917176489394,0.));
#5652=CARTESIAN_POINT('',(-0.838943030038879,0.0144917176489394,0.000996713374900361));
#5653=CARTESIAN_POINT('Origin',(-0.838943030038879,0.0289163534415444,-0.0119692513824973));
#5654=CARTESIAN_POINT('',(0.0817946478985049,0.0231221879405823,-0.0119692513824973));
#5655=CARTESIAN_POINT('',(-0.838943030038879,0.0231221879405823,-0.0119692513824973));
#5656=CARTESIAN_POINT('Origin',(0.,0.,-0.0119692513824973));
#5657=CARTESIAN_POINT('Origin',(-0.838943030038879,0.0157477954848123,0.000996713374900361));
#5658=CARTESIAN_POINT('',(0.0835284797980217,0.0157477954848123,0.000996713374900361));
#5659=CARTESIAN_POINT('Origin',(0.,0.,0.000996713374900361));
#5660=CARTESIAN_POINT('',(-0.838943030038879,0.0157477954848123,0.000996713374900361));
#5661=CARTESIAN_POINT('Origin',(-0.838943030038879,0.0231221879405823,-0.0119692513824973));
#5662=CARTESIAN_POINT('',(0.0817946478985049,0.0231221879405823,-0.0116451022635624));
#5663=CARTESIAN_POINT('',(-0.838943030038879,0.0231221879405823,-0.0116451022635624));
#5664=CARTESIAN_POINT('',(0.0817946478985049,0.0231221879405823,0.));
#5665=CARTESIAN_POINT('Ctrl Pts',(-0.838943030038879,0.0157477954848123,
0.000996713374900361));
#5666=CARTESIAN_POINT('Ctrl Pts',(0.838943030038879,0.0157477954848123,
0.000996713374900361));
#5667=CARTESIAN_POINT('Ctrl Pts',(-0.838943030038879,0.020447957709369,
0.000996713374900361));
#5668=CARTESIAN_POINT('Ctrl Pts',(0.838943030038879,0.020447957709369,0.000996713374900361));
#5669=CARTESIAN_POINT('Ctrl Pts',(-0.838943030038879,0.0240135980176534,
-0.00240685237391653));
#5670=CARTESIAN_POINT('Ctrl Pts',(0.838943030038879,0.0240135980176534,
-0.00240685237391653));
#5671=CARTESIAN_POINT('Ctrl Pts',(-0.838943030038879,0.0240135980176534,
-0.00637767908086957));
#5672=CARTESIAN_POINT('Ctrl Pts',(0.838943030038879,0.0240135980176534,
-0.00637767908086957));
#5673=CARTESIAN_POINT('',(0.0815373970043596,0.0240135980176534,-0.00637767908086957));
#5674=CARTESIAN_POINT('Ctrl Pts',(0.0815373970043597,0.0240135980176534,
-0.00637767908086957));
#5675=CARTESIAN_POINT('Ctrl Pts',(0.0815373970043597,0.0240135980176534,
-0.00521004218044685));
#5676=CARTESIAN_POINT('Ctrl Pts',(0.0815721929707407,0.0238982003497416,
-0.00396332611048271));
#5677=CARTESIAN_POINT('Ctrl Pts',(0.0817424946113968,0.0233070486031868,
-0.00218708114260134));
#5678=CARTESIAN_POINT('Ctrl Pts',(0.0818338789072623,0.0229877657343646,
-0.00155797682823055));
#5679=CARTESIAN_POINT('Ctrl Pts',(0.0820477870751831,0.022209771799571,
-0.000645822790196825));
#5680=CARTESIAN_POINT('Ctrl Pts',(0.0821603597224578,0.0217959211024664,
-0.000290927188797411));
#5681=CARTESIAN_POINT('Ctrl Pts',(0.082495964697501,0.0204924369954218,
0.000383492757746098));
#5682=CARTESIAN_POINT('Ctrl Pts',(0.0826916754690446,0.0196906662438017,
0.000607366230338179));
#5683=CARTESIAN_POINT('Ctrl Pts',(0.0831023755376494,0.0178911887791329,
0.00093367389524217));
#5684=CARTESIAN_POINT('Ctrl Pts',(0.0833307898281231,0.0167963703582205,
0.000996713374900361));
#5685=CARTESIAN_POINT('Ctrl Pts',(0.0835284797980217,0.0157477954848123,
0.000996713374900361));
#5686=CARTESIAN_POINT('',(-0.838943030038879,0.0240135980176534,-0.00637767908086957));
#5687=CARTESIAN_POINT('Ctrl Pts',(-0.838943030038879,0.0240135980176534,
-0.00637767908086957));
#5688=CARTESIAN_POINT('Ctrl Pts',(0.838943030038879,0.0240135980176534,
-0.00637767908086957));
#5689=CARTESIAN_POINT('Ctrl Pts',(-0.838943030038879,0.0240135980176534,
-0.00763375691674249));
#5690=CARTESIAN_POINT('Ctrl Pts',(0.838943030038879,0.0240135980176534,
-0.00763375691674249));
#5691=CARTESIAN_POINT('Ctrl Pts',(-0.838943030038879,0.0234463370595172,
-0.0107942108263582));
#5692=CARTESIAN_POINT('Ctrl Pts',(0.838943030038879,0.0234463370595172,
-0.0107942108263582));
#5693=CARTESIAN_POINT('Ctrl Pts',(-0.838943030038879,0.0231221879405823,
-0.0116451022635624));
#5694=CARTESIAN_POINT('Ctrl Pts',(0.838943030038879,0.0231221879405823,
-0.0116451022635624));
#5695=CARTESIAN_POINT('Ctrl Pts',(0.0817946478985048,0.0231221879405823,
-0.0116451022635624));
#5696=CARTESIAN_POINT('Ctrl Pts',(0.0817242380154412,0.023371262621947,
-0.01099128122498));
#5697=CARTESIAN_POINT('Ctrl Pts',(0.0816676340066411,0.0235673885138425,
-0.0101077480034175));
#5698=CARTESIAN_POINT('Ctrl Pts',(0.0816241874087618,0.0237169144253491,
-0.00928620430326977));
#5699=CARTESIAN_POINT('Ctrl Pts',(0.0816229588739538,0.0237211425535786,
-0.0092629735998058));
#5700=CARTESIAN_POINT('Ctrl Pts',(0.0816217000467643,0.0237254945894484,
-0.00923890458817027));
#5701=CARTESIAN_POINT('Ctrl Pts',(0.0816204149411834,0.0237299675385853,
-0.00921398387155034));
#5702=CARTESIAN_POINT('Ctrl Pts',(0.081587516656855,0.0238444735797129,
-0.00857602164241062));
#5703=CARTESIAN_POINT('Ctrl Pts',(0.0815373970043596,0.0240135980176534,
-0.00750279785205619));
#5704=CARTESIAN_POINT('Ctrl Pts',(0.0815373970043596,0.0240135980176534,
-0.00637767908086957));
#5705=CARTESIAN_POINT('Ctrl Pts',(-0.838943030038879,-9.4992703132996E-5,
-0.106742350031101));
#5706=CARTESIAN_POINT('Ctrl Pts',(0.838943030038879,-9.4992703132996E-5,
-0.106742350031101));
#5707=CARTESIAN_POINT('Ctrl Pts',(-0.838943030038879,0.00245768160847968,
-0.106661312751367));
#5708=CARTESIAN_POINT('Ctrl Pts',(0.838943030038879,0.00245768160847968,
-0.106661312751367));
#5709=CARTESIAN_POINT('Ctrl Pts',(-0.838943030038879,0.0061853964762315,
-0.105607828114829));
#5710=CARTESIAN_POINT('Ctrl Pts',(0.838943030038879,0.0061853964762315,
-0.105607828114829));
#5711=CARTESIAN_POINT('Ctrl Pts',(-0.838943030038879,0.0074414743121044,
-0.104594862118157));
#5712=CARTESIAN_POINT('Ctrl Pts',(0.838943030038879,0.0074414743121044,
-0.104594862118157));
#5713=CARTESIAN_POINT('',(0.0866811655439766,0.0074414743121044,-0.104594862118157));
#5714=CARTESIAN_POINT('',(0.086999948140136,-9.4992703132996E-5,-0.106742350031101));
#5715=CARTESIAN_POINT('Ctrl Pts',(0.0866811655439767,0.0074414743121044,
-0.104594862118157));
#5716=CARTESIAN_POINT('Ctrl Pts',(0.0867505669046782,0.00663306047048698,
-0.105246808764623));
#5717=CARTESIAN_POINT('Ctrl Pts',(0.0868192953176801,0.00569145873553359,
-0.105702835829409));
#5718=CARTESIAN_POINT('Ctrl Pts',(0.0868728680471156,0.00470157391389641,
-0.106020093226027));
#5719=CARTESIAN_POINT('Ctrl Pts',(0.08687967100751,0.00457587288451746,
-0.106060380318485));
#5720=CARTESIAN_POINT('Ctrl Pts',(0.0868862421912446,0.00444913563059137,
-0.106098510527727));
#5721=CARTESIAN_POINT('Ctrl Pts',(0.0868925709387079,0.00432153904235559,
-0.106134570433098));
#5722=CARTESIAN_POINT('Ctrl Pts',(0.0869465486556278,0.00323327117264805,
-0.106442124396276));
#5723=CARTESIAN_POINT('Ctrl Pts',(0.0869828907381874,0.00206031521177801,
-0.106608498741354));
#5724=CARTESIAN_POINT('Ctrl Pts',(0.0869949836825855,0.000934245185500645,
-0.106689562585287));
#5725=CARTESIAN_POINT('Ctrl Pts',(0.0869986606973221,0.000591849161438017,
-0.106714211086011));
#5726=CARTESIAN_POINT('Ctrl Pts',(0.0870003228073569,0.000248149745883188,
-0.106731456620021));
#5727=CARTESIAN_POINT('Ctrl Pts',(0.0869999481401359,-9.4992703132996E-5,
-0.106742350031101));
#5728=CARTESIAN_POINT('',(0.0846736349760791,0.0074414743121044,-0.104594862118157));
#5729=CARTESIAN_POINT('',(-0.838943030038879,0.0074414743121044,-0.104594862118157));
#5730=CARTESIAN_POINT('',(0.0849999469199031,-9.4992703132996E-5,-0.106742350031101));
#5731=CARTESIAN_POINT('Ctrl Pts',(0.0849999469199031,-9.4992703132996E-5,
-0.106742350031101));
#5732=CARTESIAN_POINT('Ctrl Pts',(0.0850015825439933,0.00136857193144615,
-0.106695887661749));
#5733=CARTESIAN_POINT('Ctrl Pts',(0.0849619024910693,0.00290716441889796,
-0.106532947845236));
#5734=CARTESIAN_POINT('Ctrl Pts',(0.0848678594654096,0.00475892638393045,
-0.106011380875949));
#5735=CARTESIAN_POINT('Ctrl Pts',(0.084832300732274,0.00537687449653493,
-0.105810036378898));
#5736=CARTESIAN_POINT('Ctrl Pts',(0.0847501161479451,0.00653225495005178,
-0.105240308537677));
#5737=CARTESIAN_POINT('Ctrl Pts',(0.0847118578493539,0.00700655113913392,
-0.104945606612488));
#5738=CARTESIAN_POINT('Ctrl Pts',(0.0846736349760792,0.0074414743121044,
-0.104594862118157));
#5739=CARTESIAN_POINT('',(-0.838943030038879,-9.4992703132996E-5,-0.106742350031101));
#5740=CARTESIAN_POINT('Ctrl Pts',(-0.838943030038879,0.0074414743121044,
-0.104594862118157));
#5741=CARTESIAN_POINT('Ctrl Pts',(0.838943030038879,0.0074414743121044,
-0.104594862118157));
#5742=CARTESIAN_POINT('Ctrl Pts',(-0.838943030038879,0.00885962670744479,
-0.103500858841752));
#5743=CARTESIAN_POINT('Ctrl Pts',(0.838943030038879,0.00885962670744479,
-0.103500858841752));
#5744=CARTESIAN_POINT('Ctrl Pts',(-0.838943030038879,0.0103588163825189,
-0.100056774453068));
#5745=CARTESIAN_POINT('Ctrl Pts',(0.838943030038879,0.0103588163825189,
-0.100056774453068));
#5746=CARTESIAN_POINT('Ctrl Pts',(-0.838943030038879,0.0103588163825189,
-0.0975041001414553));
#5747=CARTESIAN_POINT('Ctrl Pts',(0.838943030038879,0.0103588163825189,
-0.0975041001414553));
#5748=CARTESIAN_POINT('',(0.0863811028127869,0.0103588163825189,-0.0975041001414553));
#5749=CARTESIAN_POINT('Ctrl Pts',(0.0863811028127869,0.0103588163825189,
-0.0975041001414553));
#5750=CARTESIAN_POINT('Ctrl Pts',(0.0863811028127869,0.0103588163825189,
-0.0983122700231586));
#5751=CARTESIAN_POINT('Ctrl Pts',(0.0863879652868847,0.0103024778619501,
-0.0991370703760292));
#5752=CARTESIAN_POINT('Ctrl Pts',(0.0864051213496191,0.0101565252206444,
-0.0999321048180184));
#5753=CARTESIAN_POINT('Ctrl Pts',(0.0864235175549272,0.0100000222516186,
-0.100784609092938));
#5754=CARTESIAN_POINT('Ctrl Pts',(0.0864485268031388,0.00978131871211877,
-0.101383458290474));
#5755=CARTESIAN_POINT('Ctrl Pts',(0.0864676886592786,0.00960922154498185,
-0.10177881664741));
#5756=CARTESIAN_POINT('Ctrl Pts',(0.0864699776389978,0.00958866367613883,
-0.101826044183941));
#5757=CARTESIAN_POINT('Ctrl Pts',(0.0864721831793589,0.00956879838348967,
-0.101870462032419));
#5758=CARTESIAN_POINT('Ctrl Pts',(0.0864742840407633,0.00954977484746726,
-0.101912096266915));
#5759=CARTESIAN_POINT('Ctrl Pts',(0.0865162556893959,0.00916971685411263,
-0.10274387767698));
#5760=CARTESIAN_POINT('Ctrl Pts',(0.0865705379720934,0.00865918436703667,
-0.103484744981509));
#5761=CARTESIAN_POINT('Ctrl Pts',(0.0866314926113775,0.00799903043655,-0.104115905976218));
#5762=CARTESIAN_POINT('Ctrl Pts',(0.0866478672888403,0.00782168859982658,
-0.104285459234786));
#5763=CARTESIAN_POINT('Ctrl Pts',(0.0866644893731158,0.0076357247880733,
-0.104445011750981));
#5764=CARTESIAN_POINT('Ctrl Pts',(0.0866811655439768,0.0074414743121044,
-0.104594862118157));
#5765=CARTESIAN_POINT('',(0.0843664324429643,0.0103588163825189,-0.0975041001414553));
#5766=CARTESIAN_POINT('',(-0.838943030038879,0.0103588163825189,-0.0975041001414553));
#5767=CARTESIAN_POINT('Ctrl Pts',(0.084673634976079,0.0074414743121044,
-0.104594862118157));
#5768=CARTESIAN_POINT('Ctrl Pts',(0.084608818413389,0.00817899670880047,
-0.104025916269277));
#5769=CARTESIAN_POINT('Ctrl Pts',(0.0845470524609921,0.00877562012131447,
-0.103333686931659));
#5770=CARTESIAN_POINT('Ctrl Pts',(0.0844965940722653,0.0092371851872276,
-0.102523473937881));
#5771=CARTESIAN_POINT('Ctrl Pts',(0.0844806882660123,0.00938268259007386,
-0.102268073572792));
#5772=CARTESIAN_POINT('Ctrl Pts',(0.0844670165881466,0.00950512744861302,
-0.102017951733663));
#5773=CARTESIAN_POINT('Ctrl Pts',(0.0844552675291485,0.00960922154498185,
-0.10177881664741));
#5774=CARTESIAN_POINT('Ctrl Pts',(0.0844281935696016,0.00984909091278611,
-0.101227765397049));
#5775=CARTESIAN_POINT('Ctrl Pts',(0.0844113287834975,0.00998675985805331,
-0.10072115505803));
#5776=CARTESIAN_POINT('Ctrl Pts',(0.0844008614823915,0.0100744518972588,
-0.100333480436865));
#5777=CARTESIAN_POINT('Ctrl Pts',(0.08437605052505,0.0102823109644494,-0.0994145636701994));
#5778=CARTESIAN_POINT('Ctrl Pts',(0.0843664324429639,0.0103588163825189,
-0.0984459347203573));
#5779=CARTESIAN_POINT('Ctrl Pts',(0.0843664324429639,0.0103588163825189,
-0.0975041001414553));
#5780=CARTESIAN_POINT('Ctrl Pts',(-0.838943030038879,0.015545202285478,
-0.0978687679002571));
#5781=CARTESIAN_POINT('Ctrl Pts',(0.838943030038879,0.015545202285478,-0.0978687679002571));
#5782=CARTESIAN_POINT('Ctrl Pts',(-0.838943030038879,0.015545202285478,
-0.0901297076856854));
#5783=CARTESIAN_POINT('Ctrl Pts',(0.838943030038879,0.015545202285478,-0.0901297076856854));
#5784=CARTESIAN_POINT('Ctrl Pts',(-0.838943030038879,0.00468620680115739,
-0.0805267900372377));
#5785=CARTESIAN_POINT('Ctrl Pts',(0.838943030038879,0.00468620680115739,
-0.0805267900372377));
#5786=CARTESIAN_POINT('Ctrl Pts',(-0.838943030038879,-0.00447100580875473,
-0.0805267900372377));
#5787=CARTESIAN_POINT('Ctrl Pts',(0.838943030038879,-0.00447100580875473,
-0.0805267900372377));
#5788=CARTESIAN_POINT('',(0.0855999222307098,0.015545202285478,-0.0978687679002571));
#5789=CARTESIAN_POINT('',(0.0868850396043995,-0.00447100580875473,-0.0805267900372377));
#5790=CARTESIAN_POINT('Ctrl Pts',(0.0855999222307099,0.015545202285478,
-0.0978687679002571));
#5791=CARTESIAN_POINT('Ctrl Pts',(0.0855999222307099,0.015545202285478,
-0.0966293672483712));
#5792=CARTESIAN_POINT('Ctrl Pts',(0.0856191502426775,0.0154408094957532,
-0.0953930751332554));
#5793=CARTESIAN_POINT('Ctrl Pts',(0.0857005031392654,0.0149824802999583,
-0.0930322002735367));
#5794=CARTESIAN_POINT('Ctrl Pts',(0.0857595122215961,0.0146467284569429,
-0.0919218639764233));
#5795=CARTESIAN_POINT('Ctrl Pts',(0.0859734797975742,0.0133518192707089,
-0.0889370966641658));
#5796=CARTESIAN_POINT('Ctrl Pts',(0.086159575438818,0.0121582091208835,
-0.0872696159119979));
#5797=CARTESIAN_POINT('Ctrl Pts',(0.0864961742782639,0.00943047076254396,
-0.0846486776550148));
#5798=CARTESIAN_POINT('Ctrl Pts',(0.0867166984476235,0.00756329935023954,
-0.083176025997466));
#5799=CARTESIAN_POINT('Ctrl Pts',(0.0870300986699598,0.00182073517719815,
-0.0809470150804416));
#5800=CARTESIAN_POINT('Ctrl Pts',(0.0870466271033717,-0.0013308765295049,
-0.0805267900372377));
#5801=CARTESIAN_POINT('Ctrl Pts',(0.0868850396043996,-0.00447100580875473,
-0.0805267900372377));
#5802=CARTESIAN_POINT('',(0.0835664208034756,0.015545202285478,-0.0978687679002571));
#5803=CARTESIAN_POINT('',(-0.838943030038879,0.015545202285478,-0.0978687679002571));
#5804=CARTESIAN_POINT('',(0.085,-6.86030650402639E-10,-0.0808454903020366));
#5805=CARTESIAN_POINT('Ctrl Pts',(0.085,-7.01305919231918E-10,-0.0808454904032636));
#5806=CARTESIAN_POINT('Ctrl Pts',(0.0850000000083195,0.00100834555650864,
-0.0809976649471408));
#5807=CARTESIAN_POINT('Ctrl Pts',(0.0849819592478761,0.00200694367259467,
-0.0812092159771076));
#5808=CARTESIAN_POINT('Ctrl Pts',(0.084864359764468,0.00535163624931991,
-0.0821703251308519));
#5809=CARTESIAN_POINT('Ctrl Pts',(0.0846881630580591,0.00752571974850274,
-0.0832342950801696));
#5810=CARTESIAN_POINT('Ctrl Pts',(0.0843341264688909,0.0106928514907098,
-0.0857598400380874));
#5811=CARTESIAN_POINT('Ctrl Pts',(0.0841239388476144,0.0122331095482981,
-0.0872622030409591));
#5812=CARTESIAN_POINT('Ctrl Pts',(0.0837998843558809,0.0142572708689186,
-0.0907970191101933));
#5813=CARTESIAN_POINT('Ctrl Pts',(0.0836983899826444,0.0148221786097078,
-0.0923308133478526));
#5814=CARTESIAN_POINT('Ctrl Pts',(0.0835886888691317,0.0154274197288711,
-0.0952397546772918));
#5815=CARTESIAN_POINT('Ctrl Pts',(0.0835664208034756,0.015545202285478,
-0.0965522194023144));
#5816=CARTESIAN_POINT('Ctrl Pts',(0.0835664208034756,0.015545202285478,
-0.0978687679002571));
#5817=CARTESIAN_POINT('',(0.0848823309473655,-0.00447100580875473,-0.0805267900372377));
#5818=CARTESIAN_POINT('Ctrl Pts',(0.0848823309473653,-0.00447100580875473,
-0.0805267900372377));
#5819=CARTESIAN_POINT('Ctrl Pts',(0.0849444220730298,-0.00329220182079566,
-0.0805267900372377));
#5820=CARTESIAN_POINT('Ctrl Pts',(0.0849818942824943,-0.00211007797275838,
-0.0805863950277089));
#5821=CARTESIAN_POINT('Ctrl Pts',(0.0849948282936759,-0.000937637098595145,
-0.0807210921718416));
#5822=CARTESIAN_POINT('Ctrl Pts',(0.0849982845450067,-0.000624335194434198,
-0.0807570862016233));
#5823=CARTESIAN_POINT('Ctrl Pts',(0.085000003563835,-0.000311702188527828,
-0.0807984499830942));
#5824=CARTESIAN_POINT('Ctrl Pts',(0.085,-7.01306201978186E-10,-0.0808454904032636));
#5825=CARTESIAN_POINT('',(-0.838943030038879,-0.00447100580875473,-0.0805267900372377));
#5826=CARTESIAN_POINT('Ctrl Pts',(-0.838943030038879,0.0113717823791906,
-0.108727763384578));
#5827=CARTESIAN_POINT('Ctrl Pts',(0.838943030038879,0.0113717823791906,
-0.108727763384578));
#5828=CARTESIAN_POINT('Ctrl Pts',(-0.838943030038879,0.0135192702921346,
-0.106742350031101));
#5829=CARTESIAN_POINT('Ctrl Pts',(0.838943030038879,0.0135192702921346,
-0.106742350031101));
#5830=CARTESIAN_POINT('Ctrl Pts',(-0.838943030038879,0.015545202285478,
-0.101353370928808));
#5831=CARTESIAN_POINT('Ctrl Pts',(0.838943030038879,0.015545202285478,-0.101353370928808));
#5832=CARTESIAN_POINT('Ctrl Pts',(-0.838943030038879,0.015545202285478,
-0.0978687679002571));
#5833=CARTESIAN_POINT('Ctrl Pts',(0.838943030038879,0.015545202285478,-0.0978687679002571));
#5834=CARTESIAN_POINT('',(0.0862535945078252,0.0113717823791906,-0.108727763384578));
#5835=CARTESIAN_POINT('Ctrl Pts',(0.0862535945078251,0.0113717823791906,
-0.108727763384578));
#5836=CARTESIAN_POINT('Ctrl Pts',(0.0861609328669866,0.0120746097222413,
-0.108077979614587));
#5837=CARTESIAN_POINT('Ctrl Pts',(0.0860698505233723,0.012699416479387,
-0.107359103989031));
#5838=CARTESIAN_POINT('Ctrl Pts',(0.085881822918792,0.0139209659150189,
-0.10555027118452));
#5839=CARTESIAN_POINT('Ctrl Pts',(0.0858151288586945,0.0143113194371754,
-0.104635499321273));
#5840=CARTESIAN_POINT('Ctrl Pts',(0.0856527234544019,0.0152699304867452,
-0.102085593860076));
#5841=CARTESIAN_POINT('Ctrl Pts',(0.0855999222307099,0.015545202285478,
-0.0999681698653233));
#5842=CARTESIAN_POINT('Ctrl Pts',(0.0855999222307099,0.015545202285478,
-0.0978687679002571));
#5843=CARTESIAN_POINT('',(0.0842358745756244,0.0113717823791906,-0.108727763384578));
#5844=CARTESIAN_POINT('',(-0.838943030038879,0.0113717823791906,-0.108727763384578));
#5845=CARTESIAN_POINT('Ctrl Pts',(0.0835664208034756,0.015545202285478,
-0.0978687679002571));
#5846=CARTESIAN_POINT('Ctrl Pts',(0.0835664208034756,0.015545202285478,
-0.0999522504635073));
#5847=CARTESIAN_POINT('Ctrl Pts',(0.0836196361640885,0.0152741033439947,
-0.10205347387102));
#5848=CARTESIAN_POINT('Ctrl Pts',(0.083785404350623,0.0143199174477887,
-0.104618952964369));
#5849=CARTESIAN_POINT('Ctrl Pts',(0.083854916876698,0.0139229440442362,
-0.105549982421188));
#5850=CARTESIAN_POINT('Ctrl Pts',(0.0840486556996549,0.0126931568266984,
-0.10736631638747));
#5851=CARTESIAN_POINT('Ctrl Pts',(0.0841414733550874,0.0120710544112951,
-0.108081266600179));
#5852=CARTESIAN_POINT('Ctrl Pts',(0.0842358745756245,0.0113717823791906,
-0.108727763384578));
#5853=CARTESIAN_POINT('Ctrl Pts',(-0.838943030038879,-0.00447100580875473,
-0.0805267900372377));
#5854=CARTESIAN_POINT('Ctrl Pts',(0.838943030038879,-0.00447100580875473,
-0.0805267900372377));
#5855=CARTESIAN_POINT('Ctrl Pts',(-0.838943030038879,-0.0137902929781343,
-0.0805267900372377));
#5856=CARTESIAN_POINT('Ctrl Pts',(0.838943030038879,-0.0137902929781343,
-0.0805267900372377));
#5857=CARTESIAN_POINT('Ctrl Pts',(-0.838943030038879,-0.0238794343049844,
-0.0904133381647535));
#5858=CARTESIAN_POINT('Ctrl Pts',(0.838943030038879,-0.0238794343049844,
-0.0904133381647535));
#5859=CARTESIAN_POINT('Ctrl Pts',(-0.838943030038879,-0.0238794343049844,
-0.0994084762151981));
#5860=CARTESIAN_POINT('Ctrl Pts',(0.838943030038879,-0.0238794343049844,
-0.0994084762151981));
#5861=CARTESIAN_POINT('',(0.0836586673171043,-0.0238794343049844,-0.0994084762151981));
#5862=CARTESIAN_POINT('Ctrl Pts',(0.0868850396043996,-0.00447100580875473,
-0.0805267900372377));
#5863=CARTESIAN_POINT('Ctrl Pts',(0.0867940429879805,-0.00623934272434464,
-0.0805267900372377));
#5864=CARTESIAN_POINT('Ctrl Pts',(0.0866475168183639,-0.00801456008013562,
-0.0806598540451728));
#5865=CARTESIAN_POINT('Ctrl Pts',(0.0862784980550697,-0.0112889905943536,
-0.0812735511633949));
#5866=CARTESIAN_POINT('Ctrl Pts',(0.0860658975807863,-0.0127967158429946,
-0.0817160782603654));
#5867=CARTESIAN_POINT('Ctrl Pts',(0.0855160144142385,-0.0161146498126433,
-0.0832003362029631));
#5868=CARTESIAN_POINT('Ctrl Pts',(0.0851757170646337,-0.0177825988081206,
-0.0843533036504359));
#5869=CARTESIAN_POINT('Ctrl Pts',(0.0845261810408808,-0.0206526268165055,
-0.0873638371860198));
#5870=CARTESIAN_POINT('Ctrl Pts',(0.0842442302643828,-0.0217376914836805,
-0.0891247798035372));
#5871=CARTESIAN_POINT('Ctrl Pts',(0.0837706719601828,-0.0235067562404327,
-0.0937292770072381));
#5872=CARTESIAN_POINT('Ctrl Pts',(0.0836586673171042,-0.0238794343049844,
-0.0965797183435763));
#5873=CARTESIAN_POINT('Ctrl Pts',(0.0836586673171042,-0.0238794343049844,
-0.0994084762151981));
#5874=CARTESIAN_POINT('',(0.0815767896970329,-0.0238794343049844,-0.0994084762151981));
#5875=CARTESIAN_POINT('Ctrl Pts',(0.0815767896970329,-0.0238794343049844,
-0.0994084762151981));
#5876=CARTESIAN_POINT('Ctrl Pts',(0.0815767896970329,-0.0238794343049844,
-0.0972349374257561));
#5877=CARTESIAN_POINT('Ctrl Pts',(0.0816430821880253,-0.0236590065084308,
-0.0950443573709201));
#5878=CARTESIAN_POINT('Ctrl Pts',(0.0819558937374673,-0.0225511155622897,
-0.0909192262384521));
#5879=CARTESIAN_POINT('Ctrl Pts',(0.0821935221281812,-0.0216987935855115,
-0.0890337847367158));
#5880=CARTESIAN_POINT('Ctrl Pts',(0.0826896520792193,-0.0196988951370524,
-0.0863047985403483));
#5881=CARTESIAN_POINT('Ctrl Pts',(0.0830135519681027,-0.0183946466895459,
-0.0847874470286915));
#5882=CARTESIAN_POINT('Ctrl Pts',(0.0837205799920591,-0.0147730470973079,
-0.0825011170997659));
#5883=CARTESIAN_POINT('Ctrl Pts',(0.0839995854648212,-0.0131205131225054,
-0.0818189967803358));
#5884=CARTESIAN_POINT('Ctrl Pts',(0.0845363037115657,-0.00914837376685229,
-0.0807576718084943));
#5885=CARTESIAN_POINT('Ctrl Pts',(0.0847594764537685,-0.00680340621929635,
-0.0805267900372377));
#5886=CARTESIAN_POINT('Ctrl Pts',(0.0848823309473655,-0.00447100580875473,
-0.0805267900372377));
#5887=CARTESIAN_POINT('',(-0.838943030038879,-0.0238794343049844,-0.0994084762151981));
#5888=CARTESIAN_POINT('Ctrl Pts',(-0.838943030038879,-0.00147262645860651,
-0.112901183290865));
#5889=CARTESIAN_POINT('Ctrl Pts',(0.838943030038879,-0.00147262645860651,
-0.112901183290865));
#5890=CARTESIAN_POINT('Ctrl Pts',(-0.838943030038879,0.00302494256661582,
-0.112901183290865));
#5891=CARTESIAN_POINT('Ctrl Pts',(0.838943030038879,0.00302494256661582,
-0.112901183290865));
#5892=CARTESIAN_POINT('Ctrl Pts',(-0.838943030038879,0.00922429446624659,
-0.110753695377921));
#5893=CARTESIAN_POINT('Ctrl Pts',(0.838943030038879,0.00922429446624659,
-0.110753695377921));
#5894=CARTESIAN_POINT('Ctrl Pts',(-0.838943030038879,0.0113717823791906,
-0.108727763384578));
#5895=CARTESIAN_POINT('Ctrl Pts',(0.838943030038879,0.0113717823791906,
-0.108727763384578));
#5896=CARTESIAN_POINT('',(0.0869875357238806,-0.00147262645860651,-0.112901183290865));
#5897=CARTESIAN_POINT('Ctrl Pts',(0.0869875357238806,-0.00147262645860651,
-0.112901183290865));
#5898=CARTESIAN_POINT('Ctrl Pts',(0.0870626769109158,0.00296593747820247,
-0.112901183290865));
#5899=CARTESIAN_POINT('Ctrl Pts',(0.0868345801015409,0.00555198190078323,
-0.112087993315216));
#5900=CARTESIAN_POINT('Ctrl Pts',(0.0865879345894543,0.00861380261697392,
-0.110839348425294));
#5901=CARTESIAN_POINT('Ctrl Pts',(0.0864218894125918,0.0100952858732393,
-0.109932005371324));
#5902=CARTESIAN_POINT('Ctrl Pts',(0.0862535945078251,0.0113717823791906,
-0.108727763384578));
#5903=CARTESIAN_POINT('',(0.0849872424032773,-0.00147262645860651,-0.112901183290865));
#5904=CARTESIAN_POINT('',(-0.838943030038879,-0.00147262645860651,-0.112901183290865));
#5905=CARTESIAN_POINT('',(0.085,-8.38471991843418E-10,-0.112870840023906));
#5906=CARTESIAN_POINT('Ctrl Pts',(0.085,-8.40013723360139E-10,-0.112870839988465));
#5907=CARTESIAN_POINT('Ctrl Pts',(0.0849999884329627,-0.000491461304413828,
-0.112891651242105));
#5908=CARTESIAN_POINT('Ctrl Pts',(0.0849957239433535,-0.000983145437665051,
-0.112901183290865));
#5909=CARTESIAN_POINT('Ctrl Pts',(0.0849872424032771,-0.00147262645860651,
-0.112901183290865));
#5910=CARTESIAN_POINT('Ctrl Pts',(0.0842358745756245,0.0113717823791906,
-0.108727763384578));
#5911=CARTESIAN_POINT('Ctrl Pts',(0.0844086250230327,0.0100921426063273,
-0.109934970717468));
#5912=CARTESIAN_POINT('Ctrl Pts',(0.0845790274016525,0.00860652933833255,
-0.110843799408048));
#5913=CARTESIAN_POINT('Ctrl Pts',(0.0848127633801104,0.00576720436295208,
-0.111999116519627));
#5914=CARTESIAN_POINT('Ctrl Pts',(0.0849217061816024,0.00422771837388058,
-0.112458857268512));
#5915=CARTESIAN_POINT('Ctrl Pts',(0.084991300181983,0.00139908975943152,
-0.112788721933663));
#5916=CARTESIAN_POINT('Ctrl Pts',(0.0850000000069154,0.000699799175301171,
-0.112841206443814));
#5917=CARTESIAN_POINT('Ctrl Pts',(0.085,-8.39972206868588E-10,-0.112870839988464));
#5918=CARTESIAN_POINT('Ctrl Pts',(-0.838943030038879,-0.0238794343049844,
-0.0994084762151981));
#5919=CARTESIAN_POINT('Ctrl Pts',(0.838943030038879,-0.0238794343049844,
-0.0994084762151981));
#5920=CARTESIAN_POINT('Ctrl Pts',(-0.838943030038879,-0.0238794343049844,
-0.101677520047743));
#5921=CARTESIAN_POINT('Ctrl Pts',(0.838943030038879,-0.0238794343049844,
-0.101677520047743));
#5922=CARTESIAN_POINT('Ctrl Pts',(-0.838943030038879,-0.0233526919867151,
-0.104675899397891));
#5923=CARTESIAN_POINT('Ctrl Pts',(0.838943030038879,-0.0233526919867151,
-0.104675899397891));
#5924=CARTESIAN_POINT('Ctrl Pts',(-0.838943030038879,-0.0228259496684459,
-0.1064992381919));
#5925=CARTESIAN_POINT('Ctrl Pts',(0.838943030038879,-0.0228259496684459,
-0.1064992381919));
#5926=CARTESIAN_POINT('',(0.0839522246383833,-0.0228259496684459,-0.1064992381919));
#5927=CARTESIAN_POINT('Ctrl Pts',(0.0836586673171041,-0.0238794343049844,
-0.0994084762151981));
#5928=CARTESIAN_POINT('Ctrl Pts',(0.0836586673171041,-0.0238794343049844,
-0.100966851602139));
#5929=CARTESIAN_POINT('Ctrl Pts',(0.0836849865853323,-0.0237853652586025,
-0.101977981386609));
#5930=CARTESIAN_POINT('Ctrl Pts',(0.0837081884371624,-0.0237041696429786,
-0.102598160196712));
#5931=CARTESIAN_POINT('Ctrl Pts',(0.0837178349429379,-0.0236704113903704,
-0.10285600851491));
#5932=CARTESIAN_POINT('Ctrl Pts',(0.0837269425718039,-0.0236389435607822,
-0.103046467360894));
#5933=CARTESIAN_POINT('Ctrl Pts',(0.0837333957360575,-0.0236160631458498,
-0.103176709722817));
#5934=CARTESIAN_POINT('Ctrl Pts',(0.0837361023714121,-0.023606466467763,
-0.103231336967311));
#5935=CARTESIAN_POINT('Ctrl Pts',(0.0837388688804009,-0.0235966505538012,
-0.103286042069038));
#5936=CARTESIAN_POINT('Ctrl Pts',(0.0837416929313332,-0.0235866228901166,
-0.103340813953096));
#5937=CARTESIAN_POINT('Ctrl Pts',(0.0837960890727685,-0.0233934726158688,
-0.104395815871751));
#5938=CARTESIAN_POINT('Ctrl Pts',(0.0838718334596451,-0.0231216227245247,
-0.105475754536242));
#5939=CARTESIAN_POINT('Ctrl Pts',(0.0839522246383833,-0.0228259496684459,
-0.1064992381919));
#5940=CARTESIAN_POINT('',(0.0818778115348326,-0.0228259496684459,-0.1064992381919));
#5941=CARTESIAN_POINT('Ctrl Pts',(0.0818778115348328,-0.0228259496684459,
-0.1064992381919));
#5942=CARTESIAN_POINT('Ctrl Pts',(0.081794614017744,-0.0231243832812117,
-0.105466198763095));
#5943=CARTESIAN_POINT('Ctrl Pts',(0.0817165026589917,-0.0233977262817255,
-0.10437845464631));
#5944=CARTESIAN_POINT('Ctrl Pts',(0.0816607166086538,-0.0235908321803449,
-0.10331775800658));
#5945=CARTESIAN_POINT('Ctrl Pts',(0.0816584191576153,-0.0235987849094705,
-0.103274075068251));
#5946=CARTESIAN_POINT('Ctrl Pts',(0.0816559642132888,-0.0236072312957719,
-0.103226983330952));
#5947=CARTESIAN_POINT('Ctrl Pts',(0.0816533907394058,-0.0236160631458498,
-0.103176709722817));
#5948=CARTESIAN_POINT('Ctrl Pts',(0.0816232303449786,-0.0237195699595895,
-0.10258751709076));
#5949=CARTESIAN_POINT('Ctrl Pts',(0.0815767896970326,-0.0238794343049844,
-0.101444960745887));
#5950=CARTESIAN_POINT('Ctrl Pts',(0.0815767896970326,-0.0238794343049844,
-0.0994084762151981));
#5951=CARTESIAN_POINT('',(-0.838943030038879,-0.0228259496684459,-0.1064992381919));
#5952=CARTESIAN_POINT('Origin',(-0.838943030038879,-0.00147262645860651,
-0.112901183290865));
#5953=CARTESIAN_POINT('',(0.0868609575957123,-0.00491671084729028,-0.112901183290865));
#5954=CARTESIAN_POINT('Origin',(0.,0.,-0.112901183290865));
#5955=CARTESIAN_POINT('',(0.0848576805860503,-0.00491671084729028,-0.112901183290865));
#5956=CARTESIAN_POINT('',(-0.838943030038879,-0.00491671084729028,-0.112901183290865));
#5957=CARTESIAN_POINT('Origin',(0.,0.,-0.112901183290865));
#5958=CARTESIAN_POINT('Ctrl Pts',(-0.838943030038879,-0.0228259496684459,
-0.1064992381919));
#5959=CARTESIAN_POINT('Ctrl Pts',(0.838943030038879,-0.0228259496684459,
-0.1064992381919));
#5960=CARTESIAN_POINT('Ctrl Pts',(-0.838943030038879,-0.0224612819096441,
-0.10779583466764));
#5961=CARTESIAN_POINT('Ctrl Pts',(0.838943030038879,-0.0224612819096441,
-0.10779583466764));
#5962=CARTESIAN_POINT('Ctrl Pts',(-0.838943030038879,-0.0211646854339043,
-0.111118363136723));
#5963=CARTESIAN_POINT('Ctrl Pts',(0.838943030038879,-0.0211646854339043,
-0.111118363136723));
#5964=CARTESIAN_POINT('Ctrl Pts',(-0.838943030038879,-0.0207189803953687,
-0.112212366413128));
#5965=CARTESIAN_POINT('Ctrl Pts',(0.838943030038879,-0.0207189803953687,
-0.112212366413128));
#5966=CARTESIAN_POINT('',(0.0844968866371793,-0.0207189803953687,-0.112212366413128));
#5967=CARTESIAN_POINT('Ctrl Pts',(0.0839522246383833,-0.0228259496684459,
-0.1064992381919));
#5968=CARTESIAN_POINT('Ctrl Pts',(0.0840328972202727,-0.0225292416315265,
-0.107554200100947));
#5969=CARTESIAN_POINT('Ctrl Pts',(0.0841327839655016,-0.0221490204665517,
-0.108580908818333));
#5970=CARTESIAN_POINT('Ctrl Pts',(0.0841897350802646,-0.0219326557425971,
-0.109147223043836));
#5971=CARTESIAN_POINT('Ctrl Pts',(0.0842026329829303,-0.0218836549256427,
-0.109275478053226));
#5972=CARTESIAN_POINT('Ctrl Pts',(0.0842133287118736,-0.0218429903649851,
-0.109380206750828));
#5973=CARTESIAN_POINT('Ctrl Pts',(0.0842211003450735,-0.0218129836717742,
-0.109457098902181));
#5974=CARTESIAN_POINT('Ctrl Pts',(0.0842253917904857,-0.0217964141705375,
-0.1094995582491));
#5975=CARTESIAN_POINT('Ctrl Pts',(0.0842297043321869,-0.0217797437349291,
-0.109542252669772));
#5976=CARTESIAN_POINT('Ctrl Pts',(0.0842340356287888,-0.0217629804444847,
-0.109585159735729));
#5977=CARTESIAN_POINT('Ctrl Pts',(0.0843204190091537,-0.0214286533762414,
-0.110440898268433));
#5978=CARTESIAN_POINT('Ctrl Pts',(0.0844142607274432,-0.0210559483346704,
-0.111385263289388));
#5979=CARTESIAN_POINT('Ctrl Pts',(0.0844968866371792,-0.0207189803953687,
-0.112212366413128));
#5980=CARTESIAN_POINT('',(0.0824361804754219,-0.0207189803953687,-0.112212366413128));
#5981=CARTESIAN_POINT('Ctrl Pts',(0.0824361804754219,-0.0207189803953687,
-0.112212366413128));
#5982=CARTESIAN_POINT('Ctrl Pts',(0.0823508409722262,-0.0210585271564969,
-0.111378933453996));
#5983=CARTESIAN_POINT('Ctrl Pts',(0.0822540323796968,-0.0214334482607488,
-0.11042869005387));
#5984=CARTESIAN_POINT('Ctrl Pts',(0.0821658644613453,-0.021766274769005,
-0.109576727310338));
#5985=CARTESIAN_POINT('Ctrl Pts',(0.0821620989333203,-0.0217804893219598,
-0.109540341177524));
#5986=CARTESIAN_POINT('Ctrl Pts',(0.0821579749079966,-0.0217960566623887,
-0.109500474363731));
#5987=CARTESIAN_POINT('Ctrl Pts',(0.0821535265315545,-0.0218129836717742,
-0.109457098902181));
#5988=CARTESIAN_POINT('Ctrl Pts',(0.0821037406563446,-0.0220024294140388,
-0.108971644187628));
#5989=CARTESIAN_POINT('Ctrl Pts',(0.082013326857483,-0.0223353486725734,
-0.108100768300721));
#5990=CARTESIAN_POINT('Ctrl Pts',(0.0819301543135942,-0.0226370748315037,
-0.107134599597938));
#5991=CARTESIAN_POINT('Ctrl Pts',(0.0819122093788028,-0.0227021739134084,
-0.106926143374787));
#5992=CARTESIAN_POINT('Ctrl Pts',(0.0818946015276236,-0.022765723133061,
-0.106713376984379));
#5993=CARTESIAN_POINT('Ctrl Pts',(0.0818778115348328,-0.0228259496684459,
-0.1064992381919));
#5994=CARTESIAN_POINT('',(-0.838943030038879,-0.0207189803953687,-0.112212366413128));
#5995=CARTESIAN_POINT('Origin',(-0.838943030038879,-0.00491671084729028,
-0.112901183290865));
#5996=CARTESIAN_POINT('',(0.0868609575957123,-0.00491671084729028,-0.0869287351362028));
#5997=CARTESIAN_POINT('',(0.0868609575957123,-0.00491671084729028,0.));
#5998=CARTESIAN_POINT('',(0.0848576805860503,-0.00491671084729028,-0.0869287351362028));
#5999=CARTESIAN_POINT('',(-0.838943030038879,-0.00491671084729028,-0.0869287351362028));
#6000=CARTESIAN_POINT('',(0.0848576805860503,-0.00491671084729028,0.));
#6001=CARTESIAN_POINT('Origin',(-0.838943030038879,-0.0138308116180012,
-0.112212366413128));
#6002=CARTESIAN_POINT('',(0.0858935891087767,-0.0138308116180012,-0.112212366413128));
#6003=CARTESIAN_POINT('Origin',(0.,0.,-0.112212366413128));
#6004=CARTESIAN_POINT('',(0.0838672084308722,-0.0138308116180012,-0.112212366413128));
#6005=CARTESIAN_POINT('Origin',(0.,0.,-0.112212366413128));
#6006=CARTESIAN_POINT('',(-0.838943030038879,-0.0138308116180012,-0.112212366413128));
#6007=CARTESIAN_POINT('Ctrl Pts',(-0.838943030038879,-0.0183688992830904,
-0.0993274389354644));
#6008=CARTESIAN_POINT('Ctrl Pts',(0.838943030038879,-0.0183688992830904,
-0.0993274389354644));
#6009=CARTESIAN_POINT('Ctrl Pts',(-0.838943030038879,-0.0183688992830904,
-0.0934927547946354));
#6010=CARTESIAN_POINT('Ctrl Pts',(0.838943030038879,-0.0183688992830904,
-0.0934927547946354));
#6011=CARTESIAN_POINT('Ctrl Pts',(-0.838943030038879,-0.011440211865856,
-0.0869287351362028));
#6012=CARTESIAN_POINT('Ctrl Pts',(0.838943030038879,-0.011440211865856,
-0.0869287351362028));
#6013=CARTESIAN_POINT('Ctrl Pts',(-0.838943030038879,-0.00491671084729028,
-0.0869287351362028));
#6014=CARTESIAN_POINT('Ctrl Pts',(0.838943030038879,-0.00491671084729028,
-0.0869287351362028));
#6015=CARTESIAN_POINT('',(0.0850387178826661,-0.0183688992830904,-0.0993274389354644));
#6016=CARTESIAN_POINT('Ctrl Pts',(0.0850387178826662,-0.0183688992830904,
-0.0993274389354644));
#6017=CARTESIAN_POINT('Ctrl Pts',(0.0850387178826662,-0.0183688992830904,
-0.0983150831763116));
#6018=CARTESIAN_POINT('Ctrl Pts',(0.0850557790580199,-0.0182907157057484,
-0.0972987995023397));
#6019=CARTESIAN_POINT('Ctrl Pts',(0.0850951730114948,-0.0181055662751474,
-0.0963041889652316));
#6020=CARTESIAN_POINT('Ctrl Pts',(0.0851310845371897,-0.017936784064988,
-0.0953975020574946));
#6021=CARTESIAN_POINT('Ctrl Pts',(0.085185412181554,-0.0176800416308936,
-0.0945136949850681));
#6022=CARTESIAN_POINT('Ctrl Pts',(0.0852594342020341,-0.0173155675490156,
-0.0936690093808422));
#6023=CARTESIAN_POINT('Ctrl Pts',(0.0853729843098008,-0.0167564626906643,
-0.0923732579170655));
#6024=CARTESIAN_POINT('Ctrl Pts',(0.0855272558477304,-0.0159732523589719,
-0.0912375965308328));
#6025=CARTESIAN_POINT('Ctrl Pts',(0.0857039922605898,-0.0149608058137503,
-0.0902644223799137));
#6026=CARTESIAN_POINT('Ctrl Pts',(0.085825420941962,-0.0142651933649224,
-0.0895957924582139));
#6027=CARTESIAN_POINT('Ctrl Pts',(0.0860259237638083,-0.0131127773917803,
-0.0886679338408446));
#6028=CARTESIAN_POINT('Ctrl Pts',(0.0862652225098836,-0.0112832347008995,
-0.0879654631035207));
#6029=CARTESIAN_POINT('Ctrl Pts',(0.0865269975422964,-0.00928185105363519,
-0.0871970123571296));
#6030=CARTESIAN_POINT('Ctrl Pts',(0.0867386470528524,-0.00707750720217898,
-0.0869287351362028));
#6031=CARTESIAN_POINT('Ctrl Pts',(0.0868609575957123,-0.00491671084729028,
-0.0869287351362028));
#6032=CARTESIAN_POINT('',(0.0829914666645173,-0.0183688992830904,-0.0993274389354644));
#6033=CARTESIAN_POINT('',(-0.838943030038879,-0.0183688992830904,-0.0993274389354644));
#6034=CARTESIAN_POINT('Ctrl Pts',(0.0848576805860504,-0.00491671084729028,
-0.0869287351362028));
#6035=CARTESIAN_POINT('Ctrl Pts',(0.0847460914279111,-0.00684263194217655,
-0.0869287351362028));
#6036=CARTESIAN_POINT('Ctrl Pts',(0.0845629662486152,-0.0088015271709293,
-0.0871421058703552));
#6037=CARTESIAN_POINT('Ctrl Pts',(0.0841525798708209,-0.0120601855278623,
-0.0881976714048521));
#6038=CARTESIAN_POINT('Ctrl Pts',(0.0839475272187759,-0.0133853205465215,
-0.0888913032638556));
#6039=CARTESIAN_POINT('Ctrl Pts',(0.0836067541488712,-0.015349230265033,
-0.0905758416868797));
#6040=CARTESIAN_POINT('Ctrl Pts',(0.0834271352846241,-0.0162938692307314,
-0.0916014662336388));
#6041=CARTESIAN_POINT('Ctrl Pts',(0.0831727682623361,-0.0175371047184398,
-0.0940637515759528));
#6042=CARTESIAN_POINT('Ctrl Pts',(0.0830992957694078,-0.0178760647644963,
-0.0951161844286652));
#6043=CARTESIAN_POINT('Ctrl Pts',(0.083010122370076,-0.0182855360258344,
-0.0972324988195096));
#6044=CARTESIAN_POINT('Ctrl Pts',(0.0829914666645173,-0.0183688992830904,
-0.0982820547014271));
#6045=CARTESIAN_POINT('Ctrl Pts',(0.0829914666645173,-0.0183688992830904,
-0.0993274389354644));
#6046=CARTESIAN_POINT('Origin',(-0.838943030038879,-0.0138308116180012,
-0.111847698654327));
#6047=CARTESIAN_POINT('',(0.0858935891087767,-0.0138308116180012,-0.111847698654327));
#6048=CARTESIAN_POINT('',(0.0858935891087767,-0.0138308116180012,0.));
#6049=CARTESIAN_POINT('',(0.0838672084308722,-0.0138308116180012,-0.111847698654327));
#6050=CARTESIAN_POINT('',(0.0838672084308722,-0.0138308116180012,0.));
#6051=CARTESIAN_POINT('',(-0.838943030038879,-0.0138308116180012,-0.111847698654327));
#6052=CARTESIAN_POINT('Ctrl Pts',(-0.838943030038879,-0.0167076350485488,
-0.107025980510169));
#6053=CARTESIAN_POINT('Ctrl Pts',(0.838943030038879,-0.0167076350485488,
-0.107025980510169));
#6054=CARTESIAN_POINT('Ctrl Pts',(-0.838943030038879,-0.0174369705661524,
-0.105405234915495));
#6055=CARTESIAN_POINT('Ctrl Pts',(0.838943030038879,-0.0174369705661524,
-0.105405234915495));
#6056=CARTESIAN_POINT('Ctrl Pts',(-0.838943030038879,-0.0183688992830904,
-0.101393889568675));
#6057=CARTESIAN_POINT('Ctrl Pts',(0.838943030038879,-0.0183688992830904,
-0.101393889568675));
#6058=CARTESIAN_POINT('Ctrl Pts',(-0.838943030038879,-0.0183688992830904,
-0.0993274389354644));
#6059=CARTESIAN_POINT('Ctrl Pts',(0.838943030038879,-0.0183688992830904,
-0.0993274389354644));
#6060=CARTESIAN_POINT('',(0.0853806472866334,-0.0167076350485488,-0.107025980510169));
#6061=CARTESIAN_POINT('Ctrl Pts',(0.0853806472866334,-0.0167076350485488,
-0.107025980510169));
#6062=CARTESIAN_POINT('Ctrl Pts',(0.0852498258807417,-0.0173761687028645,
-0.105540350167246));
#6063=CARTESIAN_POINT('Ctrl Pts',(0.0851728952462862,-0.0177371534954234,
-0.104113143181477));
#6064=CARTESIAN_POINT('Ctrl Pts',(0.0851380345137061,-0.0179029349309821,
-0.103399562214706));
#6065=CARTESIAN_POINT('Ctrl Pts',(0.0850726243154316,-0.018213995421327,
-0.102060649659893));
#6066=CARTESIAN_POINT('Ctrl Pts',(0.0850387178826662,-0.0183688992830904,
-0.100703628407141));
#6067=CARTESIAN_POINT('Ctrl Pts',(0.0850387178826662,-0.0183688992830904,
-0.0993274389354644));
#6068=CARTESIAN_POINT('',(0.0833417958234912,-0.0167076350485488,-0.107025980510169));
#6069=CARTESIAN_POINT('',(-0.838943030038879,-0.0167076350485488,-0.107025980510169));
#6070=CARTESIAN_POINT('Ctrl Pts',(0.0829914666645173,-0.0183688992830904,
-0.0993274389354644));
#6071=CARTESIAN_POINT('Ctrl Pts',(0.0829914666645173,-0.0183688992830904,
-0.100698842965108));
#6072=CARTESIAN_POINT('Ctrl Pts',(0.083025965275679,-0.0182150747438125,
-0.102051208692165));
#6073=CARTESIAN_POINT('Ctrl Pts',(0.0830925346972854,-0.0179061631172181,
-0.10338564209621));
#6074=CARTESIAN_POINT('Ctrl Pts',(0.0831367991017007,-0.0177007566582428,
-0.104272954895942));
#6075=CARTESIAN_POINT('Ctrl Pts',(0.0832165926557685,-0.0173321792650378,
-0.105638104473527));
#6076=CARTESIAN_POINT('Ctrl Pts',(0.083341795823491,-0.0167076350485488,
-0.107025980510169));
#6077=CARTESIAN_POINT('Ctrl Pts',(-0.838943030038879,-0.0138308116180012,
-0.111847698654327));
#6078=CARTESIAN_POINT('Ctrl Pts',(0.838943030038879,-0.0138308116180012,
-0.111847698654327));
#6079=CARTESIAN_POINT('Ctrl Pts',(-0.838943030038879,-0.0144791098558711,
-0.111077844496856));
#6080=CARTESIAN_POINT('Ctrl Pts',(0.838943030038879,-0.0144791098558711,
-0.111077844496856));
#6081=CARTESIAN_POINT('Ctrl Pts',(-0.838943030038879,-0.0158972622512114,
-0.108727763384578));
#6082=CARTESIAN_POINT('Ctrl Pts',(0.838943030038879,-0.0158972622512114,
-0.108727763384578));
#6083=CARTESIAN_POINT('Ctrl Pts',(-0.838943030038879,-0.0167076350485488,
-0.107025980510169));
#6084=CARTESIAN_POINT('Ctrl Pts',(0.838943030038879,-0.0167076350485488,
-0.107025980510169));
#6085=CARTESIAN_POINT('Ctrl Pts',(0.0858935891087766,-0.0138308116180012,
-0.111847698654327));
#6086=CARTESIAN_POINT('Ctrl Pts',(0.0858067032553563,-0.0143703994599277,
-0.111206938092039));
#6087=CARTESIAN_POINT('Ctrl Pts',(0.0857269952058366,-0.014830950952736,
-0.110486205893692));
#6088=CARTESIAN_POINT('Ctrl Pts',(0.0856799262600606,-0.0150980340047149,
-0.110050961609528));
#6089=CARTESIAN_POINT('Ctrl Pts',(0.0856740971209567,-0.0151311102556616,
-0.1099970598398));
#6090=CARTESIAN_POINT('Ctrl Pts',(0.0856687685671856,-0.0151612282404098,
-0.109947476888192));
#6091=CARTESIAN_POINT('Ctrl Pts',(0.0856639889592062,-0.0151881860535413,
-0.109902803940717));
#6092=CARTESIAN_POINT('Ctrl Pts',(0.0856576621711511,-0.0152238702290742,
-0.109843670164119));
#6093=CARTESIAN_POINT('Ctrl Pts',(0.085651326245464,-0.0152594682790844,
-0.10978399741178));
#6094=CARTESIAN_POINT('Ctrl Pts',(0.0856449846491087,-0.0152949657363877,
-0.109723841742872));
#6095=CARTESIAN_POINT('Ctrl Pts',(0.0855546743449959,-0.0158004829570816,
-0.108867168367772));
#6096=CARTESIAN_POINT('Ctrl Pts',(0.0854632146742491,-0.0162856928060395,
-0.107912059219439));
#6097=CARTESIAN_POINT('Ctrl Pts',(0.0853806472866333,-0.0167076350485488,
-0.107025980510169));
#6098=CARTESIAN_POINT('Ctrl Pts',(0.0833417958234909,-0.0167076350485488,
-0.107025980510169));
#6099=CARTESIAN_POINT('Ctrl Pts',(0.0834284103895772,-0.0162755802747206,
-0.107933295535209));
#6100=CARTESIAN_POINT('Ctrl Pts',(0.0835238938039619,-0.0157807453069559,
-0.10890547258369));
#6101=CARTESIAN_POINT('Ctrl Pts',(0.0836176982290007,-0.015266975564393,
-0.109771139427043));
#6102=CARTESIAN_POINT('Ctrl Pts',(0.0836223312953548,-0.0152416001164111,
-0.10981389531968));
#6103=CARTESIAN_POINT('Ctrl Pts',(0.0836271206852579,-0.0152153198568065,
-0.109857839352449));
#6104=CARTESIAN_POINT('Ctrl Pts',(0.0836320566230285,-0.0151881860535413,
-0.109902803940717));
#6105=CARTESIAN_POINT('Ctrl Pts',(0.0836938612155392,-0.0148484342714055,
-0.110465821179685));
#6106=CARTESIAN_POINT('Ctrl Pts',(0.0837786421902641,-0.0143678591583885,
-0.111209954700117));
#6107=CARTESIAN_POINT('Ctrl Pts',(0.083867208430872,-0.0138308116180012,
-0.111847698654327));
#6108=CARTESIAN_POINT('Origin',(-0.838943030038879,-9.4992703132996E-5,
-0.106742350031101));
#6109=CARTESIAN_POINT('',(0.086999948140136,-9.49927031329961E-5,-0.0869287351362028));
#6110=CARTESIAN_POINT('',(0.086999948140136,-9.49927031329964E-5,0.));
#6111=CARTESIAN_POINT('',(0.0849999469199031,-9.49927031329961E-5,-0.0869287351362028));
#6112=CARTESIAN_POINT('',(0.0849999469199031,-9.49927031329964E-5,0.));
#6113=CARTESIAN_POINT('',(-0.838943030038879,-9.49927031329961E-5,-0.0869287351362028));
#6114=CARTESIAN_POINT('Ctrl Pts',(-0.838943030038879,0.00740095567223755,
-0.0900081517660848));
#6115=CARTESIAN_POINT('Ctrl Pts',(0.838943030038879,0.00740095567223755,
-0.0900081517660848));
#6116=CARTESIAN_POINT('Ctrl Pts',(-0.838943030038879,0.00590176599716344,
-0.0885899993707444));
#6117=CARTESIAN_POINT('Ctrl Pts',(0.838943030038879,0.00590176599716344,
-0.0885899993707444));
#6118=CARTESIAN_POINT('Ctrl Pts',(-0.838943030038879,0.00229560704901221,
-0.0871313283355372));
#6119=CARTESIAN_POINT('Ctrl Pts',(0.838943030038879,0.00229560704901221,
-0.0871313283355372));
#6120=CARTESIAN_POINT('Ctrl Pts',(-0.838943030038879,-9.4992703132996E-5,
-0.0869287351362028));
#6121=CARTESIAN_POINT('Ctrl Pts',(0.838943030038879,-9.4992703132996E-5,
-0.0869287351362028));
#6122=CARTESIAN_POINT('',(0.0866846344811903,0.00740095567223755,-0.0900081517660848));
#6123=CARTESIAN_POINT('Ctrl Pts',(0.0869999481401359,-9.4992703132996E-5,
-0.0869287351362028));
#6124=CARTESIAN_POINT('Ctrl Pts',(0.0870013585329204,0.00119672860871982,
-0.087038203043987));
#6125=CARTESIAN_POINT('Ctrl Pts',(0.0869725355957454,0.00250251193909323,
-0.0872747661034372));
#6126=CARTESIAN_POINT('Ctrl Pts',(0.0869204409661732,0.00371980406016742,
-0.0877155688623468));
#6127=CARTESIAN_POINT('Ctrl Pts',(0.0869153252934227,0.00383934168207586,
-0.0877588555251112));
#6128=CARTESIAN_POINT('Ctrl Pts',(0.0869096053915104,0.00396607546347996,
-0.0878070234245353));
#6129=CARTESIAN_POINT('Ctrl Pts',(0.0869032527378117,0.00409868652308783,
-0.0878606638531408));
#6130=CARTESIAN_POINT('Ctrl Pts',(0.0868683212865706,0.00482787734355472,
-0.088155617443442));
#6131=CARTESIAN_POINT('Ctrl Pts',(0.0868142580158238,0.00576959339719703,
-0.0886356660281478));
#6132=CARTESIAN_POINT('Ctrl Pts',(0.0867363207915612,0.00676835693084498,
-0.0894514396481704));
#6133=CARTESIAN_POINT('Ctrl Pts',(0.0867193354535536,0.00698602360256966,
-0.0896292262040156));
#6134=CARTESIAN_POINT('Ctrl Pts',(0.0867020644975372,0.00719680438922152,
-0.0898150356875561));
#6135=CARTESIAN_POINT('Ctrl Pts',(0.0866846344811903,0.00740095567223755,
-0.0900081517660848));
#6136=CARTESIAN_POINT('',(0.0846771861550534,0.00740095567223755,-0.0900081517660848));
#6137=CARTESIAN_POINT('Ctrl Pts',(0.0846771861550535,0.00740095567223755,
-0.0900081517660848));
#6138=CARTESIAN_POINT('Ctrl Pts',(0.08475825462752,0.00647342003517053,
-0.0891307531904808));
#6139=CARTESIAN_POINT('Ctrl Pts',(0.0848346230730572,0.00542903877807036,
-0.0884231089605095));
#6140=CARTESIAN_POINT('Ctrl Pts',(0.0849441114091948,0.00324329618753334,
-0.0874965612669272));
#6141=CARTESIAN_POINT('Ctrl Pts',(0.0850021169482552,0.00184675954377026,
-0.0870932904113641));
#6142=CARTESIAN_POINT('Ctrl Pts',(0.0849999469199031,-9.4992703132996E-5,
-0.0869287351362028));
#6143=CARTESIAN_POINT('',(-0.838943030038879,0.00740095567223755,-0.0900081517660848));
#6144=CARTESIAN_POINT('Ctrl Pts',(-0.838943030038879,0.0103588163825189,
-0.0975041001414553));
#6145=CARTESIAN_POINT('Ctrl Pts',(0.838943030038879,0.0103588163825189,
-0.0975041001414553));
#6146=CARTESIAN_POINT('Ctrl Pts',(-0.838943030038879,0.0103588163825189,
-0.0949919444697095));
#6147=CARTESIAN_POINT('Ctrl Pts',(0.838943030038879,0.0103588163825189,
-0.0949919444697095));
#6148=CARTESIAN_POINT('Ctrl Pts',(-0.838943030038879,0.00885962670744479,
-0.091466822801292));
#6149=CARTESIAN_POINT('Ctrl Pts',(0.838943030038879,0.00885962670744479,
-0.091466822801292));
#6150=CARTESIAN_POINT('Ctrl Pts',(-0.838943030038879,0.00740095567223755,
-0.0900081517660848));
#6151=CARTESIAN_POINT('Ctrl Pts',(0.838943030038879,0.00740095567223755,
-0.0900081517660848));
#6152=CARTESIAN_POINT('Ctrl Pts',(0.0866846344811903,0.00740095567223755,
-0.0900081517660848));
#6153=CARTESIAN_POINT('Ctrl Pts',(0.0866129470530722,0.00824060379047003,
-0.0908477998843173));
#6154=CARTESIAN_POINT('Ctrl Pts',(0.0865412470479681,0.00893732508952449,
-0.091796252699029));
#6155=CARTESIAN_POINT('Ctrl Pts',(0.0864855348743844,0.00944734129221715,
-0.0928696439739507));
#6156=CARTESIAN_POINT('Ctrl Pts',(0.0864797985326787,0.00949985454068555,
-0.0929801645072713));
#6157=CARTESIAN_POINT('Ctrl Pts',(0.0864737688696923,0.00955421905303196,
-0.0931000534517267));
#6158=CARTESIAN_POINT('Ctrl Pts',(0.0864676215063371,0.00960922154498185,
-0.0932293836355007));
#6159=CARTESIAN_POINT('Ctrl Pts',(0.0864339834687799,0.0099101921860568,
-0.0939370713591094));
#6160=CARTESIAN_POINT('Ctrl Pts',(0.0863968212246298,0.0102273825360161,
-0.0949792091454864));
#6161=CARTESIAN_POINT('Ctrl Pts',(0.0863849088592523,0.0103270286810227,
-0.0965012393886924));
#6162=CARTESIAN_POINT('Ctrl Pts',(0.0863822984716465,0.0103488643999289,
-0.0968347658342485));
#6163=CARTESIAN_POINT('Ctrl Pts',(0.0863811028127869,0.0103588163825189,
-0.0971698565053212));
#6164=CARTESIAN_POINT('Ctrl Pts',(0.0863811028127869,0.0103588163825189,
-0.0975041001414553));
#6165=CARTESIAN_POINT('Ctrl Pts',(0.0843664324429642,0.0103588163825189,
-0.0975041001414553));
#6166=CARTESIAN_POINT('Ctrl Pts',(0.0843664324429642,0.0103588163825189,
-0.0960874675866364));
#6167=CARTESIAN_POINT('Ctrl Pts',(0.0843899272531591,0.0101802299768075,
-0.0946099896169763));
#6168=CARTESIAN_POINT('Ctrl Pts',(0.0844851431022875,0.00934598758673221,
-0.0925914335972619));
#6169=CARTESIAN_POINT('Ctrl Pts',(0.0845594058236356,0.00874852583622232,
-0.0913557219300695));
#6170=CARTESIAN_POINT('Ctrl Pts',(0.0846771861550535,0.00740095567223755,
-0.0900081517660848));
#6171=CARTESIAN_POINT('Origin',(0.,0.,0.));
#6172=CARTESIAN_POINT('Origin',(0.,0.,0.));
#6173=CARTESIAN_POINT('',(0.085,1.04094977927525E-17,0.375));
#6174=CARTESIAN_POINT('Origin',(0.,0.,0.375));
#6175=CARTESIAN_POINT('',(0.085,1.04094977927525E-17,0.));
#6176=CARTESIAN_POINT('',(0.085,1.04094977927525E-17,0.));
#6177=CARTESIAN_POINT('',(0.085,1.04094977927525E-17,0.));
#6178=CARTESIAN_POINT('',(0.085,1.04094977927525E-17,0.));
#6179=CARTESIAN_POINT('',(0.085,1.04094977927525E-17,0.));
#6180=CARTESIAN_POINT('',(0.085,1.04094977927525E-17,0.));
#6181=CARTESIAN_POINT('',(0.085,1.04094977927525E-17,0.));
#6182=CARTESIAN_POINT('',(0.085,1.04094977927525E-17,0.));
#6183=CARTESIAN_POINT('',(0.085,1.04094977927525E-17,-0.193700787401575));
#6184=CARTESIAN_POINT('',(0.085,1.04094977927525E-17,0.));
#6185=CARTESIAN_POINT('Origin',(0.,0.,-0.193700787401575));
#6186=CARTESIAN_POINT('Origin',(0.,0.,0.));
#6187=CARTESIAN_POINT('Origin',(0.,0.,0.));
#6188=CARTESIAN_POINT('Origin',(-4.54701544239161E-18,0.,-0.193700787401575));
#6189=CARTESIAN_POINT('',(0.102362204724409,1.25357546369414E-17,-0.193700787401575));
#6190=CARTESIAN_POINT('Origin',(0.,0.,-0.193700787401575));
#6191=CARTESIAN_POINT('Origin',(0.,0.,-0.383700787401575));
#6192=CARTESIAN_POINT('',(0.102362204724409,1.25357546369414E-17,-0.383700787401575));
#6193=CARTESIAN_POINT('Origin',(0.,0.,-0.383700787401575));
#6194=CARTESIAN_POINT('',(0.0923622047244094,-1.13111078377941E-17,-0.393700787401575));
#6195=CARTESIAN_POINT('Origin',(0.0923622047244094,-1.13111078377941E-17,
-0.383700787401575));
#6196=CARTESIAN_POINT('Origin',(0.,0.,-0.393700787401575));
#6197=CARTESIAN_POINT('Origin',(0.,0.,-0.393700787401575));
#6198=CARTESIAN_POINT('',(0.102362204724409,-1.25357546369414E-17,-0.393700787401575));
#6199=CARTESIAN_POINT('Origin',(-4.54701544239161E-18,0.,-0.393700787401575));
#6200=CARTESIAN_POINT('Origin',(0.,0.,0.));
#6201=CARTESIAN_POINT('Origin',(-5.08522562456088E-18,0.,0.375));
#6202=UNCERTAINTY_MEASURE_WITH_UNIT(LENGTH_MEASURE(0.000393700787401575),
#6207,'DISTANCE_ACCURACY_VALUE',
'Maximum model space distance between geometric entities at asserted c
onnectivities');
#6203=UNCERTAINTY_MEASURE_WITH_UNIT(LENGTH_MEASURE(0.000393700787401575),
#6207,'DISTANCE_ACCURACY_VALUE',
'Maximum model space distance between geometric entities at asserted c
onnectivities');
#6204=(
GEOMETRIC_REPRESENTATION_CONTEXT(3)
GLOBAL_UNCERTAINTY_ASSIGNED_CONTEXT((#6202))
GLOBAL_UNIT_ASSIGNED_CONTEXT((#6207,#6212,#6211))
REPRESENTATION_CONTEXT('','3D')
);
#6205=(
GEOMETRIC_REPRESENTATION_CONTEXT(3)
GLOBAL_UNCERTAINTY_ASSIGNED_CONTEXT((#6203))
GLOBAL_UNIT_ASSIGNED_CONTEXT((#6207,#6212,#6211))
REPRESENTATION_CONTEXT('','3D')
);
#6206=DIMENSIONAL_EXPONENTS(1.,0.,0.,0.,0.,0.,0.);
#6207=(
CONVERSION_BASED_UNIT('inch',#6210)
LENGTH_UNIT()
NAMED_UNIT(#6206)
);
#6208=(
LENGTH_UNIT()
NAMED_UNIT(*)
SI_UNIT(.MILLI.,.METRE.)
);
#6209=(
LENGTH_UNIT()
NAMED_UNIT(*)
SI_UNIT(.CENTI.,.METRE.)
);
#6210=LENGTH_MEASURE_WITH_UNIT(LENGTH_MEASURE(25.4),#6208);
#6211=(
NAMED_UNIT(*)
SI_UNIT($,.STERADIAN.)
SOLID_ANGLE_UNIT()
);
#6212=(
NAMED_UNIT(*)
PLANE_ANGLE_UNIT()
SI_UNIT($,.RADIAN.)
);
#6213=SHAPE_DEFINITION_REPRESENTATION(#6214,#6215);
#6214=PRODUCT_DEFINITION_SHAPE('',$,#6217);
#6215=SHAPE_REPRESENTATION('',(#2785),#6204);
#6216=PRODUCT_DEFINITION_CONTEXT('part definition',#6221,'design');
#6217=PRODUCT_DEFINITION('MSC','MSC',#6218,#6216);
#6218=PRODUCT_DEFINITION_FORMATION('',$,#6223);
#6219=PRODUCT_RELATED_PRODUCT_CATEGORY('MSC','MSC',(#6223));
#6220=APPLICATION_PROTOCOL_DEFINITION('international standard',
'automotive_design',2009,#6221);
#6221=APPLICATION_CONTEXT(
'Core Data for Automotive Mechanical Design Process');
#6222=PRODUCT_CONTEXT('part definition',#6221,'mechanical');
#6223=PRODUCT('MSC','MSC',$,(#6222));
#6224=PRESENTATION_STYLE_ASSIGNMENT((#6227));
#6225=PRESENTATION_STYLE_ASSIGNMENT((#6228));
#6226=PRESENTATION_STYLE_ASSIGNMENT((#6229));
#6227=SURFACE_STYLE_USAGE(.BOTH.,#6230);
#6228=SURFACE_STYLE_USAGE(.BOTH.,#6231);
#6229=SURFACE_STYLE_USAGE(.BOTH.,#6232);
#6230=SURFACE_SIDE_STYLE('',(#6233));
#6231=SURFACE_SIDE_STYLE('',(#6234));
#6232=SURFACE_SIDE_STYLE('',(#6235));
#6233=SURFACE_STYLE_FILL_AREA(#6236);
#6234=SURFACE_STYLE_FILL_AREA(#6237);
#6235=SURFACE_STYLE_FILL_AREA(#6238);
#6236=FILL_AREA_STYLE('',(#6239));
#6237=FILL_AREA_STYLE('',(#6240));
#6238=FILL_AREA_STYLE('',(#6241));
#6239=FILL_AREA_STYLE_COLOUR('',#6242);
#6240=FILL_AREA_STYLE_COLOUR('',#6243);
#6241=FILL_AREA_STYLE_COLOUR('',#6244);
#6242=COLOUR_RGB('',0.749019607843137,0.749019607843137,0.749019607843137);
#6243=COLOUR_RGB('',0.,0.,0.);
#6244=COLOUR_RGB('',0.949019607843137,0.949019607843137,1.);
ENDSEC;
END-ISO-10303-21;
