ISO-10303-21;
HEADER;

/* File generated by Shapr3D Version 26.170.11783.0 */

FILE_DESCRIPTION(('HOOPS Exchange Step'),'2;1');

FILE_NAME('C:\\Users\\datzi\\AppData\\Local\\Packages\\Shapr3D.Shapr3D_j403pzjkqtqbj\\TempState\\export\\temp_export',
'2026-09-27T20:09:23+07:00',
('datzi'),
('Shapr3D Limited'),
'HOOPS Exchange 2026.3',
'Shapr3D',
'Authorized');

FILE_SCHEMA( ('AP242_MANAGED_MODEL_BASED_3D_ENGINEERING_MIM_LF {1 0 10303 442 1 1 4}') );

ENDSEC;

DATA;
#3=(NAMED_UNIT(*)PLANE_ANGLE_UNIT()SI_UNIT($,.RADIAN.));
#4=PLANE_ANGLE_MEASURE_WITH_UNIT(PLANE_ANGLE_MEASURE(0.0174532925),#3);
#5=(CONVERSION_BASED_UNIT('DEGREE',#4)NAMED_UNIT(#6)PLANE_ANGLE_UNIT());
#6=DIMENSIONAL_EXPONENTS(0.,0.,0.,0.,0.,0.,0.);
#7=(NAMED_UNIT(*)SI_UNIT($,.STERADIAN.)SOLID_ANGLE_UNIT());
#8=(LENGTH_UNIT()NAMED_UNIT(*)SI_UNIT(.MILLI.,.METRE.));
#9=UNCERTAINTY_MEASURE_WITH_UNIT(LENGTH_MEASURE(1.000000E-03),#8,'DISTANCE_ACCURACY_VALUE','Maximum Tolerance applied to model');
#10=(GEOMETRIC_REPRESENTATION_CONTEXT(3)GLOBAL_UNCERTAINTY_ASSIGNED_CONTEXT((#9))GLOBAL_UNIT_ASSIGNED_CONTEXT((#8,#5,#7))REPRESENTATION_CONTEXT('','root'));
#12=CARTESIAN_POINT('',(0.,0.,0.));
#13=DIRECTION('',(0.,0.,1.));
#14=DIRECTION('',(1.,0.,0.));
#15=AXIS2_PLACEMENT_3D('',#12,#13,#14);
#26=(NAMED_UNIT(*)PLANE_ANGLE_UNIT()SI_UNIT($,.RADIAN.));
#27=PLANE_ANGLE_MEASURE_WITH_UNIT(PLANE_ANGLE_MEASURE(0.0174532925),#26);
#28=(CONVERSION_BASED_UNIT('DEGREE',#27)NAMED_UNIT(#29)PLANE_ANGLE_UNIT());
#29=DIMENSIONAL_EXPONENTS(0.,0.,0.,0.,0.,0.,0.);
#30=(NAMED_UNIT(*)SI_UNIT($,.STERADIAN.)SOLID_ANGLE_UNIT());
#31=(LENGTH_UNIT()NAMED_UNIT(*)SI_UNIT(.MILLI.,.METRE.));
#32=UNCERTAINTY_MEASURE_WITH_UNIT(LENGTH_MEASURE(1.000000E-03),#31,'DISTANCE_ACCURACY_VALUE','Maximum Tolerance applied to model');
#33=(GEOMETRIC_REPRESENTATION_CONTEXT(3)GLOBAL_UNCERTAINTY_ASSIGNED_CONTEXT((#32))GLOBAL_UNIT_ASSIGNED_CONTEXT((#31,#28,#30))REPRESENTATION_CONTEXT('','fuseasm.STEP'));
#45=CARTESIAN_POINT('',(0.,0.,0.));
#46=DIRECTION('',(0.,0.,1.));
#47=DIRECTION('',(1.,0.,-0.));
#48=AXIS2_PLACEMENT_3D('',#45,#46,#47);
#49=ITEM_DEFINED_TRANSFORMATION('','',#48,#15);
#50=(REPRESENTATION_RELATIONSHIP('','',#35,#16)REPRESENTATION_RELATIONSHIP_WITH_TRANSFORMATION(#49)SHAPE_REPRESENTATION_RELATIONSHIP());
#51=NEXT_ASSEMBLY_USAGE_OCCURRENCE('fuseasm.STEP_1','fuseasm.STEP','fuseasm.STEP',#25,#44,$);
#52=PRODUCT_DEFINITION_SHAPE('','',#51);
#53=CONTEXT_DEPENDENT_SHAPE_REPRESENTATION(#50,#52);
#54=(NAMED_UNIT(*)PLANE_ANGLE_UNIT()SI_UNIT($,.RADIAN.));
#55=PLANE_ANGLE_MEASURE_WITH_UNIT(PLANE_ANGLE_MEASURE(0.0174532925),#54);
#56=(CONVERSION_BASED_UNIT('DEGREE',#55)NAMED_UNIT(#57)PLANE_ANGLE_UNIT());
#57=DIMENSIONAL_EXPONENTS(0.,0.,0.,0.,0.,0.,0.);
#58=(NAMED_UNIT(*)SI_UNIT($,.STERADIAN.)SOLID_ANGLE_UNIT());
#59=(LENGTH_UNIT()NAMED_UNIT(*)SI_UNIT(.MILLI.,.METRE.));
#60=UNCERTAINTY_MEASURE_WITH_UNIT(LENGTH_MEASURE(1.000000E-05),#59,'DISTANCE_ACCURACY_VALUE','Maximum Tolerance applied to model');
#61=(GEOMETRIC_REPRESENTATION_CONTEXT(3)GLOBAL_UNCERTAINTY_ASSIGNED_CONTEXT((#60))GLOBAL_UNIT_ASSIGNED_CONTEXT((#59,#56,#58))REPRESENTATION_CONTEXT('','fuse-real'));
#73=CARTESIAN_POINT('',(0.,0.,0.));
#74=DIRECTION('',(0.,0.,1.));
#75=DIRECTION('',(1.,0.,-0.));
#76=AXIS2_PLACEMENT_3D('',#73,#74,#75);
#77=ITEM_DEFINED_TRANSFORMATION('','',#76,#15);
#78=(REPRESENTATION_RELATIONSHIP('','',#63,#35)REPRESENTATION_RELATIONSHIP_WITH_TRANSFORMATION(#77)SHAPE_REPRESENTATION_RELATIONSHIP());
#79=NEXT_ASSEMBLY_USAGE_OCCURRENCE('fuse-real_2','fuse-real','fuse-real',#44,#72,$);
#80=PRODUCT_DEFINITION_SHAPE('','',#79);
#81=CONTEXT_DEPENDENT_SHAPE_REPRESENTATION(#78,#80);
#83=CARTESIAN_POINT('',(-2.683067817,-2.311523784,10.03001124));
#84=DIRECTION('',(-0.,1.,0.));
#85=DIRECTION('',(-1.,-0.,0.));
#86=AXIS2_PLACEMENT_3D('',#83,#84,#85);
#87=PLANE('',#86);
#88=CARTESIAN_POINT('',(2.480544227,-2.311523784,10.13001124));
#89=VERTEX_POINT('',#88);
#90=CARTESIAN_POINT('',(-2.683067817,-2.311523784,10.13001124));
#91=VERTEX_POINT('',#90);
#92=CARTESIAN_POINT('',(2.480544227,-2.311523784,10.13001124));
#93=DIRECTION('',(-1.,0.,0.));
#94=VECTOR('',#93,5.163612044);
#95=LINE('',#92,#94);
#96=EDGE_CURVE('NONE',#89,#91,#95,.T.);
#97=ORIENTED_EDGE('',*,*,#96,.F.);
#98=CARTESIAN_POINT('',(2.480544227,-2.311523784,11.98001124));
#99=VERTEX_POINT('',#98);
#100=CARTESIAN_POINT('',(2.480544227,-2.311523784,10.13001124));
#101=DIRECTION('',(0.,0.,1.));
#102=VECTOR('',#101,1.85);
#103=LINE('',#100,#102);
#104=EDGE_CURVE('NONE',#89,#99,#103,.T.);
#105=ORIENTED_EDGE('',*,*,#104,.T.);
#106=CARTESIAN_POINT('',(-2.683067817,-2.311523784,11.98001124));
#107=VERTEX_POINT('',#106);
#108=CARTESIAN_POINT('',(-2.683067817,-2.311523784,11.98001124));
#109=DIRECTION('',(1.,0.,-0.));
#110=VECTOR('',#109,5.163612044);
#111=LINE('',#108,#110);
#112=EDGE_CURVE('NONE',#107,#99,#111,.T.);
#113=ORIENTED_EDGE('',*,*,#112,.F.);
#114=CARTESIAN_POINT('',(-2.683067817,-2.311523784,10.13001124));
#115=DIRECTION('',(0.,0.,1.));
#116=VECTOR('',#115,1.85);
#117=LINE('',#114,#116);
#118=EDGE_CURVE('NONE',#91,#107,#117,.T.);
#119=ORIENTED_EDGE('',*,*,#118,.F.);
#120=EDGE_LOOP('',(#97,#105,#113,#119));
#121=FACE_BOUND('',#120,.T.);
#122=ADVANCED_FACE('NONE',(#121),#87,.F.);
#123=DRAUGHTING_PRE_DEFINED_COLOUR('white');
#124=FILL_AREA_STYLE_COLOUR('',#123);
#125=FILL_AREA_STYLE('',(#124));
#126=SURFACE_STYLE_FILL_AREA(#125);
#127=SURFACE_SIDE_STYLE('',(#126));
#128=SURFACE_STYLE_USAGE(.BOTH.,#127);
#129=PRESENTATION_STYLE_ASSIGNMENT((#128));
#130=OVER_RIDING_STYLED_ITEM('',(#129),#122,#82);
#131=CARTESIAN_POINT('',(-2.683067817,1.079395237,10.03001124));
#132=DIRECTION('',(0.,-1.,0.));
#133=DIRECTION('',(0.,0.,-1.));
#134=AXIS2_PLACEMENT_3D('',#131,#132,#133);
#135=PLANE('',#134);
#136=CARTESIAN_POINT('',(-2.683067817,1.079395237,10.13001124));
#137=VERTEX_POINT('',#136);
#138=CARTESIAN_POINT('',(2.480544227,1.079395237,10.13001124));
#139=VERTEX_POINT('',#138);
#140=CARTESIAN_POINT('',(-2.683067817,1.079395237,10.13001124));
#141=DIRECTION('',(1.,-0.,-0.));
#142=VECTOR('',#141,5.163612044);
#143=LINE('',#140,#142);
#144=EDGE_CURVE('NONE',#137,#139,#143,.T.);
#145=ORIENTED_EDGE('',*,*,#144,.F.);
#146=CARTESIAN_POINT('',(-2.683067817,1.079395237,11.98001124));
#147=VERTEX_POINT('',#146);
#148=CARTESIAN_POINT('',(-2.683067817,1.079395237,10.13001124));
#149=DIRECTION('',(-0.,-0.,1.));
#150=VECTOR('',#149,1.85);
#151=LINE('',#148,#150);
#152=EDGE_CURVE('NONE',#137,#147,#151,.T.);
#153=ORIENTED_EDGE('',*,*,#152,.T.);
#154=CARTESIAN_POINT('',(2.480544227,1.079395237,11.98001124));
#155=VERTEX_POINT('',#154);
#156=CARTESIAN_POINT('',(2.480544227,1.079395237,11.98001124));
#157=DIRECTION('',(-1.,-0.,0.));
#158=VECTOR('',#157,5.163612044);
#159=LINE('',#156,#158);
#160=EDGE_CURVE('NONE',#155,#147,#159,.T.);
#161=ORIENTED_EDGE('',*,*,#160,.F.);
#162=CARTESIAN_POINT('',(2.480544227,1.079395237,10.13001124));
#163=DIRECTION('',(-0.,-0.,1.));
#164=VECTOR('',#163,1.85);
#165=LINE('',#162,#164);
#166=EDGE_CURVE('NONE',#139,#155,#165,.T.);
#167=ORIENTED_EDGE('',*,*,#166,.F.);
#168=EDGE_LOOP('',(#145,#153,#161,#167));
#169=FACE_BOUND('',#168,.T.);
#170=ADVANCED_FACE('NONE',(#169),#135,.F.);
#171=OVER_RIDING_STYLED_ITEM('',(#129),#170,#82);
#172=CARTESIAN_POINT('',(-0.101261795,-0.616064274,10.03001124));
#173=DIRECTION('',(0.,0.,-1.));
#174=DIRECTION('',(-1.,0.,0.));
#175=AXIS2_PLACEMENT_3D('',#172,#173,#174);
#176=PLANE('',#175);
#177=CARTESIAN_POINT('',(-3.391261795,-2.556064274,10.03001124));
#178=VERTEX_POINT('',#177);
#179=CARTESIAN_POINT('',(-2.683067817,-2.556064274,10.03001124));
#180=VERTEX_POINT('',#179);
#181=CARTESIAN_POINT('',(-3.391261795,-2.556064274,10.03001124));
#182=DIRECTION('',(1.,0.,-0.));
#183=VECTOR('',#182,0.708193978);
#184=LINE('',#181,#183);
#185=EDGE_CURVE('NONE',#178,#180,#184,.T.);
#186=ORIENTED_EDGE('',*,*,#185,.F.);
#187=CARTESIAN_POINT('',(-3.391261795,1.323935726,10.03001124));
#188=VERTEX_POINT('',#187);
#189=CARTESIAN_POINT('',(-3.391261795,-2.556064274,10.03001124));
#190=DIRECTION('',(0.,1.,0.));
#191=VECTOR('',#190,3.88);
#192=LINE('',#189,#191);
#193=EDGE_CURVE('NONE',#178,#188,#192,.T.);
#194=ORIENTED_EDGE('',*,*,#193,.T.);
#195=CARTESIAN_POINT('',(-2.683067817,1.323935726,10.03001124));
#196=VERTEX_POINT('',#195);
#197=CARTESIAN_POINT('',(-2.683067817,1.323935726,10.03001124));
#198=DIRECTION('',(-1.,-0.,0.));
#199=VECTOR('',#198,0.708193978);
#200=LINE('',#197,#199);
#201=EDGE_CURVE('NONE',#196,#188,#200,.T.);
#202=ORIENTED_EDGE('',*,*,#201,.F.);
#203=CARTESIAN_POINT('',(-2.683067817,-2.556064274,10.03001124));
#204=DIRECTION('',(0.,1.,0.));
#205=VECTOR('',#204,3.88);
#206=LINE('',#203,#205);
#207=EDGE_CURVE('NONE',#180,#196,#206,.T.);
#208=ORIENTED_EDGE('',*,*,#207,.F.);
#209=EDGE_LOOP('',(#186,#194,#202,#208));
#210=FACE_BOUND('',#209,.T.);
#211=ADVANCED_FACE('NONE',(#210),#176,.T.);
#212=CARTESIAN_POINT('',(-0.101261795,-0.616064274,12.08001124));
#213=DIRECTION('',(0.,0.,-1.));
#214=DIRECTION('',(-1.,0.,0.));
#215=AXIS2_PLACEMENT_3D('',#212,#213,#214);
#216=PLANE('',#215);
#217=CARTESIAN_POINT('',(-2.683067817,1.323935726,12.08001124));
#218=VERTEX_POINT('',#217);
#219=CARTESIAN_POINT('',(-3.391261795,1.323935726,12.08001124));
#220=VERTEX_POINT('',#219);
#221=CARTESIAN_POINT('',(-2.683067817,1.323935726,12.08001124));
#222=DIRECTION('',(-1.,0.,0.));
#223=VECTOR('',#222,0.708193978);
#224=LINE('',#221,#223);
#225=EDGE_CURVE('NONE',#218,#220,#224,.T.);
#226=ORIENTED_EDGE('',*,*,#225,.T.);
#227=CARTESIAN_POINT('',(-3.391261795,-2.556064274,12.08001124));
#228=VERTEX_POINT('',#227);
#229=CARTESIAN_POINT('',(-3.391261795,1.323935726,12.08001124));
#230=DIRECTION('',(-0.,-1.,-0.));
#231=VECTOR('',#230,3.88);
#232=LINE('',#229,#231);
#233=EDGE_CURVE('NONE',#220,#228,#232,.T.);
#234=ORIENTED_EDGE('',*,*,#233,.T.);
#235=CARTESIAN_POINT('',(-2.683067817,-2.556064274,12.08001124));
#236=VERTEX_POINT('',#235);
#237=CARTESIAN_POINT('',(-3.391261795,-2.556064274,12.08001124));
#238=DIRECTION('',(1.,-0.,-0.));
#239=VECTOR('',#238,0.708193978);
#240=LINE('',#237,#239);
#241=EDGE_CURVE('NONE',#228,#236,#240,.T.);
#242=ORIENTED_EDGE('',*,*,#241,.T.);
#243=CARTESIAN_POINT('',(-2.683067817,1.323935726,12.08001124));
#244=DIRECTION('',(-0.,-1.,-0.));
#245=VECTOR('',#244,3.88);
#246=LINE('',#243,#245);
#247=EDGE_CURVE('NONE',#218,#236,#246,.T.);
#248=ORIENTED_EDGE('',*,*,#247,.F.);
#249=EDGE_LOOP('',(#226,#234,#242,#248));
#250=FACE_BOUND('',#249,.T.);
#251=ADVANCED_FACE('NONE',(#250),#216,.F.);
#252=CARTESIAN_POINT('',(-3.641261795,1.323935726,12.08001124));
#253=DIRECTION('',(0.,-1.,0.));
#254=DIRECTION('',(0.,0.,-1.));
#255=AXIS2_PLACEMENT_3D('',#252,#253,#254);
#256=PLANE('',#255);
#257=CARTESIAN_POINT('',(3.188738205,1.323935726,12.08001124));
#258=VERTEX_POINT('',#257);
#259=CARTESIAN_POINT('',(2.480544227,1.323935726,12.08001124));
#260=VERTEX_POINT('',#259);
#261=CARTESIAN_POINT('',(3.188738205,1.323935726,12.08001124));
#262=DIRECTION('',(-1.,0.,0.));
#263=VECTOR('',#262,0.708193978);
#264=LINE('',#261,#263);
#265=EDGE_CURVE('NONE',#258,#260,#264,.T.);
#266=ORIENTED_EDGE('',*,*,#265,.F.);
#267=CARTESIAN_POINT('',(3.188738205,1.323935726,10.03001124));
#268=VERTEX_POINT('',#267);
#269=CARTESIAN_POINT('',(3.188738205,1.323935726,12.08001124));
#270=DIRECTION('',(0.,0.,-1.));
#271=VECTOR('',#270,2.05);
#272=LINE('',#269,#271);
#273=EDGE_CURVE('NONE',#258,#268,#272,.T.);
#274=ORIENTED_EDGE('',*,*,#273,.T.);
#275=CARTESIAN_POINT('',(2.480544227,1.323935726,10.03001124));
#276=VERTEX_POINT('',#275);
#277=CARTESIAN_POINT('',(3.188738205,1.323935726,10.03001124));
#278=DIRECTION('',(-1.,-0.,0.));
#279=VECTOR('',#278,0.708193978);
#280=LINE('',#277,#279);
#281=EDGE_CURVE('NONE',#268,#276,#280,.T.);
#282=ORIENTED_EDGE('',*,*,#281,.T.);
#283=CARTESIAN_POINT('',(2.480544227,1.323935726,10.03001124));
#284=DIRECTION('',(-0.,-0.,1.));
#285=VECTOR('',#284,2.05);
#286=LINE('',#283,#285);
#287=EDGE_CURVE('NONE',#276,#260,#286,.T.);
#288=ORIENTED_EDGE('',*,*,#287,.T.);
#289=EDGE_LOOP('',(#266,#274,#282,#288));
#290=FACE_BOUND('',#289,.T.);
#291=ADVANCED_FACE('NONE',(#290),#256,.F.);
#292=CARTESIAN_POINT('',(-3.641261795,-2.556064274,12.08001124));
#293=DIRECTION('',(0.,1.,0.));
#294=DIRECTION('',(0.,0.,1.));
#295=AXIS2_PLACEMENT_3D('',#292,#293,#294);
#296=PLANE('',#295);
#297=ORIENTED_EDGE('',*,*,#241,.F.);
#298=CARTESIAN_POINT('',(-3.391261795,-2.556064274,12.08001124));
#299=DIRECTION('',(-0.,-0.,-1.));
#300=VECTOR('',#299,2.05);
#301=LINE('',#298,#300);
#302=EDGE_CURVE('NONE',#228,#178,#301,.T.);
#303=ORIENTED_EDGE('',*,*,#302,.T.);
#304=ORIENTED_EDGE('',*,*,#185,.T.);
#305=CARTESIAN_POINT('',(-2.683067817,-2.556064274,10.03001124));
#306=DIRECTION('',(0.,0.,1.));
#307=VECTOR('',#306,2.05);
#308=LINE('',#305,#307);
#309=EDGE_CURVE('NONE',#180,#236,#308,.T.);
#310=ORIENTED_EDGE('',*,*,#309,.T.);
#311=EDGE_LOOP('',(#297,#303,#304,#310));
#312=FACE_BOUND('',#311,.T.);
#313=ADVANCED_FACE('NONE',(#312),#296,.F.);
#314=CARTESIAN_POINT('',(3.438738205,-2.556064274,12.08001124));
#315=DIRECTION('',(-1.,0.,0.));
#316=DIRECTION('',(0.,0.,1.));
#317=AXIS2_PLACEMENT_3D('',#314,#315,#316);
#318=PLANE('',#317);
#319=CARTESIAN_POINT('',(3.438738205,1.073935726,11.83001124));
#320=VERTEX_POINT('',#319);
#321=CARTESIAN_POINT('',(3.438738205,-2.306064274,11.83001124));
#322=VERTEX_POINT('',#321);
#323=CARTESIAN_POINT('',(3.438738205,1.073935726,11.83001124));
#324=DIRECTION('',(-0.,-1.,-0.));
#325=VECTOR('',#324,3.38);
#326=LINE('',#323,#325);
#327=EDGE_CURVE('NONE',#320,#322,#326,.T.);
#328=ORIENTED_EDGE('',*,*,#327,.T.);
#329=CARTESIAN_POINT('',(3.438738205,-2.306064274,10.28001124));
#330=VERTEX_POINT('',#329);
#331=CARTESIAN_POINT('',(3.438738205,-2.306064274,11.83001124));
#332=DIRECTION('',(-0.,-0.,-1.));
#333=VECTOR('',#332,1.55);
#334=LINE('',#331,#333);
#335=EDGE_CURVE('NONE',#322,#330,#334,.T.);
#336=ORIENTED_EDGE('',*,*,#335,.T.);
#337=CARTESIAN_POINT('',(3.438738205,1.073935726,10.28001124));
#338=VERTEX_POINT('',#337);
#339=CARTESIAN_POINT('',(3.438738205,-2.306064274,10.28001124));
#340=DIRECTION('',(0.,1.,0.));
#341=VECTOR('',#340,3.38);
#342=LINE('',#339,#341);
#343=EDGE_CURVE('NONE',#330,#338,#342,.T.);
#344=ORIENTED_EDGE('',*,*,#343,.T.);
#345=CARTESIAN_POINT('',(3.438738205,1.073935726,10.28001124));
#346=DIRECTION('',(0.,0.,1.));
#347=VECTOR('',#346,1.55);
#348=LINE('',#345,#347);
#349=EDGE_CURVE('NONE',#338,#320,#348,.T.);
#350=ORIENTED_EDGE('',*,*,#349,.T.);
#351=EDGE_LOOP('',(#328,#336,#344,#350));
#352=FACE_BOUND('',#351,.T.);
#353=ADVANCED_FACE('NONE',(#352),#318,.F.);
#354=CARTESIAN_POINT('',(-3.641261795,1.323935726,12.08001124));
#355=DIRECTION('',(0.,-1.,0.));
#356=DIRECTION('',(0.,0.,-1.));
#357=AXIS2_PLACEMENT_3D('',#354,#355,#356);
#358=PLANE('',#357);
#359=ORIENTED_EDGE('',*,*,#201,.T.);
#360=CARTESIAN_POINT('',(-3.391261795,1.323935726,10.03001124));
#361=DIRECTION('',(-0.,-0.,1.));
#362=VECTOR('',#361,2.05);
#363=LINE('',#360,#362);
#364=EDGE_CURVE('NONE',#188,#220,#363,.T.);
#365=ORIENTED_EDGE('',*,*,#364,.T.);
#366=ORIENTED_EDGE('',*,*,#225,.F.);
#367=CARTESIAN_POINT('',(-2.683067817,1.323935726,12.08001124));
#368=DIRECTION('',(0.,0.,-1.));
#369=VECTOR('',#368,2.05);
#370=LINE('',#367,#369);
#371=EDGE_CURVE('NONE',#218,#196,#370,.T.);
#372=ORIENTED_EDGE('',*,*,#371,.T.);
#373=EDGE_LOOP('',(#359,#365,#366,#372));
#374=FACE_BOUND('',#373,.T.);
#375=ADVANCED_FACE('NONE',(#374),#358,.F.);
#376=CARTESIAN_POINT('',(-3.641261795,-2.556064274,12.08001124));
#377=DIRECTION('',(1.,0.,0.));
#378=DIRECTION('',(0.,0.,-1.));
#379=AXIS2_PLACEMENT_3D('',#376,#377,#378);
#380=PLANE('',#379);
#381=CARTESIAN_POINT('',(-3.641261795,-2.306064274,11.83001124));
#382=VERTEX_POINT('',#381);
#383=CARTESIAN_POINT('',(-3.641261795,1.073935726,11.83001124));
#384=VERTEX_POINT('',#383);
#385=CARTESIAN_POINT('',(-3.641261795,-2.306064274,11.83001124));
#386=DIRECTION('',(0.,1.,0.));
#387=VECTOR('',#386,3.38);
#388=LINE('',#385,#387);
#389=EDGE_CURVE('NONE',#382,#384,#388,.T.);
#390=ORIENTED_EDGE('',*,*,#389,.T.);
#391=CARTESIAN_POINT('',(-3.641261795,1.073935726,10.28001124));
#392=VERTEX_POINT('',#391);
#393=CARTESIAN_POINT('',(-3.641261795,1.073935726,11.83001124));
#394=DIRECTION('',(0.,0.,-1.));
#395=VECTOR('',#394,1.55);
#396=LINE('',#393,#395);
#397=EDGE_CURVE('NONE',#384,#392,#396,.T.);
#398=ORIENTED_EDGE('',*,*,#397,.T.);
#399=CARTESIAN_POINT('',(-3.641261795,-2.306064274,10.28001124));
#400=VERTEX_POINT('',#399);
#401=CARTESIAN_POINT('',(-3.641261795,1.073935726,10.28001124));
#402=DIRECTION('',(-0.,-1.,-0.));
#403=VECTOR('',#402,3.38);
#404=LINE('',#401,#403);
#405=EDGE_CURVE('NONE',#392,#400,#404,.T.);
#406=ORIENTED_EDGE('',*,*,#405,.T.);
#407=CARTESIAN_POINT('',(-3.641261795,-2.306064274,10.28001124));
#408=DIRECTION('',(-0.,-0.,1.));
#409=VECTOR('',#408,1.55);
#410=LINE('',#407,#409);
#411=EDGE_CURVE('NONE',#400,#382,#410,.T.);
#412=ORIENTED_EDGE('',*,*,#411,.T.);
#413=EDGE_LOOP('',(#390,#398,#406,#412));
#414=FACE_BOUND('',#413,.T.);
#415=ADVANCED_FACE('NONE',(#414),#380,.F.);
#416=CARTESIAN_POINT('',(-3.641261795,-2.556064274,12.08001124));
#417=DIRECTION('',(0.,1.,0.));
#418=DIRECTION('',(0.,0.,1.));
#419=AXIS2_PLACEMENT_3D('',#416,#417,#418);
#420=PLANE('',#419);
#421=CARTESIAN_POINT('',(2.480544227,-2.556064274,10.03001124));
#422=VERTEX_POINT('',#421);
#423=CARTESIAN_POINT('',(3.188738205,-2.556064274,10.03001124));
#424=VERTEX_POINT('',#423);
#425=CARTESIAN_POINT('',(2.480544227,-2.556064274,10.03001124));
#426=DIRECTION('',(1.,0.,-0.));
#427=VECTOR('',#426,0.708193978);
#428=LINE('',#425,#427);
#429=EDGE_CURVE('NONE',#422,#424,#428,.T.);
#430=ORIENTED_EDGE('',*,*,#429,.T.);
#431=CARTESIAN_POINT('',(3.188738205,-2.556064274,12.08001124));
#432=VERTEX_POINT('',#431);
#433=CARTESIAN_POINT('',(3.188738205,-2.556064274,10.03001124));
#434=DIRECTION('',(0.,0.,1.));
#435=VECTOR('',#434,2.05);
#436=LINE('',#433,#435);
#437=EDGE_CURVE('NONE',#424,#432,#436,.T.);
#438=ORIENTED_EDGE('',*,*,#437,.T.);
#439=CARTESIAN_POINT('',(2.480544227,-2.556064274,12.08001124));
#440=VERTEX_POINT('',#439);
#441=CARTESIAN_POINT('',(2.480544227,-2.556064274,12.08001124));
#442=DIRECTION('',(1.,-0.,-0.));
#443=VECTOR('',#442,0.708193978);
#444=LINE('',#441,#443);
#445=EDGE_CURVE('NONE',#440,#432,#444,.T.);
#446=ORIENTED_EDGE('',*,*,#445,.F.);
#447=CARTESIAN_POINT('',(2.480544227,-2.556064274,12.08001124));
#448=DIRECTION('',(-0.,-0.,-1.));
#449=VECTOR('',#448,2.05);
#450=LINE('',#447,#449);
#451=EDGE_CURVE('NONE',#440,#422,#450,.T.);
#452=ORIENTED_EDGE('',*,*,#451,.T.);
#453=EDGE_LOOP('',(#430,#438,#446,#452));
#454=FACE_BOUND('',#453,.T.);
#455=ADVANCED_FACE('NONE',(#454),#420,.F.);
#456=CARTESIAN_POINT('',(-0.101261795,-0.616064274,12.08001124));
#457=DIRECTION('',(0.,0.,-1.));
#458=DIRECTION('',(-1.,0.,0.));
#459=AXIS2_PLACEMENT_3D('',#456,#457,#458);
#460=PLANE('',#459);
#461=ORIENTED_EDGE('',*,*,#445,.T.);
#462=CARTESIAN_POINT('',(3.188738205,-2.556064274,12.08001124));
#463=DIRECTION('',(0.,1.,0.));
#464=VECTOR('',#463,3.88);
#465=LINE('',#462,#464);
#466=EDGE_CURVE('NONE',#432,#258,#465,.T.);
#467=ORIENTED_EDGE('',*,*,#466,.T.);
#468=ORIENTED_EDGE('',*,*,#265,.T.);
#469=CARTESIAN_POINT('',(2.480544227,-2.556064274,12.08001124));
#470=DIRECTION('',(0.,1.,0.));
#471=VECTOR('',#470,3.88);
#472=LINE('',#469,#471);
#473=EDGE_CURVE('NONE',#440,#260,#472,.T.);
#474=ORIENTED_EDGE('',*,*,#473,.F.);
#475=EDGE_LOOP('',(#461,#467,#468,#474));
#476=FACE_BOUND('',#475,.T.);
#477=ADVANCED_FACE('NONE',(#476),#460,.F.);
#478=CARTESIAN_POINT('',(-0.101261795,-0.616064274,10.03001124));
#479=DIRECTION('',(0.,0.,-1.));
#480=DIRECTION('',(-1.,0.,0.));
#481=AXIS2_PLACEMENT_3D('',#478,#479,#480);
#482=PLANE('',#481);
#483=ORIENTED_EDGE('',*,*,#281,.F.);
#484=CARTESIAN_POINT('',(3.188738205,1.323935726,10.03001124));
#485=DIRECTION('',(-0.,-1.,-0.));
#486=VECTOR('',#485,3.88);
#487=LINE('',#484,#486);
#488=EDGE_CURVE('NONE',#268,#424,#487,.T.);
#489=ORIENTED_EDGE('',*,*,#488,.T.);
#490=ORIENTED_EDGE('',*,*,#429,.F.);
#491=CARTESIAN_POINT('',(2.480544227,1.323935726,10.03001124));
#492=DIRECTION('',(-0.,-1.,-0.));
#493=VECTOR('',#492,3.88);
#494=LINE('',#491,#493);
#495=EDGE_CURVE('NONE',#276,#422,#494,.T.);
#496=ORIENTED_EDGE('',*,*,#495,.F.);
#497=EDGE_LOOP('',(#483,#489,#490,#496));
#498=FACE_BOUND('',#497,.T.);
#499=ADVANCED_FACE('NONE',(#498),#482,.T.);
#500=CARTESIAN_POINT('',(2.480544227,1.568476216,10.03001124));
#501=DIRECTION('',(1.,0.,0.));
#502=DIRECTION('',(0.,0.,-1.));
#503=AXIS2_PLACEMENT_3D('',#500,#501,#502);
#504=PLANE('',#503);
#505=ORIENTED_EDGE('',*,*,#104,.F.);
#506=CARTESIAN_POINT('',(2.480544227,1.079395237,10.13001124));
#507=DIRECTION('',(-0.,-1.,-0.));
#508=VECTOR('',#507,3.39091902);
#509=LINE('',#506,#508);
#510=EDGE_CURVE('NONE',#139,#89,#509,.T.);
#511=ORIENTED_EDGE('',*,*,#510,.F.);
#512=ORIENTED_EDGE('',*,*,#166,.T.);
#513=CARTESIAN_POINT('',(2.480544227,-2.311523784,11.98001124));
#514=DIRECTION('',(0.,1.,0.));
#515=VECTOR('',#514,3.39091902);
#516=LINE('',#513,#515);
#517=EDGE_CURVE('NONE',#99,#155,#516,.T.);
#518=ORIENTED_EDGE('',*,*,#517,.F.);
#519=EDGE_LOOP('',(#505,#511,#512,#518));
#520=FACE_BOUND('',#519,.T.);
#521=ORIENTED_EDGE('',*,*,#287,.F.);
#522=ORIENTED_EDGE('',*,*,#495,.T.);
#523=ORIENTED_EDGE('',*,*,#451,.F.);
#524=ORIENTED_EDGE('',*,*,#473,.T.);
#525=EDGE_LOOP('',(#521,#522,#523,#524));
#526=FACE_BOUND('',#525,.T.);
#527=ADVANCED_FACE('NONE',(#520,#526),#504,.F.);
#528=CARTESIAN_POINT('',(-2.683067817,1.568476216,10.03001124));
#529=DIRECTION('',(-1.,0.,0.));
#530=DIRECTION('',(0.,0.,1.));
#531=AXIS2_PLACEMENT_3D('',#528,#529,#530);
#532=PLANE('',#531);
#533=CARTESIAN_POINT('',(-2.683067817,-2.311523784,10.13001124));
#534=DIRECTION('',(0.,1.,0.));
#535=VECTOR('',#534,3.39091902);
#536=LINE('',#533,#535);
#537=EDGE_CURVE('NONE',#91,#137,#536,.T.);
#538=ORIENTED_EDGE('',*,*,#537,.F.);
#539=ORIENTED_EDGE('',*,*,#118,.T.);
#540=CARTESIAN_POINT('',(-2.683067817,1.079395237,11.98001124));
#541=DIRECTION('',(-0.,-1.,-0.));
#542=VECTOR('',#541,3.39091902);
#543=LINE('',#540,#542);
#544=EDGE_CURVE('NONE',#147,#107,#543,.T.);
#545=ORIENTED_EDGE('',*,*,#544,.F.);
#546=ORIENTED_EDGE('',*,*,#152,.F.);
#547=EDGE_LOOP('',(#538,#539,#545,#546));
#548=FACE_BOUND('',#547,.T.);
#549=ORIENTED_EDGE('',*,*,#247,.T.);
#550=ORIENTED_EDGE('',*,*,#309,.F.);
#551=ORIENTED_EDGE('',*,*,#207,.T.);
#552=ORIENTED_EDGE('',*,*,#371,.F.);
#553=EDGE_LOOP('',(#549,#550,#551,#552));
#554=FACE_BOUND('',#553,.T.);
#555=ADVANCED_FACE('NONE',(#548,#554),#532,.F.);
#556=CARTESIAN_POINT('',(-0.101261795,-0.616064274,11.98001124));
#557=DIRECTION('',(0.,0.,1.));
#558=DIRECTION('',(1.,0.,0.));
#559=AXIS2_PLACEMENT_3D('',#556,#557,#558);
#560=PLANE('',#559);
#561=ORIENTED_EDGE('',*,*,#544,.T.);
#562=ORIENTED_EDGE('',*,*,#112,.T.);
#563=ORIENTED_EDGE('',*,*,#517,.T.);
#564=ORIENTED_EDGE('',*,*,#160,.T.);
#565=EDGE_LOOP('',(#561,#562,#563,#564));
#566=FACE_BOUND('',#565,.T.);
#567=ADVANCED_FACE('NONE',(#566),#560,.T.);
#568=OVER_RIDING_STYLED_ITEM('',(#129),#567,#82);
#569=CARTESIAN_POINT('',(-0.101261795,-0.616064274,10.13001124));
#570=DIRECTION('',(0.,0.,-1.));
#571=DIRECTION('',(-1.,0.,0.));
#572=AXIS2_PLACEMENT_3D('',#569,#570,#571);
#573=PLANE('',#572);
#574=ORIENTED_EDGE('',*,*,#537,.T.);
#575=ORIENTED_EDGE('',*,*,#144,.T.);
#576=ORIENTED_EDGE('',*,*,#510,.T.);
#577=ORIENTED_EDGE('',*,*,#96,.T.);
#578=EDGE_LOOP('',(#574,#575,#576,#577));
#579=FACE_BOUND('',#578,.T.);
#580=ADVANCED_FACE('NONE',(#579),#573,.T.);
#581=OVER_RIDING_STYLED_ITEM('',(#129),#580,#82);
#582=CARTESIAN_POINT('',(3.188738205,1.073935726,12.08001124));
#583=DIRECTION('',(0.,0.,-1.));
#584=DIRECTION('',(-1.,0.,0.));
#585=AXIS2_PLACEMENT_3D('',#582,#583,#584);
#586=CYLINDRICAL_SURFACE('',#585,0.25);
#587=CARTESIAN_POINT('',(3.188738205,1.323935726,10.03001124));
#588=CARTESIAN_POINT('',(3.218200988,1.323935726,10.03001124));
#589=CARTESIAN_POINT('',(3.249987645,1.318566042,10.035380925));
#590=CARTESIAN_POINT('',(3.280761883,1.306382802,10.047564165));
#591=CARTESIAN_POINT('',(3.31153612,1.294199562,10.059747405));
#592=CARTESIAN_POINT('',(3.341107132,1.27512019,10.078826777));
#593=CARTESIAN_POINT('',(3.365514901,1.250712422,10.103234545));
#594=CARTESIAN_POINT('',(3.389922669,1.226304654,10.127642313));
#595=CARTESIAN_POINT('',(3.409002041,1.196733641,10.157213325));
#596=CARTESIAN_POINT('',(3.421185281,1.165959404,10.187987563));
#597=CARTESIAN_POINT('',(3.433368521,1.135185166,10.2187618));
#598=CARTESIAN_POINT('',(3.438738205,1.103398509,10.250548458));
#599=CARTESIAN_POINT('',(3.438738205,1.073935726,10.28001124));
#600=B_SPLINE_CURVE_WITH_KNOTS('',3,(#587,#588,#589,#590,#591,#592,#593,#594,#595,#596,#597,#598,#599),.UNSPECIFIED.,.F.,.F.,(4,3,3,3,4),(0.,0.392699082,0.785398163,1.178097245,1.570796327),.UNSPECIFIED.);
#601=EDGE_CURVE('NONE',#268,#338,#600,.T.);
#602=ORIENTED_EDGE('',*,*,#601,.F.);
#603=ORIENTED_EDGE('',*,*,#273,.F.);
#604=CARTESIAN_POINT('',(3.438738205,1.073935726,11.83001124));
#605=CARTESIAN_POINT('',(3.438738205,1.103398509,11.859474023));
#606=CARTESIAN_POINT('',(3.433368521,1.135185166,11.89126068));
#607=CARTESIAN_POINT('',(3.421185281,1.165959404,11.922034918));
#608=CARTESIAN_POINT('',(3.409002041,1.196733641,11.952809155));
#609=CARTESIAN_POINT('',(3.389922669,1.226304654,11.982380167));
#610=CARTESIAN_POINT('',(3.365514901,1.250712422,12.006787936));
#611=CARTESIAN_POINT('',(3.341107132,1.27512019,12.031195704));
#612=CARTESIAN_POINT('',(3.31153612,1.294199562,12.050275076));
#613=CARTESIAN_POINT('',(3.280761883,1.306382802,12.062458316));
#614=CARTESIAN_POINT('',(3.249987645,1.318566042,12.074641556));
#615=CARTESIAN_POINT('',(3.218200988,1.323935726,12.08001124));
#616=CARTESIAN_POINT('',(3.188738205,1.323935726,12.08001124));
#617=B_SPLINE_CURVE_WITH_KNOTS('',3,(#604,#605,#606,#607,#608,#609,#610,#611,#612,#613,#614,#615,#616),.UNSPECIFIED.,.F.,.F.,(4,3,3,3,4),(1.570796327,1.963495408,2.35619449,2.748893572,3.141592654),.UNSPECIFIED.);
#618=EDGE_CURVE('NONE',#320,#258,#617,.T.);
#619=ORIENTED_EDGE('',*,*,#618,.F.);
#620=ORIENTED_EDGE('',*,*,#349,.F.);
#621=EDGE_LOOP('',(#602,#603,#619,#620));
#622=FACE_BOUND('',#621,.T.);
#623=ADVANCED_FACE('NONE',(#622),#586,.T.);
#624=CARTESIAN_POINT('',(3.188738205,-0.616064274,11.83001124));
#625=DIRECTION('',(0.,1.,0.));
#626=DIRECTION('',(0.,-0.,1.));
#627=AXIS2_PLACEMENT_3D('',#624,#625,#626);
#628=CYLINDRICAL_SURFACE('',#627,0.25);
#629=ORIENTED_EDGE('',*,*,#618,.T.);
#630=ORIENTED_EDGE('',*,*,#466,.F.);
#631=CARTESIAN_POINT('',(3.438738205,-2.306064274,11.83001124));
#632=CARTESIAN_POINT('',(3.438738205,-2.335527056,11.859474023));
#633=CARTESIAN_POINT('',(3.433368521,-2.367313713,11.89126068));
#634=CARTESIAN_POINT('',(3.421185281,-2.398087951,11.922034918));
#635=CARTESIAN_POINT('',(3.409002041,-2.428862189,11.952809155));
#636=CARTESIAN_POINT('',(3.389922669,-2.458433201,11.982380167));
#637=CARTESIAN_POINT('',(3.365514901,-2.482840969,12.006787936));
#638=CARTESIAN_POINT('',(3.341107132,-2.507248737,12.031195704));
#639=CARTESIAN_POINT('',(3.31153612,-2.526328109,12.050275076));
#640=CARTESIAN_POINT('',(3.280761883,-2.538511349,12.062458316));
#641=CARTESIAN_POINT('',(3.249987645,-2.550694589,12.074641556));
#642=CARTESIAN_POINT('',(3.218200988,-2.556064274,12.08001124));
#643=CARTESIAN_POINT('',(3.188738205,-2.556064274,12.08001124));
#644=B_SPLINE_CURVE_WITH_KNOTS('',3,(#631,#632,#633,#634,#635,#636,#637,#638,#639,#640,#641,#642,#643),.UNSPECIFIED.,.F.,.F.,(4,3,3,3,4),(1.570796327,1.963495408,2.35619449,2.748893572,3.141592654),.UNSPECIFIED.);
#645=EDGE_CURVE('NONE',#322,#432,#644,.T.);
#646=ORIENTED_EDGE('',*,*,#645,.F.);
#647=ORIENTED_EDGE('',*,*,#327,.F.);
#648=EDGE_LOOP('',(#629,#630,#646,#647));
#649=FACE_BOUND('',#648,.T.);
#650=ADVANCED_FACE('NONE',(#649),#628,.T.);
#651=CARTESIAN_POINT('',(3.188738205,-2.556064274,10.28001124));
#652=DIRECTION('',(0.,-1.,0.));
#653=DIRECTION('',(0.,0.,-1.));
#654=AXIS2_PLACEMENT_3D('',#651,#652,#653);
#655=CYLINDRICAL_SURFACE('',#654,0.25);
#656=ORIENTED_EDGE('',*,*,#601,.T.);
#657=ORIENTED_EDGE('',*,*,#343,.F.);
#658=CARTESIAN_POINT('',(3.188738205,-2.556064274,10.03001124));
#659=CARTESIAN_POINT('',(3.218200988,-2.556064274,10.03001124));
#660=CARTESIAN_POINT('',(3.249987645,-2.550694589,10.035380925));
#661=CARTESIAN_POINT('',(3.280761883,-2.538511349,10.047564165));
#662=CARTESIAN_POINT('',(3.31153612,-2.526328109,10.059747405));
#663=CARTESIAN_POINT('',(3.341107132,-2.507248737,10.078826777));
#664=CARTESIAN_POINT('',(3.365514901,-2.482840969,10.103234545));
#665=CARTESIAN_POINT('',(3.389922669,-2.458433201,10.127642313));
#666=CARTESIAN_POINT('',(3.409002041,-2.428862189,10.157213325));
#667=CARTESIAN_POINT('',(3.421185281,-2.398087951,10.187987563));
#668=CARTESIAN_POINT('',(3.433368521,-2.367313713,10.2187618));
#669=CARTESIAN_POINT('',(3.438738205,-2.335527056,10.250548458));
#670=CARTESIAN_POINT('',(3.438738205,-2.306064274,10.28001124));
#671=B_SPLINE_CURVE_WITH_KNOTS('',3,(#658,#659,#660,#661,#662,#663,#664,#665,#666,#667,#668,#669,#670),.UNSPECIFIED.,.F.,.F.,(4,3,3,3,4),(0.,0.392699082,0.785398163,1.178097245,1.570796327),.UNSPECIFIED.);
#672=EDGE_CURVE('NONE',#424,#330,#671,.T.);
#673=ORIENTED_EDGE('',*,*,#672,.F.);
#674=ORIENTED_EDGE('',*,*,#488,.F.);
#675=EDGE_LOOP('',(#656,#657,#673,#674));
#676=FACE_BOUND('',#675,.T.);
#677=ADVANCED_FACE('NONE',(#676),#655,.T.);
#678=CARTESIAN_POINT('',(3.188738205,-2.306064274,12.08001124));
#679=DIRECTION('',(0.,0.,-1.));
#680=DIRECTION('',(-1.,0.,0.));
#681=AXIS2_PLACEMENT_3D('',#678,#679,#680);
#682=CYLINDRICAL_SURFACE('',#681,0.25);
#683=ORIENTED_EDGE('',*,*,#645,.T.);
#684=ORIENTED_EDGE('',*,*,#437,.F.);
#685=ORIENTED_EDGE('',*,*,#672,.T.);
#686=ORIENTED_EDGE('',*,*,#335,.F.);
#687=EDGE_LOOP('',(#683,#684,#685,#686));
#688=FACE_BOUND('',#687,.T.);
#689=ADVANCED_FACE('NONE',(#688),#682,.T.);
#690=CARTESIAN_POINT('',(-3.391261795,-2.306064274,12.08001124));
#691=DIRECTION('',(0.,0.,-1.));
#692=DIRECTION('',(-1.,0.,0.));
#693=AXIS2_PLACEMENT_3D('',#690,#691,#692);
#694=CYLINDRICAL_SURFACE('',#693,0.25);
#695=CARTESIAN_POINT('',(-3.391261795,-2.556064274,10.03001124));
#696=CARTESIAN_POINT('',(-3.420724577,-2.556064274,10.03001124));
#697=CARTESIAN_POINT('',(-3.452511234,-2.550694589,10.035380925));
#698=CARTESIAN_POINT('',(-3.483285472,-2.538511349,10.047564165));
#699=CARTESIAN_POINT('',(-3.51405971,-2.526328109,10.059747405));
#700=CARTESIAN_POINT('',(-3.543630722,-2.507248737,10.078826777));
#701=CARTESIAN_POINT('',(-3.56803849,-2.482840969,10.103234545));
#702=CARTESIAN_POINT('',(-3.592446258,-2.458433201,10.127642313));
#703=CARTESIAN_POINT('',(-3.61152563,-2.428862189,10.157213325));
#704=CARTESIAN_POINT('',(-3.62370887,-2.398087951,10.187987563));
#705=CARTESIAN_POINT('',(-3.63589211,-2.367313713,10.2187618));
#706=CARTESIAN_POINT('',(-3.641261795,-2.335527056,10.250548458));
#707=CARTESIAN_POINT('',(-3.641261795,-2.306064274,10.28001124));
#708=B_SPLINE_CURVE_WITH_KNOTS('',3,(#695,#696,#697,#698,#699,#700,#701,#702,#703,#704,#705,#706,#707),.UNSPECIFIED.,.F.,.F.,(4,3,3,3,4),(0.,0.392699082,0.785398163,1.178097245,1.570796327),.UNSPECIFIED.);
#709=EDGE_CURVE('NONE',#178,#400,#708,.T.);
#710=ORIENTED_EDGE('',*,*,#709,.F.);
#711=ORIENTED_EDGE('',*,*,#302,.F.);
#712=CARTESIAN_POINT('',(-3.641261795,-2.306064274,11.83001124));
#713=CARTESIAN_POINT('',(-3.641261795,-2.335527056,11.859474023));
#714=CARTESIAN_POINT('',(-3.63589211,-2.367313713,11.89126068));
#715=CARTESIAN_POINT('',(-3.62370887,-2.398087951,11.922034918));
#716=CARTESIAN_POINT('',(-3.61152563,-2.428862189,11.952809155));
#717=CARTESIAN_POINT('',(-3.592446258,-2.458433201,11.982380167));
#718=CARTESIAN_POINT('',(-3.56803849,-2.482840969,12.006787936));
#719=CARTESIAN_POINT('',(-3.543630722,-2.507248737,12.031195704));
#720=CARTESIAN_POINT('',(-3.51405971,-2.526328109,12.050275076));
#721=CARTESIAN_POINT('',(-3.483285472,-2.538511349,12.062458316));
#722=CARTESIAN_POINT('',(-3.452511234,-2.550694589,12.074641556));
#723=CARTESIAN_POINT('',(-3.420724577,-2.556064274,12.08001124));
#724=CARTESIAN_POINT('',(-3.391261795,-2.556064274,12.08001124));
#725=B_SPLINE_CURVE_WITH_KNOTS('',3,(#712,#713,#714,#715,#716,#717,#718,#719,#720,#721,#722,#723,#724),.UNSPECIFIED.,.F.,.F.,(4,3,3,3,4),(4.71238898,5.105088062,5.497787144,5.890486225,6.283185307),.UNSPECIFIED.);
#726=EDGE_CURVE('NONE',#382,#228,#725,.T.);
#727=ORIENTED_EDGE('',*,*,#726,.F.);
#728=ORIENTED_EDGE('',*,*,#411,.F.);
#729=EDGE_LOOP('',(#710,#711,#727,#728));
#730=FACE_BOUND('',#729,.T.);
#731=ADVANCED_FACE('NONE',(#730),#694,.T.);
#732=CARTESIAN_POINT('',(-3.391261795,-0.616064274,11.83001124));
#733=DIRECTION('',(0.,-1.,0.));
#734=DIRECTION('',(0.,0.,-1.));
#735=AXIS2_PLACEMENT_3D('',#732,#733,#734);
#736=CYLINDRICAL_SURFACE('',#735,0.25);
#737=ORIENTED_EDGE('',*,*,#726,.T.);
#738=ORIENTED_EDGE('',*,*,#233,.F.);
#739=CARTESIAN_POINT('',(-3.641261795,1.073935726,11.83001124));
#740=CARTESIAN_POINT('',(-3.641261795,1.103398509,11.859474023));
#741=CARTESIAN_POINT('',(-3.63589211,1.135185166,11.89126068));
#742=CARTESIAN_POINT('',(-3.62370887,1.165959404,11.922034918));
#743=CARTESIAN_POINT('',(-3.61152563,1.196733641,11.952809155));
#744=CARTESIAN_POINT('',(-3.592446258,1.226304654,11.982380167));
#745=CARTESIAN_POINT('',(-3.56803849,1.250712422,12.006787936));
#746=CARTESIAN_POINT('',(-3.543630722,1.27512019,12.031195704));
#747=CARTESIAN_POINT('',(-3.51405971,1.294199562,12.050275076));
#748=CARTESIAN_POINT('',(-3.483285472,1.306382802,12.062458316));
#749=CARTESIAN_POINT('',(-3.452511234,1.318566042,12.074641556));
#750=CARTESIAN_POINT('',(-3.420724577,1.323935726,12.08001124));
#751=CARTESIAN_POINT('',(-3.391261795,1.323935726,12.08001124));
#752=B_SPLINE_CURVE_WITH_KNOTS('',3,(#739,#740,#741,#742,#743,#744,#745,#746,#747,#748,#749,#750,#751),.UNSPECIFIED.,.F.,.F.,(4,3,3,3,4),(1.570796327,1.963495408,2.35619449,2.748893572,3.141592654),.UNSPECIFIED.);
#753=EDGE_CURVE('NONE',#384,#220,#752,.T.);
#754=ORIENTED_EDGE('',*,*,#753,.F.);
#755=ORIENTED_EDGE('',*,*,#389,.F.);
#756=EDGE_LOOP('',(#737,#738,#754,#755));
#757=FACE_BOUND('',#756,.T.);
#758=ADVANCED_FACE('NONE',(#757),#736,.T.);
#759=CARTESIAN_POINT('',(-3.391261795,-2.556064274,10.28001124));
#760=DIRECTION('',(0.,1.,0.));
#761=DIRECTION('',(0.,-0.,1.));
#762=AXIS2_PLACEMENT_3D('',#759,#760,#761);
#763=CYLINDRICAL_SURFACE('',#762,0.25);
#764=ORIENTED_EDGE('',*,*,#709,.T.);
#765=ORIENTED_EDGE('',*,*,#405,.F.);
#766=CARTESIAN_POINT('',(-3.391261795,1.323935726,10.03001124));
#767=CARTESIAN_POINT('',(-3.420724577,1.323935726,10.03001124));
#768=CARTESIAN_POINT('',(-3.452511234,1.318566042,10.035380925));
#769=CARTESIAN_POINT('',(-3.483285472,1.306382802,10.047564165));
#770=CARTESIAN_POINT('',(-3.51405971,1.294199562,10.059747405));
#771=CARTESIAN_POINT('',(-3.543630722,1.27512019,10.078826777));
#772=CARTESIAN_POINT('',(-3.56803849,1.250712422,10.103234545));
#773=CARTESIAN_POINT('',(-3.592446258,1.226304654,10.127642313));
#774=CARTESIAN_POINT('',(-3.61152563,1.196733641,10.157213325));
#775=CARTESIAN_POINT('',(-3.62370887,1.165959404,10.187987563));
#776=CARTESIAN_POINT('',(-3.63589211,1.135185166,10.2187618));
#777=CARTESIAN_POINT('',(-3.641261795,1.103398509,10.250548458));
#778=CARTESIAN_POINT('',(-3.641261795,1.073935726,10.28001124));
#779=B_SPLINE_CURVE_WITH_KNOTS('',3,(#766,#767,#768,#769,#770,#771,#772,#773,#774,#775,#776,#777,#778),.UNSPECIFIED.,.F.,.F.,(4,3,3,3,4),(0.,0.392699082,0.785398163,1.178097245,1.570796327),.UNSPECIFIED.);
#780=EDGE_CURVE('NONE',#188,#392,#779,.T.);
#781=ORIENTED_EDGE('',*,*,#780,.F.);
#782=ORIENTED_EDGE('',*,*,#193,.F.);
#783=EDGE_LOOP('',(#764,#765,#781,#782));
#784=FACE_BOUND('',#783,.T.);
#785=ADVANCED_FACE('NONE',(#784),#763,.T.);
#786=CARTESIAN_POINT('',(-3.391261795,1.073935726,12.08001124));
#787=DIRECTION('',(0.,0.,-1.));
#788=DIRECTION('',(-1.,0.,0.));
#789=AXIS2_PLACEMENT_3D('',#786,#787,#788);
#790=CYLINDRICAL_SURFACE('',#789,0.25);
#791=ORIENTED_EDGE('',*,*,#753,.T.);
#792=ORIENTED_EDGE('',*,*,#364,.F.);
#793=ORIENTED_EDGE('',*,*,#780,.T.);
#794=ORIENTED_EDGE('',*,*,#397,.F.);
#795=EDGE_LOOP('',(#791,#792,#793,#794));
#796=FACE_BOUND('',#795,.T.);
#797=ADVANCED_FACE('NONE',(#796),#790,.T.);
#798=CLOSED_SHELL('',(#122,#170,#211,#251,#291,#313,#353,#375,#415,#455,#477,#499,#527,#555,#567,#580,#623,#650,#677,#689,#731,#758,#785,#797));
#799=MANIFOLD_SOLID_BREP('Cong\S\i1',#798);
#800=COLOUR_RGB('',0.752941191,0.752941191,0.);
#801=FILL_AREA_STYLE_COLOUR('',#800);
#802=FILL_AREA_STYLE('',(#801));
#803=SURFACE_STYLE_FILL_AREA(#802);
#804=SURFACE_SIDE_STYLE('',(#803));
#805=SURFACE_STYLE_USAGE(.BOTH.,#804);
#806=PRESENTATION_STYLE_ASSIGNMENT((#805));
#82=STYLED_ITEM('',(#806),#799);
#63=SHAPE_REPRESENTATION('fuse-real',(#15),#61);
#64=ADVANCED_BREP_SHAPE_REPRESENTATION('fuse-real',(#799),#61);
#814=SHAPE_REPRESENTATION_RELATIONSHIP('','',#63,#64);
#815=CARTESIAN_POINT('',(0.,0.,0.));
#816=DIRECTION('',(0.,0.,1.));
#817=DIRECTION('',(1.,0.,0.));
#818=AXIS2_PLACEMENT_3D('',#815,#816,#817);
#820=MAPPED_ITEM('',#819,#818);
#819=REPRESENTATION_MAP(#818,#63);
#821=APPLICATION_CONTEXT('Managed model based 3d engineering');
#822=APPLICATION_PROTOCOL_DEFINITION('international standard','ap242_managed_model_based_3d_engineering',2014,#821);
#823=PRODUCT_CONTEXT('',#821,'mechanical');
#824=PRODUCT_DEFINITION_CONTEXT('part definition',#821,'design');
#71=PRODUCT('fuse-real','fuse-real','',(#823));
#825=PRODUCT_RELATED_PRODUCT_CATEGORY('part','',(#71));
#826=PRODUCT_DEFINITION_FORMATION_WITH_SPECIFIED_SOURCE('','',#71,.NOT_KNOWN.);
#72=PRODUCT_DEFINITION('design','',#826,#824);
#70=PRODUCT_DEFINITION_SHAPE('','',#72);
#827=SHAPE_DEFINITION_REPRESENTATION(#70,#63);
#62=DRAUGHTING_MODEL('',(#820),#61);
#828=(NAMED_UNIT(*)PLANE_ANGLE_UNIT()SI_UNIT($,.RADIAN.));
#829=PLANE_ANGLE_MEASURE_WITH_UNIT(PLANE_ANGLE_MEASURE(0.0174532925),#828);
#830=(CONVERSION_BASED_UNIT('DEGREE',#829)NAMED_UNIT(#831)PLANE_ANGLE_UNIT());
#831=DIMENSIONAL_EXPONENTS(0.,0.,0.,0.,0.,0.,0.);
#832=(NAMED_UNIT(*)SI_UNIT($,.STERADIAN.)SOLID_ANGLE_UNIT());
#833=(LENGTH_UNIT()NAMED_UNIT(*)SI_UNIT(.MILLI.,.METRE.));
#834=UNCERTAINTY_MEASURE_WITH_UNIT(LENGTH_MEASURE(1.000000E-05),#833,'DISTANCE_ACCURACY_VALUE','Maximum Tolerance applied to model');
#835=(GEOMETRIC_REPRESENTATION_CONTEXT(3)GLOBAL_UNCERTAINTY_ASSIGNED_CONTEXT((#834))GLOBAL_UNIT_ASSIGNED_CONTEXT((#833,#830,#832))REPRESENTATION_CONTEXT('','FusePart'));
#847=CARTESIAN_POINT('',(0.,0.,0.));
#848=DIRECTION('',(0.,0.,1.));
#849=DIRECTION('',(1.,0.,-0.));
#850=AXIS2_PLACEMENT_3D('',#847,#848,#849);
#851=ITEM_DEFINED_TRANSFORMATION('','',#850,#15);
#852=(REPRESENTATION_RELATIONSHIP('','',#837,#35)REPRESENTATION_RELATIONSHIP_WITH_TRANSFORMATION(#851)SHAPE_REPRESENTATION_RELATIONSHIP());
#853=NEXT_ASSEMBLY_USAGE_OCCURRENCE('FusePart_3','FusePart','FusePart',#44,#846,$);
#854=PRODUCT_DEFINITION_SHAPE('','',#853);
#855=CONTEXT_DEPENDENT_SHAPE_REPRESENTATION(#852,#854);
#857=CARTESIAN_POINT('',(-3.039945334,-3.532745862,10.03001124));
#858=DIRECTION('',(-1.,0.,0.));
#859=DIRECTION('',(0.,0.,1.));
#860=AXIS2_PLACEMENT_3D('',#857,#858,#859);
#861=PLANE('',#860);
#862=CARTESIAN_POINT('',(-3.039945334,1.625408115,11.38001124));
#863=VERTEX_POINT('',#862);
#864=CARTESIAN_POINT('',(-3.039945334,1.805896985,10.78001124));
#865=VERTEX_POINT('',#864);
#866=CARTESIAN_POINT('',(-3.039945334,1.625408115,11.38001124));
#867=DIRECTION('',(0.,0.288063626,-0.957611271));
#868=VECTOR('',#867,0.626559041);
#869=LINE('',#866,#868);
#870=EDGE_CURVE('NONE',#863,#865,#869,.T.);
#871=ORIENTED_EDGE('',*,*,#870,.F.);
#872=CARTESIAN_POINT('',(-3.039945334,1.32135526,11.38001124));
#873=VERTEX_POINT('',#872);
#874=CARTESIAN_POINT('',(-3.039945334,1.625408115,11.38001124));
#875=DIRECTION('',(-0.,-1.,-0.));
#876=VECTOR('',#875,0.304052855);
#877=LINE('',#874,#876);
#878=EDGE_CURVE('NONE',#863,#873,#877,.T.);
#879=ORIENTED_EDGE('',*,*,#878,.T.);
#880=CARTESIAN_POINT('',(-3.039945334,1.32135526,10.78001124));
#881=VERTEX_POINT('',#880);
#882=CARTESIAN_POINT('',(-3.039945334,1.32135526,10.78001124));
#883=DIRECTION('',(-0.,-0.,1.));
#884=VECTOR('',#883,0.6);
#885=LINE('',#882,#884);
#886=EDGE_CURVE('NONE',#881,#873,#885,.T.);
#887=ORIENTED_EDGE('',*,*,#886,.F.);
#888=CARTESIAN_POINT('',(-3.039945334,1.32135526,10.78001124));
#889=DIRECTION('',(0.,1.,0.));
#890=VECTOR('',#889,0.484541725);
#891=LINE('',#888,#890);
#892=EDGE_CURVE('NONE',#881,#865,#891,.T.);
#893=ORIENTED_EDGE('',*,*,#892,.T.);
#894=EDGE_LOOP('',(#871,#879,#887,#893));
#895=FACE_BOUND('',#894,.T.);
#896=ADVANCED_FACE('NONE',(#895),#861,.F.);
#897=CARTESIAN_POINT('',(2.834125794,-3.532745862,10.03001124));
#898=DIRECTION('',(1.,0.,0.));
#899=DIRECTION('',(0.,0.,-1.));
#900=AXIS2_PLACEMENT_3D('',#897,#898,#899);
#901=PLANE('',#900);
#902=CARTESIAN_POINT('',(2.834125794,1.32135526,11.38001124));
#903=VERTEX_POINT('',#902);
#904=CARTESIAN_POINT('',(2.834125794,1.32135526,10.78001124));
#905=VERTEX_POINT('',#904);
#906=CARTESIAN_POINT('',(2.834125794,1.32135526,11.38001124));
#907=DIRECTION('',(0.,0.,-1.));
#908=VECTOR('',#907,0.6);
#909=LINE('',#906,#908);
#910=EDGE_CURVE('NONE',#903,#905,#909,.T.);
#911=ORIENTED_EDGE('',*,*,#910,.F.);
#912=CARTESIAN_POINT('',(2.834125794,1.625408115,11.38001124));
#913=VERTEX_POINT('',#912);
#914=CARTESIAN_POINT('',(2.834125794,1.32135526,11.38001124));
#915=DIRECTION('',(0.,1.,0.));
#916=VECTOR('',#915,0.304052855);
#917=LINE('',#914,#916);
#918=EDGE_CURVE('NONE',#903,#913,#917,.T.);
#919=ORIENTED_EDGE('',*,*,#918,.T.);
#920=CARTESIAN_POINT('',(2.834125794,1.805896985,10.78001124));
#921=VERTEX_POINT('',#920);
#922=CARTESIAN_POINT('',(2.834125794,1.805896985,10.78001124));
#923=DIRECTION('',(-0.,-0.288063626,0.957611271));
#924=VECTOR('',#923,0.626559041);
#925=LINE('',#922,#924);
#926=EDGE_CURVE('NONE',#921,#913,#925,.T.);
#927=ORIENTED_EDGE('',*,*,#926,.F.);
#928=CARTESIAN_POINT('',(2.834125794,1.805896985,10.78001124));
#929=DIRECTION('',(-0.,-1.,-0.));
#930=VECTOR('',#929,0.484541725);
#931=LINE('',#928,#930);
#932=EDGE_CURVE('NONE',#921,#905,#931,.T.);
#933=ORIENTED_EDGE('',*,*,#932,.T.);
#934=EDGE_LOOP('',(#911,#919,#927,#933));
#935=FACE_BOUND('',#934,.T.);
#936=ADVANCED_FACE('NONE',(#935),#901,.F.);
#937=CARTESIAN_POINT('',(-0.10290977,-0.617354507,12.13001124));
#938=DIRECTION('',(0.,0.,-1.));
#939=DIRECTION('',(-1.,0.,0.));
#940=AXIS2_PLACEMENT_3D('',#937,#938,#939);
#941=PLANE('',#940);
#942=CARTESIAN_POINT('',(-4.456901012,1.32135526,12.13001124));
#943=VERTEX_POINT('',#942);
#944=CARTESIAN_POINT('',(-3.789945334,1.32135526,12.13001124));
#945=VERTEX_POINT('',#944);
#946=CARTESIAN_POINT('',(-4.456901012,1.32135526,12.13001124));
#947=DIRECTION('',(1.,-0.,-0.));
#948=VECTOR('',#947,0.666955678);
#949=LINE('',#946,#948);
#950=EDGE_CURVE('NONE',#943,#945,#949,.T.);
#951=ORIENTED_EDGE('',*,*,#950,.T.);
#952=CARTESIAN_POINT('',(-3.789945334,1.399797028,12.13001124));
#953=VERTEX_POINT('',#952);
#954=CARTESIAN_POINT('',(-3.789945334,1.32135526,12.13001124));
#955=DIRECTION('',(0.,1.,0.));
#956=VECTOR('',#955,0.078441768);
#957=LINE('',#954,#956);
#958=EDGE_CURVE('NONE',#945,#953,#957,.T.);
#959=ORIENTED_EDGE('',*,*,#958,.T.);
#960=CARTESIAN_POINT('',(-4.96790977,1.399797028,12.13001124));
#961=VERTEX_POINT('',#960);
#962=CARTESIAN_POINT('',(-3.789945334,1.399797028,12.13001124));
#963=DIRECTION('',(-1.,0.,0.));
#964=VECTOR('',#963,1.177964436);
#965=LINE('',#962,#964);
#966=EDGE_CURVE('NONE',#953,#961,#965,.T.);
#967=ORIENTED_EDGE('',*,*,#966,.T.);
#968=CARTESIAN_POINT('',(-4.96790977,-2.634506042,12.13001124));
#969=VERTEX_POINT('',#968);
#970=CARTESIAN_POINT('',(-4.96790977,1.399797028,12.13001124));
#971=DIRECTION('',(-0.,-1.,-0.));
#972=VECTOR('',#971,4.03430307);
#973=LINE('',#970,#972);
#974=EDGE_CURVE('NONE',#961,#969,#973,.T.);
#975=ORIENTED_EDGE('',*,*,#974,.T.);
#976=CARTESIAN_POINT('',(-3.789945334,-2.634506042,12.13001124));
#977=VERTEX_POINT('',#976);
#978=CARTESIAN_POINT('',(-4.96790977,-2.634506042,12.13001124));
#979=DIRECTION('',(1.,-0.,-0.));
#980=VECTOR('',#979,1.177964436);
#981=LINE('',#978,#980);
#982=EDGE_CURVE('NONE',#969,#977,#981,.T.);
#983=ORIENTED_EDGE('',*,*,#982,.T.);
#984=CARTESIAN_POINT('',(-3.789945334,-2.556064274,12.13001124));
#985=VERTEX_POINT('',#984);
#986=CARTESIAN_POINT('',(-3.789945334,-2.634506042,12.13001124));
#987=DIRECTION('',(0.,1.,0.));
#988=VECTOR('',#987,0.078441768);
#989=LINE('',#986,#988);
#990=EDGE_CURVE('NONE',#977,#985,#989,.T.);
#991=ORIENTED_EDGE('',*,*,#990,.T.);
#992=CARTESIAN_POINT('',(-4.456901012,-2.556064274,12.13001124));
#993=VERTEX_POINT('',#992);
#994=CARTESIAN_POINT('',(-4.456901012,-2.556064274,12.13001124));
#995=DIRECTION('',(1.,0.,-0.));
#996=VECTOR('',#995,0.666955678);
#997=LINE('',#994,#996);
#998=EDGE_CURVE('NONE',#993,#985,#997,.T.);
#999=ORIENTED_EDGE('',*,*,#998,.F.);
#1000=CARTESIAN_POINT('',(-4.456901012,-1.45132463,12.13001124));
#1001=VERTEX_POINT('',#1000);
#1002=CARTESIAN_POINT('',(-4.456901012,-2.556064274,12.13001124));
#1003=DIRECTION('',(0.,1.,0.));
#1004=VECTOR('',#1003,1.104739644);
#1005=LINE('',#1002,#1004);
#1006=EDGE_CURVE('NONE',#993,#1001,#1005,.T.);
#1007=ORIENTED_EDGE('',*,*,#1006,.T.);
#1008=CARTESIAN_POINT('',(-3.644557746,-1.45132463,12.13001124));
#1009=VERTEX_POINT('',#1008);
#1010=CARTESIAN_POINT('',(-4.456901012,-1.45132463,12.13001124));
#1011=DIRECTION('',(1.,-0.,-0.));
#1012=VECTOR('',#1011,0.812343266);
#1013=LINE('',#1010,#1012);
#1014=EDGE_CURVE('NONE',#1001,#1009,#1013,.T.);
#1015=ORIENTED_EDGE('',*,*,#1014,.T.);
#1016=CARTESIAN_POINT('',(-3.644557746,0.216615616,12.13001124));
#1017=VERTEX_POINT('',#1016);
#1018=CARTESIAN_POINT('',(-3.644557746,-1.45132463,12.13001124));
#1019=DIRECTION('',(0.,1.,0.));
#1020=VECTOR('',#1019,1.667940246);
#1021=LINE('',#1018,#1020);
#1022=EDGE_CURVE('NONE',#1009,#1017,#1021,.T.);
#1023=ORIENTED_EDGE('',*,*,#1022,.T.);
#1024=CARTESIAN_POINT('',(-4.456901012,0.216615616,12.13001124));
#1025=VERTEX_POINT('',#1024);
#1026=CARTESIAN_POINT('',(-4.456901012,0.216615616,12.13001124));
#1027=DIRECTION('',(1.,0.,-0.));
#1028=VECTOR('',#1027,0.812343266);
#1029=LINE('',#1026,#1028);
#1030=EDGE_CURVE('NONE',#1025,#1017,#1029,.T.);
#1031=ORIENTED_EDGE('',*,*,#1030,.F.);
#1032=CARTESIAN_POINT('',(-4.456901012,0.216615616,12.13001124));
#1033=DIRECTION('',(0.,1.,0.));
#1034=VECTOR('',#1033,1.104739644);
#1035=LINE('',#1032,#1034);
#1036=EDGE_CURVE('NONE',#1025,#943,#1035,.T.);
#1037=ORIENTED_EDGE('',*,*,#1036,.T.);
#1038=EDGE_LOOP('',(#951,#959,#967,#975,#983,#991,#999,#1007,#1015,#1023,#1031,#1037));
#1039=FACE_BOUND('',#1038,.T.);
#1040=ADVANCED_FACE('NONE',(#1039),#941,.F.);
#1041=CARTESIAN_POINT('',(-5.217921011,-3.132354507,10.47501124));
#1042=DIRECTION('',(0.,0.957611271,-0.288063626));
#1043=DIRECTION('',(0.,0.288063626,0.957611271));
#1044=AXIS2_PLACEMENT_3D('',#1041,#1042,#1043);
#1045=PLANE('',#1044);
#1046=CARTESIAN_POINT('',(-3.039945334,-3.040605998,10.78001124));
#1047=VERTEX_POINT('',#1046);
#1048=CARTESIAN_POINT('',(-3.039945334,-2.860117129,11.38001124));
#1049=VERTEX_POINT('',#1048);
#1050=CARTESIAN_POINT('',(-3.039945334,-3.040605998,10.78001124));
#1051=DIRECTION('',(0.,0.288063626,0.957611271));
#1052=VECTOR('',#1051,0.626559041);
#1053=LINE('',#1050,#1052);
#1054=EDGE_CURVE('NONE',#1047,#1049,#1053,.T.);
#1055=ORIENTED_EDGE('',*,*,#1054,.T.);
#1056=CARTESIAN_POINT('',(-3.039945334,-2.860117129,11.38001124));
#1057=CARTESIAN_POINT('',(-3.039945334,-2.727957214,11.819351068));
#1058=CARTESIAN_POINT('',(-3.350605506,-2.634506042,12.13001124));
#1059=CARTESIAN_POINT('',(-3.789945334,-2.634506042,12.13001124));
#1060=(BOUNDED_CURVE()
B_SPLINE_CURVE(3,(#1056,#1057,#1058,#1059),.UNSPECIFIED.,.F.,.F.)
B_SPLINE_CURVE_WITH_KNOTS((4,4),(1.570796327,3.141592654),.UNSPECIFIED.)
CURVE()
GEOMETRIC_REPRESENTATION_ITEM()
RATIONAL_B_SPLINE_CURVE((1.,0.804737854,0.804737854,1.))
REPRESENTATION_ITEM(''));
#1061=EDGE_CURVE('NONE',#1049,#977,#1060,.T.);
#1062=ORIENTED_EDGE('',*,*,#1061,.T.);
#1063=ORIENTED_EDGE('',*,*,#982,.F.);
#1064=CARTESIAN_POINT('',(-4.96790977,-3.132354507,10.47501124));
#1065=VERTEX_POINT('',#1064);
#1066=CARTESIAN_POINT('',(-4.96790977,-3.132354507,10.47501124));
#1067=DIRECTION('',(0.,0.288063626,0.957611271));
#1068=VECTOR('',#1067,1.728258688);
#1069=LINE('',#1066,#1068);
#1070=EDGE_CURVE('NONE',#1065,#969,#1069,.T.);
#1071=ORIENTED_EDGE('',*,*,#1070,.F.);
#1072=CARTESIAN_POINT('',(-2.975127792,-3.132354507,10.47501124));
#1073=VERTEX_POINT('',#1072);
#1074=CARTESIAN_POINT('',(-4.96790977,-3.132354507,10.47501124));
#1075=DIRECTION('',(1.,0.,-0.));
#1076=VECTOR('',#1075,1.992781979);
#1077=LINE('',#1074,#1076);
#1078=EDGE_CURVE('NONE',#1065,#1073,#1077,.T.);
#1079=ORIENTED_EDGE('',*,*,#1078,.T.);
#1080=CARTESIAN_POINT('',(-2.975127792,-3.132354507,10.47501124));
#1081=CARTESIAN_POINT('',(-3.018020192,-3.103368665,10.571369011));
#1082=CARTESIAN_POINT('',(-3.039945334,-3.07233387,10.674538125));
#1083=CARTESIAN_POINT('',(-3.039945334,-3.040605998,10.78001124));
#1084=(BOUNDED_CURVE()
B_SPLINE_CURVE(3,(#1080,#1081,#1082,#1083),.UNSPECIFIED.,.F.,.F.)
B_SPLINE_CURVE_WITH_KNOTS((4,4),(1.151993904,1.570796327),.UNSPECIFIED.)
CURVE()
GEOMETRIC_REPRESENTATION_ITEM()
RATIONAL_B_SPLINE_CURVE((1.,0.985437042,0.985437042,1.))
REPRESENTATION_ITEM(''));
#1085=EDGE_CURVE('NONE',#1073,#1047,#1084,.T.);
#1086=ORIENTED_EDGE('',*,*,#1085,.T.);
#1087=EDGE_LOOP('',(#1055,#1062,#1063,#1071,#1079,#1086));
#1088=FACE_BOUND('',#1087,.T.);
#1089=ADVANCED_FACE('NONE',(#1088),#1045,.F.);
#1090=CARTESIAN_POINT('',(-5.217921011,1.897645493,10.47501124));
#1091=DIRECTION('',(0.,-0.957611271,-0.288063626));
#1092=DIRECTION('',(0.,0.288063626,-0.957611271));
#1093=AXIS2_PLACEMENT_3D('',#1090,#1091,#1092);
#1094=PLANE('',#1093);
#1095=ORIENTED_EDGE('',*,*,#966,.F.);
#1096=CARTESIAN_POINT('',(-3.789945334,1.399797028,12.13001124));
#1097=CARTESIAN_POINT('',(-3.350605506,1.399797028,12.13001124));
#1098=CARTESIAN_POINT('',(-3.039945334,1.4932482,11.819351068));
#1099=CARTESIAN_POINT('',(-3.039945334,1.625408115,11.38001124));
#1100=(BOUNDED_CURVE()
B_SPLINE_CURVE(3,(#1096,#1097,#1098,#1099),.UNSPECIFIED.,.F.,.F.)
B_SPLINE_CURVE_WITH_KNOTS((4,4),(0.,1.570796327),.UNSPECIFIED.)
CURVE()
GEOMETRIC_REPRESENTATION_ITEM()
RATIONAL_B_SPLINE_CURVE((1.,0.804737854,0.804737854,1.))
REPRESENTATION_ITEM(''));
#1101=EDGE_CURVE('NONE',#953,#863,#1100,.T.);
#1102=ORIENTED_EDGE('',*,*,#1101,.T.);
#1103=ORIENTED_EDGE('',*,*,#870,.T.);
#1104=CARTESIAN_POINT('',(-2.975127792,1.897645493,10.47501124));
#1105=VERTEX_POINT('',#1104);
#1106=CARTESIAN_POINT('',(-3.039945334,1.805896985,10.78001124));
#1107=CARTESIAN_POINT('',(-3.039945334,1.837624857,10.674538125));
#1108=CARTESIAN_POINT('',(-3.018020192,1.868659651,10.571369011));
#1109=CARTESIAN_POINT('',(-2.975127792,1.897645493,10.47501124));
#1110=(BOUNDED_CURVE()
B_SPLINE_CURVE(3,(#1106,#1107,#1108,#1109),.UNSPECIFIED.,.F.,.F.)
B_SPLINE_CURVE_WITH_KNOTS((4,4),(1.570796327,1.98959875),.UNSPECIFIED.)
CURVE()
GEOMETRIC_REPRESENTATION_ITEM()
RATIONAL_B_SPLINE_CURVE((1.,0.985437042,0.985437042,1.))
REPRESENTATION_ITEM(''));
#1111=EDGE_CURVE('NONE',#865,#1105,#1110,.T.);
#1112=ORIENTED_EDGE('',*,*,#1111,.T.);
#1113=CARTESIAN_POINT('',(-4.96790977,1.897645493,10.47501124));
#1114=VERTEX_POINT('',#1113);
#1115=CARTESIAN_POINT('',(-4.96790977,1.897645493,10.47501124));
#1116=DIRECTION('',(1.,0.,-0.));
#1117=VECTOR('',#1116,1.992781979);
#1118=LINE('',#1115,#1117);
#1119=EDGE_CURVE('NONE',#1114,#1105,#1118,.T.);
#1120=ORIENTED_EDGE('',*,*,#1119,.F.);
#1121=CARTESIAN_POINT('',(-4.96790977,1.399797028,12.13001124));
#1122=DIRECTION('',(0.,0.288063626,-0.957611271));
#1123=VECTOR('',#1122,1.728258688);
#1124=LINE('',#1121,#1123);
#1125=EDGE_CURVE('NONE',#961,#1114,#1124,.T.);
#1126=ORIENTED_EDGE('',*,*,#1125,.F.);
#1127=EDGE_LOOP('',(#1095,#1102,#1103,#1112,#1120,#1126));
#1128=FACE_BOUND('',#1127,.T.);
#1129=ADVANCED_FACE('NONE',(#1128),#1094,.F.);
#1130=CARTESIAN_POINT('',(4.76209023,-3.132354507,12.13001124));
#1131=DIRECTION('',(-1.,0.,0.));
#1132=DIRECTION('',(0.,0.,1.));
#1133=AXIS2_PLACEMENT_3D('',#1130,#1131,#1132);
#1134=PLANE('',#1133);
#1135=CARTESIAN_POINT('',(4.76209023,1.897645493,10.47501124));
#1136=VERTEX_POINT('',#1135);
#1137=CARTESIAN_POINT('',(4.76209023,1.897645493,8.82001124));
#1138=VERTEX_POINT('',#1137);
#1139=CARTESIAN_POINT('',(4.76209023,1.897645493,10.47501124));
#1140=DIRECTION('',(0.,0.,-1.));
#1141=VECTOR('',#1140,1.655);
#1142=LINE('',#1139,#1141);
#1143=EDGE_CURVE('NONE',#1136,#1138,#1142,.T.);
#1144=ORIENTED_EDGE('',*,*,#1143,.F.);
#1145=CARTESIAN_POINT('',(4.76209023,1.399797028,12.13001124));
#1146=VERTEX_POINT('',#1145);
#1147=CARTESIAN_POINT('',(4.76209023,1.399797028,12.13001124));
#1148=DIRECTION('',(0.,0.288063626,-0.957611271));
#1149=VECTOR('',#1148,1.728258688);
#1150=LINE('',#1147,#1149);
#1151=EDGE_CURVE('NONE',#1146,#1136,#1150,.T.);
#1152=ORIENTED_EDGE('',*,*,#1151,.F.);
#1153=CARTESIAN_POINT('',(4.76209023,-2.634506042,12.13001124));
#1154=VERTEX_POINT('',#1153);
#1155=CARTESIAN_POINT('',(4.76209023,-2.634506042,12.13001124));
#1156=DIRECTION('',(0.,1.,0.));
#1157=VECTOR('',#1156,4.03430307);
#1158=LINE('',#1155,#1157);
#1159=EDGE_CURVE('NONE',#1154,#1146,#1158,.T.);
#1160=ORIENTED_EDGE('',*,*,#1159,.F.);
#1161=CARTESIAN_POINT('',(4.76209023,-3.132354507,10.47501124));
#1162=VERTEX_POINT('',#1161);
#1163=CARTESIAN_POINT('',(4.76209023,-3.132354507,10.47501124));
#1164=DIRECTION('',(0.,0.288063626,0.957611271));
#1165=VECTOR('',#1164,1.728258688);
#1166=LINE('',#1163,#1165);
#1167=EDGE_CURVE('NONE',#1162,#1154,#1166,.T.);
#1168=ORIENTED_EDGE('',*,*,#1167,.F.);
#1169=CARTESIAN_POINT('',(4.76209023,-3.132354507,8.82001124));
#1170=VERTEX_POINT('',#1169);
#1171=CARTESIAN_POINT('',(4.76209023,-3.132354507,10.47501124));
#1172=DIRECTION('',(-0.,-0.,-1.));
#1173=VECTOR('',#1172,1.655);
#1174=LINE('',#1171,#1173);
#1175=EDGE_CURVE('NONE',#1162,#1170,#1174,.T.);
#1176=ORIENTED_EDGE('',*,*,#1175,.T.);
#1177=CARTESIAN_POINT('',(4.76209023,-2.315619108,8.82001124));
#1178=VERTEX_POINT('',#1177);
#1179=CARTESIAN_POINT('',(4.76209023,-3.132354507,8.82001124));
#1180=DIRECTION('',(0.,1.,0.));
#1181=VECTOR('',#1180,0.816735398);
#1182=LINE('',#1179,#1181);
#1183=EDGE_CURVE('NONE',#1170,#1178,#1182,.T.);
#1184=ORIENTED_EDGE('',*,*,#1183,.T.);
#1185=CARTESIAN_POINT('',(4.76209023,-2.315619108,9.82001124));
#1186=VERTEX_POINT('',#1185);
#1187=CARTESIAN_POINT('',(4.76209023,-2.315619108,8.82001124));
#1188=DIRECTION('',(0.,0.,1.));
#1189=VECTOR('',#1188,1.);
#1190=LINE('',#1187,#1189);
#1191=EDGE_CURVE('NONE',#1178,#1186,#1190,.T.);
#1192=ORIENTED_EDGE('',*,*,#1191,.T.);
#1193=CARTESIAN_POINT('',(4.76209023,1.080910095,9.82001124));
#1194=VERTEX_POINT('',#1193);
#1195=CARTESIAN_POINT('',(4.76209023,-2.315619108,9.82001124));
#1196=DIRECTION('',(0.,1.,0.));
#1197=VECTOR('',#1196,3.396529203);
#1198=LINE('',#1195,#1197);
#1199=EDGE_CURVE('NONE',#1186,#1194,#1198,.T.);
#1200=ORIENTED_EDGE('',*,*,#1199,.T.);
#1201=CARTESIAN_POINT('',(4.76209023,1.080910095,8.82001124));
#1202=VERTEX_POINT('',#1201);
#1203=CARTESIAN_POINT('',(4.76209023,1.080910095,9.82001124));
#1204=DIRECTION('',(-0.,-0.,-1.));
#1205=VECTOR('',#1204,1.);
#1206=LINE('',#1203,#1205);
#1207=EDGE_CURVE('NONE',#1194,#1202,#1206,.T.);
#1208=ORIENTED_EDGE('',*,*,#1207,.T.);
#1209=CARTESIAN_POINT('',(4.76209023,1.080910095,8.82001124));
#1210=DIRECTION('',(0.,1.,0.));
#1211=VECTOR('',#1210,0.816735398);
#1212=LINE('',#1209,#1211);
#1213=EDGE_CURVE('NONE',#1202,#1138,#1212,.T.);
#1214=ORIENTED_EDGE('',*,*,#1213,.T.);
#1215=EDGE_LOOP('',(#1144,#1152,#1160,#1168,#1176,#1184,#1192,#1200,#1208,#1214));
#1216=FACE_BOUND('',#1215,.T.);
#1217=ADVANCED_FACE('NONE',(#1216),#1134,.F.);
#1218=CARTESIAN_POINT('',(-4.96790977,1.897645493,12.13001124));
#1219=DIRECTION('',(0.,-1.,0.));
#1220=DIRECTION('',(0.,0.,-1.));
#1221=AXIS2_PLACEMENT_3D('',#1218,#1219,#1220);
#1222=PLANE('',#1221);
#1223=ORIENTED_EDGE('',*,*,#1119,.T.);
#1224=CARTESIAN_POINT('',(-2.289945334,1.897645493,10.03001124));
#1225=VERTEX_POINT('',#1224);
#1226=CARTESIAN_POINT('',(-2.289945334,1.897645493,10.78001124));
#1227=DIRECTION('',(0.,-1.,0.));
#1228=DIRECTION('',(0.,0.,-1.));
#1229=AXIS2_PLACEMENT_3D('',#1226,#1227,#1228);
#1230=CIRCLE('',#1229,0.75);
#1231=EDGE_CURVE('NONE',#1105,#1225,#1230,.T.);
#1232=ORIENTED_EDGE('',*,*,#1231,.T.);
#1233=CARTESIAN_POINT('',(2.084125794,1.897645493,10.03001124));
#1234=VERTEX_POINT('',#1233);
#1235=CARTESIAN_POINT('',(2.084125794,1.897645493,10.03001124));
#1236=DIRECTION('',(-1.,-0.,0.));
#1237=VECTOR('',#1236,4.374071128);
#1238=LINE('',#1235,#1237);
#1239=EDGE_CURVE('NONE',#1234,#1225,#1238,.T.);
#1240=ORIENTED_EDGE('',*,*,#1239,.F.);
#1241=CARTESIAN_POINT('',(2.769308251,1.897645493,10.47501124));
#1242=VERTEX_POINT('',#1241);
#1243=CARTESIAN_POINT('',(2.084125794,1.897645493,10.78001124));
#1244=DIRECTION('',(-0.,-1.,-0.));
#1245=DIRECTION('',(0.,-0.,1.));
#1246=AXIS2_PLACEMENT_3D('',#1243,#1244,#1245);
#1247=CIRCLE('',#1246,0.75);
#1248=EDGE_CURVE('NONE',#1234,#1242,#1247,.T.);
#1249=ORIENTED_EDGE('',*,*,#1248,.T.);
#1250=CARTESIAN_POINT('',(2.769308251,1.897645493,10.47501124));
#1251=DIRECTION('',(1.,0.,-0.));
#1252=VECTOR('',#1251,1.992781979);
#1253=LINE('',#1250,#1252);
#1254=EDGE_CURVE('NONE',#1242,#1136,#1253,.T.);
#1255=ORIENTED_EDGE('',*,*,#1254,.T.);
#1256=ORIENTED_EDGE('',*,*,#1143,.T.);
#1257=CARTESIAN_POINT('',(-4.96790977,1.897645493,8.82001124));
#1258=VERTEX_POINT('',#1257);
#1259=CARTESIAN_POINT('',(4.76209023,1.897645493,8.82001124));
#1260=DIRECTION('',(-1.,-0.,0.));
#1261=VECTOR('',#1260,9.73);
#1262=LINE('',#1259,#1261);
#1263=EDGE_CURVE('NONE',#1138,#1258,#1262,.T.);
#1264=ORIENTED_EDGE('',*,*,#1263,.T.);
#1265=CARTESIAN_POINT('',(-4.96790977,1.897645493,10.47501124));
#1266=DIRECTION('',(0.,0.,-1.));
#1267=VECTOR('',#1266,1.655);
#1268=LINE('',#1265,#1267);
#1269=EDGE_CURVE('NONE',#1114,#1258,#1268,.T.);
#1270=ORIENTED_EDGE('',*,*,#1269,.F.);
#1271=EDGE_LOOP('',(#1223,#1232,#1240,#1249,#1255,#1256,#1264,#1270));
#1272=FACE_BOUND('',#1271,.T.);
#1273=ADVANCED_FACE('NONE',(#1272),#1222,.F.);
#1274=CARTESIAN_POINT('',(-4.96790977,-3.132354507,12.13001124));
#1275=DIRECTION('',(1.,0.,0.));
#1276=DIRECTION('',(0.,0.,-1.));
#1277=AXIS2_PLACEMENT_3D('',#1274,#1275,#1276);
#1278=PLANE('',#1277);
#1279=ORIENTED_EDGE('',*,*,#974,.F.);
#1280=ORIENTED_EDGE('',*,*,#1125,.T.);
#1281=ORIENTED_EDGE('',*,*,#1269,.T.);
#1282=CARTESIAN_POINT('',(-4.96790977,1.080910095,8.82001124));
#1283=VERTEX_POINT('',#1282);
#1284=CARTESIAN_POINT('',(-4.96790977,1.897645493,8.82001124));
#1285=DIRECTION('',(-0.,-1.,-0.));
#1286=VECTOR('',#1285,0.816735398);
#1287=LINE('',#1284,#1286);
#1288=EDGE_CURVE('NONE',#1258,#1283,#1287,.T.);
#1289=ORIENTED_EDGE('',*,*,#1288,.T.);
#1290=CARTESIAN_POINT('',(-4.96790977,1.080910095,9.82001124));
#1291=VERTEX_POINT('',#1290);
#1292=CARTESIAN_POINT('',(-4.96790977,1.080910095,8.82001124));
#1293=DIRECTION('',(-0.,-0.,1.));
#1294=VECTOR('',#1293,1.);
#1295=LINE('',#1292,#1294);
#1296=EDGE_CURVE('NONE',#1283,#1291,#1295,.T.);
#1297=ORIENTED_EDGE('',*,*,#1296,.T.);
#1298=CARTESIAN_POINT('',(-4.96790977,-2.315619108,9.82001124));
#1299=VERTEX_POINT('',#1298);
#1300=CARTESIAN_POINT('',(-4.96790977,1.080910095,9.82001124));
#1301=DIRECTION('',(-0.,-1.,-0.));
#1302=VECTOR('',#1301,3.396529203);
#1303=LINE('',#1300,#1302);
#1304=EDGE_CURVE('NONE',#1291,#1299,#1303,.T.);
#1305=ORIENTED_EDGE('',*,*,#1304,.T.);
#1306=CARTESIAN_POINT('',(-4.96790977,-2.315619108,8.82001124));
#1307=VERTEX_POINT('',#1306);
#1308=CARTESIAN_POINT('',(-4.96790977,-2.315619108,9.82001124));
#1309=DIRECTION('',(0.,0.,-1.));
#1310=VECTOR('',#1309,1.);
#1311=LINE('',#1308,#1310);
#1312=EDGE_CURVE('NONE',#1299,#1307,#1311,.T.);
#1313=ORIENTED_EDGE('',*,*,#1312,.T.);
#1314=CARTESIAN_POINT('',(-4.96790977,-3.132354507,8.82001124));
#1315=VERTEX_POINT('',#1314);
#1316=CARTESIAN_POINT('',(-4.96790977,-2.315619108,8.82001124));
#1317=DIRECTION('',(-0.,-1.,-0.));
#1318=VECTOR('',#1317,0.816735398);
#1319=LINE('',#1316,#1318);
#1320=EDGE_CURVE('NONE',#1307,#1315,#1319,.T.);
#1321=ORIENTED_EDGE('',*,*,#1320,.T.);
#1322=CARTESIAN_POINT('',(-4.96790977,-3.132354507,10.47501124));
#1323=DIRECTION('',(-0.,-0.,-1.));
#1324=VECTOR('',#1323,1.655);
#1325=LINE('',#1322,#1324);
#1326=EDGE_CURVE('NONE',#1065,#1315,#1325,.T.);
#1327=ORIENTED_EDGE('',*,*,#1326,.F.);
#1328=ORIENTED_EDGE('',*,*,#1070,.T.);
#1329=EDGE_LOOP('',(#1279,#1280,#1281,#1289,#1297,#1305,#1313,#1321,#1327,#1328));
#1330=FACE_BOUND('',#1329,.T.);
#1331=ADVANCED_FACE('NONE',(#1330),#1278,.F.);
#1332=CARTESIAN_POINT('',(-4.96790977,-3.132354507,12.13001124));
#1333=DIRECTION('',(0.,1.,0.));
#1334=DIRECTION('',(0.,0.,1.));
#1335=AXIS2_PLACEMENT_3D('',#1332,#1333,#1334);
#1336=PLANE('',#1335);
#1337=CARTESIAN_POINT('',(-2.289945334,-3.132354507,10.03001124));
#1338=VERTEX_POINT('',#1337);
#1339=CARTESIAN_POINT('',(2.084125794,-3.132354507,10.03001124));
#1340=VERTEX_POINT('',#1339);
#1341=CARTESIAN_POINT('',(-2.289945334,-3.132354507,10.03001124));
#1342=DIRECTION('',(1.,0.,-0.));
#1343=VECTOR('',#1342,4.374071128);
#1344=LINE('',#1341,#1343);
#1345=EDGE_CURVE('NONE',#1338,#1340,#1344,.T.);
#1346=ORIENTED_EDGE('',*,*,#1345,.F.);
#1347=CARTESIAN_POINT('',(-2.289945334,-3.132354507,10.78001124));
#1348=DIRECTION('',(-0.,1.,-0.));
#1349=DIRECTION('',(0.,0.,-1.));
#1350=AXIS2_PLACEMENT_3D('',#1347,#1348,#1349);
#1351=CIRCLE('',#1350,0.75);
#1352=EDGE_CURVE('NONE',#1338,#1073,#1351,.T.);
#1353=ORIENTED_EDGE('',*,*,#1352,.T.);
#1354=ORIENTED_EDGE('',*,*,#1078,.F.);
#1355=ORIENTED_EDGE('',*,*,#1326,.T.);
#1356=CARTESIAN_POINT('',(-4.96790977,-3.132354507,8.82001124));
#1357=DIRECTION('',(1.,0.,-0.));
#1358=VECTOR('',#1357,9.73);
#1359=LINE('',#1356,#1358);
#1360=EDGE_CURVE('NONE',#1315,#1170,#1359,.T.);
#1361=ORIENTED_EDGE('',*,*,#1360,.T.);
#1362=ORIENTED_EDGE('',*,*,#1175,.F.);
#1363=CARTESIAN_POINT('',(2.769308251,-3.132354507,10.47501124));
#1364=VERTEX_POINT('',#1363);
#1365=CARTESIAN_POINT('',(2.769308251,-3.132354507,10.47501124));
#1366=DIRECTION('',(1.,0.,-0.));
#1367=VECTOR('',#1366,1.992781979);
#1368=LINE('',#1365,#1367);
#1369=EDGE_CURVE('NONE',#1364,#1162,#1368,.T.);
#1370=ORIENTED_EDGE('',*,*,#1369,.F.);
#1371=CARTESIAN_POINT('',(2.084125794,-3.132354507,10.78001124));
#1372=DIRECTION('',(0.,1.,0.));
#1373=DIRECTION('',(0.,-0.,1.));
#1374=AXIS2_PLACEMENT_3D('',#1371,#1372,#1373);
#1375=CIRCLE('',#1374,0.75);
#1376=EDGE_CURVE('NONE',#1364,#1340,#1375,.T.);
#1377=ORIENTED_EDGE('',*,*,#1376,.T.);
#1378=EDGE_LOOP('',(#1346,#1353,#1354,#1355,#1361,#1362,#1370,#1377));
#1379=FACE_BOUND('',#1378,.T.);
#1380=ADVANCED_FACE('NONE',(#1379),#1336,.F.);
#1381=CARTESIAN_POINT('',(-0.10290977,-0.617354507,12.13001124));
#1382=DIRECTION('',(0.,0.,-1.));
#1383=DIRECTION('',(-1.,0.,0.));
#1384=AXIS2_PLACEMENT_3D('',#1381,#1382,#1383);
#1385=PLANE('',#1384);
#1386=CARTESIAN_POINT('',(3.584125794,-2.556064274,12.13001124));
#1387=VERTEX_POINT('',#1386);
#1388=CARTESIAN_POINT('',(4.251081472,-2.556064274,12.13001124));
#1389=VERTEX_POINT('',#1388);
#1390=CARTESIAN_POINT('',(3.584125794,-2.556064274,12.13001124));
#1391=DIRECTION('',(1.,0.,-0.));
#1392=VECTOR('',#1391,0.666955678);
#1393=LINE('',#1390,#1392);
#1394=EDGE_CURVE('NONE',#1387,#1389,#1393,.T.);
#1395=ORIENTED_EDGE('',*,*,#1394,.F.);
#1396=CARTESIAN_POINT('',(3.584125794,-2.634506042,12.13001124));
#1397=VERTEX_POINT('',#1396);
#1398=CARTESIAN_POINT('',(3.584125794,-2.556064274,12.13001124));
#1399=DIRECTION('',(-0.,-1.,-0.));
#1400=VECTOR('',#1399,0.078441768);
#1401=LINE('',#1398,#1400);
#1402=EDGE_CURVE('NONE',#1387,#1397,#1401,.T.);
#1403=ORIENTED_EDGE('',*,*,#1402,.T.);
#1404=CARTESIAN_POINT('',(3.584125794,-2.634506042,12.13001124));
#1405=DIRECTION('',(1.,-0.,-0.));
#1406=VECTOR('',#1405,1.177964436);
#1407=LINE('',#1404,#1406);
#1408=EDGE_CURVE('NONE',#1397,#1154,#1407,.T.);
#1409=ORIENTED_EDGE('',*,*,#1408,.T.);
#1410=ORIENTED_EDGE('',*,*,#1159,.T.);
#1411=CARTESIAN_POINT('',(3.584125794,1.399797028,12.13001124));
#1412=VERTEX_POINT('',#1411);
#1413=CARTESIAN_POINT('',(4.76209023,1.399797028,12.13001124));
#1414=DIRECTION('',(-1.,0.,0.));
#1415=VECTOR('',#1414,1.177964436);
#1416=LINE('',#1413,#1415);
#1417=EDGE_CURVE('NONE',#1146,#1412,#1416,.T.);
#1418=ORIENTED_EDGE('',*,*,#1417,.T.);
#1419=CARTESIAN_POINT('',(3.584125794,1.32135526,12.13001124));
#1420=VERTEX_POINT('',#1419);
#1421=CARTESIAN_POINT('',(3.584125794,1.399797028,12.13001124));
#1422=DIRECTION('',(-0.,-1.,-0.));
#1423=VECTOR('',#1422,0.078441768);
#1424=LINE('',#1421,#1423);
#1425=EDGE_CURVE('NONE',#1412,#1420,#1424,.T.);
#1426=ORIENTED_EDGE('',*,*,#1425,.T.);
#1427=CARTESIAN_POINT('',(4.251081472,1.32135526,12.13001124));
#1428=VERTEX_POINT('',#1427);
#1429=CARTESIAN_POINT('',(3.584125794,1.32135526,12.13001124));
#1430=DIRECTION('',(1.,-0.,-0.));
#1431=VECTOR('',#1430,0.666955678);
#1432=LINE('',#1429,#1431);
#1433=EDGE_CURVE('NONE',#1420,#1428,#1432,.T.);
#1434=ORIENTED_EDGE('',*,*,#1433,.T.);
#1435=CARTESIAN_POINT('',(4.251081472,0.216615616,12.13001124));
#1436=VERTEX_POINT('',#1435);
#1437=CARTESIAN_POINT('',(4.251081472,0.216615616,12.13001124));
#1438=DIRECTION('',(0.,1.,0.));
#1439=VECTOR('',#1438,1.104739644);
#1440=LINE('',#1437,#1439);
#1441=EDGE_CURVE('NONE',#1436,#1428,#1440,.T.);
#1442=ORIENTED_EDGE('',*,*,#1441,.F.);
#1443=CARTESIAN_POINT('',(3.438738205,0.216615616,12.13001124));
#1444=VERTEX_POINT('',#1443);
#1445=CARTESIAN_POINT('',(4.251081472,0.216615616,12.13001124));
#1446=DIRECTION('',(-1.,0.,0.));
#1447=VECTOR('',#1446,0.812343266);
#1448=LINE('',#1445,#1447);
#1449=EDGE_CURVE('NONE',#1436,#1444,#1448,.T.);
#1450=ORIENTED_EDGE('',*,*,#1449,.T.);
#1451=CARTESIAN_POINT('',(3.438738205,-1.45132463,12.13001124));
#1452=VERTEX_POINT('',#1451);
#1453=CARTESIAN_POINT('',(3.438738205,-1.45132463,12.13001124));
#1454=DIRECTION('',(0.,1.,0.));
#1455=VECTOR('',#1454,1.667940246);
#1456=LINE('',#1453,#1455);
#1457=EDGE_CURVE('NONE',#1452,#1444,#1456,.T.);
#1458=ORIENTED_EDGE('',*,*,#1457,.F.);
#1459=CARTESIAN_POINT('',(4.251081472,-1.45132463,12.13001124));
#1460=VERTEX_POINT('',#1459);
#1461=CARTESIAN_POINT('',(4.251081472,-1.45132463,12.13001124));
#1462=DIRECTION('',(-1.,-0.,0.));
#1463=VECTOR('',#1462,0.812343266);
#1464=LINE('',#1461,#1463);
#1465=EDGE_CURVE('NONE',#1460,#1452,#1464,.T.);
#1466=ORIENTED_EDGE('',*,*,#1465,.F.);
#1467=CARTESIAN_POINT('',(4.251081472,-2.556064274,12.13001124));
#1468=DIRECTION('',(0.,1.,0.));
#1469=VECTOR('',#1468,1.104739644);
#1470=LINE('',#1467,#1469);
#1471=EDGE_CURVE('NONE',#1389,#1460,#1470,.T.);
#1472=ORIENTED_EDGE('',*,*,#1471,.F.);
#1473=EDGE_LOOP('',(#1395,#1403,#1409,#1410,#1418,#1426,#1434,#1442,#1450,#1458,#1466,#1472));
#1474=FACE_BOUND('',#1473,.T.);
#1475=ADVANCED_FACE('NONE',(#1474),#1385,.F.);
#1476=CARTESIAN_POINT('',(-0.10290977,-0.617354507,8.82001124));
#1477=DIRECTION('',(0.,0.,-1.));
#1478=DIRECTION('',(-1.,0.,0.));
#1479=AXIS2_PLACEMENT_3D('',#1476,#1477,#1478);
#1480=PLANE('',#1479);
#1481=CARTESIAN_POINT('',(-1.376608221,1.080910095,8.82001124));
#1482=VERTEX_POINT('',#1481);
#1483=CARTESIAN_POINT('',(-4.96790977,1.080910095,8.82001124));
#1484=DIRECTION('',(1.,0.,-0.));
#1485=VECTOR('',#1484,3.591301549);
#1486=LINE('',#1483,#1485);
#1487=EDGE_CURVE('NONE',#1283,#1482,#1486,.T.);
#1488=ORIENTED_EDGE('',*,*,#1487,.F.);
#1489=ORIENTED_EDGE('',*,*,#1288,.F.);
#1490=ORIENTED_EDGE('',*,*,#1263,.F.);
#1491=ORIENTED_EDGE('',*,*,#1213,.F.);
#1492=CARTESIAN_POINT('',(1.170788681,1.080910095,8.82001124));
#1493=VERTEX_POINT('',#1492);
#1494=CARTESIAN_POINT('',(1.170788681,1.080910095,8.82001124));
#1495=DIRECTION('',(1.,0.,-0.));
#1496=VECTOR('',#1495,3.591301549);
#1497=LINE('',#1494,#1496);
#1498=EDGE_CURVE('NONE',#1493,#1202,#1497,.T.);
#1499=ORIENTED_EDGE('',*,*,#1498,.F.);
#1500=CARTESIAN_POINT('',(1.170788681,-2.315619108,8.82001124));
#1501=VERTEX_POINT('',#1500);
#1502=CARTESIAN_POINT('',(1.170788681,-2.315619108,8.82001124));
#1503=DIRECTION('',(0.,1.,0.));
#1504=VECTOR('',#1503,3.396529203);
#1505=LINE('',#1502,#1504);
#1506=EDGE_CURVE('NONE',#1501,#1493,#1505,.T.);
#1507=ORIENTED_EDGE('',*,*,#1506,.F.);
#1508=CARTESIAN_POINT('',(4.76209023,-2.315619108,8.82001124));
#1509=DIRECTION('',(-1.,-0.,0.));
#1510=VECTOR('',#1509,3.591301549);
#1511=LINE('',#1508,#1510);
#1512=EDGE_CURVE('NONE',#1178,#1501,#1511,.T.);
#1513=ORIENTED_EDGE('',*,*,#1512,.F.);
#1514=ORIENTED_EDGE('',*,*,#1183,.F.);
#1515=ORIENTED_EDGE('',*,*,#1360,.F.);
#1516=ORIENTED_EDGE('',*,*,#1320,.F.);
#1517=CARTESIAN_POINT('',(-1.376608221,-2.315619108,8.82001124));
#1518=VERTEX_POINT('',#1517);
#1519=CARTESIAN_POINT('',(-1.376608221,-2.315619108,8.82001124));
#1520=DIRECTION('',(-1.,-0.,0.));
#1521=VECTOR('',#1520,3.591301549);
#1522=LINE('',#1519,#1521);
#1523=EDGE_CURVE('NONE',#1518,#1307,#1522,.T.);
#1524=ORIENTED_EDGE('',*,*,#1523,.F.);
#1525=CARTESIAN_POINT('',(-1.376608221,1.080910095,8.82001124));
#1526=DIRECTION('',(-0.,-1.,-0.));
#1527=VECTOR('',#1526,3.396529203);
#1528=LINE('',#1525,#1527);
#1529=EDGE_CURVE('NONE',#1482,#1518,#1528,.T.);
#1530=ORIENTED_EDGE('',*,*,#1529,.F.);
#1531=EDGE_LOOP('',(#1488,#1489,#1490,#1491,#1499,#1507,#1513,#1514,#1515,#1516,#1524,#1530));
#1532=FACE_BOUND('',#1531,.T.);
#1533=ADVANCED_FACE('NONE',(#1532),#1480,.T.);
#1534=CARTESIAN_POINT('',(-0.10290977,-0.617354507,9.82001124));
#1535=DIRECTION('',(0.,0.,1.));
#1536=DIRECTION('',(1.,0.,0.));
#1537=AXIS2_PLACEMENT_3D('',#1534,#1535,#1536);
#1538=PLANE('',#1537);
#1539=ORIENTED_EDGE('',*,*,#1199,.F.);
#1540=CARTESIAN_POINT('',(5.01210147,-2.315619108,9.82001124));
#1541=VERTEX_POINT('',#1540);
#1542=CARTESIAN_POINT('',(5.01210147,-2.315619108,9.82001124));
#1543=DIRECTION('',(-1.,-0.,0.));
#1544=VECTOR('',#1543,0.25001124);
#1545=LINE('',#1542,#1544);
#1546=EDGE_CURVE('NONE',#1541,#1186,#1545,.T.);
#1547=ORIENTED_EDGE('',*,*,#1546,.F.);
#1548=CARTESIAN_POINT('',(5.01210147,1.080910095,9.82001124));
#1549=VERTEX_POINT('',#1548);
#1550=CARTESIAN_POINT('',(5.01210147,1.080910095,9.82001124));
#1551=DIRECTION('',(-0.,-1.,-0.));
#1552=VECTOR('',#1551,3.396529203);
#1553=LINE('',#1550,#1552);
#1554=EDGE_CURVE('NONE',#1549,#1541,#1553,.T.);
#1555=ORIENTED_EDGE('',*,*,#1554,.F.);
#1556=CARTESIAN_POINT('',(4.76209023,1.080910095,9.82001124));
#1557=DIRECTION('',(1.,0.,-0.));
#1558=VECTOR('',#1557,0.25001124);
#1559=LINE('',#1556,#1558);
#1560=EDGE_CURVE('NONE',#1194,#1549,#1559,.T.);
#1561=ORIENTED_EDGE('',*,*,#1560,.F.);
#1562=EDGE_LOOP('',(#1539,#1547,#1555,#1561));
#1563=FACE_BOUND('',#1562,.T.);
#1564=ADVANCED_FACE('NONE',(#1563),#1538,.T.);
#1565=OVER_RIDING_STYLED_ITEM('',(#806),#1564,#856);
#1566=CARTESIAN_POINT('',(1.170788681,1.080910095,9.82001124));
#1567=DIRECTION('',(0.,1.,0.));
#1568=DIRECTION('',(0.,0.,1.));
#1569=AXIS2_PLACEMENT_3D('',#1566,#1567,#1568);
#1570=PLANE('',#1569);
#1571=ORIENTED_EDGE('',*,*,#1207,.F.);
#1572=ORIENTED_EDGE('',*,*,#1560,.T.);
#1573=CARTESIAN_POINT('',(5.01210147,1.080910095,8.72001124));
#1574=VERTEX_POINT('',#1573);
#1575=CARTESIAN_POINT('',(5.01210147,1.080910095,9.82001124));
#1576=DIRECTION('',(-0.,-0.,-1.));
#1577=VECTOR('',#1576,1.1);
#1578=LINE('',#1575,#1577);
#1579=EDGE_CURVE('NONE',#1549,#1574,#1578,.T.);
#1580=ORIENTED_EDGE('',*,*,#1579,.T.);
#1581=CARTESIAN_POINT('',(1.170788681,1.080910095,8.72001124));
#1582=VERTEX_POINT('',#1581);
#1583=CARTESIAN_POINT('',(1.170788681,1.080910095,8.72001124));
#1584=DIRECTION('',(1.,0.,-0.));
#1585=VECTOR('',#1584,3.841312789);
#1586=LINE('',#1583,#1585);
#1587=EDGE_CURVE('NONE',#1582,#1574,#1586,.T.);
#1588=ORIENTED_EDGE('',*,*,#1587,.F.);
#1589=CARTESIAN_POINT('',(1.170788681,1.080910095,8.82001124));
#1590=DIRECTION('',(-0.,-0.,-1.));
#1591=VECTOR('',#1590,0.1);
#1592=LINE('',#1589,#1591);
#1593=EDGE_CURVE('NONE',#1493,#1582,#1592,.T.);
#1594=ORIENTED_EDGE('',*,*,#1593,.F.);
#1595=ORIENTED_EDGE('',*,*,#1498,.T.);
#1596=EDGE_LOOP('',(#1571,#1572,#1580,#1588,#1594,#1595));
#1597=FACE_BOUND('',#1596,.T.);
#1598=ADVANCED_FACE('NONE',(#1597),#1570,.T.);
#1599=OVER_RIDING_STYLED_ITEM('',(#806),#1598,#856);
#1600=CARTESIAN_POINT('',(1.170788681,-2.315619108,9.82001124));
#1601=DIRECTION('',(0.,-1.,0.));
#1602=DIRECTION('',(0.,0.,-1.));
#1603=AXIS2_PLACEMENT_3D('',#1600,#1601,#1602);
#1604=PLANE('',#1603);
#1605=ORIENTED_EDGE('',*,*,#1191,.F.);
#1606=ORIENTED_EDGE('',*,*,#1512,.T.);
#1607=CARTESIAN_POINT('',(1.170788681,-2.315619108,8.72001124));
#1608=VERTEX_POINT('',#1607);
#1609=CARTESIAN_POINT('',(1.170788681,-2.315619108,8.82001124));
#1610=DIRECTION('',(0.,0.,-1.));
#1611=VECTOR('',#1610,0.1);
#1612=LINE('',#1609,#1611);
#1613=EDGE_CURVE('NONE',#1501,#1608,#1612,.T.);
#1614=ORIENTED_EDGE('',*,*,#1613,.T.);
#1615=CARTESIAN_POINT('',(5.01210147,-2.315619108,8.72001124));
#1616=VERTEX_POINT('',#1615);
#1617=CARTESIAN_POINT('',(5.01210147,-2.315619108,8.72001124));
#1618=DIRECTION('',(-1.,-0.,0.));
#1619=VECTOR('',#1618,3.841312789);
#1620=LINE('',#1617,#1619);
#1621=EDGE_CURVE('NONE',#1616,#1608,#1620,.T.);
#1622=ORIENTED_EDGE('',*,*,#1621,.F.);
#1623=CARTESIAN_POINT('',(5.01210147,-2.315619108,9.82001124));
#1624=DIRECTION('',(0.,0.,-1.));
#1625=VECTOR('',#1624,1.1);
#1626=LINE('',#1623,#1625);
#1627=EDGE_CURVE('NONE',#1541,#1616,#1626,.T.);
#1628=ORIENTED_EDGE('',*,*,#1627,.F.);
#1629=ORIENTED_EDGE('',*,*,#1546,.T.);
#1630=EDGE_LOOP('',(#1605,#1606,#1614,#1622,#1628,#1629));
#1631=FACE_BOUND('',#1630,.T.);
#1632=ADVANCED_FACE('NONE',(#1631),#1604,.T.);
#1633=OVER_RIDING_STYLED_ITEM('',(#806),#1632,#856);
#1634=CARTESIAN_POINT('',(5.01210147,1.080910095,9.82001124));
#1635=DIRECTION('',(1.,0.,0.));
#1636=DIRECTION('',(0.,0.,-1.));
#1637=AXIS2_PLACEMENT_3D('',#1634,#1635,#1636);
#1638=PLANE('',#1637);
#1639=ORIENTED_EDGE('',*,*,#1627,.T.);
#1640=CARTESIAN_POINT('',(5.01210147,1.080910095,8.72001124));
#1641=DIRECTION('',(-0.,-1.,-0.));
#1642=VECTOR('',#1641,3.396529203);
#1643=LINE('',#1640,#1642);
#1644=EDGE_CURVE('NONE',#1574,#1616,#1643,.T.);
#1645=ORIENTED_EDGE('',*,*,#1644,.F.);
#1646=ORIENTED_EDGE('',*,*,#1579,.F.);
#1647=ORIENTED_EDGE('',*,*,#1554,.T.);
#1648=EDGE_LOOP('',(#1639,#1645,#1646,#1647));
#1649=FACE_BOUND('',#1648,.T.);
#1650=ADVANCED_FACE('NONE',(#1649),#1638,.T.);
#1651=OVER_RIDING_STYLED_ITEM('',(#806),#1650,#856);
#1652=CARTESIAN_POINT('',(1.170788681,1.080910095,9.82001124));
#1653=DIRECTION('',(-1.,0.,0.));
#1654=DIRECTION('',(0.,0.,1.));
#1655=AXIS2_PLACEMENT_3D('',#1652,#1653,#1654);
#1656=PLANE('',#1655);
#1657=ORIENTED_EDGE('',*,*,#1613,.F.);
#1658=ORIENTED_EDGE('',*,*,#1506,.T.);
#1659=ORIENTED_EDGE('',*,*,#1593,.T.);
#1660=CARTESIAN_POINT('',(1.170788681,-2.315619108,8.72001124));
#1661=DIRECTION('',(0.,1.,0.));
#1662=VECTOR('',#1661,3.396529203);
#1663=LINE('',#1660,#1662);
#1664=EDGE_CURVE('NONE',#1608,#1582,#1663,.T.);
#1665=ORIENTED_EDGE('',*,*,#1664,.F.);
#1666=EDGE_LOOP('',(#1657,#1658,#1659,#1665));
#1667=FACE_BOUND('',#1666,.T.);
#1668=ADVANCED_FACE('NONE',(#1667),#1656,.T.);
#1669=OVER_RIDING_STYLED_ITEM('',(#806),#1668,#856);
#1670=CARTESIAN_POINT('',(-0.10290977,-0.617354507,8.72001124));
#1671=DIRECTION('',(0.,0.,1.));
#1672=DIRECTION('',(1.,0.,0.));
#1673=AXIS2_PLACEMENT_3D('',#1670,#1671,#1672);
#1674=PLANE('',#1673);
#1675=ORIENTED_EDGE('',*,*,#1644,.T.);
#1676=ORIENTED_EDGE('',*,*,#1621,.T.);
#1677=ORIENTED_EDGE('',*,*,#1664,.T.);
#1678=ORIENTED_EDGE('',*,*,#1587,.T.);
#1679=EDGE_LOOP('',(#1675,#1676,#1677,#1678));
#1680=FACE_BOUND('',#1679,.T.);
#1681=ADVANCED_FACE('NONE',(#1680),#1674,.F.);
#1682=OVER_RIDING_STYLED_ITEM('',(#806),#1681,#856);
#1683=CARTESIAN_POINT('',(-0.10290977,-0.617354507,9.82001124));
#1684=DIRECTION('',(0.,0.,1.));
#1685=DIRECTION('',(1.,0.,0.));
#1686=AXIS2_PLACEMENT_3D('',#1683,#1684,#1685);
#1687=PLANE('',#1686);
#1688=ORIENTED_EDGE('',*,*,#1304,.F.);
#1689=CARTESIAN_POINT('',(-5.217921011,1.080910095,9.82001124));
#1690=VERTEX_POINT('',#1689);
#1691=CARTESIAN_POINT('',(-5.217921011,1.080910095,9.82001124));
#1692=DIRECTION('',(1.,0.,-0.));
#1693=VECTOR('',#1692,0.25001124);
#1694=LINE('',#1691,#1693);
#1695=EDGE_CURVE('NONE',#1690,#1291,#1694,.T.);
#1696=ORIENTED_EDGE('',*,*,#1695,.F.);
#1697=CARTESIAN_POINT('',(-5.217921011,-2.315619108,9.82001124));
#1698=VERTEX_POINT('',#1697);
#1699=CARTESIAN_POINT('',(-5.217921011,-2.315619108,9.82001124));
#1700=DIRECTION('',(0.,1.,0.));
#1701=VECTOR('',#1700,3.396529203);
#1702=LINE('',#1699,#1701);
#1703=EDGE_CURVE('NONE',#1698,#1690,#1702,.T.);
#1704=ORIENTED_EDGE('',*,*,#1703,.F.);
#1705=CARTESIAN_POINT('',(-4.96790977,-2.315619108,9.82001124));
#1706=DIRECTION('',(-1.,-0.,0.));
#1707=VECTOR('',#1706,0.25001124);
#1708=LINE('',#1705,#1707);
#1709=EDGE_CURVE('NONE',#1299,#1698,#1708,.T.);
#1710=ORIENTED_EDGE('',*,*,#1709,.F.);
#1711=EDGE_LOOP('',(#1688,#1696,#1704,#1710));
#1712=FACE_BOUND('',#1711,.T.);
#1713=ADVANCED_FACE('NONE',(#1712),#1687,.T.);
#1714=OVER_RIDING_STYLED_ITEM('',(#806),#1713,#856);
#1715=CARTESIAN_POINT('',(-1.376608221,1.080910095,9.82001124));
#1716=DIRECTION('',(0.,1.,0.));
#1717=DIRECTION('',(0.,0.,1.));
#1718=AXIS2_PLACEMENT_3D('',#1715,#1716,#1717);
#1719=PLANE('',#1718);
#1720=ORIENTED_EDGE('',*,*,#1296,.F.);
#1721=ORIENTED_EDGE('',*,*,#1487,.T.);
#1722=CARTESIAN_POINT('',(-1.376608221,1.080910095,8.72001124));
#1723=VERTEX_POINT('',#1722);
#1724=CARTESIAN_POINT('',(-1.376608221,1.080910095,8.82001124));
#1725=DIRECTION('',(-0.,-0.,-1.));
#1726=VECTOR('',#1725,0.1);
#1727=LINE('',#1724,#1726);
#1728=EDGE_CURVE('NONE',#1482,#1723,#1727,.T.);
#1729=ORIENTED_EDGE('',*,*,#1728,.T.);
#1730=CARTESIAN_POINT('',(-5.217921011,1.080910095,8.72001124));
#1731=VERTEX_POINT('',#1730);
#1732=CARTESIAN_POINT('',(-5.217921011,1.080910095,8.72001124));
#1733=DIRECTION('',(1.,0.,-0.));
#1734=VECTOR('',#1733,3.841312789);
#1735=LINE('',#1732,#1734);
#1736=EDGE_CURVE('NONE',#1731,#1723,#1735,.T.);
#1737=ORIENTED_EDGE('',*,*,#1736,.F.);
#1738=CARTESIAN_POINT('',(-5.217921011,1.080910095,9.82001124));
#1739=DIRECTION('',(-0.,-0.,-1.));
#1740=VECTOR('',#1739,1.1);
#1741=LINE('',#1738,#1740);
#1742=EDGE_CURVE('NONE',#1690,#1731,#1741,.T.);
#1743=ORIENTED_EDGE('',*,*,#1742,.F.);
#1744=ORIENTED_EDGE('',*,*,#1695,.T.);
#1745=EDGE_LOOP('',(#1720,#1721,#1729,#1737,#1743,#1744));
#1746=FACE_BOUND('',#1745,.T.);
#1747=ADVANCED_FACE('NONE',(#1746),#1719,.T.);
#1748=OVER_RIDING_STYLED_ITEM('',(#806),#1747,#856);
#1749=CARTESIAN_POINT('',(-1.376608221,-2.315619108,9.82001124));
#1750=DIRECTION('',(0.,-1.,0.));
#1751=DIRECTION('',(0.,0.,-1.));
#1752=AXIS2_PLACEMENT_3D('',#1749,#1750,#1751);
#1753=PLANE('',#1752);
#1754=ORIENTED_EDGE('',*,*,#1312,.F.);
#1755=ORIENTED_EDGE('',*,*,#1709,.T.);
#1756=CARTESIAN_POINT('',(-5.217921011,-2.315619108,8.72001124));
#1757=VERTEX_POINT('',#1756);
#1758=CARTESIAN_POINT('',(-5.217921011,-2.315619108,9.82001124));
#1759=DIRECTION('',(0.,0.,-1.));
#1760=VECTOR('',#1759,1.1);
#1761=LINE('',#1758,#1760);
#1762=EDGE_CURVE('NONE',#1698,#1757,#1761,.T.);
#1763=ORIENTED_EDGE('',*,*,#1762,.T.);
#1764=CARTESIAN_POINT('',(-1.376608221,-2.315619108,8.72001124));
#1765=VERTEX_POINT('',#1764);
#1766=CARTESIAN_POINT('',(-1.376608221,-2.315619108,8.72001124));
#1767=DIRECTION('',(-1.,-0.,0.));
#1768=VECTOR('',#1767,3.841312789);
#1769=LINE('',#1766,#1768);
#1770=EDGE_CURVE('NONE',#1765,#1757,#1769,.T.);
#1771=ORIENTED_EDGE('',*,*,#1770,.F.);
#1772=CARTESIAN_POINT('',(-1.376608221,-2.315619108,8.82001124));
#1773=DIRECTION('',(0.,0.,-1.));
#1774=VECTOR('',#1773,0.1);
#1775=LINE('',#1772,#1774);
#1776=EDGE_CURVE('NONE',#1518,#1765,#1775,.T.);
#1777=ORIENTED_EDGE('',*,*,#1776,.F.);
#1778=ORIENTED_EDGE('',*,*,#1523,.T.);
#1779=EDGE_LOOP('',(#1754,#1755,#1763,#1771,#1777,#1778));
#1780=FACE_BOUND('',#1779,.T.);
#1781=ADVANCED_FACE('NONE',(#1780),#1753,.T.);
#1782=OVER_RIDING_STYLED_ITEM('',(#806),#1781,#856);
#1783=CARTESIAN_POINT('',(-5.217921011,1.080910095,9.82001124));
#1784=DIRECTION('',(-1.,0.,0.));
#1785=DIRECTION('',(0.,0.,1.));
#1786=AXIS2_PLACEMENT_3D('',#1783,#1784,#1785);
#1787=PLANE('',#1786);
#1788=ORIENTED_EDGE('',*,*,#1742,.T.);
#1789=CARTESIAN_POINT('',(-5.217921011,-2.315619108,8.72001124));
#1790=DIRECTION('',(0.,1.,0.));
#1791=VECTOR('',#1790,3.396529203);
#1792=LINE('',#1789,#1791);
#1793=EDGE_CURVE('NONE',#1757,#1731,#1792,.T.);
#1794=ORIENTED_EDGE('',*,*,#1793,.F.);
#1795=ORIENTED_EDGE('',*,*,#1762,.F.);
#1796=ORIENTED_EDGE('',*,*,#1703,.T.);
#1797=EDGE_LOOP('',(#1788,#1794,#1795,#1796));
#1798=FACE_BOUND('',#1797,.T.);
#1799=ADVANCED_FACE('NONE',(#1798),#1787,.T.);
#1800=OVER_RIDING_STYLED_ITEM('',(#806),#1799,#856);
#1801=CARTESIAN_POINT('',(-1.376608221,1.080910095,9.82001124));
#1802=DIRECTION('',(1.,0.,0.));
#1803=DIRECTION('',(0.,0.,-1.));
#1804=AXIS2_PLACEMENT_3D('',#1801,#1802,#1803);
#1805=PLANE('',#1804);
#1806=ORIENTED_EDGE('',*,*,#1728,.F.);
#1807=ORIENTED_EDGE('',*,*,#1529,.T.);
#1808=ORIENTED_EDGE('',*,*,#1776,.T.);
#1809=CARTESIAN_POINT('',(-1.376608221,1.080910095,8.72001124));
#1810=DIRECTION('',(-0.,-1.,-0.));
#1811=VECTOR('',#1810,3.396529203);
#1812=LINE('',#1809,#1811);
#1813=EDGE_CURVE('NONE',#1723,#1765,#1812,.T.);
#1814=ORIENTED_EDGE('',*,*,#1813,.F.);
#1815=EDGE_LOOP('',(#1806,#1807,#1808,#1814));
#1816=FACE_BOUND('',#1815,.T.);
#1817=ADVANCED_FACE('NONE',(#1816),#1805,.T.);
#1818=OVER_RIDING_STYLED_ITEM('',(#806),#1817,#856);
#1819=CARTESIAN_POINT('',(-0.10290977,-0.617354507,8.72001124));
#1820=DIRECTION('',(0.,0.,1.));
#1821=DIRECTION('',(1.,0.,0.));
#1822=AXIS2_PLACEMENT_3D('',#1819,#1820,#1821);
#1823=PLANE('',#1822);
#1824=ORIENTED_EDGE('',*,*,#1736,.T.);
#1825=ORIENTED_EDGE('',*,*,#1813,.T.);
#1826=ORIENTED_EDGE('',*,*,#1770,.T.);
#1827=ORIENTED_EDGE('',*,*,#1793,.T.);
#1828=EDGE_LOOP('',(#1824,#1825,#1826,#1827));
#1829=FACE_BOUND('',#1828,.T.);
#1830=ADVANCED_FACE('NONE',(#1829),#1823,.F.);
#1831=OVER_RIDING_STYLED_ITEM('',(#806),#1830,#856);
#1832=CARTESIAN_POINT('',(-5.217921011,-3.132354507,10.47501124));
#1833=DIRECTION('',(0.,0.957611271,-0.288063626));
#1834=DIRECTION('',(0.,0.288063626,0.957611271));
#1835=AXIS2_PLACEMENT_3D('',#1832,#1833,#1834);
#1836=PLANE('',#1835);
#1837=ORIENTED_EDGE('',*,*,#1408,.F.);
#1838=CARTESIAN_POINT('',(2.834125794,-2.860117129,11.38001124));
#1839=VERTEX_POINT('',#1838);
#1840=CARTESIAN_POINT('',(3.584125794,-2.634506042,12.13001124));
#1841=CARTESIAN_POINT('',(3.144785966,-2.634506042,12.13001124));
#1842=CARTESIAN_POINT('',(2.834125794,-2.727957214,11.819351068));
#1843=CARTESIAN_POINT('',(2.834125794,-2.860117129,11.38001124));
#1844=(BOUNDED_CURVE()
B_SPLINE_CURVE(3,(#1840,#1841,#1842,#1843),.UNSPECIFIED.,.F.,.F.)
B_SPLINE_CURVE_WITH_KNOTS((4,4),(0.,1.570796327),.UNSPECIFIED.)
CURVE()
GEOMETRIC_REPRESENTATION_ITEM()
RATIONAL_B_SPLINE_CURVE((1.,0.804737854,0.804737854,1.))
REPRESENTATION_ITEM(''));
#1845=EDGE_CURVE('NONE',#1397,#1839,#1844,.T.);
#1846=ORIENTED_EDGE('',*,*,#1845,.T.);
#1847=CARTESIAN_POINT('',(2.834125794,-3.040605998,10.78001124));
#1848=VERTEX_POINT('',#1847);
#1849=CARTESIAN_POINT('',(2.834125794,-2.860117129,11.38001124));
#1850=DIRECTION('',(-0.,-0.288063626,-0.957611271));
#1851=VECTOR('',#1850,0.626559041);
#1852=LINE('',#1849,#1851);
#1853=EDGE_CURVE('NONE',#1839,#1848,#1852,.T.);
#1854=ORIENTED_EDGE('',*,*,#1853,.T.);
#1855=CARTESIAN_POINT('',(2.834125794,-3.040605998,10.78001124));
#1856=CARTESIAN_POINT('',(2.834125794,-3.07233387,10.674538125));
#1857=CARTESIAN_POINT('',(2.812200651,-3.103368665,10.571369011));
#1858=CARTESIAN_POINT('',(2.769308251,-3.132354507,10.47501124));
#1859=(BOUNDED_CURVE()
B_SPLINE_CURVE(3,(#1855,#1856,#1857,#1858),.UNSPECIFIED.,.F.,.F.)
B_SPLINE_CURVE_WITH_KNOTS((4,4),(1.570796327,1.98959875),.UNSPECIFIED.)
CURVE()
GEOMETRIC_REPRESENTATION_ITEM()
RATIONAL_B_SPLINE_CURVE((1.,0.985437042,0.985437042,1.))
REPRESENTATION_ITEM(''));
#1860=EDGE_CURVE('NONE',#1848,#1364,#1859,.T.);
#1861=ORIENTED_EDGE('',*,*,#1860,.T.);
#1862=ORIENTED_EDGE('',*,*,#1369,.T.);
#1863=ORIENTED_EDGE('',*,*,#1167,.T.);
#1864=EDGE_LOOP('',(#1837,#1846,#1854,#1861,#1862,#1863));
#1865=FACE_BOUND('',#1864,.T.);
#1866=ADVANCED_FACE('NONE',(#1865),#1836,.F.);
#1867=CARTESIAN_POINT('',(-5.217921011,1.897645493,10.47501124));
#1868=DIRECTION('',(0.,-0.957611271,-0.288063626));
#1869=DIRECTION('',(0.,0.288063626,-0.957611271));
#1870=AXIS2_PLACEMENT_3D('',#1867,#1868,#1869);
#1871=PLANE('',#1870);
#1872=ORIENTED_EDGE('',*,*,#926,.T.);
#1873=CARTESIAN_POINT('',(2.834125794,1.625408115,11.38001124));
#1874=CARTESIAN_POINT('',(2.834125794,1.4932482,11.819351068));
#1875=CARTESIAN_POINT('',(3.144785966,1.399797028,12.13001124));
#1876=CARTESIAN_POINT('',(3.584125794,1.399797028,12.13001124));
#1877=(BOUNDED_CURVE()
B_SPLINE_CURVE(3,(#1873,#1874,#1875,#1876),.UNSPECIFIED.,.F.,.F.)
B_SPLINE_CURVE_WITH_KNOTS((4,4),(1.570796327,3.141592654),.UNSPECIFIED.)
CURVE()
GEOMETRIC_REPRESENTATION_ITEM()
RATIONAL_B_SPLINE_CURVE((1.,0.804737854,0.804737854,1.))
REPRESENTATION_ITEM(''));
#1878=EDGE_CURVE('NONE',#913,#1412,#1877,.T.);
#1879=ORIENTED_EDGE('',*,*,#1878,.T.);
#1880=ORIENTED_EDGE('',*,*,#1417,.F.);
#1881=ORIENTED_EDGE('',*,*,#1151,.T.);
#1882=ORIENTED_EDGE('',*,*,#1254,.F.);
#1883=CARTESIAN_POINT('',(2.769308251,1.897645493,10.47501124));
#1884=CARTESIAN_POINT('',(2.812200651,1.868659651,10.571369011));
#1885=CARTESIAN_POINT('',(2.834125794,1.837624857,10.674538125));
#1886=CARTESIAN_POINT('',(2.834125794,1.805896985,10.78001124));
#1887=(BOUNDED_CURVE()
B_SPLINE_CURVE(3,(#1883,#1884,#1885,#1886),.UNSPECIFIED.,.F.,.F.)
B_SPLINE_CURVE_WITH_KNOTS((4,4),(1.151993904,1.570796327),.UNSPECIFIED.)
CURVE()
GEOMETRIC_REPRESENTATION_ITEM()
RATIONAL_B_SPLINE_CURVE((1.,0.985437042,0.985437042,1.))
REPRESENTATION_ITEM(''));
#1888=EDGE_CURVE('NONE',#1242,#921,#1887,.T.);
#1889=ORIENTED_EDGE('',*,*,#1888,.T.);
#1890=EDGE_LOOP('',(#1872,#1879,#1880,#1881,#1882,#1889));
#1891=FACE_BOUND('',#1890,.T.);
#1892=ADVANCED_FACE('NONE',(#1891),#1871,.F.);
#1893=CARTESIAN_POINT('',(-0.10290977,-0.617354507,10.03001124));
#1894=DIRECTION('',(0.,0.,1.));
#1895=DIRECTION('',(1.,0.,0.));
#1896=AXIS2_PLACEMENT_3D('',#1893,#1894,#1895);
#1897=PLANE('',#1896);
#1898=ORIENTED_EDGE('',*,*,#1239,.T.);
#1899=CARTESIAN_POINT('',(-2.289945334,1.32135526,10.03001124));
#1900=VERTEX_POINT('',#1899);
#1901=CARTESIAN_POINT('',(-2.289945334,1.897645493,10.03001124));
#1902=DIRECTION('',(-0.,-1.,-0.));
#1903=VECTOR('',#1902,0.576290233);
#1904=LINE('',#1901,#1903);
#1905=EDGE_CURVE('NONE',#1225,#1900,#1904,.T.);
#1906=ORIENTED_EDGE('',*,*,#1905,.T.);
#1907=CARTESIAN_POINT('',(-4.456901012,1.32135526,10.03001124));
#1908=VERTEX_POINT('',#1907);
#1909=CARTESIAN_POINT('',(-4.456901012,1.32135526,10.03001124));
#1910=DIRECTION('',(1.,0.,-0.));
#1911=VECTOR('',#1910,2.166955678);
#1912=LINE('',#1909,#1911);
#1913=EDGE_CURVE('NONE',#1908,#1900,#1912,.T.);
#1914=ORIENTED_EDGE('',*,*,#1913,.F.);
#1915=CARTESIAN_POINT('',(-4.456901012,0.216615616,10.03001124));
#1916=VERTEX_POINT('',#1915);
#1917=CARTESIAN_POINT('',(-4.456901012,0.216615616,10.03001124));
#1918=DIRECTION('',(0.,1.,0.));
#1919=VECTOR('',#1918,1.104739644);
#1920=LINE('',#1917,#1919);
#1921=EDGE_CURVE('NONE',#1916,#1908,#1920,.T.);
#1922=ORIENTED_EDGE('',*,*,#1921,.F.);
#1923=CARTESIAN_POINT('',(-3.644557746,0.216615616,10.03001124));
#1924=VERTEX_POINT('',#1923);
#1925=CARTESIAN_POINT('',(-4.456901012,0.216615616,10.03001124));
#1926=DIRECTION('',(1.,0.,-0.));
#1927=VECTOR('',#1926,0.812343266);
#1928=LINE('',#1925,#1927);
#1929=EDGE_CURVE('NONE',#1916,#1924,#1928,.T.);
#1930=ORIENTED_EDGE('',*,*,#1929,.T.);
#1931=CARTESIAN_POINT('',(-3.644557746,-1.45132463,10.03001124));
#1932=VERTEX_POINT('',#1931);
#1933=CARTESIAN_POINT('',(-3.644557746,-1.45132463,10.03001124));
#1934=DIRECTION('',(0.,1.,0.));
#1935=VECTOR('',#1934,1.667940246);
#1936=LINE('',#1933,#1935);
#1937=EDGE_CURVE('NONE',#1932,#1924,#1936,.T.);
#1938=ORIENTED_EDGE('',*,*,#1937,.F.);
#1939=CARTESIAN_POINT('',(-4.456901012,-1.45132463,10.03001124));
#1940=VERTEX_POINT('',#1939);
#1941=CARTESIAN_POINT('',(-4.456901012,-1.45132463,10.03001124));
#1942=DIRECTION('',(1.,0.,-0.));
#1943=VECTOR('',#1942,0.812343266);
#1944=LINE('',#1941,#1943);
#1945=EDGE_CURVE('NONE',#1940,#1932,#1944,.T.);
#1946=ORIENTED_EDGE('',*,*,#1945,.F.);
#1947=CARTESIAN_POINT('',(-4.456901012,-2.556064274,10.03001124));
#1948=VERTEX_POINT('',#1947);
#1949=CARTESIAN_POINT('',(-4.456901012,-2.556064274,10.03001124));
#1950=DIRECTION('',(0.,1.,0.));
#1951=VECTOR('',#1950,1.104739644);
#1952=LINE('',#1949,#1951);
#1953=EDGE_CURVE('NONE',#1948,#1940,#1952,.T.);
#1954=ORIENTED_EDGE('',*,*,#1953,.F.);
#1955=CARTESIAN_POINT('',(-2.289945334,-2.556064274,10.03001124));
#1956=VERTEX_POINT('',#1955);
#1957=CARTESIAN_POINT('',(-4.456901012,-2.556064274,10.03001124));
#1958=DIRECTION('',(1.,0.,-0.));
#1959=VECTOR('',#1958,2.166955678);
#1960=LINE('',#1957,#1959);
#1961=EDGE_CURVE('NONE',#1948,#1956,#1960,.T.);
#1962=ORIENTED_EDGE('',*,*,#1961,.T.);
#1963=CARTESIAN_POINT('',(-2.289945334,-2.556064274,10.03001124));
#1964=DIRECTION('',(-0.,-1.,-0.));
#1965=VECTOR('',#1964,0.576290233);
#1966=LINE('',#1963,#1965);
#1967=EDGE_CURVE('NONE',#1956,#1338,#1966,.T.);
#1968=ORIENTED_EDGE('',*,*,#1967,.T.);
#1969=ORIENTED_EDGE('',*,*,#1345,.T.);
#1970=CARTESIAN_POINT('',(2.084125794,-2.556064274,10.03001124));
#1971=VERTEX_POINT('',#1970);
#1972=CARTESIAN_POINT('',(2.084125794,-3.132354507,10.03001124));
#1973=DIRECTION('',(0.,1.,0.));
#1974=VECTOR('',#1973,0.576290233);
#1975=LINE('',#1972,#1974);
#1976=EDGE_CURVE('NONE',#1340,#1971,#1975,.T.);
#1977=ORIENTED_EDGE('',*,*,#1976,.T.);
#1978=CARTESIAN_POINT('',(4.251081472,-2.556064274,10.03001124));
#1979=VERTEX_POINT('',#1978);
#1980=CARTESIAN_POINT('',(2.084125794,-2.556064274,10.03001124));
#1981=DIRECTION('',(1.,0.,-0.));
#1982=VECTOR('',#1981,2.166955678);
#1983=LINE('',#1980,#1982);
#1984=EDGE_CURVE('NONE',#1971,#1979,#1983,.T.);
#1985=ORIENTED_EDGE('',*,*,#1984,.T.);
#1986=CARTESIAN_POINT('',(4.251081472,-1.45132463,10.03001124));
#1987=VERTEX_POINT('',#1986);
#1988=CARTESIAN_POINT('',(4.251081472,-2.556064274,10.03001124));
#1989=DIRECTION('',(0.,1.,0.));
#1990=VECTOR('',#1989,1.104739644);
#1991=LINE('',#1988,#1990);
#1992=EDGE_CURVE('NONE',#1979,#1987,#1991,.T.);
#1993=ORIENTED_EDGE('',*,*,#1992,.T.);
#1994=CARTESIAN_POINT('',(3.438738205,-1.45132463,10.03001124));
#1995=VERTEX_POINT('',#1994);
#1996=CARTESIAN_POINT('',(4.251081472,-1.45132463,10.03001124));
#1997=DIRECTION('',(-1.,-0.,0.));
#1998=VECTOR('',#1997,0.812343266);
#1999=LINE('',#1996,#1998);
#2000=EDGE_CURVE('NONE',#1987,#1995,#1999,.T.);
#2001=ORIENTED_EDGE('',*,*,#2000,.T.);
#2002=CARTESIAN_POINT('',(3.438738205,0.216615616,10.03001124));
#2003=VERTEX_POINT('',#2002);
#2004=CARTESIAN_POINT('',(3.438738205,-1.45132463,10.03001124));
#2005=DIRECTION('',(0.,1.,0.));
#2006=VECTOR('',#2005,1.667940246);
#2007=LINE('',#2004,#2006);
#2008=EDGE_CURVE('NONE',#1995,#2003,#2007,.T.);
#2009=ORIENTED_EDGE('',*,*,#2008,.T.);
#2010=CARTESIAN_POINT('',(4.251081472,0.216615616,10.03001124));
#2011=VERTEX_POINT('',#2010);
#2012=CARTESIAN_POINT('',(4.251081472,0.216615616,10.03001124));
#2013=DIRECTION('',(-1.,-0.,0.));
#2014=VECTOR('',#2013,0.812343266);
#2015=LINE('',#2012,#2014);
#2016=EDGE_CURVE('NONE',#2011,#2003,#2015,.T.);
#2017=ORIENTED_EDGE('',*,*,#2016,.F.);
#2018=CARTESIAN_POINT('',(4.251081472,1.32135526,10.03001124));
#2019=VERTEX_POINT('',#2018);
#2020=CARTESIAN_POINT('',(4.251081472,0.216615616,10.03001124));
#2021=DIRECTION('',(0.,1.,0.));
#2022=VECTOR('',#2021,1.104739644);
#2023=LINE('',#2020,#2022);
#2024=EDGE_CURVE('NONE',#2011,#2019,#2023,.T.);
#2025=ORIENTED_EDGE('',*,*,#2024,.T.);
#2026=CARTESIAN_POINT('',(2.084125794,1.32135526,10.03001124));
#2027=VERTEX_POINT('',#2026);
#2028=CARTESIAN_POINT('',(2.084125794,1.32135526,10.03001124));
#2029=DIRECTION('',(1.,0.,-0.));
#2030=VECTOR('',#2029,2.166955678);
#2031=LINE('',#2028,#2030);
#2032=EDGE_CURVE('NONE',#2027,#2019,#2031,.T.);
#2033=ORIENTED_EDGE('',*,*,#2032,.F.);
#2034=CARTESIAN_POINT('',(2.084125794,1.32135526,10.03001124));
#2035=DIRECTION('',(0.,1.,0.));
#2036=VECTOR('',#2035,0.576290233);
#2037=LINE('',#2034,#2036);
#2038=EDGE_CURVE('NONE',#2027,#1234,#2037,.T.);
#2039=ORIENTED_EDGE('',*,*,#2038,.T.);
#2040=EDGE_LOOP('',(#1898,#1906,#1914,#1922,#1930,#1938,#1946,#1954,#1962,#1968,#1969,#1977,#1985,#1993,#2001,#2009,#2017,#2025,#2033,#2039));
#2041=FACE_BOUND('',#2040,.T.);
#2042=ADVANCED_FACE('NONE',(#2041),#1897,.T.);
#2043=CARTESIAN_POINT('',(-3.039945334,-3.532745862,10.03001124));
#2044=DIRECTION('',(-1.,0.,0.));
#2045=DIRECTION('',(0.,0.,1.));
#2046=AXIS2_PLACEMENT_3D('',#2043,#2044,#2045);
#2047=PLANE('',#2046);
#2048=CARTESIAN_POINT('',(-3.039945334,-2.556064274,10.78001124));
#2049=VERTEX_POINT('',#2048);
#2050=CARTESIAN_POINT('',(-3.039945334,-2.556064274,11.38001124));
#2051=VERTEX_POINT('',#2050);
#2052=CARTESIAN_POINT('',(-3.039945334,-2.556064274,10.78001124));
#2053=DIRECTION('',(0.,0.,1.));
#2054=VECTOR('',#2053,0.6);
#2055=LINE('',#2052,#2054);
#2056=EDGE_CURVE('NONE',#2049,#2051,#2055,.T.);
#2057=ORIENTED_EDGE('',*,*,#2056,.T.);
#2058=CARTESIAN_POINT('',(-3.039945334,-2.556064274,11.38001124));
#2059=DIRECTION('',(-0.,-1.,-0.));
#2060=VECTOR('',#2059,0.304052855);
#2061=LINE('',#2058,#2060);
#2062=EDGE_CURVE('NONE',#2051,#1049,#2061,.T.);
#2063=ORIENTED_EDGE('',*,*,#2062,.T.);
#2064=ORIENTED_EDGE('',*,*,#1054,.F.);
#2065=CARTESIAN_POINT('',(-3.039945334,-3.040605998,10.78001124));
#2066=DIRECTION('',(0.,1.,0.));
#2067=VECTOR('',#2066,0.484541725);
#2068=LINE('',#2065,#2067);
#2069=EDGE_CURVE('NONE',#1047,#2049,#2068,.T.);
#2070=ORIENTED_EDGE('',*,*,#2069,.T.);
#2071=EDGE_LOOP('',(#2057,#2063,#2064,#2070));
#2072=FACE_BOUND('',#2071,.T.);
#2073=ADVANCED_FACE('NONE',(#2072),#2047,.F.);
#2074=CARTESIAN_POINT('',(2.834125794,-3.532745862,10.03001124));
#2075=DIRECTION('',(1.,0.,0.));
#2076=DIRECTION('',(0.,0.,-1.));
#2077=AXIS2_PLACEMENT_3D('',#2074,#2075,#2076);
#2078=PLANE('',#2077);
#2079=ORIENTED_EDGE('',*,*,#1853,.F.);
#2080=CARTESIAN_POINT('',(2.834125794,-2.556064274,11.38001124));
#2081=VERTEX_POINT('',#2080);
#2082=CARTESIAN_POINT('',(2.834125794,-2.860117129,11.38001124));
#2083=DIRECTION('',(0.,1.,0.));
#2084=VECTOR('',#2083,0.304052855);
#2085=LINE('',#2082,#2084);
#2086=EDGE_CURVE('NONE',#1839,#2081,#2085,.T.);
#2087=ORIENTED_EDGE('',*,*,#2086,.T.);
#2088=CARTESIAN_POINT('',(2.834125794,-2.556064274,10.78001124));
#2089=VERTEX_POINT('',#2088);
#2090=CARTESIAN_POINT('',(2.834125794,-2.556064274,11.38001124));
#2091=DIRECTION('',(0.,0.,-1.));
#2092=VECTOR('',#2091,0.6);
#2093=LINE('',#2090,#2092);
#2094=EDGE_CURVE('NONE',#2081,#2089,#2093,.T.);
#2095=ORIENTED_EDGE('',*,*,#2094,.T.);
#2096=CARTESIAN_POINT('',(2.834125794,-2.556064274,10.78001124));
#2097=DIRECTION('',(-0.,-1.,-0.));
#2098=VECTOR('',#2097,0.484541725);
#2099=LINE('',#2096,#2098);
#2100=EDGE_CURVE('NONE',#2089,#1848,#2099,.T.);
#2101=ORIENTED_EDGE('',*,*,#2100,.T.);
#2102=EDGE_LOOP('',(#2079,#2087,#2095,#2101));
#2103=FACE_BOUND('',#2102,.T.);
#2104=ADVANCED_FACE('NONE',(#2103),#2078,.F.);
#2105=CARTESIAN_POINT('',(-0.10290977,1.32135526,10.03001124));
#2106=DIRECTION('',(0.,-1.,0.));
#2107=DIRECTION('',(0.,0.,-1.));
#2108=AXIS2_PLACEMENT_3D('',#2105,#2106,#2107);
#2109=PLANE('',#2108);
#2110=ORIENTED_EDGE('',*,*,#1433,.F.);
#2111=CARTESIAN_POINT('',(3.584125794,1.32135526,11.38001124));
#2112=DIRECTION('',(-0.,-1.,-0.));
#2113=DIRECTION('',(0.,-0.,1.));
#2114=AXIS2_PLACEMENT_3D('',#2111,#2112,#2113);
#2115=CIRCLE('',#2114,0.75);
#2116=EDGE_CURVE('NONE',#1420,#903,#2115,.T.);
#2117=ORIENTED_EDGE('',*,*,#2116,.T.);
#2118=ORIENTED_EDGE('',*,*,#910,.T.);
#2119=CARTESIAN_POINT('',(2.084125794,1.32135526,10.78001124));
#2120=DIRECTION('',(0.,1.,0.));
#2121=DIRECTION('',(0.,-0.,1.));
#2122=AXIS2_PLACEMENT_3D('',#2119,#2120,#2121);
#2123=CIRCLE('',#2122,0.75);
#2124=EDGE_CURVE('NONE',#905,#2027,#2123,.T.);
#2125=ORIENTED_EDGE('',*,*,#2124,.T.);
#2126=ORIENTED_EDGE('',*,*,#2032,.T.);
#2127=CARTESIAN_POINT('',(4.251081472,1.32135526,10.03001124));
#2128=DIRECTION('',(-0.,-0.,1.));
#2129=VECTOR('',#2128,2.1);
#2130=LINE('',#2127,#2129);
#2131=EDGE_CURVE('NONE',#2019,#1428,#2130,.T.);
#2132=ORIENTED_EDGE('',*,*,#2131,.T.);
#2133=EDGE_LOOP('',(#2110,#2117,#2118,#2125,#2126,#2132));
#2134=FACE_BOUND('',#2133,.T.);
#2135=ADVANCED_FACE('NONE',(#2134),#2109,.T.);
#2136=CARTESIAN_POINT('',(-0.10290977,-2.556064274,10.03001124));
#2137=DIRECTION('',(0.,-1.,0.));
#2138=DIRECTION('',(0.,0.,-1.));
#2139=AXIS2_PLACEMENT_3D('',#2136,#2137,#2138);
#2140=PLANE('',#2139);
#2141=ORIENTED_EDGE('',*,*,#2094,.F.);
#2142=CARTESIAN_POINT('',(3.584125794,-2.556064274,11.38001124));
#2143=DIRECTION('',(0.,1.,0.));
#2144=DIRECTION('',(0.,-0.,1.));
#2145=AXIS2_PLACEMENT_3D('',#2142,#2143,#2144);
#2146=CIRCLE('',#2145,0.75);
#2147=EDGE_CURVE('NONE',#2081,#1387,#2146,.T.);
#2148=ORIENTED_EDGE('',*,*,#2147,.T.);
#2149=ORIENTED_EDGE('',*,*,#1394,.T.);
#2150=CARTESIAN_POINT('',(4.251081472,-2.556064274,10.03001124));
#2151=DIRECTION('',(-0.,-0.,1.));
#2152=VECTOR('',#2151,2.1);
#2153=LINE('',#2150,#2152);
#2154=EDGE_CURVE('NONE',#1979,#1389,#2153,.T.);
#2155=ORIENTED_EDGE('',*,*,#2154,.F.);
#2156=ORIENTED_EDGE('',*,*,#1984,.F.);
#2157=CARTESIAN_POINT('',(2.084125794,-2.556064274,10.78001124));
#2158=DIRECTION('',(-0.,-1.,-0.));
#2159=DIRECTION('',(0.,-0.,1.));
#2160=AXIS2_PLACEMENT_3D('',#2157,#2158,#2159);
#2161=CIRCLE('',#2160,0.75);
#2162=EDGE_CURVE('NONE',#1971,#2089,#2161,.T.);
#2163=ORIENTED_EDGE('',*,*,#2162,.T.);
#2164=EDGE_LOOP('',(#2141,#2148,#2149,#2155,#2156,#2163));
#2165=FACE_BOUND('',#2164,.T.);
#2166=ADVANCED_FACE('NONE',(#2165),#2140,.F.);
#2167=CARTESIAN_POINT('',(4.251081472,-0.617354507,10.03001124));
#2168=DIRECTION('',(1.,0.,0.));
#2169=DIRECTION('',(0.,0.,-1.));
#2170=AXIS2_PLACEMENT_3D('',#2167,#2168,#2169);
#2171=PLANE('',#2170);
#2172=ORIENTED_EDGE('',*,*,#1441,.T.);
#2173=ORIENTED_EDGE('',*,*,#2131,.F.);
#2174=ORIENTED_EDGE('',*,*,#2024,.F.);
#2175=CARTESIAN_POINT('',(4.251081472,0.216615616,10.03001124));
#2176=DIRECTION('',(-0.,-0.,1.));
#2177=VECTOR('',#2176,2.1);
#2178=LINE('',#2175,#2177);
#2179=EDGE_CURVE('NONE',#2011,#1436,#2178,.T.);
#2180=ORIENTED_EDGE('',*,*,#2179,.T.);
#2181=EDGE_LOOP('',(#2172,#2173,#2174,#2180));
#2182=FACE_BOUND('',#2181,.T.);
#2183=ADVANCED_FACE('NONE',(#2182),#2171,.F.);
#2184=CARTESIAN_POINT('',(4.251081472,-0.617354507,10.03001124));
#2185=DIRECTION('',(1.,0.,0.));
#2186=DIRECTION('',(0.,0.,-1.));
#2187=AXIS2_PLACEMENT_3D('',#2184,#2185,#2186);
#2188=PLANE('',#2187);
#2189=ORIENTED_EDGE('',*,*,#1471,.T.);
#2190=CARTESIAN_POINT('',(4.251081472,-1.45132463,10.03001124));
#2191=DIRECTION('',(0.,0.,1.));
#2192=VECTOR('',#2191,2.1);
#2193=LINE('',#2190,#2192);
#2194=EDGE_CURVE('NONE',#1987,#1460,#2193,.T.);
#2195=ORIENTED_EDGE('',*,*,#2194,.F.);
#2196=ORIENTED_EDGE('',*,*,#1992,.F.);
#2197=ORIENTED_EDGE('',*,*,#2154,.T.);
#2198=EDGE_LOOP('',(#2189,#2195,#2196,#2197));
#2199=FACE_BOUND('',#2198,.T.);
#2200=ADVANCED_FACE('NONE',(#2199),#2188,.F.);
#2201=CARTESIAN_POINT('',(-0.10290977,-1.45132463,10.03001124));
#2202=DIRECTION('',(0.,1.,0.));
#2203=DIRECTION('',(0.,0.,1.));
#2204=AXIS2_PLACEMENT_3D('',#2201,#2202,#2203);
#2205=PLANE('',#2204);
#2206=ORIENTED_EDGE('',*,*,#1465,.T.);
#2207=CARTESIAN_POINT('',(3.438738205,-1.45132463,10.03001124));
#2208=DIRECTION('',(-0.,-0.,1.));
#2209=VECTOR('',#2208,2.1);
#2210=LINE('',#2207,#2209);
#2211=EDGE_CURVE('NONE',#1995,#1452,#2210,.T.);
#2212=ORIENTED_EDGE('',*,*,#2211,.F.);
#2213=ORIENTED_EDGE('',*,*,#2000,.F.);
#2214=ORIENTED_EDGE('',*,*,#2194,.T.);
#2215=EDGE_LOOP('',(#2206,#2212,#2213,#2214));
#2216=FACE_BOUND('',#2215,.T.);
#2217=ADVANCED_FACE('NONE',(#2216),#2205,.F.);
#2218=CARTESIAN_POINT('',(3.438738205,-0.617354507,10.03001124));
#2219=DIRECTION('',(1.,0.,0.));
#2220=DIRECTION('',(0.,0.,-1.));
#2221=AXIS2_PLACEMENT_3D('',#2218,#2219,#2220);
#2222=PLANE('',#2221);
#2223=ORIENTED_EDGE('',*,*,#1457,.T.);
#2224=CARTESIAN_POINT('',(3.438738205,0.216615616,10.03001124));
#2225=DIRECTION('',(0.,0.,1.));
#2226=VECTOR('',#2225,2.1);
#2227=LINE('',#2224,#2226);
#2228=EDGE_CURVE('NONE',#2003,#1444,#2227,.T.);
#2229=ORIENTED_EDGE('',*,*,#2228,.F.);
#2230=ORIENTED_EDGE('',*,*,#2008,.F.);
#2231=ORIENTED_EDGE('',*,*,#2211,.T.);
#2232=EDGE_LOOP('',(#2223,#2229,#2230,#2231));
#2233=FACE_BOUND('',#2232,.T.);
#2234=ADVANCED_FACE('NONE',(#2233),#2222,.F.);
#2235=OVER_RIDING_STYLED_ITEM('',(#806),#2234,#856);
#2236=CARTESIAN_POINT('',(-0.10290977,0.216615616,10.03001124));
#2237=DIRECTION('',(0.,1.,0.));
#2238=DIRECTION('',(0.,0.,1.));
#2239=AXIS2_PLACEMENT_3D('',#2236,#2237,#2238);
#2240=PLANE('',#2239);
#2241=ORIENTED_EDGE('',*,*,#1449,.F.);
#2242=ORIENTED_EDGE('',*,*,#2179,.F.);
#2243=ORIENTED_EDGE('',*,*,#2016,.T.);
#2244=ORIENTED_EDGE('',*,*,#2228,.T.);
#2245=EDGE_LOOP('',(#2241,#2242,#2243,#2244));
#2246=FACE_BOUND('',#2245,.T.);
#2247=ADVANCED_FACE('NONE',(#2246),#2240,.T.);
#2248=CARTESIAN_POINT('',(-0.10290977,-2.556064274,10.03001124));
#2249=DIRECTION('',(0.,-1.,0.));
#2250=DIRECTION('',(0.,0.,-1.));
#2251=AXIS2_PLACEMENT_3D('',#2248,#2249,#2250);
#2252=PLANE('',#2251);
#2253=ORIENTED_EDGE('',*,*,#998,.T.);
#2254=CARTESIAN_POINT('',(-3.789945334,-2.556064274,11.38001124));
#2255=DIRECTION('',(-0.,1.,-0.));
#2256=DIRECTION('',(0.,0.,-1.));
#2257=AXIS2_PLACEMENT_3D('',#2254,#2255,#2256);
#2258=CIRCLE('',#2257,0.75);
#2259=EDGE_CURVE('NONE',#985,#2051,#2258,.T.);
#2260=ORIENTED_EDGE('',*,*,#2259,.T.);
#2261=ORIENTED_EDGE('',*,*,#2056,.F.);
#2262=CARTESIAN_POINT('',(-2.289945334,-2.556064274,10.78001124));
#2263=DIRECTION('',(0.,-1.,0.));
#2264=DIRECTION('',(0.,0.,-1.));
#2265=AXIS2_PLACEMENT_3D('',#2262,#2263,#2264);
#2266=CIRCLE('',#2265,0.75);
#2267=EDGE_CURVE('NONE',#2049,#1956,#2266,.T.);
#2268=ORIENTED_EDGE('',*,*,#2267,.T.);
#2269=ORIENTED_EDGE('',*,*,#1961,.F.);
#2270=CARTESIAN_POINT('',(-4.456901012,-2.556064274,10.03001124));
#2271=DIRECTION('',(-0.,-0.,1.));
#2272=VECTOR('',#2271,2.1);
#2273=LINE('',#2270,#2272);
#2274=EDGE_CURVE('NONE',#1948,#993,#2273,.T.);
#2275=ORIENTED_EDGE('',*,*,#2274,.T.);
#2276=EDGE_LOOP('',(#2253,#2260,#2261,#2268,#2269,#2275));
#2277=FACE_BOUND('',#2276,.T.);
#2278=ADVANCED_FACE('NONE',(#2277),#2252,.F.);
#2279=CARTESIAN_POINT('',(-0.10290977,1.32135526,10.03001124));
#2280=DIRECTION('',(0.,-1.,0.));
#2281=DIRECTION('',(0.,0.,-1.));
#2282=AXIS2_PLACEMENT_3D('',#2279,#2280,#2281);
#2283=PLANE('',#2282);
#2284=ORIENTED_EDGE('',*,*,#886,.T.);
#2285=CARTESIAN_POINT('',(-3.789945334,1.32135526,11.38001124));
#2286=DIRECTION('',(0.,-1.,0.));
#2287=DIRECTION('',(0.,0.,-1.));
#2288=AXIS2_PLACEMENT_3D('',#2285,#2286,#2287);
#2289=CIRCLE('',#2288,0.75);
#2290=EDGE_CURVE('NONE',#873,#945,#2289,.T.);
#2291=ORIENTED_EDGE('',*,*,#2290,.T.);
#2292=ORIENTED_EDGE('',*,*,#950,.F.);
#2293=CARTESIAN_POINT('',(-4.456901012,1.32135526,10.03001124));
#2294=DIRECTION('',(-0.,-0.,1.));
#2295=VECTOR('',#2294,2.1);
#2296=LINE('',#2293,#2295);
#2297=EDGE_CURVE('NONE',#1908,#943,#2296,.T.);
#2298=ORIENTED_EDGE('',*,*,#2297,.F.);
#2299=ORIENTED_EDGE('',*,*,#1913,.T.);
#2300=CARTESIAN_POINT('',(-2.289945334,1.32135526,10.78001124));
#2301=DIRECTION('',(-0.,1.,-0.));
#2302=DIRECTION('',(0.,0.,-1.));
#2303=AXIS2_PLACEMENT_3D('',#2300,#2301,#2302);
#2304=CIRCLE('',#2303,0.75);
#2305=EDGE_CURVE('NONE',#1900,#881,#2304,.T.);
#2306=ORIENTED_EDGE('',*,*,#2305,.T.);
#2307=EDGE_LOOP('',(#2284,#2291,#2292,#2298,#2299,#2306));
#2308=FACE_BOUND('',#2307,.T.);
#2309=ADVANCED_FACE('NONE',(#2308),#2283,.T.);
#2310=CARTESIAN_POINT('',(-4.456901012,-0.617354507,10.03001124));
#2311=DIRECTION('',(1.,0.,0.));
#2312=DIRECTION('',(0.,0.,-1.));
#2313=AXIS2_PLACEMENT_3D('',#2310,#2311,#2312);
#2314=PLANE('',#2313);
#2315=ORIENTED_EDGE('',*,*,#1006,.F.);
#2316=ORIENTED_EDGE('',*,*,#2274,.F.);
#2317=ORIENTED_EDGE('',*,*,#1953,.T.);
#2318=CARTESIAN_POINT('',(-4.456901012,-1.45132463,10.03001124));
#2319=DIRECTION('',(-0.,-0.,1.));
#2320=VECTOR('',#2319,2.1);
#2321=LINE('',#2318,#2320);
#2322=EDGE_CURVE('NONE',#1940,#1001,#2321,.T.);
#2323=ORIENTED_EDGE('',*,*,#2322,.T.);
#2324=EDGE_LOOP('',(#2315,#2316,#2317,#2323));
#2325=FACE_BOUND('',#2324,.T.);
#2326=ADVANCED_FACE('NONE',(#2325),#2314,.T.);
#2327=CARTESIAN_POINT('',(-0.10290977,-1.45132463,10.03001124));
#2328=DIRECTION('',(0.,-1.,0.));
#2329=DIRECTION('',(0.,0.,-1.));
#2330=AXIS2_PLACEMENT_3D('',#2327,#2328,#2329);
#2331=PLANE('',#2330);
#2332=ORIENTED_EDGE('',*,*,#1014,.F.);
#2333=ORIENTED_EDGE('',*,*,#2322,.F.);
#2334=ORIENTED_EDGE('',*,*,#1945,.T.);
#2335=CARTESIAN_POINT('',(-3.644557746,-1.45132463,10.03001124));
#2336=DIRECTION('',(-0.,-0.,1.));
#2337=VECTOR('',#2336,2.1);
#2338=LINE('',#2335,#2337);
#2339=EDGE_CURVE('NONE',#1932,#1009,#2338,.T.);
#2340=ORIENTED_EDGE('',*,*,#2339,.T.);
#2341=EDGE_LOOP('',(#2332,#2333,#2334,#2340));
#2342=FACE_BOUND('',#2341,.T.);
#2343=ADVANCED_FACE('NONE',(#2342),#2331,.T.);
#2344=CARTESIAN_POINT('',(-3.644557746,-0.617354507,10.03001124));
#2345=DIRECTION('',(1.,0.,0.));
#2346=DIRECTION('',(0.,0.,-1.));
#2347=AXIS2_PLACEMENT_3D('',#2344,#2345,#2346);
#2348=PLANE('',#2347);
#2349=ORIENTED_EDGE('',*,*,#1022,.F.);
#2350=ORIENTED_EDGE('',*,*,#2339,.F.);
#2351=ORIENTED_EDGE('',*,*,#1937,.T.);
#2352=CARTESIAN_POINT('',(-3.644557746,0.216615616,10.03001124));
#2353=DIRECTION('',(-0.,-0.,1.));
#2354=VECTOR('',#2353,2.1);
#2355=LINE('',#2352,#2354);
#2356=EDGE_CURVE('NONE',#1924,#1017,#2355,.T.);
#2357=ORIENTED_EDGE('',*,*,#2356,.T.);
#2358=EDGE_LOOP('',(#2349,#2350,#2351,#2357));
#2359=FACE_BOUND('',#2358,.T.);
#2360=ADVANCED_FACE('NONE',(#2359),#2348,.T.);
#2361=OVER_RIDING_STYLED_ITEM('',(#806),#2360,#856);
#2362=CARTESIAN_POINT('',(-0.10290977,0.216615616,10.03001124));
#2363=DIRECTION('',(0.,-1.,0.));
#2364=DIRECTION('',(0.,0.,-1.));
#2365=AXIS2_PLACEMENT_3D('',#2362,#2363,#2364);
#2366=PLANE('',#2365);
#2367=ORIENTED_EDGE('',*,*,#1030,.T.);
#2368=ORIENTED_EDGE('',*,*,#2356,.F.);
#2369=ORIENTED_EDGE('',*,*,#1929,.F.);
#2370=CARTESIAN_POINT('',(-4.456901012,0.216615616,10.03001124));
#2371=DIRECTION('',(-0.,-0.,1.));
#2372=VECTOR('',#2371,2.1);
#2373=LINE('',#2370,#2372);
#2374=EDGE_CURVE('NONE',#1916,#1025,#2373,.T.);
#2375=ORIENTED_EDGE('',*,*,#2374,.T.);
#2376=EDGE_LOOP('',(#2367,#2368,#2369,#2375));
#2377=FACE_BOUND('',#2376,.T.);
#2378=ADVANCED_FACE('NONE',(#2377),#2366,.F.);
#2379=CARTESIAN_POINT('',(-4.456901012,-0.617354507,10.03001124));
#2380=DIRECTION('',(1.,0.,0.));
#2381=DIRECTION('',(0.,0.,-1.));
#2382=AXIS2_PLACEMENT_3D('',#2379,#2380,#2381);
#2383=PLANE('',#2382);
#2384=ORIENTED_EDGE('',*,*,#1036,.F.);
#2385=ORIENTED_EDGE('',*,*,#2374,.F.);
#2386=ORIENTED_EDGE('',*,*,#1921,.T.);
#2387=ORIENTED_EDGE('',*,*,#2297,.T.);
#2388=EDGE_LOOP('',(#2384,#2385,#2386,#2387));
#2389=FACE_BOUND('',#2388,.T.);
#2390=ADVANCED_FACE('NONE',(#2389),#2383,.T.);
#2391=CARTESIAN_POINT('',(-2.289945334,-0.617354507,10.78001124));
#2392=DIRECTION('',(0.,-1.,0.));
#2393=DIRECTION('',(0.,0.,-1.));
#2394=AXIS2_PLACEMENT_3D('',#2391,#2392,#2393);
#2395=CYLINDRICAL_SURFACE('',#2394,0.75);
#2396=ORIENTED_EDGE('',*,*,#1111,.F.);
#2397=ORIENTED_EDGE('',*,*,#892,.F.);
#2398=ORIENTED_EDGE('',*,*,#2305,.F.);
#2399=ORIENTED_EDGE('',*,*,#1905,.F.);
#2400=ORIENTED_EDGE('',*,*,#1231,.F.);
#2401=EDGE_LOOP('',(#2396,#2397,#2398,#2399,#2400));
#2402=FACE_BOUND('',#2401,.T.);
#2403=ADVANCED_FACE('NONE',(#2402),#2395,.F.);
#2404=CARTESIAN_POINT('',(2.084125794,-0.617354507,10.78001124));
#2405=DIRECTION('',(0.,1.,0.));
#2406=DIRECTION('',(0.,-0.,1.));
#2407=AXIS2_PLACEMENT_3D('',#2404,#2405,#2406);
#2408=CYLINDRICAL_SURFACE('',#2407,0.75);
#2409=ORIENTED_EDGE('',*,*,#2124,.F.);
#2410=ORIENTED_EDGE('',*,*,#932,.F.);
#2411=ORIENTED_EDGE('',*,*,#1888,.F.);
#2412=ORIENTED_EDGE('',*,*,#1248,.F.);
#2413=ORIENTED_EDGE('',*,*,#2038,.F.);
#2414=EDGE_LOOP('',(#2409,#2410,#2411,#2412,#2413));
#2415=FACE_BOUND('',#2414,.T.);
#2416=ADVANCED_FACE('NONE',(#2415),#2408,.F.);
#2417=CARTESIAN_POINT('',(2.084125794,-0.617354507,10.78001124));
#2418=DIRECTION('',(0.,1.,0.));
#2419=DIRECTION('',(0.,-0.,1.));
#2420=AXIS2_PLACEMENT_3D('',#2417,#2418,#2419);
#2421=CYLINDRICAL_SURFACE('',#2420,0.75);
#2422=ORIENTED_EDGE('',*,*,#1860,.F.);
#2423=ORIENTED_EDGE('',*,*,#2100,.F.);
#2424=ORIENTED_EDGE('',*,*,#2162,.F.);
#2425=ORIENTED_EDGE('',*,*,#1976,.F.);
#2426=ORIENTED_EDGE('',*,*,#1376,.F.);
#2427=EDGE_LOOP('',(#2422,#2423,#2424,#2425,#2426));
#2428=FACE_BOUND('',#2427,.T.);
#2429=ADVANCED_FACE('NONE',(#2428),#2421,.F.);
#2430=CARTESIAN_POINT('',(-2.289945334,-0.617354507,10.78001124));
#2431=DIRECTION('',(0.,-1.,0.));
#2432=DIRECTION('',(0.,0.,-1.));
#2433=AXIS2_PLACEMENT_3D('',#2430,#2431,#2432);
#2434=CYLINDRICAL_SURFACE('',#2433,0.75);
#2435=ORIENTED_EDGE('',*,*,#2267,.F.);
#2436=ORIENTED_EDGE('',*,*,#2069,.F.);
#2437=ORIENTED_EDGE('',*,*,#1085,.F.);
#2438=ORIENTED_EDGE('',*,*,#1352,.F.);
#2439=ORIENTED_EDGE('',*,*,#1967,.F.);
#2440=EDGE_LOOP('',(#2435,#2436,#2437,#2438,#2439));
#2441=FACE_BOUND('',#2440,.T.);
#2442=ADVANCED_FACE('NONE',(#2441),#2434,.F.);
#2443=CARTESIAN_POINT('',(3.584125794,-3.532745862,11.38001124));
#2444=DIRECTION('',(0.,1.,0.));
#2445=DIRECTION('',(0.,-0.,1.));
#2446=AXIS2_PLACEMENT_3D('',#2443,#2444,#2445);
#2447=CYLINDRICAL_SURFACE('',#2446,0.75);
#2448=ORIENTED_EDGE('',*,*,#1845,.F.);
#2449=ORIENTED_EDGE('',*,*,#1402,.F.);
#2450=ORIENTED_EDGE('',*,*,#2147,.F.);
#2451=ORIENTED_EDGE('',*,*,#2086,.F.);
#2452=EDGE_LOOP('',(#2448,#2449,#2450,#2451));
#2453=FACE_BOUND('',#2452,.T.);
#2454=ADVANCED_FACE('NONE',(#2453),#2447,.T.);
#2455=CARTESIAN_POINT('',(3.584125794,-3.532745862,11.38001124));
#2456=DIRECTION('',(0.,1.,0.));
#2457=DIRECTION('',(0.,-0.,1.));
#2458=AXIS2_PLACEMENT_3D('',#2455,#2456,#2457);
#2459=CYLINDRICAL_SURFACE('',#2458,0.75);
#2460=ORIENTED_EDGE('',*,*,#2116,.F.);
#2461=ORIENTED_EDGE('',*,*,#1425,.F.);
#2462=ORIENTED_EDGE('',*,*,#1878,.F.);
#2463=ORIENTED_EDGE('',*,*,#918,.F.);
#2464=EDGE_LOOP('',(#2460,#2461,#2462,#2463));
#2465=FACE_BOUND('',#2464,.T.);
#2466=ADVANCED_FACE('NONE',(#2465),#2459,.T.);
#2467=CARTESIAN_POINT('',(-3.789945334,-3.532745862,11.38001124));
#2468=DIRECTION('',(0.,-1.,0.));
#2469=DIRECTION('',(0.,0.,-1.));
#2470=AXIS2_PLACEMENT_3D('',#2467,#2468,#2469);
#2471=CYLINDRICAL_SURFACE('',#2470,0.75);
#2472=ORIENTED_EDGE('',*,*,#1101,.F.);
#2473=ORIENTED_EDGE('',*,*,#958,.F.);
#2474=ORIENTED_EDGE('',*,*,#2290,.F.);
#2475=ORIENTED_EDGE('',*,*,#878,.F.);
#2476=EDGE_LOOP('',(#2472,#2473,#2474,#2475));
#2477=FACE_BOUND('',#2476,.T.);
#2478=ADVANCED_FACE('NONE',(#2477),#2471,.T.);
#2479=CARTESIAN_POINT('',(-3.789945334,-3.532745862,11.38001124));
#2480=DIRECTION('',(0.,-1.,0.));
#2481=DIRECTION('',(0.,0.,-1.));
#2482=AXIS2_PLACEMENT_3D('',#2479,#2480,#2481);
#2483=CYLINDRICAL_SURFACE('',#2482,0.75);
#2484=ORIENTED_EDGE('',*,*,#2259,.F.);
#2485=ORIENTED_EDGE('',*,*,#990,.F.);
#2486=ORIENTED_EDGE('',*,*,#1061,.F.);
#2487=ORIENTED_EDGE('',*,*,#2062,.F.);
#2488=EDGE_LOOP('',(#2484,#2485,#2486,#2487));
#2489=FACE_BOUND('',#2488,.T.);
#2490=ADVANCED_FACE('NONE',(#2489),#2483,.T.);
#2491=CLOSED_SHELL('',(#896,#936,#1040,#1089,#1129,#1217,#1273,#1331,#1380,#1475,#1533,#1564,#1598,#1632,#1650,#1668,#1681,#1713,#1747,#1781,#1799,#1817,#1830,#1866,#1892,#2042,
#2073,#2104,#2135,#2166,#2183,#2200,#2217,#2234,#2247,#2278,#2309,#2326,#2343,#2360,#2378,#2390,#2403,#2416,#2429,#2442,#2454,#2466,#2478,#2490));
#2492=MANIFOLD_SOLID_BREP('Cong\S\i2',#2491);
#856=STYLED_ITEM('',(#129),#2492);
#837=SHAPE_REPRESENTATION('FusePart',(#15),#835);
#838=ADVANCED_BREP_SHAPE_REPRESENTATION('FusePart',(#2492),#835);
#2500=SHAPE_REPRESENTATION_RELATIONSHIP('','',#837,#838);
#2501=CARTESIAN_POINT('',(0.,0.,0.));
#2502=DIRECTION('',(0.,0.,1.));
#2503=DIRECTION('',(1.,0.,0.));
#2504=AXIS2_PLACEMENT_3D('',#2501,#2502,#2503);
#2506=MAPPED_ITEM('',#2505,#2504);
#2505=REPRESENTATION_MAP(#2504,#837);
#845=PRODUCT('FusePart','FusePart','',(#823));
#2507=PRODUCT_RELATED_PRODUCT_CATEGORY('part','',(#845));
#2508=PRODUCT_DEFINITION_FORMATION_WITH_SPECIFIED_SOURCE('','',#845,.NOT_KNOWN.);
#846=PRODUCT_DEFINITION('design','',#2508,#824);
#844=PRODUCT_DEFINITION_SHAPE('','',#846);
#2509=SHAPE_DEFINITION_REPRESENTATION(#844,#837);
#836=DRAUGHTING_MODEL('',(#2506),#835);
#35=SHAPE_REPRESENTATION('fuseasm.STEP',(#15,#76,#850),#33);
#2510=CARTESIAN_POINT('',(0.,0.,0.));
#2511=DIRECTION('',(0.,0.,1.));
#2512=DIRECTION('',(1.,0.,0.));
#2513=AXIS2_PLACEMENT_3D('',#2510,#2511,#2512);
#2515=MAPPED_ITEM('',#2514,#2513);
#2514=REPRESENTATION_MAP(#2513,#35);
#43=PRODUCT('fuseasm.STEP','fuseasm.STEP','',(#823));
#2516=PRODUCT_RELATED_PRODUCT_CATEGORY('part','',(#43));
#2517=PRODUCT_DEFINITION_FORMATION_WITH_SPECIFIED_SOURCE('','',#43,.NOT_KNOWN.);
#44=PRODUCT_DEFINITION('design','',#2517,#824);
#42=PRODUCT_DEFINITION_SHAPE('','',#44);
#2518=SHAPE_DEFINITION_REPRESENTATION(#42,#35);
#34=DRAUGHTING_MODEL('',(#2515),#33);
#16=SHAPE_REPRESENTATION('root',(#15,#48),#10);
#2519=CARTESIAN_POINT('',(0.,0.,0.));
#2520=DIRECTION('',(0.,0.,1.));
#2521=DIRECTION('',(1.,0.,0.));
#2522=AXIS2_PLACEMENT_3D('',#2519,#2520,#2521);
#2524=MAPPED_ITEM('',#2523,#2522);
#2523=REPRESENTATION_MAP(#2522,#16);
#24=PRODUCT('root','root','',(#823));
#2525=PRODUCT_RELATED_PRODUCT_CATEGORY('part','',(#24));
#2526=PRODUCT_DEFINITION_FORMATION_WITH_SPECIFIED_SOURCE('','',#24,.NOT_KNOWN.);
#25=PRODUCT_DEFINITION('design','',#2526,#824);
#23=PRODUCT_DEFINITION_SHAPE('','',#25);
#2527=SHAPE_DEFINITION_REPRESENTATION(#23,#16);
#11=DRAUGHTING_MODEL('',(#2524),#10);
#2528=DESCRIPTIVE_REPRESENTATION_ITEM('KEY','C:\\Users\\datzi\\AppData\\Local\\Packages\\Shapr3D.Shapr3D_j403pzjkqtqbj\\TempState\\af5e1eae-291e-41d0-be22-d2bd93d79e1c.tmp');
#2529=PROPERTY_DEFINITION('KEY','',#25);
#2530=REPRESENTATION('',(#2528),#10);
#2531=PROPERTY_DEFINITION_REPRESENTATION(#2529,#2530);
#2532=GENERAL_PROPERTY('','KEY','');
#2533=GENERAL_PROPERTY_ASSOCIATION('','',#2532,#2529);
#1=MECHANICAL_DESIGN_GEOMETRIC_PRESENTATION_REPRESENTATION('',(#130,#171,#568,#581,#82,#1565,#1599,#1633,#1651,#1669,#1682,#1714,#1748,#1782,#1800,#1818,#1831,#2235,#2361,#856),#10);
ENDSEC;
END-ISO-10303-21;
